rank,ID,Model,ModelParameters,TransformationParameters,Ensemble,Runs,smape,mae,rmse,made,mage,custom,underestimate,mle,overestimate,imle,spl,containment,contour,maxe,oda,dwae,mqae,ewmae,uwmse,smoothness,mate,wasserstein,dwd,matse,smape_weighted,mae_weighted,rmse_weighted,made_weighted,mage_weighted,custom_weighted,mle_weighted,imle_weighted,spl_weighted,maxe_weighted,oda_weighted,dwae_weighted,mqae_weighted,ewmae_weighted,uwmse_weighted,smoothness_weighted,mate_weighted,wasserstein_weighted,dwd_weighted,matse_weighted,containment_weighted,contour_weighted,TotalRuntimeSeconds,Score,lowest_series_mape,lowest_series_mape_name,highest_series_mape,highest_series_mape_name
0,61316e9257837855abb2a0b25b3fe461,WindowRegression,"{""window_size"": 7, ""input_dim"": ""univariate"", ""output_dim"": ""forecast_length"", ""normalize_window"": true, ""max_windows"": 5000, ""fourier_encoding_components"": null, ""scale"": true, ""datepart_method"": null, ""regression_type"": null, ""regression_model"": {""model"": ""BayesianRidge"", ""model_params"": {}}}","{""fillna"": ""nearest"", ""transformations"": {""0"": ""Scaler"", ""1"": ""Scaler"", ""2"": ""DifferencedTransformer""}, ""transformation_params"": {""0"": {}, ""1"": {}, ""2"": {""lag"": 1, ""fill"": ""bfill""}}}",0,3,84.81953864733543,1.312444732583007e+71,1.0166153182498831e+72,1.721757793944925e+71,1.312444732583007e+71,0.0,-430.7771983353317,6.57916131140846,2.3624005186494125e+73,1.312444732583007e+71,1.721757793652879e+71,0.6055555555555555,0.5222222222222223,2.36240051824869e+73,0.7833333333333333,1.1643999174588222e+72,2.6709330870054426,1.312444732566291e+72,3.660733353000902e+145,64.32662185621334,7.874668395498042e+72,1.7217577942369895e+71,1.7217577948210778e+71,2.1636483220486757e+70,84.81953864733543,1.312444732583007e+71,1.0166153182498831e+72,1.721757793944925e+71,1.312444732583007e+71,0.0,6.57916131140846,1.312444732583007e+71,1.721757793652879e+71,2.36240051824869e+73,0.7833333333333333,1.1643999174588222e+72,2.6709330870054426,1.312444732566291e+72,3.660733353000902e+145,64.32662185621334,7.874668395498042e+72,1.7217577942369895e+71,1.7217577948210778e+71,2.1636483220486757e+70,0.6055555555555555,0.5222222222222223,0.20983333333333332,6.433850700267493e+72,5.892563179949316e+72,Wh,5.892563179949316e+72,Wh
1,9c7b4b034707f621fa642dc58c214080,ARIMA,"{""p"": 4, ""d"": 1, ""q"": 1, ""regression_type"": null}","{""fillna"": ""ffill"", ""transformations"": {""0"": ""DifferencedTransformer"", ""1"": ""DifferencedTransformer"", ""2"": ""DifferencedTransformer"", ""3"": ""DifferencedTransformer"", ""4"": ""Scaler""}, ""transformation_params"": {""0"": {""lag"": 1, ""fill"": ""bfill""}, ""1"": {""lag"": 1, ""fill"": ""bfill""}, ""2"": {""lag"": 1, ""fill"": ""bfill""}, ""3"": {""lag"": 1, ""fill"": ""zero""}, ""4"": {}}}",0,1,191.68483295300786,5.238294486621471,5.358285476798396,1.176766590107005,5.238294486621471,0.0,-314.29766919728826,5.238294486621471,0.0,1.8031937103858178,240073.66505797132,1.0,0.55,6.628880023956299,0.8,4.985658912516869,5.012068211353821,20.346568094563075,64.746678549318,0.08980953539887998,314.29766919728826,318.34632963706855,19.598828334423022,0.957665621951176,191.68483295300786,5.238294486621471,5.358285476798396,1.176766590107005,5.238294486621471,0.0,5.238294486621471,1.8031937103858178,240073.66505797132,6.628880023956299,0.8,4.985658912516869,5.012068211353821,20.346568094563075,64.746678549318,0.08980953539887998,314.29766919728826,318.34632963706855,19.598828334423022,0.957665621951176,1.0,0.55,0.2996,2383056.947284008,78.3956343742522,Wh,78.3956343742522,Wh
2,bb6774f105ae9f33845e403595eab0d9,RollingRegression,"{""regression_model"": {""model"": ""BayesianRidge"", ""model_params"": {}}, ""holiday"": false, ""mean_rolling_periods"": 12, ""macd_periods"": 17, ""std_rolling_periods"": null, ""max_rolling_periods"": null, ""min_rolling_periods"": null, ""ewm_var_alpha"": null, ""quantile90_rolling_periods"": null, ""quantile10_rolling_periods"": null, ""ewm_alpha"": 0.2, ""additional_lag_periods"": 6, ""abs_energy"": false, ""rolling_autocorr_periods"": null, ""nonzero_last_n"": null, ""add_date_part"": null, ""polynomial_degree"": null, ""x_transform"": null, ""regression_type"": null}","{""fillna"": ""ffill"", ""transformations"": {""0"": ""Scaler"", ""1"": ""DifferencedTransformer"", ""2"": ""DifferencedTransformer"", ""3"": ""DifferencedTransformer"", ""4"": ""Scaler"", ""5"": ""DifferencedTransformer""}, ""transformation_params"": {""0"": {}, ""1"": {""lag"": 1, ""fill"": ""zero""}, ""2"": {""lag"": 1, ""fill"": ""bfill""}, ""3"": {""lag"": 7, ""fill"": ""bfill""}, ""4"": {}, ""5"": {""lag"": 1, ""fill"": ""bfill""}}}",0,1,181.80816341265626,4902.9126610961575,7681.103342329365,694.2263828673246,4902.9126610961575,0.0,0.0,7.007368788375942,294174.75966576947,4902.9126610961575,201372.03743694338,1.0,0.45,20982.580199890926,0.2,10817.996010445373,2835.4282365408703,34146.69046748713,233655881.88875997,3.067273019316141,294174.75966576947,114814.7141029376,9701.467473585471,896.3510766629876,181.80816341265626,4902.9126610961575,7681.103342329365,694.2263828673246,4902.9126610961575,0.0,7.007368788375942,4902.9126610961575,201372.03743694338,20982.580199890926,0.2,10817.996010445373,2835.4282365408703,34146.69046748713,233655881.88875997,3.067273019316141,294174.75966576947,114814.7141029376,9701.467473585471,896.3510766629876,1.0,0.45,0.3711,2056358.2836186783,73376.35356886749,Wh,73376.35356886749,Wh
3,b0dd345486f71a83f5090bc0112619c3,RollingRegression,"{""regression_model"": {""model"": ""RANSAC"", ""model_params"": {}}, ""holiday"": true, ""mean_rolling_periods"": 5, ""macd_periods"": 96, ""std_rolling_periods"": 7, ""max_rolling_periods"": null, ""min_rolling_periods"": null, ""ewm_var_alpha"": null, ""quantile90_rolling_periods"": null, ""quantile10_rolling_periods"": null, ""ewm_alpha"": null, ""additional_lag_periods"": 27, ""abs_energy"": false, ""rolling_autocorr_periods"": null, ""nonzero_last_n"": null, ""add_date_part"": null, ""polynomial_degree"": null, ""x_transform"": null, ""regression_type"": null}","{""fillna"": ""ffill"", ""transformations"": {""0"": ""DifferencedTransformer"", ""1"": ""Scaler"", ""2"": ""DifferencedTransformer"", ""3"": ""DifferencedTransformer"", ""4"": ""Scaler"", ""5"": ""DifferencedTransformer""}, ""transformation_params"": {""0"": {""lag"": 1, ""fill"": ""zero""}, ""1"": {}, ""2"": {""lag"": 1, ""fill"": ""bfill""}, ""3"": {""lag"": 1, ""fill"": ""zero""}, ""4"": {}, ""5"": {""lag"": 7, ""fill"": ""zero""}}}",0,1,195.22360230805634,42.39129217688424,287.69884259300693,75.02307964016691,42.39129217688424,0.0,-315.3609170051791,5.384504627562576,2228.1166136078755,38.939733118257415,200694.77174178656,1.0,0.5666666666666667,2228.1166136078755,0.7833333333333333,405.3143764585941,5.159951694518869,390.9122739942116,1478352.8343170623,3.661635386141963,1912.7556966026964,383.58669966878637,92.12498219005538,5.828170404527711,195.22360230805634,42.39129217688424,287.69884259300693,75.02307964016691,42.39129217688424,0.0,5.384504627562576,38.939733118257415,200694.77174178656,2228.1166136078755,0.7833333333333333,405.3143764585941,5.159951694518869,390.9122739942116,1478352.8343170623,3.661635386141963,1912.7556966026964,383.58669966878637,92.12498219005538,5.828170404527711,1.0,0.5666666666666667,7.3693,1993522.6233919943,634.4225683834225,Wh,634.4225683834225,Wh
4,0ef9f8aa021e7b638cdfe664beaf1a3a,ARIMA,"{""p"": 4, ""d"": 0, ""q"": 5, ""regression_type"": null}","{""fillna"": ""ffill_mean_biased"", ""transformations"": {""0"": ""DifferencedTransformer"", ""1"": ""Scaler"", ""2"": ""DifferencedTransformer"", ""3"": ""Scaler"", ""4"": ""DifferencedTransformer"", ""5"": ""DifferencedTransformer""}, ""transformation_params"": {""0"": {""lag"": 1, ""fill"": ""bfill""}, ""1"": {}, ""2"": {""lag"": 7, ""fill"": ""bfill""}, ""3"": {}, ""4"": {""lag"": 1, ""fill"": ""zero""}, ""5"": {""lag"": 1, ""fill"": ""zero""}}}",0,1,159.65157421013313,228.69972827981573,326.0169118333595,26.321942894418406,228.69972827981573,0.0,0.0,4.5558317740790555,13721.983696788944,228.69972827981573,174067.30084012408,1.0,0.45,795.0560811011621,0.2,458.63157798433866,151.7885400681541,1491.1865119208487,378308.150841303,0.4729280219730048,13721.983696788944,6352.079869704022,422.45057617561156,41.810911563395905,159.65157421013313,228.69972827981573,326.0169118333595,26.321942894418406,228.69972827981573,0.0,4.5558317740790555,228.69972827981573,174067.30084012408,795.0560811011621,0.2,458.63157798433866,151.7885400681541,1491.1865119208487,378308.150841303,0.4729280219730048,13721.983696788944,6352.079869704022,422.45057617561156,41.810911563395905,1.0,0.45,2.1607,1730396.1719404138,3422.6904053420108,Wh,3422.6904053420108,Wh
5,fbdc315eb0bebcd0f8b03f6cfc69b2af,ARIMA,"{""p"": 5, ""d"": 0, ""q"": 1, ""regression_type"": null}","{""fillna"": ""mean"", ""transformations"": {""0"": ""DifferencedTransformer"", ""1"": ""DifferencedTransformer"", ""2"": ""DifferencedTransformer"", ""3"": ""DifferencedTransformer"", ""4"": ""Scaler""}, ""transformation_params"": {""0"": {""lag"": 7, ""fill"": ""bfill""}, ""1"": {""lag"": 1, ""fill"": ""bfill""}, ""2"": {""lag"": 1, ""fill"": ""bfill""}, ""3"": {""lag"": 7, ""fill"": ""bfill""}, ""4"": {}}}",0,1,189.1266924971065,7.448802839943871,9.923849655729876,3.2933891280810657,7.448802839943871,0.0,-283.5875220799646,5.088577178671274,163.3406483166677,4.347251800253548,174062.06663095637,0.9666666666666667,0.5666666666666667,33.74840014780219,0.75,10.476638743554735,5.301468859513992,22.720690896548643,1522.1391302760064,0.6209511990384002,120.24687376329688,148.82164106946118,110.37919858842277,0.36639246305682055,189.1266924971065,7.448802839943871,9.923849655729876,3.2933891280810657,7.448802839943871,0.0,5.088577178671274,4.347251800253548,174062.06663095637,33.74840014780219,0.75,10.476638743554735,5.301468859513992,22.720690896548643,1522.1391302760064,0.6209511990384002,120.24687376329688,148.82164106946118,110.37919858842277,0.36639246305682055,0.9666666666666667,0.5666666666666667,0.313,1727884.344079694,111.47781505173874,Wh,111.47781505173874,Wh
6,cb429da4529f016d7189d36cede45e9c,DatepartRegression,"{""regression_model"": {""model"": ""RadiusNeighbors"", ""model_params"": {""radius"": 2.0, ""weights"": ""uniform"", ""algorithm"": ""auto"", ""leaf_size"": 10, ""p"": 2, ""metric"": ""minkowski""}}, ""datepart_method"": [168, ""hour""], ""polynomial_degree"": null, ""holiday_countries_used"": false, ""lags"": null, ""forward_lags"": null, ""regression_type"": null}","{""fillna"": ""pchip"", ""transformations"": {""0"": ""DifferencedTransformer"", ""1"": ""DifferencedTransformer"", ""2"": ""DifferencedTransformer"", ""3"": ""DifferencedTransformer""}, ""transformation_params"": {""0"": {""lag"": 1, ""fill"": ""bfill""}, ""1"": {""lag"": 2, ""fill"": ""zero""}, ""2"": {""lag"": 1, ""fill"": ""bfill""}, ""3"": {""lag"": 1, ""fill"": ""bfill""}}}",0,1,193.46591964859343,5.289291734620929,5.3899031661088355,1.176766590107005,5.289291734620929,0.0,-317.3575040772557,5.289291734620929,0.0,1.8180611876257105,163093.55945460475,1.0,0.55,6.628880023956299,0.8,4.995419658200403,5.072064973706124,20.40083840677303,65.72408969287312,0.11001730627293718,317.3575040772557,324.26015306353827,19.695639860266063,0.9669889449044639,193.46591964859343,5.289291734620929,5.3899031661088355,1.176766590107005,5.289291734620929,0.0,5.289291734620929,1.8180611876257105,163093.55945460475,6.628880023956299,0.8,4.995419658200403,5.072064973706124,20.40083840677303,65.72408969287312,0.11001730627293718,317.3575040772557,324.26015306353827,19.695639860266063,0.9669889449044639,1.0,0.55,0.1132,1618991.8165259848,79.15885255881004,Wh,79.15885255881004,Wh
7,b6787e256d469af08b0a201b9c1c1ce4,Theta,"{""deseasonalize"": true, ""difference"": false, ""use_test"": true, ""method"": ""auto"", ""period"": null, ""theta"": 1.4, ""use_mle"": false}","{""fillna"": ""rolling_mean_24"", ""transformations"": {""0"": ""Scaler"", ""1"": ""DifferencedTransformer"", ""2"": ""Scaler"", ""3"": ""DifferencedTransformer"", ""4"": ""DifferencedTransformer""}, ""transformation_params"": {""0"": {}, ""1"": {""lag"": 1, ""fill"": ""bfill""}, ""2"": {}, ""3"": {""lag"": 1, ""fill"": ""zero""}, ""4"": {""lag"": 1, ""fill"": ""bfill""}}}",0,1,192.38004560548228,5.268210155367233,5.368167087791613,1.176766590107005,5.268210155367233,0.0,-316.092609322034,5.268210155367233,0.0,1.8164856915571501,49638.21458434684,1.0,0.55,6.628880023956299,0.8,4.991652189408515,5.047263115760599,20.377586556410147,65.78254718578248,0.06163536602918638,316.092609322034,321.8552681237218,19.653789749256834,0.9631348080743818,192.38004560548228,5.268210155367233,5.368167087791613,1.176766590107005,5.268210155367233,0.0,5.268210155367233,1.8164856915571501,49638.21458434684,6.628880023956299,0.8,4.991652189408515,5.047263115760599,20.377586556410147,65.78254718578248,0.06163536602918638,316.092609322034,321.8552681237218,19.653789749256834,0.9631348080743818,1.0,0.55,0.1699,492888.3249082046,78.84334838403988,Wh,78.84334838403988,Wh
8,98d2a7c25523f3451e26e13fdea9261b,Theta,"{""deseasonalize"": false, ""difference"": false, ""use_test"": true, ""method"": ""auto"", ""period"": null, ""theta"": 3.0, ""use_mle"": false}","{""fillna"": ""ffill_mean_biased"", ""transformations"": {""0"": ""DifferencedTransformer"", ""1"": ""DifferencedTransformer"", ""2"": ""Scaler"", ""3"": ""Scaler"", ""4"": ""Scaler"", ""5"": ""DifferencedTransformer""}, ""transformation_params"": {""0"": {""lag"": 7, ""fill"": ""bfill""}, ""1"": {""lag"": 1, ""fill"": ""zero""}, ""2"": {}, ""3"": {}, ""4"": {}, ""5"": {""lag"": 1, ""fill"": ""bfill""}}}",0,1,184.0895741025819,308.22744576209635,399.2618430120825,29.462780603160944,308.22744576209635,0.0,0.0,5.312369433792358,18493.646745725782,308.22744576209635,39095.501947472636,0.9666666666666667,0.45,890.4950491283217,0.2,559.5851874054183,227.17088016607136,1859.8470382388734,527761.4959676211,0.7484739944149353,18493.646745725782,10305.031607697747,580.3250771744118,56.35017834565485,184.0895741025819,308.22744576209635,399.2618430120825,29.462780603160944,308.22744576209635,0.0,5.312369433792358,308.22744576209635,39095.501947472636,890.4950491283217,0.2,559.5851874054183,227.17088016607136,1859.8470382388734,527761.4959676211,0.7484739944149353,18493.646745725782,10305.031607697747,580.3250771744118,56.35017834565485,0.9666666666666667,0.45,0.1674,391500.29104060377,4612.891887576895,Wh,4612.891887576895,Wh
9,9a5281c901d1ba58f31e235427ed571d,Theta,"{""deseasonalize"": true, ""difference"": false, ""use_test"": true, ""method"": ""auto"", ""period"": null, ""theta"": 4.0, ""use_mle"": false}","{""fillna"": ""ffill"", ""transformations"": {""0"": ""DifferencedTransformer"", ""1"": ""DifferencedTransformer"", ""2"": ""DifferencedTransformer"", ""3"": ""Scaler"", ""4"": ""Scaler""}, ""transformation_params"": {""0"": {""lag"": 7, ""fill"": ""bfill""}, ""1"": {""lag"": 2, ""fill"": ""bfill""}, ""2"": {""lag"": 1, ""fill"": ""bfill""}, ""3"": {}, ""4"": {}}}",0,1,186.2665678510746,249.25414215417032,279.74372953087965,14.79197050911505,249.25414215417032,0.0,0.0,5.31568598170171,14955.248529250219,249.25414215417032,33611.9763798647,0.9666666666666667,0.4166666666666667,395.1810536794736,0.2,385.4646902719904,224.13403682338588,1255.4374733124566,188022.24623726076,0.7322246871697552,14955.248529250219,10905.75525996334,476.46990740948644,45.56867195603877,186.2665678510746,249.25414215417032,279.74372953087965,14.79197050911505,249.25414215417032,0.0,5.31568598170171,249.25414215417032,33611.9763798647,395.1810536794736,0.2,385.4646902719904,224.13403682338588,1255.4374733124566,188022.24623726076,0.7322246871697552,14955.248529250219,10905.75525996334,476.46990740948644,45.56867195603877,0.9666666666666667,0.4166666666666667,0.1733,336294.8696745519,3730.305091569826,Wh,3730.305091569826,Wh
10,19bbfdfb4a412e716f84cc58da11e2b4,SeasonalNaive,"{""method"": ""median"", ""lag_1"": 84, ""lag_2"": 7}","{""fillna"": ""ffill_mean_biased"", ""transformations"": {""0"": ""DifferencedTransformer"", ""1"": ""DifferencedTransformer"", ""2"": ""DifferencedTransformer"", ""3"": ""Scaler""}, ""transformation_params"": {""0"": {""lag"": 1, ""fill"": ""bfill""}, ""1"": {""lag"": 1, ""fill"": ""bfill""}, ""2"": {""lag"": 1, ""fill"": ""bfill""}, ""3"": {}}}",0,1,156.8738413012394,247.6015225023031,360.63773502350574,29.387604805361377,247.6015225023031,0.0,0.0,4.529327022987881,14856.091350138187,247.6015225023031,11049.400081225953,1.0,0.45,886.5683432817459,0.2,507.5719414644177,159.96977114560556,1640.451697982766,466232.88678211765,0.5349435552207372,14856.091350138187,6599.3278419782255,459.97348548735044,45.266539834449155,156.8738413012394,247.6015225023031,360.63773502350574,29.387604805361377,247.6015225023031,0.0,4.529327022987881,247.6015225023031,11049.400081225953,886.5683432817459,0.2,507.5719414644177,159.96977114560556,1640.451697982766,466232.88678211765,0.5349435552207372,14856.091350138187,6599.3278419782255,459.97348548735044,45.266539834449155,1.0,0.45,0.1126,112597.4046476159,3705.57220067979,Wh,3705.57220067979,Wh
11,472495ee199fdbc394e190332b435377,SeasonalNaive,"{""method"": ""lastvalue"", ""lag_1"": 12, ""lag_2"": 24}","{""fillna"": ""cubic"", ""transformations"": {""0"": ""DifferencedTransformer"", ""1"": ""DifferencedTransformer"", ""2"": ""DifferencedTransformer""}, ""transformation_params"": {""0"": {""lag"": 1, ""fill"": ""bfill""}, ""1"": {""lag"": 1, ""fill"": ""bfill""}, ""2"": {""lag"": 1, ""fill"": ""bfill""}}}",0,1,176.4352925622448,4.873458627859751,5.1117289386922184,1.2286323939800587,4.873458627859751,0.0,-285.53771781921387,4.832656719580314,6.869799852371216,1.7537350234613698,10970.291565039717,1.0,0.5333333333333333,6.628880023956299,0.7833333333333333,4.706069508786597,4.585709950503181,19.907248436743448,60.753065833639674,0.09135951746179702,278.66791796684265,254.30848325686756,15.708376085739275,0.8491016992239858,176.4352925622448,4.873458627859751,5.1117289386922184,1.2286323939800587,4.873458627859751,0.0,4.832656719580314,1.7537350234613698,10970.291565039717,6.628880023956299,0.7833333333333333,4.706069508786597,4.585709950503181,19.907248436743448,60.753065833639674,0.09135951746179702,278.66791796684265,254.30848325686756,15.708376085739275,0.8491016992239858,1.0,0.5333333333333333,0.2718,109073.10167188746,72.93554833610601,Wh,72.93554833610601,Wh
12,513b2ba40a7e7afb25b5a64ad3e63abb,DatepartRegression,"{""regression_model"": {""model"": ""ElasticNet"", ""model_params"": {""l1_ratio"": 0.5, ""fit_intercept"": true, ""selection"": ""random"", ""max_iter"": 2000}}, ""datepart_method"": ""recurring"", ""polynomial_degree"": null, ""holiday_countries_used"": true, ""lags"": null, ""forward_lags"": null, ""regression_type"": null}","{""fillna"": ""rolling_mean"", ""transformations"": {""0"": ""DifferencedTransformer"", ""1"": ""DifferencedTransformer"", ""2"": ""DifferencedTransformer"", ""3"": ""Scaler""}, ""transformation_params"": {""0"": {""lag"": 1, ""fill"": ""bfill""}, ""1"": {""lag"": 1, ""fill"": ""bfill""}, ""2"": {""lag"": 1, ""fill"": ""zero""}, ""3"": {}}}",0,1,192.36830280148382,5.267829050088767,5.367950116410566,1.176766590107005,5.267829050088767,0.0,-316.069743005326,5.267829050088767,0.0,1.8163841445330322,10939.176779570955,1.0,0.55,6.628880023956299,0.8,4.991572807862967,5.0468147566094625,20.37718075966424,65.77491028725603,0.0621459598281021,316.069743005326,321.81108655151854,19.653033197861042,0.963065134361981,192.36830280148382,5.267829050088767,5.367950116410566,1.176766590107005,5.267829050088767,0.0,5.267829050088767,1.8163841445330322,10939.176779570955,6.628880023956299,0.8,4.991572807862967,5.0468147566094625,20.37718075966424,65.77491028725603,0.0621459598281021,316.069743005326,321.81108655151854,19.653033197861042,0.963065134361981,1.0,0.55,0.3464,108780.53790175024,78.83764481198126,Wh,78.83764481198126,Wh
13,301417dc76167885f8cad2a10a04ea52,RollingRegression,"{""regression_model"": {""model"": ""ElasticNet"", ""model_params"": {""l1_ratio"": 0.1, ""fit_intercept"": true, ""selection"": ""cyclic"", ""max_iter"": 1000}}, ""holiday"": false, ""mean_rolling_periods"": 5, ""macd_periods"": null, ""std_rolling_periods"": null, ""max_rolling_periods"": 7, ""min_rolling_periods"": 4, ""ewm_var_alpha"": null, ""quantile90_rolling_periods"": null, ""quantile10_rolling_periods"": null, ""ewm_alpha"": null, ""additional_lag_periods"": 11, ""abs_energy"": false, ""rolling_autocorr_periods"": null, ""nonzero_last_n"": null, ""add_date_part"": ""simple_binarized"", ""polynomial_degree"": null, ""x_transform"": null, ""regression_type"": null}","{""fillna"": ""ffill"", ""transformations"": {""0"": ""DifferencedTransformer"", ""1"": ""DifferencedTransformer"", ""2"": ""Scaler"", ""3"": ""DifferencedTransformer""}, ""transformation_params"": {""0"": {""lag"": 1, ""fill"": ""bfill""}, ""1"": {""lag"": 1, ""fill"": ""zero""}, ""2"": {}, ""3"": {""lag"": 1, ""fill"": ""bfill""}}}",0,1,190.45012786505538,5.211897466727048,5.332254700821618,1.136207326162125,5.211897466727048,0.0,-312.71384800362284,5.211897466727048,0.0,1.8003855658609622,10901.93472333975,1.0,0.55,6.628880023956299,0.8,4.940308217142626,4.981087205629663,20.316984001542835,64.40033926527724,0.06914310426130973,312.71384800362284,315.35602566945965,19.54200057812979,0.9528397156300605,190.45012786505538,5.211897466727048,5.332254700821618,1.136207326162125,5.211897466727048,0.0,5.211897466727048,1.8003855658609622,10901.93472333975,6.628880023956299,0.8,4.940308217142626,4.981087205629663,20.316984001542835,64.40033926527724,0.06914310426130973,312.71384800362284,315.35602566945965,19.54200057812979,0.9528397156300605,1.0,0.55,0.6214,108408.88056702915,78.00058000579348,Wh,78.00058000579348,Wh
14,212e18f035c3ba7215d6fc8031f59036,RollingRegression,"{""regression_model"": {""model"": ""SVM"", ""model_params"": {""C"": 2.0, ""tol"": 0.0001, ""epsilon"": 0.1, ""loss"": ""squared_epsilon_insensitive"", ""max_iter"": 50}}, ""holiday"": false, ""mean_rolling_periods"": 5, ""macd_periods"": 12, ""std_rolling_periods"": null, ""max_rolling_periods"": 53, ""min_rolling_periods"": 4, ""ewm_var_alpha"": null, ""quantile90_rolling_periods"": null, ""quantile10_rolling_periods"": null, ""ewm_alpha"": 0.2, ""additional_lag_periods"": 35, ""abs_energy"": false, ""rolling_autocorr_periods"": null, ""nonzero_last_n"": null, ""add_date_part"": null, ""polynomial_degree"": null, ""x_transform"": null, ""regression_type"": null}","{""fillna"": ""quadratic"", ""transformations"": {""0"": ""DifferencedTransformer"", ""1"": ""Scaler"", ""2"": ""DifferencedTransformer"", ""3"": ""DifferencedTransformer""}, ""transformation_params"": {""0"": {""lag"": 1, ""fill"": ""bfill""}, ""1"": {}, ""2"": {""lag"": 1, ""fill"": ""zero""}, ""3"": {""lag"": 1, ""fill"": ""zero""}}}",0,1,191.03606047320577,5.23037602256687,5.343062702320888,1.136207326162125,5.23037602256687,0.0,-313.8225613540122,5.23037602256687,0.0,1.8062603282352534,10783.835661668743,1.0,0.55,6.628880023956299,0.8,4.957452910359585,5.002826683088278,20.336853881289578,64.8398668585643,0.06912735422907543,313.8225613540122,317.4895755967658,19.57868329548604,0.9562179674095852,191.03606047320577,5.23037602256687,5.343062702320888,1.136207326162125,5.23037602256687,0.0,5.23037602256687,1.8062603282352534,10783.835661668743,6.628880023956299,0.8,4.957452910359585,5.002826683088278,20.336853881289578,64.8398668585643,0.06912735422907543,313.8225613540122,317.4895755967658,19.57868329548604,0.9562179674095852,1.0,0.55,0.3615,107237.30847603518,78.27712767051197,Wh,78.27712767051197,Wh
15,2e1258a436db3eb9b1c398725a38e168,RollingRegression,"{""regression_model"": {""model"": ""ElasticNet"", ""model_params"": {""l1_ratio"": 0.1, ""fit_intercept"": true, ""selection"": ""cyclic"", ""max_iter"": 1000}}, ""holiday"": false, ""mean_rolling_periods"": 12, ""macd_periods"": 35, ""std_rolling_periods"": null, ""max_rolling_periods"": 7, ""min_rolling_periods"": 96, ""ewm_var_alpha"": null, ""quantile90_rolling_periods"": null, ""quantile10_rolling_periods"": null, ""ewm_alpha"": 0.1, ""additional_lag_periods"": 23, ""abs_energy"": false, ""rolling_autocorr_periods"": null, ""nonzero_last_n"": null, ""add_date_part"": null, ""polynomial_degree"": null, ""x_transform"": null, ""regression_type"": null}","{""fillna"": ""ffill"", ""transformations"": {""0"": ""Scaler"", ""1"": ""DifferencedTransformer"", ""2"": ""DifferencedTransformer"", ""3"": ""DifferencedTransformer"", ""4"": ""Scaler""}, ""transformation_params"": {""0"": {}, ""1"": {""lag"": 1, ""fill"": ""bfill""}, ""2"": {""lag"": 7, ""fill"": ""bfill""}, ""3"": {""lag"": 1, ""fill"": ""bfill""}, ""4"": {}}}",0,1,179.47150815446096,1521.8470537251064,2237.1811059584434,186.43493571046153,1521.8470537251064,0.0,0.0,6.196071398030693,91310.82322350639,1521.8470537251064,8747.588720250485,1.0,0.45,5634.885229295411,0.2,3148.8876826506494,970.2300657724976,10150.994785337158,18339954.643662106,1.7048063608187785,91310.82322350639,39890.33567343252,2989.542845208681,278.2242596216097,179.47150815446096,1521.8470537251064,2237.1811059584434,186.43493571046153,1521.8470537251064,0.0,6.196071398030693,1521.8470537251064,8747.588720250485,5634.885229295411,0.2,3148.8876826506494,970.2300657724976,10150.994785337158,18339954.643662106,1.7048063608187785,91310.82322350639,39890.33567343252,2989.542845208681,278.2242596216097,1.0,0.45,2.1164,104269.39327846555,22775.765185037348,Wh,22775.765185037348,Wh
16,51600e36293aafbb7e29b39c5b010301,SeasonalNaive,"{""method"": ""lastvalue"", ""lag_1"": 28, ""lag_2"": 1}","{""fillna"": ""rolling_mean_24"", ""transformations"": {""0"": ""DifferencedTransformer"", ""1"": ""DifferencedTransformer"", ""2"": ""Scaler"", ""3"": ""DifferencedTransformer""}, ""transformation_params"": {""0"": {""lag"": 1, ""fill"": ""bfill""}, ""1"": {""lag"": 1, ""fill"": ""bfill""}, ""2"": {}, ""3"": {""lag"": 1, ""fill"": ""bfill""}}}",0,1,192.56455120771014,5.267667829990387,5.373115823313784,1.176766590107005,5.267667829990387,0.0,-316.0600697994232,5.267667829990387,0.0,1.8139979586372987,10329.308880773162,1.0,0.55,6.628880023956299,0.8,4.991285067625975,5.046625085905487,20.377568264982745,65.64240843503529,0.0940737771389196,316.0600697994232,321.76540547953584,19.652713151676032,0.9630356600843931,192.56455120771014,5.267667829990387,5.373115823313784,1.176766590107005,5.267667829990387,0.0,5.267667829990387,1.8139979586372987,10329.308880773162,6.628880023956299,0.8,4.991285067625975,5.046625085905487,20.377568264982745,65.64240843503529,0.0940737771389196,316.0600697994232,321.76540547953584,19.652713151676032,0.9630356600843931,1.0,0.55,0.0893,102727.45988928739,78.8352320129455,Wh,78.8352320129455,Wh
17,fe3a3cc2772e53f0784dc2c2d17a82c9,RollingRegression,"{""regression_model"": {""model"": ""RANSAC"", ""model_params"": {}}, ""holiday"": false, ""mean_rolling_periods"": 5, ""macd_periods"": 7, ""std_rolling_periods"": 7, ""max_rolling_periods"": null, ""min_rolling_periods"": 24, ""ewm_var_alpha"": null, ""quantile90_rolling_periods"": null, ""quantile10_rolling_periods"": null, ""ewm_alpha"": null, ""additional_lag_periods"": 11, ""abs_energy"": false, ""rolling_autocorr_periods"": null, ""nonzero_last_n"": null, ""add_date_part"": null, ""polynomial_degree"": null, ""x_transform"": null, ""regression_type"": null}","{""fillna"": ""rolling_mean_24"", ""transformations"": {""0"": ""DifferencedTransformer"", ""1"": ""DifferencedTransformer"", ""2"": ""DifferencedTransformer""}, ""transformation_params"": {""0"": {""lag"": 7, ""fill"": ""zero""}, ""1"": {""lag"": 1, ""fill"": ""zero""}, ""2"": {""lag"": 1, ""fill"": ""bfill""}}}",0,1,180.19501962998845,28.51807070230286,39.34073695587165,5.641532117941299,28.51807070230286,0.0,-155.36041927337646,4.4824536524494745,1555.7238228647952,26.85392231716281,9505.66645039234,0.9666666666666667,0.5166666666666667,74.42462811708343,0.7166666666666667,40.79982321640249,20.947809501856955,61.09257885134403,4537.661697015366,0.7511325321388654,1400.3634035914188,2308.64890543002,201.77250068755654,4.266910070580989,180.19501962998845,28.51807070230286,39.34073695587165,5.641532117941299,28.51807070230286,0.0,4.4824536524494745,26.85392231716281,9505.66645039234,74.42462811708343,0.7166666666666667,40.79982321640249,20.947809501856955,61.09257885134403,4537.661697015366,0.7511325321388654,1400.3634035914188,2308.64890543002,201.77250068755654,4.266910070580989,0.9666666666666667,0.5166666666666667,0.3954,94819.43268020517,426.79773913947275,Wh,426.79773913947275,Wh
18,7316c2f4cc1c3f7c5cdf4355440fa037,SeasonalNaive,"{""method"": ""lastvalue"", ""lag_1"": 1440, ""lag_2"": 1}","{""fillna"": ""quadratic"", ""transformations"": {""0"": ""DifferencedTransformer"", ""1"": ""DifferencedTransformer"", ""2"": ""DifferencedTransformer""}, ""transformation_params"": {""0"": {""lag"": 1, ""fill"": ""bfill""}, ""1"": {""lag"": 2, ""fill"": ""bfill""}, ""2"": {""lag"": 1, ""fill"": ""bfill""}}}",0,1,177.24465555960575,999.4355335868895,1268.2152062949865,74.84281859387856,999.4355335868895,0.0,-8.412199579179287,6.076884318187083,59957.71981563419,999.3689012853406,7806.179936852878,1.0,0.45,2254.504827827215,0.21666666666666667,1776.635242197945,795.4249328231695,5858.7992287434545,4538204.232914358,1.0142776082318306,59949.30761605501,33878.93576977017,1965.9975081361513,182.66565931048603,177.24465555960575,999.4355335868895,1268.2152062949865,74.84281859387856,999.4355335868895,0.0,6.076884318187083,999.3689012853406,7806.179936852878,2254.504827827215,0.21666666666666667,1776.635242197945,795.4249328231695,5858.7992287434545,4538204.232914358,1.0142776082318306,59949.30761605501,33878.93576977017,1965.9975081361513,182.66565931048603,1.0,0.45,0.0959,88259.33890536924,14957.422281588359,Wh,14957.422281588359,Wh
19,92ff12bbe7ea4a2e5d4e8cb59dc8443d,RollingRegression,"{""regression_model"": {""model"": ""SVM"", ""model_params"": {""C"": 0.5, ""tol"": 0.01, ""epsilon"": 0.1, ""loss"": ""epsilon_insensitive"", ""max_iter"": 200}}, ""holiday"": false, ""mean_rolling_periods"": null, ""macd_periods"": null, ""std_rolling_periods"": 30, ""max_rolling_periods"": null, ""min_rolling_periods"": 28, ""ewm_var_alpha"": null, ""quantile90_rolling_periods"": null, ""quantile10_rolling_periods"": null, ""ewm_alpha"": 0.5, ""additional_lag_periods"": 28, ""abs_energy"": false, ""rolling_autocorr_periods"": null, ""nonzero_last_n"": null, ""add_date_part"": null, ""polynomial_degree"": null, ""x_transform"": null, ""regression_type"": null}","{""fillna"": ""time"", ""transformations"": {""0"": ""DifferencedTransformer"", ""1"": ""DifferencedTransformer"", ""2"": ""DifferencedTransformer""}, ""transformation_params"": {""0"": {""lag"": 2, ""fill"": ""bfill""}, ""1"": {""lag"": 7, ""fill"": ""zero""}, ""2"": {""lag"": 1, ""fill"": ""zero""}}}",0,1,184.04375613044547,1091.1901680515064,1504.5693546630534,112.68903344539565,1091.1901680515064,0.0,0.0,6.14318788981261,65471.410083090384,1091.1901680515064,7623.784440031997,0.9833333333333333,0.45,3405.9591226571006,0.2,2115.28589361376,763.5736081052679,6931.94506778488,7564421.702870374,1.1272999097441057,65471.410083090384,31958.918159805948,2134.624043564893,199.49151648937593,184.04375613044547,1091.1901680515064,1504.5693546630534,112.68903344539565,1091.1901680515064,0.0,6.14318788981261,1091.1901680515064,7623.784440031997,3405.9591226571006,0.2,2115.28589361376,763.5736081052679,6931.94506778488,7564421.702870374,1.1272999097441057,65471.410083090384,31958.918159805948,2134.624043564893,199.49151648937593,0.9833333333333333,0.45,0.371,87859.26315409245,16330.61021403517,Wh,16330.61021403517,Wh
20,aedcd8504c48b758ad0af0e87f4dbbe2,RollingRegression,"{""regression_model"": {""model"": ""BayesianRidge"", ""model_params"": {}}, ""holiday"": false, ""mean_rolling_periods"": 5, ""macd_periods"": 7, ""std_rolling_periods"": 7, ""max_rolling_periods"": null, ""min_rolling_periods"": 24, ""ewm_var_alpha"": null, ""quantile90_rolling_periods"": null, ""quantile10_rolling_periods"": null, ""ewm_alpha"": null, ""additional_lag_periods"": 11, ""abs_energy"": false, ""rolling_autocorr_periods"": null, ""nonzero_last_n"": null, ""add_date_part"": ""simple_2"", ""polynomial_degree"": null, ""x_transform"": null, ""regression_type"": null}","{""fillna"": ""rolling_mean_24"", ""transformations"": {""0"": ""DifferencedTransformer"", ""1"": ""DifferencedTransformer"", ""2"": ""DifferencedTransformer""}, ""transformation_params"": {""0"": {""lag"": 1, ""fill"": ""bfill""}, ""1"": {""lag"": 1, ""fill"": ""bfill""}, ""2"": {""lag"": 7, ""fill"": ""zero""}}}",0,1,165.3503641798252,4.762190083914902,4.9670037491293,1.3230965079482357,4.762190083914902,0.0,-254.2685638780451,4.465928188527317,31.462841156849052,2.0007243164228026,8436.875051272942,1.0,0.5166666666666667,6.628880023956299,0.7833333333333333,4.480124607593777,4.47768518533649,19.691166826600636,56.762223175284326,0.12181879198458018,222.80572272119605,174.30202527205284,11.099008233218216,0.6788894794193926,165.3503641798252,4.762190083914902,4.9670037491293,1.3230965079482357,4.762190083914902,0.0,4.465928188527317,2.0007243164228026,8436.875051272942,6.628880023956299,0.7833333333333333,4.480124607593777,4.47768518533649,19.691166826600636,56.762223175284326,0.12181879198458018,222.80572272119605,174.30202527205284,11.099008233218216,0.6788894794193926,1.0,0.5166666666666667,0.4394,83917.01839245818,71.2703177709413,Wh,71.2703177709413,Wh
21,a59a811e3078e7106b87770ce7003e6a,ARIMA,"{""p"": 1, ""d"": 1, ""q"": 1, ""regression_type"": null}","{""fillna"": ""rolling_mean"", ""transformations"": {""0"": ""Scaler"", ""1"": ""Scaler"", ""2"": ""DifferencedTransformer"", ""3"": ""DifferencedTransformer"", ""4"": ""DifferencedTransformer"", ""5"": ""Scaler""}, ""transformation_params"": {""0"": {}, ""1"": {}, ""2"": {""lag"": 7, ""fill"": ""bfill""}, ""3"": {""lag"": 1, ""fill"": ""bfill""}, ""4"": {""lag"": 2, ""fill"": ""bfill""}, ""5"": {}}}",0,1,189.45721279730697,675.7147948474956,882.955325866678,63.65507029140983,675.7147948474956,0.0,0.0,5.9938777602804585,40542.88769084973,675.7147948474956,7578.274166647769,0.95,0.45,1923.9367020346447,0.2,1238.3236784893902,498.74728183355387,4106.274973626115,2528858.7370370356,0.9619306233090005,40542.88769084973,22002.98122791569,1309.8428314486493,123.5342592750264,189.45721279730697,675.7147948474956,882.955325866678,63.65507029140983,675.7147948474956,0.0,5.9938777602804585,675.7147948474956,7578.274166647769,1923.9367020346447,0.2,1238.3236784893902,498.74728183355387,4106.274973626115,2528858.7370370356,0.9619306233090005,40542.88769084973,22002.98122791569,1309.8428314486493,123.5342592750264,0.95,0.45,0.1561,82653.96823452905,10112.659785246822,Wh,10112.659785246822,Wh
22,54a99773c2fd37db7bb0f719abd8dc4d,SeasonalNaive,"{""method"": ""lastvalue"", ""lag_1"": 7, ""lag_2"": 44}","{""fillna"": ""time"", ""transformations"": {""0"": ""DifferencedTransformer"", ""1"": ""DifferencedTransformer"", ""2"": ""DifferencedTransformer""}, ""transformation_params"": {""0"": {""lag"": 1, ""fill"": ""bfill""}, ""1"": {""lag"": 2, ""fill"": ""bfill""}, ""2"": {""lag"": 1, ""fill"": ""bfill""}}}",0,1,175.2466172887875,4.798828196525574,5.09327211911969,1.165957248467348,4.798828196525574,0.0,-287.14850544929504,4.797258115565287,0.7811863422393799,1.676267756356594,7618.323010463895,1.0,0.5666666666666667,6.628880023956299,0.8,4.665589480478995,4.497909443051207,19.825027993233643,59.391307551510785,0.09626106692510876,286.36731910705566,266.8380169418167,17.655577597215952,0.8725617897821671,175.2466172887875,4.798828196525574,5.09327211911969,1.165957248467348,4.798828196525574,0.0,4.797258115565287,1.676267756356594,7618.323010463895,6.628880023956299,0.8,4.665589480478995,4.497909443051207,19.825027993233643,59.391307551510785,0.09626106692510876,286.36731910705566,266.8380169418167,17.655577597215952,0.8725617897821671,1.0,0.5666666666666667,0.0977,75801.80530258357,71.81863900177791,Wh,71.81863900177791,Wh
23,318f2a114bf07b058eddeb2666114e83,WindowRegression,"{""window_size"": 10, ""input_dim"": ""univariate"", ""output_dim"": ""forecast_length"", ""normalize_window"": false, ""max_windows"": 5000000, ""fourier_encoding_components"": null, ""scale"": false, ""datepart_method"": null, ""regression_type"": null, ""regression_model"": {""model"": ""HistGradientBoost"", ""model_params"": {""loss"": ""absolute_error"", ""learning_rate"": 0.1, ""max_depth"": null, ""min_samples_leaf"": 5, ""max_iter"": 100, ""l2_regularization"": 0}}}","{""fillna"": ""rolling_mean_24"", ""transformations"": {""0"": ""DifferencedTransformer"", ""1"": ""Scaler"", ""2"": ""Scaler"", ""3"": ""Scaler"", ""4"": ""DifferencedTransformer"", ""5"": ""DifferencedTransformer""}, ""transformation_params"": {""0"": {""lag"": 1, ""fill"": ""bfill""}, ""1"": {}, ""2"": {}, ""3"": {}, ""4"": {""lag"": 1, ""fill"": ""bfill""}, ""5"": {""lag"": 1, ""fill"": ""bfill""}}}",0,1,167.7119175697161,5.456373886983793,5.773359246621651,1.7218349840371159,5.456373886983793,0.0,-246.32315465118063,4.49858594406933,81.05927856784695,2.7766104798621916,6454.393456197825,1.0,0.5166666666666667,11.664974917918723,0.7833333333333333,5.1971029259984745,4.892127949868176,20.63241800757787,74.66540256449677,0.28641840514070377,165.26387608333368,126.09620576783318,20.246008310218713,0.50355935848847,167.7119175697161,5.456373886983793,5.773359246621651,1.7218349840371159,5.456373886983793,0.0,4.49858594406933,2.7766104798621916,6454.393456197825,11.664974917918723,0.7833333333333333,5.1971029259984745,4.892127949868176,20.63241800757787,74.66540256449677,0.28641840514070377,165.26387608333368,126.09620576783318,20.246008310218713,0.50355935848847,1.0,0.5166666666666667,20.1111,64248.18130019832,81.65938233249031,Wh,81.65938233249031,Wh
24,4b0b0f2ba22bbdfd569dd003ef178146,RollingRegression,"{""regression_model"": {""model"": ""RANSAC"", ""model_params"": {}}, ""holiday"": false, ""mean_rolling_periods"": 7, ""macd_periods"": null, ""std_rolling_periods"": 7, ""max_rolling_periods"": null, ""min_rolling_periods"": 96, ""ewm_var_alpha"": null, ""quantile90_rolling_periods"": null, ""quantile10_rolling_periods"": null, ""ewm_alpha"": null, ""additional_lag_periods"": 6, ""abs_energy"": false, ""rolling_autocorr_periods"": null, ""nonzero_last_n"": null, ""add_date_part"": ""simple_2"", ""polynomial_degree"": null, ""x_transform"": null, ""regression_type"": null}","{""fillna"": ""ffill"", ""transformations"": {""0"": ""Scaler"", ""1"": ""DifferencedTransformer""}, ""transformation_params"": {""0"": {}, ""1"": {""lag"": 1, ""fill"": ""bfill""}}}",0,1,170.43718640506398,1167.7635911649406,2143.0128768846025,271.52020223574783,1167.7635911649406,0.0,-4.069128737299252,5.403158099036194,70061.74634115913,1167.722825168588,1836.8432597490462,0.26666666666666666,0.5333333333333333,6902.138863262035,0.18333333333333332,3019.308683907302,515.7324033627959,8897.051897063431,21726382.09720162,5.383935431709007,70057.67721242184,20667.845403065392,2858.845229711493,213.46588153657092,170.43718640506398,1167.7635911649406,2143.0128768846025,271.52020223574783,1167.7635911649406,0.0,5.403158099036194,1167.722825168588,1836.8432597490462,6902.138863262035,0.18333333333333332,3019.308683907302,515.7324033627959,8897.051897063431,21726382.09720162,5.383935431709007,70057.67721242184,20667.845403065392,2858.845229711493,213.46588153657092,0.26666666666666666,0.5333333333333333,1.1366,33242.915832958766,17476.59811076708,Wh,17476.59811076708,Wh
25,68b3bf360e95a2c01bf6ee3051f0ef6e,ARIMA,"{""p"": 0, ""d"": 1, ""q"": 0, ""regression_type"": ""Holiday""}","{""fillna"": ""linear"", ""transformations"": {""0"": ""DifferencedTransformer"", ""1"": ""DifferencedTransformer"", ""2"": ""Scaler""}, ""transformation_params"": {""0"": {""lag"": 1, ""fill"": ""zero""}, ""1"": {""lag"": 1, ""fill"": ""bfill""}, ""2"": {}}}",0,1,197.7105797794276,5.413476618924533,5.468914337945971,1.1966908708419215,5.413476618924533,0.0,-324.808597135472,5.413476618924533,0.0,1.8507802887882912,2555.612888132265,1.0,0.55,6.628880023956299,0.8,5.042002082177802,5.218164837592717,20.528708801714153,78.1161854777427,0.06231378377734665,324.808597135472,338.86869076873495,19.942165565538488,0.9896924402438888,197.7105797794276,5.413476618924533,5.468914337945971,1.1966908708419215,5.413476618924533,0.0,5.413476618924533,1.8507802887882912,2555.612888132265,6.628880023956299,0.8,5.042002082177802,5.218164837592717,20.528708801714153,78.1161854777427,0.06231378377734665,324.808597135472,338.86869076873495,19.942165565538488,0.9896924402438888,1.0,0.55,0.2464,25574.90700804677,81.01738739482177,Wh,81.01738739482177,Wh
26,5eae23486cdb0186b7a8278c3a0d2188,Theta,"{""deseasonalize"": true, ""difference"": false, ""use_test"": false, ""method"": ""auto"", ""period"": null, ""theta"": 3.0, ""use_mle"": false}","{""fillna"": ""fake_date"", ""transformations"": {""0"": ""DifferencedTransformer"", ""1"": ""DifferencedTransformer"", ""2"": ""Scaler"", ""3"": ""Scaler""}, ""transformation_params"": {""0"": {""lag"": 2, ""fill"": ""zero""}, ""1"": {""lag"": 2, ""fill"": ""bfill""}, ""2"": {}, ""3"": {}}}",0,1,171.94263642727887,157.66395494676877,196.2980243271774,13.089002410049678,157.66395494676877,0.0,0.0,4.662317622420625,9459.837296806127,157.66395494676877,2106.349193062228,0.9833333333333333,0.45,395.60732577044735,0.2,274.43484774849793,122.99770119116387,916.5134882991168,117988.32692638854,0.2912852621488186,9459.837296806127,5590.542623917469,281.433863725422,28.824143021932834,171.94263642727887,157.66395494676877,196.2980243271774,13.089002410049678,157.66395494676877,0.0,4.662317622420625,157.66395494676877,2106.349193062228,395.60732577044735,0.2,274.43484774849793,122.99770119116387,916.5134882991168,117988.32692638854,0.2912852621488186,9459.837296806127,5590.542623917469,281.433863725422,28.824143021932834,0.9833333333333333,0.45,0.1927,22707.85552945267,2359.578255398421,Wh,2359.578255398421,Wh
27,0e03cc4c772d0b0443ec0708e1eb5a50,Theta,"{""deseasonalize"": true, ""difference"": false, ""use_test"": true, ""method"": ""auto"", ""period"": null, ""theta"": 2.5, ""use_mle"": true}","{""fillna"": ""cubic"", ""transformations"": {""0"": ""DifferencedTransformer"", ""1"": ""Scaler"", ""2"": ""Scaler"", ""3"": ""DifferencedTransformer""}, ""transformation_params"": {""0"": {""lag"": 1, ""fill"": ""bfill""}, ""1"": {}, ""2"": {}, ""3"": {""lag"": 1, ""fill"": ""bfill""}}}",0,1,153.99098926299956,135.9242178911101,182.44342477965247,13.341518157133525,135.9242178911101,0.0,-0.03211133476778638,4.185553235569958,8155.420962131838,135.92420947792675,2004.5183395509332,1.0,0.45,402.8119757505769,0.2,256.2453861852868,98.029932287288,844.7392749736938,109024.34641728394,0.20771618137964884,8155.3888507970705,4183.203560469252,238.27721031999823,24.84948601750448,153.99098926299956,135.9242178911101,182.44342477965247,13.341518157133525,135.9242178911101,0.0,4.185553235569958,135.92420947792675,2004.5183395509332,402.8119757505769,0.2,256.2453861852868,98.029932287288,844.7392749736938,109024.34641728394,0.20771618137964884,8155.3888507970705,4183.203560469252,238.27721031999823,24.84948601750448,1.0,0.45,0.1685,21499.559486365422,2034.2241765163421,Wh,2034.2241765163421,Wh
28,bae1e818f5e0cc726efe478d0d0f8163,Theta,"{""deseasonalize"": true, ""difference"": false, ""use_test"": true, ""method"": ""auto"", ""period"": null, ""theta"": 3.0, ""use_mle"": false}","{""fillna"": ""rolling_mean_24"", ""transformations"": {""0"": ""DifferencedTransformer"", ""1"": ""Scaler"", ""2"": ""DifferencedTransformer""}, ""transformation_params"": {""0"": {""lag"": 1, ""fill"": ""bfill""}, ""1"": {}, ""2"": {""lag"": 1, ""fill"": ""bfill""}}}",0,1,146.37014954644155,98.52359594328368,132.78816413829045,9.810601698097585,98.52359594328368,0.0,-0.09254797511017276,3.8756113462147743,5911.3232086219095,98.52352868636795,1997.0535454151936,1.0,0.45,294.8939269948991,0.2,186.55027993419142,70.69945286282086,614.4239158513524,58021.37203074906,0.15927631633920436,5911.2306606468,3009.4411928661425,164.1170923959759,18.01153155727577,146.37014954644155,98.52359594328368,132.78816413829045,9.810601698097585,98.52359594328368,0.0,3.8756113462147743,98.52352868636795,1997.0535454151936,294.8939269948991,0.2,186.55027993419142,70.69945286282086,614.4239158513524,58021.37203074906,0.15927631633920436,5911.2306606468,3009.4411928661425,164.1170923959759,18.01153155727577,1.0,0.45,0.1925,21013.48506827333,1474.4913300565195,Wh,1474.4913300565195,Wh
29,76b6b5980d36a73feaf291cf547cc1ca,Theta,"{""deseasonalize"": true, ""difference"": false, ""use_test"": false, ""method"": ""auto"", ""period"": null, ""theta"": 3.0, ""use_mle"": false}","{""fillna"": ""ffill"", ""transformations"": {""0"": ""DifferencedTransformer"", ""1"": ""Scaler"", ""2"": ""DifferencedTransformer""}, ""transformation_params"": {""0"": {""lag"": 1, ""fill"": ""bfill""}, ""1"": {}, ""2"": {""lag"": 1, ""fill"": ""one""}}}",0,1,122.22545553349612,38.612164170137554,52.102611293427266,4.014880394866118,38.612164170137554,0.0,0.0,3.0563991776293706,2316.729850208253,38.612164170137554,1969.928320676711,1.0,0.4666666666666667,116.57048030968807,0.2,73.24264217835022,27.606801010123213,241.05230931366017,8985.813878977144,0.21495227206807524,2316.729850208253,1179.4966014954691,46.65186775825008,7.0590804524861674,122.22545553349612,38.612164170137554,52.102611293427266,4.014880394866118,38.612164170137554,0.0,3.0563991776293706,38.612164170137554,1969.928320676711,116.57048030968807,0.2,73.24264217835022,27.606801010123213,241.05230931366017,8985.813878977144,0.21495227206807524,2316.729850208253,1179.4966014954691,46.65186775825008,7.0590804524861674,1.0,0.4666666666666667,0.2438,20070.874759265163,577.8646298736514,Wh,577.8646298736514,Wh
30,a5e23df9429aa3f2dacb638952113050,Theta,"{""deseasonalize"": true, ""difference"": false, ""use_test"": true, ""method"": ""auto"", ""period"": null, ""theta"": 1.2, ""use_mle"": false}","{""fillna"": ""quadratic"", ""transformations"": {""0"": ""DifferencedTransformer"", ""1"": ""DifferencedTransformer""}, ""transformation_params"": {""0"": {""lag"": 1, ""fill"": ""bfill""}, ""1"": {""lag"": 1, ""fill"": ""bfill""}}}",0,1,101.61411689333497,21.888595175805207,29.996276356217603,2.48205060119187,21.888595175805207,0.0,-0.5260702731550353,2.503950998983428,1312.7896402751571,21.887730807769177,1981.8378492432428,1.0,0.4666666666666667,67.28194312829089,0.21666666666666667,42.226439137431626,15.444518149488294,138.33807283394256,2984.4410078096535,0.04157185781736572,1312.2635700020023,645.787737517539,17.911747014408252,3.9984697027485336,101.61411689333497,21.888595175805207,29.996276356217603,2.48205060119187,21.888595175805207,0.0,2.503950998983428,21.887730807769177,1981.8378492432428,67.28194312829089,0.21666666666666667,42.226439137431626,15.444518149488294,138.33807283394256,2984.4410078096535,0.04157185781736572,1312.2635700020023,645.787737517539,17.911747014408252,3.9984697027485336,1.0,0.4666666666666667,0.1841,19991.64427655857,327.58187015850467,Wh,327.58187015850467,Wh
31,c57b1094f25c8e03381f2cb1c36588e4,Theta,"{""deseasonalize"": false, ""difference"": false, ""use_test"": true, ""method"": ""auto"", ""period"": null, ""theta"": 2.5, ""use_mle"": false}","{""fillna"": ""mean"", ""transformations"": {""0"": ""Scaler"", ""1"": ""DifferencedTransformer"", ""2"": ""DifferencedTransformer""}, ""transformation_params"": {""0"": {}, ""1"": {""lag"": 1, ""fill"": ""zero""}, ""2"": {""lag"": 1, ""fill"": ""bfill""}}}",0,1,170.32606678230397,4.693196759128141,4.977045149897482,1.0716147666836333,4.693196759128141,0.0,-281.59180554768847,4.693196759128141,0.0,1.6613494670501607,1959.7094525144287,1.0,0.55,6.628880023956299,0.8,4.461216767701152,4.395452913179387,19.673336411732162,56.99586389728451,0.02367283259438675,281.59180554768847,259.1473106483502,18.854977243357837,0.8580107904869834,170.32606678230397,4.693196759128141,4.977045149897482,1.0716147666836333,4.693196759128141,0.0,4.693196759128141,1.6613494670501607,1959.7094525144287,6.628880023956299,0.8,4.461216767701152,4.395452913179387,19.673336411732162,56.99586389728451,0.02367283259438675,281.59180554768847,259.1473106483502,18.854977243357837,0.8580107904869834,1.0,0.55,0.1688,19632.19786687538,70.23777264044875,Wh,70.23777264044875,Wh
32,0fa9b6416bd07a5999d7c7e5007ef524,RollingRegression,"{""regression_model"": {""model"": ""RANSAC"", ""model_params"": {}}, ""holiday"": false, ""mean_rolling_periods"": 5, ""macd_periods"": null, ""std_rolling_periods"": 7, ""max_rolling_periods"": null, ""min_rolling_periods"": 24, ""ewm_var_alpha"": null, ""quantile90_rolling_periods"": null, ""quantile10_rolling_periods"": null, ""ewm_alpha"": null, ""additional_lag_periods"": 11, ""abs_energy"": false, ""rolling_autocorr_periods"": null, ""nonzero_last_n"": null, ""add_date_part"": ""simple_2"", ""polynomial_degree"": null, ""x_transform"": null, ""regression_type"": null}","{""fillna"": ""mean"", ""transformations"": {""0"": ""DifferencedTransformer"", ""1"": ""Scaler"", ""2"": ""Scaler"", ""3"": ""DifferencedTransformer""}, ""transformation_params"": {""0"": {""lag"": 7, ""fill"": ""zero""}, ""1"": {}, ""2"": {}, ""3"": {""lag"": 1, ""fill"": ""zero""}}}",0,1,180.70995843897833,564.780605310587,1370.1765244871015,205.54879928060777,564.780605310587,0.0,0.0,5.154180176474067,33886.83631863522,564.780605310587,466.73948031994945,0.9333333333333333,0.45,6212.590406148383,0.2,1930.0580867982833,133.5375994092552,4590.904422966146,13944257.733062394,2.959175175509842,33886.83631863522,8970.935328282894,1089.621751662876,103.25325753107269,180.70995843897833,564.780605310587,1370.1765244871015,205.54879928060777,564.780605310587,0.0,5.154180176474067,564.780605310587,466.73948031994945,6212.590406148383,0.2,1930.0580867982833,133.5375994092552,4590.904422966146,13944257.733062394,2.959175175509842,33886.83631863522,8970.935328282894,1089.621751662876,103.25325753107269,0.9333333333333333,0.45,0.4525,13283.642150964135,8452.433124689485,Wh,8452.433124689485,Wh
33,e49f1de8e8b6c3cba3e6770ae7c839ce,SeasonalNaive,"{""method"": ""lastvalue"", ""lag_1"": 24, ""lag_2"": 1}","{""fillna"": ""linear"", ""transformations"": {""0"": ""Scaler"", ""1"": ""DifferencedTransformer"", ""2"": ""DifferencedTransformer"", ""3"": ""Scaler""}, ""transformation_params"": {""0"": {}, ""1"": {""lag"": 7, ""fill"": ""bfill""}, ""2"": {""lag"": 2, ""fill"": ""zero""}, ""3"": {}}}",0,1,186.26683157293874,354.83561437129976,448.46531383422115,31.277850162494268,354.83561437129976,0.0,0.0,5.480577957161865,21290.136862277985,354.83561437129976,430.71845496795396,0.9166666666666666,0.45,945.3544487953186,0.2,627.6844502763537,270.3355369193881,2094.0536761557964,637251.879575147,0.8018986593851849,21290.136862277985,12319.876501706207,672.8493139385994,64.8710892820551,186.26683157293874,354.83561437129976,448.46531383422115,31.277850162494268,354.83561437129976,0.0,5.480577957161865,354.83561437129976,430.71845496795396,945.3544487953186,0.2,627.6844502763537,270.3355369193881,2094.0536761557964,637251.879575147,0.8018986593851849,21290.136862277985,12319.876501706207,672.8493139385994,64.8710892820551,0.9166666666666666,0.45,0.0951,8195.161793563164,5310.423680505406,Wh,5310.423680505406,Wh
34,6531d079663f02b08b7f4e7268edd598,DatepartRegression,"{""regression_model"": {""model"": ""DecisionTree"", ""model_params"": {""max_depth"": 9, ""min_samples_split"": 2}}, ""datepart_method"": [""dayofweek"", [365.25, 14], [354.37, 10]], ""polynomial_degree"": null, ""holiday_countries_used"": false, ""lags"": null, ""forward_lags"": 2, ""regression_type"": null}","{""fillna"": ""quadratic"", ""transformations"": {""0"": ""Scaler"", ""1"": ""Scaler"", ""2"": ""DifferencedTransformer"", ""3"": ""Scaler"", ""4"": ""DifferencedTransformer""}, ""transformation_params"": {""0"": {}, ""1"": {}, ""2"": {""lag"": 1, ""fill"": ""bfill""}, ""3"": {}, ""4"": {""lag"": 1, ""fill"": ""bfill""}}}",0,1,170.0228160771322,255.33380305171013,314.082760361402,19.688718685118,255.33380305171013,0.0,-9.226550817489624,4.993065214169169,15310.801632285118,255.26192606565957,433.6272768554205,1.0,0.43333333333333335,588.7531130313873,0.21666666666666667,438.0320712844096,205.2610163828906,1458.923330594393,287591.1217000353,0.4629901671204454,15301.575081467628,9160.348980081251,486.824528284083,46.62392964813226,170.0228160771322,255.33380305171013,314.082760361402,19.688718685118,255.33380305171013,0.0,4.993065214169169,255.26192606565957,433.6272768554205,588.7531130313873,0.21666666666666667,438.0320712844096,205.2610163828906,1458.923330594393,287591.1217000353,0.4629901671204454,15301.575081467628,9160.348980081251,486.824528284083,46.62392964813226,1.0,0.43333333333333335,0.1285,7121.608598974753,3821.292506282811,Wh,3821.292506282811,Wh
35,c713cf49f7600b1e79c47d4253cb5b0a,ARIMA,"{""p"": 5, ""d"": 0, ""q"": 12, ""regression_type"": null}","{""fillna"": ""median"", ""transformations"": {""0"": ""Scaler"", ""1"": ""Scaler"", ""2"": ""DifferencedTransformer"", ""3"": ""DifferencedTransformer""}, ""transformation_params"": {""0"": {}, ""1"": {}, ""2"": {""lag"": 1, ""fill"": ""bfill""}, ""3"": {""lag"": 2, ""fill"": ""bfill""}}}",0,1,161.3859851315251,127.22374402936087,159.16263754477453,10.199908377870097,127.22374402936087,0.0,0.0,4.333899919488854,7633.424641761652,127.22374402936087,531.1803578610406,1.0,0.45,308.28617415293576,0.2,222.64769814321187,100.1393423720054,740.7690270280889,75445.85108632804,0.11131810117594808,7633.424641761652,4444.883640173284,221.00545887456275,23.25906003643115,161.3859851315251,127.22374402936087,159.16263754477453,10.199908377870097,127.22374402936087,0.0,4.333899919488854,127.22374402936087,531.1803578610406,308.28617415293576,0.2,222.64769814321187,100.1393423720054,740.7690270280889,75445.85108632804,0.11131810117594808,7633.424641761652,4444.883640173284,221.00545887456275,23.25906003643115,1.0,0.45,6.2537,6745.8892790365935,1904.0140156537846,Wh,1904.0140156537846,Wh
36,e88cdee23b7b5710b14ba2dee55cc056,RollingRegression,"{""regression_model"": {""model"": ""RANSAC"", ""model_params"": {}}, ""holiday"": false, ""mean_rolling_periods"": 5, ""macd_periods"": 7, ""std_rolling_periods"": 7, ""max_rolling_periods"": 7, ""min_rolling_periods"": 24, ""ewm_var_alpha"": null, ""quantile90_rolling_periods"": null, ""quantile10_rolling_periods"": null, ""ewm_alpha"": null, ""additional_lag_periods"": 11, ""abs_energy"": false, ""rolling_autocorr_periods"": null, ""nonzero_last_n"": null, ""add_date_part"": null, ""polynomial_degree"": null, ""x_transform"": null, ""regression_type"": null}","{""fillna"": ""zero"", ""transformations"": {""0"": ""DifferencedTransformer"", ""1"": ""Scaler"", ""2"": ""DifferencedTransformer"", ""3"": ""Scaler""}, ""transformation_params"": {""0"": {""lag"": 2, ""fill"": ""bfill""}, ""1"": {}, ""2"": {""lag"": 7, ""fill"": ""bfill""}, ""3"": {}}}",0,1,152.11439379258834,113.22715907893841,181.48366576837935,16.91855740616508,113.22715907893841,0.0,-82.31173215725104,4.401955242048399,6711.317812579054,112.3287955462804,454.1651836807568,0.9833333333333333,0.5333333333333333,483.13898924747923,0.23333333333333334,255.6918204818989,64.0147619518461,800.3528038910961,127207.33843584196,0.47311770022469873,6629.006080421803,2328.6461780083573,233.39138608239773,20.198594686174168,152.11439379258834,113.22715907893841,181.48366576837935,16.91855740616508,113.22715907893841,0.0,4.401955242048399,112.3287955462804,454.1651836807568,483.13898924747923,0.23333333333333334,255.6918204818989,64.0147619518461,800.3528038910961,127207.33843584196,0.47311770022469873,6629.006080421803,2328.6461780083573,233.39138608239773,20.198594686174168,0.9833333333333333,0.5333333333333333,0.4166,5968.415468786538,1694.5429446661005,Wh,1694.5429446661005,Wh
37,b109438eb98ffd04671f9d224e79faeb,RollingRegression,"{""regression_model"": {""model"": ""BayesianRidge"", ""model_params"": {}}, ""holiday"": false, ""mean_rolling_periods"": null, ""macd_periods"": null, ""std_rolling_periods"": null, ""max_rolling_periods"": 7, ""min_rolling_periods"": 24, ""ewm_var_alpha"": null, ""quantile90_rolling_periods"": null, ""quantile10_rolling_periods"": null, ""ewm_alpha"": null, ""additional_lag_periods"": 11, ""abs_energy"": false, ""rolling_autocorr_periods"": null, ""nonzero_last_n"": null, ""add_date_part"": ""simple_2"", ""polynomial_degree"": null, ""x_transform"": null, ""regression_type"": null}","{""fillna"": ""rolling_mean_24"", ""transformations"": {""0"": ""Scaler"", ""1"": ""Scaler"", ""2"": ""DifferencedTransformer"", ""3"": ""DifferencedTransformer""}, ""transformation_params"": {""0"": {}, ""1"": {}, ""2"": {""lag"": 1, ""fill"": ""bfill""}, ""3"": {""lag"": 1, ""fill"": ""bfill""}}}",0,1,156.7474699165464,122.40503020673691,158.10648337862935,10.940200751843896,122.40503020673691,0.0,0.0,4.2074450790909355,7344.301812404215,122.40503020673691,411.67799017902115,1.0,0.45,330.66107158065495,0.2,221.62662943441057,92.38434461251968,735.4686491130099,78564.3072573565,0.15141110775649735,7344.301812404215,4037.4266196304634,211.43958594010712,22.378102201446154,156.7474699165464,122.40503020673691,158.10648337862935,10.940200751843896,122.40503020673691,0.0,4.2074450790909355,122.40503020673691,411.67799017902115,330.66107158065495,0.2,221.62662943441057,92.38434461251968,735.4686491130099,78564.3072573565,0.15141110775649735,7344.301812404215,4037.4266196304634,211.43958594010712,22.378102201446154,1.0,0.45,0.3794,5522.558669701402,1831.8977709566998,Wh,1831.8977709566998,Wh
38,9e42597a2b7237a90a0e70badf7f53f1,SeasonalNaive,"{""method"": ""lastvalue"", ""lag_1"": 12, ""lag_2"": 28}","{""fillna"": ""ffill"", ""transformations"": {""0"": ""Scaler"", ""1"": ""Scaler"", ""2"": ""DifferencedTransformer"", ""3"": ""DifferencedTransformer""}, ""transformation_params"": {""0"": {}, ""1"": {}, ""2"": {""lag"": 2, ""fill"": ""bfill""}, ""3"": {""lag"": 2, ""fill"": ""bfill""}}}",0,1,165.99696810560354,99.44281033277511,121.2274579183106,8.145372472964402,99.44281033277511,0.0,0.0,4.2926164385048535,5966.568619966507,99.44281033277511,438.0195942165243,0.9833333333333333,0.45,243.63519620895386,0.2,169.21164259609202,78.94608916955836,566.8897203942382,44939.649835938675,0.7971499084407565,5966.568619966507,3678.027788452719,165.85611995877596,18.180146429173377,165.99696810560354,99.44281033277511,121.2274579183106,8.145372472964402,99.44281033277511,0.0,4.2926164385048535,99.44281033277511,438.0195942165243,243.63519620895386,0.2,169.21164259609202,78.94608916955836,566.8897203942382,44939.649835938675,0.7971499084407565,5966.568619966507,3678.027788452719,165.85611995877596,18.180146429173377,0.9833333333333333,0.45,0.0956,5520.17947285942,1488.2481731233167,Wh,1488.2481731233167,Wh
39,62c1b516a50e13f23271a220310cfaba,RollingRegression,"{""regression_model"": {""model"": ""ElasticNet"", ""model_params"": {""l1_ratio"": 0.1, ""fit_intercept"": true, ""selection"": ""cyclic"", ""max_iter"": 1000}}, ""holiday"": false, ""mean_rolling_periods"": 7, ""macd_periods"": null, ""std_rolling_periods"": null, ""max_rolling_periods"": 7, ""min_rolling_periods"": 24, ""ewm_var_alpha"": null, ""quantile90_rolling_periods"": null, ""quantile10_rolling_periods"": null, ""ewm_alpha"": null, ""additional_lag_periods"": 11, ""abs_energy"": false, ""rolling_autocorr_periods"": null, ""nonzero_last_n"": null, ""add_date_part"": ""simple_2"", ""polynomial_degree"": null, ""x_transform"": null, ""regression_type"": null}","{""fillna"": ""rolling_mean_24"", ""transformations"": {""0"": ""Scaler"", ""1"": ""DifferencedTransformer"", ""2"": ""DifferencedTransformer""}, ""transformation_params"": {""0"": {}, ""1"": {""lag"": 1, ""fill"": ""bfill""}, ""2"": {""lag"": 1, ""fill"": ""zero""}}}",0,1,150.11801972629033,93.52021791788907,121.85579535923722,8.631538234586541,93.52021791788907,0.0,0.0,3.940186692003618,5611.213075073344,93.52021791788907,406.9000523215605,1.0,0.45,260.0508963778479,0.2,170.90910874610395,69.7441216610362,566.5052084186175,47377.07643103875,0.1284568817222663,5611.213075073344,3039.0598480072235,154.0988817062416,17.097377378473567,150.11801972629033,93.52021791788907,121.85579535923722,8.631538234586541,93.52021791788907,0.0,3.940186692003618,93.52021791788907,406.9000523215605,260.0508963778479,0.2,170.90910874610395,69.7441216610362,566.5052084186175,47377.07643103875,0.1284568817222663,5611.213075073344,3039.0598480072235,154.0988817062416,17.097377378473567,1.0,0.45,0.3627,5163.817040688038,1399.6114249047973,Wh,1399.6114249047973,Wh
40,e54d2903feda962f4411605219265b7c,RollingRegression,"{""regression_model"": {""model"": ""ElasticNet"", ""model_params"": {""l1_ratio"": 0.1, ""fit_intercept"": true, ""selection"": ""cyclic"", ""max_iter"": 1000}}, ""holiday"": false, ""mean_rolling_periods"": 5, ""macd_periods"": 7, ""std_rolling_periods"": null, ""max_rolling_periods"": null, ""min_rolling_periods"": 24, ""ewm_var_alpha"": null, ""quantile90_rolling_periods"": null, ""quantile10_rolling_periods"": null, ""ewm_alpha"": null, ""additional_lag_periods"": 11, ""abs_energy"": false, ""rolling_autocorr_periods"": null, ""nonzero_last_n"": null, ""add_date_part"": ""simple_2"", ""polynomial_degree"": null, ""x_transform"": null, ""regression_type"": null}","{""fillna"": ""ffill"", ""transformations"": {""0"": ""Scaler"", ""1"": ""Scaler"", ""2"": ""DifferencedTransformer"", ""3"": ""DifferencedTransformer""}, ""transformation_params"": {""0"": {}, ""1"": {}, ""2"": {""lag"": 1, ""fill"": ""bfill""}, ""3"": {""lag"": 1, ""fill"": ""bfill""}}}",0,1,149.6291997284149,91.6847211427302,119.50691413757967,8.474511717101098,91.6847211427302,0.0,0.0,3.921138548591034,5501.0832685638115,91.6847211427302,406.5964399139931,1.0,0.45,255.25028594793548,0.2,167.61862317759565,68.33914805370335,555.5715043183097,45596.85215805109,0.12657059950513225,5501.0832685638115,2977.6627693360415,150.45514406813223,16.761811639422188,149.6291997284149,91.6847211427302,119.50691413757967,8.474511717101098,91.6847211427302,0.0,3.921138548591034,91.6847211427302,406.5964399139931,255.25028594793548,0.2,167.61862317759565,68.33914805370335,555.5715043183097,45596.85215805109,0.12657059950513225,5501.0832685638115,2977.6627693360415,150.45514406813223,16.761811639422188,1.0,0.45,0.385,5140.807301778668,1372.1416187593088,Wh,1372.1416187593088,Wh
41,03a8c09251285c166ea14090dfafd49b,RollingRegression,"{""regression_model"": {""model"": ""ElasticNet"", ""model_params"": {""l1_ratio"": 0.1, ""fit_intercept"": true, ""selection"": ""cyclic"", ""max_iter"": 1000}}, ""holiday"": false, ""mean_rolling_periods"": 5, ""macd_periods"": null, ""std_rolling_periods"": 7, ""max_rolling_periods"": 7, ""min_rolling_periods"": 24, ""ewm_var_alpha"": null, ""quantile90_rolling_periods"": null, ""quantile10_rolling_periods"": null, ""ewm_alpha"": null, ""additional_lag_periods"": 11, ""abs_energy"": false, ""rolling_autocorr_periods"": null, ""nonzero_last_n"": null, ""add_date_part"": ""simple_2"", ""polynomial_degree"": null, ""x_transform"": null, ""regression_type"": null}","{""fillna"": ""cubic"", ""transformations"": {""0"": ""DifferencedTransformer"", ""1"": ""DifferencedTransformer""}, ""transformation_params"": {""0"": {""lag"": 1, ""fill"": ""bfill""}, ""1"": {""lag"": 1, ""fill"": ""one""}}}",0,1,149.3697770558799,90.86333279083532,118.46500381962004,8.403821952646986,90.86333279083532,0.0,0.0,3.9117473437783414,5451.799967450119,90.86333279083532,406.8515046868668,1.0,0.45,253.0834213688907,0.2,166.1602099825075,67.70971041407942,550.7114897127188,44813.08979022809,0.12568001244953958,5451.799967450119,2949.647192490402,148.82456443769678,16.61164532309731,149.3697770558799,90.86333279083532,118.46500381962004,8.403821952646986,90.86333279083532,0.0,3.9117473437783414,90.86333279083532,406.8515046868668,253.0834213688907,0.2,166.1602099825075,67.70971041407942,550.7114897127188,44813.08979022809,0.12568001244953958,5451.799967450119,2949.647192490402,148.82456443769678,16.61164532309731,1.0,0.45,0.3876,5134.389812258811,1359.8488274550243,Wh,1359.8488274550243,Wh
42,fe5f582743a451a0bb53c6a3d218e187,RollingRegression,"{""regression_model"": {""model"": ""BayesianRidge"", ""model_params"": {}}, ""holiday"": false, ""mean_rolling_periods"": 5, ""macd_periods"": null, ""std_rolling_periods"": null, ""max_rolling_periods"": 7, ""min_rolling_periods"": 24, ""ewm_var_alpha"": null, ""quantile90_rolling_periods"": null, ""quantile10_rolling_periods"": null, ""ewm_alpha"": null, ""additional_lag_periods"": 11, ""abs_energy"": false, ""rolling_autocorr_periods"": null, ""nonzero_last_n"": null, ""add_date_part"": ""simple_2"", ""polynomial_degree"": null, ""x_transform"": null, ""regression_type"": null}","{""fillna"": ""zero"", ""transformations"": {""0"": ""Scaler"", ""1"": ""DifferencedTransformer"", ""2"": ""DifferencedTransformer""}, ""transformation_params"": {""0"": {}, ""1"": {""lag"": 1, ""fill"": ""zero""}, ""2"": {""lag"": 1, ""fill"": ""bfill""}}}",0,1,134.48088767939927,51.02552792544183,65.00805463393115,4.4203849304085905,51.02552792544183,0.0,0.0,3.377495525455284,3061.53167552651,51.02552792544183,434.9844664025843,1.0,0.4666666666666667,130.77099333448442,0.2,91.07642327778198,39.294276085530896,302.34335335094124,12915.763629954728,0.07051261786905443,3061.53167552651,1721.555373775921,70.42004027187191,9.328493092724525,134.48088767939927,51.02552792544183,65.00805463393115,4.4203849304085905,51.02552792544183,0.0,3.377495525455284,51.02552792544183,434.9844664025843,130.77099333448442,0.2,91.07642327778198,39.294276085530896,302.34335335094124,12915.763629954728,0.07051261786905443,3061.53167552651,1721.555373775921,70.42004027187191,9.328493092724525,1.0,0.4666666666666667,0.3955,4967.428525199377,763.6414182540772,Wh,763.6414182540772,Wh
43,df33723b7269cbd4c7dc512a990ac9ab,RollingRegression,"{""regression_model"": {""model"": ""ElasticNet"", ""model_params"": {""l1_ratio"": 0.1, ""fit_intercept"": true, ""selection"": ""cyclic"", ""max_iter"": 1000}}, ""holiday"": false, ""mean_rolling_periods"": 7, ""macd_periods"": null, ""std_rolling_periods"": null, ""max_rolling_periods"": 7, ""min_rolling_periods"": 96, ""ewm_var_alpha"": null, ""quantile90_rolling_periods"": null, ""quantile10_rolling_periods"": null, ""ewm_alpha"": 0.5, ""additional_lag_periods"": 6, ""abs_energy"": false, ""rolling_autocorr_periods"": null, ""nonzero_last_n"": null, ""add_date_part"": ""simple_2"", ""polynomial_degree"": null, ""x_transform"": null, ""regression_type"": null}","{""fillna"": ""ffill"", ""transformations"": {""0"": ""DifferencedTransformer"", ""1"": ""DifferencedTransformer"", ""2"": ""Scaler""}, ""transformation_params"": {""0"": {""lag"": 7, ""fill"": ""bfill""}, ""1"": {""lag"": 1, ""fill"": ""bfill""}, ""2"": {}}}",0,1,176.07731440372444,122.35330656706229,145.19950976522819,9.861318342812055,122.35330656706229,0.0,0.0,4.602983290908713,7341.198394023738,122.35330656706229,355.2581198009464,0.9333333333333333,0.45,296.7922908608523,0.2,201.86541585193385,97.75427023322125,680.6998474224179,66543.56016651487,0.5458723246387336,7341.198394023738,4816.412372696312,211.33690672257157,22.368646079480296,176.07731440372444,122.35330656706229,145.19950976522819,9.861318342812055,122.35330656706229,0.0,4.602983290908713,122.35330656706229,355.2581198009464,296.7922908608523,0.2,201.86541585193385,97.75427023322125,680.6998474224179,66543.56016651487,0.5458723246387336,7341.198394023738,4816.412372696312,211.33690672257157,22.368646079480296,0.9333333333333333,0.45,0.4108,4933.870843760481,1831.1236816887533,Wh,1831.1236816887533,Wh
44,9a8c9016cf504626e1352cd6d9a80117,ARIMA,"{""p"": 2, ""d"": 2, ""q"": 0, ""regression_type"": null}","{""fillna"": ""nearest"", ""transformations"": {""0"": ""DifferencedTransformer"", ""1"": ""Scaler"", ""2"": ""Scaler"", ""3"": ""Scaler""}, ""transformation_params"": {""0"": {""lag"": 1, ""fill"": ""bfill""}, ""1"": {}, ""2"": {}, ""3"": {}}}",0,1,183.19970495751858,5.023957108386648,5.21257084903672,1.0610018529617533,5.023957108386648,0.0,-301.4374265031989,5.023957108386648,0.0,1.749896678097359,474.135795166577,1.0,0.55,6.628880023956299,0.8,4.83119137127641,4.759980901699781,20.10270804507413,61.72581476596944,0.04923390184045068,301.4374265031989,294.2121623352946,19.16891065137391,0.9184804369336333,183.19970495751858,5.023957108386648,5.21257084903672,1.0610018529617533,5.023957108386648,0.0,5.023957108386648,1.749896678097359,474.135795166577,6.628880023956299,0.8,4.83119137127641,4.759980901699781,20.10270804507413,61.72581476596944,0.04923390184045068,301.4374265031989,294.2121623352946,19.16891065137391,0.9184804369336333,1.0,0.55,0.0378,4900.25633229943,75.18788903275835,Wh,75.18788903275835,Wh
45,e2fe9b3918e29a4c163452333527eb97,RollingRegression,"{""regression_model"": {""model"": ""ElasticNet"", ""model_params"": {""l1_ratio"": 0.1, ""fit_intercept"": true, ""selection"": ""cyclic"", ""max_iter"": 1000}}, ""holiday"": false, ""mean_rolling_periods"": 7, ""macd_periods"": null, ""std_rolling_periods"": null, ""max_rolling_periods"": null, ""min_rolling_periods"": 12, ""ewm_var_alpha"": null, ""quantile90_rolling_periods"": null, ""quantile10_rolling_periods"": null, ""ewm_alpha"": null, ""additional_lag_periods"": 6, ""abs_energy"": false, ""rolling_autocorr_periods"": null, ""nonzero_last_n"": null, ""add_date_part"": ""simple_2"", ""polynomial_degree"": null, ""x_transform"": null, ""regression_type"": null}","{""fillna"": ""quadratic"", ""transformations"": {""0"": ""Scaler"", ""1"": ""DifferencedTransformer"", ""2"": ""DifferencedTransformer""}, ""transformation_params"": {""0"": {}, ""1"": {""lag"": 1, ""fill"": ""bfill""}, ""2"": {""lag"": 1, ""fill"": ""bfill""}}}",0,1,142.7792456989402,69.48803851170624,91.72530845149083,6.735046964157055,69.48803851170624,0.0,0.0,3.664676034983775,4169.282310702374,69.48803851170624,402.9245408955595,1.0,0.45,202.12230414409134,0.2,128.7381870509406,50.79178632040572,425.9520776850719,27515.539574296123,0.1099013065363324,4169.282310702374,2213.491726093546,106.39138485132294,12.703811477082613,142.7792456989402,69.48803851170624,91.72530845149083,6.735046964157055,69.48803851170624,0.0,3.664676034983775,69.48803851170624,402.9245408955595,202.12230414409134,0.2,128.7381870509406,50.79178632040572,425.9520776850719,27515.539574296123,0.1099013065363324,4169.282310702374,2213.491726093546,106.39138485132294,12.703811477082613,1.0,0.45,0.3453,4864.077277767949,1039.948951793502,Wh,1039.948951793502,Wh
46,d08c2472c3b11bc97c8eff5ad49672a1,SeasonalNaive,"{""method"": ""lastvalue"", ""lag_1"": 12, ""lag_2"": 24}","{""fillna"": ""seasonal_linear"", ""transformations"": {""0"": ""Scaler"", ""1"": ""Scaler"", ""2"": ""DifferencedTransformer"", ""3"": ""DifferencedTransformer""}, ""transformation_params"": {""0"": {}, ""1"": {}, ""2"": {""lag"": 1, ""fill"": ""zero""}, ""3"": {""lag"": 1, ""fill"": ""bfill""}}}",0,1,134.90120929226106,40.808688990275066,51.16005265240313,3.6179060219865775,40.808688990275066,0.0,0.0,3.3408293002383256,2448.521339416504,40.808688990275066,433.2909304353243,1.0,0.48333333333333334,103.6832320690155,0.2,71.64957790730718,31.576039141299677,238.7677799827287,8043.0978490098,0.5632536811265432,2448.521339416504,1429.7465794627512,51.81189154959352,7.460649381720786,134.90120929226106,40.808688990275066,51.16005265240313,3.6179060219865775,40.808688990275066,0.0,3.3408293002383256,40.808688990275066,433.2909304353243,103.6832320690155,0.2,71.64957790730718,31.576039141299677,238.7677799827287,8043.0978490098,0.5632536811265432,2448.521339416504,1429.7465794627512,51.81189154959352,7.460649381720786,1.0,0.48333333333333334,0.1023,4839.214107577057,610.7375348111766,Wh,610.7375348111766,Wh
47,46a09257bf5e9315c75acf16570fec07,DatepartRegression,"{""regression_model"": {""model"": ""Adaboost"", ""model_params"": {""n_estimators"": 50, ""loss"": ""linear"", ""estimator"": ""ExtraTree"", ""learning_rate"": 1, ""max_depth"": 2}}, ""datepart_method"": [""dayofweek"", [365.25, 14]], ""polynomial_degree"": null, ""holiday_countries_used"": false, ""lags"": 1, ""forward_lags"": null, ""regression_type"": null}","{""fillna"": ""ffill"", ""transformations"": {""0"": ""DifferencedTransformer"", ""1"": ""Scaler"", ""2"": ""DifferencedTransformer"", ""3"": ""Scaler""}, ""transformation_params"": {""0"": {""lag"": 1, ""fill"": ""bfill""}, ""1"": {}, ""2"": {""lag"": 1, ""fill"": ""bfill""}, ""3"": {}}}",0,1,134.5998397850636,65.49172279314314,86.91258462785521,5.938450258127101,65.49172279314314,0.0,-0.09740387309681253,3.4760560810249372,3929.4059637154915,65.4916485165078,402.26373686124384,1.0,0.45,175.8337115424966,0.2,122.05146842234853,48.63117995354087,402.1774984839419,23178.888016363428,0.19288914122326886,3929.308559842395,2045.7089689650898,99.52247515901938,11.972610981844385,134.5998397850636,65.49172279314314,86.91258462785521,5.938450258127101,65.49172279314314,0.0,3.4760560810249372,65.4916485165078,402.26373686124384,175.8337115424966,0.2,122.05146842234853,48.63117995354087,402.1774984839419,23178.888016363428,0.19288914122326886,3929.308559842395,2045.7089689650898,99.52247515901938,11.972610981844385,1.0,0.45,0.1531,4809.21039194151,980.1406102203625,Wh,980.1406102203625,Wh
48,27327440fe7b89e98d483633f161ab5a,RollingRegression,"{""regression_model"": {""model"": ""ElasticNet"", ""model_params"": {""l1_ratio"": 0.1, ""fit_intercept"": true, ""selection"": ""cyclic"", ""max_iter"": 1000}}, ""holiday"": false, ""mean_rolling_periods"": 7, ""macd_periods"": 60, ""std_rolling_periods"": 7, ""max_rolling_periods"": 12, ""min_rolling_periods"": null, ""ewm_var_alpha"": null, ""quantile90_rolling_periods"": null, ""quantile10_rolling_periods"": null, ""ewm_alpha"": null, ""additional_lag_periods"": 90, ""abs_energy"": false, ""rolling_autocorr_periods"": null, ""nonzero_last_n"": null, ""add_date_part"": null, ""polynomial_degree"": null, ""x_transform"": null, ""regression_type"": null}","{""fillna"": ""time"", ""transformations"": {""0"": ""DifferencedTransformer"", ""1"": ""DifferencedTransformer"", ""2"": ""Scaler""}, ""transformation_params"": {""0"": {""lag"": 1, ""fill"": ""zero""}, ""1"": {""lag"": 1, ""fill"": ""bfill""}, ""2"": {}}}",0,1,114.48982000672405,33.15831274754751,45.561791451171764,3.5829143770391907,33.15831274754751,0.0,0.0,2.8600446808434796,1989.4987648528509,33.15831274754751,432.02861626667203,1.0,0.45,102.6459717939872,0.2,64.10393395377953,23.305807738106967,210.03357159250592,6909.724495633355,0.06288651908735257,1989.4987648528509,977.4202759834142,37.090226868528376,6.062006685827311,114.48982000672405,33.15831274754751,45.561791451171764,3.5829143770391907,33.15831274754751,0.0,2.8600446808434796,33.15831274754751,432.02861626667203,102.6459717939872,0.2,64.10393395377953,23.305807738106967,210.03357159250592,6909.724495633355,0.06288651908735257,1989.4987648528509,977.4202759834142,37.090226868528376,6.062006685827311,1.0,0.45,0.3615,4743.624354642559,496.2429984153892,Wh,496.2429984153892,Wh
49,01ba56fc8561aab08fd0d7e205e6c23e,WindowRegression,"{""window_size"": 24, ""input_dim"": ""univariate"", ""output_dim"": ""1step"", ""normalize_window"": true, ""max_windows"": 5000000, ""fourier_encoding_components"": null, ""scale"": true, ""datepart_method"": ""anchored_segment_fourier:us_school"", ""regression_type"": null, ""regression_model"": {""model"": ""Adaboost"", ""model_params"": {""n_estimators"": 50, ""loss"": ""linear"", ""estimator"": null, ""learning_rate"": 1, ""max_depth"": 3}}}","{""fillna"": ""ffill"", ""transformations"": {""0"": ""Scaler"", ""1"": ""Scaler"", ""2"": ""DifferencedTransformer"", ""3"": ""DifferencedTransformer"", ""4"": ""Scaler""}, ""transformation_params"": {""0"": {}, ""1"": {}, ""2"": {""lag"": 2, ""fill"": ""bfill""}, ""3"": {""lag"": 2, ""fill"": ""bfill""}, ""4"": {}}}",0,1,167.11694039495444,89.26573933226048,103.5277081378166,5.813269414933354,89.26573933226048,0.0,0.0,4.269067467067552,5355.944359935629,89.26573933226048,365.9713803643753,0.95,0.45,175.70261622529483,0.2,143.73141620228262,75.47656572676716,480.62795751098986,29547.91947652843,0.4563025185201046,5355.944359935629,3608.7372855602844,145.6531007259708,16.3195730967193,167.11694039495444,89.26573933226048,103.5277081378166,5.813269414933354,89.26573933226048,0.0,4.269067467067552,89.26573933226048,365.9713803643753,175.70261622529483,0.2,143.73141620228262,75.47656572676716,480.62795751098986,29547.91947652843,0.4563025185201046,5355.944359935629,3608.7372855602844,145.6531007259708,16.3195730967193,0.95,0.45,1.7551,4681.1977361801455,1335.9394514210878,Wh,1335.9394514210878,Wh
50,2cedc94e8f79b575ed12fb577a9c9af6,ARIMA,"{""p"": 4, ""d"": 1, ""q"": 5, ""regression_type"": null}","{""fillna"": ""ffill"", ""transformations"": {""0"": ""DifferencedTransformer"", ""1"": ""DifferencedTransformer""}, ""transformation_params"": {""0"": {""lag"": 1, ""fill"": ""bfill""}, ""1"": {""lag"": 1, ""fill"": ""bfill""}}}",0,1,129.0141892792124,43.70713680501459,57.451808374545976,4.181884878066566,43.70713680501459,0.0,-0.05205500471559077,3.2295916832672504,2622.37615329616,43.707114978249336,408.5731634674346,1.0,0.45,123.23816393111042,0.2,80.66651459937707,32.28900982080353,266.7940999136805,10572.378828773202,0.07380383407485337,2622.324098291444,1398.5585283915516,55.61970731947131,7.990226733025674,129.0141892792124,43.70713680501459,57.451808374545976,4.181884878066566,43.70713680501459,0.0,3.2295916832672504,43.707114978249336,408.5731634674346,123.23816393111042,0.2,80.66651459937707,32.28900982080353,266.7940999136805,10572.378828773202,0.07380383407485337,2622.324098291444,1398.5585283915516,55.61970731947131,7.990226733025674,1.0,0.45,0.709,4629.219556853819,654.1153280447379,Wh,654.1153280447379,Wh
51,9fbff5287de4f146eb8d0b5554707f8b,ARIMA,"{""p"": 0, ""d"": 1, ""q"": 1, ""regression_type"": null}","{""fillna"": ""quadratic"", ""transformations"": {""0"": ""Scaler"", ""1"": ""DifferencedTransformer"", ""2"": ""DifferencedTransformer""}, ""transformation_params"": {""0"": {}, ""1"": {""lag"": 1, ""fill"": ""zero""}, ""2"": {""lag"": 1, ""fill"": ""bfill""}}}",0,1,102.01198652917878,21.58511121507252,29.313534805178552,2.394009856685167,21.58511121507252,0.0,-0.495985791123414,2.5114402650390266,1294.6106871132276,21.5843314395024,431.1611297756575,1.0,0.4666666666666667,64.70999933305215,0.21666666666666667,41.25799090896401,15.417471440671916,135.39225223502478,2814.1999093676427,0.03835244311015159,1294.1147013221043,647.2705005325246,16.990298978606592,3.943170063853869,102.01198652917878,21.58511121507252,29.313534805178552,2.394009856685167,21.58511121507252,0.0,2.5114402650390266,21.5843314395024,431.1611297756575,64.70999933305215,0.21666666666666667,41.25799090896401,15.417471440671916,135.39225223502478,2814.1999093676427,0.03835244311015159,1294.1147013221043,647.2705005325246,16.990298978606592,3.943170063853869,1.0,0.4666666666666667,0.0883,4596.397081180014,323.0399686512844,Wh,323.0399686512844,Wh
52,b6b161a03eac82b8407654b91c436aac,RollingRegression,"{""regression_model"": {""model"": ""ElasticNet"", ""model_params"": {""l1_ratio"": 0.1, ""fit_intercept"": true, ""selection"": ""cyclic"", ""max_iter"": 1000}}, ""holiday"": false, ""mean_rolling_periods"": 7, ""macd_periods"": null, ""std_rolling_periods"": null, ""max_rolling_periods"": 7, ""min_rolling_periods"": 24, ""ewm_var_alpha"": null, ""quantile90_rolling_periods"": null, ""quantile10_rolling_periods"": null, ""ewm_alpha"": null, ""additional_lag_periods"": 11, ""abs_energy"": false, ""rolling_autocorr_periods"": null, ""nonzero_last_n"": null, ""add_date_part"": ""simple_2"", ""polynomial_degree"": null, ""x_transform"": null, ""regression_type"": null}","{""fillna"": ""fake_date"", ""transformations"": {""0"": ""DifferencedTransformer"", ""1"": ""DifferencedTransformer"", ""2"": ""Scaler"", ""3"": ""Scaler""}, ""transformation_params"": {""0"": {""lag"": 2, ""fill"": ""bfill""}, ""1"": {""lag"": 1, ""fill"": ""one""}, ""2"": {}, ""3"": {}}}",0,1,162.58241565474734,101.66094457445256,127.35103360564739,8.721784373830733,101.66094457445256,0.0,0.0,4.236912695688524,6099.656674467154,101.66094457445256,341.2527780148232,0.9666666666666667,0.45,262.95658840457776,0.2,178.1547007599207,78.49227373810416,594.7516165722853,50555.196323994795,0.20388734542163575,6099.656674467154,3571.957175652267,170.25945061680977,18.585665995427714,162.58241565474734,101.66094457445256,127.35103360564739,8.721784373830733,101.66094457445256,0.0,4.236912695688524,101.66094457445256,341.2527780148232,262.95658840457776,0.2,178.1547007599207,78.49227373810416,594.7516165722853,50555.196323994795,0.20388734542163575,6099.656674467154,3571.957175652267,170.25945061680977,18.585665995427714,0.9666666666666667,0.45,0.3968,4592.017074752313,1521.4444818546551,Wh,1521.4444818546551,Wh
53,1cedd9ccbca5ad3e84b27e2586519bb5,RollingRegression,"{""regression_model"": {""model"": ""RANSAC"", ""model_params"": {}}, ""holiday"": false, ""mean_rolling_periods"": 5, ""macd_periods"": 28, ""std_rolling_periods"": null, ""max_rolling_periods"": 32, ""min_rolling_periods"": 4, ""ewm_var_alpha"": null, ""quantile90_rolling_periods"": null, ""quantile10_rolling_periods"": null, ""ewm_alpha"": 0.2, ""additional_lag_periods"": 35, ""abs_energy"": false, ""rolling_autocorr_periods"": null, ""nonzero_last_n"": null, ""add_date_part"": ""simple_binarized"", ""polynomial_degree"": null, ""x_transform"": null, ""regression_type"": null}","{""fillna"": ""rolling_mean"", ""transformations"": {""0"": ""Scaler"", ""1"": ""DifferencedTransformer"", ""2"": ""Scaler"", ""3"": ""DifferencedTransformer""}, ""transformation_params"": {""0"": {}, ""1"": {""lag"": 1, ""fill"": ""bfill""}, ""2"": {}, ""3"": {""lag"": 1, ""fill"": ""bfill""}}}",0,1,130.10580767116332,45.10875205441128,59.57576912447021,4.420438980371318,45.10875205441128,0.0,0.0,3.2716624792138047,2706.525123264677,45.10875205441128,398.89044411927273,1.0,0.45,129.42395652829327,0.2,83.6520805650557,33.027645619857815,276.56361482444424,11479.892616872241,0.1796608953998638,2706.525123264677,1434.0730874387164,58.2975533218081,8.24678742326516,130.10580767116332,45.10875205441128,59.57576912447021,4.420438980371318,45.10875205441128,0.0,3.2716624792138047,45.10875205441128,398.89044411927273,129.42395652829327,0.2,83.6520805650557,33.027645619857815,276.56361482444424,11479.892616872241,0.1796608953998638,2706.525123264677,1434.0730874387164,58.2975533218081,8.24678742326516,1.0,0.45,0.8369,4550.153876011765,675.0917196748214,Wh,675.0917196748214,Wh
54,a111460b4d4375d27bebfc2de0b44da7,DatepartRegression,"{""regression_model"": {""model"": ""ElasticNet"", ""model_params"": {""l1_ratio"": 0.5, ""fit_intercept"": true, ""selection"": ""cyclic"", ""max_iter"": 1000}}, ""datepart_method"": [""is_month_start"", ""days_from_epoch"", ""days_from_epoch""], ""polynomial_degree"": null, ""holiday_countries_used"": false, ""lags"": 1, ""forward_lags"": null, ""regression_type"": null}","{""fillna"": ""rolling_mean_24"", ""transformations"": {""0"": ""Scaler"", ""1"": ""DifferencedTransformer"", ""2"": ""DifferencedTransformer""}, ""transformation_params"": {""0"": {}, ""1"": {""lag"": 1, ""fill"": ""bfill""}, ""2"": {""lag"": 1, ""fill"": ""zero""}}}",0,1,122.46841050771368,43.89424107065619,60.47246216104117,4.720831016900857,43.89424107065619,0.0,-0.218664972199349,3.0870805546542566,2633.435799267172,43.893982349815204,398.690448575938,1.0,0.45,138.35896562682137,0.21666666666666667,85.0527307604262,30.653348254113777,278.70683575224757,12326.525539894332,0.08572887717353846,2633.2171342949728,1287.8467592115621,57.489725894687666,8.02341783535201,122.46841050771368,43.89424107065619,60.47246216104117,4.720831016900857,43.89424107065619,0.0,3.0870805546542566,43.893982349815204,398.690448575938,138.35896562682137,0.21666666666666667,85.0527307604262,30.653348254113777,278.70683575224757,12326.525539894332,0.08572887717353846,2633.2171342949728,1287.8467592115621,57.489725894687666,8.02341783535201,1.0,0.45,0.0985,4537.89024402818,656.9155061631244,Wh,656.9155061631244,Wh
55,a4da39ccabf6a3042e8ef5212e723e5f,SeasonalNaive,"{""method"": ""lastvalue"", ""lag_1"": 12, ""lag_2"": 28}","{""fillna"": ""pchip"", ""transformations"": {""0"": ""DifferencedTransformer"", ""1"": ""Scaler"", ""2"": ""DifferencedTransformer""}, ""transformation_params"": {""0"": {""lag"": 1, ""fill"": ""bfill""}, ""1"": {}, ""2"": {""lag"": 1, ""fill"": ""bfill""}}}",0,1,133.71623717244813,38.6730686823527,48.2938263197605,3.480378853435538,38.6730686823527,0.0,0.0,3.3022297070399302,2320.384120941162,38.6730686823527,397.8245202382755,1.0,0.45,97.79406452178955,0.2,67.62283710103854,30.083786337983373,225.43851113331283,7162.611139208178,0.5292147777198123,2320.384120941162,1364.8763083654196,45.898916831588295,7.0702150226633735,133.71623717244813,38.6730686823527,48.2938263197605,3.480378853435538,38.6730686823527,0.0,3.3022297070399302,38.6730686823527,397.8245202382755,97.79406452178955,0.2,67.62283710103854,30.083786337983373,225.43851113331283,7162.611139208178,0.5292147777198123,2320.384120941162,1364.8763083654196,45.898916831588295,7.0702150226633735,1.0,0.45,0.1033,4462.983258047209,578.7761188866411,Wh,578.7761188866411,Wh
56,9fc89edf98ead824a99b6fa1c6e82c74,ARIMA,"{""p"": 5, ""d"": 1, ""q"": 4, ""regression_type"": null}","{""fillna"": ""rolling_mean"", ""transformations"": {""0"": ""DifferencedTransformer"", ""1"": ""Scaler"", ""2"": ""DifferencedTransformer"", ""3"": ""Scaler""}, ""transformation_params"": {""0"": {""lag"": 1, ""fill"": ""bfill""}, ""1"": {}, ""2"": {""lag"": 1, ""fill"": ""zero""}, ""3"": {}}}",0,1,118.58579969380023,31.309072412009492,41.13801869008726,3.0865705841224127,31.309072412009492,0.0,-0.20042062918757964,2.9327868105229546,1878.3439240913824,31.308776601851328,404.41146305059436,1.0,0.43333333333333335,87.99822334934042,0.18333333333333332,57.786090226984435,23.153058461713865,191.02639604774984,5409.241066513078,0.060069702206435815,1878.1435034621948,1001.8442299908443,31.99361504180663,5.722706983320517,118.58579969380023,31.309072412009492,41.13801869008726,3.0865705841224127,31.309072412009492,0.0,2.9327868105229546,31.308776601851328,404.41146305059436,87.99822334934042,0.18333333333333332,57.786090226984435,23.153058461713865,191.02639604774984,5409.241066513078,0.060069702206435815,1878.1435034621948,1001.8442299908443,31.99361504180663,5.722706983320517,1.0,0.43333333333333335,0.6784,4445.644424066023,468.56750793175655,Wh,468.56750793175655,Wh
57,b73e6c223f4307999e65fa3182f64327,RollingRegression,"{""regression_model"": {""model"": ""ElasticNet"", ""model_params"": {""l1_ratio"": 0.1, ""fit_intercept"": true, ""selection"": ""cyclic"", ""max_iter"": 1000}}, ""holiday"": false, ""mean_rolling_periods"": 7, ""macd_periods"": null, ""std_rolling_periods"": null, ""max_rolling_periods"": 7, ""min_rolling_periods"": 24, ""ewm_var_alpha"": null, ""quantile90_rolling_periods"": null, ""quantile10_rolling_periods"": null, ""ewm_alpha"": null, ""additional_lag_periods"": 11, ""abs_energy"": false, ""rolling_autocorr_periods"": null, ""nonzero_last_n"": null, ""add_date_part"": ""simple_2"", ""polynomial_degree"": null, ""x_transform"": null, ""regression_type"": null}","{""fillna"": ""rolling_mean_24"", ""transformations"": {""0"": ""DifferencedTransformer"", ""1"": ""DifferencedTransformer""}, ""transformation_params"": {""0"": {""lag"": 7, ""fill"": ""zero""}, ""1"": {""lag"": 1, ""fill"": ""bfill""}}}",0,1,167.08925964573658,62.390177697366795,65.97814002153271,3.553056477616984,62.390177697366795,0.0,0.0,4.091161040553201,3743.410661842008,62.390177697366795,371.78998810051803,0.9333333333333333,0.45,102.73705284749892,0.2,89.31371263361618,56.28030591151628,299.4758437512232,12815.846894814973,0.4726937117265673,3743.410661842008,3048.85867919429,92.3010617577116,11.406179717614402,167.08925964573658,62.390177697366795,65.97814002153271,3.553056477616984,62.390177697366795,0.0,4.091161040553201,62.390177697366795,371.78998810051803,102.73705284749892,0.2,89.31371263361618,56.28030591151628,299.4758437512232,12815.846894814973,0.4726937117265673,3743.410661842008,3048.85867919429,92.3010617577116,11.406179717614402,0.9333333333333333,0.45,0.4227,4442.540090164248,933.723289478901,Wh,933.723289478901,Wh
58,dc2ffac0590d53d5989a3b5021dcad6c,RollingRegression,"{""regression_model"": {""model"": ""RANSAC"", ""model_params"": {}}, ""holiday"": false, ""mean_rolling_periods"": 5, ""macd_periods"": 28, ""std_rolling_periods"": 5, ""max_rolling_periods"": 32, ""min_rolling_periods"": 4, ""ewm_var_alpha"": null, ""quantile90_rolling_periods"": null, ""quantile10_rolling_periods"": null, ""ewm_alpha"": 0.2, ""additional_lag_periods"": 35, ""abs_energy"": false, ""rolling_autocorr_periods"": null, ""nonzero_last_n"": null, ""add_date_part"": ""simple_binarized"", ""polynomial_degree"": null, ""x_transform"": null, ""regression_type"": null}","{""fillna"": ""ffill_mean_biased"", ""transformations"": {""0"": ""Scaler"", ""1"": ""Scaler"", ""2"": ""DifferencedTransformer"", ""3"": ""DifferencedTransformer"", ""4"": ""Scaler""}, ""transformation_params"": {""0"": {}, ""1"": {}, ""2"": {""lag"": 1, ""fill"": ""bfill""}, ""3"": {""lag"": 1, ""fill"": ""zero""}, ""4"": {}}}",0,1,127.18052078210265,36.72333796898759,47.33021929827911,3.4862382497915907,36.72333796898759,0.0,0.0,3.1535230883015557,2203.4002781392555,36.72333796898759,397.5034074067482,1.0,0.45,100.80293404902477,0.2,66.36884319571158,27.526932546799657,220.44345233462874,7136.905578346229,0.202951754562476,2203.4002781392555,1222.396340846884,41.54857595345067,6.713765021423297,127.18052078210265,36.72333796898759,47.33021929827911,3.4862382497915907,36.72333796898759,0.0,3.1535230883015557,36.72333796898759,397.5034074067482,100.80293404902477,0.2,66.36884319571158,27.526932546799657,220.44345233462874,7136.905578346229,0.202951754562476,2203.4002781392555,1222.396340846884,41.54857595345067,6.713765021423297,1.0,0.45,0.7466,4439.148905251858,549.596702470936,Wh,549.596702470936,Wh
59,d59fa8109a364556492773a74f79fe1f,ARIMA,"{""p"": 4, ""d"": 0, ""q"": 12, ""regression_type"": ""Holiday""}","{""fillna"": ""cubic"", ""transformations"": {""0"": ""DifferencedTransformer"", ""1"": ""DifferencedTransformer"", ""2"": ""Scaler""}, ""transformation_params"": {""0"": {""lag"": 7, ""fill"": ""bfill""}, ""1"": {""lag"": 1, ""fill"": ""bfill""}, ""2"": {}}}",0,1,173.40438714648624,82.66638032865065,88.05024176521516,4.739167702477671,82.66638032865065,0.0,0.0,4.35660742372359,4959.982819719039,82.66638032865065,336.8858795497394,0.9,0.45,141.95066893320535,0.2,119.39159090533722,74.04423229406662,401.15383861785443,22081.264733613007,0.5369707147127262,4959.982819719039,3968.070604076267,132.55237883188423,15.113077497662728,173.40438714648624,82.66638032865065,88.05024176521516,4.739167702477671,82.66638032865065,0.0,4.35660742372359,82.66638032865065,336.8858795497394,141.95066893320535,0.2,119.39159090533722,74.04423229406662,401.15383861785443,22081.264733613007,0.5369707147127262,4959.982819719039,3968.070604076267,132.55237883188423,15.113077497662728,0.9,0.45,21.7495,4304.667637964374,1237.174302406889,Wh,1237.174302406889,Wh
60,21b230bb4a741a998770d0d0aa6ae79e,ARIMA,"{""p"": 4, ""d"": 0, ""q"": 5, ""regression_type"": null}","{""fillna"": ""linear"", ""transformations"": {""0"": ""Scaler"", ""1"": ""Scaler"", ""2"": ""DifferencedTransformer"", ""3"": ""Scaler"", ""4"": ""Scaler"", ""5"": ""DifferencedTransformer""}, ""transformation_params"": {""0"": {}, ""1"": {}, ""2"": {""lag"": 1, ""fill"": ""bfill""}, ""3"": {}, ""4"": {}, ""5"": {""lag"": 2, ""fill"": ""zero""}}}",0,1,114.2134857919191,28.39802466971639,36.64986389923161,2.55922210155765,28.39802466971639,0.0,-1.152233980560994,2.799437254948176,1702.729246202422,28.394772470542247,381.0915420868658,1.0,0.4666666666666667,71.98349588898068,0.25,51.45458636522153,21.828674005487084,169.92084059934663,4038.0204067297404,0.0395009286027264,1701.5770122218612,929.1357115664441,28.34336273936172,5.184708534012037,114.2134857919191,28.39802466971639,36.64986389923161,2.55922210155765,28.39802466971639,0.0,2.799437254948176,28.394772470542247,381.0915420868658,71.98349588898068,0.25,51.45458636522153,21.828674005487084,169.92084059934663,4038.0204067297404,0.0395009286027264,1701.5770122218612,929.1357115664441,28.34336273936172,5.184708534012037,1.0,0.4666666666666667,3.0958,4176.839622795399,425.00114582026083,Wh,425.00114582026083,Wh
61,8b37434adfffa064768f0c6a149c3bcd,RollingRegression,"{""regression_model"": {""model"": ""ElasticNet"", ""model_params"": {""l1_ratio"": 0.9, ""fit_intercept"": true, ""selection"": ""cyclic"", ""max_iter"": 1000}}, ""holiday"": false, ""mean_rolling_periods"": 12, ""macd_periods"": 7, ""std_rolling_periods"": null, ""max_rolling_periods"": null, ""min_rolling_periods"": 24, ""ewm_var_alpha"": null, ""quantile90_rolling_periods"": null, ""quantile10_rolling_periods"": null, ""ewm_alpha"": 0.1, ""additional_lag_periods"": 11, ""abs_energy"": true, ""rolling_autocorr_periods"": null, ""nonzero_last_n"": null, ""add_date_part"": null, ""polynomial_degree"": null, ""x_transform"": null, ""regression_type"": null}","{""fillna"": ""rolling_mean_24"", ""transformations"": {""0"": ""Scaler"", ""1"": ""DifferencedTransformer"", ""2"": ""DifferencedTransformer""}, ""transformation_params"": {""0"": {}, ""1"": {""lag"": 1, ""fill"": ""zero""}, ""2"": {""lag"": 2, ""fill"": ""zero""}}}",0,1,143.24241439263707,64.50343490811684,83.3345723049601,5.859781869243123,64.50343490811684,0.0,0.0,3.650498688919142,3870.206094487011,64.50343490811684,334.7651058976976,1.0,0.45,175.64438078892442,0.2,116.85530200181246,48.499292854264866,387.84866296097437,21952.136844784658,0.08062639616503026,3870.206094487011,2132.830989647943,96.4961957083825,11.792525652583215,143.24241439263707,64.50343490811684,83.3345723049601,5.859781869243123,64.50343490811684,0.0,3.650498688919142,64.50343490811684,334.7651058976976,175.64438078892442,0.2,116.85530200181246,48.499292854264866,387.84866296097437,21952.136844784658,0.08062639616503026,3870.206094487011,2132.830989647943,96.4961957083825,11.792525652583215,1.0,0.45,0.385,4127.503823520136,965.3500221980776,Wh,965.3500221980776,Wh
62,97ceb6ada65b2c7530efcaf398f9a60e,ARIMA,"{""p"": 7, ""d"": 1, ""q"": 2, ""regression_type"": null}","{""fillna"": ""rolling_mean"", ""transformations"": {""0"": ""Scaler"", ""1"": ""Scaler"", ""2"": ""DifferencedTransformer"", ""3"": ""Scaler"", ""4"": ""DifferencedTransformer""}, ""transformation_params"": {""0"": {}, ""1"": {}, ""2"": {""lag"": 1, ""fill"": ""bfill""}, ""3"": {}, ""4"": {""lag"": 1, ""fill"": ""bfill""}}}",0,1,148.27629783814714,4.155804074618645,4.512211918711458,1.0165003733729825,4.155804074618645,0.0,-249.05958447008533,4.155472698760747,0.2886600070333758,1.5440701819654212,394.3668844541871,1.0,0.55,6.628880023956299,0.8,3.8064570942715004,3.819795184057633,18.780784356493324,48.273971944173105,0.020350820936075886,248.77092446305195,207.68917450002104,19.82132918949234,0.7580055006699146,148.27629783814714,4.155804074618645,4.512211918711458,1.0165003733729825,4.155804074618645,0.0,4.155472698760747,1.5440701819654212,394.3668844541871,6.628880023956299,0.8,3.8064570942715004,3.819795184057633,18.780784356493324,48.273971944173105,0.020350820936075886,248.77092446305195,207.68917450002104,19.82132918949234,0.7580055006699146,1.0,0.55,0.8568,4072.855712327972,62.19522357838252,Wh,62.19522357838252,Wh
63,4fea4b27fcbeffac3010ba5f7f21fabc,RollingRegression,"{""regression_model"": {""model"": ""ElasticNet"", ""model_params"": {""l1_ratio"": 0.1, ""fit_intercept"": true, ""selection"": ""cyclic"", ""max_iter"": 1000}}, ""holiday"": false, ""mean_rolling_periods"": 7, ""macd_periods"": null, ""std_rolling_periods"": null, ""max_rolling_periods"": 7, ""min_rolling_periods"": 96, ""ewm_var_alpha"": null, ""quantile90_rolling_periods"": null, ""quantile10_rolling_periods"": null, ""ewm_alpha"": 0.5, ""additional_lag_periods"": 27, ""abs_energy"": false, ""rolling_autocorr_periods"": null, ""nonzero_last_n"": null, ""add_date_part"": ""simple_binarized"", ""polynomial_degree"": null, ""x_transform"": null, ""regression_type"": null}","{""fillna"": ""ffill"", ""transformations"": {""0"": ""DifferencedTransformer"", ""1"": ""Scaler"", ""2"": ""Scaler"", ""3"": ""DifferencedTransformer""}, ""transformation_params"": {""0"": {""lag"": 1, ""fill"": ""bfill""}, ""1"": {}, ""2"": {}, ""3"": {""lag"": 1, ""fill"": ""bfill""}}}",0,1,136.1295545728687,7.013942263372761,10.543777438545371,2.159340800218956,7.013942263372761,0.0,-192.61940992110976,3.794048580298223,228.21712588125592,4.9623354482164395,391.12888595659217,1.0,0.6166666666666667,37.70135940800537,0.6,14.283389302204519,4.152596827787241,42.76286745028113,596.9208716592116,0.09120275159314613,35.59771596014616,184.01003175922102,13.324595898013563,0.10846631119499504,136.1295545728687,7.013942263372761,10.543777438545371,2.159340800218956,7.013942263372761,0.0,3.794048580298223,4.9623354482164395,391.12888595659217,37.70135940800537,0.6,14.283389302204519,4.152596827787241,42.76286745028113,596.9208716592116,0.09120275159314613,35.59771596014616,184.01003175922102,13.324595898013563,0.10846631119499504,1.0,0.6166666666666667,0.6278,4070.021331394963,104.96974818919149,Wh,104.96974818919149,Wh
64,75d2cbb3ec3047cd9f8644d46bd7d29f,RollingRegression,"{""regression_model"": {""model"": ""ElasticNet"", ""model_params"": {""l1_ratio"": 0.1, ""fit_intercept"": true, ""selection"": ""cyclic"", ""max_iter"": 1000}}, ""holiday"": false, ""mean_rolling_periods"": 7, ""macd_periods"": null, ""std_rolling_periods"": null, ""max_rolling_periods"": null, ""min_rolling_periods"": 96, ""ewm_var_alpha"": null, ""quantile90_rolling_periods"": null, ""quantile10_rolling_periods"": null, ""ewm_alpha"": 0.5, ""additional_lag_periods"": 6, ""abs_energy"": false, ""rolling_autocorr_periods"": null, ""nonzero_last_n"": null, ""add_date_part"": ""simple_2"", ""polynomial_degree"": null, ""x_transform"": null, ""regression_type"": null}","{""fillna"": ""quadratic"", ""transformations"": {""0"": ""Scaler"", ""1"": ""Scaler"", ""2"": ""DifferencedTransformer"", ""3"": ""DifferencedTransformer""}, ""transformation_params"": {""0"": {}, ""1"": {}, ""2"": {""lag"": 1, ""fill"": ""bfill""}, ""3"": {""lag"": 1, ""fill"": ""bfill""}}}",0,1,136.38942852111174,6.9820431434940335,10.46630609225572,2.1497461375850855,6.9820431434940335,0.0,-193.2440500564009,3.80033782735288,225.67853855324117,4.923406543607268,391.11689032349716,1.0,0.6166666666666667,37.42634792759458,0.6,14.167067727095066,4.153280749017224,42.46137257600227,588.2219274784392,0.09088057355840493,32.43448849684026,184.9130442608213,13.324652538183342,0.09882795083503211,136.38942852111174,6.9820431434940335,10.46630609225572,2.1497461375850855,6.9820431434940335,0.0,3.80033782735288,4.923406543607268,391.11689032349716,37.42634792759458,0.6,14.167067727095066,4.153280749017224,42.46137257600227,588.2219274784392,0.09088057355840493,32.43448849684026,184.9130442608213,13.324652538183342,0.09882795083503211,1.0,0.6166666666666667,2.1792,4069.6395900364705,104.49235010757161,Wh,104.49235010757161,Wh
65,8d50e698f8219d36cabfeb76b28b3a73,RollingRegression,"{""regression_model"": {""model"": ""RANSAC"", ""model_params"": {}}, ""holiday"": false, ""mean_rolling_periods"": 7, ""macd_periods"": 7, ""std_rolling_periods"": 7, ""max_rolling_periods"": 7, ""min_rolling_periods"": 24, ""ewm_var_alpha"": null, ""quantile90_rolling_periods"": null, ""quantile10_rolling_periods"": null, ""ewm_alpha"": 0.5, ""additional_lag_periods"": 11, ""abs_energy"": false, ""rolling_autocorr_periods"": null, ""nonzero_last_n"": null, ""add_date_part"": ""simple_2"", ""polynomial_degree"": null, ""x_transform"": null, ""regression_type"": null}","{""fillna"": ""ffill_mean_biased"", ""transformations"": {""0"": ""DifferencedTransformer"", ""1"": ""Scaler""}, ""transformation_params"": {""0"": {""lag"": 2, ""fill"": ""bfill""}, ""1"": {}}}",0,1,94.01539518161478,129.8462967111524,346.6050688816277,41.85565746939694,129.8462967111524,0.0,0.0,2.7189817134737404,7790.777802669145,129.8462967111524,191.7016945012348,0.8,0.5333333333333333,1239.0499702125671,0.2,488.3418745212398,6.71512061580838,1127.7291200910108,644893.9178849624,2.233875201585919,7790.777802669145,1367.3183519092852,248.0926370963784,23.738515430075406,94.01539518161478,129.8462967111524,346.6050688816277,41.85565746939694,129.8462967111524,0.0,2.7189817134737404,129.8462967111524,191.7016945012348,1239.0499702125671,0.2,488.3418745212398,6.71512061580838,1127.7291200910108,644893.9178849624,2.233875201585919,7790.777802669145,1367.3183519092852,248.0926370963784,23.738515430075406,0.8,0.5333333333333333,0.5205,4050.4572735607076,1943.26279819055,Wh,1943.26279819055,Wh
66,a8a8e0ee42bdd57d22b8f5ef7dc14928,RollingRegression,"{""regression_model"": {""model"": ""ElasticNet"", ""model_params"": {""l1_ratio"": 0.1, ""fit_intercept"": true, ""selection"": ""cyclic"", ""max_iter"": 1000}}, ""holiday"": false, ""mean_rolling_periods"": 7, ""macd_periods"": null, ""std_rolling_periods"": null, ""max_rolling_periods"": 7, ""min_rolling_periods"": 96, ""ewm_var_alpha"": null, ""quantile90_rolling_periods"": null, ""quantile10_rolling_periods"": null, ""ewm_alpha"": null, ""additional_lag_periods"": 11, ""abs_energy"": false, ""rolling_autocorr_periods"": null, ""nonzero_last_n"": null, ""add_date_part"": ""simple_2"", ""polynomial_degree"": null, ""x_transform"": null, ""regression_type"": null}","{""fillna"": ""nearest"", ""transformations"": {""0"": ""DifferencedTransformer"", ""1"": ""DifferencedTransformer""}, ""transformation_params"": {""0"": {""lag"": 1, ""fill"": ""bfill""}, ""1"": {""lag"": 1, ""fill"": ""one""}}}",0,1,153.62637055274269,4.9559360998934325,5.6983729751932035,1.641012745950385,4.9559360998934325,0.0,-243.56721187531187,4.270482266497357,53.78895411829407,2.3325323168499543,390.1641567443364,1.0,0.6,17.19451393620801,0.7333333333333333,6.355378202059946,4.2457623401885805,22.894184680676155,142.72699686519283,0.08681871168619543,189.7782577570178,244.34966376133275,15.939576415898822,0.578254728111274,153.62637055274269,4.9559360998934325,5.6983729751932035,1.641012745950385,4.9559360998934325,0.0,4.270482266497357,2.3325323168499543,390.1641567443364,17.19451393620801,0.7333333333333333,6.355378202059946,4.2457623401885805,22.894184680676155,142.72699686519283,0.08681871168619543,189.7782577570178,244.34966376133275,15.939576415898822,0.578254728111274,1.0,0.6,0.3709,4044.6816701006564,74.1698954615261,Wh,74.1698954615261,Wh
67,481a625d2050775452c3d452fcb9061f,RollingRegression,"{""regression_model"": {""model"": ""ElasticNet"", ""model_params"": {""l1_ratio"": 0.1, ""fit_intercept"": true, ""selection"": ""cyclic"", ""max_iter"": 1000}}, ""holiday"": false, ""mean_rolling_periods"": 7, ""macd_periods"": null, ""std_rolling_periods"": 7, ""max_rolling_periods"": null, ""min_rolling_periods"": 96, ""ewm_var_alpha"": null, ""quantile90_rolling_periods"": null, ""quantile10_rolling_periods"": null, ""ewm_alpha"": null, ""additional_lag_periods"": 11, ""abs_energy"": false, ""rolling_autocorr_periods"": null, ""nonzero_last_n"": null, ""add_date_part"": ""simple_2"", ""polynomial_degree"": null, ""x_transform"": null, ""regression_type"": null}","{""fillna"": ""quadratic"", ""transformations"": {""0"": ""Scaler"", ""1"": ""Scaler"", ""2"": ""DifferencedTransformer"", ""3"": ""DifferencedTransformer""}, ""transformation_params"": {""0"": {}, ""1"": {}, ""2"": {""lag"": 1, ""fill"": ""bfill""}, ""3"": {""lag"": 1, ""fill"": ""zero""}}}",0,1,153.62665484749874,4.955907917848508,5.6983112940326155,1.641023410772041,4.955907917848508,0.0,-243.5681797778531,4.2704914975954065,53.78629529305741,2.3324926237139794,389.7731958279019,1.0,0.6,17.19405154930888,0.7333333333333333,6.355259015007192,4.245764451439788,22.8938911794529,142.7213928027499,0.08681872763651807,189.78188448479568,244.35046088277227,15.939689916191993,0.5782657787580125,153.62665484749874,4.955907917848508,5.6983112940326155,1.641023410772041,4.955907917848508,0.0,4.2704914975954065,2.3324926237139794,389.7731958279019,17.19405154930888,0.7333333333333333,6.355259015007192,4.245764451439788,22.8938911794529,142.7213928027499,0.08681872763651807,189.78188448479568,244.35046088277227,15.939689916191993,0.5782657787580125,1.0,0.6,0.3636,4040.801020099668,74.16947369270507,Wh,74.16947369270507,Wh
68,d6b4cab3c08bb9a737b2bb23050e17a2,RollingRegression,"{""regression_model"": {""model"": ""ElasticNet"", ""model_params"": {""l1_ratio"": 0.1, ""fit_intercept"": true, ""selection"": ""cyclic"", ""max_iter"": 1000}}, ""holiday"": false, ""mean_rolling_periods"": 7, ""macd_periods"": null, ""std_rolling_periods"": null, ""max_rolling_periods"": 364, ""min_rolling_periods"": 96, ""ewm_var_alpha"": null, ""quantile90_rolling_periods"": null, ""quantile10_rolling_periods"": null, ""ewm_alpha"": null, ""additional_lag_periods"": 11, ""abs_energy"": false, ""rolling_autocorr_periods"": null, ""nonzero_last_n"": null, ""add_date_part"": ""simple_binarized"", ""polynomial_degree"": null, ""x_transform"": null, ""regression_type"": null}","{""fillna"": ""rolling_mean"", ""transformations"": {""0"": ""Scaler"", ""1"": ""Scaler"", ""2"": ""DifferencedTransformer"", ""3"": ""DifferencedTransformer""}, ""transformation_params"": {""0"": {}, ""1"": {}, ""2"": {""lag"": 1, ""fill"": ""bfill""}, ""3"": {""lag"": 1, ""fill"": ""zero""}}}",0,1,153.74233896046064,4.654338821773975,5.1523789659979835,1.5377045883779823,4.654338821773975,0.0,-247.92361022629848,4.279665598743569,31.33671908014003,1.984784819227691,389.69092311200376,1.0,0.5833333333333334,12.22409810667159,0.75,5.284398677841421,4.156107766404245,20.1249670758386,92.2616176496036,0.08068135059680137,216.58689114615845,245.7447153363014,16.86162941123171,0.6599406872653546,153.74233896046064,4.654338821773975,5.1523789659979835,1.5377045883779823,4.654338821773975,0.0,4.279665598743569,1.984784819227691,389.69092311200376,12.22409810667159,0.75,5.284398677841421,4.156107766404245,20.1249670758386,92.2616176496036,0.08068135059680137,216.58689114615845,245.7447153363014,16.86162941123171,0.6599406872653546,1.0,0.5833333333333334,0.5906,4036.3241577366043,69.65622980105037,Wh,69.65622980105037,Wh
69,dbc66ed49c46b420af7da7de2679d3af,DatepartRegression,"{""regression_model"": {""model"": ""ElasticNet"", ""model_params"": {""l1_ratio"": 0.5, ""fit_intercept"": true, ""selection"": ""random"", ""max_iter"": 2000}}, ""datepart_method"": ""common_fourier"", ""polynomial_degree"": null, ""holiday_countries_used"": false, ""lags"": null, ""forward_lags"": null, ""regression_type"": null}","{""fillna"": ""ffill"", ""transformations"": {""0"": ""DifferencedTransformer"", ""1"": ""DifferencedTransformer"", ""2"": ""Scaler"", ""3"": ""Scaler""}, ""transformation_params"": {""0"": {""lag"": 1, ""fill"": ""bfill""}, ""1"": {""lag"": 1, ""fill"": ""bfill""}, ""2"": {}, ""3"": {}}}",0,1,166.3375731795578,4.591157769163449,4.897321863974757,1.0338284859627629,4.591157769163449,0.0,-275.469466149807,4.591157769163449,0.0,1.6340061415089706,386.7110662523065,1.0,0.55,6.628880023956299,0.8,4.357160884145977,4.276470697393604,19.526575325631597,55.425562967283604,0.020469232333311757,275.469466149807,248.8523001538295,18.931285868263146,0.839356010188285,166.3375731795578,4.591157769163449,4.897321863974757,1.0338284859627629,4.591157769163449,0.0,4.591157769163449,1.6340061415089706,386.7110662523065,6.628880023956299,0.8,4.357160884145977,4.276470697393604,19.526575325631597,55.425562967283604,0.020469232333311757,275.469466149807,248.8523001538295,18.931285868263146,0.839356010188285,1.0,0.55,0.1068,4015.28987494108,68.71067038042494,Wh,68.71067038042494,Wh
70,67e5f53c7ccd8a38eb5dbdcea6c2bb96,RollingRegression,"{""regression_model"": {""model"": ""ElasticNet"", ""model_params"": {""l1_ratio"": 0.5, ""fit_intercept"": false, ""selection"": ""cyclic"", ""max_iter"": 1000}}, ""holiday"": false, ""mean_rolling_periods"": 5, ""macd_periods"": 74, ""std_rolling_periods"": null, ""max_rolling_periods"": 7, ""min_rolling_periods"": 96, ""ewm_var_alpha"": null, ""quantile90_rolling_periods"": null, ""quantile10_rolling_periods"": null, ""ewm_alpha"": 0.5, ""additional_lag_periods"": 11, ""abs_energy"": false, ""rolling_autocorr_periods"": null, ""nonzero_last_n"": null, ""add_date_part"": ""simple_binarized"", ""polynomial_degree"": null, ""x_transform"": null, ""regression_type"": null}","{""fillna"": ""quadratic"", ""transformations"": {""0"": ""DifferencedTransformer"", ""1"": ""Scaler"", ""2"": ""DifferencedTransformer"", ""3"": ""Scaler""}, ""transformation_params"": {""0"": {""lag"": 1, ""fill"": ""bfill""}, ""1"": {}, ""2"": {""lag"": 1, ""fill"": ""bfill""}, ""3"": {}}}",0,1,154.9488437465904,4.2839396331718795,4.663154714866353,1.0905013518833928,4.2839396331718795,0.0,-254.71084488482285,4.27444810874647,2.3255331054898702,1.5696848210514613,387.60134283940516,1.0,0.5666666666666667,6.628880023956299,0.8166666666666667,4.043450349176724,3.947218656281347,19.047146078286822,50.891499765271654,0.023921043209208008,252.385311779333,210.86999370656082,19.44010080560546,0.7690185459974826,154.9488437465904,4.2839396331718795,4.663154714866353,1.0905013518833928,4.2839396331718795,0.0,4.27444810874647,1.5696848210514613,387.60134283940516,6.628880023956299,0.8166666666666667,4.043450349176724,3.947218656281347,19.047146078286822,50.891499765271654,0.023921043209208008,252.385311779333,210.86999370656082,19.44010080560546,0.7690185459974826,1.0,0.5666666666666667,0.6532,4012.2622933172493,64.11288369167615,Wh,64.11288369167615,Wh
71,21d1d5b7bce1cefa919084e8004e0447,ARIMA,"{""p"": 3, ""d"": 0, ""q"": 1, ""regression_type"": null}","{""fillna"": ""time"", ""transformations"": {""0"": ""DifferencedTransformer"", ""1"": ""Scaler"", ""2"": ""DifferencedTransformer""}, ""transformation_params"": {""0"": {""lag"": 1, ""fill"": ""bfill""}, ""1"": {}, ""2"": {""lag"": 1, ""fill"": ""zero""}}}",0,1,71.44020766636042,6.722820914459393,7.696180309263951,1.092929612570861,6.722820914459393,0.0,0.0,1.883340358994015,403.3692548675636,6.722820914459393,391.475715991878,1.0,0.45,12.967194011280665,0.2,10.86282343139939,5.788510821550312,35.419626391421055,158.15731950006963,0.005142563042839191,403.3692548675636,279.8831184718928,18.22233285583272,1.2290669203030178,71.44020766636042,6.722820914459393,7.696180309263951,1.092929612570861,6.722820914459393,0.0,1.883340358994015,6.722820914459393,391.475715991878,12.967194011280665,0.2,10.86282343139939,5.788510821550312,35.419626391421055,158.15731950006963,0.005142563042839191,403.3692548675636,279.8831184718928,18.22233285583272,1.2290669203030178,1.0,0.45,0.0687,4010.64716408452,100.61286392347482,Wh,100.61286392347482,Wh
72,2a0049c0f4f941ff97b332c8d2d15839,RollingRegression,"{""regression_model"": {""model"": ""ElasticNet"", ""model_params"": {""l1_ratio"": 0.1, ""fit_intercept"": true, ""selection"": ""cyclic"", ""max_iter"": 1000}}, ""holiday"": false, ""mean_rolling_periods"": 7, ""macd_periods"": null, ""std_rolling_periods"": null, ""max_rolling_periods"": null, ""min_rolling_periods"": 24, ""ewm_var_alpha"": null, ""quantile90_rolling_periods"": null, ""quantile10_rolling_periods"": null, ""ewm_alpha"": null, ""additional_lag_periods"": 90, ""abs_energy"": false, ""rolling_autocorr_periods"": null, ""nonzero_last_n"": null, ""add_date_part"": null, ""polynomial_degree"": null, ""x_transform"": null, ""regression_type"": null}","{""fillna"": ""zero"", ""transformations"": {""0"": ""DifferencedTransformer"", ""1"": ""DifferencedTransformer"", ""2"": ""Scaler""}, ""transformation_params"": {""0"": {""lag"": 1, ""fill"": ""bfill""}, ""1"": {""lag"": 1, ""fill"": ""bfill""}, ""2"": {}}}",0,1,155.8152222018181,4.305311202531149,4.6826045165269115,1.0871051520830213,4.305311202531149,0.0,-255.861801907039,4.295231060918392,2.4568702448299318,1.5751071926502638,387.1346116281697,1.0,0.5666666666666667,6.628880023956299,0.8,4.083113276151077,3.966846838997613,19.084152483465083,51.25013095083177,0.02493179424367141,253.40493166220907,212.39648490839886,19.305432558729557,0.7721253298046363,155.8152222018181,4.305311202531149,4.6826045165269115,1.0871051520830213,4.305311202531149,0.0,4.295231060918392,1.5751071926502638,387.1346116281697,6.628880023956299,0.8,4.083113276151077,3.966846838997613,19.084152483465083,51.25013095083177,0.02493179424367141,253.40493166220907,212.39648490839886,19.305432558729557,0.7721253298046363,1.0,0.5666666666666667,1.6697,4008.5155089461045,64.43272782067125,Wh,64.43272782067125,Wh
73,a1d23be2738f668229182fce2c857446,ARIMA,"{""p"": 5, ""d"": 0, ""q"": 12, ""regression_type"": null}","{""fillna"": ""ffill"", ""transformations"": {""0"": ""Scaler"", ""1"": ""Scaler"", ""2"": ""DifferencedTransformer"", ""3"": ""DifferencedTransformer""}, ""transformation_params"": {""0"": {}, ""1"": {}, ""2"": {""lag"": 1, ""fill"": ""bfill""}, ""3"": {""lag"": 1, ""fill"": ""zero""}}}",0,1,40.252564950038945,2.8807868523045808,3.507968921368296,1.0394996548108073,2.8807868523045808,0.0,-1.5770168755087628,1.1891243618188072,171.27019426276607,2.876972658252369,393.37749395269407,1.0,0.4666666666666667,6.333760076063173,0.18333333333333332,5.20150962180424,2.3843130414587477,16.015404873091157,32.87683006320244,0.0875101573102918,169.6931773872573,103.06093098490904,23.41912679528308,0.517055448354057,40.252564950038945,2.8807868523045808,3.507968921368296,1.0394996548108073,2.8807868523045808,0.0,1.1891243618188072,2.876972658252369,393.37749395269407,6.333760076063173,0.18333333333333332,5.20150962180424,2.3843130414587477,16.015404873091157,32.87683006320244,0.0875101573102918,169.6931773872573,103.06093098490904,23.41912679528308,0.517055448354057,1.0,0.4666666666666667,7.6863,3966.3964371881348,43.113481565463296,Wh,43.113481565463296,Wh
74,327679577d8f085f5634a9c42eb6183a,ARIMA,"{""p"": 0, ""d"": 1, ""q"": 12, ""regression_type"": ""Holiday""}","{""fillna"": ""cubic"", ""transformations"": {""0"": ""DifferencedTransformer"", ""1"": ""Scaler"", ""2"": ""DifferencedTransformer""}, ""transformation_params"": {""0"": {""lag"": 1, ""fill"": ""bfill""}, ""1"": {}, ""2"": {""lag"": 1, ""fill"": ""bfill""}}}",0,1,181.911707945759,5.027009428897002,5.19118305098597,1.076097806944396,5.027009428897002,0.0,-301.6205657338201,5.027009428897002,0.0,1.762726160541105,378.84490556119704,1.0,0.55,6.628880023956299,0.8,4.8155915800094276,4.763809322561118,20.09814021811229,61.94927034128989,0.03169994080535852,301.6205657338201,294.909599187036,19.17496996745535,0.9190384625328828,181.911707945759,5.027009428897002,5.19118305098597,1.076097806944396,5.027009428897002,0.0,5.027009428897002,1.762726160541105,378.84490556119704,6.628880023956299,0.8,4.8155915800094276,4.763809322561118,20.09814021811229,61.94927034128989,0.03169994080535852,301.6205657338201,294.909599187036,19.17496996745535,0.9190384625328828,1.0,0.55,1.7687,3953.3732244148605,75.23356966475295,Wh,75.23356966475295,Wh
75,bc6893a16870567b877f84b94f0176c7,ARIMA,"{""p"": 2, ""d"": 0, ""q"": 2, ""regression_type"": null}","{""fillna"": ""cubic"", ""transformations"": {""0"": ""DifferencedTransformer"", ""1"": ""Scaler"", ""2"": ""DifferencedTransformer""}, ""transformation_params"": {""0"": {""lag"": 1, ""fill"": ""zero""}, ""1"": {}, ""2"": {""lag"": 1, ""fill"": ""one""}}}",0,1,28.246679891173184,1.7650512529137068,2.058431786955942,1.0631418670817863,1.7650512529137068,0.0,-0.01596935713054215,0.9263308623906066,105.88710581769185,1.7650491501014787,391.52572376153825,1.0,0.4166666666666667,3.4275547157472985,0.2,3.3262548968996146,1.5224969386532543,9.00031112521984,10.134620823449414,0.23592707419434777,105.87113646056132,76.78420208468127,21.58364003926183,0.32258956295835,28.246679891173184,1.7650512529137068,2.058431786955942,1.0631418670817863,1.7650512529137068,0.0,0.9263308623906066,1.7650491501014787,391.52572376153825,3.4275547157472985,0.2,3.3262548968996146,1.5224969386532543,9.00031112521984,10.134620823449414,0.23592707419434777,105.87113646056132,76.78420208468127,21.58364003926183,0.32258956295835,1.0,0.4166666666666667,0.1948,3926.686998802868,26.415527616601093,Wh,26.415527616601093,Wh
76,34a371e6b6e492588161d3991074711e,SeasonalNaive,"{""method"": ""lastvalue"", ""lag_1"": 12, ""lag_2"": 1}","{""fillna"": ""pchip"", ""transformations"": {""0"": ""Scaler"", ""1"": ""DifferencedTransformer"", ""2"": ""DifferencedTransformer"", ""3"": ""Scaler""}, ""transformation_params"": {""0"": {}, ""1"": {""lag"": 1, ""fill"": ""bfill""}, ""2"": {""lag"": 1, ""fill"": ""bfill""}, ""3"": {}}}",0,1,182.3908252740809,4.986770208676656,5.200029486177068,1.0980047489740383,4.986770208676656,0.0,-297.8664767742157,4.982677041482019,1.339735746383667,1.7407484462325513,364.0528569736649,1.0,0.5666666666666667,6.628880023956299,0.8,4.815400438924392,4.716231607923321,20.059610563851297,61.71607827682621,0.09840135758395269,296.52674102783203,285.0171657692975,17.687742137806303,0.903517568542071,182.3908252740809,4.986770208676656,5.200029486177068,1.0980047489740383,4.986770208676656,0.0,4.982677041482019,1.7407484462325513,364.0528569736649,6.628880023956299,0.8,4.815400438924392,4.716231607923321,20.059610563851297,61.71607827682621,0.09840135758395269,296.52674102783203,285.0171657692975,17.687742137806303,0.903517568542071,1.0,0.5666666666666667,0.1001,3806.659682583451,74.63135472552875,Wh,74.63135472552875,Wh
77,80a6e0d3255d0f8a54aecfa24b292d86,DatepartRegression,"{""regression_model"": {""model"": ""RandomForest"", ""model_params"": {""n_estimators"": 100, ""min_samples_leaf"": 2, ""bootstrap"": true}}, ""datepart_method"": ""expanded"", ""polynomial_degree"": null, ""holiday_countries_used"": false, ""lags"": null, ""forward_lags"": null, ""regression_type"": null}","{""fillna"": ""fake_date"", ""transformations"": {""0"": ""DifferencedTransformer"", ""1"": ""DifferencedTransformer"", ""2"": ""Scaler""}, ""transformation_params"": {""0"": {""lag"": 1, ""fill"": ""zero""}, ""1"": {""lag"": 2, ""fill"": ""bfill""}, ""2"": {}}}",0,1,125.31141612358427,32.61375646045825,41.3446656199494,2.9894783504419484,32.61375646045825,0.0,0.0,3.0875320275737224,1956.825387627495,32.61375646045825,330.3273568178631,1.0,0.45,85.00400697471504,0.2,57.97225361854014,24.977942497788558,192.74432019293076,5306.035427302745,0.19671179422539356,1956.825387627495,1118.1072967259809,33.197303816256124,5.962450840562278,125.31141612358427,32.61375646045825,41.3446656199494,2.9894783504419484,32.61375646045825,0.0,3.0875320275737224,32.61375646045825,330.3273568178631,85.00400697471504,0.2,57.97225361854014,24.977942497788558,192.74432019293076,5306.035427302745,0.19671179422539356,1956.825387627495,1118.1072967259809,33.197303816256124,5.962450840562278,1.0,0.45,0.6599,3724.4483903590594,488.09323980829254,Wh,488.09323980829254,Wh
78,2c7f2a2eb2b45e0f0e6405ec30ecc147,DatepartRegression,"{""regression_model"": {""model"": ""RandomForest"", ""model_params"": {""n_estimators"": 100, ""min_samples_leaf"": 2, ""bootstrap"": true}}, ""datepart_method"": ""expanded"", ""polynomial_degree"": null, ""holiday_countries_used"": false, ""lags"": null, ""forward_lags"": null, ""regression_type"": null}","{""fillna"": ""zero"", ""transformations"": {""0"": ""DifferencedTransformer"", ""1"": ""DifferencedTransformer"", ""2"": ""Scaler"", ""3"": ""Scaler""}, ""transformation_params"": {""0"": {""lag"": 1, ""fill"": ""zero""}, ""1"": {""lag"": 2, ""fill"": ""bfill""}, ""2"": {}, ""3"": {}}}",0,1,125.31141612358427,32.61375646045825,41.3446656199494,2.9894783504419484,32.61375646045825,0.0,0.0,3.0875320275737224,1956.825387627495,32.61375646045825,330.3273568178631,1.0,0.45,85.00400697471504,0.2,57.97225361854014,24.977942497788558,192.74432019293076,5306.035427302745,0.19671179422539356,1956.825387627495,1118.1072967259809,33.197303816256124,5.962450840562278,125.31141612358427,32.61375646045825,41.3446656199494,2.9894783504419484,32.61375646045825,0.0,3.0875320275737224,32.61375646045825,330.3273568178631,85.00400697471504,0.2,57.97225361854014,24.977942497788558,192.74432019293076,5306.035427302745,0.19671179422539356,1956.825387627495,1118.1072967259809,33.197303816256124,5.962450840562278,1.0,0.45,0.286,3724.4483027347333,488.09323980829254,Wh,488.09323980829254,Wh
79,3a833abc48aa325a5aafa1f767889a34,ARIMA,"{""p"": 1, ""d"": 1, ""q"": 5, ""regression_type"": null}","{""fillna"": ""rolling_mean_24"", ""transformations"": {""0"": ""Scaler"", ""1"": ""DifferencedTransformer"", ""2"": ""DifferencedTransformer""}, ""transformation_params"": {""0"": {}, ""1"": {""lag"": 2, ""fill"": ""bfill""}, ""2"": {""lag"": 1, ""fill"": ""bfill""}}}",0,1,135.5982751241603,33.39561472257599,40.0329450953937,2.790653484205203,33.39561472257599,0.0,0.0,3.296519364292165,2003.7368833545597,33.39561472257599,326.4760712639406,0.9666666666666667,0.45,79.28933061459306,0.2,55.85815227588951,26.74565594696987,187.42875229994445,4889.127111683371,0.13117608683948334,2003.7368833545597,1279.2410170976373,34.74248587700314,6.105390261165868,135.5982751241603,33.39561472257599,40.0329450953937,2.790653484205203,33.39561472257599,0.0,3.296519364292165,33.39561472257599,326.4760712639406,79.28933061459306,0.2,55.85815227588951,26.74565594696987,187.42875229994445,4889.127111683371,0.13117608683948334,2003.7368833545597,1279.2410170976373,34.74248587700314,6.105390261165868,0.9666666666666667,0.45,0.2919,3694.799634434422,499.7944289273876,Wh,499.7944289273876,Wh
80,4bfeb2f38c604b3e3b19e70c7fa29ca8,RollingRegression,"{""regression_model"": {""model"": ""ElasticNet"", ""model_params"": {""l1_ratio"": 0.1, ""fit_intercept"": true, ""selection"": ""cyclic"", ""max_iter"": 1000}}, ""holiday"": false, ""mean_rolling_periods"": 5, ""macd_periods"": null, ""std_rolling_periods"": 7, ""max_rolling_periods"": null, ""min_rolling_periods"": 24, ""ewm_var_alpha"": null, ""quantile90_rolling_periods"": null, ""quantile10_rolling_periods"": null, ""ewm_alpha"": null, ""additional_lag_periods"": 11, ""abs_energy"": false, ""rolling_autocorr_periods"": null, ""nonzero_last_n"": null, ""add_date_part"": null, ""polynomial_degree"": null, ""x_transform"": null, ""regression_type"": null}","{""fillna"": ""nearest"", ""transformations"": {""0"": ""Scaler"", ""1"": ""DifferencedTransformer"", ""2"": ""DifferencedTransformer"", ""3"": ""Scaler""}, ""transformation_params"": {""0"": {}, ""1"": {""lag"": 7, ""fill"": ""bfill""}, ""2"": {""lag"": 1, ""fill"": ""zero""}, ""3"": {}}}",0,1,139.77593577532463,21.46795066274215,24.967372670071036,2.955730378095997,21.46795066274215,0.0,-54.5085021142038,3.405965301126698,1233.5685376503252,20.894010881688917,337.96803481232496,0.9333333333333333,0.5,37.17259210739009,0.4166666666666667,28.295546663088796,18.92094654257309,54.074816130836275,2627.83107094132,0.5017363206144124,1179.0600355361212,1698.238273172834,73.9403681771288,3.592598268810889,139.77593577532463,21.46795066274215,24.967372670071036,2.955730378095997,21.46795066274215,0.0,3.405965301126698,20.894010881688917,337.96803481232496,37.17259210739009,0.4166666666666667,28.295546663088796,18.92094654257309,54.074816130836275,2627.83107094132,0.5017363206144124,1179.0600355361212,1698.238273172834,73.9403681771288,3.592598268810889,0.9333333333333333,0.5,0.3097,3693.3646725316294,321.28655905450915,Wh,321.28655905450915,Wh
81,3b079abded38112a5b4c8a4ddad24b27,ARIMA,"{""p"": 5, ""d"": 1, ""q"": 4, ""regression_type"": null}","{""fillna"": ""time"", ""transformations"": {""0"": ""DifferencedTransformer"", ""1"": ""Scaler"", ""2"": ""DifferencedTransformer"", ""3"": ""Scaler""}, ""transformation_params"": {""0"": {""lag"": 7, ""fill"": ""bfill""}, ""1"": {}, ""2"": {""lag"": 1, ""fill"": ""zero""}, ""3"": {}}}",0,1,147.345522037365,30.696141360828143,30.886123007431298,2.2129064128838905,30.696141360828143,0.0,0.0,3.449963488282438,1841.7684816496885,30.696141360828143,328.2788833076729,0.9166666666666666,0.5333333333333333,35.62120637081799,0.2,38.401092667169095,30.0101856100983,112.2087479415597,3359.0256112447505,0.4826470290534898,1841.7684816496885,1969.2843155580279,47.33737353557062,5.6118722196503645,147.345522037365,30.696141360828143,30.886123007431298,2.2129064128838905,30.696141360828143,0.0,3.449963488282438,30.696141360828143,328.2788833076729,35.62120637081799,0.2,38.401092667169095,30.0101856100983,112.2087479415597,3359.0256112447505,0.4826470290534898,1841.7684816496885,1969.2843155580279,47.33737353557062,5.6118722196503645,0.9166666666666666,0.5333333333333333,1.751,3678.0103746701907,459.39446149311874,Wh,459.39446149311874,Wh
82,ae5d4fcbafceb3eb7e342b3759ee9531,RollingRegression,"{""regression_model"": {""model"": ""ElasticNet"", ""model_params"": {""l1_ratio"": 0.1, ""fit_intercept"": true, ""selection"": ""cyclic"", ""max_iter"": 1000}}, ""holiday"": false, ""mean_rolling_periods"": 7, ""macd_periods"": 364, ""std_rolling_periods"": null, ""max_rolling_periods"": null, ""min_rolling_periods"": 24, ""ewm_var_alpha"": null, ""quantile90_rolling_periods"": null, ""quantile10_rolling_periods"": null, ""ewm_alpha"": null, ""additional_lag_periods"": 27, ""abs_energy"": false, ""rolling_autocorr_periods"": null, ""nonzero_last_n"": null, ""add_date_part"": ""simple_2"", ""polynomial_degree"": null, ""x_transform"": null, ""regression_type"": null}","{""fillna"": ""linear"", ""transformations"": {""0"": ""Scaler"", ""1"": ""DifferencedTransformer"", ""2"": ""DifferencedTransformer"", ""3"": ""Scaler""}, ""transformation_params"": {""0"": {}, ""1"": {""lag"": 1, ""fill"": ""zero""}, ""2"": {""lag"": 7, ""fill"": ""bfill""}, ""3"": {}}}",0,1,137.69048206276713,3.8230676675917947,4.308832020736841,1.0684820652723201,3.8230676675917947,0.0,-220.03243105078724,3.766350573190475,9.35162900472044,1.4909320718747607,340.17681706718304,1.0,0.5333333333333333,6.489130020141602,0.8,3.5111868655382255,3.441414627758333,18.16281582326404,44.60299971046674,0.023213321267065812,210.68080204606682,152.04972686538113,18.151532879426835,0.6419448220532968,137.69048206276713,3.8230676675917947,4.308832020736841,1.0684820652723201,3.8230676675917947,0.0,3.766350573190475,1.4909320718747607,340.17681706718304,6.489130020141602,0.8,3.5111868655382255,3.441414627758333,18.16281582326404,44.60299971046674,0.023213321267065812,210.68080204606682,152.04972686538113,18.151532879426835,0.6419448220532968,1.0,0.5333333333333333,2.0267,3523.5773768524273,57.215533762374605,Wh,57.215533762374605,Wh
83,c75ab2f47decf93ae78f02b555240c07,RollingRegression,"{""regression_model"": {""model"": ""ElasticNet"", ""model_params"": {""l1_ratio"": 0.1, ""fit_intercept"": true, ""selection"": ""cyclic"", ""max_iter"": 1000}}, ""holiday"": false, ""mean_rolling_periods"": null, ""macd_periods"": null, ""std_rolling_periods"": null, ""max_rolling_periods"": 7, ""min_rolling_periods"": null, ""ewm_var_alpha"": null, ""quantile90_rolling_periods"": null, ""quantile10_rolling_periods"": null, ""ewm_alpha"": 0.2, ""additional_lag_periods"": 3, ""abs_energy"": false, ""rolling_autocorr_periods"": null, ""nonzero_last_n"": null, ""add_date_part"": ""simple_binarized"", ""polynomial_degree"": null, ""x_transform"": ""Nystroem"", ""regression_type"": null}","{""fillna"": ""median"", ""transformations"": {""0"": ""Scaler"", ""1"": ""Scaler"", ""2"": ""DifferencedTransformer"", ""3"": ""DifferencedTransformer""}, ""transformation_params"": {""0"": {}, ""1"": {}, ""2"": {""lag"": 1, ""fill"": ""bfill""}, ""3"": {""lag"": 7, ""fill"": ""zero""}}}",0,1,149.75755127743358,4.134454620240339,4.563625853410708,1.1546626235506459,4.134454620240339,0.0,-238.13269478305062,4.069872429857025,9.934582431369755,1.583358814369287,336.8802694707328,1.0,0.5333333333333333,6.628880023956299,0.8,3.8881840264559315,3.7805687106943004,18.762664704520784,49.123594489663425,0.03887262681672263,228.19811235168086,176.1399944287086,16.87360816165323,0.6953201013278221,149.75755127743358,4.134454620240339,4.563625853410708,1.1546626235506459,4.134454620240339,0.0,4.069872429857025,1.583358814369287,336.8802694707328,6.628880023956299,0.8,3.8881840264559315,3.7805687106943004,18.762664704520784,49.123594489663425,0.03887262681672263,228.19811235168086,176.1399944287086,16.87360816165323,0.6953201013278221,1.0,0.5333333333333333,0.8033,3503.239127347488,61.87571041931784,Wh,61.87571041931784,Wh
84,f326004e47bc38ddbace9602abb644e5,ARIMA,"{""p"": 0, ""d"": 0, ""q"": 4, ""regression_type"": ""Holiday""}","{""fillna"": ""rolling_mean"", ""transformations"": {""0"": ""Scaler"", ""1"": ""DifferencedTransformer"", ""2"": ""DifferencedTransformer""}, ""transformation_params"": {""0"": {}, ""1"": {""lag"": 1, ""fill"": ""one""}, ""2"": {""lag"": 7, ""fill"": ""bfill""}}}",0,1,164.03561791499072,4.571047861598347,4.849140060523789,1.0599807516807536,4.571047861598347,0.0,-274.26287169590086,4.571047861598347,0.0,1.6446813843395607,329.152200273372,1.0,0.55,6.628880023956299,0.8,4.330689936948812,4.262186749699515,19.47601873333169,54.50449262538074,0.012956916000365118,274.26287169590086,247.590680674246,18.99807506481165,0.8356795144920426,164.03561791499072,4.571047861598347,4.849140060523789,1.0599807516807536,4.571047861598347,0.0,4.571047861598347,1.6446813843395607,329.152200273372,6.628880023956299,0.8,4.330689936948812,4.262186749699515,19.47601873333169,54.50449262538074,0.012956916000365118,274.26287169590086,247.590680674246,18.99807506481165,0.8356795144920426,1.0,0.55,0.3517,3441.8727148775274,68.40970811784116,Wh,68.40970811784116,Wh
85,85278dbf094dd7d61944a78dcfb65b40,ARIMA,"{""p"": 5, ""d"": 1, ""q"": 12, ""regression_type"": null}","{""fillna"": ""cubic"", ""transformations"": {""0"": ""DifferencedTransformer"", ""1"": ""DifferencedTransformer""}, ""transformation_params"": {""0"": {""lag"": 1, ""fill"": ""zero""}, ""1"": {""lag"": 2, ""fill"": ""bfill""}}}",0,1,96.72090157631956,15.915162137314898,20.416823159058794,1.6518551568245432,15.915162137314898,0.0,-0.7476741421324231,2.36793905394321,954.1620540967613,15.91251368774673,319.4493156708027,1.0,0.48333333333333334,41.06953888485474,0.25,28.69848877283666,12.19398441805602,94.87315982256933,1273.9596874463662,0.12418773872928923,953.4143799546289,527.7214405738445,6.296464239612702,2.90505550832867,96.72090157631956,15.915162137314898,20.416823159058794,1.6518551568245432,15.915162137314898,0.0,2.36793905394321,15.91251368774673,319.4493156708027,41.06953888485474,0.25,28.69848877283666,12.19398441805602,94.87315982256933,1273.9596874463662,0.12418773872928923,953.4143799546289,527.7214405738445,6.296464239612702,2.90505550832867,1.0,0.48333333333333334,15.3303,3417.030767874042,238.1842477757667,Wh,238.1842477757667,Wh
86,aefef33cbfc3ef0f4792e9c7f23dcb7e,ARIMA,"{""p"": 2, ""d"": 1, ""q"": 4, ""regression_type"": null}","{""fillna"": ""ffill_mean_biased"", ""transformations"": {""0"": ""Scaler"", ""1"": ""DifferencedTransformer"", ""2"": ""DifferencedTransformer""}, ""transformation_params"": {""0"": {}, ""1"": {""lag"": 1, ""fill"": ""zero""}, ""2"": {""lag"": 7, ""fill"": ""zero""}}}",0,1,168.17998674490227,4.652598622540332,4.92743564156074,1.0370216984478522,4.652598622540332,0.0,-279.1559173524199,4.652598622540332,0.0,1.659984201961721,319.97680852077383,1.0,0.55,6.628880023956299,0.8,4.400987496560997,4.348754054307583,19.60709757012741,56.287680584587356,0.05076842638158453,279.1559173524199,255.36130846788018,18.862990977936555,0.8505886343205592,168.17998674490227,4.652598622540332,4.92743564156074,1.0370216984478522,4.652598622540332,0.0,4.652598622540332,1.659984201961721,319.97680852077383,6.628880023956299,0.8,4.400987496560997,4.348754054307583,19.60709757012741,56.287680584587356,0.05076842638158453,279.1559173524199,255.36130846788018,18.862990977936555,0.8505886343205592,1.0,0.55,0.4854,3354.8738664799976,69.63018620552373,Wh,69.63018620552373,Wh
87,ea84414383ea23f523620d6f14a8cf5e,ARIMA,"{""p"": 5, ""d"": 0, ""q"": 0, ""regression_type"": ""Holiday""}","{""fillna"": ""cubic"", ""transformations"": {""0"": ""Scaler"", ""1"": ""DifferencedTransformer"", ""2"": ""DifferencedTransformer"", ""3"": ""Scaler""}, ""transformation_params"": {""0"": {}, ""1"": {""lag"": 2, ""fill"": ""bfill""}, ""2"": {""lag"": 1, ""fill"": ""bfill""}, ""3"": {}}}",0,1,75.23614773305408,6.907337233653119,7.262604793356502,1.2789110365415404,6.907337233653119,0.0,-0.36258697817041874,1.9977046438645176,414.0776470410167,6.906450535395396,316.6410322176459,0.9666666666666667,0.5166666666666667,9.830841342907265,0.25,9.360376403694925,6.527056813060651,22.509859571952685,145.67482068058777,0.12479799445305287,413.71506006284625,467.5419158436292,13.091356432593594,1.2605906092703285,75.23614773305408,6.907337233653119,7.262604793356502,1.2789110365415404,6.907337233653119,0.0,1.9977046438645176,6.906450535395396,316.6410322176459,9.830841342907265,0.25,9.360376403694925,6.527056813060651,22.509859571952685,145.67482068058777,0.12479799445305287,413.71506006284625,467.5419158436292,13.091356432593594,1.2605906092703285,0.9666666666666667,0.5166666666666667,0.4041,3271.927035067767,103.37431117172294,Wh,103.37431117172294,Wh
88,daf9c0f7bdd4cd9daaf9eccd0a578122,DatepartRegression,"{""regression_model"": {""model"": ""MLP"", ""model_params"": {""hidden_layer_sizes"": [72, 36, 72], ""max_iter"": 250, ""activation"": ""tanh"", ""solver"": ""adam"", ""early_stopping"": false, ""learning_rate_init"": 0.01, ""alpha"": 0.0}}, ""datepart_method"": [""morlet_365.25_12_12"", ""ricker_7_7_1""], ""polynomial_degree"": null, ""holiday_countries_used"": true, ""lags"": null, ""forward_lags"": null, ""regression_type"": null}","{""fillna"": ""ffill"", ""transformations"": {""0"": ""DifferencedTransformer"", ""1"": ""DifferencedTransformer""}, ""transformation_params"": {""0"": {""lag"": 7, ""fill"": ""bfill""}, ""1"": {""lag"": 1, ""fill"": ""zero""}}}",0,1,180.6839872762541,9.81235616055298,13.844094385221636,3.302719640323265,9.81235616055298,0.0,-242.03831301687245,4.757811205775604,346.70305661630636,7.1790185320453395,303.72516878140283,0.9333333333333333,0.55,35.55562493203705,0.7666666666666667,14.843837421270331,5.918528456346013,25.73940660011102,1801.9241504824638,0.5791263565154589,104.66474359943393,439.24789035976715,109.01346035766038,0.3189136815157046,180.6839872762541,9.81235616055298,13.844094385221636,3.302719640323265,9.81235616055298,0.0,4.757811205775604,7.1790185320453395,303.72516878140283,35.55562493203705,0.7666666666666667,14.843837421270331,5.918528456346013,25.73940660011102,1801.9241504824638,0.5791263565154589,104.66474359943393,439.24789035976715,109.01346035766038,0.3189136815157046,0.9333333333333333,0.55,0.38,3267.9341603095204,146.8504468157137,Wh,146.8504468157137,Wh
89,a84c76bf9690fb25a52cefa73114ef24,WindowRegression,"{""window_size"": 28, ""input_dim"": ""univariate"", ""output_dim"": ""forecast_length"", ""normalize_window"": false, ""max_windows"": 5000000, ""fourier_encoding_components"": null, ""scale"": true, ""datepart_method"": null, ""regression_type"": null, ""regression_model"": {""model"": ""RANSAC"", ""model_params"": {}}}","{""fillna"": ""fake_date"", ""transformations"": {""0"": ""DifferencedTransformer"", ""1"": ""DifferencedTransformer"", ""2"": ""Scaler""}, ""transformation_params"": {""0"": {""lag"": 1, ""fill"": ""zero""}, ""1"": {""lag"": 1, ""fill"": ""bfill""}, ""2"": {}}}",0,1,177.5206191830313,4.953805996823236,5.087717865851817,1.7070897529981675,4.953805996823236,0.0,-296.5054792231317,4.9508246145427695,0.7228805862624519,1.759599509420417,296.93874381120037,1.0,0.5,6.628880023956299,0.8166666666666667,4.553834420409713,4.699830245624221,19.95661690156763,62.28599351223996,0.5371542737073594,295.78259863686924,286.3045186261117,20.03027595592952,0.9012501651996228,177.5206191830313,4.953805996823236,5.087717865851817,1.7070897529981675,4.953805996823236,0.0,4.9508246145427695,1.759599509420417,296.93874381120037,6.628880023956299,0.8166666666666667,4.553834420409713,4.699830245624221,19.95661690156763,62.28599351223996,0.5371542737073594,295.78259863686924,286.3045186261117,20.03027595592952,0.9012501651996228,1.0,0.5,0.1393,3136.1421804075353,74.1380166158642,Wh,74.1380166158642,Wh
90,dc37d4c54e2e8c9194b2d536a86bb28d,WindowRegression,"{""window_size"": 28, ""input_dim"": ""univariate"", ""output_dim"": ""forecast_length"", ""normalize_window"": false, ""max_windows"": 5000000, ""fourier_encoding_components"": null, ""scale"": true, ""datepart_method"": null, ""regression_type"": null, ""regression_model"": {""model"": ""RANSAC"", ""model_params"": {}}}","{""fillna"": ""fake_date"", ""transformations"": {""0"": ""Scaler"", ""1"": ""DifferencedTransformer"", ""2"": ""DifferencedTransformer""}, ""transformation_params"": {""0"": {}, ""1"": {""lag"": 1, ""fill"": ""bfill""}, ""2"": {""lag"": 1, ""fill"": ""bfill""}}}",0,2,65.07241395563412,2.4975147120520615,2.916412262260787,2.37848651043813,2.4975147120520615,0.0,-276.2626388209519,2.408050533493867,23.439126625295494,1.1569345877418313,255.21828303035733,1.0,0.45000000000000007,6.541259765625,0.7416666666666667,2.795612950993335,2.112119649762317,10.763463499452111,23.84346467700982,1.1188498591605165,126.4117560978282,75.8819976355348,41.28946537689008,0.3547431389696912,65.07241395563412,2.4975147120520615,2.916412262260787,2.37848651043813,2.4975147120520615,0.0,2.408050533493867,1.1569345877418313,255.21828303035733,6.541259765625,0.7416666666666667,2.795612950993335,2.112119649762317,10.763463499452111,23.84346467700982,1.1188498591605165,126.4117560978282,75.8819976355348,41.28946537689008,0.3547431389696912,1.0,0.45000000000000007,0.1094,2610.102841331342,58.208817637698814,Wh,58.208817637698814,Wh
91,766eccf58c826caab96abb546d3a5db8,WindowRegression,"{""window_size"": 20, ""input_dim"": ""univariate"", ""output_dim"": ""forecast_length"", ""normalize_window"": false, ""max_windows"": 500000, ""fourier_encoding_components"": 5, ""scale"": true, ""datepart_method"": null, ""regression_type"": null, ""regression_model"": {""model"": ""BayesianRidge"", ""model_params"": {}}}","{""fillna"": ""fake_date"", ""transformations"": {""0"": ""DifferencedTransformer"", ""1"": ""DifferencedTransformer""}, ""transformation_params"": {""0"": {""lag"": 1, ""fill"": ""bfill""}, ""1"": {""lag"": 1, ""fill"": ""zero""}}}",0,3,118.23957345547323,9.695034145174686,10.706120798251126,0.9504339236776014,9.695034145174686,0.0,-349.829409891717,3.4231091857153237,1395.2767362397265,8.389440719488652,232.36803836802392,1.0,0.4777777777777778,34.61355320362932,0.33888888888888896,10.43884172039578,8.655463185361342,47.946932737665485,212.63460708938257,0.45841285095110745,581.3632994885389,259.912889058826,4.768041647403799,1.4948572647550638,118.23957345547323,9.695034145174686,10.706120798251126,0.9504339236776014,9.695034145174686,0.0,3.4231091857153237,8.389440719488652,232.36803836802392,34.61355320362932,0.33888888888888896,10.43884172039578,8.655463185361342,47.946932737665485,212.63460708938257,0.45841285095110745,581.3632994885389,259.912889058826,4.768041647403799,1.4948572647550638,1.0,0.4777777777777778,0.7584,2495.6666127438307,272.55411094266594,Wh,272.55411094266594,Wh
92,4c5093d455a695cc84ad2e77ee11aa60,RollingRegression,"{""regression_model"": {""model"": ""RANSAC"", ""model_params"": {}}, ""holiday"": true, ""mean_rolling_periods"": 12, ""macd_periods"": 84, ""std_rolling_periods"": null, ""max_rolling_periods"": 7, ""min_rolling_periods"": 96, ""ewm_var_alpha"": null, ""quantile90_rolling_periods"": null, ""quantile10_rolling_periods"": null, ""ewm_alpha"": null, ""additional_lag_periods"": 2, ""abs_energy"": false, ""rolling_autocorr_periods"": null, ""nonzero_last_n"": null, ""add_date_part"": ""simple_2"", ""polynomial_degree"": null, ""x_transform"": null, ""regression_type"": null}","{""fillna"": ""rolling_mean_24"", ""transformations"": {""0"": ""Scaler""}, ""transformation_params"": {""0"": {}}}",0,1,48.87868420694205,46.40314779687885,120.20421884870456,20.400115291514513,46.40314779687885,0.0,-57.31778036335709,1.82385041076745,2726.8710874493736,46.046443682756724,76.8820310020074,0.85,0.55,440.5178202557545,0.65,169.3655356505337,1.1453435854584277,400.54149105209024,80047.8234959374,2.370056755655327,2669.5533070860165,437.34777326644604,123.29404380497922,8.134134225976647,48.87868420694205,46.40314779687885,120.20421884870456,20.400115291514513,46.40314779687885,0.0,1.82385041076745,46.046443682756724,76.8820310020074,440.5178202557545,0.65,169.3655356505337,1.1453435854584277,400.54149105209024,80047.8234959374,2.370056755655327,2669.5533070860165,437.34777326644604,123.29404380497922,8.134134225976647,0.85,0.55,15.2925,1528.2583499397424,694.4634781013935,Wh,694.4634781013935,Wh
93,4699e8679432bfe4decd4747ad150fa8,Theta,"{""deseasonalize"": true, ""difference"": false, ""use_test"": true, ""method"": ""auto"", ""period"": null, ""theta"": 1.2, ""use_mle"": false}","{""fillna"": ""quadratic"", ""transformations"": {""0"": ""Scaler"", ""1"": ""Scaler"", ""2"": ""Scaler"", ""3"": ""DifferencedTransformer""}, ""transformation_params"": {""0"": {}, ""1"": {}, ""2"": {}, ""3"": {""lag"": 7, ""fill"": ""bfill""}}}",0,1,153.68322253281474,36.23219982537514,36.2442083637657,2.1521184432776526,36.23219982537514,0.0,0.0,3.616858226342601,2173.9319895225085,36.23219982537514,79.45499584443469,0.8833333333333333,0.4166666666666667,37.699411055794066,0.2,46.256921522624474,36.013711921771595,143.94100409623672,4319.9165667824545,0.46029197124590465,2173.9319895225085,2171.360936839682,40.58975069912057,6.623975087511063,153.68322253281474,36.23219982537514,36.2442083637657,2.1521184432776526,36.23219982537514,0.0,3.616858226342601,36.23219982537514,79.45499584443469,37.699411055794066,0.2,46.256921522624474,36.013711921771595,143.94100409623672,4319.9165667824545,0.46029197124590465,2173.9319895225085,2171.360936839682,40.58975069912057,6.623975087511063,0.8833333333333333,0.4166666666666667,0.047,1265.742671703823,542.2463928554251,Wh,542.2463928554251,Wh
94,9b2598f06bbc8f3dd754249666a24d62,ARIMA,"{""p"": 0, ""d"": 3, ""q"": 4, ""regression_type"": null}","{""fillna"": ""linear"", ""transformations"": {""0"": ""Scaler"", ""1"": ""DifferencedTransformer""}, ""transformation_params"": {""0"": {}, ""1"": {""lag"": 1, ""fill"": ""bfill""}}}",0,1,124.10368059804425,41.56332678532242,56.53918544935024,4.399177559640117,41.56332678532242,0.0,-0.004341018594712587,3.117560243433959,2493.7952661007507,41.563326628738395,66.95266598894676,1.0,0.45,128.98334244864128,0.2,79.48793203431731,29.347788187134505,261.24094188237206,10749.405261271768,0.07814107455885731,2493.790925082156,1253.7371326477114,51.88254014211875,7.598585899107923,124.10368059804425,41.56332678532242,56.53918544935024,4.399177559640117,41.56332678532242,0.0,3.117560243433959,41.563326628738395,66.95266598894676,128.98334244864128,0.2,79.48793203431731,29.347788187134505,261.24094188237206,10749.405261271768,0.07814107455885731,2493.790925082156,1253.7371326477114,51.88254014211875,7.598585899107923,1.0,0.45,0.7106,1218.2593728106492,622.0313459584152,Wh,622.0313459584152,Wh
95,54694afd3f378aa9490a7a46ae997b72,Theta,"{""deseasonalize"": true, ""difference"": false, ""use_test"": true, ""method"": ""auto"", ""period"": null, ""theta"": 1.4, ""use_mle"": false}","{""fillna"": ""quadratic"", ""transformations"": {""0"": ""DifferencedTransformer"", ""1"": ""Scaler""}, ""transformation_params"": {""0"": {""lag"": 2, ""fill"": ""bfill""}, ""1"": {}}}",0,1,119.49410923867437,17.579132907039945,18.60672961208953,1.4328744530965367,17.579132907039945,0.0,0.0,2.8608515607896035,1054.7479744223967,17.579132907039945,74.24169402861544,0.9666666666666667,0.45,27.50673142278074,0.2,25.373047881021776,16.062822122635062,83.85532356312692,933.0147191029961,0.10503369171099793,1054.7479744223967,855.8084068068968,5.737339268998428,3.21381917182758,119.49410923867437,17.579132907039945,18.60672961208953,1.4328744530965367,17.579132907039945,0.0,2.8608515607896035,17.579132907039945,74.24169402861544,27.50673142278074,0.2,25.373047881021776,16.062822122635062,83.85532356312692,933.0147191029961,0.10503369171099793,1054.7479744223967,855.8084068068968,5.737339268998428,3.21381917182758,0.9666666666666667,0.45,0.068,1005.9133080312503,263.0870180201602,Wh,263.0870180201602,Wh
96,dc3ddd36221797ab32abc34c4d008afd,ARIMA,"{""p"": 5, ""d"": 1, ""q"": 4, ""regression_type"": null}","{""fillna"": ""zero"", ""transformations"": {""0"": ""Scaler"", ""1"": ""Scaler"", ""2"": ""Scaler"", ""3"": ""DifferencedTransformer""}, ""transformation_params"": {""0"": {}, ""1"": {}, ""2"": {}, ""3"": {""lag"": 7, ""fill"": ""bfill""}}}",0,1,153.66215412015572,36.244102978941775,36.266491021928935,2.141057867846959,36.244102978941775,0.0,0.0,3.616904913223981,2174.6461787365065,36.244102978941775,46.92829431480514,0.8333333333333334,0.48333333333333334,38.250130182066194,0.2,46.413503011586755,35.95476898478646,145.31139716925463,4317.902881589003,0.48212080543655494,2174.6461787365065,2155.788999694761,41.22027791850106,6.62615122346384,153.66215412015572,36.244102978941775,36.266491021928935,2.141057867846959,36.244102978941775,0.0,3.616904913223981,36.244102978941775,46.92829431480514,38.250130182066194,0.2,46.413503011586755,35.95476898478646,145.31139716925463,4317.902881589003,0.48212080543655494,2174.6461787365065,2155.788999694761,41.22027791850106,6.62615122346384,0.8333333333333334,0.48333333333333334,0.9559,942.8827268960616,542.4245339044429,Wh,542.4245339044429,Wh
97,62d87b740da46917197107450d697763,RollingRegression,"{""regression_model"": {""model"": ""Ridge"", ""model_params"": {""alpha"": 1.0}}, ""holiday"": false, ""mean_rolling_periods"": 12, ""macd_periods"": null, ""std_rolling_periods"": null, ""max_rolling_periods"": 12, ""min_rolling_periods"": null, ""ewm_var_alpha"": null, ""quantile90_rolling_periods"": null, ""quantile10_rolling_periods"": null, ""ewm_alpha"": 0.5, ""additional_lag_periods"": 27, ""abs_energy"": false, ""rolling_autocorr_periods"": null, ""nonzero_last_n"": null, ""add_date_part"": null, ""polynomial_degree"": null, ""x_transform"": null, ""regression_type"": null}","{""fillna"": ""ffill"", ""transformations"": {""0"": ""Scaler"", ""1"": ""Scaler"", ""2"": ""DifferencedTransformer""}, ""transformation_params"": {""0"": {}, ""1"": {}, ""2"": {""lag"": 7, ""fill"": ""bfill""}}}",0,1,159.72568560522967,44.52553065975145,45.11079529832405,2.384200155954697,44.52553065975145,0.0,0.0,3.805572105241803,2671.5318395850873,44.52553065975145,35.78744995218653,0.8333333333333334,0.45,57.29963064486251,0.2,59.30054316961825,42.588247899600866,193.12636322319244,6261.949558124787,0.46472393417587005,2671.5318395850873,2448.794674774148,56.837045866502095,8.140162818428868,159.72568560522967,44.52553065975145,45.11079529832405,2.384200155954697,44.52553065975145,0.0,3.805572105241803,44.52553065975145,35.78744995218653,57.29963064486251,0.2,59.30054316961825,42.588247899600866,193.12636322319244,6261.949558124787,0.46472393417587005,2671.5318395850873,2448.794674774148,56.837045866502095,8.140162818428868,0.8333333333333334,0.45,3.4648,918.7496080951371,666.3633040938023,Wh,666.3633040938023,Wh
98,4649cabfc889f406d7d542609e29967e,RollingRegression,"{""regression_model"": {""model"": ""RANSAC"", ""model_params"": {}}, ""holiday"": false, ""mean_rolling_periods"": null, ""macd_periods"": null, ""std_rolling_periods"": null, ""max_rolling_periods"": 364, ""min_rolling_periods"": 96, ""ewm_var_alpha"": null, ""quantile90_rolling_periods"": null, ""quantile10_rolling_periods"": null, ""ewm_alpha"": 0.5, ""additional_lag_periods"": 11, ""abs_energy"": false, ""rolling_autocorr_periods"": null, ""nonzero_last_n"": null, ""add_date_part"": ""simple_2"", ""polynomial_degree"": null, ""x_transform"": null, ""regression_type"": null}","{""fillna"": ""quadratic"", ""transformations"": {""0"": ""Scaler"", ""1"": ""Scaler""}, ""transformation_params"": {""0"": {}, ""1"": {}}}",0,1,37.53090351331138,27.37007228864163,69.60708101486607,7.825121467778917,27.37007228864163,0.0,-15.439130417318665,1.2116072514541945,1626.7652069011792,27.307619207559917,45.56488393830199,0.85,0.5166666666666667,193.41535554634356,0.65,98.0825483942743,0.5883729598611299,233.11555552238627,18141.86766890879,1.808678476931491,1611.3260764838606,267.4135723861025,66.73464974701912,4.909713753662728,37.53090351331138,27.37007228864163,69.60708101486607,7.825121467778917,27.37007228864163,0.0,1.2116072514541945,27.307619207559917,45.56488393830199,193.41535554634356,0.65,98.0825483942743,0.5883729598611299,233.11555552238627,18141.86766890879,1.808678476931491,1611.3260764838606,267.4135723861025,66.73464974701912,4.909713753662728,0.85,0.5166666666666667,0.44,905.029739006674,409.6169441060012,Wh,409.6169441060012,Wh
99,c8dd5db769dcf715372fcb5c584af70e,ARIMA,"{""p"": 0, ""d"": 3, ""q"": 1, ""regression_type"": null}","{""fillna"": ""rolling_mean_24"", ""transformations"": {""0"": ""Scaler""}, ""transformation_params"": {""0"": {}}}",0,1,166.46144452819675,4.594179458993591,4.899587776949046,1.0331857885092264,4.594179458993591,0.0,-275.65076753961546,4.594179458993591,0.0,1.6348363205813048,70.62792874731517,1.0,0.55,6.628880023956299,0.8,4.359599586209546,4.280025626605536,19.53102323915871,55.469843535614125,0.02061437786399102,275.65076753961546,249.1537252595381,18.92550159118132,0.8399084358829298,166.46144452819675,4.594179458993591,4.899587776949046,1.0331857885092264,4.594179458993591,0.0,4.594179458993591,1.6348363205813048,70.62792874731517,6.628880023956299,0.8,4.359599586209546,4.280025626605536,19.53102323915871,55.469843535614125,0.02061437786399102,275.65076753961546,249.1537252595381,18.92550159118132,0.8399084358829298,1.0,0.55,0.0938,878.1279796846786,68.7558925976411,Wh,68.7558925976411,Wh
100,134bd4de1664e2fac97bf1b8f301fa6e,Theta,"{""deseasonalize"": true, ""difference"": false, ""use_test"": true, ""method"": ""auto"", ""period"": null, ""theta"": 1.2, ""use_mle"": false}","{""fillna"": ""fake_date"", ""transformations"": {""0"": ""DifferencedTransformer"", ""1"": ""Scaler"", ""2"": ""Scaler"", ""3"": ""Scaler"", ""4"": ""Scaler""}, ""transformation_params"": {""0"": {""lag"": 2, ""fill"": ""zero""}, ""1"": {}, ""2"": {}, ""3"": {}, ""4"": {}}}",0,1,73.39659223218682,6.283300026703457,6.315734513382116,1.2061280394025689,6.283300026703457,0.0,0.0,1.9817904276623721,376.9980016022074,6.283300026703457,73.07265744780476,0.9666666666666667,0.5666666666666667,7.877787111277534,0.2,8.389237865368383,6.090331229306015,24.075258672293966,132.89669624140205,0.10443056976765192,376.9980016022074,388.2602613491401,18.0487808101128,1.1487136592543443,73.39659223218682,6.283300026703457,6.315734513382116,1.2061280394025689,6.283300026703457,0.0,1.9817904276623721,6.283300026703457,73.07265744780476,7.877787111277534,0.2,8.389237865368383,6.090331229306015,24.075258672293966,132.89669624140205,0.10443056976765192,376.9980016022074,388.2602613491401,18.0487808101128,1.1487136592543443,0.9666666666666667,0.5666666666666667,0.1981,845.1295960605241,94.0350514495174,Wh,94.0350514495174,Wh
101,da75254060805ea436d65e7aeb8f650f,ARIMA,"{""p"": 4, ""d"": 1, ""q"": 12, ""regression_type"": null}","{""fillna"": ""rolling_mean_24"", ""transformations"": {""0"": ""Scaler"", ""1"": ""DifferencedTransformer"", ""2"": ""Scaler""}, ""transformation_params"": {""0"": {}, ""1"": {""lag"": 7, ""fill"": ""bfill""}, ""2"": {}}}",0,1,148.67978350954078,31.602346464950276,31.651086203566255,2.2615875481892846,31.602346464950276,0.0,0.0,3.4829573327240753,1896.1407878970165,31.602346464950276,38.501609116731295,0.8333333333333334,0.55,35.885828344695646,0.2,39.8932649682689,31.037054585759833,120.66550995456618,3518.595257228961,0.49588201265753795,1896.1407878970165,1965.3619325203526,54.758777426605995,5.777544744719527,148.67978350954078,31.602346464950276,31.651086203566255,2.2615875481892846,31.602346464950276,0.0,3.4829573327240753,31.602346464950276,38.501609116731295,35.885828344695646,0.2,39.8932649682689,31.037054585759833,120.66550995456618,3518.595257228961,0.49588201265753795,1896.1407878970165,1965.3619325203526,54.758777426605995,5.777544744719527,0.8333333333333334,0.55,12.1726,810.6712288891375,472.956609286123,Wh,472.956609286123,Wh
102,1605b17f81b8bbb22bd8ec822cf47098,ARIMA,"{""p"": 5, ""d"": 2, ""q"": 2, ""regression_type"": null}","{""fillna"": ""pchip"", ""transformations"": {""0"": ""DifferencedTransformer"", ""1"": ""Scaler""}, ""transformation_params"": {""0"": {""lag"": 7, ""fill"": ""zero""}, ""1"": {}}}",0,1,146.90188821429174,30.23139175947279,30.33949450425572,2.166381965807528,30.23139175947279,0.0,0.0,3.4380028978297217,1813.8835055683674,30.23139175947279,39.3888747485323,0.8166666666666667,0.5666666666666667,34.879683157434464,0.2,37.885293071388745,29.582249656193177,112.72888672915381,3329.1903580694325,0.46533060675824944,1813.8835055683674,1915.6599236735965,47.25006519849602,5.52690664217658,146.90188821429174,30.23139175947279,30.33949450425572,2.166381965807528,30.23139175947279,0.0,3.4380028978297217,30.23139175947279,39.3888747485323,34.879683157434464,0.2,37.885293071388745,29.582249656193177,112.72888672915381,3329.1903580694325,0.46533060675824944,1813.8835055683674,1915.6599236735965,47.25006519849602,5.52690664217658,0.8166666666666667,0.5666666666666667,0.3912,805.1408313448725,452.4390793708485,Wh,452.4390793708485,Wh
103,514add46eec4cb52020247b6ff0680a9,Theta,"{""deseasonalize"": true, ""difference"": true, ""use_test"": true, ""method"": ""auto"", ""period"": null, ""theta"": 1.4, ""use_mle"": false}","{""fillna"": ""median"", ""transformations"": {""0"": ""DifferencedTransformer"", ""1"": ""Scaler""}, ""transformation_params"": {""0"": {""lag"": 1, ""fill"": ""bfill""}, ""1"": {}}}",0,1,53.8013223477774,4.212297954792052,4.788106815183815,1.0406851991574588,4.212297954792052,0.0,0.0,1.5237552983380176,252.73787728752313,4.212297954792052,68.29881455631438,1.0,0.45,7.813848807490741,0.2,6.899823184118658,3.68361312973227,21.79605831878414,58.92683599319669,0.0006435277455960385,252.73787728752313,179.6559801603284,23.191389902213487,0.7700928138008099,53.8013223477774,4.212297954792052,4.788106815183815,1.0406851991574588,4.212297954792052,0.0,1.5237552983380176,4.212297954792052,68.29881455631438,7.813848807490741,0.2,6.899823184118658,3.68361312973227,21.79605831878414,58.92683599319669,0.0006435277455960385,252.73787728752313,179.6559801603284,23.191389902213487,0.7700928138008099,1.0,0.45,0.1747,763.3227367888227,63.04070364556249,Wh,63.04070364556249,Wh
104,84ae213b2dc2319b262a33f0bc178fb2,Theta,"{""deseasonalize"": true, ""difference"": false, ""use_test"": true, ""method"": ""auto"", ""period"": null, ""theta"": 1.4, ""use_mle"": false}","{""fillna"": ""quadratic"", ""transformations"": {""0"": ""DifferencedTransformer"", ""1"": ""Scaler""}, ""transformation_params"": {""0"": {""lag"": 1, ""fill"": ""bfill""}, ""1"": {}}}",0,1,53.8013223477774,4.212297954792052,4.788106815183815,1.0406851991574588,4.212297954792052,0.0,0.0,1.5237552983380176,252.73787728752313,4.212297954792052,68.29881455631438,1.0,0.45,7.813848807490741,0.2,6.899823184118658,3.68361312973227,21.79605831878414,58.92683599319669,0.0006435277455960385,252.73787728752313,179.6559801603284,23.191389902213487,0.7700928138008099,53.8013223477774,4.212297954792052,4.788106815183815,1.0406851991574588,4.212297954792052,0.0,1.5237552983380176,4.212297954792052,68.29881455631438,7.813848807490741,0.2,6.899823184118658,3.68361312973227,21.79605831878414,58.92683599319669,0.0006435277455960385,252.73787728752313,179.6559801603284,23.191389902213487,0.7700928138008099,1.0,0.45,0.1736,763.3227365310352,63.04070364556249,Wh,63.04070364556249,Wh
105,8a12973e3116b074146198a446a72a22,Theta,"{""deseasonalize"": true, ""difference"": false, ""use_test"": true, ""method"": ""auto"", ""period"": null, ""theta"": 1.4, ""use_mle"": false}","{""fillna"": ""quadratic"", ""transformations"": {""0"": ""DifferencedTransformer""}, ""transformation_params"": {""0"": {""lag"": 1, ""fill"": ""bfill""}}}",0,1,53.8013223477774,4.212297954792052,4.788106815183815,1.0406851991574588,4.212297954792052,0.0,0.0,1.5237552983380176,252.73787728752313,4.212297954792052,68.29881455631438,1.0,0.45,7.813848807490741,0.2,6.899823184118658,3.68361312973227,21.79605831878414,58.92683599319669,0.0006435277455960385,252.73787728752313,179.6559801603284,23.191389902213487,0.7700928138008099,53.8013223477774,4.212297954792052,4.788106815183815,1.0406851991574588,4.212297954792052,0.0,1.5237552983380176,4.212297954792052,68.29881455631438,7.813848807490741,0.2,6.899823184118658,3.68361312973227,21.79605831878414,58.92683599319669,0.0006435277455960385,252.73787728752313,179.6559801603284,23.191389902213487,0.7700928138008099,1.0,0.45,0.1689,763.3227354295793,63.04070364556249,Wh,63.04070364556249,Wh
106,d7fb4743dab62cac9f222e431270e487,Theta,"{""deseasonalize"": true, ""difference"": false, ""use_test"": true, ""method"": ""auto"", ""period"": null, ""theta"": 3.0, ""use_mle"": false}","{""fillna"": ""quadratic"", ""transformations"": {""0"": ""DifferencedTransformer"", ""1"": ""Scaler""}, ""transformation_params"": {""0"": {""lag"": 1, ""fill"": ""bfill""}, ""1"": {}}}",0,1,48.79971050667687,3.6139461690626153,4.046537491118406,1.0359251891524173,3.6139461690626153,0.0,0.0,1.4249014641643618,216.83677014375692,3.6139461690626153,68.18006272781439,1.0,0.45,6.183736984011858,0.2,5.894969088156113,3.2249758377820514,18.153172894677596,40.32660437957728,0.0015009210462581166,216.83677014375692,160.388295869317,24.379027172052062,0.6607020690670677,48.79971050667687,3.6139461690626153,4.046537491118406,1.0359251891524173,3.6139461690626153,0.0,1.4249014641643618,3.6139461690626153,68.18006272781439,6.183736984011858,0.2,5.894969088156113,3.2249758377820514,18.153172894677596,40.32660437957728,0.0015009210462581166,216.83677014375692,160.388295869317,24.379027172052062,0.6607020690670677,1.0,0.45,0.1833,751.9256231768454,54.08584859855652,Wh,54.08584859855652,Wh
107,e6f6c58909daa3478703920d934479d4,RollingRegression,"{""regression_model"": {""model"": ""SVM"", ""model_params"": {""C"": 0.5, ""tol"": 0.01, ""epsilon"": 0.1, ""loss"": ""epsilon_insensitive"", ""max_iter"": 200}}, ""holiday"": false, ""mean_rolling_periods"": null, ""macd_periods"": null, ""std_rolling_periods"": null, ""max_rolling_periods"": 32, ""min_rolling_periods"": 4, ""ewm_var_alpha"": null, ""quantile90_rolling_periods"": null, ""quantile10_rolling_periods"": null, ""ewm_alpha"": 0.2, ""additional_lag_periods"": 28, ""abs_energy"": false, ""rolling_autocorr_periods"": null, ""nonzero_last_n"": null, ""add_date_part"": null, ""polynomial_degree"": null, ""x_transform"": null, ""regression_type"": null}","{""fillna"": ""quadratic"", ""transformations"": {""0"": ""Scaler"", ""1"": ""DifferencedTransformer""}, ""transformation_params"": {""0"": {}, ""1"": {""lag"": 7, ""fill"": ""zero""}}}",0,1,151.01059628227313,33.601766635282125,33.61481298358464,2.1571245001085066,33.601766635282125,0.0,0.0,3.5435387265167795,2016.1059981169276,33.601766635282125,28.313622214143543,0.75,0.48333333333333334,35.92689746974907,0.2,42.53596653270158,33.34165673316564,130.38205895544834,3877.6110417296886,0.48100861692114655,2016.1059981169276,2059.102100147639,42.800109490227264,6.143078978400526,151.01059628227313,33.601766635282125,33.61481298358464,2.1571245001085066,33.601766635282125,0.0,3.5435387265167795,33.601766635282125,28.313622214143543,35.92689746974907,0.2,42.53596653270158,33.34165673316564,130.38205895544834,3877.6110417296886,0.48100861692114655,2016.1059981169276,2059.102100147639,42.800109490227264,6.143078978400526,0.75,0.48333333333333334,0.3226,730.6273406047677,524.6926196991977,Wh,524.6926196991977,Wh
108,f7667b75991a986a61e2936c461bef96,SeasonalNaive,"{""method"": ""lastvalue"", ""lag_1"": 4, ""lag_2"": 90}","{""fillna"": ""zero"", ""transformations"": {""0"": ""DifferencedTransformer""}, ""transformation_params"": {""0"": {""lag"": 7, ""fill"": ""bfill""}}}",0,1,143.56658458954897,27.841011822223663,27.997986659325836,2.2212992920808925,27.841011822223663,0.0,0.0,3.3564822523089974,1670.4607093334198,27.841011822223663,32.34401689486766,0.85,0.6166666666666667,32.90892553329468,0.2,34.67293526392245,27.098020745258705,102.55338623625295,2953.167673664379,0.7108654631696603,1670.4607093334198,1784.6448061917492,59.42608839571193,5.089897097342504,143.56658458954897,27.841011822223663,27.997986659325836,2.2212992920808925,27.841011822223663,0.0,3.3564822523089974,27.841011822223663,32.34401689486766,32.90892553329468,0.2,34.67293526392245,27.098020745258705,102.55338623625295,2953.167673664379,0.7108654631696603,1670.4607093334198,1784.6448061917492,59.42608839571193,5.089897097342504,0.85,0.6166666666666667,0.1117,709.4224023225256,416.66496394936246,Wh,416.66496394936246,Wh
109,eddb83a47f2b1bf27b8ed1ca00ff3ddd,ARIMA,"{""p"": 4, ""d"": 3, ""q"": 12, ""regression_type"": ""Holiday""}","{""fillna"": ""ffill_mean_biased"", ""transformations"": {""0"": ""DifferencedTransformer""}, ""transformation_params"": {""0"": {""lag"": 1, ""fill"": ""bfill""}}}",0,1,62.43176684917062,2.298998599817009,2.6261958084034918,1.030188546368471,2.298998599817009,0.0,-137.25012723256418,2.2973363723310407,0.6897887564563536,1.116960586840496,54.51138442022313,1.0,0.5166666666666667,5.058974517594845,0.8,2.588017919530333,1.913123917765515,11.953382511989142,20.8227061330211,0.17863496137913182,136.5603384761078,98.72362530411895,20.20691251279248,0.416099622420341,62.43176684917062,2.298998599817009,2.6261958084034918,1.030188546368471,2.298998599817009,0.0,2.2973363723310407,1.116960586840496,54.51138442022313,5.058974517594845,0.8,2.588017919530333,1.913123917765515,11.953382511989142,20.8227061330211,0.17863496137913182,136.5603384761078,98.72362530411895,20.20691251279248,0.416099622420341,1.0,0.5166666666666667,19.8494,613.8021003439223,34.40651420390368,Wh,34.40651420390368,Wh
110,88c01ab7eb9d6a3f63026f717a6afb5e,RollingRegression,"{""regression_model"": {""model"": ""Ridge"", ""model_params"": {""alpha"": 1e-05}}, ""holiday"": false, ""mean_rolling_periods"": 7, ""macd_periods"": null, ""std_rolling_periods"": null, ""max_rolling_periods"": 7, ""min_rolling_periods"": 24, ""ewm_var_alpha"": null, ""quantile90_rolling_periods"": null, ""quantile10_rolling_periods"": null, ""ewm_alpha"": null, ""additional_lag_periods"": 27, ""abs_energy"": false, ""rolling_autocorr_periods"": null, ""nonzero_last_n"": null, ""add_date_part"": ""simple_2"", ""polynomial_degree"": null, ""x_transform"": null, ""regression_type"": null}","{""fillna"": ""rolling_mean_24"", ""transformations"": {""0"": ""DifferencedTransformer"", ""1"": ""Scaler""}, ""transformation_params"": {""0"": {""lag"": 1, ""fill"": ""bfill""}, ""1"": {}}}",0,1,39.37007786068901,20.41612506605492,56.51038996007767,8.374671550188516,20.41612506605492,0.0,-9.238045783583857,1.212105531713996,1215.7294581797114,20.38076650245703,21.978544324801913,0.9333333333333333,0.43333333333333335,229.0045602255152,0.5666666666666667,79.6311296768143,0.8004201241856876,180.4192214592235,20220.460676346367,0.7032131040048046,1206.4914123961275,162.32328552487508,50.17478487122713,3.676181728556895,39.37007786068901,20.41612506605492,56.51038996007767,8.374671550188516,20.41612506605492,0.0,1.212105531713996,20.38076650245703,21.978544324801913,229.0045602255152,0.5666666666666667,79.6311296768143,0.8004201241856876,180.4192214592235,20220.460676346367,0.7032131040048046,1206.4914123961275,162.32328552487508,50.17478487122713,3.676181728556895,0.9333333333333333,0.43333333333333335,0.3821,582.8307131006342,305.54507389861163,Wh,305.54507389861163,Wh
111,ff70e4ba913e131e183e0fe3035a1a4e,ARIMA,"{""p"": 4, ""d"": 1, ""q"": 0, ""regression_type"": null}","{""fillna"": ""seasonal_linear"", ""transformations"": {""0"": ""DifferencedTransformer""}, ""transformation_params"": {""0"": {""lag"": 2, ""fill"": ""bfill""}}}",0,1,122.60516530224183,19.24517287770095,20.619699828653072,1.4910839170604926,19.24517287770095,0.0,0.0,2.9304341140676153,1154.710372662057,19.24517287770095,28.042143134996934,0.95,0.45,31.534615725886482,0.2,28.214992341764617,17.368738152379013,93.69199388473177,1145.0642399621397,0.11514369865009372,1154.710372662057,911.5745764827459,6.65475302364259,3.518404797697507,122.60516530224183,19.24517287770095,20.619699828653072,1.4910839170604926,19.24517287770095,0.0,2.9304341140676153,19.24517287770095,28.042143134996934,31.534615725886482,0.2,28.214992341764617,17.368738152379013,93.69199388473177,1145.0642399621397,0.11514369865009372,1154.710372662057,911.5745764827459,6.65475302364259,3.518404797697507,0.95,0.45,0.0598,567.1288975582216,288.0207556567911,Wh,288.0207556567911,Wh
112,2f525f56939d45064c4110141787c2ca,ARIMA,"{""p"": 5, ""d"": 1, ""q"": 12, ""regression_type"": null}","{""fillna"": ""rolling_mean_24"", ""transformations"": {""0"": ""Scaler"", ""1"": ""Scaler"", ""2"": ""DifferencedTransformer""}, ""transformation_params"": {""0"": {}, ""1"": {}, ""2"": {""lag"": 2, ""fill"": ""bfill""}}}",0,1,114.84752204933851,16.218879556999514,17.3997150255941,1.3666628111568244,16.218879556999514,0.0,0.0,2.7699136574371237,973.1327734199709,16.218879556999514,30.544429351087164,0.95,0.4666666666666667,26.833313324930607,0.2,23.8680256944021,14.613089484868219,79.14219222768875,833.0539633158489,0.25840961969219756,973.1327734199709,766.3723009780687,5.157656508433464,2.96513749236022,114.84752204933851,16.218879556999514,17.3997150255941,1.3666628111568244,16.218879556999514,0.0,2.7699136574371237,16.218879556999514,30.544429351087164,26.833313324930607,0.2,23.8680256944021,14.613089484868219,79.14219222768875,833.0539633158489,0.25840961969219756,973.1327734199709,766.3723009780687,5.157656508433464,2.96513749236022,0.95,0.4666666666666667,11.0182,555.7034182395564,242.7296431993148,Wh,242.7296431993148,Wh
113,6828ec91b85e2dd3963a192192094aa4,RollingRegression,"{""regression_model"": {""model"": ""RANSAC"", ""model_params"": {}}, ""holiday"": false, ""mean_rolling_periods"": 5, ""macd_periods"": 28, ""std_rolling_periods"": null, ""max_rolling_periods"": null, ""min_rolling_periods"": null, ""ewm_var_alpha"": null, ""quantile90_rolling_periods"": null, ""quantile10_rolling_periods"": null, ""ewm_alpha"": 0.2, ""additional_lag_periods"": 11, ""abs_energy"": false, ""rolling_autocorr_periods"": null, ""nonzero_last_n"": null, ""add_date_part"": ""simple_binarized"", ""polynomial_degree"": null, ""x_transform"": null, ""regression_type"": null}","{""fillna"": ""quadratic"", ""transformations"": {""0"": ""Scaler"", ""1"": ""Scaler"", ""2"": ""DifferencedTransformer"", ""3"": ""DifferencedTransformer""}, ""transformation_params"": {""0"": {}, ""1"": {}, ""2"": {""lag"": 1, ""fill"": ""bfill""}, ""3"": {""lag"": 7, ""fill"": ""zero""}}}",0,1,175.9370405396982,14.61021801630656,23.95592054208027,6.035494347081662,14.61021801630656,0.0,-207.04260969161987,4.516347524675323,669.5704712867737,12.370254950109956,23.009567693644374,0.3333333333333333,0.45,78.1433515548706,0.8,22.142460552034805,7.301665913824942,36.746132563107,1148.2818578483964,1.41897469819752,462.5278615951538,887.119090700371,206.07946048218886,1.4093233124367444,175.9370405396982,14.61021801630656,23.95592054208027,6.035494347081662,14.61021801630656,0.0,4.516347524675323,12.370254950109956,23.009567693644374,78.1433515548706,0.8,22.142460552034805,7.301665913824942,36.746132563107,1148.2818578483964,1.41897469819752,462.5278615951538,887.119090700371,206.07946048218886,1.4093233124367444,0.3333333333333333,0.45,0.7774,547.8391223024037,218.65462368711007,Wh,218.65462368711007,Wh
114,e1596611410daca6c0e79c05dd42fd7a,DatepartRegression,"{""regression_model"": {""model"": ""RadiusNeighbors"", ""model_params"": {""radius"": 1.0, ""weights"": ""uniform"", ""algorithm"": ""auto"", ""leaf_size"": 10, ""p"": 1, ""metric"": ""minkowski""}}, ""datepart_method"": [""db2_365.25_12_0.5"", ""morlet_7_7_1""], ""polynomial_degree"": null, ""holiday_countries_used"": false, ""lags"": null, ""forward_lags"": 2, ""regression_type"": null}","{""fillna"": ""ffill_mean_biased"", ""transformations"": {""0"": ""DifferencedTransformer"", ""1"": ""Scaler"", ""2"": ""Scaler""}, ""transformation_params"": {""0"": {""lag"": 1, ""fill"": ""bfill""}, ""1"": {}, ""2"": {}}}",0,1,114.96929705449011,26.07652862028529,31.335303282207192,2.3190191898091244,26.07652862028529,0.0,-4.765855869278312,2.7961560239837793,1559.8258613478392,26.053836962427688,18.624935881040496,1.0,0.45,43.49250872246921,0.21666666666666667,43.71110876218142,23.23703401648969,137.80555576066973,2450.1038941055654,0.4737369439778007,1555.060005478561,1015.3366207857159,35.8511388700443,4.738270923616745,114.96929705449011,26.07652862028529,31.335303282207192,2.3190191898091244,26.07652862028529,0.0,2.7961560239837793,26.053836962427688,18.624935881040496,43.49250872246921,0.21666666666666667,43.71110876218142,23.23703401648969,137.80555576066973,2450.1038941055654,0.4737369439778007,1555.060005478561,1015.3366207857159,35.8511388700443,4.738270923616745,1.0,0.45,0.1432,547.2698531909856,390.25793770981875,Wh,390.25793770981875,Wh
115,8a6c38ccd8e705d5f5d442ce2426c80b,DatepartRegression,"{""regression_model"": {""model"": ""MLP"", ""model_params"": {""hidden_layer_sizes"": [72, 36, 72], ""max_iter"": 250, ""activation"": ""tanh"", ""solver"": ""adam"", ""early_stopping"": false, ""learning_rate_init"": 0.01, ""alpha"": 0.0}}, ""datepart_method"": [""morlet_365.25_12_12"", ""ricker_7_7_1""], ""polynomial_degree"": null, ""holiday_countries_used"": true, ""lags"": null, ""forward_lags"": null, ""regression_type"": null}","{""fillna"": ""akima"", ""transformations"": {""0"": ""DifferencedTransformer"", ""1"": ""Scaler"", ""2"": ""Scaler""}, ""transformation_params"": {""0"": {""lag"": 1, ""fill"": ""bfill""}, ""1"": {}, ""2"": {}}}",0,1,111.52102001411937,18.929022890683786,22.322466074052553,1.6306280389770742,18.929022890683786,0.0,-0.5489968844042679,2.708548981041475,1135.192376556623,18.92716640177827,17.461669815689422,1.0,0.45,38.81653952351336,0.18333333333333332,31.142351513057463,15.921713027919596,103.36275487704616,1386.801750774917,0.3108967719635091,1134.6433796722188,738.438931402488,11.392830490775166,3.4572606302228186,111.52102001411937,18.929022890683786,22.322466074052553,1.6306280389770742,18.929022890683786,0.0,2.708548981041475,18.92716640177827,17.461669815689422,38.81653952351336,0.18333333333333332,31.142351513057463,15.921713027919596,103.36275487704616,1386.801750774917,0.3108967719635091,1134.6433796722188,738.438931402488,11.392830490775166,3.4572606302228186,1.0,0.45,0.3926,456.80471069577226,283.28929604662176,Wh,283.28929604662176,Wh
116,6813319d949ea638e4ab394c410579ba,SeasonalNaive,"{""method"": ""lastvalue"", ""lag_1"": 12, ""lag_2"": null}","{""fillna"": ""mean"", ""transformations"": {""0"": ""DifferencedTransformer""}, ""transformation_params"": {""0"": {""lag"": 2, ""fill"": ""bfill""}}}",0,1,101.20480526783511,11.507300249735515,11.883448190295907,1.9080632975092915,11.507300249735515,0.0,0.0,2.495666462217698,690.4380149841309,11.507300249735515,17.25194900708987,0.95,0.55,16.647971630096436,0.2,16.116576919521684,10.76496509477204,51.7655014404135,397.7364274841681,0.5748652518402977,690.4380149841309,604.2749038698344,24.85700746844184,2.1037660022335856,101.20480526783511,11.507300249735515,11.883448190295907,1.9080632975092915,11.507300249735515,0.0,2.495666462217698,11.507300249735515,17.25194900708987,16.647971630096436,0.2,16.116576919521684,10.76496509477204,51.7655014404135,397.7364274841681,0.5748652518402977,690.4380149841309,604.2749038698344,24.85700746844184,2.1037660022335856,0.95,0.55,0.0909,364.7672652133664,172.21675973296527,Wh,172.21675973296527,Wh
117,a2fa80d7d894ee681e242d7127b5da7e,DatepartRegression,"{""regression_model"": {""model"": ""DecisionTree"", ""model_params"": {""max_depth"": 3, ""min_samples_split"": 2}}, ""datepart_method"": ""recurring"", ""polynomial_degree"": null, ""holiday_countries_used"": false, ""lags"": null, ""forward_lags"": null, ""regression_type"": null}","{""fillna"": ""ffill_mean_biased"", ""transformations"": {""0"": ""Scaler"", ""1"": ""Scaler"", ""2"": ""Scaler"", ""3"": ""DifferencedTransformer"", ""4"": ""Scaler""}, ""transformation_params"": {""0"": {}, ""1"": {}, ""2"": {}, ""3"": {""lag"": 2, ""fill"": ""bfill""}, ""4"": {}}}",0,1,82.69291079999547,10.646814984133815,16.68380684673848,3.142058240003635,10.646814984133815,0.0,0.0,2.1785876391843835,638.8088990480289,10.646814984133815,17.010293975668134,0.9666666666666667,0.4666666666666667,63.19751999599369,0.2,23.343426004184142,6.051188975358744,65.16006501844755,1654.7191625651092,0.3035954242956498,638.8088990480289,405.06539472404,15.702952308813751,1.9464519834881897,82.69291079999547,10.646814984133815,16.68380684673848,3.142058240003635,10.646814984133815,0.0,2.1785876391843835,10.646814984133815,17.010293975668134,63.19751999599369,0.2,23.343426004184142,6.051188975358744,65.16006501844755,1654.7191625651092,0.3035954242956498,638.8088990480289,405.06539472404,15.702952308813751,1.9464519834881897,0.9666666666666667,0.4666666666666667,0.113,360.4064414345619,159.3388491002527,Wh,159.3388491002527,Wh
118,2da9a4a67affa725829ebb59a5ef4448,SeasonalNaive,"{""method"": ""mean"", ""lag_1"": 12, ""lag_2"": 4}","{""fillna"": ""quadratic"", ""transformations"": {""0"": ""Scaler"", ""1"": ""DifferencedTransformer"", ""2"": ""Scaler"", ""3"": ""Scaler""}, ""transformation_params"": {""0"": {}, ""1"": {""lag"": 2, ""fill"": ""bfill""}, ""2"": {}, ""3"": {}}}",0,1,95.40646227688374,10.069678803471959,10.26946856112539,1.5014907487199503,10.069678803471959,0.0,0.0,2.386769478024102,604.1807282083175,10.069678803471959,16.949347438755716,0.95,0.38333333333333336,13.759073184313731,0.2,13.874365209865822,9.58670874496496,44.19180768480287,297.2636769727042,0.42192217502294654,604.1807282083175,544.3783043174864,6.592302378377833,1.8409398781997872,95.40646227688374,10.069678803471959,10.26946856112539,1.5014907487199503,10.069678803471959,0.0,2.386769478024102,10.069678803471959,16.949347438755716,13.759073184313731,0.2,13.874365209865822,9.58670874496496,44.19180768480287,297.2636769727042,0.42192217502294654,604.1807282083175,544.3783043174864,6.592302378377833,1.8409398781997872,0.95,0.38333333333333336,0.1095,342.6003677799077,150.70150404092584,Wh,150.70150404092584,Wh
119,8bb5a3573d861e7b6711bd12dac1ca26,RollingRegression,"{""regression_model"": {""model"": ""RANSAC"", ""model_params"": {}}, ""holiday"": false, ""mean_rolling_periods"": 5, ""macd_periods"": 28, ""std_rolling_periods"": null, ""max_rolling_periods"": 7, ""min_rolling_periods"": 52, ""ewm_var_alpha"": null, ""quantile90_rolling_periods"": null, ""quantile10_rolling_periods"": null, ""ewm_alpha"": null, ""additional_lag_periods"": 35, ""abs_energy"": false, ""rolling_autocorr_periods"": null, ""nonzero_last_n"": null, ""add_date_part"": ""simple_binarized"", ""polynomial_degree"": null, ""x_transform"": null, ""regression_type"": null}","{""fillna"": ""ffill"", ""transformations"": {""0"": ""Scaler"", ""1"": ""Scaler"", ""2"": ""DifferencedTransformer"", ""3"": ""Scaler""}, ""transformation_params"": {""0"": {}, ""1"": {}, ""2"": {""lag"": 1, ""fill"": ""bfill""}, ""3"": {}}}",0,1,82.3083821659605,10.09172511305287,13.341676596433421,1.6998844646283038,10.09172511305287,0.0,-0.006784709912608378,2.106400669823708,605.4967220732597,10.091724731176772,15.999748813974104,1.0,0.45,34.427041163438844,0.2,18.770790966625185,6.918839796785167,61.32448853369028,667.0698785316685,0.34403346777991334,605.489937363347,342.54621904722643,8.152633947152397,1.8449290410940513,82.3083821659605,10.09172511305287,13.341676596433421,1.6998844646283038,10.09172511305287,0.0,2.106400669823708,10.091724731176772,15.999748813974104,34.427041163438844,0.2,18.770790966625185,6.918839796785167,61.32448853369028,667.0698785316685,0.34403346777991334,605.489937363347,342.54621904722643,8.152633947152397,1.8449290410940513,1.0,0.45,0.833,333.2137503799225,151.03144624437027,Wh,151.03144624437027,Wh
120,cab5e7a99da5120a4cb325bde22e592b,RollingRegression,"{""regression_model"": {""model"": ""RANSAC"", ""model_params"": {}}, ""holiday"": false, ""mean_rolling_periods"": 5, ""macd_periods"": null, ""std_rolling_periods"": 7, ""max_rolling_periods"": null, ""min_rolling_periods"": 24, ""ewm_var_alpha"": null, ""quantile90_rolling_periods"": null, ""quantile10_rolling_periods"": null, ""ewm_alpha"": null, ""additional_lag_periods"": 11, ""abs_energy"": false, ""rolling_autocorr_periods"": null, ""nonzero_last_n"": null, ""add_date_part"": ""simple_2"", ""polynomial_degree"": null, ""x_transform"": null, ""regression_type"": null}","{""fillna"": ""zero"", ""transformations"": {""0"": ""DifferencedTransformer"", ""1"": ""Scaler""}, ""transformation_params"": {""0"": {""lag"": 1, ""fill"": ""bfill""}, ""1"": {}}}",0,1,54.923606298702815,9.068701886114372,20.134597787872316,3.707766831325232,9.068701886114372,0.0,-0.3182014782837541,1.5821737500155462,543.8039116885785,9.068002999660926,15.835560500383982,1.0,0.5166666666666667,84.12846997811289,0.18333333333333332,28.38250167350187,2.5437860059550226,69.08711162113995,2678.2481887725944,0.8360465986822609,543.4857102102948,196.60167591982304,17.72498191569499,1.656002037875148,54.923606298702815,9.068701886114372,20.134597787872316,3.707766831325232,9.068701886114372,0.0,1.5821737500155462,9.068002999660926,15.835560500383982,84.12846997811289,0.18333333333333332,28.38250167350187,2.5437860059550226,69.08711162113995,2678.2481887725944,0.8360465986822609,543.4857102102948,196.60167591982304,17.72498191569499,1.656002037875148,1.0,0.5166666666666667,0.4276,330.21826473844374,135.72101361018576,Wh,135.72101361018576,Wh
121,d83a0bbcb9c5280a9f69e0f24a8eb6e6,SeasonalNaive,"{""method"": ""lastvalue"", ""lag_1"": 12, ""lag_2"": 7}","{""fillna"": ""pchip"", ""transformations"": {""0"": ""Scaler"", ""1"": ""Scaler"", ""2"": ""DifferencedTransformer""}, ""transformation_params"": {""0"": {}, ""1"": {}, ""2"": {""lag"": 2, ""fill"": ""zero""}}}",0,1,94.98246992090142,10.066802632808685,10.351179460582221,1.679635124166356,10.066802632808685,0.0,0.0,2.378425865093336,604.0081579685211,10.066802632808685,15.210500889751788,0.95,0.48333333333333334,14.355322360992432,0.2,14.100616717167508,9.50389167841743,44.88124632788065,306.87021389374604,0.5165292289890714,604.0081579685211,533.8685881789277,12.854825456171824,1.8404140563365612,94.98246992090142,10.066802632808685,10.351179460582221,1.679635124166356,10.066802632808685,0.0,2.378425865093336,10.066802632808685,15.210500889751788,14.355322360992432,0.2,14.100616717167508,9.50389167841743,44.88124632788065,306.87021389374604,0.5165292289890714,604.0081579685211,533.8685881789277,12.854825456171824,1.8404140563365612,0.95,0.48333333333333334,0.0981,325.22972320108585,150.65845964464535,Wh,150.65845964464535,Wh
122,19d5c1967fc20e856587ff107f84aea7,ARIMA,"{""p"": 1, ""d"": 1, ""q"": 1, ""regression_type"": null}","{""fillna"": ""rolling_mean_24"", ""transformations"": {""0"": ""Scaler"", ""1"": ""DifferencedTransformer""}, ""transformation_params"": {""0"": {}, ""1"": {""lag"": 2, ""fill"": ""bfill""}}}",0,1,85.78285525255163,8.165692503849748,8.224490409795768,1.2196929862362595,8.165692503849748,0.0,0.0,2.2095789128313896,489.9415502309849,8.165692503849748,16.899762480484668,0.95,0.45,9.606795901949699,0.2,11.015518120944217,7.93991127557161,33.96410244413609,203.96426364114353,0.10594730847614091,489.9415502309849,467.55151377566506,18.61824499364381,1.4928528761285758,85.78285525255163,8.165692503849748,8.224490409795768,1.2196929862362595,8.165692503849748,0.0,2.2095789128313896,8.165692503849748,16.899762480484668,9.606795901949699,0.2,11.015518120944217,7.93991127557161,33.96410244413609,203.96426364114353,0.10594730847614091,489.9415502309849,467.55151377566506,18.61824499364381,1.4928528761285758,0.95,0.45,0.0856,315.60605552807914,122.20669257509722,Wh,122.20669257509722,Wh
123,1bbf5dcf0170cba27092cad542e6b1be,DatepartRegression,"{""regression_model"": {""model"": ""ElasticNet"", ""model_params"": {""l1_ratio"": 0.5, ""fit_intercept"": false, ""selection"": ""random"", ""max_iter"": 1000}}, ""datepart_method"": ""common_fourier"", ""polynomial_degree"": null, ""holiday_countries_used"": false, ""lags"": null, ""forward_lags"": null, ""regression_type"": null}","{""fillna"": ""quadratic"", ""transformations"": {""0"": ""Scaler""}, ""transformation_params"": {""0"": {}}}",0,1,200.0,5.469857501983642,5.517936185884677,1.2110858774861002,5.469857501983642,0.0,-328.19145011901855,5.469857501983642,0.0,1.8608350944478635,9.387097409212235,0.0,0.55,6.628880023956299,0.8,5.146938763790466,5.284495288250493,20.585089684773262,116.60715657259374,0.10229773036938852,328.19145011901855,345.5841636081096,20.054090112861402,1.0,200.0,5.469857501983642,5.517936185884677,1.2110858774861002,5.469857501983642,0.0,5.469857501983642,1.8608350944478635,9.387097409212235,6.628880023956299,0.8,5.146938763790466,5.284495288250493,20.585089684773262,116.60715657259374,0.10229773036938852,328.19145011901855,345.5841636081096,20.054090112861402,1.0,0.0,0.55,0.2966,304.6694133866465,81.86117636187737,Wh,81.86117636187737,Wh
124,233ab5a01b4ed0cb8469d52dbcc3461f,ARIMA,"{""p"": 0, ""d"": 0, ""q"": 5, ""regression_type"": null}","{""fillna"": ""zero"", ""transformations"": {""0"": ""Scaler"", ""1"": ""Scaler"", ""2"": ""Scaler"", ""3"": ""DifferencedTransformer""}, ""transformation_params"": {""0"": {}, ""1"": {}, ""2"": {}, ""3"": {""lag"": 2, ""fill"": ""bfill""}}}",0,1,79.86857075453669,7.2057132581853445,7.242451012741302,1.2041982430998024,7.2057132581853445,0.0,0.0,2.1008337719249686,432.3427954911207,7.2057132581853445,16.449272181211796,0.95,0.5166666666666667,8.363482626848862,0.2,9.699327767311553,7.033995323452693,29.305094970927584,162.0735439099384,0.10364866051463673,432.3427954911207,421.8162611780113,20.027237280738685,1.3173493560978864,79.86857075453669,7.2057132581853445,7.242451012741302,1.2041982430998024,7.2057132581853445,0.0,2.1008337719249686,7.2057132581853445,16.449272181211796,8.363482626848862,0.2,9.699327767311553,7.033995323452693,29.305094970927584,162.0735439099384,0.10364866051463673,432.3427954911207,421.8162611780113,20.027237280738685,1.3173493560978864,0.95,0.5166666666666667,0.1547,297.0755719160797,107.83976796973467,Wh,107.83976796973467,Wh
125,f32cd86ab55a577b0dad1c378b0bbd18,ARIMA,"{""p"": 7, ""d"": 1, ""q"": 4, ""regression_type"": null}","{""fillna"": ""seasonal_linear_window_3"", ""transformations"": {""0"": ""DifferencedTransformer"", ""1"": ""Scaler""}, ""transformation_params"": {""0"": {""lag"": 1, ""fill"": ""bfill""}, ""1"": {}}}",0,1,73.69837674854165,2.569871623093918,2.921639234560312,1.0676920719058969,2.569871623093918,0.0,-153.2675438842952,2.5671402328586725,0.9247535013398709,1.1853225246313124,20.429220946698887,1.0,0.5,5.3988918427277355,0.8,2.7225260731502035,2.1744134449834527,13.319166316794524,24.70591205498659,0.1958382369471662,152.34279038295534,108.44301763261096,20.786512441866762,0.46418878470998637,73.69837674854165,2.569871623093918,2.921639234560312,1.0676920719058969,2.569871623093918,0.0,2.5671402328586725,1.1853225246313124,20.429220946698887,5.3988918427277355,0.8,2.7225260731502035,2.1744134449834527,13.319166316794524,24.70591205498659,0.1958382369471662,152.34279038295534,108.44301763261096,20.786512441866762,0.46418878470998637,1.0,0.5,3.1902,287.0724229068832,38.460364660173255,Wh,38.460364660173255,Wh
126,424c48778e69befdb80f2ca028bf885f,ARIMA,"{""p"": 5, ""d"": 1, ""q"": 4, ""regression_type"": null}","{""fillna"": ""rolling_mean_24"", ""transformations"": {""0"": ""Scaler"", ""1"": ""DifferencedTransformer"", ""2"": ""Scaler""}, ""transformation_params"": {""0"": {}, ""1"": {""lag"": 1, ""fill"": ""bfill""}, ""2"": {}}}",0,1,42.8920350123733,1.7935087691247233,2.0204036231105222,1.0281351435456223,1.7935087691247233,0.0,-106.2973043895749,1.7884438047622657,1.3132217579085008,0.9711806892759204,23.526521908296218,1.0,0.5166666666666667,3.7618985873797834,0.8,2.3365104762517457,1.5226067687815148,9.007500715845541,12.086741195473996,0.06308437845501091,104.9840826316664,77.87614510564464,24.520847323242613,0.3198867081808315,42.8920350123733,1.7935087691247233,2.0204036231105222,1.0281351435456223,1.7935087691247233,0.0,1.7884438047622657,0.9711806892759204,23.526521908296218,3.7618985873797834,0.8,2.3365104762517457,1.5226067687815148,9.007500715845541,12.086741195473996,0.06308437845501091,104.9840826316664,77.87614510564464,24.520847323242613,0.3198867081808315,1.0,0.5166666666666667,2.1149,285.6242614004002,26.841419105095298,Wh,26.841419105095298,Wh
127,675a542bd33b0932fa3b4cea3b7ad55e,ARIMA,"{""p"": 5, ""d"": 1, ""q"": 4, ""regression_type"": null}","{""fillna"": ""ffill_mean_biased"", ""transformations"": {""0"": ""Scaler"", ""1"": ""Scaler"", ""2"": ""DifferencedTransformer""}, ""transformation_params"": {""0"": {}, ""1"": {}, ""2"": {""lag"": 1, ""fill"": ""bfill""}}}",0,1,42.8920350123733,1.7935087691247233,2.0204036231105222,1.0281351435456223,1.7935087691247233,0.0,-106.2973043895749,1.7884438047622657,1.3132217579085008,0.9711806892759204,23.526521908296218,1.0,0.5166666666666667,3.7618985873797834,0.8,2.3365104762517457,1.5226067687815148,9.007500715845541,12.086741195473996,0.06308437845501091,104.9840826316664,77.87614510564464,24.520847323242613,0.3198867081808315,42.8920350123733,1.7935087691247233,2.0204036231105222,1.0281351435456223,1.7935087691247233,0.0,1.7884438047622657,0.9711806892759204,23.526521908296218,3.7618985873797834,0.8,2.3365104762517457,1.5226067687815148,9.007500715845541,12.086741195473996,0.06308437845501091,104.9840826316664,77.87614510564464,24.520847323242613,0.3198867081808315,1.0,0.5166666666666667,0.9128,285.6239796854965,26.841419105095298,Wh,26.841419105095298,Wh
128,d011d4fc59128f8c2e7ea18569300889,ARIMA,"{""p"": 5, ""d"": 1, ""q"": 4, ""regression_type"": null}","{""fillna"": ""rolling_mean_24"", ""transformations"": {""0"": ""DifferencedTransformer"", ""1"": ""Scaler""}, ""transformation_params"": {""0"": {""lag"": 1, ""fill"": ""bfill""}, ""1"": {}}}",0,1,42.8920350123733,1.7935087691247233,2.0204036231105222,1.0281351435456223,1.7935087691247233,0.0,-106.2973043895749,1.7884438047622657,1.3132217579085008,0.9711806892759204,23.526521908296218,1.0,0.5166666666666667,3.7618985873797834,0.8,2.3365104762517457,1.5226067687815148,9.007500715845541,12.086741195473996,0.06308437845501091,104.9840826316664,77.87614510564464,24.520847323242613,0.3198867081808315,42.8920350123733,1.7935087691247233,2.0204036231105222,1.0281351435456223,1.7935087691247233,0.0,1.7884438047622657,0.9711806892759204,23.526521908296218,3.7618985873797834,0.8,2.3365104762517457,1.5226067687815148,9.007500715845541,12.086741195473996,0.06308437845501091,104.9840826316664,77.87614510564464,24.520847323242613,0.3198867081808315,1.0,0.5166666666666667,0.6265,285.6239125904321,26.841419105095298,Wh,26.841419105095298,Wh
129,c1fff7ac5b63e950b674dc71b9f29ab1,DatepartRegression,"{""regression_model"": {""model"": ""DecisionTree"", ""model_params"": {""max_depth"": null, ""min_samples_split"": 1.0}}, ""datepart_method"": ""simple"", ""polynomial_degree"": null, ""holiday_countries_used"": false, ""lags"": null, ""forward_lags"": null, ""regression_type"": null}","{""fillna"": ""mean"", ""transformations"": {""0"": ""Scaler"", ""1"": ""DifferencedTransformer"", ""2"": ""Scaler"", ""3"": ""Scaler"", ""4"": ""Scaler""}, ""transformation_params"": {""0"": {}, ""1"": {""lag"": 2, ""fill"": ""zero""}, ""2"": {}, ""3"": {}, ""4"": {}}}",0,1,79.00955076074754,7.28379137659403,7.65781518216217,1.368459100244405,7.28379137659403,0.0,0.0,2.0849235075959673,437.0274825956418,7.28379137659403,14.745959497184407,0.95,0.5833333333333334,16.375309469773644,0.2,10.37031692003845,6.447466140487097,32.866274687048055,233.9303656065569,0.12259491503813096,437.0274825956418,397.6672695085913,16.52498186747867,1.3316236070048562,79.00955076074754,7.28379137659403,7.65781518216217,1.368459100244405,7.28379137659403,0.0,2.0849235075959673,7.28379137659403,14.745959497184407,16.375309469773644,0.2,10.37031692003845,6.447466140487097,32.866274687048055,233.9303656065569,0.12259491503813096,437.0274825956418,397.6672695085913,16.52498186747867,1.3316236070048562,0.95,0.5833333333333334,0.0961,281.3315881778274,109.00827494066381,Wh,109.00827494066381,Wh
130,e4ddd8930535e44cc5fda6c0dcc0d334,ARIMA,"{""p"": 4, ""d"": 1, ""q"": 4, ""regression_type"": null}","{""fillna"": ""ffill"", ""transformations"": {""0"": ""DifferencedTransformer""}, ""transformation_params"": {""0"": {""lag"": 1, ""fill"": ""bfill""}}}",0,1,38.33689605358741,1.6512343571191677,1.8617397248879877,1.077164296132929,1.6512343571191677,0.0,-97.7201530425578,1.6458160761709117,1.353908384592259,0.9236727133752658,23.53093055228509,1.0,0.5166666666666667,3.517609055022324,0.8,2.262120947429961,1.4000383052470742,8.220418298893867,10.420176572134718,0.2626489771599087,96.36624465796554,72.32148030772119,19.582759462552442,0.29362813876783916,38.33689605358741,1.6512343571191677,1.8617397248879877,1.077164296132929,1.6512343571191677,0.0,1.6458160761709117,0.9236727133752658,23.53093055228509,3.517609055022324,0.8,2.262120947429961,1.4000383052470742,8.220418298893867,10.420176572134718,0.2626489771599087,96.36624465796554,72.32148030772119,19.582759462552442,0.29362813876783916,1.0,0.5166666666666667,2.3922,280.6575615618758,24.71215874890768,Wh,24.71215874890768,Wh
131,9e182b2af7d8401a8fa91dc8bdd2b637,DatepartRegression,"{""regression_model"": {""model"": ""DecisionTree"", ""model_params"": {""max_depth"": 3, ""min_samples_split"": 2}}, ""datepart_method"": ""recurring"", ""polynomial_degree"": null, ""holiday_countries_used"": false, ""lags"": null, ""forward_lags"": null, ""regression_type"": null}","{""fillna"": ""mean"", ""transformations"": {""2"": ""DifferencedTransformer""}, ""transformation_params"": {""2"": {}}}",0,1,30.192240995382,6.439497080684941,17.50186249583413,3.2119957465064823,6.439497080684941,0.0,-10.849501804565088,0.8927821850577441,375.52032303653135,6.401708506193539,15.339435346723112,1.0,0.5833333333333334,72.0442391721062,0.6333333333333333,24.69728529704134,0.4995464015549999,55.67402917818063,1981.9312775913183,0.23045551368663725,364.6708212319663,48.25177852947124,23.54432435981855,1.1111527161957402,30.192240995382,6.439497080684941,17.50186249583413,3.2119957465064823,6.439497080684941,0.0,0.8927821850577441,6.401708506193539,15.339435346723112,72.0442391721062,0.6333333333333333,24.69728529704134,0.4995464015549999,55.67402917818063,1981.9312775913183,0.23045551368663725,364.6708212319663,48.25177852947124,23.54432435981855,1.1111527161957402,1.0,0.5833333333333334,0.1096,280.04442779525715,96.37267625574808,Wh,96.37267625574808,Wh
132,28477c6fb75646698890f236407fe22b,RollingRegression,"{""regression_model"": {""model"": ""RANSAC"", ""model_params"": {}}, ""holiday"": true, ""mean_rolling_periods"": 12, ""macd_periods"": 7, ""std_rolling_periods"": 7, ""max_rolling_periods"": null, ""min_rolling_periods"": null, ""ewm_var_alpha"": null, ""quantile90_rolling_periods"": null, ""quantile10_rolling_periods"": null, ""ewm_alpha"": null, ""additional_lag_periods"": 11, ""abs_energy"": true, ""rolling_autocorr_periods"": null, ""nonzero_last_n"": null, ""add_date_part"": null, ""polynomial_degree"": null, ""x_transform"": null, ""regression_type"": null}","{""fillna"": ""rolling_mean_24"", ""transformations"": {""0"": ""Scaler"", ""1"": ""DifferencedTransformer"", ""2"": ""Scaler""}, ""transformation_params"": {""0"": {}, ""1"": {""lag"": 1, ""fill"": ""bfill""}, ""2"": {}}}",0,1,69.82262619962206,6.586817003005749,7.6687979128011365,1.0871192420376155,6.586817003005749,0.0,-0.06941980459294683,1.839922227424675,395.139600375752,6.58677861064105,15.42146907839753,1.0,0.48333333333333334,13.041322361911117,0.2,10.851255959107629,5.6202144631879705,35.320314957720825,158.2842330790685,0.12165602165292488,395.0701805711591,265.3619347668767,17.56785584311907,1.2037796244475198,69.82262619962206,6.586817003005749,7.6687979128011365,1.0871192420376155,6.586817003005749,0.0,1.839922227424675,6.58677861064105,15.42146907839753,13.041322361911117,0.2,10.851255959107629,5.6202144631879705,35.320314957720825,158.2842330790685,0.12165602165292488,395.0701805711591,265.3619347668767,17.56785584311907,1.2037796244475198,1.0,0.48333333333333334,7.3265,275.87657623485444,98.57744706346075,Wh,98.57744706346075,Wh
133,6f40d90b78436fa8c7009b47734420eb,RollingRegression,"{""regression_model"": {""model"": ""RANSAC"", ""model_params"": {}}, ""holiday"": false, ""mean_rolling_periods"": 5, ""macd_periods"": 7, ""std_rolling_periods"": 7, ""max_rolling_periods"": null, ""min_rolling_periods"": 24, ""ewm_var_alpha"": null, ""quantile90_rolling_periods"": null, ""quantile10_rolling_periods"": null, ""ewm_alpha"": null, ""additional_lag_periods"": 11, ""abs_energy"": false, ""rolling_autocorr_periods"": null, ""nonzero_last_n"": null, ""add_date_part"": null, ""polynomial_degree"": null, ""x_transform"": null, ""regression_type"": null}","{""fillna"": ""ffill_mean_biased"", ""transformations"": {""0"": ""DifferencedTransformer"", ""1"": ""Scaler""}, ""transformation_params"": {""0"": {""lag"": 1, ""fill"": ""bfill""}, ""1"": {}}}",0,1,133.6405811148682,3.834278103003307,4.175119283209759,1.024606076309348,3.834278103003307,0.0,-230.05668618019843,3.834278103003307,0.0,1.4900026755778424,13.25834283018281,1.0,0.5166666666666667,6.177299976348877,0.8,3.393610952654888,3.5215005176784993,18.035411514990564,42.50921962106992,0.15017110667480615,230.05668618019843,184.3193356144563,15.77858347273666,0.7009831794727389,133.6405811148682,3.834278103003307,4.175119283209759,1.024606076309348,3.834278103003307,0.0,3.834278103003307,1.4900026755778424,13.25834283018281,6.177299976348877,0.8,3.393610952654888,3.5215005176784993,18.035411514990564,42.50921962106992,0.15017110667480615,230.05668618019843,184.3193356144563,15.77858347273666,0.7009831794727389,1.0,0.5166666666666667,0.4338,275.39491772249613,57.38330768152742,Wh,57.38330768152742,Wh
134,7b00baf61d5aa577fb854401cc4b8fa1,RollingRegression,"{""regression_model"": {""model"": ""RANSAC"", ""model_params"": {}}, ""holiday"": false, ""mean_rolling_periods"": 5, ""macd_periods"": 7, ""std_rolling_periods"": 7, ""max_rolling_periods"": null, ""min_rolling_periods"": 24, ""ewm_var_alpha"": null, ""quantile90_rolling_periods"": null, ""quantile10_rolling_periods"": null, ""ewm_alpha"": null, ""additional_lag_periods"": 11, ""abs_energy"": false, ""rolling_autocorr_periods"": null, ""nonzero_last_n"": null, ""add_date_part"": null, ""polynomial_degree"": null, ""x_transform"": null, ""regression_type"": null}","{""fillna"": ""rolling_mean_24"", ""transformations"": {""0"": ""DifferencedTransformer"", ""1"": ""Scaler"", ""2"": ""Scaler""}, ""transformation_params"": {""0"": {""lag"": 1, ""fill"": ""bfill""}, ""1"": {}, ""2"": {}}}",0,1,133.6405811148682,3.834278103003307,4.175119283209759,1.024606076309348,3.834278103003307,0.0,-230.05668618019843,3.834278103003307,0.0,1.4900026755778424,13.25834283018281,1.0,0.5166666666666667,6.177299976348877,0.8,3.393610952654888,3.5215005176784993,18.035411514990564,42.50921962106992,0.15017110667480615,230.05668618019843,184.3193356144563,15.77858347273666,0.7009831794727389,133.6405811148682,3.834278103003307,4.175119283209759,1.024606076309348,3.834278103003307,0.0,3.834278103003307,1.4900026755778424,13.25834283018281,6.177299976348877,0.8,3.393610952654888,3.5215005176784993,18.035411514990564,42.50921962106992,0.15017110667480615,230.05668618019843,184.3193356144563,15.77858347273666,0.7009831794727389,1.0,0.5166666666666667,0.4314,275.3949171600506,57.38330768152742,Wh,57.38330768152742,Wh
135,3c9b0302a273d65185e883d839f8a3d2,RollingRegression,"{""regression_model"": {""model"": ""RANSAC"", ""model_params"": {}}, ""holiday"": false, ""mean_rolling_periods"": 5, ""macd_periods"": 7, ""std_rolling_periods"": 7, ""max_rolling_periods"": null, ""min_rolling_periods"": 24, ""ewm_var_alpha"": null, ""quantile90_rolling_periods"": null, ""quantile10_rolling_periods"": null, ""ewm_alpha"": null, ""additional_lag_periods"": 11, ""abs_energy"": false, ""rolling_autocorr_periods"": null, ""nonzero_last_n"": null, ""add_date_part"": null, ""polynomial_degree"": null, ""x_transform"": null, ""regression_type"": null}","{""fillna"": ""rolling_mean_24"", ""transformations"": {""0"": ""DifferencedTransformer""}, ""transformation_params"": {""0"": {""lag"": 1, ""fill"": ""bfill""}}}",0,1,133.6405811148682,3.834278103003307,4.175119283209759,1.024606076309348,3.834278103003307,0.0,-230.05668618019843,3.834278103003307,0.0,1.4900026755778424,13.25834283018281,1.0,0.5166666666666667,6.177299976348877,0.8,3.393610952654888,3.5215005176784993,18.035411514990564,42.50921962106992,0.15017110667480615,230.05668618019843,184.3193356144563,15.77858347273666,0.7009831794727389,133.6405811148682,3.834278103003307,4.175119283209759,1.024606076309348,3.834278103003307,0.0,3.834278103003307,1.4900026755778424,13.25834283018281,6.177299976348877,0.8,3.393610952654888,3.5215005176784993,18.035411514990564,42.50921962106992,0.15017110667480615,230.05668618019843,184.3193356144563,15.77858347273666,0.7009831794727389,1.0,0.5166666666666667,0.4213,275.39491479309237,57.38330768152742,Wh,57.38330768152742,Wh
136,c4a104e9a0de11707da1166fc50255a8,SeasonalNaive,"{""method"": ""lastvalue"", ""lag_1"": 2, ""lag_2"": null}","{""fillna"": ""rolling_mean_24"", ""transformations"": {""0"": ""DifferencedTransformer""}, ""transformation_params"": {""0"": {""lag"": 1, ""fill"": ""bfill""}}}",0,1,69.68177695439023,6.408792448043823,7.311127274397634,1.2371515155102182,6.408792448043823,0.0,0.0,1.8511048040456268,384.5275468826294,6.408792448043823,15.389707292327138,1.0,0.4166666666666667,12.427320003509521,0.2,10.333545973977238,5.542520167780857,33.60871552387763,141.3903633168424,0.47741972833569635,384.5275468826294,268.9479834085472,11.173746729435448,1.1716561986705643,69.68177695439023,6.408792448043823,7.311127274397634,1.2371515155102182,6.408792448043823,0.0,1.8511048040456268,6.408792448043823,15.389707292327138,12.427320003509521,0.2,10.333545973977238,5.542520167780857,33.60871552387763,141.3903633168424,0.47741972833569635,384.5275468826294,268.9479834085472,11.173746729435448,1.1716561986705643,1.0,0.4166666666666667,0.0972,273.142298690424,95.91315471485791,Wh,95.91315471485791,Wh
137,f21305483e4929ce964c847b8a99aec4,ARIMA,"{""p"": 7, ""d"": 1, ""q"": 0, ""regression_type"": null}","{""fillna"": ""ffill"", ""transformations"": {""0"": ""DifferencedTransformer""}, ""transformation_params"": {""0"": {""lag"": 1, ""fill"": ""bfill""}}}",0,1,57.07555355791554,4.676090703640868,5.409494610986572,1.0531413527112772,4.676090703640868,0.0,-0.3051654533490211,1.5823966712836566,280.260276765103,4.675443443033612,17.730546233224292,1.0,0.43333333333333335,9.211461368688294,0.2,7.752848025633244,4.008215815862359,24.817168607784488,77.60529177601283,0.017140970846922912,279.955111311754,190.70583001434437,21.53161402523413,0.8530237799011168,57.07555355791554,4.676090703640868,5.409494610986572,1.0531413527112772,4.676090703640868,0.0,1.5823966712836566,4.675443443033612,17.730546233224292,9.211461368688294,0.2,7.752848025633244,4.008215815862359,24.817168607784488,77.60529177601283,0.017140970846922912,279.955111311754,190.70583001434437,21.53161402523413,0.8530237799011168,1.0,0.43333333333333335,0.1148,269.0015923403227,69.9817656375987,Wh,69.9817656375987,Wh
138,a412541ba3550f1cf30411a58f48575a,DatepartRegression,"{""regression_model"": {""model"": ""ElasticNet"", ""model_params"": {""l1_ratio"": 0.5, ""fit_intercept"": true, ""selection"": ""cyclic"", ""max_iter"": 1000}}, ""datepart_method"": ""simple_2"", ""polynomial_degree"": null, ""holiday_countries_used"": false, ""lags"": null, ""forward_lags"": 2, ""regression_type"": null}","{""fillna"": ""rolling_mean_24"", ""transformations"": {""0"": ""DifferencedTransformer""}, ""transformation_params"": {""0"": {""lag"": 1, ""fill"": ""bfill""}}}",0,1,120.69111291178146,3.5024188023419365,3.910143664157457,1.0108995824156968,3.5024188023419365,0.0,-208.89938820579374,3.4977813301587597,1.2457399347224296,1.4011461386691404,13.575360811231585,1.0,0.55,5.7993998527526855,0.8,3.1577158107120997,3.1515433358171263,17.27582579296233,38.15382335179545,0.005238185398727889,207.65364827107135,153.1788741204522,21.170420019012848,0.6327210784917334,120.69111291178146,3.5024188023419365,3.910143664157457,1.0108995824156968,3.5024188023419365,0.0,3.4977813301587597,1.4011461386691404,13.575360811231585,5.7993998527526855,0.8,3.1577158107120997,3.1515433358171263,17.27582579296233,38.15382335179545,0.005238185398727889,207.65364827107135,153.1788741204522,21.170420019012848,0.6327210784917334,1.0,0.55,0.0995,265.25594406054,52.41674452537246,Wh,52.41674452537246,Wh
139,3ce68e6a22352230c9887b7faf01a85d,DatepartRegression,"{""regression_model"": {""model"": ""ElasticNet"", ""model_params"": {""l1_ratio"": 0.5, ""fit_intercept"": true, ""selection"": ""cyclic"", ""max_iter"": 1000}}, ""datepart_method"": ""simple_2"", ""polynomial_degree"": null, ""holiday_countries_used"": false, ""lags"": null, ""forward_lags"": 2, ""regression_type"": null}","{""fillna"": ""ffill"", ""transformations"": {""0"": ""Scaler"", ""1"": ""Scaler"", ""2"": ""Scaler"", ""3"": ""DifferencedTransformer""}, ""transformation_params"": {""0"": {}, ""1"": {}, ""2"": {}, ""3"": {""lag"": 1, ""fill"": ""bfill""}}}",0,1,120.69111291178146,3.5024188023419365,3.910143664157457,1.0108995824156968,3.5024188023419365,0.0,-208.89938820579374,3.4977813301587597,1.2457399347224296,1.4011461386691404,13.575360811231585,1.0,0.55,5.7993998527526855,0.8,3.1577158107120997,3.1515433358171263,17.27582579296233,38.15382335179545,0.005238185398727889,207.65364827107135,153.1788741204522,21.170420019012848,0.6327210784917334,120.69111291178146,3.5024188023419365,3.910143664157457,1.0108995824156968,3.5024188023419365,0.0,3.4977813301587597,1.4011461386691404,13.575360811231585,5.7993998527526855,0.8,3.1577158107120997,3.1515433358171263,17.27582579296233,38.15382335179545,0.005238185398727889,207.65364827107135,153.1788741204522,21.170420019012848,0.6327210784917334,1.0,0.55,0.0984,265.2559438027525,52.41674452537246,Wh,52.41674452537246,Wh
140,030d2685e68a697950d35012c3052d7d,DatepartRegression,"{""regression_model"": {""model"": ""RandomForest"", ""model_params"": {""n_estimators"": 100, ""min_samples_leaf"": 2, ""bootstrap"": true}}, ""datepart_method"": ""expanded"", ""polynomial_degree"": null, ""holiday_countries_used"": false, ""lags"": null, ""forward_lags"": null, ""regression_type"": null}","{""fillna"": ""quadratic"", ""transformations"": {""0"": ""DifferencedTransformer""}, ""transformation_params"": {""0"": {""lag"": 1, ""fill"": ""bfill""}}}",0,1,57.58222748955457,4.805203070901154,5.643873964114367,1.1569266211586124,4.805203070901154,0.0,-0.023725283940633446,1.5790693686087804,288.2884589701286,4.805198453055856,15.127442250522302,1.0,0.36666666666666664,9.819507709096351,0.21666666666666667,8.079400327846848,4.068610645141625,25.917322579041446,85.9003874880624,0.24799319007913107,288.2647336861879,191.59912551577008,18.227228034689347,0.878343215771309,57.58222748955457,4.805203070901154,5.643873964114367,1.1569266211586124,4.805203070901154,0.0,1.5790693686087804,4.805198453055856,15.127442250522302,9.819507709096351,0.21666666666666667,8.079400327846848,4.068610645141625,25.917322579041446,85.9003874880624,0.24799319007913107,288.2647336861879,191.59912551577008,18.227228034689347,0.878343215771309,1.0,0.36666666666666664,0.3036,245.19283403477286,71.91404454302919,Wh,71.91404454302919,Wh
141,66ce5b193fc801314bbb84a67b9de7be,SeasonalNaive,"{""method"": ""lastvalue"", ""lag_1"": 28, ""lag_2"": 364}","{""fillna"": ""mean"", ""transformations"": {""0"": ""DifferencedTransformer""}, ""transformation_params"": {""0"": {""lag"": 1, ""fill"": ""zero""}}}",0,1,65.78454645530432,5.354040462647875,5.495040289312458,1.7285744838830466,5.354040462647875,0.0,-0.17480015754699707,1.8208140871717329,321.0676276013255,5.353812094262887,13.887681397013253,0.9833333333333333,0.5666666666666667,7.233724988996983,0.18333333333333332,7.5673428995763174,5.086673838542957,22.72676659216801,69.49441826406789,0.7893900513473225,320.8928274437785,298.93118425293414,16.606805620914574,0.97776108222017,65.78454645530432,5.354040462647875,5.495040289312458,1.7285744838830466,5.354040462647875,0.0,1.8208140871717329,5.353812094262887,13.887681397013253,7.233724988996983,0.18333333333333332,7.5673428995763174,5.086673838542957,22.72676659216801,69.49441826406789,0.7893900513473225,320.8928274437785,298.93118425293414,16.606805620914574,0.97776108222017,0.9833333333333333,0.5666666666666667,0.0987,242.73226233635438,80.1278736059395,Wh,80.1278736059395,Wh
142,5a29f741448ce5fb0ebe4eb63c4bc160,SeasonalNaive,"{""method"": ""lastvalue"", ""lag_1"": 12, ""lag_2"": null}","{""fillna"": ""time"", ""transformations"": {""0"": ""Scaler"", ""1"": ""DifferencedTransformer""}, ""transformation_params"": {""0"": {}, ""1"": {""lag"": 1, ""fill"": ""bfill""}}}",0,1,54.33298953399849,4.267984088261922,4.828523540733598,1.4589021099542665,4.267984088261922,0.0,-0.2323598861694336,1.5442857342225291,255.8466854095459,4.267593605789951,15.027787164570844,1.0,0.5,8.117900371551514,0.2,6.944717855373463,3.7098062739652744,21.811818115255157,61.076461447592706,0.5852296868905972,255.61432552337646,185.85755795612545,1.6611847133318254,0.7788573572854441,54.33298953399849,4.267984088261922,4.828523540733598,1.4589021099542665,4.267984088261922,0.0,1.5442857342225291,4.267593605789951,15.027787164570844,8.117900371551514,0.2,6.944717855373463,3.7098062739652744,21.811818115255157,61.076461447592706,0.5852296868905972,255.61432552337646,185.85755795612545,1.6611847133318254,0.7788573572854441,1.0,0.5,0.0905,235.5507184455878,63.874095080574264,Wh,63.874095080574264,Wh
143,1669b7480727aeef5fc93c6f3263eca8,RollingRegression,"{""regression_model"": {""model"": ""HistGradientBoost"", ""model_params"": {""loss"": ""squared_error"", ""learning_rate"": 0.1, ""max_depth"": null, ""min_samples_leaf"": 10, ""max_iter"": 100, ""l2_regularization"": 0}}, ""holiday"": false, ""mean_rolling_periods"": 12, ""macd_periods"": null, ""std_rolling_periods"": 7, ""max_rolling_periods"": 7, ""min_rolling_periods"": 24, ""ewm_var_alpha"": null, ""quantile90_rolling_periods"": null, ""quantile10_rolling_periods"": null, ""ewm_alpha"": null, ""additional_lag_periods"": 27, ""abs_energy"": false, ""rolling_autocorr_periods"": null, ""nonzero_last_n"": null, ""add_date_part"": ""simple_binarized"", ""polynomial_degree"": null, ""x_transform"": null, ""regression_type"": null}","{""fillna"": ""rolling_mean_24"", ""transformations"": {""0"": ""Scaler"", ""1"": ""Scaler"", ""2"": ""Scaler"", ""3"": ""Scaler"", ""4"": ""Scaler"", ""5"": ""DifferencedTransformer""}, ""transformation_params"": {""0"": {}, ""1"": {}, ""2"": {}, ""3"": {}, ""4"": {}, ""5"": {""lag"": 2, ""fill"": ""zero""}}}",0,1,59.062179323596865,4.642357614761293,4.815370256764969,1.5248539557633276,4.642357614761293,0.0,0.0,1.7037075607421406,278.5414568856776,4.642357614761293,14.336243601662693,0.95,0.55,7.3593371366311064,0.2,6.336352098026465,4.279072251216253,16.212190404740582,103.8075295290818,0.4889877173230894,278.5414568856776,310.8712896942643,10.814724389233849,0.8487163720586401,59.062179323596865,4.642357614761293,4.815370256764969,1.5248539557633276,4.642357614761293,0.0,1.7037075607421406,4.642357614761293,14.336243601662693,7.3593371366311064,0.2,6.336352098026465,4.279072251216253,16.212190404740582,103.8075295290818,0.4889877173230894,278.5414568856776,310.8712896942643,10.814724389233849,0.8487163720586401,0.95,0.55,1.2601,235.53390591819337,69.47692061430507,Wh,69.47692061430507,Wh
144,b2471285a8de3d6e5f5dc395a7a65a65,ARIMA,"{""p"": 0, ""d"": 0, ""q"": 1, ""regression_type"": null}","{""fillna"": ""quadratic"", ""transformations"": {""0"": ""Scaler"", ""1"": ""Scaler""}, ""transformation_params"": {""0"": {}, ""1"": {}}}",0,1,197.81847821472005,5.417426224894678,5.471227365751197,1.1966908708419215,5.417426224894678,0.0,-325.04557349368065,5.417426224894678,0.0,1.8517201448836003,1.7811224739500682,1.0,0.55,6.628880023956299,0.8,5.046981170986317,5.222811432851711,20.53265840768429,79.92460744752734,0.05296551116935281,325.04557349368065,339.33912454308586,19.95000612844434,0.9904145076777684,197.81847821472005,5.417426224894678,5.471227365751197,1.1966908708419215,5.417426224894678,0.0,5.417426224894678,1.8517201448836003,1.7811224739500682,6.628880023956299,0.8,5.046981170986317,5.222811432851711,20.53265840768429,79.92460744752734,0.05296551116935281,325.04557349368065,339.33912454308586,19.95000612844434,0.9904145076777684,1.0,0.55,0.0405,226.9378283951897,81.07649668437176,Wh,81.07649668437176,Wh
145,7d5170cf1ea62fbd65dbf45fca2105e3,ARIMA,"{""p"": 0, ""d"": 0, ""q"": 1, ""regression_type"": null}","{""fillna"": ""ffill"", ""transformations"": {""0"": ""Scaler""}, ""transformation_params"": {""0"": {}}}",0,1,197.81847821472005,5.417426224894678,5.471227365751197,1.1966908708419215,5.417426224894678,0.0,-325.04557349368065,5.417426224894678,0.0,1.8517201448836003,1.7811224739500682,1.0,0.55,6.628880023956299,0.8,5.046981170986317,5.222811432851711,20.53265840768429,79.92460744752734,0.05296551116935281,325.04557349368065,339.33912454308586,19.95000612844434,0.9904145076777684,197.81847821472005,5.417426224894678,5.471227365751197,1.1966908708419215,5.417426224894678,0.0,5.417426224894678,1.8517201448836003,1.7811224739500682,6.628880023956299,0.8,5.046981170986317,5.222811432851711,20.53265840768429,79.92460744752734,0.05296551116935281,325.04557349368065,339.33912454308586,19.95000612844434,0.9904145076777684,1.0,0.55,0.0357,226.93782727029864,81.07649668437176,Wh,81.07649668437176,Wh
146,883ff92eb07749c55a2d69bbb387aa7e,DatepartRegression,"{""regression_model"": {""model"": ""RandomForest"", ""model_params"": {""n_estimators"": 100, ""min_samples_leaf"": 2, ""bootstrap"": true}}, ""datepart_method"": ""expanded"", ""polynomial_degree"": null, ""holiday_countries_used"": false, ""lags"": null, ""forward_lags"": null, ""regression_type"": null}","{""fillna"": ""ffill_mean_biased"", ""transformations"": {""0"": ""DifferencedTransformer""}, ""transformation_params"": {""0"": {""lag"": 1, ""fill"": ""zero""}}}",0,1,54.56148248183271,4.425765042298084,5.218781470850722,1.1761718037921507,4.425765042298084,0.0,-0.04817049978649823,1.512364389580178,265.49773203809855,4.4257463050233445,13.762893778446545,1.0,0.35,9.108678445973094,0.21666666666666667,7.50282618920348,3.735084736134082,23.938400062704623,73.3271131520534,0.24708916771892522,265.4495615383121,175.5057268437456,18.436251856965033,0.8088253409467153,54.56148248183271,4.425765042298084,5.218781470850722,1.1761718037921507,4.425765042298084,0.0,1.512364389580178,4.4257463050233445,13.762893778446545,9.108678445973094,0.21666666666666667,7.50282618920348,3.735084736134082,23.938400062704623,73.3271131520534,0.24708916771892522,265.4495615383121,175.5057268437456,18.436251856965033,0.8088253409467153,1.0,0.35,0.3826,225.43160821040613,66.23542432913614,Wh,66.23542432913614,Wh
147,e505e599935ef9978f4f8a430569abde,SeasonalNaive,"{""method"": ""lastvalue"", ""lag_1"": 12, ""lag_2"": null}","{""fillna"": ""rolling_mean_24"", ""transformations"": {""0"": ""DifferencedTransformer""}, ""transformation_params"": {""0"": {""lag"": 1, ""fill"": ""zero""}}}",0,1,54.33298953399849,4.267984088261922,4.828523540733598,1.4589021099542665,4.267984088261922,0.0,-0.2323598861694336,1.5442857342225291,255.8466854095459,4.267593605789951,13.725277533150335,1.0,0.5,8.117900371551514,0.2,6.944717855373463,3.7098062739652744,21.811818115255157,61.076461447592706,0.5852296868905972,255.61432552337646,185.85755795612545,1.6611847133318254,0.7788573572854441,54.33298953399849,4.267984088261922,4.828523540733598,1.4589021099542665,4.267984088261922,0.0,1.5442857342225291,4.267593605789951,13.725277533150335,8.117900371551514,0.2,6.944717855373463,3.7098062739652744,21.811818115255157,61.076461447592706,0.5852296868905972,255.61432552337646,185.85755795612545,1.6611847133318254,0.7788573572854441,1.0,0.5,0.1021,222.62264583735333,63.874095080574264,Wh,63.874095080574264,Wh
148,f22ff5c7ceaf47b3b17dbfe54ea26c23,ARIMA,"{""p"": 5, ""d"": 1, ""q"": 1, ""regression_type"": null}","{""fillna"": ""rolling_mean"", ""transformations"": {""0"": ""DifferencedTransformer"", ""1"": ""Scaler""}, ""transformation_params"": {""0"": {""lag"": 1, ""fill"": ""bfill""}, ""1"": {}}}",0,1,38.702554133663156,2.670327008883431,3.126380830859861,1.0289946038281925,2.670327008883431,0.0,-0.4391102580645274,1.175500824315243,159.78051027494132,2.669555800466403,16.04272491296352,1.0,0.43333333333333335,5.339799174739442,0.21666666666666667,4.690810756170109,2.292246280197099,14.142718808903538,25.18577869122196,0.009086839701470952,159.3414000168768,107.95458856312587,25.46356446416836,0.48551356215736785,38.702554133663156,2.670327008883431,3.126380830859861,1.0289946038281925,2.670327008883431,0.0,1.175500824315243,2.669555800466403,16.04272491296352,5.339799174739442,0.21666666666666667,4.690810756170109,2.292246280197099,14.142718808903538,25.18577869122196,0.009086839701470952,159.3414000168768,107.95458856312587,25.46356446416836,0.48551356215736785,1.0,0.43333333333333335,0.1352,217.35853093126818,39.96376690596002,Wh,39.96376690596002,Wh
149,f6e6401b3b659414f9ea4c1fbf79b1ac,SeasonalNaive,"{""method"": ""lastvalue"", ""lag_1"": 12, ""lag_2"": 28}","{""fillna"": ""rolling_mean_24"", ""transformations"": {""0"": ""DifferencedTransformer"", ""1"": ""Scaler""}, ""transformation_params"": {""0"": {""lag"": 1, ""fill"": ""bfill""}, ""1"": {}}}",0,1,44.92968918347594,3.2286046981811523,3.649939367210092,1.4432290915138677,3.2286046981811523,0.0,0.0,1.3397916612987535,193.71628189086914,3.2286046981811523,14.85946693348334,1.0,0.4666666666666667,6.473195791244507,0.2,5.382141155922196,2.8268479038687313,16.371052369578717,34.11366674056822,0.5115091398480419,193.71628189086914,143.18910797938534,2.71081600508491,0.5902538954644247,44.92968918347594,3.2286046981811523,3.649939367210092,1.4432290915138677,3.2286046981811523,0.0,1.3397916612987535,3.2286046981811523,14.85946693348334,6.473195791244507,0.2,5.382141155922196,2.8268479038687313,16.371052369578717,34.11366674056822,0.5115091398480419,193.71628189086914,143.18910797938534,2.71081600508491,0.5902538954644247,1.0,0.4666666666666667,0.0901,215.91261616253976,48.318878234898406,Wh,48.318878234898406,Wh
150,67c562140dd0c9c8499b68bd51c90465,DatepartRegression,"{""regression_model"": {""model"": ""ElasticNet"", ""model_params"": {""l1_ratio"": 0.9, ""fit_intercept"": true, ""selection"": ""cyclic"", ""max_iter"": 1000}}, ""datepart_method"": ""common_fourier_rw_lag"", ""polynomial_degree"": null, ""holiday_countries_used"": false, ""lags"": 2, ""forward_lags"": 3, ""regression_type"": null}","{""fillna"": ""quadratic"", ""transformations"": {""0"": ""DifferencedTransformer""}, ""transformation_params"": {""0"": {}}}",0,1,42.49908055772842,3.0162267843882242,3.4774091562695566,1.0224570190809463,3.0162267843882242,0.0,-0.04292798042297363,1.2715981583461187,180.93067908287048,3.0162118534349265,14.831686105324943,1.0,0.45,5.851852655410767,0.2,5.154621205717114,2.6131407373091755,15.76523623490492,31.00920398808171,0.0,180.8877511024475,126.56914154200882,25.568016813357282,0.5511653366864024,42.49908055772842,3.0162267843882242,3.4774091562695566,1.0224570190809463,3.0162267843882242,0.0,1.2715981583461187,3.0162118534349265,14.831686105324943,5.851852655410767,0.2,5.154621205717114,2.6131407373091755,15.76523623490492,31.00920398808171,0.0,180.8877511024475,126.56914154200882,25.568016813357282,0.5511653366864024,1.0,0.45,0.1361,211.7205164090592,45.140457983536166,Wh,45.140457983536166,Wh
151,4645ac1e215b17d91b0b09cbd614c489,DatepartRegression,"{""regression_model"": {""model"": ""ElasticNet"", ""model_params"": {""l1_ratio"": 0.5, ""fit_intercept"": true, ""selection"": ""cyclic"", ""max_iter"": 1000}}, ""datepart_method"": [7, 365.25], ""polynomial_degree"": null, ""holiday_countries_used"": false, ""lags"": null, ""forward_lags"": null, ""regression_type"": null}","{""fillna"": ""rolling_mean_24"", ""transformations"": {""0"": ""Scaler"", ""1"": ""DifferencedTransformer""}, ""transformation_params"": {""0"": {}, ""1"": {""lag"": 1, ""fill"": ""bfill""}}}",0,1,42.49908055772842,3.0162267843882242,3.4774091562695566,1.0224570190809463,3.0162267843882242,0.0,-0.04292798042297363,1.2715981583461187,180.93067908287048,3.0162118534349265,14.831686105324943,1.0,0.45,5.851852655410767,0.2,5.154621205717114,2.6131407373091755,15.76523623490492,31.00920398808171,0.0,180.8877511024475,126.56914154200882,25.568016813357282,0.5511653366864024,42.49908055772842,3.0162267843882242,3.4774091562695566,1.0224570190809463,3.0162267843882242,0.0,1.2715981583461187,3.0162118534349265,14.831686105324943,5.851852655410767,0.2,5.154621205717114,2.6131407373091755,15.76523623490492,31.00920398808171,0.0,180.8877511024475,126.56914154200882,25.568016813357282,0.5511653366864024,1.0,0.45,0.1051,211.72050914413782,45.140457983536166,Wh,45.140457983536166,Wh
152,c8bfec515745b1c794377621b500f2e3,DatepartRegression,"{""regression_model"": {""model"": ""ElasticNet"", ""model_params"": {""l1_ratio"": 0.5, ""fit_intercept"": true, ""selection"": ""cyclic"", ""max_iter"": 1000}}, ""datepart_method"": [""weekdaymonthofyear"", ""quarter"", ""dayofweek""], ""polynomial_degree"": null, ""holiday_countries_used"": false, ""lags"": null, ""forward_lags"": null, ""regression_type"": null}","{""fillna"": ""quadratic"", ""transformations"": {""0"": ""Scaler"", ""1"": ""Scaler"", ""2"": ""Scaler"", ""3"": ""DifferencedTransformer"", ""4"": ""Scaler""}, ""transformation_params"": {""0"": {}, ""1"": {}, ""2"": {}, ""3"": {""lag"": 1, ""fill"": ""bfill""}, ""4"": {}}}",0,1,42.49908055772842,3.0162267843882242,3.4774091562695566,1.0224570190809463,3.0162267843882242,0.0,-0.04292798042297363,1.2715981583461187,180.93067908287048,3.0162118534349265,14.831686105324943,1.0,0.45,5.851852655410767,0.2,5.154621205717114,2.6131407373091755,15.76523623490492,31.00920398808171,0.0,180.8877511024475,126.56914154200882,25.568016813357282,0.5511653366864024,42.49908055772842,3.0162267843882242,3.4774091562695566,1.0224570190809463,3.0162267843882242,0.0,1.2715981583461187,3.0162118534349265,14.831686105324943,5.851852655410767,0.2,5.154621205717114,2.6131407373091755,15.76523623490492,31.00920398808171,0.0,180.8877511024475,126.56914154200882,25.568016813357282,0.5511653366864024,1.0,0.45,0.1047,211.72050905039688,45.140457983536166,Wh,45.140457983536166,Wh
153,8793e80d0391a84050a75b011b6a8c1e,ARIMA,"{""p"": 4, ""d"": 1, ""q"": 1, ""regression_type"": null}","{""fillna"": ""ffill_mean_biased"", ""transformations"": {""0"": ""DifferencedTransformer""}, ""transformation_params"": {""0"": {""lag"": 1, ""fill"": ""bfill""}}}",0,1,34.55689673508885,2.291753420000229,2.6805240204249476,1.0198444734693566,2.291753420000229,0.0,-0.20693204543842203,1.0788859673479076,137.29827315457536,2.2914472111343764,15.489301479590264,1.0,0.43333333333333335,4.52936952849128,0.2,4.112684312148922,1.9739630146724518,12.019706507946989,18.133981255482443,0.004846942513035305,137.09134110913695,94.71932436761941,26.654349071865575,0.41771758849726526,34.55689673508885,2.291753420000229,2.6805240204249476,1.0198444734693566,2.291753420000229,0.0,1.0788859673479076,2.2914472111343764,15.489301479590264,4.52936952849128,0.2,4.112684312148922,1.9739630146724518,12.019706507946989,18.133981255482443,0.004846942513035305,137.09134110913695,94.71932436761941,26.654349071865575,0.41771758849726526,1.0,0.43333333333333335,0.1025,204.71061365681612,34.29808378454818,Wh,34.29808378454818,Wh
154,4126e2a765dd55004a011ca88189d9a7,SeasonalNaive,"{""method"": ""lastvalue"", ""lag_1"": 12, ""lag_2"": 28}","{""fillna"": ""ffill"", ""transformations"": {""0"": ""Scaler"", ""1"": ""DifferencedTransformer"", ""2"": ""Scaler"", ""3"": ""Scaler""}, ""transformation_params"": {""0"": {}, ""1"": {""lag"": 1, ""fill"": ""zero""}, ""2"": {}, ""3"": {}}}",0,1,44.92968918347594,3.2286046981811523,3.649939367210092,1.4432290915138677,3.2286046981811523,0.0,0.0,1.3397916612987535,193.71628189086914,3.2286046981811523,13.556957302062841,1.0,0.4666666666666667,6.473195791244507,0.2,5.382141155922196,2.8268479038687313,16.371052369578717,34.11366674056822,0.5115091398480419,193.71628189086914,143.18910797938534,2.71081600508491,0.5902538954644247,44.92968918347594,3.2286046981811523,3.649939367210092,1.4432290915138677,3.2286046981811523,0.0,1.3397916612987535,3.2286046981811523,13.556957302062841,6.473195791244507,0.2,5.382141155922196,2.8268479038687313,16.371052369578717,34.11366674056822,0.5115091398480419,193.71628189086914,143.18910797938534,2.71081600508491,0.5902538954644247,1.0,0.4666666666666667,0.0909,202.98454102330052,48.318878234898406,Wh,48.318878234898406,Wh
155,1ca4d43d2d567071cdf1bb134f467a08,SeasonalNaive,"{""method"": ""lastvalue"", ""lag_1"": 7, ""lag_2"": 28}","{""fillna"": ""rolling_mean_24"", ""transformations"": {""0"": ""Scaler"", ""1"": ""DifferencedTransformer"", ""2"": ""Scaler""}, ""transformation_params"": {""0"": {}, ""1"": {""lag"": 1, ""fill"": ""bfill""}, ""2"": {}}}",0,1,34.37644098297689,2.2782349705696108,2.6844736267122133,1.5107009975480643,2.2782349705696108,0.0,-0.8981883525848389,1.0667029392820244,135.7959098815918,2.2759317847362035,14.704962621056241,1.0,0.4,4.545220851898193,0.2,4.116722143924296,1.9375936283784754,11.742935916294305,18.030504499663387,0.47536446044926345,134.89772152900696,95.35769193091201,7.038854005932007,0.4110336252820917,34.37644098297689,2.2782349705696108,2.6844736267122133,1.5107009975480643,2.2782349705696108,0.0,1.0667029392820244,2.2759317847362035,14.704962621056241,4.545220851898193,0.2,4.116722143924296,1.9375936283784754,11.742935916294305,18.030504499663387,0.47536446044926345,134.89772152900696,95.35769193091201,7.038854005932007,0.4110336252820917,1.0,0.4,0.2132,196.7806363308034,34.09576842759827,Wh,34.09576842759827,Wh
156,6cc1ad7e94d5195e9b8822b9034d1ce4,SeasonalNaive,"{""method"": ""lastvalue"", ""lag_1"": 12, ""lag_2"": 24}","{""fillna"": ""ffill_mean_biased"", ""transformations"": {""0"": ""Scaler"", ""1"": ""Scaler"", ""2"": ""DifferencedTransformer""}, ""transformation_params"": {""0"": {}, ""1"": {}, ""2"": {""lag"": 1, ""fill"": ""zero""}}}",0,1,41.58791336074345,2.9128355741500855,3.3108975609287707,1.5073350211415943,2.9128355741500855,0.0,-1.0464544296264648,1.2650479536516466,173.72368001937866,2.9102916436057504,13.500274339890924,1.0,0.4666666666666667,5.69450044631958,0.15,4.935910666555043,2.517018902535532,14.77575052312723,26.840321175073576,0.5427133206550716,172.6772255897522,125.45781456880601,2.633591526618064,0.5261478491506432,41.58791336074345,2.9128355741500855,3.3108975609287707,1.5073350211415943,2.9128355741500855,0.0,1.2650479536516466,2.9102916436057504,13.500274339890924,5.69450044631958,0.15,4.935910666555043,2.517018902535532,14.77575052312723,26.840321175073576,0.5427133206550716,172.6772255897522,125.45781456880601,2.633591526618064,0.5261478491506432,1.0,0.4666666666666667,0.0891,196.61814060274983,43.5931185706716,Wh,43.5931185706716,Wh
157,1b7753c20dcc42cd6bee02d45a714019,SeasonalNaive,"{""method"": ""lastvalue"", ""lag_1"": 96, ""lag_2"": 1}","{""fillna"": ""mean"", ""transformations"": {""0"": ""DifferencedTransformer""}, ""transformation_params"": {""0"": {""lag"": 1, ""fill"": ""bfill""}}}",0,1,43.30038201543375,1.7656428853670756,2.0599162095371844,1.174332811189754,1.7656428853670756,0.0,-104.42643189430237,1.7585521347453157,1.512141227722168,0.9419224452750236,14.050655949809716,1.0,0.55,4.238268136978149,0.8,2.2988474264251715,1.454874221016379,9.206138853328273,13.022167611813272,0.32724633069486264,102.9142906665802,71.21377931874079,14.549574264508488,0.31358004795450445,43.30038201543375,1.7656428853670756,2.0599162095371844,1.174332811189754,1.7656428853670756,0.0,1.7585521347453157,0.9419224452750236,14.050655949809716,4.238268136978149,0.8,2.2988474264251715,1.454874221016379,9.206138853328273,13.022167611813272,0.32724633069486264,102.9142906665802,71.21377931874079,14.549574264508488,0.31358004795450445,1.0,0.55,0.1027,191.84951165564664,26.424381910993418,Wh,26.424381910993418,Wh
158,e8083770b37910ffed6cee51dcba1476,ARIMA,"{""p"": 0, ""d"": 1, ""q"": 12, ""regression_type"": null}","{""fillna"": ""fake_date"", ""transformations"": {""0"": ""Scaler"", ""1"": ""Scaler"", ""2"": ""Scaler"", ""3"": ""DifferencedTransformer""}, ""transformation_params"": {""0"": {}, ""1"": {}, ""2"": {}, ""3"": {""lag"": 1, ""fill"": ""bfill""}}}",0,1,25.483609383594672,1.2192124633624235,1.373299157124995,0.9892743458410415,1.2192124633624235,0.0,-72.60524331224755,1.2183966434372913,0.5475044894978591,0.7524758159053146,15.905290110727226,1.0,0.55,2.4319092371585236,0.8,2.0593161924704217,1.0524197469309882,5.536743067334509,5.284070462886284,0.01938679561977875,72.0577388227497,62.3305610795961,25.232972249262726,0.21956007323352872,25.483609383594672,1.2192124633624235,1.373299157124995,0.9892743458410415,1.2192124633624235,0.0,1.2183966434372913,0.7524758159053146,15.905290110727226,2.4319092371585236,0.8,2.0593161924704217,1.0524197469309882,5.536743067334509,5.284070462886284,0.01938679561977875,72.0577388227497,62.3305610795961,25.232972249262726,0.21956007323352872,1.0,0.55,1.8807,190.53969300278968,18.246575244367083,Wh,18.246575244367083,Wh
159,46b4faf0c66e572d3b9d83d08542a124,RollingRegression,"{""regression_model"": {""model"": ""BayesianRidge"", ""model_params"": {}}, ""holiday"": false, ""mean_rolling_periods"": 5, ""macd_periods"": 7, ""std_rolling_periods"": null, ""max_rolling_periods"": null, ""min_rolling_periods"": 24, ""ewm_var_alpha"": null, ""quantile90_rolling_periods"": null, ""quantile10_rolling_periods"": null, ""ewm_alpha"": null, ""additional_lag_periods"": 23, ""abs_energy"": false, ""rolling_autocorr_periods"": null, ""nonzero_last_n"": null, ""add_date_part"": null, ""polynomial_degree"": null, ""x_transform"": null, ""regression_type"": null}","{""fillna"": ""rolling_mean_24"", ""transformations"": {""0"": ""DifferencedTransformer""}, ""transformation_params"": {""0"": {""lag"": 1, ""fill"": ""bfill""}}}",0,1,30.361423480587664,1.98456627709452,2.486845321656383,1.0130361061804103,1.98456627709452,0.0,-1.8814921403947267,0.9467792145875064,117.19248448527648,1.9817267624089938,14.651395411851762,1.0,0.5,4.7876040839839415,0.16666666666666666,3.867128955826202,1.5952470426267755,11.257558662332672,16.715998605048934,0.01852992012435342,115.31099234488174,67.25813048142547,26.7259649747246,0.35135282257677414,30.361423480587664,1.98456627709452,2.486845321656383,1.0130361061804103,1.98456627709452,0.0,0.9467792145875064,1.9817267624089938,14.651395411851762,4.7876040839839415,0.16666666666666666,3.867128955826202,1.5952470426267755,11.257558662332672,16.715998605048934,0.01852992012435342,115.31099234488174,67.25813048142547,26.7259649747246,0.35135282257677414,1.0,0.5,0.3287,190.4373739000942,29.70076093429367,Wh,29.70076093429367,Wh
160,a97c486eb8c094730aee47c4b2e12d5d,SeasonalNaive,"{""method"": ""lastvalue"", ""lag_1"": 24, ""lag_2"": 28}","{""fillna"": ""time"", ""transformations"": {""0"": ""DifferencedTransformer""}, ""transformation_params"": {""0"": {""lag"": 1, ""fill"": ""bfill""}}}",0,1,29.718639585348505,1.8850935141245524,2.193323207486027,1.6451694145338664,1.8850935141245524,0.0,-1.1632144451141357,0.9678235143901909,111.94239640235901,1.8829991439569627,14.634463740223932,1.0,0.4,3.958390712738037,0.18333333333333332,3.4956247677121444,1.6027687577640308,9.356018219598031,11.072380644584038,0.5831464424743487,110.77918195724487,82.79419281893634,1.8627043149379252,0.3375443873296237,29.718639585348505,1.8850935141245524,2.193323207486027,1.6451694145338664,1.8850935141245524,0.0,0.9678235143901909,1.8829991439569627,14.634463740223932,3.958390712738037,0.18333333333333332,3.4956247677121444,1.6027687577640308,9.356018219598031,11.072380644584038,0.5831464424743487,110.77918195724487,82.79419281893634,1.8627043149379252,0.3375443873296237,1.0,0.4,0.0981,188.28723360131002,28.212064493895596,Wh,28.212064493895596,Wh
161,1ca7624c58392770df76df86b9399c08,DatepartRegression,"{""regression_model"": {""model"": ""RadiusNeighbors"", ""model_params"": {""radius"": 10.0, ""weights"": ""distance"", ""algorithm"": ""auto"", ""leaf_size"": 10, ""p"": 1, ""metric"": ""minkowski""}}, ""datepart_method"": ""anchored_segment_fourier:us_school"", ""polynomial_degree"": null, ""holiday_countries_used"": false, ""lags"": 3, ""forward_lags"": null, ""regression_type"": null}","{""fillna"": ""ffill_mean_biased"", ""transformations"": {""0"": ""DifferencedTransformer"", ""1"": ""Scaler""}, ""transformation_params"": {""0"": {""lag"": 1, ""fill"": ""bfill""}, ""1"": {}}}",0,1,23.391505719230015,1.4298853287027062,1.7797713077728874,1.0814606457527671,1.4298853287027062,0.0,-1.0340988774551079,0.790402028552185,84.75902084470727,1.4284110339702212,14.56488571637521,1.0,0.45,4.435750579927117,0.35,2.9193017863501103,1.1184307886310396,7.245162171185367,10.293087116201383,0.11660100717589111,83.72492196725216,59.638568957654044,24.791867109589685,0.25511000343515755,23.391505719230015,1.4298853287027062,1.7797713077728874,1.0814606457527671,1.4298853287027062,0.0,0.790402028552185,1.4284110339702212,14.56488571637521,4.435750579927117,0.35,2.9193017863501103,1.1184307886310396,7.245162171185367,10.293087116201383,0.11660100717589111,83.72492196725216,59.638568957654044,24.791867109589685,0.25511000343515755,1.0,0.45,3.5588,178.30001810004362,21.399477962221926,Wh,21.399477962221926,Wh
162,6ad9c362d6dbd07daf90d6a7188fb60e,RollingRegression,"{""regression_model"": {""model"": ""BayesianRidge"", ""model_params"": {}}, ""holiday"": false, ""mean_rolling_periods"": null, ""macd_periods"": null, ""std_rolling_periods"": 7, ""max_rolling_periods"": 7, ""min_rolling_periods"": 28, ""ewm_var_alpha"": null, ""quantile90_rolling_periods"": null, ""quantile10_rolling_periods"": null, ""ewm_alpha"": null, ""additional_lag_periods"": 11, ""abs_energy"": false, ""rolling_autocorr_periods"": null, ""nonzero_last_n"": null, ""add_date_part"": ""simple_2"", ""polynomial_degree"": null, ""x_transform"": null, ""regression_type"": null}","{""fillna"": ""ffill_mean_biased"", ""transformations"": {""0"": ""DifferencedTransformer"", ""1"": ""Scaler""}, ""transformation_params"": {""0"": {""lag"": 1, ""fill"": ""bfill""}, ""1"": {}}}",0,1,22.16646011502725,1.3313127920118895,1.6474896170065645,1.015463591085733,1.3313127920118895,0.0,-4.010768700315921,0.7627335076990167,75.86799882039745,1.3220787049292617,14.531809976914225,1.0,0.4166666666666667,3.2122193883020334,0.3333333333333333,2.7644277996909072,1.067847890856995,7.35574923314769,7.0583614286746945,0.05442884460867395,71.85723012008152,40.40231592307846,26.56647684291794,0.2189491228184723,22.16646011502725,1.3313127920118895,1.6474896170065645,1.015463591085733,1.3313127920118895,0.0,0.7627335076990167,1.3220787049292617,14.531809976914225,3.2122193883020334,0.3333333333333333,2.7644277996909072,1.067847890856995,7.35574923314769,7.0583614286746945,0.05442884460867395,71.85723012008152,40.40231592307846,26.56647684291794,0.2189491228184723,1.0,0.4166666666666667,0.3631,175.77449298881015,19.92425419129951,Wh,19.92425419129951,Wh
163,7837c85377a4b7936a14a7bc80a02a54,RollingRegression,"{""regression_model"": {""model"": ""ElasticNet"", ""model_params"": {""l1_ratio"": 0.1, ""fit_intercept"": true, ""selection"": ""cyclic"", ""max_iter"": 1000}}, ""holiday"": false, ""mean_rolling_periods"": 5, ""macd_periods"": 25, ""std_rolling_periods"": 7, ""max_rolling_periods"": 7, ""min_rolling_periods"": 24, ""ewm_var_alpha"": null, ""quantile90_rolling_periods"": null, ""quantile10_rolling_periods"": null, ""ewm_alpha"": null, ""additional_lag_periods"": 68, ""abs_energy"": true, ""rolling_autocorr_periods"": null, ""nonzero_last_n"": null, ""add_date_part"": ""simple_2"", ""polynomial_degree"": null, ""x_transform"": null, ""regression_type"": null}","{""fillna"": ""mean"", ""transformations"": {""0"": ""Scaler"", ""1"": ""DifferencedTransformer"", ""2"": ""Scaler"", ""3"": ""Scaler""}, ""transformation_params"": {""0"": {}, ""1"": {""lag"": 1, ""fill"": ""bfill""}, ""2"": {}, ""3"": {}}}",0,1,21.732471600601702,1.2882121427425985,1.5620158520565754,0.9994055767476878,1.2882121427425985,0.0,-0.6359031432830378,0.7401819361666505,76.65682542127287,1.287764925780777,14.543205339708866,1.0,0.5333333333333333,2.6766793694779754,0.2,2.731505663264778,1.0759731545381506,6.72378396544045,5.8272896758354875,0.00517364119441377,76.02092227798984,52.261531005942686,28.805042348535206,0.2316359010888945,21.732471600601702,1.2882121427425985,1.5620158520565754,0.9994055767476878,1.2882121427425985,0.0,0.7401819361666505,1.287764925780777,14.543205339708866,2.6766793694779754,0.2,2.731505663264778,1.0759731545381506,6.72378396544045,5.8272896758354875,0.00517364119441377,76.02092227798984,52.261531005942686,28.805042348535206,0.2316359010888945,1.0,0.5333333333333333,0.4622,175.0891090065306,19.279215476878647,Wh,19.279215476878647,Wh
164,841c6f5c59a8d9c53208306ee39d5707,DatepartRegression,"{""regression_model"": {""model"": ""ElasticNet"", ""model_params"": {""l1_ratio"": 0.1, ""fit_intercept"": true, ""selection"": ""cyclic"", ""max_iter"": 1000}}, ""datepart_method"": ""anchored_warped_fourier:us_school"", ""polynomial_degree"": null, ""holiday_countries_used"": true, ""lags"": null, ""forward_lags"": null, ""regression_type"": null}","{""fillna"": ""rolling_mean"", ""transformations"": {""0"": ""DifferencedTransformer"", ""1"": ""Scaler""}, ""transformation_params"": {""0"": {""lag"": 1, ""fill"": ""zero""}, ""1"": {}}}",0,1,28.727298256908945,1.8056730476518472,2.1179933119890206,1.0091708465103666,1.8056730476518472,0.0,-0.08864077553153038,0.9353852224727651,108.2517420835793,1.8056187573670475,13.329320856649018,1.0,0.45,3.5071781538426876,0.2,3.3999407131860626,1.5512383410743638,9.313907065000443,10.927733755920627,0.0,108.16310130804777,76.84453803302442,27.974173257945612,0.32957318439838224,28.727298256908945,1.8056730476518472,2.1179933119890206,1.0091708465103666,1.8056730476518472,0.0,0.9353852224727651,1.8056187573670475,13.329320856649018,3.5071781538426876,0.2,3.3999407131860626,1.5512383410743638,9.313907065000443,10.927733755920627,0.0,108.16310130804777,76.84453803302442,27.974173257945612,0.32957318439838224,1.0,0.45,1.17,173.71741548873578,27.02346811632873,Wh,27.02346811632873,Wh
165,f637300a1003fe58a6bdfbb16b879536,DatepartRegression,"{""regression_model"": {""model"": ""ElasticNet"", ""model_params"": {""l1_ratio"": 0.5, ""fit_intercept"": true, ""selection"": ""cyclic"", ""max_iter"": 1000}}, ""datepart_method"": [""db2_365.25_12_0.5"", ""morlet_7_7_1""], ""polynomial_degree"": null, ""holiday_countries_used"": false, ""lags"": null, ""forward_lags"": null, ""regression_type"": null}","{""fillna"": ""zero"", ""transformations"": {""0"": ""DifferencedTransformer""}, ""transformation_params"": {""0"": {""lag"": 1, ""fill"": ""zero""}}}",0,1,28.727298256908945,1.8056730476518472,2.1179933119890206,1.0091708465103666,1.8056730476518472,0.0,-0.08864077553153038,0.9353852224727651,108.2517420835793,1.8056187573670475,13.329320856649018,1.0,0.45,3.5071781538426876,0.2,3.3999407131860626,1.5512383410743638,9.313907065000443,10.927733755920627,0.0,108.16310130804777,76.84453803302442,27.974173257945612,0.32957318439838224,28.727298256908945,1.8056730476518472,2.1179933119890206,1.0091708465103666,1.8056730476518472,0.0,0.9353852224727651,1.8056187573670475,13.329320856649018,3.5071781538426876,0.2,3.3999407131860626,1.5512383410743638,9.313907065000443,10.927733755920627,0.0,108.16310130804777,76.84453803302442,27.974173257945612,0.32957318439838224,1.0,0.45,0.1319,173.71717220760985,27.02346811632873,Wh,27.02346811632873,Wh
166,9cad3fbddeb0125a1377ebd219d3f4ea,ARIMA,"{""p"": 1, ""d"": 1, ""q"": 1, ""regression_type"": null}","{""fillna"": ""quadratic"", ""transformations"": {""0"": ""Scaler"", ""1"": ""Scaler"", ""2"": ""DifferencedTransformer""}, ""transformation_params"": {""0"": {}, ""1"": {}, ""2"": {""lag"": 1, ""fill"": ""bfill""}}}",0,1,20.159371387436586,1.1753482053635487,1.421109763055328,1.0019463421188135,1.1753482053635487,0.0,-0.42888636141822545,0.697996368155927,70.0920059603947,1.1751424652219649,14.610272460356795,1.0,0.45,2.379495322528766,0.2,2.572246935398222,0.988765141023255,5.889810045717997,4.595166880300025,0.0005185341039514714,69.66311959897646,50.89536321663968,29.247977660822894,0.21226366370517316,20.159371387436586,1.1753482053635487,1.421109763055328,1.0019463421188135,1.1753482053635487,0.0,0.697996368155927,1.1751424652219649,14.610272460356795,2.379495322528766,0.2,2.572246935398222,0.988765141023255,5.889810045717997,4.595166880300025,0.0005185341039514714,69.66311959897646,50.89536321663968,29.247977660822894,0.21226366370517316,1.0,0.45,0.0663,173.35201894591532,17.590108460958817,Wh,17.590108460958817,Wh
167,dd32ca12bcc0b79095af4380f684b3fc,RollingRegression,"{""regression_model"": {""model"": ""RANSAC"", ""model_params"": {}}, ""holiday"": false, ""mean_rolling_periods"": 5, ""macd_periods"": 7, ""std_rolling_periods"": 7, ""max_rolling_periods"": null, ""min_rolling_periods"": 4, ""ewm_var_alpha"": null, ""quantile90_rolling_periods"": null, ""quantile10_rolling_periods"": null, ""ewm_alpha"": null, ""additional_lag_periods"": 11, ""abs_energy"": false, ""rolling_autocorr_periods"": null, ""nonzero_last_n"": null, ""add_date_part"": null, ""polynomial_degree"": null, ""x_transform"": null, ""regression_type"": null}","{""fillna"": ""ffill"", ""transformations"": {""0"": ""DifferencedTransformer""}, ""transformation_params"": {""0"": {""lag"": 1, ""fill"": ""zero""}}}",0,1,27.932929347537577,1.7521215424679715,2.0987699009728376,1.0128754424612245,1.7521215424679715,0.0,-0.26326687429749285,0.9026848510861829,104.86402567378082,1.7518467874546375,13.31976885033488,1.0,0.48333333333333334,3.573252274590047,0.2,3.3738912243510364,1.4855252497527232,9.253630256224671,10.876625356345878,0.032338083544165404,104.60075879948332,71.13799873499154,26.890796681715315,0.3187187197032399,27.932929347537577,1.7521215424679715,2.0987699009728376,1.0128754424612245,1.7521215424679715,0.0,0.9026848510861829,1.7518467874546375,13.31976885033488,3.573252274590047,0.2,3.3738912243510364,1.4855252497527232,9.253630256224671,10.876625356345878,0.032338083544165404,104.60075879948332,71.13799873499154,26.890796681715315,0.3187187197032399,1.0,0.48333333333333334,0.465,172.58307798597897,26.222023250770267,Wh,26.222023250770267,Wh
168,3688472d18107a9e8e96715646f2b01a,ARIMA,"{""p"": 1, ""d"": 0, ""q"": 4, ""regression_type"": ""Holiday""}","{""fillna"": ""rolling_mean"", ""transformations"": {""0"": ""Scaler"", ""1"": ""Scaler"", ""2"": ""DifferencedTransformer""}, ""transformation_params"": {""0"": {}, ""1"": {}, ""2"": {""lag"": 1, ""fill"": ""bfill""}}}",0,1,21.822178669562227,1.0485124592868766,1.258488054528728,1.0737568701887048,1.0485124592868766,0.0,-58.93155722761507,1.0362212388350371,3.9791903295975324,0.6717084359558864,14.105469650657724,1.0,0.4666666666666667,2.8491667028122145,0.8,1.929776842504593,0.844540599716849,5.022328998121891,6.195005112285298,0.10323520166749069,54.952366898017544,43.708406574967064,25.390908290575045,0.16743997102328254,21.822178669562227,1.0485124592868766,1.258488054528728,1.0737568701887048,1.0485124592868766,0.0,1.0362212388350371,0.6717084359558864,14.105469650657724,2.8491667028122145,0.8,1.929776842504593,0.844540599716849,5.022328998121891,6.195005112285298,0.10323520166749069,54.952366898017544,43.708406574967064,25.390908290575045,0.16743997102328254,1.0,0.4666666666666667,0.4583,168.27040973957952,15.69190117223011,Wh,15.69190117223011,Wh
169,b5d0668b0d86d42b5030edb634513265,RollingRegression,"{""regression_model"": {""model"": ""RANSAC"", ""model_params"": {}}, ""holiday"": false, ""mean_rolling_periods"": 5, ""macd_periods"": 28, ""std_rolling_periods"": null, ""max_rolling_periods"": 32, ""min_rolling_periods"": 4, ""ewm_var_alpha"": null, ""quantile90_rolling_periods"": null, ""quantile10_rolling_periods"": null, ""ewm_alpha"": 0.2, ""additional_lag_periods"": 35, ""abs_energy"": false, ""rolling_autocorr_periods"": null, ""nonzero_last_n"": null, ""add_date_part"": ""simple_binarized"", ""polynomial_degree"": null, ""x_transform"": null, ""regression_type"": null}","{""fillna"": ""fake_date"", ""transformations"": {""0"": ""Scaler"", ""1"": ""DifferencedTransformer""}, ""transformation_params"": {""0"": {}, ""1"": {""lag"": 1, ""fill"": ""bfill""}}}",0,1,18.41937779029776,0.9314617972901639,1.1695929967266625,1.2749811736847865,0.9314617972901639,0.0,-25.25313941020795,0.7643793853906462,30.634568427201884,0.7604584214111393,14.345943812792953,1.0,0.5,3.0419341252745653,0.7333333333333333,1.9043871944969344,0.7115805010308738,4.447761235476563,5.292795015105066,0.49234694671917173,5.381429016993934,34.75249315794721,6.345500880221925,0.01639722489736512,18.41937779029776,0.9314617972901639,1.1695929967266625,1.2749811736847865,0.9314617972901639,0.0,0.7643793853906462,0.7604584214111393,14.345943812792953,3.0419341252745653,0.7333333333333333,1.9043871944969344,0.7115805010308738,4.447761235476563,5.292795015105066,0.49234694671917173,5.381429016993934,34.75249315794721,6.345500880221925,0.01639722489736512,1.0,0.5,0.913,166.9432509505309,13.940136179903979,Wh,13.940136179903979,Wh
170,07a36388ca7a989f5efb93c590d31bd5,ARIMA,"{""p"": 5, ""d"": 0, ""q"": 0, ""regression_type"": null}","{""fillna"": ""zero"", ""transformations"": {""0"": ""DifferencedTransformer"", ""1"": ""Scaler""}, ""transformation_params"": {""0"": {""lag"": 1, ""fill"": ""bfill""}, ""1"": {}}}",0,1,15.645817737985478,0.8767390307428208,1.0516902419650727,1.0044314993544008,0.8767390307428208,0.0,-3.526317002283423,0.5873151000028042,49.07802484228583,0.8698772623030732,14.604209418574627,1.0,0.45,1.9166706574961774,0.8,1.7488984387826985,0.7258159905313089,4.135299059581627,2.446615963451578,0.00360312707433424,45.5517078400024,31.574878135756514,29.348736347780378,0.13879614421241956,15.645817737985478,0.8767390307428208,1.0516902419650727,1.0044314993544008,0.8767390307428208,0.0,0.5873151000028042,0.8698772623030732,14.604209418574627,1.9166706574961774,0.8,1.7488984387826985,0.7258159905313089,4.135299059581627,2.446615963451578,0.00360312707433424,45.5517078400024,31.574878135756514,29.348736347780378,0.13879614421241956,1.0,0.45,0.069,166.51579124174992,13.121162369029134,Wh,13.121162369029134,Wh
171,92a4e1e20eb69a69a8870cf5f299bd4c,RollingRegression,"{""regression_model"": {""model"": ""ExtraTrees"", ""model_params"": {""n_estimators"": 100, ""min_samples_leaf"": 1, ""max_depth"": 10}}, ""holiday"": false, ""mean_rolling_periods"": null, ""macd_periods"": null, ""std_rolling_periods"": null, ""max_rolling_periods"": 420, ""min_rolling_periods"": 52, ""ewm_var_alpha"": null, ""quantile90_rolling_periods"": null, ""quantile10_rolling_periods"": null, ""ewm_alpha"": null, ""additional_lag_periods"": 363, ""abs_energy"": false, ""rolling_autocorr_periods"": null, ""nonzero_last_n"": null, ""add_date_part"": ""simple_binarized"", ""polynomial_degree"": null, ""x_transform"": null, ""regression_type"": null}","{""fillna"": ""rolling_mean"", ""transformations"": {""0"": ""DifferencedTransformer"", ""1"": ""Scaler""}, ""transformation_params"": {""0"": {""lag"": 1, ""fill"": ""bfill""}, ""1"": {}}}",0,1,19.473267610433712,0.9185768510118791,1.1708162580281483,1.0877781263071007,0.9185768510118791,0.0,-48.92704968206485,0.8884995161868579,6.187561378647897,0.6156351814185244,14.217190522468217,1.0,0.5166666666666667,3.0071155281275868,0.8166666666666667,1.7871710313588893,0.6814914785917475,4.853912835024272,5.11478171405352,0.1438842807272811,42.73948830341695,22.79600861326603,21.28815626212805,0.1302273057019538,19.473267610433712,0.9185768510118791,1.1708162580281483,1.0877781263071007,0.9185768510118791,0.0,0.8884995161868579,0.6156351814185244,14.217190522468217,3.0071155281275868,0.8166666666666667,1.7871710313588893,0.6814914785917475,4.853912835024272,5.11478171405352,0.1438842807272811,42.73948830341695,22.79600861326603,21.28815626212805,0.1302273057019538,1.0,0.5166666666666667,1.4999,166.29852669056046,13.747301748784436,Wh,13.747301748784436,Wh
172,662562fbb74999d884419256c4a52ed0,WindowRegression,"{""window_size"": 5, ""input_dim"": ""univariate"", ""output_dim"": ""forecast_length"", ""normalize_window"": false, ""max_windows"": 5000000, ""fourier_encoding_components"": null, ""scale"": true, ""datepart_method"": null, ""regression_type"": null, ""regression_model"": {""model"": ""RANSAC"", ""model_params"": {}}}","{""fillna"": ""fake_date"", ""transformations"": {""0"": ""Scaler"", ""1"": ""Scaler""}, ""transformation_params"": {""0"": {}, ""1"": {}}}",0,3,61.413552105256194,5.2903629858508365,7.1587253104410875,8.39022748884882,5.2903629858508365,0.0,-212.9951273968017,2.028549777444179,739.2702100563488,4.595639360058623,5.970053537132729,0.35000000000000003,0.5333333333333333,59.9371775612064,0.5444444444444444,7.399067423163533,3.647307289004774,20.44011509862798,149.15593581816114,2.0356403747746823,188.4228009417803,130.35040227497288,232.76835745206404,0.5115286528414874,61.413552105256194,5.2903629858508365,7.1587253104410875,8.39022748884882,5.2903629858508365,0.0,2.028549777444179,4.595639360058623,5.970053537132729,59.9371775612064,0.5444444444444444,7.399067423163533,3.647307289004774,20.44011509862798,149.15593581816114,2.0356403747746823,188.4228009417803,130.35040227497288,232.76835745206404,0.5115286528414874,0.35000000000000003,0.5333333333333333,0.08839999999999999,165.95918199644888,187.66444152417785,Wh,187.66444152417785,Wh
173,4c44c045f7a7ced2583f16adb1fcebfe,ARIMA,"{""p"": 1, ""d"": 0, ""q"": 2, ""regression_type"": null}","{""fillna"": ""linear"", ""transformations"": {""0"": ""DifferencedTransformer""}, ""transformation_params"": {""0"": {""lag"": 1, ""fill"": ""bfill""}}}",0,1,15.428057762537154,0.8629966843009669,1.0351297851836878,1.003061639138043,0.8629966843009669,0.0,-3.743918398096019,0.5818450457315838,48.035882659962,0.8552453017355506,14.570932357652651,1.0,0.55,1.8938514998825573,0.8,1.7402160312060864,0.7136754354063025,4.061312843428333,2.354315496611622,0.00179085908617121,44.29196426186598,30.398878600113694,29.503677267239222,0.134957703029142,15.428057762537154,0.8629966843009669,1.0351297851836878,1.003061639138043,0.8629966843009669,0.0,0.5818450457315838,0.8552453017355506,14.570932357652651,1.8938514998825573,0.8,1.7402160312060864,0.7136754354063025,4.061312843428333,2.354315496611622,0.00179085908617121,44.29196426186598,30.398878600113694,29.503677267239222,0.134957703029142,1.0,0.55,0.0809,165.86235738230374,12.915496198512875,Wh,12.915496198512875,Wh
174,163ca9559f8210a938ea310f23813ee1,ARIMA,"{""p"": 4, ""d"": 2, ""q"": 4, ""regression_type"": ""Holiday""}","{""fillna"": ""ffill"", ""transformations"": {""0"": ""DifferencedTransformer"", ""1"": ""Scaler""}, ""transformation_params"": {""0"": {""lag"": 1, ""fill"": ""zero""}, ""1"": {}}}",0,1,34.164219998939565,1.4407067106591973,1.780344787931354,1.0971493497380687,1.4407067106591973,0.0,-84.04980692643954,1.4311288742469146,2.3925957131122964,0.8162006978795072,12.433518794488709,1.0,0.4166666666666667,3.9771980416483457,0.8,2.127105031638156,1.0965177467421694,7.757049708968191,11.562855438827098,0.1743712089667681,81.65721121332724,54.704269744122946,22.72925653091055,0.24880968466337033,34.164219998939565,1.4407067106591973,1.780344787931354,1.0971493497380687,1.4407067106591973,0.0,1.4311288742469146,0.8162006978795072,12.433518794488709,3.9771980416483457,0.8,2.127105031638156,1.0965177467421694,7.757049708968191,11.562855438827098,0.1743712089667681,81.65721121332724,54.704269744122946,22.72925653091055,0.24880968466337033,1.0,0.4166666666666667,1.8473,165.62737018585491,21.561429357938962,Wh,21.561429357938962,Wh
175,796ee6f1aba7abd4867272e423ba1ba1,RollingRegression,"{""regression_model"": {""model"": ""ElasticNet"", ""model_params"": {""l1_ratio"": 0.1, ""fit_intercept"": true, ""selection"": ""cyclic"", ""max_iter"": 1000}}, ""holiday"": true, ""mean_rolling_periods"": 12, ""macd_periods"": 84, ""std_rolling_periods"": null, ""max_rolling_periods"": 7, ""min_rolling_periods"": 168, ""ewm_var_alpha"": null, ""quantile90_rolling_periods"": null, ""quantile10_rolling_periods"": null, ""ewm_alpha"": null, ""additional_lag_periods"": 2, ""abs_energy"": false, ""rolling_autocorr_periods"": null, ""nonzero_last_n"": null, ""add_date_part"": null, ""polynomial_degree"": null, ""x_transform"": null, ""regression_type"": null}","{""fillna"": ""fake_date"", ""transformations"": {""0"": ""Scaler"", ""1"": ""DifferencedTransformer"", ""2"": ""Scaler"", ""3"": ""Scaler""}, ""transformation_params"": {""0"": {}, ""1"": {""lag"": 1, ""fill"": ""bfill""}, ""2"": {}, ""3"": {}}}",0,1,15.635796811880668,0.8763303987466704,1.0638723501731255,0.999266179618756,0.8763303987466704,0.0,-2.138371416484662,0.5784921421999868,50.441452508315564,0.8731939551612756,14.466746801776313,1.0,0.5666666666666667,1.9435098391891268,0.7666666666666667,1.7784548219374139,0.7219546694451051,4.102073378699323,2.416374920164305,0.0005918287398171378,48.30308109183089,36.31037702511392,29.55474415320162,0.14717958397244593,15.635796811880668,0.8763303987466704,1.0638723501731255,0.999266179618756,0.8763303987466704,0.0,0.5784921421999868,0.8731939551612756,14.466746801776313,1.9435098391891268,0.7666666666666667,1.7784548219374139,0.7219546694451051,4.102073378699323,2.416374920164305,0.0005918287398171378,48.30308109183089,36.31037702511392,29.55474415320162,0.14717958397244593,1.0,0.5666666666666667,19.6852,165.23584386675964,13.115046835691778,Wh,13.115046835691778,Wh
176,6c87fbac2eecda37509ee54d8f70d13e,RollingRegression,"{""regression_model"": {""model"": ""ElasticNet"", ""model_params"": {""l1_ratio"": 0.1, ""fit_intercept"": true, ""selection"": ""cyclic"", ""max_iter"": 1000}}, ""holiday"": false, ""mean_rolling_periods"": 7, ""macd_periods"": null, ""std_rolling_periods"": null, ""max_rolling_periods"": 7, ""min_rolling_periods"": 96, ""ewm_var_alpha"": null, ""quantile90_rolling_periods"": null, ""quantile10_rolling_periods"": null, ""ewm_alpha"": null, ""additional_lag_periods"": 11, ""abs_energy"": false, ""rolling_autocorr_periods"": null, ""nonzero_last_n"": null, ""add_date_part"": null, ""polynomial_degree"": null, ""x_transform"": null, ""regression_type"": null}","{""fillna"": ""quadratic"", ""transformations"": {""0"": ""Scaler"", ""1"": ""DifferencedTransformer""}, ""transformation_params"": {""0"": {}, ""1"": {""lag"": 1, ""fill"": ""bfill""}}}",0,1,15.635796811880668,0.8763303987466704,1.0638723501731255,0.999266179618756,0.8763303987466704,0.0,-2.138371416484662,0.5784921421999868,50.441452508315564,0.8731939551612756,14.466746801776313,1.0,0.5666666666666667,1.9435098391891268,0.7666666666666667,1.7784548219374139,0.7219546694451051,4.102073378699323,2.416374920164305,0.0005918287398171378,48.30308109183089,36.31037702511392,29.55474415320162,0.14717958397244593,15.635796811880668,0.8763303987466704,1.0638723501731255,0.999266179618756,0.8763303987466704,0.0,0.5784921421999868,0.8731939551612756,14.466746801776313,1.9435098391891268,0.7666666666666667,1.7784548219374139,0.7219546694451051,4.102073378699323,2.416374920164305,0.0005918287398171378,48.30308109183089,36.31037702511392,29.55474415320162,0.14717958397244593,1.0,0.5666666666666667,0.2929,165.23129923659067,13.115046835691778,Wh,13.115046835691778,Wh
177,71296e1077205bd944c7fa0783da5441,RollingRegression,"{""regression_model"": {""model"": ""ElasticNet"", ""model_params"": {""l1_ratio"": 0.1, ""fit_intercept"": true, ""selection"": ""cyclic"", ""max_iter"": 1000}}, ""holiday"": false, ""mean_rolling_periods"": 5, ""macd_periods"": null, ""std_rolling_periods"": null, ""max_rolling_periods"": 7, ""min_rolling_periods"": null, ""ewm_var_alpha"": null, ""quantile90_rolling_periods"": null, ""quantile10_rolling_periods"": null, ""ewm_alpha"": null, ""additional_lag_periods"": 11, ""abs_energy"": false, ""rolling_autocorr_periods"": null, ""nonzero_last_n"": null, ""add_date_part"": null, ""polynomial_degree"": null, ""x_transform"": null, ""regression_type"": null}","{""fillna"": ""rolling_mean"", ""transformations"": {""0"": ""Scaler"", ""1"": ""DifferencedTransformer"", ""2"": ""Scaler""}, ""transformation_params"": {""0"": {}, ""1"": {""lag"": 1, ""fill"": ""bfill""}, ""2"": {}}}",0,1,15.635796811880668,0.8763303987466704,1.0638723501731255,0.999266179618756,0.8763303987466704,0.0,-2.138371416484662,0.5784921421999868,50.441452508315564,0.8731939551612756,14.466746801776313,1.0,0.5666666666666667,1.9435098391891268,0.7666666666666667,1.7784548219374139,0.7219546694451051,4.102073378699323,2.416374920164305,0.0005918287398171378,48.30308109183089,36.31037702511392,29.55474415320162,0.14717958397244593,15.635796811880668,0.8763303987466704,1.0638723501731255,0.999266179618756,0.8763303987466704,0.0,0.5784921421999868,0.8731939551612756,14.466746801776313,1.9435098391891268,0.7666666666666667,1.7784548219374139,0.7219546694451051,4.102073378699323,2.416374920164305,0.0005918287398171378,48.30308109183089,36.31037702511392,29.55474415320162,0.14717958397244593,1.0,0.5666666666666667,0.284,165.23129715085517,13.115046835691778,Wh,13.115046835691778,Wh
178,b4c1cadaba93e38d788edc78ac978b3e,RollingRegression,"{""regression_model"": {""model"": ""Ridge"", ""model_params"": {""alpha"": 10.0}}, ""holiday"": false, ""mean_rolling_periods"": null, ""macd_periods"": null, ""std_rolling_periods"": 7, ""max_rolling_periods"": 7, ""min_rolling_periods"": 52, ""ewm_var_alpha"": null, ""quantile90_rolling_periods"": null, ""quantile10_rolling_periods"": null, ""ewm_alpha"": 0.5, ""additional_lag_periods"": 90, ""abs_energy"": false, ""rolling_autocorr_periods"": null, ""nonzero_last_n"": null, ""add_date_part"": ""simple_binarized"", ""polynomial_degree"": null, ""x_transform"": null, ""regression_type"": null}","{""fillna"": ""zero"", ""transformations"": {""0"": ""Scaler"", ""1"": ""Scaler"", ""2"": ""Scaler"", ""3"": ""Scaler"", ""4"": ""DifferencedTransformer""}, ""transformation_params"": {""0"": {}, ""1"": {}, ""2"": {}, ""3"": {}, ""4"": {""lag"": 1, ""fill"": ""bfill""}}}",0,1,14.545533552224361,0.8716113490798761,1.3121215736309442,1.0562694990987063,0.8716113490798761,0.0,-8.295702089411861,0.5510952494520056,44.00097885538071,0.8458904877965672,14.432138012169808,1.0,0.55,4.145897349518236,0.65,2.2760560563020746,0.5050547378249771,5.248542044271173,7.075750527751059,0.16227806861502125,35.70527676596885,12.683167076498684,22.804450488749495,0.10879404918385392,14.545533552224361,0.8716113490798761,1.3121215736309442,1.0562694990987063,0.8716113490798761,0.0,0.5510952494520056,0.8458904877965672,14.432138012169808,4.145897349518236,0.65,2.2760560563020746,0.5050547378249771,5.248542044271173,7.075750527751059,0.16227806861502125,35.70527676596885,12.683167076498684,22.804450488749495,0.10879404918385392,1.0,0.55,0.6556,164.76652591903593,13.044422151795754,Wh,13.044422151795754,Wh
179,bc97f8dd57cb1993892decb41475dbdd,DatepartRegression,"{""regression_model"": {""model"": ""Adaboost"", ""model_params"": {""n_estimators"": 50, ""loss"": ""linear"", ""estimator"": null, ""learning_rate"": 0.25, ""max_depth"": 3}}, ""datepart_method"": [7, 365.25], ""polynomial_degree"": null, ""holiday_countries_used"": false, ""lags"": null, ""forward_lags"": null, ""regression_type"": null}","{""fillna"": ""rolling_mean_24"", ""transformations"": {""0"": ""DifferencedTransformer"", ""1"": ""Scaler""}, ""transformation_params"": {""0"": {""lag"": 1, ""fill"": ""bfill""}, ""1"": {}}}",0,1,13.657908984713144,0.7545142435398602,0.9274230442885859,0.9998224374141629,0.7545142435398602,0.0,-4.175481031569084,0.5258768107356506,41.095373580822525,0.7435651173421103,14.435402439889868,1.0,0.6,1.7551422616515522,0.8,1.6881751599949884,0.6047057722142374,3.3425457126263725,1.736434676912488,0.04011892690965394,36.91989254925344,27.12054745071921,27.957456714560735,0.11249498588663552,13.657908984713144,0.7545142435398602,0.9274230442885859,0.9998224374141629,0.7545142435398602,0.0,0.5258768107356506,0.7435651173421103,14.435402439889868,1.7551422616515522,0.8,1.6881751599949884,0.6047057722142374,3.3425457126263725,1.736434676912488,0.04011892690965394,36.91989254925344,27.12054745071921,27.957456714560735,0.11249498588663552,1.0,0.6,0.1904,162.09198883679667,11.291962091437624,Wh,11.291962091437624,Wh
180,5817e7ad7c8f8ae0c3361dbfebf13731,RollingRegression,"{""regression_model"": {""model"": ""ElasticNet"", ""model_params"": {""l1_ratio"": 0.5, ""fit_intercept"": true, ""selection"": ""cyclic"", ""max_iter"": 2000}}, ""holiday"": false, ""mean_rolling_periods"": 7, ""macd_periods"": null, ""std_rolling_periods"": null, ""max_rolling_periods"": null, ""min_rolling_periods"": 96, ""ewm_var_alpha"": null, ""quantile90_rolling_periods"": null, ""quantile10_rolling_periods"": null, ""ewm_alpha"": 0.2, ""additional_lag_periods"": 90, ""abs_energy"": false, ""rolling_autocorr_periods"": null, ""nonzero_last_n"": null, ""add_date_part"": ""simple_2"", ""polynomial_degree"": null, ""x_transform"": null, ""regression_type"": null}","{""fillna"": ""rolling_mean_24"", ""transformations"": {""0"": ""Scaler"", ""1"": ""DifferencedTransformer"", ""2"": ""Scaler""}, ""transformation_params"": {""0"": {}, ""1"": {""lag"": 1, ""fill"": ""bfill""}, ""2"": {}}}",0,1,13.263851118813728,0.7302068757563132,0.8953622748726101,0.9989996757750429,0.7302068757563132,0.0,-3.4383955955745273,0.5109987379073089,40.37401694980426,0.723186718398118,14.435556931836604,1.0,0.55,1.723122913521351,0.8,1.664924574469436,0.5833794960343002,3.202726340760698,1.6548315998107819,4.457572748749735e-05,36.93562135422974,28.193713926090794,29.26028645070244,0.11254291158662129,13.263851118813728,0.7302068757563132,0.8953622748726101,0.9989996757750429,0.7302068757563132,0.0,0.5109987379073089,0.723186718398118,14.435556931836604,1.723122913521351,0.8,1.664924574469436,0.5833794960343002,3.202726340760698,1.6548315998107819,4.457572748749735e-05,36.93562135422974,28.193713926090794,29.26028645070244,0.11254291158662129,1.0,0.55,0.3843,161.53951802699822,10.92818118484173,Wh,10.92818118484173,Wh
181,875e49379f8aa74a05d1c8acb5ee13ea,RollingRegression,"{""regression_model"": {""model"": ""ElasticNet"", ""model_params"": {""l1_ratio"": 0.1, ""fit_intercept"": true, ""selection"": ""cyclic"", ""max_iter"": 1000}}, ""holiday"": false, ""mean_rolling_periods"": 7, ""macd_periods"": null, ""std_rolling_periods"": 7, ""max_rolling_periods"": 7, ""min_rolling_periods"": 24, ""ewm_var_alpha"": null, ""quantile90_rolling_periods"": null, ""quantile10_rolling_periods"": null, ""ewm_alpha"": null, ""additional_lag_periods"": 6, ""abs_energy"": false, ""rolling_autocorr_periods"": null, ""nonzero_last_n"": null, ""add_date_part"": ""simple_2"", ""polynomial_degree"": null, ""x_transform"": null, ""regression_type"": null}","{""fillna"": ""rolling_mean_24"", ""transformations"": {""0"": ""Scaler"", ""1"": ""Scaler"", ""2"": ""DifferencedTransformer""}, ""transformation_params"": {""0"": {}, ""1"": {}, ""2"": {""lag"": 1, ""fill"": ""bfill""}}}",0,1,12.517011218114988,0.6857775103763417,0.8503644991369068,0.9970898789601393,0.6857775103763417,0.0,-3.10579349766427,0.4845280184026716,38.04085712491622,0.6801259719002546,14.430030111471993,1.0,0.5333333333333333,1.7702707617148885,0.8166666666666667,1.6308291920689695,0.5422663987999605,2.937602005541018,1.4634470103705413,0.004753080243064394,34.93506362725196,27.713245478742827,28.932555011888944,0.10644720822124636,12.517011218114988,0.6857775103763417,0.8503644991369068,0.9970898789601393,0.6857775103763417,0.0,0.4845280184026716,0.6801259719002546,14.430030111471993,1.7702707617148885,0.8166666666666667,1.6308291920689695,0.5422663987999605,2.937602005541018,1.4634470103705413,0.004753080243064394,34.93506362725196,27.713245478742827,28.932555011888944,0.10644720822124636,1.0,0.5333333333333333,2.6382,160.48022615219605,10.263257077824836,Wh,10.263257077824836,Wh
182,b80a6a0aa741e98928ae2c3e2fadc7ca,RollingRegression,"{""regression_model"": {""model"": ""ElasticNet"", ""model_params"": {""l1_ratio"": 0.1, ""fit_intercept"": true, ""selection"": ""cyclic"", ""max_iter"": 1000}}, ""holiday"": false, ""mean_rolling_periods"": 7, ""macd_periods"": null, ""std_rolling_periods"": null, ""max_rolling_periods"": null, ""min_rolling_periods"": 96, ""ewm_var_alpha"": null, ""quantile90_rolling_periods"": null, ""quantile10_rolling_periods"": null, ""ewm_alpha"": null, ""additional_lag_periods"": 11, ""abs_energy"": false, ""rolling_autocorr_periods"": null, ""nonzero_last_n"": null, ""add_date_part"": ""simple_2"", ""polynomial_degree"": null, ""x_transform"": null, ""regression_type"": null}","{""fillna"": ""quadratic"", ""transformations"": {""0"": ""DifferencedTransformer"", ""1"": ""Scaler""}, ""transformation_params"": {""0"": {""lag"": 1, ""fill"": ""bfill""}, ""1"": {}}}",0,1,12.517011218114988,0.6857775103763417,0.8503644991369068,0.9970898789601393,0.6857775103763417,0.0,-3.10579349766427,0.4845280184026716,38.04085712491622,0.6801259719002546,14.430030111471993,1.0,0.5333333333333333,1.7702707617148885,0.8166666666666667,1.6308291920689695,0.5422663987999605,2.937602005541018,1.4634470103705413,0.004753080243064394,34.93506362725196,27.713245478742827,28.932555011888944,0.10644720822124636,12.517011218114988,0.6857775103763417,0.8503644991369068,0.9970898789601393,0.6857775103763417,0.0,0.4845280184026716,0.6801259719002546,14.430030111471993,1.7702707617148885,0.8166666666666667,1.6308291920689695,0.5422663987999605,2.937602005541018,1.4634470103705413,0.004753080243064394,34.93506362725196,27.713245478742827,28.932555011888944,0.10644720822124636,1.0,0.5333333333333333,0.7552,160.47978486680915,10.263257077824836,Wh,10.263257077824836,Wh
183,2ba6174c2aedb48e20fbb40d4a1d29be,RollingRegression,"{""regression_model"": {""model"": ""ElasticNet"", ""model_params"": {""l1_ratio"": 0.1, ""fit_intercept"": true, ""selection"": ""cyclic"", ""max_iter"": 1000}}, ""holiday"": false, ""mean_rolling_periods"": 7, ""macd_periods"": null, ""std_rolling_periods"": null, ""max_rolling_periods"": 7, ""min_rolling_periods"": 24, ""ewm_var_alpha"": null, ""quantile90_rolling_periods"": null, ""quantile10_rolling_periods"": null, ""ewm_alpha"": null, ""additional_lag_periods"": 11, ""abs_energy"": false, ""rolling_autocorr_periods"": null, ""nonzero_last_n"": null, ""add_date_part"": ""simple_2"", ""polynomial_degree"": null, ""x_transform"": null, ""regression_type"": null}","{""fillna"": ""rolling_mean_24"", ""transformations"": {""0"": ""Scaler"", ""1"": ""Scaler"", ""2"": ""DifferencedTransformer""}, ""transformation_params"": {""0"": {}, ""1"": {}, ""2"": {""lag"": 1, ""fill"": ""bfill""}}}",0,1,12.517011218114988,0.6857775103763417,0.8503644991369068,0.9970898789601393,0.6857775103763417,0.0,-3.10579349766427,0.4845280184026716,38.04085712491622,0.6801259719002546,14.430030111471993,1.0,0.5333333333333333,1.7702707617148885,0.8166666666666667,1.6308291920689695,0.5422663987999605,2.937602005541018,1.4634470103705413,0.004753080243064394,34.93506362725196,27.713245478742827,28.932555011888944,0.10644720822124636,12.517011218114988,0.6857775103763417,0.8503644991369068,0.9970898789601393,0.6857775103763417,0.0,0.4845280184026716,0.6801259719002546,14.430030111471993,1.7702707617148885,0.8166666666666667,1.6308291920689695,0.5422663987999605,2.937602005541018,1.4634470103705413,0.004753080243064394,34.93506362725196,27.713245478742827,28.932555011888944,0.10644720822124636,1.0,0.5333333333333333,0.4269,160.47970792894802,10.263257077824836,Wh,10.263257077824836,Wh
184,82ac0d6d53c52827dcd1d6de2f2ddb53,RollingRegression,"{""regression_model"": {""model"": ""HistGradientBoost"", ""model_params"": {""loss"": ""absolute_error"", ""learning_rate"": 0.1, ""max_depth"": 20, ""min_samples_leaf"": 5, ""max_iter"": 100, ""l2_regularization"": 0}}, ""holiday"": false, ""mean_rolling_periods"": 30, ""macd_periods"": 28, ""std_rolling_periods"": 7, ""max_rolling_periods"": null, ""min_rolling_periods"": null, ""ewm_var_alpha"": null, ""quantile90_rolling_periods"": null, ""quantile10_rolling_periods"": null, ""ewm_alpha"": 0.5, ""additional_lag_periods"": 6, ""abs_energy"": false, ""rolling_autocorr_periods"": null, ""nonzero_last_n"": null, ""add_date_part"": ""simple_2"", ""polynomial_degree"": null, ""x_transform"": null, ""regression_type"": null}","{""fillna"": ""ffill_mean_biased"", ""transformations"": {""0"": ""Scaler"", ""1"": ""Scaler"", ""2"": ""Scaler"", ""3"": ""DifferencedTransformer""}, ""transformation_params"": {""0"": {}, ""1"": {}, ""2"": {}, ""3"": {""lag"": 1, ""fill"": ""bfill""}}}",0,1,12.91792967337512,0.7094607241097489,0.8168734781832415,0.9808696597147889,0.7094607241097489,0.0,-11.033577413544302,0.547104028294655,31.534066033040634,0.670471332736844,14.392333118103847,1.0,0.5166666666666667,1.7430418129895955,0.8,1.6502021759288803,0.5897031369099617,2.940374026743687,1.6992744318062383,0.20100738294819429,20.500488619496334,12.816807660368355,20.150145799176247,0.062465029518781905,12.91792967337512,0.7094607241097489,0.8168734781832415,0.9808696597147889,0.7094607241097489,0.0,0.547104028294655,0.670471332736844,14.392333118103847,1.7430418129895955,0.8,1.6502021759288803,0.5897031369099617,2.940374026743687,1.6992744318062383,0.20100738294819429,20.500488619496334,12.816807660368355,20.150145799176247,0.062465029518781905,1.0,0.5166666666666667,11.1605,160.27430650779755,10.617696976038529,Wh,10.617696976038529,Wh
185,ec765f2241c17824ac096ccee9fa476f,RollingRegression,"{""regression_model"": {""model"": ""ElasticNet"", ""model_params"": {""l1_ratio"": 0.1, ""fit_intercept"": true, ""selection"": ""cyclic"", ""max_iter"": 1000}}, ""holiday"": false, ""mean_rolling_periods"": 7, ""macd_periods"": 24, ""std_rolling_periods"": null, ""max_rolling_periods"": 364, ""min_rolling_periods"": 96, ""ewm_var_alpha"": null, ""quantile90_rolling_periods"": null, ""quantile10_rolling_periods"": null, ""ewm_alpha"": null, ""additional_lag_periods"": 11, ""abs_energy"": false, ""rolling_autocorr_periods"": null, ""nonzero_last_n"": null, ""add_date_part"": ""simple_binarized"", ""polynomial_degree"": null, ""x_transform"": null, ""regression_type"": null}","{""fillna"": ""quadratic"", ""transformations"": {""0"": ""Scaler"", ""1"": ""Scaler"", ""2"": ""Scaler"", ""3"": ""DifferencedTransformer""}, ""transformation_params"": {""0"": {}, ""1"": {}, ""2"": {}, ""3"": {""lag"": 1, ""fill"": ""bfill""}}}",0,1,12.31976737836511,0.6741514973502727,0.8381855253982039,0.9970479263133334,0.6741514973502727,0.0,-3.1954935700345004,0.4782256141651042,37.25359627098186,0.6682073345981678,14.427615849323342,1.0,0.55,1.7604739440199637,0.8166666666666667,1.623418623328098,0.5310041503858642,2.8640752476815288,1.4192716270484478,0.004746599478878541,34.05810270094736,27.136732803848165,28.922357270235967,0.10377510653795581,12.31976737836511,0.6741514973502727,0.8381855253982039,0.9970479263133334,0.6741514973502727,0.0,0.4782256141651042,0.6682073345981678,14.427615849323342,1.7604739440199637,0.8166666666666667,1.623418623328098,0.5310041503858642,2.8640752476815288,1.4192716270484478,0.004746599478878541,34.05810270094736,27.136732803848165,28.922357270235967,0.10377510653795581,1.0,0.55,0.6551,160.18508156507178,10.089263678112435,Wh,10.089263678112435,Wh
186,370c47315bd1433b82d7e7806cc2ccc6,RollingRegression,"{""regression_model"": {""model"": ""ElasticNet"", ""model_params"": {""l1_ratio"": 0.1, ""fit_intercept"": true, ""selection"": ""cyclic"", ""max_iter"": 1000}}, ""holiday"": false, ""mean_rolling_periods"": 7, ""macd_periods"": null, ""std_rolling_periods"": 7, ""max_rolling_periods"": 7, ""min_rolling_periods"": 96, ""ewm_var_alpha"": null, ""quantile90_rolling_periods"": null, ""quantile10_rolling_periods"": null, ""ewm_alpha"": null, ""additional_lag_periods"": 6, ""abs_energy"": false, ""rolling_autocorr_periods"": null, ""nonzero_last_n"": null, ""add_date_part"": ""simple_binarized"", ""polynomial_degree"": null, ""x_transform"": null, ""regression_type"": null}","{""fillna"": ""rolling_mean"", ""transformations"": {""0"": ""Scaler"", ""1"": ""DifferencedTransformer""}, ""transformation_params"": {""0"": {}, ""1"": {""lag"": 1, ""fill"": ""bfill""}}}",0,1,12.31976737836511,0.6741514973502727,0.8381855253982039,0.9970479263133334,0.6741514973502727,0.0,-3.1954935700345004,0.4782256141651042,37.25359627098186,0.6682073345981678,14.427615849323342,1.0,0.55,1.7604739440199637,0.8166666666666667,1.623418623328098,0.5310041503858642,2.8640752476815288,1.4192716270484478,0.004746599478878541,34.05810270094736,27.136732803848165,28.922357270235967,0.10377510653795581,12.31976737836511,0.6741514973502727,0.8381855253982039,0.9970479263133334,0.6741514973502727,0.0,0.4782256141651042,0.6682073345981678,14.427615849323342,1.7604739440199637,0.8166666666666667,1.623418623328098,0.5310041503858642,2.8640752476815288,1.4192716270484478,0.004746599478878541,34.05810270094736,27.136732803848165,28.922357270235967,0.10377510653795581,1.0,0.55,0.6393,160.18507786230538,10.089263678112435,Wh,10.089263678112435,Wh
187,7f224dd1bc7b0244f4942a36f49b818e,SeasonalNaive,"{""method"": ""lastvalue"", ""lag_1"": 7, ""lag_2"": 1}","{""fillna"": ""rolling_mean"", ""transformations"": {""0"": ""Scaler"", ""1"": ""Scaler"", ""2"": ""DifferencedTransformer""}, ""transformation_params"": {""0"": {}, ""1"": {}, ""2"": {""lag"": 1, ""fill"": ""bfill""}}}",0,1,13.72283467886252,0.7168166120847066,0.8663153172482331,1.330552481888581,0.7168166120847066,0.0,-33.14735436439514,0.6718513746829059,9.861642360687256,0.5463955228002558,14.270978057600303,1.0,0.4,1.8624670505523682,0.8166666666666667,1.6899538974609403,0.5711771600386676,2.9680647570716094,2.0303990723394003,0.38624992775391753,23.285712003707886,16.82238318095551,13.425815969420324,0.07095161069937479,13.72283467886252,0.7168166120847066,0.8663153172482331,1.330552481888581,0.7168166120847066,0.0,0.6718513746829059,0.5463955228002558,14.270978057600303,1.8624670505523682,0.8166666666666667,1.6899538974609403,0.5711771600386676,2.9680647570716094,2.0303990723394003,0.38624992775391753,23.285712003707886,16.82238318095551,13.425815969420324,0.07095161069937479,1.0,0.4,0.0937,160.00770179291197,10.72778423929865,Wh,10.72778423929865,Wh
188,8bc28adb4721c12f3ed6947f2604825a,RollingRegression,"{""regression_model"": {""model"": ""ElasticNet"", ""model_params"": {""l1_ratio"": 0.1, ""fit_intercept"": true, ""selection"": ""cyclic"", ""max_iter"": 1000}}, ""holiday"": false, ""mean_rolling_periods"": null, ""macd_periods"": null, ""std_rolling_periods"": null, ""max_rolling_periods"": 7, ""min_rolling_periods"": null, ""ewm_var_alpha"": null, ""quantile90_rolling_periods"": null, ""quantile10_rolling_periods"": null, ""ewm_alpha"": 0.8, ""additional_lag_periods"": 23, ""abs_energy"": false, ""rolling_autocorr_periods"": null, ""nonzero_last_n"": null, ""add_date_part"": null, ""polynomial_degree"": null, ""x_transform"": null, ""regression_type"": null}","{""fillna"": ""ffill"", ""transformations"": {""0"": ""Scaler"", ""1"": ""DifferencedTransformer"", ""2"": ""Scaler""}, ""transformation_params"": {""0"": {}, ""1"": {""lag"": 1, ""fill"": ""bfill""}, ""2"": {}}}",0,1,11.47012962671601,0.624782847396191,0.7779687795242837,1.0023159787832847,0.624782847396191,0.0,-4.661530367771077,0.45733609357047195,32.825440476000395,0.6138192245811908,14.411321367383522,1.0,0.5666666666666667,1.5828581252476077,0.8166666666666667,1.5894334332265907,0.4822865129706411,2.533708712931729,1.21844850218578,0.007215435824872726,28.163910108229317,22.484478910416218,28.840595276295044,0.08581549000748094,11.47012962671601,0.624782847396191,0.7779687795242837,1.0023159787832847,0.624782847396191,0.0,0.45733609357047195,0.6138192245811908,14.411321367383522,1.5828581252476077,0.8166666666666667,1.5894334332265907,0.4822865129706411,2.533708712931729,1.21844850218578,0.007215435824872726,28.163910108229317,22.484478910416218,28.840595276295044,0.08581549000748094,1.0,0.5666666666666667,0.2729,158.81152307554763,9.350418880204398,Wh,9.350418880204398,Wh
189,7fb06ece0ba84d582abd99cd0d979af9,ARIMA,"{""p"": 4, ""d"": 0, ""q"": 4, ""regression_type"": null}","{""fillna"": ""cubic"", ""transformations"": {""0"": ""Scaler"", ""1"": ""Scaler"", ""2"": ""Scaler"", ""3"": ""DifferencedTransformer""}, ""transformation_params"": {""0"": {}, ""1"": {}, ""2"": {}, ""3"": {""lag"": 1, ""fill"": ""bfill""}}}",0,1,11.67216428328771,0.6363261226478433,0.7292237752923795,1.0317023720728211,0.6363261226478433,0.0,-18.483284024933326,0.5521572785392919,19.69628333393728,0.5518523446476531,14.372683171891701,1.0,0.45,1.3257589887187828,0.8,1.6384250805054321,0.5462939816194584,2.2762314740272407,1.376854948232212,0.08590165973822525,1.2129993090039575,13.802726939741015,24.81715701024812,0.003696011302439669,11.67216428328771,0.6363261226478433,0.7292237752923795,1.0317023720728211,0.6363261226478433,0.0,0.5521572785392919,0.5518523446476531,14.372683171891701,1.3257589887187828,0.8,1.6384250805054321,0.5462939816194584,2.2762314740272407,1.376854948232212,0.08590165973822525,1.2129993090039575,13.802726939741015,24.81715701024812,0.003696011302439669,1.0,0.45,1.2544,158.37917885830802,9.52317403713975,Wh,9.52317403713975,Wh
190,c777c832c9774d0e7915133c356d345e,RollingRegression,"{""regression_model"": {""model"": ""ElasticNet"", ""model_params"": {""l1_ratio"": 0.1, ""fit_intercept"": true, ""selection"": ""cyclic"", ""max_iter"": 1000}}, ""holiday"": false, ""mean_rolling_periods"": 7, ""macd_periods"": 28, ""std_rolling_periods"": null, ""max_rolling_periods"": 7, ""min_rolling_periods"": 24, ""ewm_var_alpha"": null, ""quantile90_rolling_periods"": null, ""quantile10_rolling_periods"": null, ""ewm_alpha"": null, ""additional_lag_periods"": 23, ""abs_energy"": false, ""rolling_autocorr_periods"": null, ""nonzero_last_n"": null, ""add_date_part"": null, ""polynomial_degree"": null, ""x_transform"": null, ""regression_type"": null}","{""fillna"": ""rolling_mean_24"", ""transformations"": {""0"": ""DifferencedTransformer"", ""1"": ""Scaler""}, ""transformation_params"": {""0"": {""lag"": 1, ""fill"": ""bfill""}, ""1"": {}}}",0,1,11.097302744175266,0.6034119575934993,0.7546051700974135,1.0013578453214766,0.6034119575934993,0.0,-4.972045052766486,0.4459977047291868,31.232672402843477,0.5913984689960184,14.406057549839385,1.0,0.5666666666666667,1.5612620195296385,0.8166666666666667,1.575852443555404,0.4616475251382564,2.400443660699948,1.1434373454333453,0.0063987246171460874,26.260627350076987,21.281024658871925,28.795664933317575,0.08001618366521607,11.097302744175266,0.6034119575934993,0.7546051700974135,1.0013578453214766,0.6034119575934993,0.0,0.4459977047291868,0.5913984689960184,14.406057549839385,1.5612620195296385,0.8166666666666667,1.575852443555404,0.4616475251382564,2.400443660699948,1.1434373454333453,0.0063987246171460874,26.260627350076987,21.281024658871925,28.795664933317575,0.08001618366521607,1.0,0.5666666666666667,0.3327,158.2490195222253,9.03058492136471,Wh,9.03058492136471,Wh
191,497c3026c94b8c1272e279cf89b23c83,RollingRegression,"{""regression_model"": {""model"": ""HistGradientBoost"", ""model_params"": {""loss"": ""squared_error"", ""learning_rate"": 0.1, ""max_depth"": null, ""min_samples_leaf"": 20, ""max_iter"": 50, ""l2_regularization"": 0.02}}, ""holiday"": false, ""mean_rolling_periods"": 30, ""macd_periods"": 12, ""std_rolling_periods"": 5, ""max_rolling_periods"": 7, ""min_rolling_periods"": null, ""ewm_var_alpha"": null, ""quantile90_rolling_periods"": null, ""quantile10_rolling_periods"": null, ""ewm_alpha"": 0.8, ""additional_lag_periods"": 11, ""abs_energy"": false, ""rolling_autocorr_periods"": null, ""nonzero_last_n"": null, ""add_date_part"": null, ""polynomial_degree"": null, ""x_transform"": null, ""regression_type"": null}","{""fillna"": ""zero"", ""transformations"": {""0"": ""Scaler"", ""1"": ""Scaler"", ""2"": ""Scaler"", ""3"": ""Scaler"", ""4"": ""DifferencedTransformer"", ""5"": ""Scaler""}, ""transformation_params"": {""0"": {}, ""1"": {}, ""2"": {}, ""3"": {}, ""4"": {""lag"": 1, ""fill"": ""bfill""}, ""5"": {}}}",0,1,10.893437627095484,0.5915936517696753,0.7381799547051818,1.015075233542348,0.5915936517696753,0.0,-5.493121029255627,0.4416965245946596,30.00249807692489,0.5775762633659441,14.402392661988818,1.0,0.55,1.5244081793647881,0.8,1.576752741618918,0.45389173610046935,2.336319671509316,1.1400071314009257,0.05786707549062207,24.509377047669265,19.734998129183328,24.863975561146876,0.0746801205174021,10.893437627095484,0.5915936517696753,0.7381799547051818,1.015075233542348,0.5915936517696753,0.0,0.4416965245946596,0.5775762633659441,14.402392661988818,1.5244081793647881,0.8,1.576752741618918,0.45389173610046935,2.336319671509316,1.1400071314009257,0.05786707549062207,24.509377047669265,19.734998129183328,24.863975561146876,0.0746801205174021,1.0,0.55,0.6475,157.9119314498391,8.853713692636756,Wh,8.853713692636756,Wh
192,a439c3a6cb15267d36cf6e2ede398704,RollingRegression,"{""regression_model"": {""model"": ""ElasticNet"", ""model_params"": {""l1_ratio"": 0.1, ""fit_intercept"": true, ""selection"": ""cyclic"", ""max_iter"": 1000}}, ""holiday"": false, ""mean_rolling_periods"": 7, ""macd_periods"": null, ""std_rolling_periods"": 7, ""max_rolling_periods"": null, ""min_rolling_periods"": 24, ""ewm_var_alpha"": null, ""quantile90_rolling_periods"": null, ""quantile10_rolling_periods"": null, ""ewm_alpha"": 0.8, ""additional_lag_periods"": 11, ""abs_energy"": false, ""rolling_autocorr_periods"": null, ""nonzero_last_n"": null, ""add_date_part"": ""simple_2"", ""polynomial_degree"": null, ""x_transform"": null, ""regression_type"": null}","{""fillna"": ""fake_date"", ""transformations"": {""0"": ""Scaler"", ""1"": ""Scaler"", ""2"": ""DifferencedTransformer""}, ""transformation_params"": {""0"": {}, ""1"": {}, ""2"": {""lag"": 1, ""fill"": ""bfill""}}}",0,1,10.695528940760267,0.5799691848811425,0.7294422822555101,0.9970279607366611,0.5799691848811425,0.0,-4.653210033615839,0.4304056509540056,30.144941059252716,0.5701110279804541,14.404072843674708,1.0,0.5333333333333333,1.6713382850260814,0.8,1.5716211946626915,0.44083048803853475,2.30474690847232,1.0775316285931205,0.006056971767097929,25.491731025636877,21.508213841494772,28.72115250601237,0.07767335503832384,10.695528940760267,0.5799691848811425,0.7294422822555101,0.9970279607366611,0.5799691848811425,0.0,0.4304056509540056,0.5701110279804541,14.404072843674708,1.6713382850260814,0.8,1.5716211946626915,0.44083048803853475,2.30474690847232,1.0775316285931205,0.006056971767097929,25.491731025636877,21.508213841494772,28.72115250601237,0.07767335503832384,1.0,0.5333333333333333,0.4099,157.69230487822583,8.679743432217743,Wh,8.679743432217743,Wh
193,e5f063205bb2b63423b0dffa6229289b,RollingRegression,"{""regression_model"": {""model"": ""ElasticNet"", ""model_params"": {""l1_ratio"": 0.1, ""fit_intercept"": true, ""selection"": ""cyclic"", ""max_iter"": 1000}}, ""holiday"": false, ""mean_rolling_periods"": 7, ""macd_periods"": null, ""std_rolling_periods"": 7, ""max_rolling_periods"": 7, ""min_rolling_periods"": 24, ""ewm_var_alpha"": null, ""quantile90_rolling_periods"": null, ""quantile10_rolling_periods"": null, ""ewm_alpha"": 0.5, ""additional_lag_periods"": 11, ""abs_energy"": false, ""rolling_autocorr_periods"": null, ""nonzero_last_n"": null, ""add_date_part"": ""simple_2"", ""polynomial_degree"": null, ""x_transform"": null, ""regression_type"": null}","{""fillna"": ""fake_date"", ""transformations"": {""0"": ""Scaler"", ""1"": ""Scaler"", ""2"": ""Scaler"", ""3"": ""DifferencedTransformer""}, ""transformation_params"": {""0"": {}, ""1"": {}, ""2"": {}, ""3"": {""lag"": 1, ""fill"": ""bfill""}}}",0,1,10.615429283124387,0.57535271681066,0.7228437368534516,0.9968370828730043,0.57535271681066,0.0,-4.82614797724916,0.42866537542528277,29.695015031390454,0.5649782696068109,14.402367862920501,1.0,0.55,1.6635606368767037,0.8,1.5683993758137569,0.437104819134526,2.282039835911139,1.0598971695826824,0.005058498097043569,24.868867054141294,20.986075411961373,28.71371650610112,0.07577548728073996,10.615429283124387,0.57535271681066,0.7228437368534516,0.9968370828730043,0.57535271681066,0.0,0.42866537542528277,0.5649782696068109,14.402367862920501,1.6635606368767037,0.8,1.5683993758137569,0.437104819134526,2.282039835911139,1.0598971695826824,0.005058498097043569,24.868867054141294,20.986075411961373,28.71371650610112,0.07577548728073996,1.0,0.55,0.4615,157.55651001010582,8.610653971157799,Wh,8.610653971157799,Wh
194,02332d024aa4525c73e40f76dcc91286,RollingRegression,"{""regression_model"": {""model"": ""ElasticNet"", ""model_params"": {""l1_ratio"": 0.1, ""fit_intercept"": true, ""selection"": ""cyclic"", ""max_iter"": 1000}}, ""holiday"": false, ""mean_rolling_periods"": 12, ""macd_periods"": null, ""std_rolling_periods"": null, ""max_rolling_periods"": 7, ""min_rolling_periods"": 96, ""ewm_var_alpha"": null, ""quantile90_rolling_periods"": null, ""quantile10_rolling_periods"": null, ""ewm_alpha"": 0.5, ""additional_lag_periods"": 90, ""abs_energy"": false, ""rolling_autocorr_periods"": null, ""nonzero_last_n"": null, ""add_date_part"": ""simple_2"", ""polynomial_degree"": null, ""x_transform"": null, ""regression_type"": null}","{""fillna"": ""quadratic"", ""transformations"": {""0"": ""Scaler"", ""1"": ""Scaler"", ""2"": ""DifferencedTransformer""}, ""transformation_params"": {""0"": {}, ""1"": {}, ""2"": {""lag"": 1, ""fill"": ""bfill""}}}",0,1,10.615430975998095,0.5753528144853589,0.7228438806966188,0.9968370846766907,0.5753528144853589,0.0,-4.826143697558538,0.4286654092908357,29.695025171562996,0.5649783806557956,14.402367902008974,1.0,0.55,1.6635608726605104,0.8,1.5683994468864906,0.4371048944596267,2.2820403123267425,1.0598975255057848,0.0050585099499337715,24.86888147400446,20.986088705010342,28.713716562370923,0.07577553121809165,10.615430975998095,0.5753528144853589,0.7228438806966188,0.9968370846766907,0.5753528144853589,0.0,0.4286654092908357,0.5649783806557956,14.402367902008974,1.6635608726605104,0.8,1.5683994468864906,0.4371048944596267,2.2820403123267425,1.0598975255057848,0.0050585099499337715,24.86888147400446,20.986088705010342,28.713716562370923,0.07577553121809165,1.0,0.55,0.3911,157.5564964430832,8.610655432944645,Wh,8.610655432944645,Wh
195,81d9170b81063d1dcad44dbf6829f58c,ARIMA,"{""p"": 4, ""d"": 1, ""q"": 1, ""regression_type"": null}","{""fillna"": ""rolling_mean_24"", ""transformations"": {""0"": ""DifferencedTransformer"", ""1"": ""Scaler""}, ""transformation_params"": {""0"": {""lag"": 1, ""fill"": ""zero""}, ""1"": {}}}",0,1,17.178556078867263,0.9751397767385145,1.1695379736919014,1.0089048803940486,0.9751397767385145,0.0,-2.793646297105389,0.6284291506055257,55.714740307205474,0.9706334119929534,13.2005076807944,1.0,0.4666666666666667,2.060922118979084,0.3,2.2485910556237796,0.813286912021847,4.732941358070615,3.1131177175551317,0.007481860286016058,52.92109401010009,36.731310364253616,28.974660122107185,0.16125067850155228,17.178556078867263,0.9751397767385145,1.1695379736919014,1.0089048803940486,0.9751397767385145,0.0,0.6284291506055257,0.9706334119929534,13.2005076807944,2.060922118979084,0.3,2.2485910556237796,0.813286912021847,4.732941358070615,3.1131177175551317,0.007481860286016058,52.92109401010009,36.731310364253616,28.974660122107185,0.16125067850155228,1.0,0.4666666666666667,0.1341,154.82592612767803,14.593815142738976,Wh,14.593815142738976,Wh
196,502b91a78af184dd881693d75b7c490c,ARIMA,"{""p"": 4, ""d"": 1, ""q"": 1, ""regression_type"": null}","{""fillna"": ""ffill"", ""transformations"": {""0"": ""DifferencedTransformer"", ""1"": ""Scaler""}, ""transformation_params"": {""0"": {""lag"": 1, ""fill"": ""zero""}, ""1"": {}}}",0,1,17.178556078867263,0.9751397767385145,1.1695379736919014,1.0089048803940486,0.9751397767385145,0.0,-2.793646297105389,0.6284291506055257,55.714740307205474,0.9706334119929534,13.2005076807944,1.0,0.4666666666666667,2.060922118979084,0.3,2.2485910556237796,0.813286912021847,4.732941358070615,3.1131177175551317,0.007481860286016058,52.92109401010009,36.731310364253616,28.974660122107185,0.16125067850155228,17.178556078867263,0.9751397767385145,1.1695379736919014,1.0089048803940486,0.9751397767385145,0.0,0.6284291506055257,0.9706334119929534,13.2005076807944,2.060922118979084,0.3,2.2485910556237796,0.813286912021847,4.732941358070615,3.1131177175551317,0.007481860286016058,52.92109401010009,36.731310364253616,28.974660122107185,0.16125067850155228,1.0,0.4666666666666667,0.1315,154.82592551836206,14.593815142738976,Wh,14.593815142738976,Wh
197,e8ce8955e01a717f23f8b6a6c18c5d09,RollingRegression,"{""regression_model"": {""model"": ""ElasticNet"", ""model_params"": {""l1_ratio"": 0.1, ""fit_intercept"": true, ""selection"": ""cyclic"", ""max_iter"": 1000}}, ""holiday"": false, ""mean_rolling_periods"": 7, ""macd_periods"": 12, ""std_rolling_periods"": null, ""max_rolling_periods"": 7, ""min_rolling_periods"": 4, ""ewm_var_alpha"": null, ""quantile90_rolling_periods"": null, ""quantile10_rolling_periods"": null, ""ewm_alpha"": 0.2, ""additional_lag_periods"": 11, ""abs_energy"": false, ""rolling_autocorr_periods"": 7, ""nonzero_last_n"": null, ""add_date_part"": null, ""polynomial_degree"": null, ""x_transform"": null, ""regression_type"": null}","{""fillna"": ""fake_date"", ""transformations"": {""0"": ""DifferencedTransformer""}, ""transformation_params"": {""0"": {""lag"": 1, ""fill"": ""bfill""}}}",0,1,9.179085113590812,0.49524037625686,0.6083749257301695,0.9988039794159745,0.49524037625686,0.0,-16.196191385059258,0.4371746254138123,13.518231190352337,0.4337346948700855,14.326420051214539,1.0,0.55,1.4299405978446265,0.8,1.5191974940254525,0.3887113408807857,1.8939531307397892,0.9666851338290521,0.0005162173119135228,2.677960194706923,2.784352801601862,27.94963765683861,0.008159750029245922,9.179085113590812,0.49524037625686,0.6083749257301695,0.9988039794159745,0.49524037625686,0.0,0.4371746254138123,0.4337346948700855,14.326420051214539,1.4299405978446265,0.8,1.5191974940254525,0.3887113408807857,1.8939531307397892,0.9666851338290521,0.0005162173119135228,2.677960194706923,2.784352801601862,27.94963765683861,0.008159750029245922,1.0,0.55,4.7276,154.62481309755682,7.411703096028216,Wh,7.411703096028216,Wh
198,425b37530de8d53b5507d82fa8ed11cd,ARIMA,"{""p"": 0, ""d"": 0, ""q"": 0, ""regression_type"": null}","{""fillna"": ""quadratic"", ""transformations"": {""0"": ""Scaler"", ""1"": ""DifferencedTransformer"", ""2"": ""Scaler""}, ""transformation_params"": {""0"": {}, ""1"": {""lag"": 1, ""fill"": ""zero""}, ""2"": {}}}",0,1,16.736410080957775,0.9465989271799723,1.1453810530113555,1.0008226854541085,0.9465989271799723,0.0,-1.8412890434265137,0.609561157946383,54.954646587371826,0.9442775173622591,13.122102238452559,1.0,0.55,2.0418200492858887,0.0,2.3642050168584383,0.7859189183104272,4.535676241106666,2.8599163967511094,0.0,53.11335754394531,39.2054653881062,29.795540512451545,0.16183650587083778,16.736410080957775,0.9465989271799723,1.1453810530113555,1.0008226854541085,0.9465989271799723,0.0,0.609561157946383,0.9442775173622591,13.122102238452559,2.0418200492858887,0.0,2.3642050168584383,0.7859189183104272,4.535676241106666,2.8599163967511094,0.0,53.11335754394531,39.2054653881062,29.795540512451545,0.16183650587083778,1.0,0.55,0.0199,153.47472331758928,14.166676498197988,Wh,14.166676498197988,Wh
199,31ac596a642522e1e2332da6a8499603,ARIMA,"{""p"": 0, ""d"": 0, ""q"": 2, ""regression_type"": null}","{""fillna"": ""fake_date"", ""transformations"": {""0"": ""DifferencedTransformer"", ""1"": ""Scaler"", ""2"": ""Scaler""}, ""transformation_params"": {""0"": {""lag"": 1, ""fill"": ""zero""}, ""1"": {}, ""2"": {}}}",0,1,14.058087665063528,0.7778243214405035,0.9201800020044115,1.00821548737194,0.7778243214405035,0.0,-6.363490800984438,0.5553378571165124,40.305968485445774,0.7595692001403294,13.407799458766783,1.0,0.55,1.7214980604560761,0.8,1.6862506287698185,0.6438879684104307,3.533995722982012,1.9584811443659838,0.0045975931328429,33.94247768446134,20.222722334005564,29.171785829031403,0.10342279688319761,14.058087665063528,0.7778243214405035,0.9201800020044115,1.00821548737194,0.7778243214405035,0.0,0.5553378571165124,0.7595692001403294,13.407799458766783,1.7214980604560761,0.8,1.6862506287698185,0.6438879684104307,3.533995722982012,1.9584811443659838,0.0045975931328429,33.94247768446134,20.222722334005564,29.171785829031403,0.10342279688319761,1.0,0.55,0.0542,152.23873102645604,11.640817687281146,Wh,11.640817687281146,Wh
200,b08cb597f8cf6c3578fe61bb710753b7,ARIMA,"{""p"": 5, ""d"": 0, ""q"": 0, ""regression_type"": null}","{""fillna"": ""ffill"", ""transformations"": {""0"": ""Scaler"", ""1"": ""DifferencedTransformer"", ""2"": ""Scaler""}, ""transformation_params"": {""0"": {}, ""1"": {""lag"": 1, ""fill"": ""zero""}, ""2"": {}}}",0,1,14.632030192801816,0.8131089413571879,0.9637099889478603,1.0118172972900972,0.8131089413571879,0.0,-5.558452884305447,0.5688684419995343,43.228083597125824,0.7984944778126136,13.171100517491906,1.0,0.48333333333333334,1.7874573233333386,0.8,1.7075856951943047,0.6737596423585391,3.7362289387220797,2.187611080172017,0.009821125868939823,37.66963071282038,23.660687285781474,28.666456486237628,0.11477943955931666,14.632030192801816,0.8131089413571879,0.9637099889478603,1.0118172972900972,0.8131089413571879,0.0,0.5688684419995343,0.7984944778126136,13.171100517491906,1.7874573233333386,0.8,1.7075856951943047,0.6737596423585391,3.7362289387220797,2.187611080172017,0.009821125868939823,37.66963071282038,23.660687285781474,28.666456486237628,0.11477943955931666,1.0,0.48333333333333334,0.0698,150.73423473644436,12.168882722396598,Wh,12.168882722396598,Wh
201,f79ac965c132e15203db7502f1ca624e,ARIMA,"{""p"": 5, ""d"": 0, ""q"": 12, ""regression_type"": null}","{""fillna"": ""pchip"", ""transformations"": {""0"": ""Scaler"", ""1"": ""Scaler"", ""2"": ""DifferencedTransformer"", ""3"": ""Scaler""}, ""transformation_params"": {""0"": {}, ""1"": {}, ""2"": {""lag"": 1, ""fill"": ""zero""}, ""3"": {}}}",0,1,14.031064938298181,0.7763048447843272,0.9135876923191131,1.0118165900040244,0.7763048447843272,0.0,-6.325907948314796,0.5559896994762442,40.252382738744835,0.7575954336337767,13.208024491090741,1.0,0.6166666666666667,1.6677087958203591,0.7833333333333333,1.693554744167767,0.6458402636400327,3.508841167885099,1.8149130361047001,0.14084904770719325,33.926474790430035,20.461571614699604,22.936124721532988,0.10337403603331716,14.031064938298181,0.7763048447843272,0.9135876923191131,1.0118165900040244,0.7763048447843272,0.0,0.5559896994762442,0.7575954336337767,13.208024491090741,1.6677087958203591,0.7833333333333333,1.693554744167767,0.6458402636400327,3.508841167885099,1.8149130361047001,0.14084904770719325,33.926474790430035,20.461571614699604,22.936124721532988,0.10337403603331716,1.0,0.6166666666666667,13.2398,150.2047173985867,11.618077397157702,Wh,11.618077397157702,Wh
202,db598f511c6696b571ecce4595454e52,ARIMA,"{""p"": 4, ""d"": 0, ""q"": 4, ""regression_type"": null}","{""fillna"": ""ffill_mean_biased"", ""transformations"": {""0"": ""Scaler"", ""1"": ""DifferencedTransformer""}, ""transformation_params"": {""0"": {}, ""1"": {""lag"": 1, ""fill"": ""zero""}}}",0,1,13.658875234321625,0.7534969763826164,0.8894627948143072,1.0248207001532037,0.7534969763826164,0.0,-7.015643424400848,0.5466061721950701,38.194175158556135,0.7319325961556858,13.191245899513799,1.0,0.5333333333333333,1.6719868756926255,0.8,1.6720024088524563,0.6245435844054541,3.3796627813561515,1.8163871993459093,0.05158490474516697,31.178531734155285,17.9654577609965,27.201250219919825,0.09500104808595226,13.658875234321625,0.7534969763826164,0.8894627948143072,1.0248207001532037,0.7534969763826164,0.0,0.5466061721950701,0.7319325961556858,13.191245899513799,1.6719868756926255,0.8,1.6720024088524563,0.6245435844054541,3.3796627813561515,1.8163871993459093,0.05158490474516697,31.178531734155285,17.9654577609965,27.201250219919825,0.09500104808595226,1.0,0.5333333333333333,0.5964,149.50576431083536,11.276737803394274,Wh,11.276737803394274,Wh
203,fa777cde13377dce43e1d21ebba81143,SeasonalNaive,"{""method"": ""lastvalue"", ""lag_1"": 12, ""lag_2"": 1}","{""fillna"": ""zero"", ""transformations"": {""0"": ""Scaler"", ""1"": ""DifferencedTransformer""}, ""transformation_params"": {""0"": {}, ""1"": {""lag"": 1, ""fill"": ""zero""}}}",0,1,12.95530221803529,0.724305272102356,0.8898271492127307,1.1552085361477848,0.724305272102356,0.0,-3.9627339839935303,0.5132712348998419,39.49558234214783,0.7111815241859362,13.125096615269213,1.0,0.5,1.8582215309143066,0.6666666666666666,1.7833374166342688,0.5613933264040479,2.8191402790229705,1.792044581285323,0.3348292157763884,35.5328483581543,31.273960467401913,14.89750221247131,0.10826865948295825,12.95530221803529,0.724305272102356,0.8898271492127307,1.1552085361477848,0.724305272102356,0.0,0.5132712348998419,0.7111815241859362,13.125096615269213,1.8582215309143066,0.6666666666666666,1.7833374166342688,0.5613933264040479,2.8191402790229705,1.792044581285323,0.3348292157763884,35.5328483581543,31.273960467401913,14.89750221247131,0.10826865948295825,1.0,0.5,0.3231,148.28222994702725,10.839858551690996,Wh,10.839858551690996,Wh
204,39bc1ef47113dfc5ec27c13bb0b5071d,SeasonalNaive,"{""method"": ""lastvalue"", ""lag_1"": 12, ""lag_2"": 1}","{""fillna"": ""ffill_mean_biased"", ""transformations"": {""0"": ""DifferencedTransformer"", ""1"": ""Scaler"", ""2"": ""Scaler""}, ""transformation_params"": {""0"": {""lag"": 1, ""fill"": ""zero""}, ""1"": {}, ""2"": {}}}",0,1,12.95530221803529,0.724305272102356,0.8898271492127307,1.1552085361477848,0.724305272102356,0.0,-3.9627339839935303,0.5132712348998419,39.49558234214783,0.7111815241859362,13.125096615269213,1.0,0.5,1.8582215309143066,0.6666666666666666,1.7833374166342688,0.5613933264040479,2.8191402790229705,1.792044581285323,0.3348292157763884,35.5328483581543,31.273960467401913,14.89750221247131,0.10826865948295825,12.95530221803529,0.724305272102356,0.8898271492127307,1.1552085361477848,0.724305272102356,0.0,0.5132712348998419,0.7111815241859362,13.125096615269213,1.8582215309143066,0.6666666666666666,1.7833374166342688,0.5613933264040479,2.8191402790229705,1.792044581285323,0.3348292157763884,35.5328483581543,31.273960467401913,14.89750221247131,0.10826865948295825,1.0,0.5,0.0934,148.28217611630322,10.839858551690996,Wh,10.839858551690996,Wh
205,902adc34b922a9b00b7ea5b0f2cb7893,RollingRegression,"{""regression_model"": {""model"": ""ElasticNet"", ""model_params"": {""l1_ratio"": 0.1, ""fit_intercept"": true, ""selection"": ""cyclic"", ""max_iter"": 1000}}, ""holiday"": false, ""mean_rolling_periods"": 5, ""macd_periods"": null, ""std_rolling_periods"": null, ""max_rolling_periods"": 7, ""min_rolling_periods"": 24, ""ewm_var_alpha"": null, ""quantile90_rolling_periods"": null, ""quantile10_rolling_periods"": null, ""ewm_alpha"": null, ""additional_lag_periods"": 11, ""abs_energy"": false, ""rolling_autocorr_periods"": null, ""nonzero_last_n"": null, ""add_date_part"": ""simple_2"", ""polynomial_degree"": null, ""x_transform"": null, ""regression_type"": null}","{""fillna"": ""mean"", ""transformations"": {""0"": ""Scaler"", ""1"": ""Scaler"", ""2"": ""DifferencedTransformer""}, ""transformation_params"": {""0"": {}, ""1"": {}, ""2"": {""lag"": 1, ""fill"": ""zero""}}}",0,1,12.517011218114988,0.6857775103763417,0.8503644991369068,0.9970898789601393,0.6857775103763417,0.0,-3.10579349766427,0.4845280184026716,38.04085712491622,0.6801259719002546,13.128060654687884,1.0,0.5333333333333333,1.7702707617148885,0.8166666666666667,1.6308291920689695,0.5422663987999605,2.937602005541018,1.4634470103705413,0.004753080243064394,34.93506362725196,27.713245478742827,28.932555011888944,0.10644720822124636,12.517011218114988,0.6857775103763417,0.8503644991369068,0.9970898789601393,0.6857775103763417,0.0,0.4845280184026716,0.6801259719002546,13.128060654687884,1.7702707617148885,0.8166666666666667,1.6308291920689695,0.5422663987999605,2.937602005541018,1.4634470103705413,0.004753080243064394,34.93506362725196,27.713245478742827,28.932555011888944,0.10644720822124636,1.0,0.5333333333333333,0.3867,147.55698469124505,10.263257077824836,Wh,10.263257077824836,Wh
206,87748aeeaaafd0e3b7983eac813d97d1,ARIMA,"{""p"": 4, ""d"": 0, ""q"": 3, ""regression_type"": null}","{""fillna"": ""rolling_mean_24"", ""transformations"": {""0"": ""Scaler"", ""1"": ""DifferencedTransformer""}, ""transformation_params"": {""0"": {}, ""1"": {""lag"": 1, ""fill"": ""zero""}}}",0,1,13.785822524488243,0.761696127830567,0.9181329218950631,1.0689876287472098,0.761696127830567,0.0,-5.946585432734162,0.5407553227822406,39.75518223709986,0.7442127722928079,12.868628009993822,1.0,0.5166666666666667,1.8013408948743113,0.8,1.6781189930268012,0.6189795156198367,3.494794475935717,1.9151726170955798,0.27724301881488606,33.8085968043657,20.177987737600123,19.687958788728274,0.1030148615757815,13.785822524488243,0.761696127830567,0.9181329218950631,1.0689876287472098,0.761696127830567,0.0,0.5407553227822406,0.7442127722928079,12.868628009993822,1.8013408948743113,0.8,1.6781189930268012,0.6189795156198367,3.494794475935717,1.9151726170955798,0.27724301881488606,33.8085968043657,20.177987737600123,19.687958788728274,0.1030148615757815,1.0,0.5166666666666667,0.8493,146.5856735840492,11.399445238177542,Wh,11.399445238177542,Wh
207,9e86a147d2dd7e495660d62a12d547a1,RollingRegression,"{""regression_model"": {""model"": ""ElasticNet"", ""model_params"": {""l1_ratio"": 0.1, ""fit_intercept"": true, ""selection"": ""cyclic"", ""max_iter"": 1000}}, ""holiday"": false, ""mean_rolling_periods"": 7, ""macd_periods"": 28, ""std_rolling_periods"": 5, ""max_rolling_periods"": 364, ""min_rolling_periods"": 24, ""ewm_var_alpha"": null, ""quantile90_rolling_periods"": null, ""quantile10_rolling_periods"": null, ""ewm_alpha"": null, ""additional_lag_periods"": 11, ""abs_energy"": true, ""rolling_autocorr_periods"": null, ""nonzero_last_n"": null, ""add_date_part"": ""simple"", ""polynomial_degree"": null, ""x_transform"": null, ""regression_type"": null}","{""fillna"": ""quadratic"", ""transformations"": {""0"": ""Scaler"", ""1"": ""DifferencedTransformer"", ""2"": ""Scaler""}, ""transformation_params"": {""0"": {}, ""1"": {""lag"": 1, ""fill"": ""zero""}, ""2"": {}}}",0,1,11.02160620765601,0.5985984349498911,0.7524824280528661,0.9962434719335653,0.5985984349498911,0.0,-4.338176758695565,0.43969739433118815,31.57772933829791,0.58901362841506,13.106939860777711,1.0,0.5666666666666667,1.6617160475383006,0.8,1.5830513319278938,0.4603617672803535,2.415507286530671,1.140146671480034,0.00472755042474315,27.239552579602343,21.99268306033654,28.806456762729407,0.0829989707828279,11.02160620765601,0.5985984349498911,0.7524824280528661,0.9962434719335653,0.5985984349498911,0.0,0.43969739433118815,0.58901362841506,13.106939860777711,1.6617160475383006,0.8,1.5830513319278938,0.4603617672803535,2.415507286530671,1.140146671480034,0.00472755042474315,27.239552579602343,21.99268306033654,28.806456762729407,0.0829989707828279,1.0,0.5666666666666667,2.1635,145.2679130401433,8.958546367177986,Wh,8.958546367177986,Wh
208,7bbbec56d39bfc0cc00c6894b59b0fca,RollingRegression,"{""regression_model"": {""model"": ""HistGradientBoost"", ""model_params"": {""loss"": ""squared_error"", ""learning_rate"": 0.01, ""max_depth"": null, ""min_samples_leaf"": 20, ""max_iter"": 100, ""l2_regularization"": 0}}, ""holiday"": false, ""mean_rolling_periods"": 12, ""macd_periods"": 2, ""std_rolling_periods"": null, ""max_rolling_periods"": null, ""min_rolling_periods"": null, ""ewm_var_alpha"": null, ""quantile90_rolling_periods"": null, ""quantile10_rolling_periods"": null, ""ewm_alpha"": 0.2, ""additional_lag_periods"": 27, ""abs_energy"": false, ""rolling_autocorr_periods"": null, ""nonzero_last_n"": null, ""add_date_part"": ""simple_2"", ""polynomial_degree"": null, ""x_transform"": null, ""regression_type"": null}","{""fillna"": ""nearest"", ""transformations"": {""0"": ""Scaler"", ""1"": ""Scaler"", ""2"": ""DifferencedTransformer""}, ""transformation_params"": {""0"": {}, ""1"": {}, ""2"": {""lag"": 1, ""fill"": ""zero""}}}",0,1,11.327361877198758,0.6163438131822858,0.7324801132764498,1.0205186334168646,0.6163438131822858,0.0,-10.061837694618458,0.4843139919587872,26.918791096318685,0.5818070052213493,13.08136540684216,1.0,0.5666666666666667,1.4201136710829285,0.8,1.5928254858044086,0.5079821902007741,2.5167330568616695,1.2681624078612428,0.20518589985911542,16.85695340170023,10.033884920428022,22.268690160306107,0.05136317047743645,11.327361877198758,0.6163438131822858,0.7324801132764498,1.0205186334168646,0.6163438131822858,0.0,0.4843139919587872,0.5818070052213493,13.08136540684216,1.4201136710829285,0.8,1.5928254858044086,0.5079821902007741,2.5167330568616695,1.2681624078612428,0.20518589985911542,16.85695340170023,10.033884920428022,22.268690160306107,0.05136317047743645,1.0,0.5666666666666667,0.8706,145.15816201888833,9.2241213911276,Wh,9.2241213911276,Wh
209,88a1d5a876ba8f87e6a1116f7a320a82,RollingRegression,"{""regression_model"": {""model"": ""ElasticNet"", ""model_params"": {""l1_ratio"": 0.1, ""fit_intercept"": true, ""selection"": ""cyclic"", ""max_iter"": 1000}}, ""holiday"": false, ""mean_rolling_periods"": null, ""macd_periods"": null, ""std_rolling_periods"": null, ""max_rolling_periods"": 7, ""min_rolling_periods"": 96, ""ewm_var_alpha"": null, ""quantile90_rolling_periods"": null, ""quantile10_rolling_periods"": null, ""ewm_alpha"": 0.5, ""additional_lag_periods"": 11, ""abs_energy"": false, ""rolling_autocorr_periods"": null, ""nonzero_last_n"": null, ""add_date_part"": ""simple_binarized"", ""polynomial_degree"": null, ""x_transform"": null, ""regression_type"": null}","{""fillna"": ""quadratic"", ""transformations"": {""0"": ""Scaler"", ""1"": ""Scaler"", ""2"": ""DifferencedTransformer""}, ""transformation_params"": {""0"": {}, ""1"": {}, ""2"": {""lag"": 1, ""fill"": ""zero""}}}",0,1,10.730462851311646,0.581931272869529,0.7314177105025619,0.9967867562461685,0.581931272869529,0.0,-4.673755490303108,0.43167007911323,30.24212088186863,0.5719295904890757,13.102404439678041,1.0,0.5333333333333333,1.6662299370270262,0.8,1.5725807339282312,0.4432115227877032,2.3168728333642417,1.0829135135586374,0.00491630736996779,25.56836539156552,21.355662160835834,28.7408135700972,0.07790686010343402,10.730462851311646,0.581931272869529,0.7314177105025619,0.9967867562461685,0.581931272869529,0.0,0.43167007911323,0.5719295904890757,13.102404439678041,1.6662299370270262,0.8,1.5725807339282312,0.4432115227877032,2.3168728333642417,1.0829135135586374,0.00491630736996779,25.56836539156552,21.355662160835834,28.7408135700972,0.07790686010343402,1.0,0.5333333333333333,0.6063,144.81682860899372,8.709107786005127,Wh,8.709107786005127,Wh
210,92a9b8504c2fd172d314ecc8a08d0ac8,RollingRegression,"{""regression_model"": {""model"": ""ElasticNet"", ""model_params"": {""l1_ratio"": 0.1, ""fit_intercept"": true, ""selection"": ""cyclic"", ""max_iter"": 1000}}, ""holiday"": false, ""mean_rolling_periods"": null, ""macd_periods"": null, ""std_rolling_periods"": null, ""max_rolling_periods"": 7, ""min_rolling_periods"": 96, ""ewm_var_alpha"": null, ""quantile90_rolling_periods"": null, ""quantile10_rolling_periods"": null, ""ewm_alpha"": 0.5, ""additional_lag_periods"": 2, ""abs_energy"": true, ""rolling_autocorr_periods"": null, ""nonzero_last_n"": null, ""add_date_part"": null, ""polynomial_degree"": null, ""x_transform"": null, ""regression_type"": null}","{""fillna"": ""rolling_mean_24"", ""transformations"": {""0"": ""Scaler"", ""1"": ""DifferencedTransformer"", ""2"": ""Scaler""}, ""transformation_params"": {""0"": {}, ""1"": {""lag"": 1, ""fill"": ""zero""}, ""2"": {}}}",0,1,9.708458706616362,0.5250184447075931,0.6388138767447809,0.997941559328564,0.5250184447075931,0.0,-8.860940787654847,0.4213957060673043,22.640165894800734,0.4994825032177708,13.069973810549925,1.0,0.55,1.4658583158473615,0.8,1.534553758917649,0.40117410393044906,1.9801391746708876,0.8579127796797952,0.0007451165916715974,13.779225107145887,12.161153913412333,28.4941375284198,0.04198532625438248,9.708458706616362,0.5250184447075931,0.6388138767447809,0.997941559328564,0.5250184447075931,0.0,0.4213957060673043,0.4994825032177708,13.069973810549925,1.4658583158473615,0.8,1.534553758917649,0.40117410393044906,1.9801391746708876,0.8579127796797952,0.0007451165916715974,13.779225107145887,12.161153913412333,28.4941375284198,0.04198532625438248,1.0,0.55,0.3073,142.93627415415725,7.857357797686805,Wh,7.857357797686805,Wh
211,66909c899093d6dcb6db6339d2880147,WindowRegression,"{""window_size"": 28, ""input_dim"": ""univariate"", ""output_dim"": ""forecast_length"", ""normalize_window"": false, ""max_windows"": 5000000, ""fourier_encoding_components"": null, ""scale"": true, ""datepart_method"": null, ""regression_type"": null, ""regression_model"": {""model"": ""RANSAC"", ""model_params"": {}}}","{""fillna"": ""pchip"", ""transformations"": {""0"": ""DifferencedTransformer"", ""1"": ""Scaler"", ""2"": ""Scaler""}, ""transformation_params"": {""0"": {""lag"": 1, ""fill"": ""bfill""}, ""1"": {}, ""2"": {}}}",0,2,44.71513329249995,2.371607464962754,2.8478363320338946,3.3138577379086964,2.371607464962754,0.0,-126.44560527125628,1.625187402876616,158.14729052427424,1.7649984919060655,8.338880390632042,0.975,0.5083333333333333,12.84035900938716,0.5583333333333333,3.218448826832758,1.8963284478778497,9.836628984625804,22.904932302678237,1.414987292803918,15.850842626508978,18.267907324541703,71.47996872492745,0.04577749900642952,44.71513329249995,2.371607464962754,2.8478363320338946,3.3138577379086964,2.371607464962754,0.0,1.625187402876616,1.7649984919060655,8.338880390632042,12.84035900938716,0.5583333333333333,3.218448826832758,1.8963284478778497,9.836628984625804,22.904932302678237,1.414987292803918,15.850842626508978,18.267907324541703,71.47996872492745,0.04577749900642952,0.975,0.5083333333333333,0.125,142.29568339463964,56.660081867716,Wh,56.660081867716,Wh
212,81f363ab8f2ec4593c4e09f0cc9faeee,RollingRegression,"{""regression_model"": {""model"": ""HistGradientBoost"", ""model_params"": {""loss"": ""squared_error"", ""learning_rate"": 0.1, ""max_depth"": null, ""min_samples_leaf"": 20, ""max_iter"": 50, ""l2_regularization"": 0.02}}, ""holiday"": false, ""mean_rolling_periods"": 5, ""macd_periods"": 28, ""std_rolling_periods"": 5, ""max_rolling_periods"": 98, ""min_rolling_periods"": 4, ""ewm_var_alpha"": null, ""quantile90_rolling_periods"": null, ""quantile10_rolling_periods"": null, ""ewm_alpha"": 0.2, ""additional_lag_periods"": 35, ""abs_energy"": false, ""rolling_autocorr_periods"": null, ""nonzero_last_n"": null, ""add_date_part"": ""simple_binarized"", ""polynomial_degree"": null, ""x_transform"": null, ""regression_type"": null}","{""fillna"": ""quadratic"", ""transformations"": {""0"": ""Scaler"", ""1"": ""DifferencedTransformer"", ""2"": ""Scaler"", ""3"": ""Scaler"", ""4"": ""Scaler""}, ""transformation_params"": {""0"": {}, ""1"": {""lag"": 1, ""fill"": ""zero""}, ""2"": {}, ""3"": {}, ""4"": {}}}",0,1,9.527363514835537,0.5184511387928288,0.6074801413393007,1.0873570619484403,0.5184511387928288,0.0,-20.804306147545784,0.4779318317429008,10.302762180023938,0.4364908340901275,13.007716589405288,1.0,0.5333333333333333,1.18731175177997,0.8,1.5422715736579524,0.42541368525473644,1.8401175439179638,1.3521099238514578,0.28584266002802816,10.501543967521847,11.862671364522544,16.059069904889988,0.0319982253154781,9.527363514835537,0.5184511387928288,0.6074801413393007,1.0873570619484403,0.5184511387928288,0.0,0.4779318317429008,0.4364908340901275,13.007716589405288,1.18731175177997,0.8,1.5422715736579524,0.42541368525473644,1.8401175439179638,1.3521099238514578,0.28584266002802816,10.501543967521847,11.862671364522544,16.059069904889988,0.0319982253154781,1.0,0.5333333333333333,1.2477,142.0236932547412,7.759072351033769,Wh,7.759072351033769,Wh
213,ea3d578b3d3cdc32e9b33eec5e0ca182,RollingRegression,"{""regression_model"": {""model"": ""RANSAC"", ""model_params"": {}}, ""holiday"": false, ""mean_rolling_periods"": 5, ""macd_periods"": 28, ""std_rolling_periods"": 5, ""max_rolling_periods"": 32, ""min_rolling_periods"": 4, ""ewm_var_alpha"": null, ""quantile90_rolling_periods"": null, ""quantile10_rolling_periods"": null, ""ewm_alpha"": 0.2, ""additional_lag_periods"": 35, ""abs_energy"": false, ""rolling_autocorr_periods"": null, ""nonzero_last_n"": null, ""add_date_part"": ""simple_binarized"", ""polynomial_degree"": null, ""x_transform"": null, ""regression_type"": null}","{""fillna"": ""rolling_mean"", ""transformations"": {""0"": ""Scaler"", ""1"": ""Scaler""}, ""transformation_params"": {""0"": {}, ""1"": {}}}",0,1,39.478121523174174,2.6609809828511364,2.8734692732712226,1.0842319374934057,2.6609809828511364,0.0,0.0,1.2479750394479976,159.65885897106818,2.6609809828511364,2.252548416570708,0.38333333333333336,0.45,4.701856134281115,0.2,4.335290826251634,2.398422886426809,12.615939352592141,20.562302617822347,0.21740049052081636,159.65885897106818,130.79914880977998,15.865137127332295,0.4864808602209714,39.478121523174174,2.6609809828511364,2.8734692732712226,1.0842319374934057,2.6609809828511364,0.0,1.2479750394479976,2.6609809828511364,2.252548416570708,4.701856134281115,0.2,4.335290826251634,2.398422886426809,12.615939352592141,20.562302617822347,0.21740049052081636,159.65885897106818,130.79914880977998,15.865137127332295,0.4864808602209714,0.38333333333333336,0.45,0.8196,80.26843353329207,39.82389549522676,Wh,39.82389549522676,Wh
214,84e9321c0e980c3de10c5dac92f8372b,SeasonalNaive,"{""method"": ""lastvalue"", ""lag_1"": 420, ""lag_2"": 364}","{""fillna"": ""fake_date"", ""transformations"": {}, ""transformation_params"": {}}",0,1,40.11821705362036,2.6030384831130506,2.874224668971126,2.845034210759228,2.6030384831130506,0.0,-6.305750206112862,1.2854111914689783,149.87655878067017,2.5322697567173544,2.1528035502154856,0.3,0.5833333333333334,6.219360187649727,0.21666666666666667,4.200299925209093,2.2625452677408853,10.697094296629322,62.69777782510021,1.1993874047728856,143.5708085745573,128.52032677194532,70.51797537650629,0.4374605387266834,40.11821705362036,2.6030384831130506,2.874224668971126,2.845034210759228,2.6030384831130506,0.0,1.2854111914689783,2.5322697567173544,2.1528035502154856,6.219360187649727,0.21666666666666667,4.200299925209093,2.2625452677408853,10.697094296629322,62.69777782510021,1.1993874047728856,143.5708085745573,128.52032677194532,70.51797537650629,0.4374605387266834,0.3,0.5833333333333334,0.1079,79.61756018492625,38.95673557594416,Wh,38.95673557594416,Wh
215,b1bd5c10994807c3b61a0b9502c90ac4,RollingRegression,"{""regression_model"": {""model"": ""RANSAC"", ""model_params"": {}}, ""holiday"": false, ""mean_rolling_periods"": 30, ""macd_periods"": 7, ""std_rolling_periods"": 7, ""max_rolling_periods"": null, ""min_rolling_periods"": 24, ""ewm_var_alpha"": null, ""quantile90_rolling_periods"": null, ""quantile10_rolling_periods"": null, ""ewm_alpha"": 0.2, ""additional_lag_periods"": 11, ""abs_energy"": false, ""rolling_autocorr_periods"": null, ""nonzero_last_n"": null, ""add_date_part"": ""simple_2"", ""polynomial_degree"": null, ""x_transform"": null, ""regression_type"": null}","{""fillna"": ""rolling_mean_24"", ""transformations"": {""0"": ""Scaler""}, ""transformation_params"": {""0"": {}}}",0,1,44.41347267868965,1.5186351617980411,2.22952255315214,1.1884489781476946,1.5186351617980411,0.0,-85.72454116235986,1.5005170283296476,5.393568545522612,0.776374833884977,2.191944051266944,0.8333333333333334,0.5833333333333334,5.7993998527526855,0.8,2.2388337465565944,0.89067881724512,8.238141491724278,20.420989781635264,0.2781156364006405,80.33097261683724,63.5623281636497,13.721403833533305,0.24476863302717128,44.41347267868965,1.5186351617980411,2.22952255315214,1.1884489781476946,1.5186351617980411,0.0,1.5005170283296476,0.776374833884977,2.191944051266944,5.7993998527526855,0.8,2.2388337465565944,0.89067881724512,8.238141491724278,20.420989781635264,0.2781156364006405,80.33097261683724,63.5623281636497,13.721403833533305,0.24476863302717128,0.8333333333333334,0.5833333333333334,0.5409,74.30577618449173,22.72769642796252,Wh,22.72769642796252,Wh
216,a956865733533fa82862a88f1b1f0189,ARIMA,"{""p"": 1, ""d"": 0, ""q"": 0, ""regression_type"": null}","{""fillna"": ""ffill"", ""transformations"": {""0"": ""Scaler"", ""1"": ""Scaler"", ""2"": ""Scaler""}, ""transformation_params"": {""0"": {}, ""1"": {}, ""2"": {}}}",0,1,34.64753142839048,1.527414980755881,1.7232838926130354,1.0041722429061293,1.527414980755881,0.0,-89.53189160553104,1.5177507942399402,2.1130072398218145,0.8791776091755977,2.3257751359737604,1.0,0.55,3.1323673988617466,0.8,2.19120492796811,1.3088623594785858,7.520707783938787,8.368273271006741,0.0010839131977898472,87.41888436570923,64.19797126454576,25.14591262838025,0.2663655141960791,34.64753142839048,1.527414980755881,1.7232838926130354,1.0041722429061293,1.527414980755881,0.0,1.5177507942399402,0.8791776091755977,2.3257751359737604,3.1323673988617466,0.8,2.19120492796811,1.3088623594785858,7.520707783938787,8.368273271006741,0.0010839131977898472,87.41888436570923,64.19797126454576,25.14591262838025,0.2663655141960791,1.0,0.55,0.0327,65.99611457202725,22.859094057219302,Wh,22.859094057219302,Wh
217,2ecae37e44e2abe3ad404018efe96dc4,Theta,"{""deseasonalize"": true, ""difference"": false, ""use_test"": false, ""method"": ""auto"", ""period"": null, ""theta"": 2.5, ""use_mle"": true}","{""fillna"": ""mean"", ""transformations"": {}, ""transformation_params"": {}}",0,1,24.369365231508507,1.227426070108062,1.3972619216677231,1.0974247216098119,1.227426070108062,0.0,-73.64556420648371,1.227426070108062,0.0,0.7520342856023207,3.1656987092114566,0.9833333333333333,0.48333333333333334,2.38892977714639,0.8,2.1936568428790615,1.0574387838575772,4.19352986952794,8.76570784771926,0.12976608616453594,73.64556420648371,84.44496829188427,22.032173069933464,0.22439818032973183,24.369365231508507,1.227426070108062,1.3972619216677231,1.0974247216098119,1.227426070108062,0.0,1.227426070108062,0.7520342856023207,3.1656987092114566,2.38892977714639,0.8,2.1936568428790615,1.0574387838575772,4.19352986952794,8.76570784771926,0.12976608616453594,73.64556420648371,84.44496829188427,22.032173069933464,0.22439818032973183,0.9833333333333333,0.48333333333333334,0.1663,63.57636457139432,18.36949901525654,Wh,18.36949901525654,Wh
218,a5594acd125606d560c073f4b2b7f793,ARIMA,"{""p"": 2, ""d"": 2, ""q"": 2, ""regression_type"": null}","{""fillna"": ""nearest"", ""transformations"": {""0"": ""Scaler"", ""1"": ""Scaler"", ""2"": ""Scaler""}, ""transformation_params"": {""0"": {}, ""1"": {}, ""2"": {}}}",0,1,24.710647280837218,1.4982055426011172,1.7680815246512283,1.04126748313858,1.4982055426011172,0.0,-0.041616334570217184,0.8292356962006979,89.85071622149682,1.498191498267285,2.603635013805827,1.0,0.4166666666666667,2.897644698524908,0.2,2.973200486753028,1.2817302428018507,7.588739999747011,7.318616224042538,0.17668726896343181,89.8090998869266,65.62640443611001,23.70926598862144,0.2736485056340053,24.710647280837218,1.4982055426011172,1.7680815246512283,1.04126748313858,1.4982055426011172,0.0,0.8292356962006979,1.498191498267285,2.603635013805827,2.897644698524908,0.2,2.973200486753028,1.2817302428018507,7.588739999747011,7.318616224042538,0.17668726896343181,89.8090998869266,65.62640443611001,23.70926598862144,0.2736485056340053,1.0,0.4166666666666667,0.2804,60.98570023004471,22.42194940265539,Wh,22.42194940265539,Wh
219,02b12644e69af2ed3e8ef16bf1994121,SeasonalNaive,"{""method"": ""mean"", ""lag_1"": 28, ""lag_2"": 364}","{""fillna"": ""ffill"", ""transformations"": {""0"": ""Scaler""}, ""transformation_params"": {""0"": {}}}",0,1,32.65376729224273,2.075789217690805,2.2243295847268834,1.5920658405200432,2.075789217690805,0.0,-2.6077345641595975,1.1061908218221894,121.93961849728866,2.0537116421348474,1.4384041811069976,0.43333333333333335,0.5833333333333334,3.523245879581996,0.18333333333333332,3.4949005768171553,1.8760549800538302,8.893968808712161,18.550102170421482,0.7615030706328377,119.33188393312908,105.22841975275055,18.032987604517285,0.3636044872279683,32.65376729224273,2.075789217690805,2.2243295847268834,1.5920658405200432,2.075789217690805,0.0,1.1061908218221894,2.0537116421348474,1.4384041811069976,3.523245879581996,0.18333333333333332,3.4949005768171553,1.8760549800538302,8.893968808712161,18.550102170421482,0.7615030706328377,119.33188393312908,105.22841975275055,18.032987604517285,0.3636044872279683,0.43333333333333335,0.5833333333333334,0.0931,60.95589033977526,31.065991605420546,Wh,31.065991605420546,Wh
220,6bb57e2dd484ee0339e5235995a830ae,RollingRegression,"{""regression_model"": {""model"": ""RANSAC"", ""model_params"": {}}, ""holiday"": false, ""mean_rolling_periods"": 5, ""macd_periods"": null, ""std_rolling_periods"": null, ""max_rolling_periods"": null, ""min_rolling_periods"": 364, ""ewm_var_alpha"": null, ""quantile90_rolling_periods"": null, ""quantile10_rolling_periods"": null, ""ewm_alpha"": null, ""additional_lag_periods"": 11, ""abs_energy"": false, ""rolling_autocorr_periods"": null, ""nonzero_last_n"": null, ""add_date_part"": null, ""polynomial_degree"": null, ""x_transform"": null, ""regression_type"": null}","{""fillna"": ""ffill_mean_biased"", ""transformations"": {""0"": ""Scaler""}, ""transformation_params"": {""0"": {}}}",0,1,26.94293955102577,1.6535621760076467,1.8616076110334727,1.0156003911841456,1.6535621760076467,0.0,-0.042537404007123136,0.9145577897353666,99.17119315645168,1.653547511827373,1.1732047882755434,0.5666666666666667,0.4666666666666667,2.935707149353707,0.2,3.09079419856727,1.459322908844951,7.836774946835196,7.834464793104685,0.011887728423525123,99.12865575244456,79.28001833228132,28.045351698644108,0.30204521085633274,26.94293955102577,1.6535621760076467,1.8616076110334727,1.0156003911841456,1.6535621760076467,0.0,0.9145577897353666,1.653547511827373,1.1732047882755434,2.935707149353707,0.2,3.09079419856727,1.459322908844951,7.836774946835196,7.834464793104685,0.011887728423525123,99.12865575244456,79.28001833228132,28.045351698644108,0.30204521085633274,0.5666666666666667,0.4666666666666667,0.3291,49.862968334094525,24.746996583805426,Wh,24.746996583805426,Wh
221,e75cb94be81add4ee59a49676a6c5b98,SeasonalNaive,"{""method"": ""lastvalue"", ""lag_1"": 364, ""lag_2"": 28}","{""fillna"": ""ffill"", ""transformations"": {}, ""transformation_params"": {}}",0,1,27.027990819138186,1.6390171514203151,1.8409233165950465,1.8385055118358529,1.6390171514203151,0.0,-4.864455379545689,0.9551115545610497,93.47657370567322,1.5990433272334779,1.1521527694278682,0.6333333333333333,0.5666666666666667,3.7393802776932716,0.26666666666666666,3.0167991107857737,1.4102885068631639,7.000419667311873,23.445498450232186,0.8270254546746266,88.61211832612753,74.60609757283828,24.15332637582904,0.27000130044214243,27.027990819138186,1.6390171514203151,1.8409233165950465,1.8385055118358529,1.6390171514203151,0.0,0.9551115545610497,1.5990433272334779,1.1521527694278682,3.7393802776932716,0.26666666666666666,3.0167991107857737,1.4102885068631639,7.000419667311873,23.445498450232186,0.8270254546746266,88.61211832612753,74.60609757283828,24.15332637582904,0.27000130044214243,0.6333333333333333,0.5666666666666667,0.0976,49.59252012117947,24.52931763650203,Wh,24.52931763650203,Wh
222,275548379e6af8a505128081a402497e,DatepartRegression,"{""regression_model"": {""model"": ""DecisionTree"", ""model_params"": {""max_depth"": 9, ""min_samples_split"": 2}}, ""datepart_method"": ""simple"", ""polynomial_degree"": 2, ""holiday_countries_used"": true, ""lags"": null, ""forward_lags"": null, ""regression_type"": null}","{""fillna"": ""rolling_mean_24"", ""transformations"": {""0"": ""Scaler""}, ""transformation_params"": {""0"": {}}}",0,1,23.509275464501155,1.48522958036453,2.1401750908201347,2.0755117507308873,1.48522958036453,0.0,-10.688273696672347,0.828668911076283,78.42550112519946,1.4245610004394664,1.4309754640790824,0.8,0.5166666666666667,6.305230140686035,0.4166666666666667,3.3455627322213113,0.9476071254434597,8.781033273885502,17.139565106364657,0.8403332466717095,67.7372274285271,29.502018536511383,4.568790253030603,0.20639546643875767,23.509275464501155,1.48522958036453,2.1401750908201347,2.0755117507308873,1.48522958036453,0.0,0.828668911076283,1.4245610004394664,1.4309754640790824,6.305230140686035,0.4166666666666667,3.3455627322213113,0.9476071254434597,8.781033273885502,17.139565106364657,0.8403332466717095,67.7372274285271,29.502018536511383,4.568790253030603,0.20639546643875767,0.8,0.5166666666666667,0.316,49.55214189620248,22.227752838534823,Wh,22.227752838534823,Wh
223,ba6fd6fb69c7ed7deb46e2d84f188fca,SeasonalNaive,"{""method"": ""lastvalue"", ""lag_1"": 364, ""lag_2"": 30}","{""fillna"": ""fake_date"", ""transformations"": {}, ""transformation_params"": {}}",0,1,25.95830835803112,1.5759183154751857,1.8115842680883276,1.836483075167578,1.5759183154751857,0.0,-3.3928550854325294,0.909379274245018,91.16224384307861,1.5440370536653147,1.1273882768957888,0.6333333333333333,0.5833333333333334,3.3928550854325294,0.31666666666666665,2.943125352889287,1.3327449864032221,6.8558942937775695,20.583138126487018,0.8095014719035291,87.76938875764608,73.52779485231011,22.66344695875438,0.2674335017740911,25.95830835803112,1.5759183154751857,1.8115842680883276,1.836483075167578,1.5759183154751857,0.0,0.909379274245018,1.5440370536653147,1.1273882768957888,3.3928550854325294,0.31666666666666665,2.943125352889287,1.3327449864032221,6.8558942937775695,20.583138126487018,0.8095014719035291,87.76938875764608,73.52779485231011,22.66344695875438,0.2674335017740911,0.6333333333333333,0.5833333333333334,0.0991,48.0440205818479,23.584988659803788,Wh,23.584988659803788,Wh
224,9a7d27c4967bde35815738ec09f2dc7b,SeasonalNaive,"{""method"": ""lastvalue"", ""lag_1"": 364, ""lag_2"": 30}","{""fillna"": ""fake_date"", ""transformations"": {""0"": null}, ""transformation_params"": {""0"": {}}}",0,1,25.95830835803112,1.5759183154751857,1.8115842680883276,1.836483075167578,1.5759183154751857,0.0,-3.3928550854325294,0.909379274245018,91.16224384307861,1.5440370536653147,1.1273882768957888,0.6333333333333333,0.5833333333333334,3.3928550854325294,0.31666666666666665,2.943125352889287,1.3327449864032221,6.8558942937775695,20.583138126487018,0.8095014719035291,87.76938875764608,73.52779485231011,22.66344695875438,0.2674335017740911,25.95830835803112,1.5759183154751857,1.8115842680883276,1.836483075167578,1.5759183154751857,0.0,0.909379274245018,1.5440370536653147,1.1273882768957888,3.3928550854325294,0.31666666666666665,2.943125352889287,1.3327449864032221,6.8558942937775695,20.583138126487018,0.8095014719035291,87.76938875764608,73.52779485231011,22.66344695875438,0.2674335017740911,0.6333333333333333,0.5833333333333334,0.0976,48.044020230319454,23.584988659803788,Wh,23.584988659803788,Wh
225,619c37c15cb0753757d18ea0fa5dde44,SeasonalNaive,"{""method"": ""mean"", ""lag_1"": 12, ""lag_2"": 24}","{""fillna"": ""quadratic"", ""transformations"": {""0"": ""Scaler""}, ""transformation_params"": {""0"": {}}}",0,1,26.119051666302777,1.5984584524618841,1.7697067006964438,1.3848090328257632,1.5984584524618841,0.0,-0.28892928712508237,0.9067488495231488,95.61857786058796,1.5978731620721995,1.094297693749484,0.6666666666666666,0.55,2.831646942624859,0.25,2.943781243850609,1.4048211412748037,7.198317916146222,8.538769639803878,0.5445618783888869,95.32964857346288,82.2110023794056,3.7445653345568863,0.29046962844063,26.119051666302777,1.5984584524618841,1.7697067006964438,1.3848090328257632,1.5984584524618841,0.0,0.9067488495231488,1.5978731620721995,1.094297693749484,2.831646942624859,0.25,2.943781243850609,1.4048211412748037,7.198317916146222,8.538769639803878,0.5445618783888869,95.32964857346288,82.2110023794056,3.7445653345568863,0.29046962844063,0.6666666666666666,0.55,0.2721,47.8374350402198,23.922321420011862,Wh,23.922321420011862,Wh
226,068303a24c3f2b6f9f6763fc31e1536c,SeasonalNaive,"{""method"": ""mean"", ""lag_1"": 12, ""lag_2"": 24}","{""fillna"": ""rolling_mean_24"", ""transformations"": {""0"": ""Scaler""}, ""transformation_params"": {""0"": {}}}",0,1,26.119051666302777,1.5984584524618841,1.7697067006964438,1.3848090328257632,1.5984584524618841,0.0,-0.28892928712508237,0.9067488495231488,95.61857786058796,1.5978731620721995,1.094297693749484,0.6666666666666666,0.55,2.831646942624859,0.25,2.943781243850609,1.4048211412748037,7.198317916146222,8.538769639803878,0.5445618783888869,95.32964857346288,82.2110023794056,3.7445653345568863,0.29046962844063,26.119051666302777,1.5984584524618841,1.7697067006964438,1.3848090328257632,1.5984584524618841,0.0,0.9067488495231488,1.5978731620721995,1.094297693749484,2.831646942624859,0.25,2.943781243850609,1.4048211412748037,7.198317916146222,8.538769639803878,0.5445618783888869,95.32964857346288,82.2110023794056,3.7445653345568863,0.29046962844063,0.6666666666666666,0.55,0.1279,47.83740124661768,23.922321420011862,Wh,23.922321420011862,Wh
227,260a7d268e45cf0557a149ca9e9ac60c,DatepartRegression,"{""regression_model"": {""model"": ""Adaboost"", ""model_params"": {""n_estimators"": 100, ""loss"": ""linear"", ""estimator"": null, ""learning_rate"": 1, ""max_depth"": 3}}, ""datepart_method"": ""anchored_warped_fourier:us_school"", ""polynomial_degree"": null, ""holiday_countries_used"": false, ""lags"": null, ""forward_lags"": null, ""regression_type"": null}","{""fillna"": ""rolling_mean_24"", ""transformations"": {""0"": ""Scaler""}, ""transformation_params"": {""0"": {}}}",0,1,25.33181538999497,1.5557753284611535,1.8032755323693994,1.08945578988924,1.5557753284611535,0.0,-2.5690668049980587,0.8737857431442279,90.77745290267116,1.5498140141382806,1.173662627167221,0.65,0.55,3.1877959108352663,0.35,2.9507856005726354,1.3014638411575947,6.962217105372871,7.278656988473253,0.1207587760650234,88.2083860976731,69.40180844380862,26.2098444818903,0.2687711275405997,25.33181538999497,1.5557753284611535,1.8032755323693994,1.08945578988924,1.5557753284611535,0.0,0.8737857431442279,1.5498140141382806,1.173662627167221,3.1877959108352663,0.35,2.9507856005726354,1.3014638411575947,6.962217105372871,7.278656988473253,0.1207587760650234,88.2083860976731,69.40180844380862,26.2098444818903,0.2687711275405997,0.65,0.55,0.9744,47.76247294007927,23.283531334487233,Wh,23.283531334487233,Wh
228,773e8440ebd89f168a467f3da43f94be,RollingRegression,"{""regression_model"": {""model"": ""ElasticNet"", ""model_params"": {""l1_ratio"": 0.1, ""fit_intercept"": true, ""selection"": ""cyclic"", ""max_iter"": 1000}}, ""holiday"": false, ""mean_rolling_periods"": 7, ""macd_periods"": 96, ""std_rolling_periods"": 7, ""max_rolling_periods"": null, ""min_rolling_periods"": 96, ""ewm_var_alpha"": null, ""quantile90_rolling_periods"": null, ""quantile10_rolling_periods"": null, ""ewm_alpha"": 0.2, ""additional_lag_periods"": 6, ""abs_energy"": false, ""rolling_autocorr_periods"": null, ""nonzero_last_n"": null, ""add_date_part"": null, ""polynomial_degree"": null, ""x_transform"": ""Nystroem"", ""regression_type"": null}","{""fillna"": ""ffill_mean_biased"", ""transformations"": {""0"": ""Scaler"", ""1"": ""Scaler""}, ""transformation_params"": {""0"": {}, ""1"": {}}}",0,1,26.24344798127167,1.5976857211459332,1.7552430951416385,1.0169342671064534,1.5976857211459332,0.0,0.0,0.9116299749824093,95.861143268756,1.5976857211459332,1.0770106699792228,0.65,0.5666666666666667,2.7542831446994,0.2,2.966647594426801,1.426174600256232,7.2303621056704515,7.2675255017902725,0.012003316772321776,95.861143268756,82.33504866619012,28.45153170722246,0.29208909383224935,26.24344798127167,1.5976857211459332,1.7552430951416385,1.0169342671064534,1.5976857211459332,0.0,0.9116299749824093,1.5976857211459332,1.0770106699792228,2.7542831446994,0.2,2.966647594426801,1.426174600256232,7.2303621056704515,7.2675255017902725,0.012003316772321776,95.861143268756,82.33504866619012,28.45153170722246,0.29208909383224935,0.65,0.5666666666666667,0.449,47.668811725748924,23.910756823582712,Wh,23.910756823582712,Wh
229,abe5019929d25b8e06d7ff53888ea15f,RollingRegression,"{""regression_model"": {""model"": ""ElasticNet"", ""model_params"": {""l1_ratio"": 0.9, ""fit_intercept"": true, ""selection"": ""cyclic"", ""max_iter"": 1000}}, ""holiday"": false, ""mean_rolling_periods"": 5, ""macd_periods"": 7, ""std_rolling_periods"": null, ""max_rolling_periods"": null, ""min_rolling_periods"": 24, ""ewm_var_alpha"": null, ""quantile90_rolling_periods"": null, ""quantile10_rolling_periods"": null, ""ewm_alpha"": 0.2, ""additional_lag_periods"": 11, ""abs_energy"": false, ""rolling_autocorr_periods"": null, ""nonzero_last_n"": null, ""add_date_part"": null, ""polynomial_degree"": null, ""x_transform"": null, ""regression_type"": null}","{""fillna"": ""fake_date"", ""transformations"": {""0"": ""Scaler"", ""1"": ""Scaler"", ""2"": ""Scaler""}, ""transformation_params"": {""0"": {}, ""1"": {}, ""2"": {}}}",0,1,26.24344798127167,1.5976857211459332,1.7552430951416385,1.0169342671064534,1.5976857211459332,0.0,0.0,0.9116299749824093,95.861143268756,1.5976857211459332,1.0770106699792228,0.65,0.5666666666666667,2.7542831446994,0.2,2.966647594426801,1.426174600256232,7.2303621056704515,7.2675255017902725,0.012003316772321776,95.861143268756,82.33504866619012,28.45153170722246,0.29208909383224935,26.24344798127167,1.5976857211459332,1.7552430951416385,1.0169342671064534,1.5976857211459332,0.0,0.9116299749824093,1.5976857211459332,1.0770106699792228,2.7542831446994,0.2,2.966647594426801,1.426174600256232,7.2303621056704515,7.2675255017902725,0.012003316772321776,95.861143268756,82.33504866619012,28.45153170722246,0.29208909383224935,0.65,0.5666666666666667,0.3149,47.668780299105066,23.910756823582712,Wh,23.910756823582712,Wh
230,6e5e2ae2fe97a703d5c5d0e861ae7616,RollingRegression,"{""regression_model"": {""model"": ""ElasticNet"", ""model_params"": {""l1_ratio"": 0.9, ""fit_intercept"": true, ""selection"": ""cyclic"", ""max_iter"": 1000}}, ""holiday"": false, ""mean_rolling_periods"": null, ""macd_periods"": null, ""std_rolling_periods"": 7, ""max_rolling_periods"": null, ""min_rolling_periods"": 24, ""ewm_var_alpha"": null, ""quantile90_rolling_periods"": null, ""quantile10_rolling_periods"": null, ""ewm_alpha"": 0.2, ""additional_lag_periods"": 11, ""abs_energy"": false, ""rolling_autocorr_periods"": null, ""nonzero_last_n"": null, ""add_date_part"": null, ""polynomial_degree"": null, ""x_transform"": null, ""regression_type"": null}","{""fillna"": ""rolling_mean_24"", ""transformations"": {""0"": ""Scaler"", ""1"": ""Scaler""}, ""transformation_params"": {""0"": {}, ""1"": {}}}",0,1,26.24344798127167,1.5976857211459332,1.7552430951416385,1.0169342671064534,1.5976857211459332,0.0,0.0,0.9116299749824093,95.861143268756,1.5976857211459332,1.0770106699792228,0.65,0.5666666666666667,2.7542831446994,0.2,2.966647594426801,1.426174600256232,7.2303621056704515,7.2675255017902725,0.012003316772321776,95.861143268756,82.33504866619012,28.45153170722246,0.29208909383224935,26.24344798127167,1.5976857211459332,1.7552430951416385,1.0169342671064534,1.5976857211459332,0.0,0.9116299749824093,1.5976857211459332,1.0770106699792228,2.7542831446994,0.2,2.966647594426801,1.426174600256232,7.2303621056704515,7.2675255017902725,0.012003316772321776,95.861143268756,82.33504866619012,28.45153170722246,0.29208909383224935,0.65,0.5666666666666667,0.283,47.66877282326659,23.910756823582712,Wh,23.910756823582712,Wh
231,f2298477160f669dd8dcb020cd1a61d4,SeasonalNaive,"{""method"": ""mean"", ""lag_1"": 12, ""lag_2"": null}","{""fillna"": ""rolling_mean"", ""transformations"": {""0"": ""Scaler""}, ""transformation_params"": {""0"": {}}}",0,1,25.932452220383745,1.583368537867186,1.7526832714658322,1.3576929733496237,1.583368537867186,0.0,-0.32381594882291864,0.9030171506171921,94.67829632320823,1.58264691265995,1.0761886773434277,0.6666666666666666,0.48333333333333334,2.9658761620521545,0.25,2.927915921739743,1.3881022282365836,7.126845700205093,7.96788926452403,0.5093578007436567,94.35448037438533,81.11391738791461,4.54503453423232,0.28749828900225066,25.932452220383745,1.583368537867186,1.7526832714658322,1.3576929733496237,1.583368537867186,0.0,0.9030171506171921,1.58264691265995,1.0761886773434277,2.9658761620521545,0.25,2.927915921739743,1.3881022282365836,7.126845700205093,7.96788926452403,0.5093578007436567,94.35448037438533,81.11391738791461,4.54503453423232,0.28749828900225066,0.6666666666666666,0.48333333333333334,0.0966,47.35226019073219,23.696487719687077,Wh,23.696487719687077,Wh
232,93ed76e790a298442e1692e819d8f5e6,SeasonalNaive,"{""method"": ""mean"", ""lag_1"": 12, ""lag_2"": null}","{""fillna"": ""ffill_mean_biased"", ""transformations"": {""0"": ""Scaler"", ""1"": ""Scaler""}, ""transformation_params"": {""0"": {}, ""1"": {}}}",0,1,25.932452220383745,1.583368537867186,1.7526832714658322,1.3576929733496237,1.583368537867186,0.0,-0.32381594882291864,0.9030171506171921,94.67829632320823,1.58264691265995,1.0761886773434277,0.6666666666666666,0.48333333333333334,2.9658761620521545,0.25,2.927915921739743,1.3881022282365836,7.126845700205093,7.96788926452403,0.5093578007436567,94.35448037438533,81.11391738791461,4.54503453423232,0.28749828900225066,25.932452220383745,1.583368537867186,1.7526832714658322,1.3576929733496237,1.583368537867186,0.0,0.9030171506171921,1.58264691265995,1.0761886773434277,2.9658761620521545,0.25,2.927915921739743,1.3881022282365836,7.126845700205093,7.96788926452403,0.5093578007436567,94.35448037438533,81.11391738791461,4.54503453423232,0.28749828900225066,0.6666666666666666,0.48333333333333334,0.0944,47.35225967515712,23.696487719687077,Wh,23.696487719687077,Wh
233,70622d7bc50fa16ed4f4d1fc83c6c80e,ARIMA,"{""p"": 1, ""d"": 1, ""q"": 0, ""regression_type"": null}","{""fillna"": ""rolling_mean_24"", ""transformations"": {""0"": ""Scaler""}, ""transformation_params"": {""0"": {}}}",0,1,17.120896130311348,0.9715691591953193,1.1783252235805932,0.9985741309018845,0.9715691591953193,0.0,-1.3165016200933009,0.617670962295648,56.97764793162585,0.9702362352737034,2.367368117925257,1.0,0.4,2.08405428299337,0.2,2.3199384306220727,0.8078425618797482,4.672827775215646,3.0218780527662426,0.003029847596602286,55.661146311532555,41.78537059569123,29.559432477794758,0.16959962330324893,17.120896130311348,0.9715691591953193,1.1783252235805932,0.9985741309018845,0.9715691591953193,0.0,0.617670962295648,0.9702362352737034,2.367368117925257,2.08405428299337,0.2,2.3199384306220727,0.8078425618797482,4.672827775215646,3.0218780527662426,0.003029847596602286,55.661146311532555,41.78537059569123,29.559432477794758,0.16959962330324893,1.0,0.4,0.027,47.3206502925402,14.54037774472297,Wh,14.54037774472297,Wh
234,ebfb01423f7c4d57c26a8e1e134cedff,DatepartRegression,"{""regression_model"": {""model"": ""ElasticNet"", ""model_params"": {""l1_ratio"": 0.5, ""fit_intercept"": true, ""selection"": ""cyclic"", ""max_iter"": 1000}}, ""datepart_method"": [""isoweek_binary"", 24, 7], ""polynomial_degree"": null, ""holiday_countries_used"": false, ""lags"": 1, ""forward_lags"": 2, ""regression_type"": null}","{""fillna"": ""quadratic"", ""transformations"": {""0"": ""Scaler""}, ""transformation_params"": {""0"": {}}}",0,1,25.862664502312885,1.5702430725097656,1.7303011201099383,1.0160263039047168,1.5702430725097656,0.0,0.0,0.9000023326928358,94.21458435058594,1.5702430725097656,1.0611213139488336,0.65,0.5666666666666667,2.7268404960632324,0.2,2.937584610366407,1.3987319516200645,7.122357153165414,7.033689988543281,0.011543631219308468,94.21458435058594,80.67347600701233,28.500561720116238,0.28707202554002864,25.862664502312885,1.5702430725097656,1.7303011201099383,1.0160263039047168,1.5702430725097656,0.0,0.9000023326928358,1.5702430725097656,1.0611213139488336,2.7268404960632324,0.2,2.937584610366407,1.3987319516200645,7.122357153165414,7.033689988543281,0.011543631219308468,94.21458435058594,80.67347600701233,28.500561720116238,0.28707202554002864,0.65,0.5666666666666667,0.1403,46.95168114143345,23.500053711293653,Wh,23.500053711293653,Wh
235,1511fabe84ce4926184091203bbd1436,DatepartRegression,"{""regression_model"": {""model"": ""ElasticNet"", ""model_params"": {""l1_ratio"": 0.5, ""fit_intercept"": true, ""selection"": ""cyclic"", ""max_iter"": 1000}}, ""datepart_method"": [""isoweek_binary"", 24, 7], ""polynomial_degree"": null, ""holiday_countries_used"": false, ""lags"": 1, ""forward_lags"": 2, ""regression_type"": null}","{""fillna"": ""fake_date"", ""transformations"": {""0"": ""Scaler"", ""1"": ""Scaler""}, ""transformation_params"": {""0"": {}, ""1"": {}}}",0,1,25.862664502312885,1.5702430725097656,1.7303011201099383,1.0160263039047168,1.5702430725097656,0.0,0.0,0.9000023326928358,94.21458435058594,1.5702430725097656,1.0611213139488336,0.65,0.5666666666666667,2.7268404960632324,0.2,2.937584610366407,1.3987319516200645,7.122357153165414,7.033689988543281,0.011543631219308468,94.21458435058594,80.67347600701233,28.500561720116238,0.28707202554002864,25.862664502312885,1.5702430725097656,1.7303011201099383,1.0160263039047168,1.5702430725097656,0.0,0.9000023326928358,1.5702430725097656,1.0611213139488336,2.7268404960632324,0.2,2.937584610366407,1.3987319516200645,7.122357153165414,7.033689988543281,0.011543631219308468,94.21458435058594,80.67347600701233,28.500561720116238,0.28707202554002864,0.65,0.5666666666666667,0.1382,46.951680649293614,23.500053711293653,Wh,23.500053711293653,Wh
236,a93224fee5e9a154a9443537a6270aad,SeasonalNaive,"{""method"": ""mean"", ""lag_1"": 7, ""lag_2"": 28}","{""fillna"": ""mean"", ""transformations"": {""0"": null}, ""transformation_params"": {""0"": {}}}",0,1,25.917627849770106,1.5758532795090112,1.7320577659666005,1.0649707965935713,1.5758532795090112,0.0,0.0,0.9008243242438462,94.55119677054067,1.5758532795090112,1.038266810091963,0.6,0.55,2.671169151813526,0.2,2.9370743375633754,1.4107793280790957,7.124270961026719,7.135310920583385,0.28490076015062943,94.55119677054067,81.44542540156714,16.538539766762604,0.2880976842518344,25.917627849770106,1.5758532795090112,1.7320577659666005,1.0649707965935713,1.5758532795090112,0.0,0.9008243242438462,1.5758532795090112,1.038266810091963,2.671169151813526,0.2,2.9370743375633754,1.4107793280790957,7.124270961026719,7.135310920583385,0.28490076015062943,94.55119677054067,81.44542540156714,16.538539766762604,0.2880976842518344,0.6,0.55,0.1027,46.817094526918815,23.58401533998788,Wh,23.58401533998788,Wh
237,1d04cfcdb54f69fedc0aad45fe5d8381,RollingRegression,"{""regression_model"": {""model"": ""ElasticNet"", ""model_params"": {""l1_ratio"": 0.5, ""fit_intercept"": true, ""selection"": ""random"", ""max_iter"": 2000}}, ""holiday"": true, ""mean_rolling_periods"": 7, ""macd_periods"": 17, ""std_rolling_periods"": null, ""max_rolling_periods"": 2, ""min_rolling_periods"": 364, ""ewm_var_alpha"": null, ""quantile90_rolling_periods"": null, ""quantile10_rolling_periods"": null, ""ewm_alpha"": 0.1, ""additional_lag_periods"": 11, ""abs_energy"": false, ""rolling_autocorr_periods"": null, ""nonzero_last_n"": null, ""add_date_part"": null, ""polynomial_degree"": null, ""x_transform"": null, ""regression_type"": null}","{""fillna"": ""quadratic"", ""transformations"": {""0"": ""Scaler""}, ""transformation_params"": {""0"": {}}}",0,1,25.586991763037425,1.5504860769010107,1.7132475829940534,1.0153427617606907,1.5504860769010107,0.0,0.0,0.8912207643185677,93.02916461406065,1.5504860769010107,1.0505451690544343,0.6666666666666666,0.48333333333333334,2.7085530598972243,0.2,2.9177443552519473,1.3787156219920014,7.0489053534856625,6.7862548784729855,0.009956456595791821,93.02916461406065,79.39163803445709,28.530331411830463,0.2834600492496792,25.586991763037425,1.5504860769010107,1.7132475829940534,1.0153427617606907,1.5504860769010107,0.0,0.8912207643185677,1.5504860769010107,1.0505451690544343,2.7085530598972243,0.2,2.9177443552519473,1.3787156219920014,7.0489053534856625,6.7862548784729855,0.009956456595791821,93.02916461406065,79.39163803445709,28.530331411830463,0.2834600492496792,0.6666666666666666,0.48333333333333334,15.772,46.45117331814326,23.20437308317444,Wh,23.20437308317444,Wh
238,7623737fa341883b79094bfcc73d3fee,RollingRegression,"{""regression_model"": {""model"": ""RANSAC"", ""model_params"": {}}, ""holiday"": false, ""mean_rolling_periods"": null, ""macd_periods"": null, ""std_rolling_periods"": null, ""max_rolling_periods"": null, ""min_rolling_periods"": 364, ""ewm_var_alpha"": null, ""quantile90_rolling_periods"": null, ""quantile10_rolling_periods"": null, ""ewm_alpha"": 0.2, ""additional_lag_periods"": 9, ""abs_energy"": false, ""rolling_autocorr_periods"": null, ""nonzero_last_n"": null, ""add_date_part"": null, ""polynomial_degree"": null, ""x_transform"": null, ""regression_type"": null}","{""fillna"": ""ffill_mean_biased"", ""transformations"": {""0"": ""Scaler"", ""1"": ""Scaler""}, ""transformation_params"": {""0"": {}, ""1"": {}}}",0,1,24.334239228238644,1.472172915621027,1.7485262425670287,1.0088483012313254,1.472172915621027,0.0,-0.35960492912539266,0.8166161151935198,87.97077000813624,1.4717792010634163,1.119525182425127,0.65,0.45,2.8270045799852896,0.25,2.9307238364681014,1.2550726317486396,7.47995530747164,7.158796915536302,0.006621623223237493,87.61116507901085,62.550054864571266,28.19858716282514,0.2669513939112024,24.334239228238644,1.472172915621027,1.7485262425670287,1.0088483012313254,1.472172915621027,0.0,0.8166161151935198,1.4717792010634163,1.119525182425127,2.8270045799852896,0.25,2.9307238364681014,1.2550726317486396,7.47995530747164,7.158796915536302,0.006621623223237493,87.61116507901085,62.550054864571266,28.19858716282514,0.2669513939112024,0.65,0.45,0.312,45.710679713466014,22.03234849118607,Wh,22.03234849118607,Wh
239,ab52bed15defc4bdd7761e7714595534,DatepartRegression,"{""regression_model"": {""model"": ""ElasticNet"", ""model_params"": {""l1_ratio"": 0.1, ""fit_intercept"": true, ""selection"": ""cyclic"", ""max_iter"": 2000}}, ""datepart_method"": [""dayofweek"", [365.25, 4]], ""polynomial_degree"": null, ""holiday_countries_used"": false, ""lags"": null, ""forward_lags"": null, ""regression_type"": null}","{""fillna"": ""rolling_mean_24"", ""transformations"": {""0"": ""Scaler"", ""1"": ""Scaler""}, ""transformation_params"": {""0"": {}, ""1"": {}}}",0,1,24.84587097822997,1.4987587871193735,1.6879164167039187,1.010188764333638,1.4987587871193735,0.0,0.0,0.8610785540206244,89.9255272271624,1.4987587871193735,1.0417991212165258,0.6833333333333333,0.45,2.692289508500191,0.2,2.8873405990628003,1.318718400025694,7.026851383315116,6.538365751399453,0.007613700069360989,89.9255272271624,73.61581407086969,28.60874198966671,0.2740032599708217,24.84587097822997,1.4987587871193735,1.6879164167039187,1.010188764333638,1.4987587871193735,0.0,0.8610785540206244,1.4987587871193735,1.0417991212165258,2.692289508500191,0.2,2.8873405990628003,1.318718400025694,7.026851383315116,6.538365751399453,0.007613700069360989,89.9255272271624,73.61581407086969,28.60874198966671,0.2740032599708217,0.6833333333333333,0.45,0.0913,45.34885556122356,22.430229188200773,Wh,22.430229188200773,Wh
240,65f46b423d12acf45cf54a22399af776,SeasonalNaive,"{""method"": ""median"", ""lag_1"": 12, ""lag_2"": null}","{""fillna"": ""ffill"", ""transformations"": {""0"": ""Scaler""}, ""transformation_params"": {""0"": {}}}",0,1,24.812360137847033,1.505806032816569,1.6788149781215729,1.271570179440777,1.505806032816569,0.0,-0.36197996139526367,0.8699715653202514,89.98638200759888,1.5049220250431001,1.0161934866136808,0.7,0.55,2.9890403747558594,0.25,2.84061249255263,1.3042882657518573,6.791416713575073,7.361590024434795,0.486890987095683,89.62440204620361,76.7268708397032,3.8515161011220895,0.2730857309466817,24.812360137847033,1.505806032816569,1.6788149781215729,1.271570179440777,1.505806032816569,0.0,0.8699715653202514,1.5049220250431001,1.0161934866136808,2.9890403747558594,0.25,2.84061249255263,1.3042882657518573,6.791416713575073,7.361590024434795,0.486890987095683,89.62440204620361,76.7268708397032,3.8515161011220895,0.2730857309466817,0.7,0.55,0.0879,45.121579609557074,22.535697351251528,Wh,22.535697351251528,Wh
241,4597814533265222b338e51fe9353b43,DatepartRegression,"{""regression_model"": {""model"": ""ElasticNet"", ""model_params"": {""l1_ratio"": 0.1, ""fit_intercept"": true, ""selection"": ""cyclic"", ""max_iter"": 1000}}, ""datepart_method"": ""anchored_warped_fourier:us_school"", ""polynomial_degree"": null, ""holiday_countries_used"": true, ""lags"": null, ""forward_lags"": null, ""regression_type"": null}","{""fillna"": ""linear"", ""transformations"": {}, ""transformation_params"": {}}",0,1,23.863045851538985,1.4349765295345518,1.6754113245755187,0.9977581900985858,1.4349765295345518,0.0,0.0,0.8147930161845215,86.0985917720731,1.4349765295345518,1.0524076802746212,0.7,0.5833333333333334,2.798968017101288,0.2,2.8667854194915847,1.2315716296670696,7.199238488732831,6.643662888793155,0.03173701802361597,86.0985917720731,64.36780747323063,28.709809637326487,0.26234258004237915,23.863045851538985,1.4349765295345518,1.6754113245755187,0.9977581900985858,1.4349765295345518,0.0,0.8147930161845215,1.4349765295345518,1.0524076802746212,2.798968017101288,0.2,2.8667854194915847,1.2315716296670696,7.199238488732831,6.643662888793155,0.03173701802361597,86.0985917720731,64.36780747323063,28.709809637326487,0.26234258004237915,0.7,0.5833333333333334,1.204,44.20155191984263,21.47567221207913,Wh,21.47567221207913,Wh
242,87dc5defebe42fcf765f8022feab35ba,RollingRegression,"{""regression_model"": {""model"": ""ElasticNet"", ""model_params"": {""l1_ratio"": 0.1, ""fit_intercept"": true, ""selection"": ""cyclic"", ""max_iter"": 1000}}, ""holiday"": false, ""mean_rolling_periods"": 5, ""macd_periods"": 7, ""std_rolling_periods"": 7, ""max_rolling_periods"": null, ""min_rolling_periods"": 24, ""ewm_var_alpha"": null, ""quantile90_rolling_periods"": null, ""quantile10_rolling_periods"": null, ""ewm_alpha"": null, ""additional_lag_periods"": 6, ""abs_energy"": false, ""rolling_autocorr_periods"": null, ""nonzero_last_n"": null, ""add_date_part"": null, ""polynomial_degree"": null, ""x_transform"": null, ""regression_type"": null}","{""fillna"": ""rolling_mean_24"", ""transformations"": {""0"": ""Scaler"", ""1"": ""Scaler"", ""2"": ""Scaler""}, ""transformation_params"": {""0"": {}, ""1"": {}, ""2"": {}}}",0,1,23.709176644544176,1.4172232533051132,1.5842459368644584,1.0085926644334071,1.4172232533051132,0.0,0.0,0.8352580680562003,85.03339519830679,1.4172232533051132,0.9731078272719906,0.7,0.5166666666666667,2.5413068509373034,0.2,2.7684584093928897,1.2501768397809356,6.448635946461826,5.6044777225836615,0.007052710491305676,85.03339519830679,72.40978088631147,28.48265232753472,0.2590969239676093,23.709176644544176,1.4172232533051132,1.5842459368644584,1.0085926644334071,1.4172232533051132,0.0,0.8352580680562003,1.4172232533051132,0.9731078272719906,2.5413068509373034,0.2,2.7684584093928897,1.2501768397809356,6.448635946461826,5.6044777225836615,0.007052710491305676,85.03339519830679,72.40978088631147,28.48265232753472,0.2590969239676093,0.7,0.5166666666666667,0.3299,42.91838639063691,21.2099789877324,Wh,21.2099789877324,Wh
243,3670193553a443cb6e7ecdf33d4e0e4e,RollingRegression,"{""regression_model"": {""model"": ""ElasticNet"", ""model_params"": {""l1_ratio"": 0.1, ""fit_intercept"": true, ""selection"": ""cyclic"", ""max_iter"": 1000}}, ""holiday"": false, ""mean_rolling_periods"": 7, ""macd_periods"": 7, ""std_rolling_periods"": 7, ""max_rolling_periods"": null, ""min_rolling_periods"": 24, ""ewm_var_alpha"": null, ""quantile90_rolling_periods"": null, ""quantile10_rolling_periods"": null, ""ewm_alpha"": null, ""additional_lag_periods"": 11, ""abs_energy"": false, ""rolling_autocorr_periods"": null, ""nonzero_last_n"": null, ""add_date_part"": null, ""polynomial_degree"": null, ""x_transform"": null, ""regression_type"": null}","{""fillna"": ""mean"", ""transformations"": {""0"": ""Scaler""}, ""transformation_params"": {""0"": {}}}",0,1,23.62490904337699,1.4113563419184265,1.5808410142364815,1.0090732987597966,1.4113563419184265,0.0,0.0,0.8319160836565812,84.68138051510559,1.4113563419184265,0.9713826735372862,0.7,0.4666666666666667,2.5413949959782283,0.2,2.764484436008689,1.2433713668868103,6.440589600536454,5.578371673899603,0.007843017615606868,84.68138051510559,71.78677907200085,28.508088167841116,0.2580243345291168,23.62490904337699,1.4113563419184265,1.5808410142364815,1.0090732987597966,1.4113563419184265,0.0,0.8319160836565812,1.4113563419184265,0.9713826735372862,2.5413949959782283,0.2,2.764484436008689,1.2433713668868103,6.440589600536454,5.578371673899603,0.007843017615606868,84.68138051510559,71.78677907200085,28.508088167841116,0.2580243345291168,0.7,0.4666666666666667,0.3667,42.78573738078557,21.122175554544075,Wh,21.122175554544075,Wh
244,6fb752a3dc5c109f0b8ec947216fabd5,RollingRegression,"{""regression_model"": {""model"": ""ElasticNet"", ""model_params"": {""l1_ratio"": 0.1, ""fit_intercept"": true, ""selection"": ""cyclic"", ""max_iter"": 1000}}, ""holiday"": false, ""mean_rolling_periods"": 7, ""macd_periods"": null, ""std_rolling_periods"": 7, ""max_rolling_periods"": null, ""min_rolling_periods"": 24, ""ewm_var_alpha"": null, ""quantile90_rolling_periods"": null, ""quantile10_rolling_periods"": null, ""ewm_alpha"": 0.5, ""additional_lag_periods"": 11, ""abs_energy"": false, ""rolling_autocorr_periods"": null, ""nonzero_last_n"": null, ""add_date_part"": null, ""polynomial_degree"": null, ""x_transform"": null, ""regression_type"": null}","{""fillna"": ""rolling_mean_24"", ""transformations"": {""0"": ""Scaler""}, ""transformation_params"": {""0"": {}}}",0,1,23.54130309752811,1.4055460935562218,1.576044961917151,1.0080244666337828,1.4055460935562218,0.0,0.0,0.8290580128629533,84.33276561337331,1.4055460935562218,0.9685455499944685,0.7,0.4666666666666667,2.536238122831307,0.2,2.758877097076315,1.237352517203733,6.420118040271495,5.52566535945577,0.006320835382094979,84.33276561337331,71.36314551634317,28.500967029479416,0.25696210423150895,23.54130309752811,1.4055460935562218,1.576044961917151,1.0080244666337828,1.4055460935562218,0.0,0.8290580128629533,1.4055460935562218,0.9685455499944685,2.536238122831307,0.2,2.758877097076315,1.237352517203733,6.420118040271495,5.52566535945577,0.006320835382094979,84.33276561337331,71.36314551634317,28.500967029479416,0.25696210423150895,0.7,0.4666666666666667,0.3115,42.637939749385744,21.03522013281467,Wh,21.03522013281467,Wh
245,4474f2d386934fe329d4a3d041cfb0b0,RollingRegression,"{""regression_model"": {""model"": ""ElasticNet"", ""model_params"": {""l1_ratio"": 0.5, ""fit_intercept"": true, ""selection"": ""cyclic"", ""max_iter"": 1000}}, ""holiday"": false, ""mean_rolling_periods"": 5, ""macd_periods"": null, ""std_rolling_periods"": 7, ""max_rolling_periods"": 7, ""min_rolling_periods"": null, ""ewm_var_alpha"": null, ""quantile90_rolling_periods"": null, ""quantile10_rolling_periods"": null, ""ewm_alpha"": null, ""additional_lag_periods"": 6, ""abs_energy"": false, ""rolling_autocorr_periods"": null, ""nonzero_last_n"": null, ""add_date_part"": null, ""polynomial_degree"": null, ""x_transform"": null, ""regression_type"": null}","{""fillna"": ""ffill"", ""transformations"": {""0"": ""Scaler""}, ""transformation_params"": {""0"": {}}}",0,1,23.448212988847736,1.3990298486870956,1.5774204782741352,1.0102921364675357,1.3990298486870956,0.0,0.0,0.8235338638799933,83.94179092122573,1.3990298486870956,0.971400076435537,0.7166666666666667,0.45,2.556999960999116,0.2,2.760027601793935,1.2272764886047078,6.4525379752160035,5.640488115874915,0.0075531520144851184,83.94179092122573,70.22720780068403,28.80913872453882,0.25577080356841797,23.448212988847736,1.3990298486870956,1.5774204782741352,1.0102921364675357,1.3990298486870956,0.0,0.8235338638799933,1.3990298486870956,0.971400076435537,2.556999960999116,0.2,2.760027601793935,1.2272764886047078,6.4525379752160035,5.640488115874915,0.0075531520144851184,83.94179092122573,70.22720780068403,28.80913872453882,0.25577080356841797,0.7166666666666667,0.45,0.3055,42.55372110389715,20.93769885913336,Wh,20.93769885913336,Wh
246,f2cd5b0a3c1b8cd1ac0b26b2e0f43b0e,Theta,"{""deseasonalize"": true, ""difference"": false, ""use_test"": true, ""method"": ""auto"", ""period"": null, ""theta"": 2.0, ""use_mle"": true}","{""fillna"": ""quadratic"", ""transformations"": {""0"": ""Scaler""}, ""transformation_params"": {""0"": {}}}",0,3,11.45826528136771,0.6665519673556247,0.8312371980323249,0.7554652177875444,0.6665519673556247,0.0,-76.16524685012843,0.5942041001103344,43.81410727388402,0.5310723222584625,2.5705880522114484,0.9944444444444445,0.5,2.3307907751584738,0.8388888888888889,1.5282473267942869,0.5202453930750462,2.451562464929434,2.5796305376011324,0.048356989453836756,27.6489505303951,26.635006403308363,18.888490598111503,0.07874068659806355,11.45826528136771,0.6665519673556247,0.8312371980323249,0.7554652177875444,0.6665519673556247,0.0,0.5942041001103344,0.5310723222584625,2.5705880522114484,2.3307907751584738,0.8388888888888889,1.5282473267942869,0.5202453930750462,2.451562464929434,2.5796305376011324,0.048356989453836756,27.6489505303951,26.635006403308363,18.888490598111503,0.07874068659806355,0.9944444444444445,0.5,0.12173333333333335,41.72649088048368,14.646131293980241,Wh,14.646131293980241,Wh
247,e6723caebc4465f2062bb2392b063336,Theta,"{""deseasonalize"": true, ""difference"": false, ""use_test"": true, ""method"": ""auto"", ""period"": null, ""theta"": 1.0, ""use_mle"": false}","{""fillna"": ""quadratic"", ""transformations"": {""0"": null}, ""transformation_params"": {""0"": {}}}",0,3,11.760807908249385,0.7320503599457769,0.9261207718837176,0.7412294656705379,0.7320503599457769,0.0,-7.5201898957248705,0.4951445333772613,124.24887489451498,0.7269684952759055,2.2830252136752294,1.0,0.5055555555555555,2.733486664547451,0.7888888888888889,1.5332975668304052,0.5634888117661147,3.270197965879639,1.4583802013438387,0.05285796662628018,38.909561666263365,21.839757168633877,19.456455079026806,0.10564508457966143,11.760807908249385,0.7320503599457769,0.9261207718837176,0.7412294656705379,0.7320503599457769,0.0,0.4951445333772613,0.7269684952759055,2.2830252136752294,2.733486664547451,0.7888888888888889,1.5332975668304052,0.5634888117661147,3.270197965879639,1.4583802013438387,0.05285796662628018,38.909561666263365,21.839757168633877,19.456455079026806,0.10564508457966143,1.0,0.5055555555555555,0.1181,39.7853546760468,13.516075012865622,Wh,13.516075012865622,Wh
248,9205119163ce43f9db919c06230b666e,RollingRegression,"{""regression_model"": {""model"": ""RANSAC"", ""model_params"": {}}, ""holiday"": true, ""mean_rolling_periods"": 5, ""macd_periods"": null, ""std_rolling_periods"": null, ""max_rolling_periods"": 364, ""min_rolling_periods"": 24, ""ewm_var_alpha"": null, ""quantile90_rolling_periods"": null, ""quantile10_rolling_periods"": null, ""ewm_alpha"": null, ""additional_lag_periods"": 11, ""abs_energy"": false, ""rolling_autocorr_periods"": null, ""nonzero_last_n"": null, ""add_date_part"": null, ""polynomial_degree"": null, ""x_transform"": null, ""regression_type"": null}","{""fillna"": ""rolling_mean_24"", ""transformations"": {""0"": ""Scaler""}, ""transformation_params"": {""0"": {}}}",0,1,21.464837312081713,1.259253475384999,1.484838209668691,1.1686264176562648,1.259253475384999,0.0,-5.801144949281221,0.7723059322923099,69.75406357381873,1.234115928767549,0.952528567838136,0.7833333333333333,0.4666666666666667,2.5675280110278864,0.25,2.6129968797838448,1.0481172363631144,6.176097362210985,7.44378386151438,0.2275261280345274,63.95291862453752,39.577181709676026,18.106888837854072,0.19486467000083338,21.464837312081713,1.259253475384999,1.484838209668691,1.1686264176562648,1.259253475384999,0.0,0.7723059322923099,1.234115928767549,0.952528567838136,2.5675280110278864,0.25,2.6129968797838448,1.0481172363631144,6.176097362210985,7.44378386151438,0.2275261280345274,63.95291862453752,39.577181709676026,18.106888837854072,0.19486467000083338,0.7833333333333333,0.4666666666666667,7.1301,39.42449515034112,18.845823825468038,Wh,18.845823825468038,Wh
249,689b43f16f6cbd281875a9cd1aad6582,Theta,"{""deseasonalize"": false, ""difference"": false, ""use_test"": true, ""method"": ""auto"", ""period"": null, ""theta"": 1.1, ""use_mle"": false}","{""fillna"": ""quadratic"", ""transformations"": {""0"": ""Scaler""}, ""transformation_params"": {""0"": {}}}",0,3,11.482606144702643,0.7137064732286685,0.9021273700444747,0.7229856638559671,0.7137064732286685,0.0,-8.488936279891215,0.4878096518156721,119.97822890126912,0.7079653965106288,2.278994251627939,1.0,0.5222222222222223,2.7267527375691465,0.8388888888888889,1.4723383190101742,0.5494443578632316,3.1713708670133456,1.3691043983873101,0.0019116349806874032,37.16309754045931,20.722977675449027,21.58411717915791,0.10062973851190543,11.482606144702643,0.7137064732286685,0.9021273700444747,0.7229856638559671,0.7137064732286685,0.0,0.4878096518156721,0.7079653965106288,2.278994251627939,2.7267527375691465,0.8388888888888889,1.4723383190101742,0.5494443578632316,3.1713708670133456,1.3691043983873101,0.0019116349806874032,37.16309754045931,20.722977675449027,21.58411717915791,0.10062973851190543,1.0,0.5222222222222223,0.11746666666666666,39.32174091395909,13.14594189441793,Wh,13.14594189441793,Wh
250,ed014cfb01b740a091c0ae2b089c56b7,Theta,"{""deseasonalize"": true, ""difference"": false, ""use_test"": true, ""method"": ""auto"", ""period"": null, ""theta"": 1.2, ""use_mle"": false}","{""fillna"": ""quadratic"", ""transformations"": {""0"": ""Scaler"", ""1"": ""Scaler""}, ""transformation_params"": {""0"": {}, ""1"": {}}}",0,3,11.368644285564633,0.7060932058784485,0.8926167651736557,0.7410225324596541,0.7060932058784485,0.0,-9.101335409680075,0.48451740386263026,117.99544164844065,0.6996744412557515,2.2765224023243253,1.0,0.5055555555555555,2.7211411317538925,0.8444444444444444,1.46559047075372,0.5426945585616189,3.124831956474484,1.3316058564192315,0.05238898039556355,36.29803541292019,20.420270817607157,19.45246097097191,0.0982490038174448,11.368644285564633,0.7060932058784485,0.8926167651736557,0.7410225324596541,0.7060932058784485,0.0,0.48451740386263026,0.6996744412557515,2.2765224023243253,2.7211411317538925,0.8444444444444444,1.46559047075372,0.5426945585616189,3.124831956474484,1.3316058564192315,0.05238898039556355,36.29803541292019,20.420270817607157,19.45246097097191,0.0982490038174448,1.0,0.5055555555555555,0.12346666666666667,39.12887041297425,13.033926174070235,Wh,13.033926174070235,Wh
251,7290fc04db829407c6d185626cec62fd,Theta,"{""deseasonalize"": true, ""difference"": false, ""use_test"": true, ""method"": ""auto"", ""period"": null, ""theta"": 1.2, ""use_mle"": false}","{""fillna"": ""quadratic"", ""transformations"": {""0"": ""Scaler""}, ""transformation_params"": {""0"": {}}}",0,3,11.368644285564633,0.7060932058784485,0.8926167651736557,0.7410225324596541,0.7060932058784485,0.0,-9.101335409680075,0.48451740386263026,117.99544164844065,0.6996744412557515,2.2765224023243253,1.0,0.5055555555555555,2.7211411317538925,0.8444444444444444,1.46559047075372,0.5426945585616189,3.124831956474484,1.3316058564192315,0.05238898039556355,36.29803541292019,20.420270817607157,19.45246097097191,0.0982490038174448,11.368644285564633,0.7060932058784485,0.8926167651736557,0.7410225324596541,0.7060932058784485,0.0,0.48451740386263026,0.6996744412557515,2.2765224023243253,2.7211411317538925,0.8444444444444444,1.46559047075372,0.5426945585616189,3.124831956474484,1.3316058564192315,0.05238898039556355,36.29803541292019,20.420270817607157,19.45246097097191,0.0982490038174448,1.0,0.5055555555555555,0.12236666666666667,39.12887015518672,13.033926174070235,Wh,13.033926174070235,Wh
252,28d806698da01926c47c2ad5db03abe0,Theta,"{""deseasonalize"": true, ""difference"": false, ""use_test"": true, ""method"": ""auto"", ""period"": null, ""theta"": 1.4, ""use_mle"": false}","{""fillna"": ""quadratic"", ""transformations"": {}, ""transformation_params"": {}}",0,3,11.106464550367287,0.6888688987428019,0.8699439568262629,0.740904227252619,0.6888688987428019,0.0,-10.349211610339589,0.477798378172255,113.64719016336477,0.6812607235449749,2.27187753707368,1.0,0.5055555555555555,2.712322894044208,0.8388888888888889,1.4587296485589807,0.529020943032709,3.026402841897488,1.2492032449388972,0.05205356903947999,34.43265951767506,19.406833560702996,19.449608036646985,0.09296608898729002,11.106464550367287,0.6888688987428019,0.8699439568262629,0.740904227252619,0.6888688987428019,0.0,0.477798378172255,0.6812607235449749,2.27187753707368,2.712322894044208,0.8388888888888889,1.4587296485589807,0.529020943032709,3.026402841897488,1.2492032449388972,0.05205356903947999,34.43265951767506,19.406833560702996,19.449608036646985,0.09296608898729002,1.0,0.5055555555555555,0.11893333333333334,38.6861223613532,12.857901470666716,Wh,12.857901470666716,Wh
253,1cbcf10921fab196b4212c85c22a3817,Theta,"{""deseasonalize"": true, ""difference"": false, ""use_test"": true, ""method"": ""auto"", ""period"": null, ""theta"": 1.4, ""use_mle"": false}","{""fillna"": ""quadratic"", ""transformations"": {""0"": null}, ""transformation_params"": {""0"": {}}}",0,3,11.106464550367287,0.6888688987428019,0.8699439568262629,0.740904227252619,0.6888688987428019,0.0,-10.349211610339589,0.477798378172255,113.64719016336477,0.6812607235449749,2.27187753707368,1.0,0.5055555555555555,2.712322894044208,0.8388888888888889,1.4587296485589807,0.529020943032709,3.026402841897488,1.2492032449388972,0.05205356903947999,34.43265951767506,19.406833560702996,19.449608036646985,0.09296608898729002,11.106464550367287,0.6888688987428019,0.8699439568262629,0.740904227252619,0.6888688987428019,0.0,0.477798378172255,0.6812607235449749,2.27187753707368,2.712322894044208,0.8388888888888889,1.4587296485589807,0.529020943032709,3.026402841897488,1.2492032449388972,0.05205356903947999,34.43265951767506,19.406833560702996,19.449608036646985,0.09296608898729002,1.0,0.5055555555555555,0.11876666666666667,38.68612232229449,12.857901470666716,Wh,12.857901470666716,Wh
254,1f88cfd7ebc4983a15ac312996e6da8e,Theta,"{""deseasonalize"": true, ""difference"": true, ""use_test"": true, ""method"": ""auto"", ""period"": null, ""theta"": 1.4, ""use_mle"": false}","{""fillna"": ""quadratic"", ""transformations"": {""0"": ""Scaler"", ""1"": ""Scaler"", ""2"": ""Scaler""}, ""transformation_params"": {""0"": {}, ""1"": {}, ""2"": {}}}",0,3,11.030747474938535,0.684094375866796,0.8645023193920974,0.7228867314511556,0.684094375866796,0.0,-10.401996684919016,0.4754856459011417,112.73499097110428,0.6765067212569766,2.271394379783496,1.0,0.5222222222222223,2.712322894044208,0.8388888888888889,1.4555936758605912,0.5255684882484668,3.0063136138526225,1.2342166202691853,0.0019339677342428924,34.11099809539508,19.064903785880805,21.504788549164658,0.09198598599507823,11.030747474938535,0.684094375866796,0.8645023193920974,0.7228867314511556,0.684094375866796,0.0,0.4754856459011417,0.6765067212569766,2.271394379783496,2.712322894044208,0.8388888888888889,1.4555936758605912,0.5255684882484668,3.0063136138526225,1.2342166202691853,0.0019339677342428924,34.11099809539508,19.064903785880805,21.504788549164658,0.09198598599507823,1.0,0.5222222222222223,0.12303333333333333,38.5696469436621,12.857901470666716,Wh,12.857901470666716,Wh
255,023eb96b5e341e98c51a508d9eb9f7b7,Theta,"{""deseasonalize"": true, ""difference"": true, ""use_test"": true, ""method"": ""auto"", ""period"": null, ""theta"": 1.4, ""use_mle"": false}","{""fillna"": ""quadratic"", ""transformations"": {""0"": ""Scaler"", ""1"": ""Scaler""}, ""transformation_params"": {""0"": {}, ""1"": {}}}",0,3,11.030747474938535,0.684094375866796,0.8645023193920974,0.7228867314511556,0.684094375866796,0.0,-10.401996684919016,0.4754856459011417,112.73499097110428,0.6765067212569766,2.271394379783496,1.0,0.5222222222222223,2.712322894044208,0.8388888888888889,1.4555936758605912,0.5255684882484668,3.0063136138526225,1.2342166202691853,0.0019339677342428924,34.11099809539508,19.064903785880805,21.504788549164658,0.09198598599507823,11.030747474938535,0.684094375866796,0.8645023193920974,0.7228867314511556,0.684094375866796,0.0,0.4754856459011417,0.6765067212569766,2.271394379783496,2.712322894044208,0.8388888888888889,1.4555936758605912,0.5255684882484668,3.0063136138526225,1.2342166202691853,0.0019339677342428924,34.11099809539508,19.064903785880805,21.504788549164658,0.09198598599507823,1.0,0.5222222222222223,0.11866666666666666,38.56964592032371,12.857901470666716,Wh,12.857901470666716,Wh
256,892f568b9dc1a121df2449ba49801c0e,Theta,"{""deseasonalize"": true, ""difference"": false, ""use_test"": false, ""method"": ""auto"", ""period"": null, ""theta"": 1.4, ""use_mle"": false}","{""fillna"": ""quadratic"", ""transformations"": {""0"": null}, ""transformation_params"": {""0"": {}}}",0,3,11.009367505141682,0.6768027720837794,0.8510880123548854,0.7544102482377467,0.6768027720837794,0.0,-12.249387364059295,0.47990764806302594,109.575111611021,0.6664068687108228,2.2699957782565456,1.0,0.5055555555555555,2.424065349483989,0.7444444444444445,1.506462782558798,0.5178455271395149,2.898443696980767,1.193167937146226,0.24235634268964476,32.441908082320566,19.160603926577764,15.31433758067489,0.08913613906962221,11.009367505141682,0.6768027720837794,0.8510880123548854,0.7544102482377467,0.6768027720837794,0.0,0.47990764806302594,0.6664068687108228,2.2699957782565456,2.424065349483989,0.7444444444444445,1.506462782558798,0.5178455271395149,2.898443696980767,1.193167937146226,0.24235634268964476,32.441908082320566,19.160603926577764,15.31433758067489,0.08913613906962221,1.0,0.5055555555555555,0.11836666666666666,38.451805754060615,12.309484354310378,Wh,12.309484354310378,Wh
257,63229d8dcf8fe84ae8bba325159c805b,Theta,"{""deseasonalize"": false, ""difference"": false, ""use_test"": true, ""method"": ""auto"", ""period"": null, ""theta"": 1.6, ""use_mle"": false}","{""fillna"": ""quadratic"", ""transformations"": {""0"": ""Scaler"", ""1"": ""Scaler""}, ""transformation_params"": {""0"": {}, ""1"": {}}}",0,3,10.833845121780636,0.6713027761662133,0.8482779704509378,0.7228424851540646,0.6713027761662133,0.0,-11.349071080348214,0.47026856173511233,109.48542862957017,0.6627002417222724,2.267911105188127,1.0,0.5222222222222223,2.705709215761944,0.8388888888888889,1.4484147514035017,0.5152607036278091,2.9333369527473656,1.1784532590402261,0.0019442033788822182,32.71211918307399,18.30511757842954,21.468429593751093,0.08802426609153242,10.833845121780636,0.6713027761662133,0.8482779704509378,0.7228424851540646,0.6713027761662133,0.0,0.47026856173511233,0.6627002417222724,2.267911105188127,2.705709215761944,0.8388888888888889,1.4484147514035017,0.5152607036278091,2.9333369527473656,1.1784532590402261,0.0019442033788822182,32.71211918307399,18.30511757842954,21.468429593751093,0.08802426609153242,1.0,0.5222222222222223,0.1173,38.24112618938681,12.725882943114078,Wh,12.725882943114078,Wh
258,b70647da6cb7595fa9646bf7d9a77e52,Theta,"{""deseasonalize"": true, ""difference"": false, ""use_test"": true, ""method"": ""auto"", ""period"": null, ""theta"": 2.0, ""use_mle"": false}","{""fillna"": ""cubic"", ""transformations"": {""0"": ""Scaler"", ""1"": ""Scaler"", ""2"": ""Scaler"", ""3"": ""Scaler""}, ""transformation_params"": {""0"": {}, ""1"": {}, ""2"": {}, ""3"": {}}}",0,3,10.651158928304238,0.6592954112226087,0.8321349824607083,0.740697105886141,0.6592954112226087,0.0,-12.724112650684047,0.4661628305768142,105.94906136938553,0.6490566263732865,2.263516779622518,1.0,0.5,2.6964500661667747,0.8388888888888889,1.442746828532503,0.5053992967141451,2.854866398149819,1.1179945775525055,0.05144894155105756,31.074982906233828,17.582803305712485,19.444108751233042,0.08345684229301142,10.651158928304238,0.6592954112226087,0.8321349824607083,0.740697105886141,0.6592954112226087,0.0,0.4661628305768142,0.6490566263732865,2.263516779622518,2.6964500661667747,0.8388888888888889,1.442746828532503,0.5053992967141451,2.854866398149819,1.1179945775525055,0.05144894155105756,31.074982906233828,17.582803305712485,19.444108751233042,0.08345684229301142,1.0,0.5,0.12156666666666667,37.92178914204922,12.541057004540388,Wh,12.541057004540388,Wh
259,a3860c7ebb75749a4f3f441d33f78cde,Theta,"{""deseasonalize"": true, ""difference"": false, ""use_test"": true, ""method"": ""auto"", ""period"": null, ""theta"": 2.0, ""use_mle"": false}","{""fillna"": ""quadratic"", ""transformations"": {""0"": ""Scaler"", ""1"": ""Scaler"", ""2"": ""Scaler""}, ""transformation_params"": {""0"": {}, ""1"": {}, ""2"": {}}}",0,3,10.651158928304238,0.6592954112226087,0.8321349824607083,0.740697105886141,0.6592954112226087,0.0,-12.724112650684047,0.4661628305768142,105.94906136938553,0.6490566263732865,2.263516779622518,1.0,0.5,2.6964500661667747,0.8388888888888889,1.442746828532503,0.5053992967141451,2.854866398149819,1.1179945775525055,0.05144894155105756,31.074982906233828,17.582803305712485,19.444108751233042,0.08345684229301142,10.651158928304238,0.6592954112226087,0.8321349824607083,0.740697105886141,0.6592954112226087,0.0,0.4661628305768142,0.6490566263732865,2.263516779622518,2.6964500661667747,0.8388888888888889,1.442746828532503,0.5053992967141451,2.854866398149819,1.1179945775525055,0.05144894155105756,31.074982906233828,17.582803305712485,19.444108751233042,0.08345684229301142,1.0,0.5,0.1178,37.92178825932222,12.541057004540388,Wh,12.541057004540388,Wh
260,1352c5df0df9dac675b5c9049d387e54,Theta,"{""deseasonalize"": true, ""difference"": false, ""use_test"": false, ""method"": ""auto"", ""period"": null, ""theta"": 2.0, ""use_mle"": false}","{""fillna"": ""quadratic"", ""transformations"": {""0"": ""Scaler""}, ""transformation_params"": {""0"": {}}}",0,3,10.512243766369538,0.6445309397164688,0.8103171244306256,0.7538966980008185,0.6445309397164688,0.0,-14.498768161315773,0.46641801415643025,101.51680098764862,0.631738936480622,2.261516681310674,1.0,0.5,2.403338919806517,0.7611111111111111,1.482185864612345,0.49104440950220773,2.707637098647559,1.0583530994437156,0.24068440509670086,29.00601094211095,17.311401175312543,15.3648233152283,0.07944019960051478,10.512243766369538,0.6445309397164688,0.8103171244306256,0.7538966980008185,0.6445309397164688,0.0,0.46641801415643025,0.631738936480622,2.261516681310674,2.403338919806517,0.7611111111111111,1.482185864612345,0.49104440950220773,2.707637098647559,1.0583530994437156,0.24068440509670086,29.00601094211095,17.311401175312543,15.3648233152283,0.07944019960051478,1.0,0.5,0.12219999999999999,37.62710241185621,11.42424189605292,Wh,11.42424189605292,Wh
261,612a8c0ce67e1f7424239717bf457bf7,WindowRegression,"{""window_size"": 24, ""input_dim"": ""univariate"", ""output_dim"": ""1step"", ""normalize_window"": true, ""max_windows"": 5000000, ""fourier_encoding_components"": null, ""scale"": true, ""datepart_method"": ""anchored_segment_fourier:us_school"", ""regression_type"": null, ""regression_model"": {""model"": ""Adaboost"", ""model_params"": {""n_estimators"": 50, ""loss"": ""linear"", ""estimator"": null, ""learning_rate"": 1, ""max_depth"": 3}}}","{""fillna"": ""fake_date"", ""transformations"": {""0"": ""Scaler"", ""1"": ""Scaler""}, ""transformation_params"": {""0"": {}, ""1"": {}}}",0,3,19.562038364799054,1.2840778430895854,1.459192545876358,0.7458242415061775,1.2840778430895854,0.0,-3.4990564457319717,0.7772156862015112,227.63495531039337,1.2809540181334196,0.8641278548161907,0.47222222222222227,0.5333333333333333,3.0207904338836666,0.26666666666666666,2.2234489452100075,1.092458797954681,5.763132360487686,3.7905267951490687,0.17534740997060463,74.71196628822047,43.886831560992135,15.834412992048703,0.20539975142807623,19.562038364799054,1.2840778430895854,1.459192545876358,0.7458242415061775,1.2840778430895854,0.0,0.7772156862015112,1.2809540181334196,0.8641278548161907,3.0207904338836666,0.26666666666666666,2.2234489452100075,1.092458797954681,5.763132360487686,3.7905267951490687,0.17534740997060463,74.71196628822047,43.886831560992135,15.834412992048703,0.20539975142807623,0.47222222222222227,0.5333333333333333,1.5943666666666667,37.08019257472825,22.149928628931036,Wh,22.149928628931036,Wh
262,33ec9f76c7e3c24242e3c57945f825ab,ARIMA,"{""p"": 4, ""d"": 1, ""q"": 0, ""regression_type"": null}","{""fillna"": ""quadratic"", ""transformations"": {""0"": ""Scaler"", ""1"": ""Scaler""}, ""transformation_params"": {""0"": {}, ""1"": {}}}",0,1,15.550349512130328,0.8706392658171197,1.0413178517279233,1.0123444089598068,0.8706392658171197,0.0,-3.8211085163974543,0.5866150825348642,48.41724743262973,0.8627690940442354,1.5000418488350875,1.0,0.5666666666666667,1.9020710334386708,0.8,1.7445591898817416,0.7212164243515147,4.090515304007703,2.485078284028116,0.011339764256237228,44.59613891623228,30.569809898531844,28.78158983956883,0.13588452380480814,15.550349512130328,0.8706392658171197,1.0413178517279233,1.0123444089598068,0.8706392658171197,0.0,0.5866150825348642,0.8627690940442354,1.5000418488350875,1.9020710334386708,0.8,1.7445591898817416,0.7212164243515147,4.090515304007703,2.485078284028116,0.011339764256237228,44.59613891623228,30.569809898531844,28.78158983956883,0.13588452380480814,1.0,0.5666666666666667,0.057,36.290309749943255,13.02987408004396,Wh,13.02987408004396,Wh
263,03e2578339be79e09a35b01a3fe98f02,ARIMA,"{""p"": 7, ""d"": 2, ""q"": 2, ""regression_type"": null}","{""fillna"": ""quadratic"", ""transformations"": {""0"": ""Scaler"", ""1"": ""Scaler""}, ""transformation_params"": {""0"": {}, ""1"": {}}}",0,1,15.747354890156306,0.88263165247769,1.0418362844559095,1.0240254345351403,0.88263165247769,0.0,-5.38893701053484,0.6028769240559348,47.568962138126565,0.8684363156541358,1.4419765583069986,1.0,0.4666666666666667,1.8825413586395685,0.8,1.7480250128516273,0.7363273877905084,4.158521540570229,2.740552126893596,0.019702520652343507,42.180025127591726,26.163282053805474,28.116738962870045,0.12852262029463335,15.747354890156306,0.88263165247769,1.0418362844559095,1.0240254345351403,0.88263165247769,0.0,0.6028769240559348,0.8684363156541358,1.4419765583069986,1.8825413586395685,0.8,1.7480250128516273,0.7363273877905084,4.158521540570229,2.740552126893596,0.019702520652343507,42.180025127591726,26.163282053805474,28.116738962870045,0.12852262029463335,1.0,0.4666666666666667,0.3783,35.89625300323425,13.209350579946335,Wh,13.209350579946335,Wh
264,e3bb54b8ce669c1efe0411874b5f283f,ARIMA,"{""p"": 7, ""d"": 2, ""q"": 2, ""regression_type"": null}","{""fillna"": ""quadratic"", ""transformations"": {""0"": ""Scaler""}, ""transformation_params"": {""0"": {}}}",0,1,15.747354890156306,0.88263165247769,1.0418362844559095,1.0240254345351403,0.88263165247769,0.0,-5.38893701053484,0.6028769240559348,47.568962138126565,0.8684363156541358,1.4419765583069986,1.0,0.4666666666666667,1.8825413586395685,0.8,1.7480250128516273,0.7363273877905084,4.158521540570229,2.740552126893596,0.019702520652343507,42.180025127591726,26.163282053805474,28.116738962870045,0.12852262029463335,15.747354890156306,0.88263165247769,1.0418362844559095,1.0240254345351403,0.88263165247769,0.0,0.6028769240559348,0.8684363156541358,1.4419765583069986,1.8825413586395685,0.8,1.7480250128516273,0.7363273877905084,4.158521540570229,2.740552126893596,0.019702520652343507,42.180025127591726,26.163282053805474,28.116738962870045,0.12852262029463335,1.0,0.4666666666666667,0.369,35.89625082375783,13.209350579946335,Wh,13.209350579946335,Wh
265,8623b8a045c241c7cb85d3ea18e4edf8,DatepartRegression,"{""regression_model"": {""model"": ""DecisionTree"", ""model_params"": {""max_depth"": 9, ""min_samples_split"": 2}}, ""datepart_method"": [""dayofweek"", [365.25, 14], [354.37, 10]], ""polynomial_degree"": null, ""holiday_countries_used"": false, ""lags"": null, ""forward_lags"": 2, ""regression_type"": null}","{""fillna"": ""linear"", ""transformations"": {""0"": null}, ""transformation_params"": {""0"": {}}}",0,3,18.904680029646546,1.2672457245584392,1.477801005045398,0.9906140747108348,1.2672457245584392,0.0,-16.522767831513132,0.7836753305075964,211.58146258900592,1.2365678270343146,0.6409915545428243,0.8444444444444444,0.5666666666666667,4.0949506759643555,0.5222222222222223,2.048682428335593,1.0528560658052482,5.451321503467105,3.7543981371208908,0.579991655811674,65.01956491916427,36.38372298675667,9.26878588803349,0.17554916713107174,18.904680029646546,1.2672457245584392,1.477801005045398,0.9906140747108348,1.2672457245584392,0.0,0.7836753305075964,1.2365678270343146,0.6409915545428243,4.0949506759643555,0.5222222222222223,2.048682428335593,1.0528560658052482,5.451321503467105,3.7543981371208908,0.579991655811674,65.01956491916427,36.38372298675667,9.26878588803349,0.17554916713107174,0.8444444444444444,0.5666666666666667,0.12743333333333332,34.282724874523495,23.042230198055876,Wh,23.042230198055876,Wh
266,3d9bfb072fcac324f277811bdc038357,DatepartRegression,"{""regression_model"": {""model"": ""DecisionTree"", ""model_params"": {""max_depth"": 9, ""min_samples_split"": 2}}, ""datepart_method"": [""dayofweek"", [365.25, 14], [354.37, 10]], ""polynomial_degree"": null, ""holiday_countries_used"": false, ""lags"": null, ""forward_lags"": 2, ""regression_type"": null}","{""fillna"": ""rolling_mean_24"", ""transformations"": {""0"": ""Scaler"", ""1"": ""Scaler""}, ""transformation_params"": {""0"": {}, ""1"": {}}}",0,3,18.904680029646546,1.2672457245584392,1.477801005045398,0.9906140747108348,1.2672457245584392,0.0,-16.522767831513132,0.7836753305075964,211.58146258900592,1.2365678270343146,0.6409915545428243,0.8444444444444444,0.5666666666666667,4.0949506759643555,0.5222222222222223,2.048682428335593,1.0528560658052482,5.451321503467105,3.7543981371208908,0.579991655811674,65.01956491916427,36.38372298675667,9.26878588803349,0.17554916713107174,18.904680029646546,1.2672457245584392,1.477801005045398,0.9906140747108348,1.2672457245584392,0.0,0.7836753305075964,1.2365678270343146,0.6409915545428243,4.0949506759643555,0.5222222222222223,2.048682428335593,1.0528560658052482,5.451321503467105,3.7543981371208908,0.579991655811674,65.01956491916427,36.38372298675667,9.26878588803349,0.17554916713107174,0.8444444444444444,0.5666666666666667,0.1233,34.28272390586731,23.042230198055876,Wh,23.042230198055876,Wh
267,1fd407bcc901f2b99eace42253e60e66,DatepartRegression,"{""regression_model"": {""model"": ""DecisionTree"", ""model_params"": {""max_depth"": 9, ""min_samples_split"": 2}}, ""datepart_method"": [""dayofweek"", [365.25, 14], [354.37, 10]], ""polynomial_degree"": null, ""holiday_countries_used"": false, ""lags"": null, ""forward_lags"": 2, ""regression_type"": null}","{""fillna"": ""quadratic"", ""transformations"": {""0"": null}, ""transformation_params"": {""0"": {}}}",0,3,18.904680029646546,1.2672457245584392,1.477801005045398,0.9906140747108348,1.2672457245584392,0.0,-16.522767831513132,0.7836753305075964,211.58146258900592,1.2365678270343146,0.6409915545428243,0.8444444444444444,0.5666666666666667,4.0949506759643555,0.5222222222222223,2.048682428335593,1.0528560658052482,5.451321503467105,3.7543981371208908,0.579991655811674,65.01956491916427,36.38372298675667,9.26878588803349,0.17554916713107174,18.904680029646546,1.2672457245584392,1.477801005045398,0.9906140747108348,1.2672457245584392,0.0,0.7836753305075964,1.2365678270343146,0.6409915545428243,4.0949506759643555,0.5222222222222223,2.048682428335593,1.0528560658052482,5.451321503467105,3.7543981371208908,0.579991655811674,65.01956491916427,36.38372298675667,9.26878588803349,0.17554916713107174,0.8444444444444444,0.5666666666666667,0.11726666666666667,34.28272249194174,23.042230198055876,Wh,23.042230198055876,Wh
268,d7ec53f404a6b424728c8a7e2e358c3c,RollingRegression,"{""regression_model"": {""model"": ""DecisionTree"", ""model_params"": {""max_depth"": 9, ""min_samples_split"": 2}}, ""holiday"": false, ""mean_rolling_periods"": 30, ""macd_periods"": null, ""std_rolling_periods"": 7, ""max_rolling_periods"": null, ""min_rolling_periods"": 96, ""ewm_var_alpha"": null, ""quantile90_rolling_periods"": null, ""quantile10_rolling_periods"": null, ""ewm_alpha"": 0.5, ""additional_lag_periods"": 11, ""abs_energy"": false, ""rolling_autocorr_periods"": 7, ""nonzero_last_n"": null, ""add_date_part"": ""simple_2"", ""polynomial_degree"": null, ""x_transform"": null, ""regression_type"": null}","{""fillna"": ""linear"", ""transformations"": {""0"": ""Scaler"", ""1"": ""Scaler""}, ""transformation_params"": {""0"": {}, ""1"": {}}}",0,1,18.952205665043948,1.0638032585966821,1.2585756665772045,1.959635536721994,1.0638032585966821,0.0,-19.917625174802893,0.7773908500413385,43.910570340998035,0.9538437317367536,0.8393624775386783,0.9,0.4666666666666667,2.6898598670959473,0.4666666666666667,2.2596266077708185,0.8871550081510445,4.467924111699054,6.956938601621681,0.7841242584567155,23.992945166195145,15.891523827075048,9.968721862002552,0.07310655154939018,18.952205665043948,1.0638032585966821,1.2585756665772045,1.959635536721994,1.0638032585966821,0.0,0.7773908500413385,0.9538437317367536,0.8393624775386783,2.6898598670959473,0.4666666666666667,2.2596266077708185,0.8871550081510445,4.467924111699054,6.956938601621681,0.7841242584567155,23.992945166195145,15.891523827075048,9.968721862002552,0.07310655154939018,0.9,0.4666666666666667,6.0217,34.24413604183762,15.920741287088699,Wh,15.920741287088699,Wh
269,bc04c0b4608dfd8cf24dde42943c69fd,RollingRegression,"{""regression_model"": {""model"": ""ElasticNet"", ""model_params"": {""l1_ratio"": 0.1, ""fit_intercept"": true, ""selection"": ""cyclic"", ""max_iter"": 1000}}, ""holiday"": false, ""mean_rolling_periods"": null, ""macd_periods"": null, ""std_rolling_periods"": null, ""max_rolling_periods"": null, ""min_rolling_periods"": 96, ""ewm_var_alpha"": null, ""quantile90_rolling_periods"": null, ""quantile10_rolling_periods"": null, ""ewm_alpha"": null, ""additional_lag_periods"": 11, ""abs_energy"": false, ""rolling_autocorr_periods"": null, ""nonzero_last_n"": null, ""add_date_part"": null, ""polynomial_degree"": null, ""x_transform"": null, ""regression_type"": null}","{""fillna"": ""ffill"", ""transformations"": {""0"": ""Scaler""}, ""transformation_params"": {""0"": {}}}",0,1,17.970265609457012,1.027340763558836,1.2479905072412116,0.9964456685016725,1.027340763558836,0.0,-0.28041570220892975,0.6374019576633511,61.36003011132124,1.0271191939599675,0.8178121889561472,0.8666666666666667,0.5,2.185011490071796,0.2,2.385959732064755,0.8566225927542078,4.927200720469226,3.381707381203792,0.0036090663012446258,61.0796144091123,47.69652478331996,29.492795135222032,0.18610970635268467,17.970265609457012,1.027340763558836,1.2479905072412116,0.9964456685016725,1.027340763558836,0.0,0.6374019576633511,1.0271191939599675,0.8178121889561472,2.185011490071796,0.2,2.385959732064755,0.8566225927542078,4.927200720469226,3.381707381203792,0.0036090663012446258,61.0796144091123,47.69652478331996,29.492795135222032,0.18610970635268467,0.8666666666666667,0.5,0.3524,33.23290973207113,15.375048326018922,Wh,15.375048326018922,Wh
270,da00c4456656bbda2696a35efdaa28d6,RollingRegression,"{""regression_model"": {""model"": ""ExtraTrees"", ""model_params"": {""n_estimators"": 100, ""min_samples_leaf"": 1, ""max_depth"": 10}}, ""holiday"": false, ""mean_rolling_periods"": null, ""macd_periods"": null, ""std_rolling_periods"": null, ""max_rolling_periods"": 32, ""min_rolling_periods"": 7, ""ewm_var_alpha"": null, ""quantile90_rolling_periods"": null, ""quantile10_rolling_periods"": null, ""ewm_alpha"": null, ""additional_lag_periods"": 363, ""abs_energy"": false, ""rolling_autocorr_periods"": null, ""nonzero_last_n"": null, ""add_date_part"": ""expanded"", ""polynomial_degree"": null, ""x_transform"": null, ""regression_type"": null}","{""fillna"": ""quadratic"", ""transformations"": {""0"": ""Scaler"", ""1"": ""Scaler""}, ""transformation_params"": {""0"": {}, ""1"": {}}}",0,1,17.509055034841765,1.002596498686453,1.2460359994524601,1.4471703905246678,1.002596498686453,0.0,-8.304418297453555,0.6640549234822936,51.85137162373363,0.9648346735622776,0.8685266670053414,0.8833333333333333,0.35,2.9144006771438873,0.6166666666666667,2.1405628362603806,0.7869729407076388,5.02216769832147,3.7084986592005036,0.4524196984110789,43.54695332628007,22.290480561905675,12.178049781323313,0.13268765322950302,17.509055034841765,1.002596498686453,1.2460359994524601,1.4471703905246678,1.002596498686453,0.0,0.6640549234822936,0.9648346735622776,0.8685266670053414,2.9144006771438873,0.6166666666666667,2.1405628362603806,0.7869729407076388,5.02216769832147,3.7084986592005036,0.4524196984110789,43.54695332628007,22.290480561905675,12.178049781323313,0.13268765322950302,0.8833333333333333,0.35,1.4339,33.0384447188455,15.004728874382645,Wh,15.004728874382645,Wh
271,f35b128a207ce709972c167568d19770,RollingRegression,"{""regression_model"": {""model"": ""ExtraTrees"", ""model_params"": {""n_estimators"": 100, ""min_samples_leaf"": 1, ""max_depth"": 10}}, ""holiday"": false, ""mean_rolling_periods"": null, ""macd_periods"": null, ""std_rolling_periods"": null, ""max_rolling_periods"": 420, ""min_rolling_periods"": 7, ""ewm_var_alpha"": null, ""quantile90_rolling_periods"": null, ""quantile10_rolling_periods"": null, ""ewm_alpha"": null, ""additional_lag_periods"": 363, ""abs_energy"": false, ""rolling_autocorr_periods"": null, ""nonzero_last_n"": null, ""add_date_part"": ""expanded"", ""polynomial_degree"": null, ""x_transform"": null, ""regression_type"": null}","{""fillna"": ""ffill_mean_biased"", ""transformations"": {}, ""transformation_params"": {}}",0,1,17.457596169963047,0.9996700100020671,1.2447819257662747,1.4485672371703238,0.9996700100020671,0.0,-8.31657112967293,0.6612081539181993,51.66362947045109,0.9616999637553262,0.86255837387762,0.8666666666666667,0.43333333333333335,2.775989556732834,0.6166666666666667,2.1375968939403704,0.7873151308580163,5.044768267999151,3.7385423204645845,0.4586664328192486,43.347058340778155,21.797570125445002,11.46757070638705,0.1320785728118705,17.457596169963047,0.9996700100020671,1.2447819257662747,1.4485672371703238,0.9996700100020671,0.0,0.6612081539181993,0.9616999637553262,0.86255837387762,2.775989556732834,0.6166666666666667,2.1375968939403704,0.7873151308580163,5.044768267999151,3.7385423204645845,0.4586664328192486,43.347058340778155,21.797570125445002,11.46757070638705,0.1320785728118705,0.8666666666666667,0.43333333333333335,1.5325,32.91177903583925,14.960931425138918,Wh,14.960931425138918,Wh
272,66b62b278960aa672c93fd7785054e9b,ARIMA,"{""p"": 5, ""d"": 1, ""q"": 0, ""regression_type"": null}","{""fillna"": ""ffill"", ""transformations"": {""0"": ""Scaler""}, ""transformation_params"": {""0"": {}}}",0,1,14.275985262963253,0.7910306651303513,0.9319046379107154,1.0192017747111592,0.7910306651303513,0.0,-6.493717212007211,0.5637708940172319,40.96812269581386,0.7721694134797638,1.2874482936056102,1.0,0.55,1.7357596401533977,0.8,1.694046498147582,0.6569059813009778,3.583347911978156,2.2147207842725476,0.01556140486598077,34.47440548380665,20.570906575380935,28.333989239900326,0.10504358194372375,14.275985262963253,0.7910306651303513,0.9319046379107154,1.0192017747111592,0.7910306651303513,0.0,0.5637708940172319,0.7721694134797638,1.2874482936056102,1.7357596401533977,0.8,1.694046498147582,0.6569059813009778,3.583347911978156,2.2147207842725476,0.01556140486598077,34.47440548380665,20.570906575380935,28.333989239900326,0.10504358194372375,1.0,0.55,0.0974,32.2300713303941,11.838462110284514,Wh,11.838462110284514,Wh
273,da59ef18951bc5f7420df65e054bf7f2,ARIMA,"{""p"": 5, ""d"": 1, ""q"": 0, ""regression_type"": null}","{""fillna"": ""rolling_mean"", ""transformations"": {""0"": ""Scaler"", ""1"": ""Scaler"", ""2"": ""Scaler""}, ""transformation_params"": {""0"": {}, ""1"": {}, ""2"": {}}}",0,1,14.275985262963253,0.7910306651303513,0.9319046379107154,1.0192017747111592,0.7910306651303513,0.0,-6.493717212007211,0.5637708940172319,40.96812269581386,0.7721694134797638,1.2874482936056102,1.0,0.55,1.7357596401533977,0.8,1.694046498147582,0.6569059813009778,3.583347911978156,2.2147207842725476,0.01556140486598077,34.47440548380665,20.570906575380935,28.333989239900326,0.10504358194372375,14.275985262963253,0.7910306651303513,0.9319046379107154,1.0192017747111592,0.7910306651303513,0.0,0.5637708940172319,0.7721694134797638,1.2874482936056102,1.7357596401533977,0.8,1.694046498147582,0.6569059813009778,3.583347911978156,2.2147207842725476,0.01556140486598077,34.47440548380665,20.570906575380935,28.333989239900326,0.10504358194372375,1.0,0.55,0.0673,32.23006427638977,11.838462110284514,Wh,11.838462110284514,Wh
274,367fbc838faadca083fc169a483f7f52,ARIMA,"{""p"": 5, ""d"": 1, ""q"": 0, ""regression_type"": null}","{""fillna"": ""cubic"", ""transformations"": {""0"": ""Scaler"", ""1"": ""Scaler"", ""2"": ""Scaler"", ""3"": ""Scaler""}, ""transformation_params"": {""0"": {}, ""1"": {}, ""2"": {}, ""3"": {}}}",0,1,14.275985262963253,0.7910306651303513,0.9319046379107154,1.0192017747111592,0.7910306651303513,0.0,-6.493717212007211,0.5637708940172319,40.96812269581386,0.7721694134797638,1.2874482936056102,1.0,0.55,1.7357596401533977,0.8,1.694046498147582,0.6569059813009778,3.583347911978156,2.2147207842725476,0.01556140486598077,34.47440548380665,20.570906575380935,28.333989239900326,0.10504358194372375,14.275985262963253,0.7910306651303513,0.9319046379107154,1.0192017747111592,0.7910306651303513,0.0,0.5637708940172319,0.7721694134797638,1.2874482936056102,1.7357596401533977,0.8,1.694046498147582,0.6569059813009778,3.583347911978156,2.2147207842725476,0.01556140486598077,34.47440548380665,20.570906575380935,28.333989239900326,0.10504358194372375,1.0,0.55,0.0658,32.23006392486131,11.838462110284514,Wh,11.838462110284514,Wh
275,5dfe9f40f36ff8fc87c601b9235f06ec,SeasonalNaive,"{""method"": ""lastvalue"", ""lag_1"": 2, ""lag_2"": null}","{""fillna"": ""rolling_mean"", ""transformations"": {""0"": ""Scaler""}, ""transformation_params"": {""0"": {}}}",0,1,17.417580411962188,0.9910485744476318,1.1982859739392624,1.0566920596296219,0.9910485744476318,0.0,-1.226729393005371,0.6269375700863381,58.23618507385254,0.9894574078930906,0.8025333148438712,0.9166666666666666,0.4166666666666667,2.1452102661132812,0.08333333333333333,2.3819785770898743,0.8257228159436992,4.749675910177225,3.091676423122683,0.23090525186677624,57.00945568084717,43.193554404659224,21.93342587225995,0.1737079246280569,17.417580411962188,0.9910485744476318,1.1982859739392624,1.0566920596296219,0.9910485744476318,0.0,0.6269375700863381,0.9894574078930906,0.8025333148438712,2.1452102661132812,0.08333333333333333,2.3819785770898743,0.8257228159436992,4.749675910177225,3.091676423122683,0.23090525186677624,57.00945568084717,43.193554404659224,21.93342587225995,0.1737079246280569,0.9166666666666666,0.4166666666666667,0.094,32.22303179442828,14.831904141309632,Wh,14.831904141309632,Wh
276,21863ab0df8feac07f156f833da62c5b,SeasonalNaive,"{""method"": ""lastvalue"", ""lag_1"": 2, ""lag_2"": null}","{""fillna"": ""pchip"", ""transformations"": {""0"": ""Scaler""}, ""transformation_params"": {""0"": {}}}",0,1,17.417580411962188,0.9910485744476318,1.1982859739392624,1.0566920596296219,0.9910485744476318,0.0,-1.226729393005371,0.6269375700863381,58.23618507385254,0.9894574078930906,0.8025333148438712,0.9166666666666666,0.4166666666666667,2.1452102661132812,0.08333333333333333,2.3819785770898743,0.8257228159436992,4.749675910177225,3.091676423122683,0.23090525186677624,57.00945568084717,43.193554404659224,21.93342587225995,0.1737079246280569,17.417580411962188,0.9910485744476318,1.1982859739392624,1.0566920596296219,0.9910485744476318,0.0,0.6269375700863381,0.9894574078930906,0.8025333148438712,2.1452102661132812,0.08333333333333333,2.3819785770898743,0.8257228159436992,4.749675910177225,3.091676423122683,0.23090525186677624,57.00945568084717,43.193554404659224,21.93342587225995,0.1737079246280569,0.9166666666666666,0.4166666666666667,0.0926,32.22303146633506,14.831904141309632,Wh,14.831904141309632,Wh
277,52637509d59a8dd38ec6158a4120461d,SeasonalNaive,"{""method"": ""lastvalue"", ""lag_1"": 2, ""lag_2"": null}","{""fillna"": ""pchip"", ""transformations"": {""0"": ""Scaler"", ""1"": ""Scaler""}, ""transformation_params"": {""0"": {}, ""1"": {}}}",0,1,17.417580411962188,0.9910485744476318,1.1982859739392624,1.0566920596296219,0.9910485744476318,0.0,-1.226729393005371,0.6269375700863381,58.23618507385254,0.9894574078930906,0.8025333148438712,0.9166666666666666,0.4166666666666667,2.1452102661132812,0.08333333333333333,2.3819785770898743,0.8257228159436992,4.749675910177225,3.091676423122683,0.23090525186677624,57.00945568084717,43.193554404659224,21.93342587225995,0.1737079246280569,17.417580411962188,0.9910485744476318,1.1982859739392624,1.0566920596296219,0.9910485744476318,0.0,0.6269375700863381,0.9894574078930906,0.8025333148438712,2.1452102661132812,0.08333333333333333,2.3819785770898743,0.8257228159436992,4.749675910177225,3.091676423122683,0.23090525186677624,57.00945568084717,43.193554404659224,21.93342587225995,0.1737079246280569,0.9166666666666666,0.4166666666666667,0.091,32.223031091371375,14.831904141309632,Wh,14.831904141309632,Wh
278,fd7619e7d2200ac908adac44aa959ff1,RollingRegression,"{""regression_model"": {""model"": ""SVM"", ""model_params"": {""C"": 1.0, ""tol"": 0.001, ""epsilon"": 0.1, ""loss"": ""squared_epsilon_insensitive"", ""max_iter"": 200}}, ""holiday"": false, ""mean_rolling_periods"": 7, ""macd_periods"": null, ""std_rolling_periods"": 5, ""max_rolling_periods"": 7, ""min_rolling_periods"": 96, ""ewm_var_alpha"": null, ""quantile90_rolling_periods"": null, ""quantile10_rolling_periods"": null, ""ewm_alpha"": 0.5, ""additional_lag_periods"": 6, ""abs_energy"": false, ""rolling_autocorr_periods"": null, ""nonzero_last_n"": null, ""add_date_part"": null, ""polynomial_degree"": null, ""x_transform"": null, ""regression_type"": null}","{""fillna"": ""rolling_mean_24"", ""transformations"": {""0"": ""Scaler"", ""1"": ""Scaler"", ""2"": ""Scaler""}, ""transformation_params"": {""0"": {}, ""1"": {}, ""2"": {}}}",0,1,18.530235568776906,0.9269043306459135,1.0676659740800054,1.0127160626906129,0.9269043306459135,0.0,-52.84717968845323,0.9146898601431441,2.767080150301582,0.6275908254987111,0.785312398930003,1.0,0.55,2.0083557781400345,0.8,1.8419966243319763,0.7773628831332479,4.141326429817143,3.3410809298183364,0.0111325173774121,50.08009953815165,40.61300903673846,26.397318327616155,0.15259416270591483,18.530235568776906,0.9269043306459135,1.0676659740800054,1.0127160626906129,0.9269043306459135,0.0,0.9146898601431441,0.6275908254987111,0.785312398930003,2.0083557781400345,0.8,1.8419966243319763,0.7773628831332479,4.141326429817143,3.3410809298183364,0.0111325173774121,50.08009953815165,40.61300903673846,26.397318327616155,0.15259416270591483,1.0,0.55,0.3579,32.03746144964177,13.87192972651958,Wh,13.87192972651958,Wh
279,a04516339080339e8a910486a0687622,SeasonalNaive,"{""method"": ""lastvalue"", ""lag_1"": 7, ""lag_2"": null}","{""fillna"": ""mean"", ""transformations"": {""0"": ""Scaler""}, ""transformation_params"": {""0"": {}}}",0,1,17.417984638841386,0.9750530163447062,1.140462144131269,1.7453992964629517,0.9750530163447062,0.0,-19.44269847869873,0.7446713607000404,39.06048250198364,0.8644121573287712,0.8050925973439602,0.95,0.4,2.1452102661132812,0.45,2.1738342346420545,0.8099741561740053,3.7204537018434882,2.6061051513908287,0.6013002864161302,19.617784023284912,13.060557785824631,2.7641638590047113,0.0597754268618836,17.417984638841386,0.9750530163447062,1.140462144131269,1.7453992964629517,0.9750530163447062,0.0,0.7446713607000404,0.8644121573287712,0.8050925973439602,2.1452102661132812,0.45,2.1738342346420545,0.8099741561740053,3.7204537018434882,2.6061051513908287,0.6013002864161302,19.617784023284912,13.060557785824631,2.7641638590047113,0.0597754268618836,0.95,0.4,0.0838,31.713799926083002,14.592516697963001,Wh,14.592516697963001,Wh
280,7666a77a6417a6699a0da23fe08a6e61,SeasonalNaive,"{""method"": ""lastvalue"", ""lag_1"": 2, ""lag_2"": 1}","{""fillna"": ""rolling_mean_24"", ""transformations"": {}, ""transformation_params"": {}}",0,1,17.069937686637118,0.9682439168294271,1.1712323598980356,1.0242587022333691,0.9682439168294271,0.0,-1.5166141986846924,0.6179101938897826,56.57802081108093,0.9664386705229929,0.7984948859653782,0.95,0.4166666666666667,2.080275297164917,0.08333333333333333,2.3567150973903175,0.8060552793390611,4.64190830494833,2.9667283819145966,0.12210252689363256,55.06140661239624,41.198680112432754,25.863916766521932,0.16777221524944733,17.069937686637118,0.9682439168294271,1.1712323598980356,1.0242587022333691,0.9682439168294271,0.0,0.6179101938897826,0.9664386705229929,0.7984948859653782,2.080275297164917,0.08333333333333333,2.3567150973903175,0.8060552793390611,4.64190830494833,2.9667283819145966,0.12210252689363256,55.06140661239624,41.198680112432754,25.863916766521932,0.16777221524944733,0.95,0.4166666666666667,0.1047,31.659826336813595,14.490612599714794,Wh,14.490612599714794,Wh
281,187c09b231362015d663be7ac78c3989,SeasonalNaive,"{""method"": ""lastvalue"", ""lag_1"": 2, ""lag_2"": 1}","{""fillna"": ""pchip"", ""transformations"": {""0"": ""Scaler""}, ""transformation_params"": {""0"": {}}}",0,1,17.069937686637118,0.9682439168294271,1.1712323598980356,1.0242587022333691,0.9682439168294271,0.0,-1.5166141986846924,0.6179101938897826,56.57802081108093,0.9664386705229929,0.7984948859653782,0.95,0.4166666666666667,2.080275297164917,0.08333333333333333,2.3567150973903175,0.8060552793390611,4.64190830494833,2.9667283819145966,0.12210252689363256,55.06140661239624,41.198680112432754,25.863916766521932,0.16777221524944733,17.069937686637118,0.9682439168294271,1.1712323598980356,1.0242587022333691,0.9682439168294271,0.0,0.6179101938897826,0.9664386705229929,0.7984948859653782,2.080275297164917,0.08333333333333333,2.3567150973903175,0.8060552793390611,4.64190830494833,2.9667283819145966,0.12210252689363256,55.06140661239624,41.198680112432754,25.863916766521932,0.16777221524944733,0.95,0.4166666666666667,0.0938,31.65982378237349,14.490612599714794,Wh,14.490612599714794,Wh
282,b4f2ebbe6c584d7db7bca999a1a0fd49,SeasonalNaive,"{""method"": ""lastvalue"", ""lag_1"": 2, ""lag_2"": 1}","{""fillna"": ""quadratic"", ""transformations"": {""0"": ""Scaler""}, ""transformation_params"": {""0"": {}}}",0,1,17.069937686637118,0.9682439168294271,1.1712323598980356,1.0242587022333691,0.9682439168294271,0.0,-1.5166141986846924,0.6179101938897826,56.57802081108093,0.9664386705229929,0.7984948859653782,0.95,0.4166666666666667,2.080275297164917,0.08333333333333333,2.3567150973903175,0.8060552793390611,4.64190830494833,2.9667283819145966,0.12210252689363256,55.06140661239624,41.198680112432754,25.863916766521932,0.16777221524944733,17.069937686637118,0.9682439168294271,1.1712323598980356,1.0242587022333691,0.9682439168294271,0.0,0.6179101938897826,0.9664386705229929,0.7984948859653782,2.080275297164917,0.08333333333333333,2.3567150973903175,0.8060552793390611,4.64190830494833,2.9667283819145966,0.12210252689363256,55.06140661239624,41.198680112432754,25.863916766521932,0.16777221524944733,0.95,0.4166666666666667,0.089,31.659822657482433,14.490612599714794,Wh,14.490612599714794,Wh
283,976217d1da5df285463c4a740b662b05,SeasonalNaive,"{""method"": ""lastvalue"", ""lag_1"": 2, ""lag_2"": 28}","{""fillna"": ""pchip"", ""transformations"": {""0"": ""Scaler""}, ""transformation_params"": {""0"": {}}}",0,1,16.46242785715334,0.9304343700408936,1.1030053648892069,1.31874776552517,0.9304343700408936,0.0,-5.247310161590576,0.6274809319772457,50.57875204086304,0.9121212328595231,0.7890893970621013,0.9666666666666667,0.43333333333333335,1.9606151580810547,0.4666666666666667,2.093312608706173,0.7678595383961996,4.201218392937302,2.98919349795149,0.41948096697917153,45.33144187927246,31.881694091937394,10.750738613600083,0.13812499339282916,16.46242785715334,0.9304343700408936,1.1030053648892069,1.31874776552517,0.9304343700408936,0.0,0.6274809319772457,0.9121212328595231,0.7890893970621013,1.9606151580810547,0.4666666666666667,2.093312608706173,0.7678595383961996,4.201218392937302,2.98919349795149,0.41948096697917153,45.33144187927246,31.881694091937394,10.750738613600083,0.13812499339282916,0.9666666666666667,0.43333333333333335,0.0946,30.556875376588447,13.924759837244045,Wh,13.924759837244045,Wh
284,9379f6229997fc2fe9525d253a147ecc,SeasonalNaive,"{""method"": ""lastvalue"", ""lag_1"": 7, ""lag_2"": 2}","{""fillna"": ""mean"", ""transformations"": {}, ""transformation_params"": {}}",0,1,16.43784712901225,0.927236799399058,1.0780499910892154,1.345299029731042,0.927236799399058,0.0,-8.66029405593872,0.6479737608922569,46.97391390800476,0.8937507308461714,0.8027068088835229,0.9333333333333333,0.43333333333333335,2.1452102661132812,0.45,2.104914333996161,0.7611155416451248,3.95691761481251,2.4107068663355404,0.35271865582740164,38.31361985206604,24.6554126599742,13.404400488233856,0.11674167574497024,16.43784712901225,0.927236799399058,1.0780499910892154,1.345299029731042,0.927236799399058,0.0,0.6479737608922569,0.8937507308461714,0.8027068088835229,2.1452102661132812,0.45,2.104914333996161,0.7611155416451248,3.95691761481251,2.4107068663355404,0.35271865582740164,38.31361985206604,24.6554126599742,13.404400488233856,0.11674167574497024,0.9333333333333333,0.43333333333333335,0.0938,30.491183444476356,13.876905410662378,Wh,13.876905410662378,Wh
285,f10aa70fe7cc48db9ceb053806d1139a,RollingRegression,"{""regression_model"": {""model"": ""ElasticNet"", ""model_params"": {""l1_ratio"": 0.1, ""fit_intercept"": true, ""selection"": ""cyclic"", ""max_iter"": 1000}}, ""holiday"": false, ""mean_rolling_periods"": 7, ""macd_periods"": 364, ""std_rolling_periods"": 7, ""max_rolling_periods"": 24, ""min_rolling_periods"": 96, ""ewm_var_alpha"": null, ""quantile90_rolling_periods"": null, ""quantile10_rolling_periods"": null, ""ewm_alpha"": 0.2, ""additional_lag_periods"": 11, ""abs_energy"": false, ""rolling_autocorr_periods"": null, ""nonzero_last_n"": null, ""add_date_part"": null, ""polynomial_degree"": null, ""x_transform"": null, ""regression_type"": null}","{""fillna"": ""quadratic"", ""transformations"": {""0"": ""Scaler"", ""1"": ""Scaler""}, ""transformation_params"": {""0"": {}, ""1"": {}}}",0,1,16.08247228801738,0.9046620940241414,1.097008577937409,1.0009989322700386,0.9046620940241414,0.0,-2.0781592397214252,0.5913146462020726,52.201566401727064,0.9016789889389902,0.7928367994995417,0.9666666666666667,0.4666666666666667,1.9815971651612188,0.8166666666666667,1.7819875599107855,0.7475158721678781,4.277914947755831,2.599524468400613,0.005561576104736176,50.123407162005634,37.3024530653966,29.496303306329192,0.15272612112176717,16.08247228801738,0.9046620940241414,1.097008577937409,1.0009989322700386,0.9046620940241414,0.0,0.5913146462020726,0.9016789889389902,0.7928367994995417,1.9815971651612188,0.8166666666666667,1.7819875599107855,0.7475158721678781,4.277914947755831,2.599524468400613,0.005561576104736176,50.123407162005634,37.3024530653966,29.496303306329192,0.15272612112176717,0.9666666666666667,0.4666666666666667,0.36,30.15489258439605,13.539055304449684,Wh,13.539055304449684,Wh
286,f8d197344b0b622c8f8b45dc26dc8a81,SeasonalNaive,"{""method"": ""lastvalue"", ""lag_1"": 28, ""lag_2"": 1}","{""fillna"": ""ffill"", ""transformations"": {""0"": ""Scaler""}, ""transformation_params"": {""0"": {}}}",0,1,16.18325242752356,0.9124582131703695,1.0813733265935994,1.298796017799287,0.9124582131703695,0.0,-5.682049989700317,0.6211679956024341,49.06544280052185,0.8924476788500127,0.7890893970621013,0.9666666666666667,0.43333333333333335,1.9606151580810547,0.4666666666666667,2.0529432512512975,0.7530772919748344,4.102218851800535,2.993686092663257,0.40370724610233955,43.38339281082153,29.90308910901323,10.667085518239487,0.13218928401421962,16.18325242752356,0.9124582131703695,1.0813733265935994,1.298796017799287,0.9124582131703695,0.0,0.6211679956024341,0.8924476788500127,0.7890893970621013,1.9606151580810547,0.4666666666666667,2.0529432512512975,0.7530772919748344,4.102218851800535,2.993686092663257,0.40370724610233955,43.38339281082153,29.90308910901323,10.667085518239487,0.13218928401421962,0.9666666666666667,0.43333333333333335,0.09,30.13593299975943,13.655731010194511,Wh,13.655731010194511,Wh
287,e6b73acb8ad02b51ff4e531cb4a0e6d2,SeasonalNaive,"{""method"": ""lastvalue"", ""lag_1"": 7, ""lag_2"": 1}","{""fillna"": ""akima"", ""transformations"": {""0"": ""Scaler"", ""1"": ""Scaler""}, ""transformation_params"": {""0"": {}, ""1"": {}}}",0,1,16.20262590260497,0.9120853066444397,1.0582389194591129,1.3341590113937074,0.9120853066444397,0.0,-9.179773807525635,0.6442509937181828,45.54534459114075,0.8761927249901886,0.8008985632061425,0.95,0.4,2.0854098796844482,0.45,2.088492938470573,0.7483831947925044,3.8613314050836474,2.3322091975177663,0.34518050143386236,36.36557078361511,22.737785879992185,13.632458724909545,0.1108059663663607,16.20262590260497,0.9120853066444397,1.0582389194591129,1.3341590113937074,0.9120853066444397,0.0,0.6442509937181828,0.8761927249901886,0.8008985632061425,2.0854098796844482,0.45,2.088492938470573,0.7483831947925044,3.8613314050836474,2.3322091975177663,0.34518050143386236,36.36557078361511,22.737785879992185,13.632458724909545,0.1108059663663607,0.95,0.4,0.1006,30.111225639332062,13.650150139600614,Wh,13.650150139600614,Wh
288,eb126113799a80f23e50c9361970fbf1,RollingRegression,"{""regression_model"": {""model"": ""DecisionTree"", ""model_params"": {""max_depth"": 9, ""min_samples_split"": 1.0}}, ""holiday"": false, ""mean_rolling_periods"": 12, ""macd_periods"": 2, ""std_rolling_periods"": null, ""max_rolling_periods"": 7, ""min_rolling_periods"": null, ""ewm_var_alpha"": null, ""quantile90_rolling_periods"": null, ""quantile10_rolling_periods"": null, ""ewm_alpha"": null, ""additional_lag_periods"": 3, ""abs_energy"": false, ""rolling_autocorr_periods"": null, ""nonzero_last_n"": null, ""add_date_part"": null, ""polynomial_degree"": null, ""x_transform"": null, ""regression_type"": null}","{""fillna"": ""rolling_mean"", ""transformations"": {""0"": ""Scaler"", ""1"": ""Scaler""}, ""transformation_params"": {""0"": {}, ""1"": {}}}",0,1,15.795833919874443,0.886277650964671,1.0656545926667815,1.00432653376247,0.886277650964671,0.0,-3.20870279443675,0.5897534765926388,49.96795626344351,0.880301532936029,0.7903766543304978,0.9666666666666667,0.55,1.9359183147035797,0.8,1.7553251332571604,0.7336412523951862,4.195601838269535,2.500106732623926,0.0017933356659198556,46.759253469006765,32.82450262530913,29.585309613949846,0.14247553814107447,15.795833919874443,0.886277650964671,1.0656545926667815,1.00432653376247,0.886277650964671,0.0,0.5897534765926388,0.880301532936029,0.7903766543304978,1.9359183147035797,0.8,1.7553251332571604,0.7336412523951862,4.195601838269535,2.500106732623926,0.0017933356659198556,46.759253469006765,32.82450262530913,29.585309613949846,0.14247553814107447,0.9666666666666667,0.55,0.3223,29.63967143224292,13.26391611936846,Wh,13.26391611936846,Wh
289,67da6a0074d1ee17ff0b760112f25a5f,RollingRegression,"{""regression_model"": {""model"": ""DecisionTree"", ""model_params"": {""max_depth"": 9, ""min_samples_split"": 1.0}}, ""holiday"": false, ""mean_rolling_periods"": null, ""macd_periods"": null, ""std_rolling_periods"": null, ""max_rolling_periods"": 7, ""min_rolling_periods"": null, ""ewm_var_alpha"": null, ""quantile90_rolling_periods"": null, ""quantile10_rolling_periods"": null, ""ewm_alpha"": null, ""additional_lag_periods"": 11, ""abs_energy"": false, ""rolling_autocorr_periods"": null, ""nonzero_last_n"": null, ""add_date_part"": null, ""polynomial_degree"": null, ""x_transform"": null, ""regression_type"": null}","{""fillna"": ""rolling_mean"", ""transformations"": {""0"": ""Scaler"", ""1"": ""Scaler""}, ""transformation_params"": {""0"": {}, ""1"": {}}}",0,1,15.795833919874443,0.886277650964671,1.0656545926667815,1.00432653376247,0.886277650964671,0.0,-3.20870279443675,0.5897534765926388,49.96795626344351,0.880301532936029,0.7903766543304978,0.9666666666666667,0.55,1.9359183147035797,0.8,1.7553251332571604,0.7336412523951862,4.195601838269535,2.500106732623926,0.0017933356659198556,46.759253469006765,32.82450262530913,29.585309613949846,0.14247553814107447,15.795833919874443,0.886277650964671,1.0656545926667815,1.00432653376247,0.886277650964671,0.0,0.5897534765926388,0.880301532936029,0.7903766543304978,1.9359183147035797,0.8,1.7553251332571604,0.7336412523951862,4.195601838269535,2.500106732623926,0.0017933356659198556,46.759253469006765,32.82450262530913,29.585309613949846,0.14247553814107447,0.9666666666666667,0.55,0.2735,29.639659995850526,13.26391611936846,Wh,13.26391611936846,Wh
290,5a2a2b360a2a96d28d85a97241cd6468,RollingRegression,"{""regression_model"": {""model"": ""RANSAC"", ""model_params"": {}}, ""holiday"": false, ""mean_rolling_periods"": 5, ""macd_periods"": 12, ""std_rolling_periods"": null, ""max_rolling_periods"": 53, ""min_rolling_periods"": 4, ""ewm_var_alpha"": null, ""quantile90_rolling_periods"": null, ""quantile10_rolling_periods"": null, ""ewm_alpha"": 0.2, ""additional_lag_periods"": 35, ""abs_energy"": false, ""rolling_autocorr_periods"": null, ""nonzero_last_n"": null, ""add_date_part"": null, ""polynomial_degree"": null, ""x_transform"": null, ""regression_type"": null}","{""fillna"": ""rolling_mean"", ""transformations"": {""0"": ""Scaler""}, ""transformation_params"": {""0"": {}}}",0,1,16.42434517353836,0.8443028384125093,0.9821171824105239,0.9966777230428371,0.8443028384125093,0.0,-48.16856931784386,0.8358536725505895,2.4896009869067024,0.5820142342482828,0.785312398930003,1.0,0.5333333333333333,1.8338388076033478,0.8,1.8064768382674068,0.7061718231630968,3.53944654213972,2.76143125207451,0.018181908164682587,45.67896833093715,41.15838962955742,26.488166422810906,0.1391839071809204,16.42434517353836,0.8443028384125093,0.9821171824105239,0.9966777230428371,0.8443028384125093,0.0,0.8358536725505895,0.5820142342482828,0.785312398930003,1.8338388076033478,0.8,1.8064768382674068,0.7061718231630968,3.53944654213972,2.76143125207451,0.018181908164682587,45.67896833093715,41.15838962955742,26.488166422810906,0.1391839071809204,1.0,0.5333333333333333,0.427,29.60990304849683,12.635726530911512,Wh,12.635726530911512,Wh
291,fa2e886c31d4e07719cb54185465850d,SeasonalNaive,"{""method"": ""lastvalue"", ""lag_1"": 7, ""lag_2"": 28}","{""fillna"": ""ffill"", ""transformations"": {""0"": ""Scaler""}, ""transformation_params"": {""0"": {}}}",0,1,15.958784031976409,0.8927072564760844,1.0386681727431328,1.5295007250859172,0.8927072564760844,0.0,-13.463414669036865,0.6625871224917105,40.0990207195282,0.8290330024358784,0.7903023444861488,0.95,0.38333333333333336,1.9657297134399414,0.5666666666666667,1.997474300265655,0.7338410966536578,3.5934011474802676,2.6548926542232016,0.47008926785552013,26.635606050491333,15.72424481240652,5.377937509896803,0.08115874450974252,15.958784031976409,0.8927072564760844,1.0386681727431328,1.5295007250859172,0.8927072564760844,0.0,0.6625871224917105,0.8290330024358784,0.7903023444861488,1.9657297134399414,0.5666666666666667,1.997474300265655,0.7338410966536578,3.5934011474802676,2.6548926542232016,0.47008926785552013,26.635606050491333,15.72424481240652,5.377937509896803,0.08115874450974252,0.95,0.38333333333333336,0.0955,29.58611996521681,13.360140759684269,Wh,13.360140759684269,Wh
292,5d59154de51f20a227152449d45f1b76,SeasonalNaive,"{""method"": ""lastvalue"", ""lag_1"": 7, ""lag_2"": 28}","{""fillna"": ""mean"", ""transformations"": {""0"": ""Scaler""}, ""transformation_params"": {""0"": {}}}",0,1,15.958784031976409,0.8927072564760844,1.0386681727431328,1.5295007250859172,0.8927072564760844,0.0,-13.463414669036865,0.6625871224917105,40.0990207195282,0.8290330024358784,0.7903023444861488,0.95,0.38333333333333336,1.9657297134399414,0.5666666666666667,1.997474300265655,0.7338410966536578,3.5934011474802676,2.6548926542232016,0.47008926785552013,26.635606050491333,15.72424481240652,5.377937509896803,0.08115874450974252,15.958784031976409,0.8927072564760844,1.0386681727431328,1.5295007250859172,0.8927072564760844,0.0,0.6625871224917105,0.8290330024358784,0.7903023444861488,1.9657297134399414,0.5666666666666667,1.997474300265655,0.7338410966536578,3.5934011474802676,2.6548926542232016,0.47008926785552013,26.635606050491333,15.72424481240652,5.377937509896803,0.08115874450974252,0.95,0.38333333333333336,0.0912,29.586118957501906,13.360140759684269,Wh,13.360140759684269,Wh
293,010ff5b904c45c7f4eba3e5080a88a60,SeasonalNaive,"{""method"": ""lastvalue"", ""lag_1"": 7, ""lag_2"": 28}","{""fillna"": ""mean"", ""transformations"": {""0"": null}, ""transformation_params"": {""0"": {}}}",0,1,15.958784031976409,0.8927072564760844,1.0386681727431328,1.5295007250859172,0.8927072564760844,0.0,-13.463414669036865,0.6625871224917105,40.0990207195282,0.8290330024358784,0.7903023444861488,0.95,0.38333333333333336,1.9657297134399414,0.5666666666666667,1.997474300265655,0.7338410966536578,3.5934011474802676,2.6548926542232016,0.47008926785552013,26.635606050491333,15.72424481240652,5.377937509896803,0.08115874450974252,15.958784031976409,0.8927072564760844,1.0386681727431328,1.5295007250859172,0.8927072564760844,0.0,0.6625871224917105,0.8290330024358784,0.7903023444861488,1.9657297134399414,0.5666666666666667,1.997474300265655,0.7338410966536578,3.5934011474802676,2.6548926542232016,0.47008926785552013,26.635606050491333,15.72424481240652,5.377937509896803,0.08115874450974252,0.95,0.38333333333333336,0.0909,29.586118887196214,13.360140759684269,Wh,13.360140759684269,Wh
294,b5d5bdfe8a22f0cc2cf3c8537490b269,DatepartRegression,"{""regression_model"": {""model"": ""Adaboost"", ""model_params"": {""n_estimators"": 50, ""loss"": ""linear"", ""estimator"": ""ExtraTree"", ""learning_rate"": 0.25, ""max_depth"": 3}}, ""datepart_method"": ""common_fourier"", ""polynomial_degree"": null, ""holiday_countries_used"": false, ""lags"": null, ""forward_lags"": null, ""regression_type"": null}","{""fillna"": ""fake_date"", ""transformations"": {""0"": ""Scaler"", ""1"": ""Scaler""}, ""transformation_params"": {""0"": {}, ""1"": {}}}",0,3,16.15778941609426,1.031871569332556,1.2136421456640443,0.726897442637579,1.031871569332556,0.0,-8.362450371821735,0.6641252576839047,177.37443210803835,1.0227233342110653,0.6032448919182681,0.9,0.5333333333333333,3.11137269337972,0.6055555555555555,1.8635093273888554,0.8474194144675762,4.757772548281771,3.009289480479811,0.27780970503371266,56.33732724540554,32.916177566936256,15.239464946784649,0.1568440415513668,16.15778941609426,1.031871569332556,1.2136421456640443,0.726897442637579,1.031871569332556,0.0,0.6641252576839047,1.0227233342110653,0.6032448919182681,3.11137269337972,0.6055555555555555,1.8635093273888554,0.8474194144675762,4.757772548281771,3.009289480479811,0.27780970503371266,56.33732724540554,32.916177566936256,15.239464946784649,0.1568440415513668,0.9,0.5333333333333333,0.15763333333333332,29.39942595959513,18.657703063920582,Wh,18.657703063920582,Wh
295,a31fa72777cafd5bbd64ff616d5a94eb,SeasonalNaive,"{""method"": ""lastvalue"", ""lag_1"": 12, ""lag_2"": 1}","{""fillna"": ""ffill"", ""transformations"": {""0"": ""Scaler"", ""1"": ""Scaler"", ""2"": ""Scaler""}, ""transformation_params"": {""0"": {}, ""1"": {}, ""2"": {}}}",0,1,15.393558986562974,0.8644834756851196,1.0212273222311057,1.0865854855246382,0.8644834756851196,0.0,-4.1538896560668945,0.5926616535890852,47.71511888504028,0.8516837732541731,0.7912024521856148,0.9833333333333333,0.5166666666666667,2.0418200492858887,0.43333333333333335,2.0217615061931182,0.7005183930490532,4.005874640689059,2.3277148335749915,0.2790209232285293,43.56122922897339,30.0504644322857,17.81435456940858,0.13273115193334842,15.393558986562974,0.8644834756851196,1.0212273222311057,1.0865854855246382,0.8644834756851196,0.0,0.5926616535890852,0.8516837732541731,0.7912024521856148,2.0418200492858887,0.43333333333333335,2.0217615061931182,0.7005183930490532,4.005874640689059,2.3277148335749915,0.2790209232285293,43.56122922897339,30.0504644322857,17.81435456940858,0.13273115193334842,0.9833333333333333,0.5166666666666667,0.091,29.023614884353506,12.937747325103889,Wh,12.937747325103889,Wh
296,279f57c1c106225c0c3061874b62a6f3,SeasonalNaive,"{""method"": ""lastvalue"", ""lag_1"": 12, ""lag_2"": 1}","{""fillna"": ""cubic"", ""transformations"": {""0"": ""Scaler""}, ""transformation_params"": {""0"": {}}}",0,1,15.393558986562974,0.8644834756851196,1.0212273222311057,1.0865854855246382,0.8644834756851196,0.0,-4.1538896560668945,0.5926616535890852,47.71511888504028,0.8516837732541731,0.7912024521856148,0.9833333333333333,0.5166666666666667,2.0418200492858887,0.43333333333333335,2.0217615061931182,0.7005183930490532,4.005874640689059,2.3277148335749915,0.2790209232285293,43.56122922897339,30.0504644322857,17.81435456940858,0.13273115193334842,15.393558986562974,0.8644834756851196,1.0212273222311057,1.0865854855246382,0.8644834756851196,0.0,0.5926616535890852,0.8516837732541731,0.7912024521856148,2.0418200492858887,0.43333333333333335,2.0217615061931182,0.7005183930490532,4.005874640689059,2.3277148335749915,0.2790209232285293,43.56122922897339,30.0504644322857,17.81435456940858,0.13273115193334842,0.9833333333333333,0.5166666666666667,0.0898,29.023614603130742,12.937747325103889,Wh,12.937747325103889,Wh
297,bf32cbed396a7c6c620db8a208b9c7b1,DatepartRegression,"{""regression_model"": {""model"": ""MLP"", ""model_params"": {""hidden_layer_sizes"": [72, 36, 72], ""max_iter"": 250, ""activation"": ""tanh"", ""solver"": ""adam"", ""early_stopping"": false, ""learning_rate_init"": 0.01, ""alpha"": 0.0}}, ""datepart_method"": [""morlet_365.25_12_12"", ""ricker_7_7_1""], ""polynomial_degree"": null, ""holiday_countries_used"": true, ""lags"": null, ""forward_lags"": null, ""regression_type"": null}","{""fillna"": ""fake_date"", ""transformations"": {""0"": ""Scaler"", ""1"": ""Scaler""}, ""transformation_params"": {""0"": {}, ""1"": {}}}",0,3,15.48725243703621,0.9788134383467377,1.126267842781636,0.7714146521861721,0.9788134383467377,0.0,-12.181363295177864,0.6518162143198997,164.00505560723494,0.9651679732464924,0.5814455183880712,0.9277777777777777,0.5166666666666667,2.8346648167838273,0.5222222222222223,1.8617617345773905,0.8174773436152027,4.151762612185002,2.947879653709831,0.13634392251935942,50.60789743735236,29.958912262479938,14.759828215020804,0.14026250832716372,15.48725243703621,0.9788134383467377,1.126267842781636,0.7714146521861721,0.9788134383467377,0.0,0.6518162143198997,0.9651679732464924,0.5814455183880712,2.8346648167838273,0.5222222222222223,1.8617617345773905,0.8174773436152027,4.151762612185002,2.947879653709831,0.13634392251935942,50.60789743735236,29.958912262479938,14.759828215020804,0.14026250832716372,0.9277777777777777,0.5166666666666667,0.37243333333333334,28.006218493442926,17.943919414219447,Wh,17.943919414219447,Wh
298,4a45a44171e883416eaef96eb696e5e5,DatepartRegression,"{""regression_model"": {""model"": ""DecisionTree"", ""model_params"": {""max_depth"": null, ""min_samples_split"": 1.0}}, ""datepart_method"": ""recurring"", ""polynomial_degree"": 2, ""holiday_countries_used"": false, ""lags"": null, ""forward_lags"": null, ""regression_type"": null}","{""fillna"": ""ffill_mean_biased"", ""transformations"": {""0"": ""Scaler""}, ""transformation_params"": {""0"": {}}}",0,3,15.027245951042891,0.9555174188732689,1.1614104344238878,0.7512923381377247,0.9555174188732689,0.0,-7.117359858528165,0.6220668188457709,164.87577553866024,0.9499084200250271,0.6177033567729808,0.9166666666666666,0.5222222222222223,3.3377000263759076,0.6055555555555555,1.8267793024092214,0.7485999113391427,4.40036995155038,2.5969497433429183,0.06457416120575184,52.58613856004402,28.60735942209659,20.624491687939358,0.14440384652340213,15.027245951042891,0.9555174188732689,1.1614104344238878,0.7512923381377247,0.9555174188732689,0.0,0.6220668188457709,0.9499084200250271,0.6177033567729808,3.3377000263759076,0.6055555555555555,1.8267793024092214,0.7485999113391427,4.40036995155038,2.5969497433429183,0.06457416120575184,52.58613856004402,28.60735942209659,20.624491687939358,0.14440384652340213,0.9166666666666666,0.5222222222222223,0.09526666666666667,28.00424044693391,15.632051782697113,Wh,15.632051782697113,Wh
299,83b72051fe0d6f0ee232e04ec2e5599f,ARIMA,"{""p"": 1, ""d"": 0, ""q"": 12, ""regression_type"": null}","{""fillna"": ""cubic"", ""transformations"": {""0"": ""Scaler""}, ""transformation_params"": {""0"": {}}}",0,1,13.068602013430693,0.7182004588503668,0.8519178416682656,1.031328336945328,0.7182004588503668,0.0,-7.307725487245687,0.5286854089404222,35.784302043776314,0.694953272994386,0.9683713524293448,1.0,0.5,1.6255795822585117,0.8,1.6516720484510972,0.5919884424441286,3.077701209221291,1.7763351691689686,0.04942509667331243,28.476576556530624,16.982170073683402,26.243181629335446,0.08676818529612396,13.068602013430693,0.7182004588503668,0.8519178416682656,1.031328336945328,0.7182004588503668,0.0,0.5286854089404222,0.694953272994386,0.9683713524293448,1.6255795822585117,0.8,1.6516720484510972,0.5919884424441286,3.077701209221291,1.7763351691689686,0.04942509667331243,28.476576556530624,16.982170073683402,26.243181629335446,0.08676818529612396,1.0,0.5,0.7587,27.379977620371868,10.748494710110814,Wh,10.748494710110814,Wh
300,3fd19284f50faed8004ca0233cdc7071,RollingRegression,"{""regression_model"": {""model"": ""HistGradientBoost"", ""model_params"": {""loss"": ""squared_error"", ""learning_rate"": 0.1, ""max_depth"": null, ""min_samples_leaf"": 20, ""max_iter"": 50, ""l2_regularization"": 0.02}}, ""holiday"": false, ""mean_rolling_periods"": 30, ""macd_periods"": 2, ""std_rolling_periods"": 5, ""max_rolling_periods"": 24, ""min_rolling_periods"": null, ""ewm_var_alpha"": null, ""quantile90_rolling_periods"": null, ""quantile10_rolling_periods"": null, ""ewm_alpha"": 0.2, ""additional_lag_periods"": 27, ""abs_energy"": false, ""rolling_autocorr_periods"": null, ""nonzero_last_n"": null, ""add_date_part"": ""simple"", ""polynomial_degree"": null, ""x_transform"": null, ""regression_type"": null}","{""fillna"": ""fake_date"", ""transformations"": {""0"": ""Scaler""}, ""transformation_params"": {""0"": {}}}",0,1,14.335823428096258,0.7954357614363112,0.9430491317075256,1.065086904922594,0.7954357614363112,0.0,-6.911584618510284,0.5665163335549523,40.8145610676684,0.774083346306203,0.7853123989300028,1.0,0.36666666666666664,1.8351665311351724,0.7666666666666667,1.7255668271288616,0.6523904978989218,3.6038986839938834,2.2506193233439458,0.10639247194642738,33.90297644915811,19.903614928194973,25.59230658288879,0.10330243654081545,14.335823428096258,0.7954357614363112,0.9430491317075256,1.065086904922594,0.7954357614363112,0.0,0.5665163335549523,0.774083346306203,0.7853123989300028,1.8351665311351724,0.7666666666666667,1.7255668271288616,0.6523904978989218,3.6038986839938834,2.2506193233439458,0.10639247194642738,33.90297644915811,19.903614928194973,25.59230658288879,0.10330243654081545,1.0,0.36666666666666664,0.752,27.363026503265054,11.90438820899229,Wh,11.90438820899229,Wh
301,3902354813adb157415d796184c539b2,ARIMA,"{""p"": 1, ""d"": 0, ""q"": 12, ""regression_type"": ""Holiday""}","{""fillna"": ""fake_date"", ""transformations"": {""0"": ""Scaler"", ""1"": ""Scaler"", ""2"": ""Scaler""}, ""transformation_params"": {""0"": {}, ""1"": {}, ""2"": {}}}",0,1,12.978181398282349,0.7128659777661923,0.837290867761254,1.0761140659229564,0.7128659777661923,0.0,-8.880426110671744,0.5378311584251426,33.8915325552998,0.679786811840513,0.9744104947057369,1.0,0.5,1.6103557380146878,0.8,1.6545224476303146,0.5885604255983433,2.9492088677892245,2.6991539711683945,0.1552207087046855,25.01110644462805,15.241022245678312,22.402573265532368,0.07620889098591015,12.978181398282349,0.7128659777661923,0.837290867761254,1.0761140659229564,0.7128659777661923,0.0,0.5378311584251426,0.679786811840513,0.9744104947057369,1.6103557380146878,0.8,1.6545224476303146,0.5885604255983433,2.9492088677892245,2.6991539711683945,0.1552207087046855,25.01110644462805,15.241022245678312,22.402573265532368,0.07620889098591015,1.0,0.5,2.0021,27.270775510822624,10.668659559620632,Wh,10.668659559620632,Wh
302,8d9765db84e08e77cd6fe5df77d88690,ARIMA,"{""p"": 5, ""d"": 0, ""q"": 12, ""regression_type"": null}","{""fillna"": ""quadratic"", ""transformations"": {""0"": null}, ""transformation_params"": {""0"": {}}}",0,1,13.282175642649378,0.7307163318540595,0.8770124088185851,0.999294517741383,0.7307163318540595,0.0,-5.840672075131877,0.5258147825222799,38.00230783611169,0.7138972485218299,0.9211054201434962,1.0,0.5166666666666667,1.6866622457559055,0.8,1.6606264695028028,0.5949393725054591,3.288871152730866,1.6470079297610958,0.08945841789114761,32.16163576097981,19.64403692281996,24.399478513538217,0.09799656800722993,13.282175642649378,0.7307163318540595,0.8770124088185851,0.999294517741383,0.7307163318540595,0.0,0.5258147825222799,0.7138972485218299,0.9211054201434962,1.6866622457559055,0.8,1.6606264695028028,0.5949393725054591,3.288871152730866,1.6470079297610958,0.08945841789114761,32.16163576097981,19.64403692281996,24.399478513538217,0.09799656800722993,1.0,0.5166666666666667,9.1448,27.268038694048663,10.935805638577705,Wh,10.935805638577705,Wh
303,263e7fa35fb96683fcc11bc6bfd098ad,ARIMA,"{""p"": 5, ""d"": 0, ""q"": 12, ""regression_type"": null}","{""fillna"": ""pchip"", ""transformations"": {""0"": ""Scaler"", ""1"": ""Scaler"", ""2"": ""Scaler"", ""3"": ""Scaler""}, ""transformation_params"": {""0"": {}, ""1"": {}, ""2"": {}, ""3"": {}}}",0,1,13.282175642649378,0.7307163318540595,0.8770124088185851,0.999294517741383,0.7307163318540595,0.0,-5.840672075131877,0.5258147825222799,38.00230783611169,0.7138972485218299,0.9211054201434962,1.0,0.5166666666666667,1.6866622457559055,0.8,1.6606264695028028,0.5949393725054591,3.288871152730866,1.6470079297610958,0.08945841789114761,32.16163576097981,19.64403692281996,24.399478513538217,0.09799656800722993,13.282175642649378,0.7307163318540595,0.8770124088185851,0.999294517741383,0.7307163318540595,0.0,0.5258147825222799,0.7138972485218299,0.9211054201434962,1.6866622457559055,0.8,1.6606264695028028,0.5949393725054591,3.288871152730866,1.6470079297610958,0.08945841789114761,32.16163576097981,19.64403692281996,24.399478513538217,0.09799656800722993,1.0,0.5166666666666667,5.2813,27.267133273925324,10.935805638577705,Wh,10.935805638577705,Wh
304,49aea080f75d96728be8d7265279e668,ARIMA,"{""p"": 5, ""d"": 0, ""q"": 12, ""regression_type"": null}","{""fillna"": ""quadratic"", ""transformations"": {""0"": ""Scaler"", ""1"": ""Scaler""}, ""transformation_params"": {""0"": {}, ""1"": {}}}",0,1,13.282175642649378,0.7307163318540595,0.8770124088185851,0.999294517741383,0.7307163318540595,0.0,-5.840672075131877,0.5258147825222799,38.00230783611169,0.7138972485218299,0.9211054201434962,1.0,0.5166666666666667,1.6866622457559055,0.8,1.6606264695028028,0.5949393725054591,3.288871152730866,1.6470079297610958,0.08945841789114761,32.16163576097981,19.64403692281996,24.399478513538217,0.09799656800722993,13.282175642649378,0.7307163318540595,0.8770124088185851,0.999294517741383,0.7307163318540595,0.0,0.5258147825222799,0.7138972485218299,0.9211054201434962,1.6866622457559055,0.8,1.6606264695028028,0.5949393725054591,3.288871152730866,1.6470079297610958,0.08945841789114761,32.16163576097981,19.64403692281996,24.399478513538217,0.09799656800722993,1.0,0.5166666666666667,4.9549,27.26705678133357,10.935805638577705,Wh,10.935805638577705,Wh
305,3944b319857e33e1d656f0ebdf0fcd94,ARIMA,"{""p"": 5, ""d"": 0, ""q"": 12, ""regression_type"": null}","{""fillna"": ""ffill"", ""transformations"": {""0"": ""Scaler""}, ""transformation_params"": {""0"": {}}}",0,1,13.282175642649378,0.7307163318540595,0.8770124088185851,0.999294517741383,0.7307163318540595,0.0,-5.840672075131877,0.5258147825222799,38.00230783611169,0.7138972485218299,0.9211054201434962,1.0,0.5166666666666667,1.6866622457559055,0.8,1.6606264695028028,0.5949393725054591,3.288871152730866,1.6470079297610958,0.08945841789114761,32.16163576097981,19.64403692281996,24.399478513538217,0.09799656800722993,13.282175642649378,0.7307163318540595,0.8770124088185851,0.999294517741383,0.7307163318540595,0.0,0.5258147825222799,0.7138972485218299,0.9211054201434962,1.6866622457559055,0.8,1.6606264695028028,0.5949393725054591,3.288871152730866,1.6470079297610958,0.08945841789114761,32.16163576097981,19.64403692281996,24.399478513538217,0.09799656800722993,1.0,0.5166666666666667,4.8742,27.2670378691027,10.935805638577705,Wh,10.935805638577705,Wh
306,c4e61d03730a0c1d9afff2b57ec491b4,ARIMA,"{""p"": 5, ""d"": 0, ""q"": 12, ""regression_type"": null}","{""fillna"": ""cubic"", ""transformations"": {""0"": ""Scaler"", ""1"": ""Scaler""}, ""transformation_params"": {""0"": {}, ""1"": {}}}",0,1,13.282175642649378,0.7307163318540595,0.8770124088185851,0.999294517741383,0.7307163318540595,0.0,-5.840672075131877,0.5258147825222799,38.00230783611169,0.7138972485218299,0.9211054201434962,1.0,0.5166666666666667,1.6866622457559055,0.8,1.6606264695028028,0.5949393725054591,3.288871152730866,1.6470079297610958,0.08945841789114761,32.16163576097981,19.64403692281996,24.399478513538217,0.09799656800722993,13.282175642649378,0.7307163318540595,0.8770124088185851,0.999294517741383,0.7307163318540595,0.0,0.5258147825222799,0.7138972485218299,0.9211054201434962,1.6866622457559055,0.8,1.6606264695028028,0.5949393725054591,3.288871152730866,1.6470079297610958,0.08945841789114761,32.16163576097981,19.64403692281996,24.399478513538217,0.09799656800722993,1.0,0.5166666666666667,4.6189,27.2669780389597,10.935805638577705,Wh,10.935805638577705,Wh
307,7db314e31f6be8643f587f12f78db0eb,ARIMA,"{""p"": 5, ""d"": 0, ""q"": 12, ""regression_type"": null}","{""fillna"": ""cubic"", ""transformations"": {""0"": ""Scaler""}, ""transformation_params"": {""0"": {}}}",0,1,13.282175642649378,0.7307163318540595,0.8770124088185851,0.999294517741383,0.7307163318540595,0.0,-5.840672075131877,0.5258147825222799,38.00230783611169,0.7138972485218299,0.9211054201434962,1.0,0.5166666666666667,1.6866622457559055,0.8,1.6606264695028028,0.5949393725054591,3.288871152730866,1.6470079297610958,0.08945841789114761,32.16163576097981,19.64403692281996,24.399478513538217,0.09799656800722993,13.282175642649378,0.7307163318540595,0.8770124088185851,0.999294517741383,0.7307163318540595,0.0,0.5258147825222799,0.7138972485218299,0.9211054201434962,1.6866622457559055,0.8,1.6606264695028028,0.5949393725054591,3.288871152730866,1.6470079297610958,0.08945841789114761,32.16163576097981,19.64403692281996,24.399478513538217,0.09799656800722993,1.0,0.5166666666666667,4.5673,27.266965946380854,10.935805638577705,Wh,10.935805638577705,Wh
308,f42c8b75102aff876fb609a75f13e5ed,ARIMA,"{""p"": 5, ""d"": 0, ""q"": 12, ""regression_type"": null}","{""fillna"": ""ffill"", ""transformations"": {""0"": ""Scaler"", ""1"": ""Scaler""}, ""transformation_params"": {""0"": {}, ""1"": {}}}",0,1,13.282175642649378,0.7307163318540595,0.8770124088185851,0.999294517741383,0.7307163318540595,0.0,-5.840672075131877,0.5258147825222799,38.00230783611169,0.7138972485218299,0.9211054201434962,1.0,0.5166666666666667,1.6866622457559055,0.8,1.6606264695028028,0.5949393725054591,3.288871152730866,1.6470079297610958,0.08945841789114761,32.16163576097981,19.64403692281996,24.399478513538217,0.09799656800722993,13.282175642649378,0.7307163318540595,0.8770124088185851,0.999294517741383,0.7307163318540595,0.0,0.5258147825222799,0.7138972485218299,0.9211054201434962,1.6866622457559055,0.8,1.6606264695028028,0.5949393725054591,3.288871152730866,1.6470079297610958,0.08945841789114761,32.16163576097981,19.64403692281996,24.399478513538217,0.09799656800722993,1.0,0.5166666666666667,4.4881,27.266947385678442,10.935805638577705,Wh,10.935805638577705,Wh
309,d22f7cf7defd38f88ef8bfd5d9fad5ed,ARIMA,"{""p"": 5, ""d"": 0, ""q"": 12, ""regression_type"": ""Holiday""}","{""fillna"": ""rolling_mean"", ""transformations"": {""0"": ""Scaler"", ""1"": ""Scaler""}, ""transformation_params"": {""0"": {}, ""1"": {}}}",0,1,13.154836325778833,0.7235807042801524,0.8600489183015336,1.0408113083517698,0.7235807042801524,0.0,-7.107213081497576,0.531409945502622,36.30762917531157,0.6996920682304368,0.9302525151404452,1.0,0.5333333333333333,1.6785705750241569,0.8,1.6581946307677062,0.5884474538362997,3.1737630766652525,2.081109095461098,0.17805870942785704,29.200416093813985,17.39098629036589,21.0185303070187,0.0889737258031081,13.154836325778833,0.7235807042801524,0.8600489183015336,1.0408113083517698,0.7235807042801524,0.0,0.531409945502622,0.6996920682304368,0.9302525151404452,1.6785705750241569,0.8,1.6581946307677062,0.5884474538362997,3.1737630766652525,2.081109095461098,0.17805870942785704,29.200416093813985,17.39098629036589,21.0185303070187,0.0889737258031081,1.0,0.5333333333333333,10.9067,27.13643914342829,10.829014763848619,Wh,10.829014763848619,Wh
310,d643c3f1838bbcc1b765b97970ea7e33,ARIMA,"{""p"": 4, ""d"": 0, ""q"": 12, ""regression_type"": null}","{""fillna"": ""cubic"", ""transformations"": {""0"": ""Scaler"", ""1"": ""Scaler"", ""2"": ""Scaler"", ""3"": ""Scaler""}, ""transformation_params"": {""0"": {}, ""1"": {}, ""2"": {}, ""3"": {}}}",0,1,13.258637817636359,0.7292335738128378,0.8798396096059,0.992405916414116,0.7292335738128378,0.0,-5.643875475461668,0.5228559274457643,38.1101389533086,0.7129818904922262,0.88424845782627,1.0,0.55,1.6936274911962181,0.8166666666666667,1.6517746666091189,0.5923544575136196,3.3212166550379547,1.6244147327344127,0.08968638805073423,32.46626347784693,19.69202606113666,24.230673502131836,0.09892476926523541,13.258637817636359,0.7292335738128378,0.8798396096059,0.992405916414116,0.7292335738128378,0.0,0.5228559274457643,0.7129818904922262,0.88424845782627,1.6936274911962181,0.8166666666666667,1.6517746666091189,0.5923544575136196,3.3212166550379547,1.6244147327344127,0.08968638805073423,32.46626347784693,19.69202606113666,24.230673502131836,0.09892476926523541,1.0,0.55,5.9556,26.885225816540647,10.913614874472714,Wh,10.913614874472714,Wh
311,db0e41fb25290810d4a0fb21211c4c5d,ARIMA,"{""p"": 4, ""d"": 0, ""q"": 12, ""regression_type"": null}","{""fillna"": ""cubic"", ""transformations"": {}, ""transformation_params"": {}}",0,1,13.258637817636359,0.7292335738128378,0.8798396096059,0.992405916414116,0.7292335738128378,0.0,-5.643875475461668,0.5228559274457643,38.1101389533086,0.7129818904922262,0.88424845782627,1.0,0.55,1.6936274911962181,0.8166666666666667,1.6517746666091189,0.5923544575136196,3.3212166550379547,1.6244147327344127,0.08968638805073423,32.46626347784693,19.69202606113666,24.230673502131836,0.09892476926523541,13.258637817636359,0.7292335738128378,0.8798396096059,0.992405916414116,0.7292335738128378,0.0,0.5228559274457643,0.7129818904922262,0.88424845782627,1.6936274911962181,0.8166666666666667,1.6517746666091189,0.5923544575136196,3.3212166550379547,1.6244147327344127,0.08968638805073423,32.46626347784693,19.69202606113666,24.230673502131836,0.09892476926523541,1.0,0.55,3.2354,26.884588331405535,10.913614874472714,Wh,10.913614874472714,Wh
312,6bce05fc6d5146096d47c58a4fa0ef74,ARIMA,"{""p"": 4, ""d"": 0, ""q"": 12, ""regression_type"": null}","{""fillna"": ""ffill"", ""transformations"": {""0"": ""Scaler"", ""1"": ""Scaler"", ""2"": ""Scaler"", ""3"": ""Scaler""}, ""transformation_params"": {""0"": {}, ""1"": {}, ""2"": {}, ""3"": {}}}",0,1,13.258637817636359,0.7292335738128378,0.8798396096059,0.992405916414116,0.7292335738128378,0.0,-5.643875475461668,0.5228559274457643,38.1101389533086,0.7129818904922262,0.88424845782627,1.0,0.55,1.6936274911962181,0.8166666666666667,1.6517746666091189,0.5923544575136196,3.3212166550379547,1.6244147327344127,0.08968638805073423,32.46626347784693,19.69202606113666,24.230673502131836,0.09892476926523541,13.258637817636359,0.7292335738128378,0.8798396096059,0.992405916414116,0.7292335738128378,0.0,0.5228559274457643,0.7129818904922262,0.88424845782627,1.6936274911962181,0.8166666666666667,1.6517746666091189,0.5923544575136196,3.3212166550379547,1.6244147327344127,0.08968638805073423,32.46626347784693,19.69202606113666,24.230673502131836,0.09892476926523541,1.0,0.55,3.0029,26.884533844495046,10.913614874472714,Wh,10.913614874472714,Wh
313,3342dbf7fc2ad061a7ba83a4f6217181,ARIMA,"{""p"": 4, ""d"": 0, ""q"": 12, ""regression_type"": null}","{""fillna"": ""ffill"", ""transformations"": {""0"": ""Scaler"", ""1"": ""Scaler""}, ""transformation_params"": {""0"": {}, ""1"": {}}}",0,1,13.258637817636359,0.7292335738128378,0.8798396096059,0.992405916414116,0.7292335738128378,0.0,-5.643875475461668,0.5228559274457643,38.1101389533086,0.7129818904922262,0.88424845782627,1.0,0.55,1.6936274911962181,0.8166666666666667,1.6517746666091189,0.5923544575136196,3.3212166550379547,1.6244147327344127,0.08968638805073423,32.46626347784693,19.69202606113666,24.230673502131836,0.09892476926523541,13.258637817636359,0.7292335738128378,0.8798396096059,0.992405916414116,0.7292335738128378,0.0,0.5228559274457643,0.7129818904922262,0.88424845782627,1.6936274911962181,0.8166666666666667,1.6517746666091189,0.5923544575136196,3.3212166550379547,1.6244147327344127,0.08968638805073423,32.46626347784693,19.69202606113666,24.230673502131836,0.09892476926523541,1.0,0.55,2.7111,26.884465460492976,10.913614874472714,Wh,10.913614874472714,Wh
314,83efe332022b501a200d9bc7b27cc368,RollingRegression,"{""regression_model"": {""model"": ""SVM"", ""model_params"": {""C"": 2.0, ""tol"": 0.0001, ""epsilon"": 0.1, ""loss"": ""squared_epsilon_insensitive"", ""max_iter"": 50}}, ""holiday"": false, ""mean_rolling_periods"": 5, ""macd_periods"": 88, ""std_rolling_periods"": 7, ""max_rolling_periods"": 53, ""min_rolling_periods"": 7, ""ewm_var_alpha"": null, ""quantile90_rolling_periods"": null, ""quantile10_rolling_periods"": null, ""ewm_alpha"": 0.2, ""additional_lag_periods"": 23, ""abs_energy"": false, ""rolling_autocorr_periods"": 7, ""nonzero_last_n"": null, ""add_date_part"": null, ""polynomial_degree"": null, ""x_transform"": null, ""regression_type"": null}","{""fillna"": ""quadratic"", ""transformations"": {""0"": ""Scaler"", ""1"": ""Scaler""}, ""transformation_params"": {""0"": {}, ""1"": {}}}",0,1,14.037525976652498,0.7435961353388549,0.8775522371817019,1.0148750856953048,0.7435961353388549,0.0,-39.856908434623776,0.7281144531599447,4.7588596857075265,0.535413771354207,0.785312398930003,1.0,0.5333333333333333,1.6735316637395483,0.8,1.7521319496617087,0.6136369577619489,2.8210837453135578,2.343434042580507,0.04521690656453915,35.09804874891624,36.22045337855427,25.980865044913322,0.10694382421049647,14.037525976652498,0.7435961353388549,0.8775522371817019,1.0148750856953048,0.7435961353388549,0.0,0.7281144531599447,0.535413771354207,0.785312398930003,1.6735316637395483,0.8,1.7521319496617087,0.6136369577619489,2.8210837453135578,2.343434042580507,0.04521690656453915,35.09804874891624,36.22045337855427,25.980865044913322,0.10694382421049647,1.0,0.5333333333333333,4.8967,26.742103757882088,11.128563103318386,Wh,11.128563103318386,Wh
315,44104635e1dfabf9e876ea3e0facec9d,ARIMA,"{""p"": 4, ""d"": 1, ""q"": 1, ""regression_type"": null}","{""fillna"": ""rolling_mean_24"", ""transformations"": {""0"": ""Scaler"", ""1"": ""Scaler""}, ""transformation_params"": {""0"": {}, ""1"": {}}}",0,1,14.113918587529572,0.781240311291797,0.9240803601232755,1.0088344658239845,0.781240311291797,0.0,-6.203238278143036,0.5564669019201295,40.67118039936479,0.763748180322266,0.748169691352977,1.0,0.5833333333333334,1.7278333683919334,0.8,1.688397686157076,0.6467882594241433,3.5533476552813976,1.9829881719339717,0.008287569084158963,34.46794212122176,20.784312625500608,28.933467750159952,0.10502388806509727,14.113918587529572,0.781240311291797,0.9240803601232755,1.0088344658239845,0.781240311291797,0.0,0.5564669019201295,0.763748180322266,0.748169691352977,1.7278333683919334,0.8,1.688397686157076,0.6467882594241433,3.5533476552813976,1.9829881719339717,0.008287569084158963,34.46794212122176,20.784312625500608,28.933467750159952,0.10502388806509727,1.0,0.5833333333333334,0.1393,26.667468584818227,11.691940947359807,Wh,11.691940947359807,Wh
316,4675e52e66f34383572554844808308a,ARIMA,"{""p"": 2, ""d"": 1, ""q"": 1, ""regression_type"": ""Holiday""}","{""fillna"": ""rolling_mean_24"", ""transformations"": {""0"": ""Scaler"", ""1"": ""Scaler""}, ""transformation_params"": {""0"": {}, ""1"": {}}}",0,1,14.011801658427474,0.7750502992276057,0.9112531367390597,1.0743459436989542,0.7750502992276057,0.0,-7.634998396216092,0.5646449224725488,38.86801955744025,0.7475554626857731,0.7438495601126364,1.0,0.55,1.7183630850286011,0.8,1.6916466515884379,0.6411776438122242,3.413003547358561,2.9212002286906187,0.15817069421181468,31.233021161224155,18.203442616300862,23.998482266306873,0.09516707747839716,14.011801658427474,0.7750502992276057,0.9112531367390597,1.0743459436989542,0.7750502992276057,0.0,0.5646449224725488,0.7475554626857731,0.7438495601126364,1.7183630850286011,0.8,1.6916466515884379,0.6411776438122242,3.413003547358561,2.9212002286906187,0.15817069421181468,31.233021161224155,18.203442616300862,23.998482266306873,0.09516707747839716,1.0,0.55,0.3442,26.443318535128068,11.599302031430982,Wh,11.599302031430982,Wh
317,492b7e826a95f2db6932c7f9a04126ef,ARIMA,"{""p"": 5, ""d"": 1, ""q"": 12, ""regression_type"": null}","{""fillna"": ""quadratic"", ""transformations"": {""0"": ""Scaler"", ""1"": ""Scaler""}, ""transformation_params"": {""0"": {}, ""1"": {}}}",0,1,13.926185504933155,0.7697967521242061,0.9151430619717367,1.0676330193332702,0.7697967521242061,0.0,-6.359021996373841,0.5504904470494585,39.828783131078524,0.7505325593666272,0.7432291390906102,1.0,0.5333333333333333,1.766616637485103,0.8,1.6848470172182366,0.631443875535284,3.497477023818547,1.9071235223499163,0.20546171662443993,33.46976113470468,19.921208116754926,19.7911838217506,0.10198242861770739,13.926185504933155,0.7697967521242061,0.9151430619717367,1.0676330193332702,0.7697967521242061,0.0,0.5504904470494585,0.7505325593666272,0.7432291390906102,1.766616637485103,0.8,1.6848470172182366,0.631443875535284,3.497477023818547,1.9071235223499163,0.20546171662443993,33.46976113470468,19.921208116754926,19.7911838217506,0.10198242861770739,1.0,0.5333333333333333,7.2661,26.374996868550692,11.520678128376677,Wh,11.520678128376677,Wh
318,139d8b15c8b345ba7226eaced9d81929,ARIMA,"{""p"": 5, ""d"": 1, ""q"": 12, ""regression_type"": null}","{""fillna"": ""quadratic"", ""transformations"": {""0"": ""Scaler""}, ""transformation_params"": {""0"": {}}}",0,1,13.926185504933155,0.7697967521242061,0.9151430619717367,1.0676330193332702,0.7697967521242061,0.0,-6.359021996373841,0.5504904470494585,39.828783131078524,0.7505325593666272,0.7432291390906102,1.0,0.5333333333333333,1.766616637485103,0.8,1.6848470172182366,0.631443875535284,3.497477023818547,1.9071235223499163,0.20546171662443993,33.46976113470468,19.921208116754926,19.7911838217506,0.10198242861770739,13.926185504933155,0.7697967521242061,0.9151430619717367,1.0676330193332702,0.7697967521242061,0.0,0.5504904470494585,0.7505325593666272,0.7432291390906102,1.766616637485103,0.8,1.6848470172182366,0.631443875535284,3.497477023818547,1.9071235223499163,0.20546171662443993,33.46976113470468,19.921208116754926,19.7911838217506,0.10198242861770739,1.0,0.5333333333333333,6.796,26.37488669953297,11.520678128376677,Wh,11.520678128376677,Wh
319,8d2bdf901a9f6b27b6da582a1cd78b09,ARIMA,"{""p"": 5, ""d"": 1, ""q"": 1, ""regression_type"": null}","{""fillna"": ""rolling_mean_24"", ""transformations"": {""0"": ""Scaler""}, ""transformation_params"": {""0"": {}}}",0,1,13.961323616755022,0.771900985961972,0.9134555857916021,1.007923229433611,0.771900985961972,0.0,-6.377240801530394,0.5524708119039106,39.93681835618792,0.7534395608653269,0.7400875695094247,1.0,0.4166666666666667,1.712039499130741,0.8,1.6830238364915122,0.6385912167068545,3.504296267754449,1.8553692543778497,0.009100566730635843,33.55957755465753,19.955484505711535,28.876513461607676,0.10225609942759678,13.961323616755022,0.771900985961972,0.9134555857916021,1.007923229433611,0.771900985961972,0.0,0.5524708119039106,0.7534395608653269,0.7400875695094247,1.712039499130741,0.8,1.6830238364915122,0.6385912167068545,3.504296267754449,1.8553692543778497,0.009100566730635843,33.55957755465753,19.955484505711535,28.876513461607676,0.10225609942759678,1.0,0.4166666666666667,0.1599,26.371738081608463,11.552169818468698,Wh,11.552169818468698,Wh
320,1058faabd2acf36a9fe526c86943f473,RollingRegression,"{""regression_model"": {""model"": ""HistGradientBoost"", ""model_params"": {""loss"": ""squared_error"", ""learning_rate"": 0.1, ""max_depth"": null, ""min_samples_leaf"": 20, ""max_iter"": 50, ""l2_regularization"": 0.02}}, ""holiday"": false, ""mean_rolling_periods"": 30, ""macd_periods"": 12, ""std_rolling_periods"": null, ""max_rolling_periods"": 98, ""min_rolling_periods"": null, ""ewm_var_alpha"": null, ""quantile90_rolling_periods"": null, ""quantile10_rolling_periods"": null, ""ewm_alpha"": 0.8, ""additional_lag_periods"": 23, ""abs_energy"": false, ""rolling_autocorr_periods"": null, ""nonzero_last_n"": null, ""add_date_part"": ""simple_binarized"", ""polynomial_degree"": null, ""x_transform"": null, ""regression_type"": null}","{""fillna"": ""quadratic"", ""transformations"": {""0"": ""Scaler"", ""1"": ""Scaler""}, ""transformation_params"": {""0"": {}, ""1"": {}}}",0,1,13.629386793335083,0.752088491892234,0.8863735877019283,1.067484335624721,0.752088491892234,0.0,-7.244642519789939,0.5472334871102631,37.88066699374411,0.7295656978027695,0.7853123989300028,1.0,0.5666666666666667,1.70330886358337,0.8,1.671114168368396,0.6210270929104141,3.3221972351705538,1.9157539147406906,0.12195369644923212,30.63602447395416,17.794277648104934,25.071779559276052,0.09334802738719736,13.629386793335083,0.752088491892234,0.8863735877019283,1.067484335624721,0.752088491892234,0.0,0.5472334871102631,0.7295656978027695,0.7853123989300028,1.70330886358337,0.8,1.671114168368396,0.6210270929104141,3.3221972351705538,1.9157539147406906,0.12195369644923212,30.63602447395416,17.794277648104934,25.071779559276052,0.09334802738719736,1.0,0.5666666666666667,1.1008,26.329396196147094,11.255658607596514,Wh,11.255658607596514,Wh
321,6c714796adea69cd8b5e0ce3159a9f5b,ARIMA,"{""p"": 0, ""d"": 1, ""q"": 3, ""regression_type"": null}","{""fillna"": ""rolling_mean_24"", ""transformations"": {""0"": ""Scaler""}, ""transformation_params"": {""0"": {}}}",0,1,13.895346910469717,0.7678904207391154,0.9080724403812508,1.0070120741259723,0.7678904207391154,0.0,-6.62178796498699,0.5515555431450013,39.45163727935993,0.7483838032749088,0.7391713979924958,1.0,0.55,1.7020814421359436,0.8,1.6803590887717348,0.6356274884652917,3.4750500016259647,1.9006562306619648,0.004454548535316197,32.82984931437294,19.246281840799327,29.13441258190858,0.10003261603087833,13.895346910469717,0.7678904207391154,0.9080724403812508,1.0070120741259723,0.7678904207391154,0.0,0.5515555431450013,0.7483838032749088,0.7391713979924958,1.7020814421359436,0.8,1.6803590887717348,0.6356274884652917,3.4750500016259647,1.9006562306619648,0.004454548535316197,32.82984931437294,19.246281840799327,29.13441258190858,0.10003261603087833,1.0,0.55,0.092,26.25827482384254,11.492148220666559,Wh,11.492148220666559,Wh
322,f170042e270f32d1d7c97733bfbd977b,ARIMA,"{""p"": 2, ""d"": 1, ""q"": 4, ""regression_type"": null}","{""fillna"": ""ffill_mean_biased"", ""transformations"": {""0"": ""Scaler""}, ""transformation_params"": {""0"": {}}}",0,1,13.868391231954233,0.7662041922236534,0.9027748008339269,1.0321491004167267,0.7662041922236534,0.0,-7.007577947375609,0.5535860633897145,38.964673586043595,0.7447644468007242,0.738917508336577,1.0,0.4166666666666667,1.6727334734826185,0.8,1.6792509930986657,0.6352626112717158,3.443054737253412,1.9837540209853681,0.06863921830196844,31.957095638667987,18.482397016949854,26.482770238552945,0.09737333384851662,13.868391231954233,0.7662041922236534,0.9027748008339269,1.0321491004167267,0.7662041922236534,0.0,0.5535860633897145,0.7447644468007242,0.738917508336577,1.6727334734826185,0.8,1.6792509930986657,0.6352626112717158,3.443054737253412,1.9837540209853681,0.06863921830196844,31.957095638667987,18.482397016949854,26.482770238552945,0.09737333384851662,1.0,0.4166666666666667,0.36,26.2030147119386,11.466912343892693,Wh,11.466912343892693,Wh
323,51a426c16ab118171c2af8e4296dfacf,ARIMA,"{""p"": 1, ""d"": 1, ""q"": 4, ""regression_type"": null}","{""fillna"": ""rolling_mean_24"", ""transformations"": {""0"": ""Scaler""}, ""transformation_params"": {""0"": {}}}",0,1,13.793341310593634,0.7616680284051178,0.8986283172812817,1.0117564780032553,0.7616680284051178,0.0,-7.005180255387371,0.5506679315942345,38.694901448919694,0.7403623375177036,0.747943703810531,1.0,0.5833333333333334,1.685060550771448,0.8,1.6765579446259886,0.6313139287364737,3.4257112853845277,1.9523463523061169,0.0077812920765478,31.689721193532314,18.26103997847513,28.985068207959575,0.0965586433834277,13.793341310593634,0.7616680284051178,0.8986283172812817,1.0117564780032553,0.7616680284051178,0.0,0.5506679315942345,0.7403623375177036,0.747943703810531,1.685060550771448,0.8,1.6765579446259886,0.6313139287364737,3.4257112853845277,1.9523463523061169,0.0077812920765478,31.689721193532314,18.26103997847513,28.985068207959575,0.0965586433834277,1.0,0.5833333333333334,0.1354,26.185169854018074,11.399024705828841,Wh,11.399024705828841,Wh
324,289d7f4ec5ca5906374b327ba8511d14,ARIMA,"{""p"": 1, ""d"": 1, ""q"": 1, ""regression_type"": null}","{""fillna"": ""ffill"", ""transformations"": {""0"": ""Scaler"", ""1"": ""Scaler"", ""2"": ""Scaler""}, ""transformation_params"": {""0"": {}, ""1"": {}, ""2"": {}}}",0,1,13.830910027622197,0.7639608322729555,0.9021772455720959,1.0097776040776403,0.7639608322729555,0.0,-6.844662427370009,0.5508913339889686,38.992987509007314,0.7434202524231027,0.7396750514574159,1.0,0.55,1.6916453373239095,0.8,1.6779487840635487,0.6328461087660505,3.4447998952173733,1.9191606593074437,0.005239569460769913,32.148325081637296,18.650349452141967,29.115953458696875,0.09795601034085048,13.830910027622197,0.7639608322729555,0.9021772455720959,1.0097776040776403,0.7639608322729555,0.0,0.5508913339889686,0.7434202524231027,0.7396750514574159,1.6916453373239095,0.8,1.6779487840635487,0.6328461087660505,3.4447998952173733,1.9191606593074437,0.005239569460769913,32.148325081637296,18.650349452141967,29.115953458696875,0.09795601034085048,1.0,0.55,0.0521,26.163084197003467,11.433338510479182,Wh,11.433338510479182,Wh
325,8268dd47b98e8645905a662be5629653,ARIMA,"{""p"": 1, ""d"": 1, ""q"": 1, ""regression_type"": null}","{""fillna"": ""cubic"", ""transformations"": {""0"": ""Scaler""}, ""transformation_params"": {""0"": {}}}",0,1,13.830910027622197,0.7639608322729555,0.9021772455720959,1.0097776040776403,0.7639608322729555,0.0,-6.844662427370009,0.5508913339889686,38.992987509007314,0.7434202524231027,0.7396750514574159,1.0,0.55,1.6916453373239095,0.8,1.6779487840635487,0.6328461087660505,3.4447998952173733,1.9191606593074437,0.005239569460769913,32.148325081637296,18.650349452141967,29.115953458696875,0.09795601034085048,13.830910027622197,0.7639608322729555,0.9021772455720959,1.0097776040776403,0.7639608322729555,0.0,0.5508913339889686,0.7434202524231027,0.7396750514574159,1.6916453373239095,0.8,1.6779487840635487,0.6328461087660505,3.4447998952173733,1.9191606593074437,0.005239569460769913,32.148325081637296,18.650349452141967,29.115953458696875,0.09795601034085048,1.0,0.55,0.0496,26.16308361112271,11.433338510479182,Wh,11.433338510479182,Wh
326,43611b7d85a9a181e260f19b9d40e8d6,RollingRegression,"{""regression_model"": {""model"": ""HistGradientBoost"", ""model_params"": {""loss"": ""squared_error"", ""learning_rate"": 0.1, ""max_depth"": null, ""min_samples_leaf"": 20, ""max_iter"": 50, ""l2_regularization"": 0.02}}, ""holiday"": false, ""mean_rolling_periods"": 5, ""macd_periods"": 28, ""std_rolling_periods"": 5, ""max_rolling_periods"": 32, ""min_rolling_periods"": 4, ""ewm_var_alpha"": null, ""quantile90_rolling_periods"": null, ""quantile10_rolling_periods"": null, ""ewm_alpha"": 0.2, ""additional_lag_periods"": 35, ""abs_energy"": false, ""rolling_autocorr_periods"": null, ""nonzero_last_n"": null, ""add_date_part"": ""simple_binarized"", ""polynomial_degree"": null, ""x_transform"": null, ""regression_type"": null}","{""fillna"": ""quadratic"", ""transformations"": {""0"": ""Scaler"", ""1"": ""Scaler""}, ""transformation_params"": {""0"": {}, ""1"": {}}}",0,1,13.457185558265827,0.7413876866941832,0.8758745832142879,1.0585261627646512,0.7413876866941832,0.0,-7.0479183203927205,0.5411527815505632,37.435342881258265,0.719167059752453,0.7853123989300028,1.0,0.43333333333333335,1.6866481055670413,0.8,1.6686650638071998,0.6115738890079301,3.2966067738751343,1.686576847460341,0.17704040306747984,30.38742456086555,17.607990620755455,21.877490780457414,0.09259054295852484,13.457185558265827,0.7413876866941832,0.8758745832142879,1.0585261627646512,0.7413876866941832,0.0,0.5411527815505632,0.719167059752453,0.7853123989300028,1.6866481055670413,0.8,1.6686650638071998,0.6115738890079301,3.2966067738751343,1.686576847460341,0.17704040306747984,30.38742456086555,17.607990620755455,21.877490780457414,0.09259054295852484,1.0,0.43333333333333335,1.3253,26.09634871668496,11.095511747972829,Wh,11.095511747972829,Wh
327,2a1f47aacd748ef481dceb94e56341f7,RollingRegression,"{""regression_model"": {""model"": ""HistGradientBoost"", ""model_params"": {""loss"": ""squared_error"", ""learning_rate"": 0.1, ""max_depth"": null, ""min_samples_leaf"": 20, ""max_iter"": 50, ""l2_regularization"": 0.02}}, ""holiday"": false, ""mean_rolling_periods"": 5, ""macd_periods"": 28, ""std_rolling_periods"": 5, ""max_rolling_periods"": 32, ""min_rolling_periods"": 4, ""ewm_var_alpha"": null, ""quantile90_rolling_periods"": null, ""quantile10_rolling_periods"": null, ""ewm_alpha"": 0.2, ""additional_lag_periods"": 35, ""abs_energy"": false, ""rolling_autocorr_periods"": null, ""nonzero_last_n"": null, ""add_date_part"": ""simple_binarized"", ""polynomial_degree"": null, ""x_transform"": null, ""regression_type"": null}","{""fillna"": ""rolling_mean_24"", ""transformations"": {""0"": ""Scaler"", ""1"": ""Scaler""}, ""transformation_params"": {""0"": {}, ""1"": {}}}",0,1,13.457185558265827,0.7413876866941832,0.8758745832142879,1.0585261627646512,0.7413876866941832,0.0,-7.0479183203927205,0.5411527815505632,37.435342881258265,0.719167059752453,0.7853123989300028,1.0,0.43333333333333335,1.6866481055670413,0.8,1.6686650638071998,0.6115738890079301,3.2966067738751343,1.686576847460341,0.17704040306747984,30.38742456086555,17.607990620755455,21.877490780457414,0.09259054295852484,13.457185558265827,0.7413876866941832,0.8758745832142879,1.0585261627646512,0.7413876866941832,0.0,0.5411527815505632,0.719167059752453,0.7853123989300028,1.6866481055670413,0.8,1.6686650638071998,0.6115738890079301,3.2966067738751343,1.686576847460341,0.17704040306747984,30.38742456086555,17.607990620755455,21.877490780457414,0.09259054295852484,1.0,0.43333333333333335,1.1865,26.096316188585277,11.095511747972829,Wh,11.095511747972829,Wh
328,9e4a9d17b3ead58cf6a602b6d31196be,RollingRegression,"{""regression_model"": {""model"": ""RANSAC"", ""model_params"": {}}, ""holiday"": false, ""mean_rolling_periods"": 5, ""macd_periods"": 7, ""std_rolling_periods"": 7, ""max_rolling_periods"": null, ""min_rolling_periods"": 24, ""ewm_var_alpha"": null, ""quantile90_rolling_periods"": null, ""quantile10_rolling_periods"": null, ""ewm_alpha"": null, ""additional_lag_periods"": 11, ""abs_energy"": false, ""rolling_autocorr_periods"": null, ""nonzero_last_n"": null, ""add_date_part"": null, ""polynomial_degree"": null, ""x_transform"": null, ""regression_type"": null}","{""fillna"": ""rolling_mean_24"", ""transformations"": {""0"": ""Scaler""}, ""transformation_params"": {""0"": {}}}",0,3,13.7346022910089,0.9040900855006035,1.061349542320725,0.7407467938759837,0.9040900855006035,0.0,-12.469779394940815,0.6044471505853092,150.26643599516783,0.890627852824713,0.5840778913672932,0.9388888888888888,0.48888888888888893,3.11467610524182,0.4666666666666666,1.7555431104656078,0.7276265146543356,3.8496411112910986,1.738027700099434,0.0904070227818632,45.932218866742346,23.240783371405712,17.783103055198165,0.11825488787938017,13.7346022910089,0.9040900855006035,1.061349542320725,0.7407467938759837,0.9040900855006035,0.0,0.6044471505853092,0.890627852824713,0.5840778913672932,3.11467610524182,0.4666666666666666,1.7555431104656078,0.7276265146543356,3.8496411112910986,1.738027700099434,0.0904070227818632,45.932218866742346,23.240783371405712,17.783103055198165,0.11825488787938017,0.9388888888888888,0.48888888888888893,0.7043333333333334,25.935769703023297,17.702522288753862,Wh,17.702522288753862,Wh
329,1f31c5390760eca7e2ea45db96917e32,RollingRegression,"{""regression_model"": {""model"": ""RANSAC"", ""model_params"": {}}, ""holiday"": false, ""mean_rolling_periods"": 5, ""macd_periods"": 7, ""std_rolling_periods"": 7, ""max_rolling_periods"": null, ""min_rolling_periods"": 24, ""ewm_var_alpha"": null, ""quantile90_rolling_periods"": null, ""quantile10_rolling_periods"": null, ""ewm_alpha"": null, ""additional_lag_periods"": 11, ""abs_energy"": false, ""rolling_autocorr_periods"": null, ""nonzero_last_n"": null, ""add_date_part"": null, ""polynomial_degree"": null, ""x_transform"": null, ""regression_type"": null}","{""fillna"": ""ffill_mean_biased"", ""transformations"": {""0"": ""Scaler""}, ""transformation_params"": {""0"": {}}}",0,3,13.7346022910089,0.9040900855006035,1.061349542320725,0.7407467938759837,0.9040900855006035,0.0,-12.469779394940815,0.6044471505853092,150.26643599516783,0.890627852824713,0.5840778913672932,0.9388888888888888,0.48888888888888893,3.11467610524182,0.4666666666666666,1.7555431104656078,0.7276265146543356,3.8496411112910986,1.738027700099434,0.0904070227818632,45.932218866742346,23.240783371405712,17.783103055198165,0.11825488787938017,13.7346022910089,0.9040900855006035,1.061349542320725,0.7407467938759837,0.9040900855006035,0.0,0.6044471505853092,0.890627852824713,0.5840778913672932,3.11467610524182,0.4666666666666666,1.7555431104656078,0.7276265146543356,3.8496411112910986,1.738027700099434,0.0904070227818632,45.932218866742346,23.240783371405712,17.783103055198165,0.11825488787938017,0.9388888888888888,0.48888888888888893,0.4132,25.9357014752561,17.702522288753862,Wh,17.702522288753862,Wh
330,4abeeab5934accfededb5edaa02e749d,RollingRegression,"{""regression_model"": {""model"": ""Ridge"", ""model_params"": {""alpha"": 1.0}}, ""holiday"": false, ""mean_rolling_periods"": 12, ""macd_periods"": null, ""std_rolling_periods"": null, ""max_rolling_periods"": 7, ""min_rolling_periods"": null, ""ewm_var_alpha"": null, ""quantile90_rolling_periods"": null, ""quantile10_rolling_periods"": null, ""ewm_alpha"": 0.5, ""additional_lag_periods"": 27, ""abs_energy"": false, ""rolling_autocorr_periods"": null, ""nonzero_last_n"": null, ""add_date_part"": ""simple_2"", ""polynomial_degree"": null, ""x_transform"": null, ""regression_type"": null}","{""fillna"": ""rolling_mean_24"", ""transformations"": {""0"": ""Scaler""}, ""transformation_params"": {""0"": {}}}",0,1,12.908987024474806,0.7220116830309361,0.8750581512118586,1.0714144644436108,0.7220116830309361,0.0,-18.404961875213218,0.5854536274162973,24.915739106642945,0.6410839230985166,0.7957111322831797,0.9666666666666667,0.5333333333333333,2.16129111727588,0.6666666666666666,1.8317695220091197,0.5683000305630637,3.330408904470084,2.3923658021956036,0.11893308375259888,6.510777231429728,13.146212087798608,24.843288095914485,0.01983835114860121,12.908987024474806,0.7220116830309361,0.8750581512118586,1.0714144644436108,0.7220116830309361,0.0,0.5854536274162973,0.6410839230985166,0.7957111322831797,2.16129111727588,0.6666666666666666,1.8317695220091197,0.5683000305630637,3.330408904470084,2.3923658021956036,0.11893308375259888,6.510777231429728,13.146212087798608,24.843288095914485,0.01983835114860121,0.9666666666666667,0.5333333333333333,0.43,25.619064833326558,10.805532995785914,Wh,10.805532995785914,Wh
331,2be512511591566b9cc806fd19fa2555,RollingRegression,"{""regression_model"": {""model"": ""HistGradientBoost"", ""model_params"": {""loss"": ""squared_error"", ""learning_rate"": 0.1, ""max_depth"": null, ""min_samples_leaf"": 20, ""max_iter"": 50, ""l2_regularization"": 0.02}}, ""holiday"": false, ""mean_rolling_periods"": 30, ""macd_periods"": 12, ""std_rolling_periods"": 5, ""max_rolling_periods"": 98, ""min_rolling_periods"": null, ""ewm_var_alpha"": null, ""quantile90_rolling_periods"": null, ""quantile10_rolling_periods"": null, ""ewm_alpha"": 0.8, ""additional_lag_periods"": 23, ""abs_energy"": false, ""rolling_autocorr_periods"": null, ""nonzero_last_n"": null, ""add_date_part"": null, ""polynomial_degree"": null, ""x_transform"": null, ""regression_type"": null}","{""fillna"": ""fake_date"", ""transformations"": {""0"": ""Scaler""}, ""transformation_params"": {""0"": {}}}",0,1,12.906186190458353,0.7086844941098462,0.8408603053005381,1.030048323573253,0.7086844941098462,0.0,-7.3351160891881415,0.5235011088768857,35.185953557402634,0.6857604911936942,0.7853123989300028,1.0,0.48333333333333334,1.664909613232334,0.8,1.645129970264682,0.5803777845074786,3.0802064992424323,1.657673516052373,0.061750983924165906,27.8508374682145,16.10011657730169,26.39995205289576,0.08486155705188055,12.906186190458353,0.7086844941098462,0.8408603053005381,1.030048323573253,0.7086844941098462,0.0,0.5235011088768857,0.6857604911936942,0.7853123989300028,1.664909613232334,0.8,1.645129970264682,0.5803777845074786,3.0802064992424323,1.657673516052373,0.061750983924165906,27.8508374682145,16.10011657730169,26.39995205289576,0.08486155705188055,1.0,0.48333333333333334,0.7444,25.33307634036139,10.606080018760142,Wh,10.606080018760142,Wh
332,444ad766fe45f896b4ae569aefd9f41d,RollingRegression,"{""regression_model"": {""model"": ""SVM"", ""model_params"": {""C"": 2.0, ""tol"": 0.0001, ""epsilon"": 0.1, ""loss"": ""squared_epsilon_insensitive"", ""max_iter"": 50}}, ""holiday"": false, ""mean_rolling_periods"": 5, ""macd_periods"": 12, ""std_rolling_periods"": null, ""max_rolling_periods"": 53, ""min_rolling_periods"": null, ""ewm_var_alpha"": null, ""quantile90_rolling_periods"": null, ""quantile10_rolling_periods"": null, ""ewm_alpha"": 0.2, ""additional_lag_periods"": 3, ""abs_energy"": false, ""rolling_autocorr_periods"": 7, ""nonzero_last_n"": null, ""add_date_part"": null, ""polynomial_degree"": null, ""x_transform"": ""Nystroem"", ""regression_type"": null}","{""fillna"": ""rolling_mean_24"", ""transformations"": {""0"": ""Scaler"", ""1"": ""Scaler""}, ""transformation_params"": {""0"": {}, ""1"": {}}}",0,1,12.753931874733752,0.6993269785406224,0.8152655439478623,1.047030019366629,0.6993269785406224,0.0,-9.671189097681681,0.5325665402206806,32.28842961475566,0.6656556208646148,0.7853123989300028,1.0,0.45,1.4546456108251382,0.8,1.643442247388236,0.5863347941679854,3.0342213944874743,1.6779006232953,0.09961601723225967,22.61724051707398,12.98881628639113,24.643348063157774,0.06891477675262973,12.753931874733752,0.6993269785406224,0.8152655439478623,1.047030019366629,0.6993269785406224,0.0,0.5325665402206806,0.6656556208646148,0.7853123989300028,1.4546456108251382,0.8,1.643442247388236,0.5863347941679854,3.0342213944874743,1.6779006232953,0.09961601723225967,22.61724051707398,12.98881628639113,24.643348063157774,0.06891477675262973,1.0,0.45,4.8929,25.036525497344396,10.466036657110694,Wh,10.466036657110694,Wh
333,02ad55a7ea9f221f239f5bb3f2b98ec3,SeasonalNaive,"{""method"": ""lastvalue"", ""lag_1"": 12, ""lag_2"": null}","{""fillna"": ""pchip"", ""transformations"": {""0"": ""Scaler"", ""1"": ""Scaler""}, ""transformation_params"": {""0"": {}, ""1"": {}}}",0,3,13.403884740919132,0.8328579333093432,1.0367248004954874,0.9698832976818467,0.8328579333093432,0.0,-30.117310285568237,0.610253487045443,119.79711771011353,0.7735028277622965,0.5639406134127652,0.9666666666666667,0.5111111111111112,2.960360288619995,0.5,1.7472233330977829,0.6442235856274374,3.4553647384662654,1.9099848128227093,0.6331949334900835,29.893269141515095,18.378797222600905,5.351660740176115,0.08399357543414233,13.403884740919132,0.8328579333093432,1.0367248004954874,0.9698832976818467,0.8328579333093432,0.0,0.610253487045443,0.7735028277622965,0.5639406134127652,2.960360288619995,0.5,1.7472233330977829,0.6442235856274374,3.4553647384662654,1.9099848128227093,0.6331949334900835,29.893269141515095,18.378797222600905,5.351660740176115,0.08399357543414233,0.9666666666666667,0.5111111111111112,0.09333333333333334,24.97508227223446,13.645881690905984,Wh,13.645881690905984,Wh
334,3da96994293eaf3c98456d93265893c9,SeasonalNaive,"{""method"": ""lastvalue"", ""lag_1"": 12, ""lag_2"": null}","{""fillna"": ""pchip"", ""transformations"": {""0"": ""Scaler""}, ""transformation_params"": {""0"": {}}}",0,3,13.403884740919132,0.8328579333093432,1.0367248004954874,0.9698832976818467,0.8328579333093432,0.0,-30.117310285568237,0.610253487045443,119.79711771011353,0.7735028277622965,0.5639406134127652,0.9666666666666667,0.5111111111111112,2.960360288619995,0.5,1.7472233330977829,0.6442235856274374,3.4553647384662654,1.9099848128227093,0.6331949334900835,29.893269141515095,18.378797222600905,5.351660740176115,0.08399357543414233,13.403884740919132,0.8328579333093432,1.0367248004954874,0.9698832976818467,0.8328579333093432,0.0,0.610253487045443,0.7735028277622965,0.5639406134127652,2.960360288619995,0.5,1.7472233330977829,0.6442235856274374,3.4553647384662654,1.9099848128227093,0.6331949334900835,29.893269141515095,18.378797222600905,5.351660740176115,0.08399357543414233,0.9666666666666667,0.5111111111111112,0.08986666666666666,24.97508145981314,13.645881690905984,Wh,13.645881690905984,Wh
335,8401e7ebafefb080b14c02da6ecdccc7,SeasonalNaive,"{""method"": ""lastvalue"", ""lag_1"": 12, ""lag_2"": null}","{""fillna"": ""rolling_mean_24"", ""transformations"": {""0"": ""Scaler"", ""1"": ""Scaler""}, ""transformation_params"": {""0"": {}, ""1"": {}}}",0,3,13.403884740919132,0.8328579333093432,1.0367248004954874,0.9698832976818467,0.8328579333093432,0.0,-30.117310285568237,0.610253487045443,119.79711771011353,0.7735028277622965,0.5639406134127652,0.9666666666666667,0.5111111111111112,2.960360288619995,0.5,1.7472233330977829,0.6442235856274374,3.4553647384662654,1.9099848128227093,0.6331949334900835,29.893269141515095,18.378797222600905,5.351660740176115,0.08399357543414233,13.403884740919132,0.8328579333093432,1.0367248004954874,0.9698832976818467,0.8328579333093432,0.0,0.610253487045443,0.7735028277622965,0.5639406134127652,2.960360288619995,0.5,1.7472233330977829,0.6442235856274374,3.4553647384662654,1.9099848128227093,0.6331949334900835,29.893269141515095,18.378797222600905,5.351660740176115,0.08399357543414233,0.9666666666666667,0.5111111111111112,0.08973333333333333,24.975081428566167,13.645881690905984,Wh,13.645881690905984,Wh
336,a0ac7afdb731fdaae1a4ca90266c8fd9,SeasonalNaive,"{""method"": ""lastvalue"", ""lag_1"": 12, ""lag_2"": 24}","{""fillna"": ""pchip"", ""transformations"": {""0"": ""Scaler""}, ""transformation_params"": {""0"": {}}}",0,3,13.410526449381644,0.8346937371624841,1.0147088180712283,0.9670716726455989,0.8346937371624841,0.0,-22.365495800971985,0.6003560595013043,127.87937688827515,0.7921350567209985,0.5620683029586557,0.9777777777777779,0.5055555555555555,2.960360288619995,0.5277777777777778,1.7250835603729644,0.6661435864330117,3.494675480894878,1.7134355969264405,0.5745590568733124,35.17129369576772,20.583394585597485,3.8157934341401165,0.09687172919536828,13.410526449381644,0.8346937371624841,1.0147088180712283,0.9670716726455989,0.8346937371624841,0.0,0.6003560595013043,0.7921350567209985,0.5620683029586557,2.960360288619995,0.5277777777777778,1.7250835603729644,0.6661435864330117,3.494675480894878,1.7134355969264405,0.5745590568733124,35.17129369576772,20.583394585597485,3.8157934341401165,0.09687172919536828,0.9777777777777779,0.5055555555555555,0.0958,24.905373239124827,12.987822473728846,Wh,12.987822473728846,Wh
337,f47bc1c5ea87fd471e296cfcf63056d4,SeasonalNaive,"{""method"": ""lastvalue"", ""lag_1"": 12, ""lag_2"": 24}","{""fillna"": ""ffill_mean_biased"", ""transformations"": {""0"": ""Scaler"", ""1"": ""Scaler""}, ""transformation_params"": {""0"": {}, ""1"": {}}}",0,3,13.410526449381644,0.8346937371624841,1.0147088180712283,0.9670716726455989,0.8346937371624841,0.0,-22.365495800971985,0.6003560595013043,127.87937688827515,0.7921350567209985,0.5620683029586557,0.9777777777777779,0.5055555555555555,2.960360288619995,0.5277777777777778,1.7250835603729644,0.6661435864330117,3.494675480894878,1.7134355969264405,0.5745590568733124,35.17129369576772,20.583394585597485,3.8157934341401165,0.09687172919536828,13.410526449381644,0.8346937371624841,1.0147088180712283,0.9670716726455989,0.8346937371624841,0.0,0.6003560595013043,0.7921350567209985,0.5620683029586557,2.960360288619995,0.5277777777777778,1.7250835603729644,0.6661435864330117,3.494675480894878,1.7134355969264405,0.5745590568733124,35.17129369576772,20.583394585597485,3.8157934341401165,0.09687172919536828,0.9777777777777779,0.5055555555555555,0.09526666666666667,24.905373114136932,12.987822473728846,Wh,12.987822473728846,Wh
338,55ee6dbdcc1fb5283ea4cc9884a3feb4,SeasonalNaive,"{""method"": ""lastvalue"", ""lag_1"": 12, ""lag_2"": 24}","{""fillna"": ""cubic"", ""transformations"": {""0"": ""Scaler""}, ""transformation_params"": {""0"": {}}}",0,3,13.410526449381644,0.8346937371624841,1.0147088180712283,0.9670716726455989,0.8346937371624841,0.0,-22.365495800971985,0.6003560595013043,127.87937688827515,0.7921350567209985,0.5620683029586557,0.9777777777777779,0.5055555555555555,2.960360288619995,0.5277777777777778,1.7250835603729644,0.6661435864330117,3.494675480894878,1.7134355969264405,0.5745590568733124,35.17129369576772,20.583394585597485,3.8157934341401165,0.09687172919536828,13.410526449381644,0.8346937371624841,1.0147088180712283,0.9670716726455989,0.8346937371624841,0.0,0.6003560595013043,0.7921350567209985,0.5620683029586557,2.960360288619995,0.5277777777777778,1.7250835603729644,0.6661435864330117,3.494675480894878,1.7134355969264405,0.5745590568733124,35.17129369576772,20.583394585597485,3.8157934341401165,0.09687172919536828,0.9777777777777779,0.5055555555555555,0.09113333333333333,24.905372145480744,12.987822473728846,Wh,12.987822473728846,Wh
339,6ac35f212264af4751f2db17b3df23fb,SeasonalNaive,"{""method"": ""lastvalue"", ""lag_1"": 12, ""lag_2"": 24}","{""fillna"": ""pchip"", ""transformations"": {""0"": ""Scaler"", ""1"": ""Scaler""}, ""transformation_params"": {""0"": {}, ""1"": {}}}",0,3,13.410526449381644,0.8346937371624841,1.0147088180712283,0.9670716726455989,0.8346937371624841,0.0,-22.365495800971985,0.6003560595013043,127.87937688827515,0.7921350567209985,0.5620683029586557,0.9777777777777779,0.5055555555555555,2.960360288619995,0.5277777777777778,1.7250835603729644,0.6661435864330117,3.494675480894878,1.7134355969264405,0.5745590568733124,35.17129369576772,20.583394585597485,3.8157934341401165,0.09687172919536828,13.410526449381644,0.8346937371624841,1.0147088180712283,0.9670716726455989,0.8346937371624841,0.0,0.6003560595013043,0.7921350567209985,0.5620683029586557,2.960360288619995,0.5277777777777778,1.7250835603729644,0.6661435864330117,3.494675480894878,1.7134355969264405,0.5745590568733124,35.17129369576772,20.583394585597485,3.8157934341401165,0.09687172919536828,0.9777777777777779,0.5055555555555555,0.08553333333333334,24.90537083310785,12.987822473728846,Wh,12.987822473728846,Wh
340,d4dd58456fffe2033f08093f43f313a3,ARIMA,"{""p"": 2, ""d"": 0, ""q"": 7, ""regression_type"": null}","{""fillna"": ""akima"", ""transformations"": {""0"": ""Scaler"", ""1"": ""Scaler"", ""2"": ""Scaler""}, ""transformation_params"": {""0"": {}, ""1"": {}, ""2"": {}}}",0,3,12.682363716726156,0.7979958590668842,0.9539420157965242,0.7529619089446041,0.7979958590668842,0.0,-10.700983247184851,0.5560948148543745,132.93827138485432,0.7878358022856761,0.6369684204858465,0.9777777777777777,0.48888888888888893,2.4976815132421644,0.65,1.608033782226185,0.6333544747089815,3.3383962394821265,1.3569979818502256,0.1413094805981484,40.745762712556484,21.937413159475625,17.613587897507557,0.10932062295788851,12.682363716726156,0.7979958590668842,0.9539420157965242,0.7529619089446041,0.7979958590668842,0.0,0.5560948148543745,0.7878358022856761,0.6369684204858465,2.4976815132421644,0.65,1.608033782226185,0.6333544747089815,3.3383962394821265,1.3569979818502256,0.1413094805981484,40.745762712556484,21.937413159475625,17.613587897507557,0.10932062295788851,0.9777777777777777,0.48888888888888893,0.8584666666666667,24.634765514801753,12.753554011435911,Wh,12.753554011435911,Wh
341,107bcd4d26300a89dee66644629b7cce,SeasonalNaive,"{""method"": ""lastvalue"", ""lag_1"": 12, ""lag_2"": 28}","{""fillna"": ""ffill_mean_biased"", ""transformations"": {""0"": ""Scaler"", ""1"": ""Scaler"", ""2"": ""Scaler""}, ""transformation_params"": {""0"": {}, ""1"": {}, ""2"": {}}}",0,3,13.023976469065005,0.8202083819442324,0.9930317870646101,0.9400068951674374,0.8202083819442324,0.0,-18.721757173538208,0.5823501640015649,128.91575157642365,0.7920850956108549,0.5641746832725081,0.9555555555555556,0.5222222222222223,2.7230348587036133,0.5388888888888889,1.7130854867431093,0.6399741476657343,3.4002924788502202,1.7717427648284472,0.536975566873745,36.73133146762848,21.70796681889009,3.5297208989998645,0.100928040811737,13.023976469065005,0.8202083819442324,0.9930317870646101,0.9400068951674374,0.8202083819442324,0.0,0.5823501640015649,0.7920850956108549,0.5641746832725081,2.7230348587036133,0.5388888888888889,1.7130854867431093,0.6399741476657343,3.4002924788502202,1.7717427648284472,0.536975566873745,36.73133146762848,21.70796681889009,3.5297208989998645,0.100928040811737,0.9555555555555556,0.5222222222222223,0.09193333333333333,24.467684715713023,12.398371599548238,Wh,12.398371599548238,Wh
342,f422885db070f2786167aa75e9864afd,SeasonalNaive,"{""method"": ""lastvalue"", ""lag_1"": 12, ""lag_2"": 28}","{""fillna"": ""mean"", ""transformations"": {""0"": ""Scaler""}, ""transformation_params"": {""0"": {}}}",0,3,13.023976469065005,0.8202083819442324,0.9930317870646101,0.9400068951674374,0.8202083819442324,0.0,-18.721757173538208,0.5823501640015649,128.91575157642365,0.7920850956108549,0.5641746832725081,0.9555555555555556,0.5222222222222223,2.7230348587036133,0.5388888888888889,1.7130854867431093,0.6399741476657343,3.4002924788502202,1.7717427648284472,0.536975566873745,36.73133146762848,21.70796681889009,3.5297208989998645,0.100928040811737,13.023976469065005,0.8202083819442324,0.9930317870646101,0.9400068951674374,0.8202083819442324,0.0,0.5823501640015649,0.7920850956108549,0.5641746832725081,2.7230348587036133,0.5388888888888889,1.7130854867431093,0.6399741476657343,3.4002924788502202,1.7717427648284472,0.536975566873745,36.73133146762848,21.70796681889009,3.5297208989998645,0.100928040811737,0.9555555555555556,0.5222222222222223,0.09173333333333333,24.467684668842566,12.398371599548238,Wh,12.398371599548238,Wh
343,f41ba12ca2f872295b6d367d4f359844,SeasonalNaive,"{""method"": ""lastvalue"", ""lag_1"": 12, ""lag_2"": 28}","{""fillna"": ""pchip"", ""transformations"": {""0"": ""Scaler"", ""1"": ""Scaler""}, ""transformation_params"": {""0"": {}, ""1"": {}}}",0,3,13.023976469065005,0.8202083819442324,0.9930317870646101,0.9400068951674374,0.8202083819442324,0.0,-18.721757173538208,0.5823501640015649,128.91575157642365,0.7920850956108549,0.5641746832725081,0.9555555555555556,0.5222222222222223,2.7230348587036133,0.5388888888888889,1.7130854867431093,0.6399741476657343,3.4002924788502202,1.7717427648284472,0.536975566873745,36.73133146762848,21.70796681889009,3.5297208989998645,0.100928040811737,13.023976469065005,0.8202083819442324,0.9930317870646101,0.9400068951674374,0.8202083819442324,0.0,0.5823501640015649,0.7920850956108549,0.5641746832725081,2.7230348587036133,0.5388888888888889,1.7130854867431093,0.6399741476657343,3.4002924788502202,1.7717427648284472,0.536975566873745,36.73133146762848,21.70796681889009,3.5297208989998645,0.100928040811737,0.9555555555555556,0.5222222222222223,0.08750000000000001,24.467683676751147,12.398371599548238,Wh,12.398371599548238,Wh
344,0cc5198d7283007e4d139ea39ef04411,SeasonalNaive,"{""method"": ""lastvalue"", ""lag_1"": 12, ""lag_2"": 28}","{""fillna"": ""pchip"", ""transformations"": {""0"": ""Scaler""}, ""transformation_params"": {""0"": {}}}",0,3,13.023976469065005,0.8202083819442324,0.9930317870646101,0.9400068951674374,0.8202083819442324,0.0,-18.721757173538208,0.5823501640015649,128.91575157642365,0.7920850956108549,0.5641746832725081,0.9555555555555556,0.5222222222222223,2.7230348587036133,0.5388888888888889,1.7130854867431093,0.6399741476657343,3.4002924788502202,1.7717427648284472,0.536975566873745,36.73133146762848,21.70796681889009,3.5297208989998645,0.100928040811737,13.023976469065005,0.8202083819442324,0.9930317870646101,0.9400068951674374,0.8202083819442324,0.0,0.5823501640015649,0.7920850956108549,0.5641746832725081,2.7230348587036133,0.5388888888888889,1.7130854867431093,0.6399741476657343,3.4002924788502202,1.7717427648284472,0.536975566873745,36.73133146762848,21.70796681889009,3.5297208989998645,0.100928040811737,0.9555555555555556,0.5222222222222223,0.0838,24.467682809647627,12.398371599548238,Wh,12.398371599548238,Wh
345,603bd17f3734dd4d48a886812f16d1b1,DatepartRegression,"{""regression_model"": {""model"": ""ElasticNet"", ""model_params"": {""l1_ratio"": 0.5, ""fit_intercept"": true, ""selection"": ""cyclic"", ""max_iter"": 2000}}, ""datepart_method"": ""recurring"", ""polynomial_degree"": 2, ""holiday_countries_used"": false, ""lags"": null, ""forward_lags"": null, ""regression_type"": null}","{""fillna"": ""fake_date"", ""transformations"": {""0"": ""Scaler"", ""1"": ""Scaler""}, ""transformation_params"": {""0"": {}, ""1"": {}}}",0,3,11.657685746367795,0.7385284585663613,1.0045462435063643,0.7958699249059779,0.7385284585663613,0.0,-41.915246916723845,0.5450943245313083,91.01987562522118,0.6788862457103669,0.6822424424662765,0.9388888888888888,0.4444444444444445,4.018038809124846,0.6555555555555556,1.7955986465539135,0.49266496566150897,3.5137496756871514,3.233001413631095,0.1794479767527468,16.36820956949911,12.920166698769625,17.457773440987182,0.04522572752016658,11.657685746367795,0.7385284585663613,1.0045462435063643,0.7958699249059779,0.7385284585663613,0.0,0.5450943245313083,0.6788862457103669,0.6822424424662765,4.018038809124846,0.6555555555555556,1.7955986465539135,0.49266496566150897,3.5137496756871514,3.233001413631095,0.1794479767527468,16.36820956949911,12.920166698769625,17.457773440987182,0.04522572752016658,0.9388888888888888,0.4444444444444445,0.14503333333333332,24.081616408135417,15.24106550040798,Wh,15.24106550040798,Wh
346,f227985b669d76a2b0b9a787f9651b06,ARIMA,"{""p"": 0, ""d"": 1, ""q"": 2, ""regression_type"": ""Holiday""}","{""fillna"": ""rolling_mean_24"", ""transformations"": {""0"": ""Scaler""}, ""transformation_params"": {""0"": {}}}",0,3,12.827297109931374,0.8049675041735216,0.9665081866104622,0.7506103869618913,0.8049675041735216,0.0,-10.12875522716342,0.559422911564408,134.76539552407047,0.7938409594549468,0.5570513447469843,0.9666666666666667,0.5222222222222223,2.7047976923272996,0.6777777777777777,1.5976393472334598,0.6416810801655316,3.414614525928681,1.7770694248179024,0.080924503528693,41.545546765635684,22.221985353827137,19.443109187458173,0.11133538165251318,12.827297109931374,0.8049675041735216,0.9665081866104622,0.7506103869618913,0.8049675041735216,0.0,0.559422911564408,0.7938409594549468,0.5570513447469843,2.7047976923272996,0.6777777777777777,1.5976393472334598,0.6416810801655316,3.414614525928681,1.7770694248179024,0.080924503528693,41.545546765635684,22.221985353827137,19.443109187458173,0.11133538165251318,0.9666666666666667,0.5222222222222223,0.3221333333333333,24.043585649127547,12.865553424275248,Wh,12.865553424275248,Wh
347,d5be446e05639fc896a5e34b07dd10c8,ARIMA,"{""p"": 2, ""d"": 0, ""q"": 4, ""regression_type"": null}","{""fillna"": ""ffill_mean_biased"", ""transformations"": {""0"": ""Scaler""}, ""transformation_params"": {""0"": {}}}",0,3,12.653004595277553,0.7937078505583894,0.9542358815918773,0.7395552763436447,0.7937078505583894,0.0,-9.71283523792321,0.5516309437426997,133.1545778625869,0.7845471115634773,0.5664089814421366,0.9833333333333334,0.5055555555555555,2.5515515251935605,0.6666666666666666,1.5936221243098199,0.6307273954398118,3.371600628525497,1.4163226307083523,0.12478673023602758,41.14724754155457,21.951094203996604,18.448145084291607,0.11038303228746828,12.653004595277553,0.7937078505583894,0.9542358815918773,0.7395552763436447,0.7937078505583894,0.0,0.5516309437426997,0.7845471115634773,0.5664089814421366,2.5515515251935605,0.6666666666666666,1.5936221243098199,0.6307273954398118,3.371600628525497,1.4163226307083523,0.12478673023602758,41.14724754155457,21.951094203996604,18.448145084291607,0.11038303228746828,0.9833333333333334,0.5055555555555555,0.24193333333333333,23.88802484099536,12.815584928103382,Wh,12.815584928103382,Wh
348,6b81634b8bd069d51ebbf47d9a653825,ARIMA,"{""p"": 2, ""d"": 0, ""q"": 4, ""regression_type"": null}","{""fillna"": ""quadratic"", ""transformations"": {""0"": ""Scaler"", ""1"": ""Scaler""}, ""transformation_params"": {""0"": {}, ""1"": {}}}",0,3,12.653004595277553,0.7937078505583894,0.9542358815918773,0.7395552763436447,0.7937078505583894,0.0,-9.71283523792321,0.5516309437426997,133.1545778625869,0.7845471115634773,0.5664089814421366,0.9833333333333334,0.5055555555555555,2.5515515251935605,0.6666666666666666,1.5936221243098199,0.6307273954398118,3.371600628525497,1.4163226307083523,0.12478673023602758,41.14724754155457,21.951094203996604,18.448145084291607,0.11038303228746828,12.653004595277553,0.7937078505583894,0.9542358815918773,0.7395552763436447,0.7937078505583894,0.0,0.5516309437426997,0.7845471115634773,0.5664089814421366,2.5515515251935605,0.6666666666666666,1.5936221243098199,0.6307273954398118,3.371600628525497,1.4163226307083523,0.12478673023602758,41.14724754155457,21.951094203996604,18.448145084291607,0.11038303228746828,0.9833333333333334,0.5055555555555555,0.23863333333333334,23.88802406763276,12.815584928103382,Wh,12.815584928103382,Wh
349,cc9f8530b8ac964f3c78bc1fd1799793,ARIMA,"{""p"": 4, ""d"": 0, ""q"": 1, ""regression_type"": null}","{""fillna"": ""rolling_mean"", ""transformations"": {""0"": ""Scaler"", ""1"": ""Scaler"", ""2"": ""Scaler"", ""3"": ""Scaler""}, ""transformation_params"": {""0"": {}, ""1"": {}, ""2"": {}, ""3"": {}}}",0,3,12.666438090214555,0.7935230277639556,0.9568920944032796,0.7235101385092383,0.7935230277639556,0.0,-9.08657829835427,0.5501934433500474,133.74756669915774,0.7848431416420261,0.5562257431511041,0.9722222222222222,0.5055555555555555,2.66409407051197,0.6722222222222222,1.5940564220688618,0.6299902573929471,3.3874271585571,1.4028128094526853,0.004866425191914172,41.55366280026782,22.271289033037913,21.182876937763297,0.11163583195556631,12.666438090214555,0.7935230277639556,0.9568920944032796,0.7235101385092383,0.7935230277639556,0.0,0.5501934433500474,0.7848431416420261,0.5562257431511041,2.66409407051197,0.6722222222222222,1.5940564220688618,0.6299902573929471,3.3874271585571,1.4028128094526853,0.004866425191914172,41.55366280026782,22.271289033037913,21.182876937763297,0.11163583195556631,0.9722222222222222,0.5055555555555555,0.2911666666666667,23.808537157636696,12.490951145153865,Wh,12.490951145153865,Wh
350,c4fd8a6585483ac24405c0f068bebb83,ARIMA,"{""p"": 0, ""d"": 1, ""q"": 1, ""regression_type"": null}","{""fillna"": ""quadratic"", ""transformations"": {""0"": ""Scaler"", ""1"": ""Scaler""}, ""transformation_params"": {""0"": {}, ""1"": {}}}",0,3,12.565601513141639,0.7866557898512628,0.9512829518055127,0.7265437623569246,0.7866557898512628,0.0,-9.213720521761129,0.546215712874508,132.38432165146622,0.777831973182888,0.5590790864631368,0.9777777777777779,0.5277777777777778,2.6820099841265863,0.6722222222222222,1.588043251586079,0.6227943685775131,3.3686236505102247,1.4357502319992477,0.0059204875084210235,41.05686704323503,21.782118587899774,21.268978545005613,0.1102180890670647,12.565601513141639,0.7866557898512628,0.9512829518055127,0.7265437623569246,0.7866557898512628,0.0,0.546215712874508,0.777831973182888,0.5590790864631368,2.6820099841265863,0.6722222222222222,1.588043251586079,0.6227943685775131,3.3686236505102247,1.4357502319992477,0.0059204875084210235,41.05686704323503,21.782118587899774,21.268978545005613,0.1102180890670647,0.9777777777777779,0.5277777777777778,0.06013333333333334,23.694052507655158,12.715405666407126,Wh,12.715405666407126,Wh
351,2c96288f9f66e2faf5f6c1b65816ab88,ARIMA,"{""p"": 0, ""d"": 1, ""q"": 1, ""regression_type"": null}","{""fillna"": ""rolling_mean"", ""transformations"": {""0"": ""Scaler"", ""1"": ""Scaler""}, ""transformation_params"": {""0"": {}, ""1"": {}}}",0,3,12.565601513141639,0.7866557898512628,0.9512829518055127,0.7265437623569246,0.7866557898512628,0.0,-9.213720521761129,0.546215712874508,132.38432165146622,0.777831973182888,0.5590790864631368,0.9777777777777779,0.5277777777777778,2.6820099841265863,0.6722222222222222,1.588043251586079,0.6227943685775131,3.3686236505102247,1.4357502319992477,0.0059204875084210235,41.05686704323503,21.782118587899774,21.268978545005613,0.1102180890670647,12.565601513141639,0.7866557898512628,0.9512829518055127,0.7265437623569246,0.7866557898512628,0.0,0.546215712874508,0.777831973182888,0.5590790864631368,2.6820099841265863,0.6722222222222222,1.588043251586079,0.6227943685775131,3.3686236505102247,1.4357502319992477,0.0059204875084210235,41.05686704323503,21.782118587899774,21.268978545005613,0.1102180890670647,0.9777777777777779,0.5277777777777778,0.044399999999999995,23.69404882051225,12.715405666407126,Wh,12.715405666407126,Wh
352,cd30b23d3f59902feea9ced29f167354,ARIMA,"{""p"": 0, ""d"": 1, ""q"": 1, ""regression_type"": null}","{""fillna"": ""cubic"", ""transformations"": {""0"": ""Scaler"", ""1"": ""Scaler""}, ""transformation_params"": {""0"": {}, ""1"": {}}}",0,3,12.565601513141639,0.7866557898512628,0.9512829518055127,0.7265437623569246,0.7866557898512628,0.0,-9.213720521761129,0.546215712874508,132.38432165146622,0.777831973182888,0.5590790864631368,0.9777777777777779,0.5277777777777778,2.6820099841265863,0.6722222222222222,1.588043251586079,0.6227943685775131,3.3686236505102247,1.4357502319992477,0.0059204875084210235,41.05686704323503,21.782118587899774,21.268978545005613,0.1102180890670647,12.565601513141639,0.7866557898512628,0.9512829518055127,0.7265437623569246,0.7866557898512628,0.0,0.546215712874508,0.777831973182888,0.5590790864631368,2.6820099841265863,0.6722222222222222,1.588043251586079,0.6227943685775131,3.3686236505102247,1.4357502319992477,0.0059204875084210235,41.05686704323503,21.782118587899774,21.268978545005613,0.1102180890670647,0.9777777777777779,0.5277777777777778,0.04376666666666667,23.694048672089128,12.715405666407126,Wh,12.715405666407126,Wh
353,bc8b4d0c6bb9b9e05e843e629330be7a,ARIMA,"{""p"": 4, ""d"": 0, ""q"": 4, ""regression_type"": null}","{""fillna"": ""rolling_mean"", ""transformations"": {""0"": ""Scaler"", ""1"": ""Scaler""}, ""transformation_params"": {""0"": {}, ""1"": {}}}",0,3,12.4043254680633,0.7767452645066841,0.9442524873645645,0.7363344500404739,0.7767452645066841,0.0,-9.08211928092051,0.5391195485755675,130.73202833028265,0.7681504851431992,0.562961776595574,0.9833333333333334,0.5222222222222223,2.6466837621208974,0.6722222222222222,1.5828787484958393,0.6134395017622035,3.3155585980924633,1.3535019662261467,0.13537261676574572,40.549969683120715,21.538099324621538,16.992422513377196,0.10865316420541744,12.4043254680633,0.7767452645066841,0.9442524873645645,0.7363344500404739,0.7767452645066841,0.0,0.5391195485755675,0.7681504851431992,0.562961776595574,2.6466837621208974,0.6722222222222222,1.5828787484958393,0.6134395017622035,3.3155585980924633,1.3535019662261467,0.13537261676574572,40.549969683120715,21.538099324621538,16.992422513377196,0.10865316420541744,0.9833333333333334,0.5222222222222223,0.6177666666666667,23.524303949501824,12.791371517488892,Wh,12.791371517488892,Wh
354,5a3ab2b91cfe133c0f1f764b0b8d94d3,ARIMA,"{""p"": 4, ""d"": 0, ""q"": 4, ""regression_type"": null}","{""fillna"": ""cubic"", ""transformations"": {""0"": ""Scaler""}, ""transformation_params"": {""0"": {}}}",0,3,12.4043254680633,0.7767452645066841,0.9442524873645645,0.7363344500404739,0.7767452645066841,0.0,-9.08211928092051,0.5391195485755675,130.73202833028265,0.7681504851431992,0.562961776595574,0.9833333333333334,0.5222222222222223,2.6466837621208974,0.6722222222222222,1.5828787484958393,0.6134395017622035,3.3155585980924633,1.3535019662261467,0.13537261676574572,40.549969683120715,21.538099324621538,16.992422513377196,0.10865316420541744,12.4043254680633,0.7767452645066841,0.9442524873645645,0.7363344500404739,0.7767452645066841,0.0,0.5391195485755675,0.7681504851431992,0.562961776595574,2.6466837621208974,0.6722222222222222,1.5828787484958393,0.6134395017622035,3.3155585980924633,1.3535019662261467,0.13537261676574572,40.549969683120715,21.538099324621538,16.992422513377196,0.10865316420541744,0.9833333333333334,0.5222222222222223,0.5884999999999999,23.524297090791084,12.791371517488892,Wh,12.791371517488892,Wh
355,832b3fa4004b3fa8b7134ad9067d12dc,ARIMA,"{""p"": 5, ""d"": 1, ""q"": 4, ""regression_type"": null}","{""fillna"": ""cubic"", ""transformations"": {""0"": ""Scaler"", ""1"": ""Scaler""}, ""transformation_params"": {""0"": {}, ""1"": {}}}",0,3,12.434777318494648,0.7879119660811339,0.9274223802558393,0.7614940712396661,0.7879119660811339,0.0,-14.45184064661328,0.5603093487759566,127.3723132479908,0.7711755556586936,0.5506797107453929,0.9833333333333334,0.5,2.3506178265042674,0.6166666666666667,1.6111405533874776,0.633132964071557,3.2253479798671094,1.3716058717835364,0.2581825955396228,37.64015753379251,20.426998709657166,15.351620011679238,0.09932579484752675,12.434777318494648,0.7879119660811339,0.9274223802558393,0.7614940712396661,0.7879119660811339,0.0,0.5603093487759566,0.7711755556586936,0.5506797107453929,2.3506178265042674,0.6166666666666667,1.6111405533874776,0.633132964071557,3.2253479798671094,1.3716058717835364,0.2581825955396228,37.64015753379251,20.426998709657166,15.351620011679238,0.09932579484752675,0.9833333333333334,0.5,1.8247,23.412008514437446,13.591599082662459,Wh,13.591599082662459,Wh
356,f77031081391186c40b771096eb774c4,ARIMA,"{""p"": 5, ""d"": 1, ""q"": 4, ""regression_type"": null}","{""fillna"": ""cubic"", ""transformations"": {""0"": ""Scaler""}, ""transformation_params"": {""0"": {}}}",0,3,12.434777318494648,0.7879119660811339,0.9274223802558393,0.7614940712396661,0.7879119660811339,0.0,-14.45184064661328,0.5603093487759566,127.3723132479908,0.7711755556586936,0.5506797107453929,0.9833333333333334,0.5,2.3506178265042674,0.6166666666666667,1.6111405533874776,0.633132964071557,3.2253479798671094,1.3716058717835364,0.2581825955396228,37.64015753379251,20.426998709657166,15.351620011679238,0.09932579484752675,12.434777318494648,0.7879119660811339,0.9274223802558393,0.7614940712396661,0.7879119660811339,0.0,0.5603093487759566,0.7711755556586936,0.5506797107453929,2.3506178265042674,0.6166666666666667,1.6111405533874776,0.633132964071557,3.2253479798671094,1.3716058717835364,0.2581825955396228,37.64015753379251,20.426998709657166,15.351620011679238,0.09932579484752675,0.9833333333333334,0.5,1.7097666666666667,23.41198157954607,13.591599082662459,Wh,13.591599082662459,Wh
357,355394c8b0bfc070e272eda2f3fb4e06,ARIMA,"{""p"": 5, ""d"": 1, ""q"": 4, ""regression_type"": null}","{""fillna"": ""rolling_mean_24"", ""transformations"": {""0"": ""Scaler""}, ""transformation_params"": {""0"": {}}}",0,3,12.434777318494648,0.7879119660811339,0.9274223802558393,0.7614940712396661,0.7879119660811339,0.0,-14.45184064661328,0.5603093487759566,127.3723132479908,0.7711755556586936,0.5506797107453929,0.9833333333333334,0.5,2.3506178265042674,0.6166666666666667,1.6111405533874776,0.633132964071557,3.2253479798671094,1.3716058717835364,0.2581825955396228,37.64015753379251,20.426998709657166,15.351620011679238,0.09932579484752675,12.434777318494648,0.7879119660811339,0.9274223802558393,0.7614940712396661,0.7879119660811339,0.0,0.5603093487759566,0.7711755556586936,0.5506797107453929,2.3506178265042674,0.6166666666666667,1.6111405533874776,0.633132964071557,3.2253479798671094,1.3716058717835364,0.2581825955396228,37.64015753379251,20.426998709657166,15.351620011679238,0.09932579484752675,0.9833333333333334,0.5,1.2675,23.411877933334114,13.591599082662459,Wh,13.591599082662459,Wh
358,bb4614e890536884024cbadedf1c06f7,RollingRegression,"{""regression_model"": {""model"": ""RANSAC"", ""model_params"": {}}, ""holiday"": false, ""mean_rolling_periods"": 5, ""macd_periods"": 28, ""std_rolling_periods"": null, ""max_rolling_periods"": 32, ""min_rolling_periods"": 4, ""ewm_var_alpha"": null, ""quantile90_rolling_periods"": null, ""quantile10_rolling_periods"": null, ""ewm_alpha"": 0.2, ""additional_lag_periods"": 35, ""abs_energy"": false, ""rolling_autocorr_periods"": null, ""nonzero_last_n"": null, ""add_date_part"": ""simple_binarized"", ""polynomial_degree"": null, ""x_transform"": null, ""regression_type"": null}","{""fillna"": ""rolling_mean"", ""transformations"": {""0"": ""Scaler"", ""1"": ""Scaler""}, ""transformation_params"": {""0"": {}, ""1"": {}}}",0,1,11.442093042049631,0.6107514202053911,0.7584349240806845,1.039011811918247,0.6107514202053911,0.0,-29.295438636574545,0.5855238891769345,7.34964657574892,0.464685940143538,0.785312398930003,1.0,0.4666666666666667,1.9488325420825277,0.8,1.629280418091955,0.4740480794928005,2.1402193068589708,1.256970101102128,0.22858497296149716,21.945792060825625,21.866191618869234,18.153667510301922,0.06686887197355991,11.442093042049631,0.6107514202053911,0.7584349240806845,1.039011811918247,0.6107514202053911,0.0,0.5855238891769345,0.464685940143538,0.785312398930003,1.9488325420825277,0.8,1.629280418091955,0.4740480794928005,2.1402193068589708,1.256970101102128,0.22858497296149716,21.945792060825625,21.866191618869234,18.153667510301922,0.06686887197355991,1.0,0.4666666666666667,0.9243,23.392908099808558,9.140426364776278,Wh,9.140426364776278,Wh
359,d37681d72ea04b7cae893284acca7bba,RollingRegression,"{""regression_model"": {""model"": ""RANSAC"", ""model_params"": {}}, ""holiday"": false, ""mean_rolling_periods"": 5, ""macd_periods"": 28, ""std_rolling_periods"": null, ""max_rolling_periods"": 32, ""min_rolling_periods"": 4, ""ewm_var_alpha"": null, ""quantile90_rolling_periods"": null, ""quantile10_rolling_periods"": null, ""ewm_alpha"": 0.2, ""additional_lag_periods"": 35, ""abs_energy"": false, ""rolling_autocorr_periods"": null, ""nonzero_last_n"": null, ""add_date_part"": ""simple_binarized"", ""polynomial_degree"": null, ""x_transform"": null, ""regression_type"": null}","{""fillna"": ""median"", ""transformations"": {""0"": ""Scaler"", ""1"": ""Scaler""}, ""transformation_params"": {""0"": {}, ""1"": {}}}",0,1,11.442093042049631,0.6107514202053911,0.7584349240806845,1.039011811918247,0.6107514202053911,0.0,-29.295438636574545,0.5855238891769345,7.34964657574892,0.464685940143538,0.785312398930003,1.0,0.4666666666666667,1.9488325420825277,0.8,1.629280418091955,0.4740480794928005,2.1402193068589708,1.256970101102128,0.22858497296149716,21.945792060825625,21.866191618869234,18.153667510301922,0.06686887197355991,11.442093042049631,0.6107514202053911,0.7584349240806845,1.039011811918247,0.6107514202053911,0.0,0.5855238891769345,0.464685940143538,0.785312398930003,1.9488325420825277,0.8,1.629280418091955,0.4740480794928005,2.1402193068589708,1.256970101102128,0.22858497296149716,21.945792060825625,21.866191618869234,18.153667510301922,0.06686887197355991,1.0,0.4666666666666667,0.7708,23.392872126730023,9.140426364776278,Wh,9.140426364776278,Wh
360,051a96eee2b57b304c7e86229f119c2c,RollingRegression,"{""regression_model"": {""model"": ""SVM"", ""model_params"": {""C"": 2.0, ""tol"": 0.0001, ""epsilon"": 0.1, ""loss"": ""squared_epsilon_insensitive"", ""max_iter"": 50}}, ""holiday"": false, ""mean_rolling_periods"": 5, ""macd_periods"": 12, ""std_rolling_periods"": null, ""max_rolling_periods"": 53, ""min_rolling_periods"": 4, ""ewm_var_alpha"": null, ""quantile90_rolling_periods"": null, ""quantile10_rolling_periods"": null, ""ewm_alpha"": 0.2, ""additional_lag_periods"": 35, ""abs_energy"": false, ""rolling_autocorr_periods"": 7, ""nonzero_last_n"": null, ""add_date_part"": null, ""polynomial_degree"": null, ""x_transform"": null, ""regression_type"": null}","{""fillna"": ""nearest"", ""transformations"": {""0"": ""Scaler""}, ""transformation_params"": {""0"": {}}}",0,1,11.491944111519912,0.6261672329748511,0.7288335425667972,1.004823944323073,0.6261672329748511,0.0,-24.542364738606985,0.5761293383850535,13.027669239884078,0.509277402140144,0.785312398930003,1.0,0.5333333333333333,1.3326163966385138,0.8,1.6499976059267378,0.5184284510860105,2.081671155306728,1.5995350091627638,0.036463174935166084,11.514695498722904,21.37593291590704,26.901769315950986,0.03508530004223785,11.491944111519912,0.6261672329748511,0.7288335425667972,1.004823944323073,0.6261672329748511,0.0,0.5761293383850535,0.509277402140144,0.785312398930003,1.3326163966385138,0.8,1.6499976059267378,0.5184284510860105,2.081671155306728,1.5995350091627638,0.036463174935166084,11.514695498722904,21.37593291590704,26.901769315950986,0.03508530004223785,1.0,0.5333333333333333,5.4617,23.388836396452046,9.371137414821877,Wh,9.371137414821877,Wh
361,8cd1c172ae47ac29e0795ddb60492099,ARIMA,"{""p"": 4, ""d"": 1, ""q"": 4, ""regression_type"": null}","{""fillna"": ""cubic"", ""transformations"": {""0"": ""Scaler"", ""1"": ""Scaler"", ""2"": ""Scaler""}, ""transformation_params"": {""0"": {}, ""1"": {}, ""2"": {}}}",0,3,12.261970595113096,0.7726161926668401,0.9232174465240838,0.7398357437476153,0.7726161926668401,0.0,-12.946232470309587,0.5463162838498019,126.12468220972164,0.7583272852466306,0.5548249852824808,0.9722222222222222,0.4777777777777778,2.431162663965284,0.6555555555555556,1.5912509526591279,0.6155759312576845,3.1905700622229216,1.3165497683042149,0.13426552116876686,37.72614991313735,20.37960339971262,17.919917728042666,0.09973610294734371,12.261970595113096,0.7726161926668401,0.9232174465240838,0.7398357437476153,0.7726161926668401,0.0,0.5463162838498019,0.7583272852466306,0.5548249852824808,2.431162663965284,0.6555555555555556,1.5912509526591279,0.6155759312576845,3.1905700622229216,1.3165497683042149,0.13426552116876686,37.72614991313735,20.37960339971262,17.919917728042666,0.09973610294734371,0.9722222222222222,0.4777777777777778,0.7124666666666667,23.21716120998271,12.64546247893758,Wh,12.64546247893758,Wh
362,0d7d7bf9433926e2a51fe832ed4347a1,RollingRegression,"{""regression_model"": {""model"": ""SVM"", ""model_params"": {""C"": 2.0, ""tol"": 0.0001, ""epsilon"": 0.1, ""loss"": ""squared_epsilon_insensitive"", ""max_iter"": 50}}, ""holiday"": false, ""mean_rolling_periods"": 5, ""macd_periods"": null, ""std_rolling_periods"": null, ""max_rolling_periods"": 53, ""min_rolling_periods"": 96, ""ewm_var_alpha"": null, ""quantile90_rolling_periods"": null, ""quantile10_rolling_periods"": null, ""ewm_alpha"": null, ""additional_lag_periods"": 11, ""abs_energy"": false, ""rolling_autocorr_periods"": null, ""nonzero_last_n"": null, ""add_date_part"": null, ""polynomial_degree"": null, ""x_transform"": null, ""regression_type"": null}","{""fillna"": ""quadratic"", ""transformations"": {""0"": ""Scaler"", ""1"": ""Scaler""}, ""transformation_params"": {""0"": {}, ""1"": {}}}",0,1,11.348855536469557,0.6189997323655179,0.7151380838580789,1.019643296155039,0.6189997323655179,0.0,-13.340298164289326,0.506512077791751,23.79968577764175,0.569174889543039,0.785312398930003,1.0,0.4666666666666667,1.4157017469404343,0.8,1.5995091203355067,0.5192595635052196,2.274764687141314,1.5163132838339017,0.03249738556738452,10.459387613352426,10.13878012119006,27.537912958965656,0.03186977482064,11.348855536469557,0.6189997323655179,0.7151380838580789,1.019643296155039,0.6189997323655179,0.0,0.506512077791751,0.569174889543039,0.785312398930003,1.4157017469404343,0.8,1.5995091203355067,0.5192595635052196,2.274764687141314,1.5163132838339017,0.03249738556738452,10.459387613352426,10.13878012119006,27.537912958965656,0.03186977482064,1.0,0.4666666666666667,0.2799,23.079258615821107,9.263869532387698,Wh,9.263869532387698,Wh
363,cee5cd4447b32d907fd6f1bc4ec5cf48,RollingRegression,"{""regression_model"": {""model"": ""Ridge"", ""model_params"": {""alpha"": 1.0}}, ""holiday"": false, ""mean_rolling_periods"": 7, ""macd_periods"": 7, ""std_rolling_periods"": 7, ""max_rolling_periods"": null, ""min_rolling_periods"": 24, ""ewm_var_alpha"": null, ""quantile90_rolling_periods"": null, ""quantile10_rolling_periods"": null, ""ewm_alpha"": null, ""additional_lag_periods"": 11, ""abs_energy"": false, ""rolling_autocorr_periods"": null, ""nonzero_last_n"": null, ""add_date_part"": null, ""polynomial_degree"": null, ""x_transform"": null, ""regression_type"": null}","{""fillna"": ""ffill"", ""transformations"": {""0"": ""Scaler"", ""1"": ""Scaler"", ""2"": ""Scaler"", ""3"": ""Scaler""}, ""transformation_params"": {""0"": {}, ""1"": {}, ""2"": {}, ""3"": {}}}",0,1,11.115133605537169,0.603980966109452,0.7177890944430875,1.0035852436915853,0.603980966109452,0.0,-8.99945251075243,0.4733800791391383,27.23940545581469,0.5738059186290785,0.7853123989300028,1.0,0.5333333333333333,1.354754691658119,0.8,1.585528921194335,0.4939264673543726,2.4329953688429717,1.084515178317399,0.010960843795121324,18.239952945062257,10.701161809401487,28.451907369520953,0.05557717283142977,11.115133605537169,0.603980966109452,0.7177890944430875,1.0035852436915853,0.603980966109452,0.0,0.4733800791391383,0.5738059186290785,0.7853123989300028,1.354754691658119,0.8,1.585528921194335,0.4939264673543726,2.4329953688429717,1.084515178317399,0.010960843795121324,18.239952945062257,10.701161809401487,28.451907369520953,0.05557717283142977,1.0,0.5333333333333333,0.3514,22.82849655409523,9.039100628850493,Wh,9.039100628850493,Wh
364,3a491835ce0a99c4f094a208eec1484f,SeasonalNaive,"{""method"": ""lastvalue"", ""lag_1"": 12, ""lag_2"": 1}","{""fillna"": ""rolling_mean_24"", ""transformations"": {""0"": ""Scaler""}, ""transformation_params"": {""0"": {}}}",0,3,11.91667974481488,0.7415355424086253,0.9032421117791928,0.7843793443838085,0.7415355424086253,0.0,-10.322721719741821,0.521506601809846,123.15367591381073,0.7310854713672751,0.5620209217880251,0.9777777777777777,0.5111111111111112,2.649664878845215,0.5,1.679821680364664,0.5775789801591362,3.222858590560238,1.4308007883531406,0.36941392178490823,37.610318064689636,21.9433422681707,10.659020388000274,0.10307630071920652,11.91667974481488,0.7415355424086253,0.9032421117791928,0.7843793443838085,0.7415355424086253,0.0,0.521506601809846,0.7310854713672751,0.5620209217880251,2.649664878845215,0.5,1.679821680364664,0.5775789801591362,3.222858590560238,1.4308007883531406,0.36941392178490823,37.610318064689636,21.9433422681707,10.659020388000274,0.10307630071920652,0.9777777777777777,0.5111111111111112,0.1146,22.791765257670352,12.937747325103889,Wh,12.937747325103889,Wh
365,c7be47f7778b26354cdad0beae5042dd,SeasonalNaive,"{""method"": ""lastvalue"", ""lag_1"": 12, ""lag_2"": 1}","{""fillna"": ""pchip"", ""transformations"": {""0"": ""Scaler"", ""1"": ""Scaler""}, ""transformation_params"": {""0"": {}, ""1"": {}}}",0,3,11.91667974481488,0.7415355424086253,0.9032421117791928,0.7843793443838085,0.7415355424086253,0.0,-10.322721719741821,0.521506601809846,123.15367591381073,0.7310854713672751,0.5620209217880251,0.9777777777777777,0.5111111111111112,2.649664878845215,0.5,1.679821680364664,0.5775789801591362,3.222858590560238,1.4308007883531406,0.36941392178490823,37.610318064689636,21.9433422681707,10.659020388000274,0.10307630071920652,11.91667974481488,0.7415355424086253,0.9032421117791928,0.7843793443838085,0.7415355424086253,0.0,0.521506601809846,0.7310854713672751,0.5620209217880251,2.649664878845215,0.5,1.679821680364664,0.5775789801591362,3.222858590560238,1.4308007883531406,0.36941392178490823,37.610318064689636,21.9433422681707,10.659020388000274,0.10307630071920652,0.9777777777777777,0.5111111111111112,0.09696666666666666,22.791761125258077,12.937747325103889,Wh,12.937747325103889,Wh
366,6e72604fdb9dcb6ff024098764085921,SeasonalNaive,"{""method"": ""lastvalue"", ""lag_1"": 12, ""lag_2"": 1}","{""fillna"": ""rolling_mean_24"", ""transformations"": {""0"": ""Scaler"", ""1"": ""Scaler""}, ""transformation_params"": {""0"": {}, ""1"": {}}}",0,3,11.91667974481488,0.7415355424086253,0.9032421117791928,0.7843793443838085,0.7415355424086253,0.0,-10.322721719741821,0.521506601809846,123.15367591381073,0.7310854713672751,0.5620209217880251,0.9777777777777777,0.5111111111111112,2.649664878845215,0.5,1.679821680364664,0.5775789801591362,3.222858590560238,1.4308007883531406,0.36941392178490823,37.610318064689636,21.9433422681707,10.659020388000274,0.10307630071920652,11.91667974481488,0.7415355424086253,0.9032421117791928,0.7843793443838085,0.7415355424086253,0.0,0.521506601809846,0.7310854713672751,0.5620209217880251,2.649664878845215,0.5,1.679821680364664,0.5775789801591362,3.222858590560238,1.4308007883531406,0.36941392178490823,37.610318064689636,21.9433422681707,10.659020388000274,0.10307630071920652,0.9777777777777777,0.5111111111111112,0.0891,22.791759281686623,12.937747325103889,Wh,12.937747325103889,Wh
367,24ec0d04b4c9ce8fcc8fa04b8cf541ad,RollingRegression,"{""regression_model"": {""model"": ""SVM"", ""model_params"": {""C"": 2.0, ""tol"": 0.0001, ""epsilon"": 0.1, ""loss"": ""squared_epsilon_insensitive"", ""max_iter"": 50}}, ""holiday"": false, ""mean_rolling_periods"": 5, ""macd_periods"": 28, ""std_rolling_periods"": null, ""max_rolling_periods"": 53, ""min_rolling_periods"": 4, ""ewm_var_alpha"": null, ""quantile90_rolling_periods"": null, ""quantile10_rolling_periods"": null, ""ewm_alpha"": 0.2, ""additional_lag_periods"": 35, ""abs_energy"": false, ""rolling_autocorr_periods"": 7, ""nonzero_last_n"": null, ""add_date_part"": null, ""polynomial_degree"": null, ""x_transform"": null, ""regression_type"": null}","{""fillna"": ""ffill"", ""transformations"": {""0"": ""Scaler""}, ""transformation_params"": {""0"": {}}}",0,1,11.011271780714184,0.5997884139900798,0.6826377850118551,0.9953875681427378,0.5997884139900798,0.0,-18.951994567282476,0.5298406090833938,17.03531027212231,0.5187001446699293,0.785312398930003,1.0,0.55,1.1830905340383735,0.8,1.6093328396205064,0.5138594863636624,2.104491259236896,1.2695472028436439,0.06769193040127372,1.916684295160171,12.117701090003,26.195071783025995,0.0058401408521309315,11.011271780714184,0.5997884139900798,0.6826377850118551,0.9953875681427378,0.5997884139900798,0.0,0.5298406090833938,0.5187001446699293,0.785312398930003,1.1830905340383735,0.8,1.6093328396205064,0.5138594863636624,2.104491259236896,1.2695472028436439,0.06769193040127372,1.916684295160171,12.117701090003,26.195071783025995,0.0058401408521309315,1.0,0.55,5.2484,22.59936976109856,8.976355438811114,Wh,8.976355438811114,Wh
368,78505350eae5486e20af20ae0c1e0b23,RollingRegression,"{""regression_model"": {""model"": ""Ridge"", ""model_params"": {""alpha"": 0.1}}, ""holiday"": false, ""mean_rolling_periods"": 5, ""macd_periods"": 88, ""std_rolling_periods"": null, ""max_rolling_periods"": 7, ""min_rolling_periods"": 7, ""ewm_var_alpha"": null, ""quantile90_rolling_periods"": null, ""quantile10_rolling_periods"": null, ""ewm_alpha"": null, ""additional_lag_periods"": 35, ""abs_energy"": false, ""rolling_autocorr_periods"": 7, ""nonzero_last_n"": null, ""add_date_part"": ""simple_binarized"", ""polynomial_degree"": null, ""x_transform"": null, ""regression_type"": null}","{""fillna"": ""quadratic"", ""transformations"": {""0"": ""Scaler"", ""1"": ""Scaler"", ""2"": ""Scaler""}, ""transformation_params"": {""0"": {}, ""1"": {}, ""2"": {}}}",0,1,10.431331327222605,0.564523618529832,0.6794937268178162,1.0827520737939682,0.564523618529832,0.0,-26.302356759642862,0.5368826862687863,7.569060352147062,0.4462754118676703,0.785312398930003,1.0,0.5,1.5690877103006642,0.8,1.5897994568808882,0.4575492387459734,2.0519143782547475,1.3442267078681052,0.19737826994535432,18.7332964074958,19.063535521935233,21.144733231145246,0.05708039134079262,10.431331327222605,0.564523618529832,0.6794937268178162,1.0827520737939682,0.564523618529832,0.0,0.5368826862687863,0.4462754118676703,0.785312398930003,1.5690877103006642,0.8,1.5897994568808882,0.4575492387459734,2.0519143782547475,1.3442267078681052,0.19737826994535432,18.7332964074958,19.063535521935233,21.144733231145246,0.05708039134079262,1.0,0.5,5.0705,22.01910391681721,8.448587093933762,Wh,8.448587093933762,Wh
369,3a234c27901daea1b48f03ac92a09020,RollingRegression,"{""regression_model"": {""model"": ""ElasticNet"", ""model_params"": {""l1_ratio"": 0.1, ""fit_intercept"": true, ""selection"": ""cyclic"", ""max_iter"": 1000}}, ""holiday"": false, ""mean_rolling_periods"": 7, ""macd_periods"": null, ""std_rolling_periods"": 5, ""max_rolling_periods"": 7, ""min_rolling_periods"": null, ""ewm_var_alpha"": null, ""quantile90_rolling_periods"": null, ""quantile10_rolling_periods"": null, ""ewm_alpha"": null, ""additional_lag_periods"": 51, ""abs_energy"": false, ""rolling_autocorr_periods"": 7, ""nonzero_last_n"": null, ""add_date_part"": ""simple_2"", ""polynomial_degree"": null, ""x_transform"": null, ""regression_type"": null}","{""fillna"": ""rolling_mean_24"", ""transformations"": {""0"": ""Scaler""}, ""transformation_params"": {""0"": {}}}",0,1,10.218005634520923,0.558162157275899,0.6490231838878263,1.0277410094546136,0.558162157275899,0.0,-22.115601605245615,0.51630809845407,11.374127831308328,0.4619506547806068,0.785312398930003,1.0,0.48333333333333334,1.2360260077102225,0.8,1.5844604907608164,0.47006635993858814,1.8617526809081952,1.5650511522725143,0.026773373747554535,10.741473773937287,17.11967381871817,27.464396068438372,0.032729291911906586,10.218005634520923,0.558162157275899,0.6490231838878263,1.0277410094546136,0.558162157275899,0.0,0.51630809845407,0.4619506547806068,0.785312398930003,1.2360260077102225,0.8,1.5844604907608164,0.47006635993858814,1.8617526809081952,1.5650511522725143,0.026773373747554535,10.741473773937287,17.11967381871817,27.464396068438372,0.032729291911906586,1.0,0.48333333333333334,11.4238,21.67566484303921,8.353382291717505,Wh,8.353382291717505,Wh
370,80ff3a9a17ead7af64e7bc6ddca52850,RollingRegression,"{""regression_model"": {""model"": ""ElasticNet"", ""model_params"": {""l1_ratio"": 0.1, ""fit_intercept"": true, ""selection"": ""cyclic"", ""max_iter"": 1000}}, ""holiday"": false, ""mean_rolling_periods"": 12, ""macd_periods"": 22, ""std_rolling_periods"": null, ""max_rolling_periods"": 7, ""min_rolling_periods"": 96, ""ewm_var_alpha"": null, ""quantile90_rolling_periods"": null, ""quantile10_rolling_periods"": null, ""ewm_alpha"": null, ""additional_lag_periods"": 23, ""abs_energy"": false, ""rolling_autocorr_periods"": null, ""nonzero_last_n"": null, ""add_date_part"": ""simple_binarized"", ""polynomial_degree"": null, ""x_transform"": null, ""regression_type"": null}","{""fillna"": ""quadratic"", ""transformations"": {""0"": ""Scaler"", ""1"": ""Scaler""}, ""transformation_params"": {""0"": {}, ""1"": {}}}",0,1,10.132313670877545,0.5531251514896819,0.6390256619050293,1.0266433923828449,0.5531251514896819,0.0,-20.650043788391486,0.5057204289515841,12.537465300989425,0.46566992287520637,0.785312398930003,1.0,0.5166666666666667,1.1726746604326763,0.8,1.5762481211465826,0.46865136098537785,1.8623854640344386,1.4781333247993542,0.02041493206405477,8.112578487402061,14.659190385174744,27.562433572080558,0.02471904275525775,10.132313670877545,0.5531251514896819,0.6390256619050293,1.0266433923828449,0.5531251514896819,0.0,0.5057204289515841,0.46566992287520637,0.785312398930003,1.1726746604326763,0.8,1.5762481211465826,0.46865136098537785,1.8623854640344386,1.4781333247993542,0.02041493206405477,8.112578487402061,14.659190385174744,27.562433572080558,0.02471904275525775,1.0,0.5166666666666667,0.6517,21.515328953025175,8.2779991178685,Wh,8.2779991178685,Wh
371,f7ea2f5268f6c85d5efeb82b45abd28d,RollingRegression,"{""regression_model"": {""model"": ""ElasticNet"", ""model_params"": {""l1_ratio"": 0.1, ""fit_intercept"": true, ""selection"": ""cyclic"", ""max_iter"": 1000}}, ""holiday"": false, ""mean_rolling_periods"": 12, ""macd_periods"": null, ""std_rolling_periods"": 30, ""max_rolling_periods"": null, ""min_rolling_periods"": 52, ""ewm_var_alpha"": null, ""quantile90_rolling_periods"": null, ""quantile10_rolling_periods"": null, ""ewm_alpha"": null, ""additional_lag_periods"": 23, ""abs_energy"": false, ""rolling_autocorr_periods"": null, ""nonzero_last_n"": null, ""add_date_part"": ""simple_binarized"", ""polynomial_degree"": null, ""x_transform"": null, ""regression_type"": null}","{""fillna"": ""rolling_mean_24"", ""transformations"": {""0"": ""Scaler"", ""1"": ""Scaler""}, ""transformation_params"": {""0"": {}, ""1"": {}}}",0,1,10.132313692177847,0.5531251527992329,0.6390256644994219,1.0266433953795873,0.5531251527992329,0.0,-20.65004423715436,0.5057204320320567,12.537464930799615,0.46566992160073745,0.785312398930003,1.0,0.5166666666666667,1.1726746661115612,0.8,1.5762481234325403,0.4686513611258324,1.862385461190131,1.478133348859262,0.02041493505829924,8.112579306354746,14.65919111925373,27.5624334452039,0.02471904525060821,10.132313692177847,0.5531251527992329,0.6390256644994219,1.0266433953795873,0.5531251527992329,0.0,0.5057204320320567,0.46566992160073745,0.785312398930003,1.1726746661115612,0.8,1.5762481234325403,0.4686513611258324,1.862385461190131,1.478133348859262,0.02041493505829924,8.112579306354746,14.65919111925373,27.5624334452039,0.02471904525060821,1.0,0.5166666666666667,0.6154,21.5153204872255,8.27799913746707,Wh,8.27799913746707,Wh
372,bf872ef589817c32665481431d7b9ecc,RollingRegression,"{""regression_model"": {""model"": ""ElasticNet"", ""model_params"": {""l1_ratio"": 0.1, ""fit_intercept"": true, ""selection"": ""cyclic"", ""max_iter"": 1000}}, ""holiday"": false, ""mean_rolling_periods"": 5, ""macd_periods"": 12, ""std_rolling_periods"": null, ""max_rolling_periods"": 53, ""min_rolling_periods"": 52, ""ewm_var_alpha"": null, ""quantile90_rolling_periods"": null, ""quantile10_rolling_periods"": null, ""ewm_alpha"": null, ""additional_lag_periods"": 35, ""abs_energy"": false, ""rolling_autocorr_periods"": null, ""nonzero_last_n"": null, ""add_date_part"": ""simple_binarized"", ""polynomial_degree"": null, ""x_transform"": null, ""regression_type"": null}","{""fillna"": ""nearest"", ""transformations"": {""0"": ""Scaler"", ""1"": ""Scaler""}, ""transformation_params"": {""0"": {}, ""1"": {}}}",0,1,10.095606863209856,0.5510470274153098,0.6364664245827457,1.0220285776907743,0.5510470274153098,0.0,-20.386928528889257,0.5029926711430979,12.675893116029329,0.4651045284016503,0.785312398930003,1.0,0.5,1.1892614680255065,0.8,1.5739990060833688,0.4670610472433099,1.8602187571470052,1.471356559121525,0.01692349068862072,7.711035412859928,14.310087434587027,27.735938798774004,0.023495540210031442,10.095606863209856,0.5510470274153098,0.6364664245827457,1.0220285776907743,0.5510470274153098,0.0,0.5029926711430979,0.4651045284016503,0.785312398930003,1.1892614680255065,0.8,1.5739990060833688,0.4670610472433099,1.8602187571470052,1.471356559121525,0.01692349068862072,7.711035412859928,14.310087434587027,27.735938798774004,0.023495540210031442,1.0,0.5,0.6437,21.461979617665552,8.246898183101488,Wh,8.246898183101488,Wh
373,08dd521dd43d8bf4904e015700af5212,RollingRegression,"{""regression_model"": {""model"": ""ElasticNet"", ""model_params"": {""l1_ratio"": 0.1, ""fit_intercept"": true, ""selection"": ""cyclic"", ""max_iter"": 1000}}, ""holiday"": false, ""mean_rolling_periods"": null, ""macd_periods"": null, ""std_rolling_periods"": null, ""max_rolling_periods"": 7, ""min_rolling_periods"": 52, ""ewm_var_alpha"": null, ""quantile90_rolling_periods"": null, ""quantile10_rolling_periods"": null, ""ewm_alpha"": null, ""additional_lag_periods"": 11, ""abs_energy"": false, ""rolling_autocorr_periods"": null, ""nonzero_last_n"": null, ""add_date_part"": ""simple_binarized"", ""polynomial_degree"": null, ""x_transform"": null, ""regression_type"": null}","{""fillna"": ""quadratic"", ""transformations"": {""0"": ""Scaler"", ""1"": ""Scaler""}, ""transformation_params"": {""0"": {}, ""1"": {}}}",0,1,10.092575365828194,0.5506107442864959,0.6339873179206358,1.0212842430926794,0.5506107442864959,0.0,-19.671280207407108,0.4992021556429108,13.365364449782646,0.4687402061955338,0.785312398930003,1.0,0.5166666666666667,1.1585299731159466,0.8,1.5715963918130706,0.4676538911041337,1.870798008160446,1.425418135483085,0.01346264619230592,6.3059157576244615,13.057229128789244,27.75647432413577,0.01921413783124948,10.092575365828194,0.5506107442864959,0.6339873179206358,1.0212842430926794,0.5506107442864959,0.0,0.4992021556429108,0.4687402061955338,0.785312398930003,1.1585299731159466,0.8,1.5715963918130706,0.4676538911041337,1.870798008160446,1.425418135483085,0.01346264619230592,6.3059157576244615,13.057229128789244,27.75647432413577,0.01921413783124948,1.0,0.5166666666666667,0.7283,21.43515721910247,8.240368826506991,Wh,8.240368826506991,Wh
374,ae6caee7b625d1ad88345237d46de847,RollingRegression,"{""regression_model"": {""model"": ""ElasticNet"", ""model_params"": {""l1_ratio"": 0.1, ""fit_intercept"": true, ""selection"": ""cyclic"", ""max_iter"": 1000}}, ""holiday"": false, ""mean_rolling_periods"": 7, ""macd_periods"": null, ""std_rolling_periods"": 7, ""max_rolling_periods"": null, ""min_rolling_periods"": 364, ""ewm_var_alpha"": null, ""quantile90_rolling_periods"": null, ""quantile10_rolling_periods"": null, ""ewm_alpha"": null, ""additional_lag_periods"": 11, ""abs_energy"": false, ""rolling_autocorr_periods"": 12, ""nonzero_last_n"": null, ""add_date_part"": ""simple_2"", ""polynomial_degree"": null, ""x_transform"": null, ""regression_type"": null}","{""fillna"": ""cubic"", ""transformations"": {""0"": ""Scaler"", ""1"": ""Scaler""}, ""transformation_params"": {""0"": {}, ""1"": {}}}",0,1,10.092286581978957,0.5505091202465328,0.6333316167242637,1.0211056131871763,0.5505091202465328,0.0,-19.483335250507707,0.49821651380518056,13.547211964284259,0.469726092313169,0.785312398930003,1.0,0.5166666666666667,1.1528602508338395,0.8,1.5709586359755972,0.4678657402368469,1.8744480378386867,1.4145443059600222,0.013294896433237816,5.936123286223449,12.715441552479582,27.76950051203186,0.018087379436821753,10.092286581978957,0.5505091202465328,0.6333316167242637,1.0211056131871763,0.5505091202465328,0.0,0.49821651380518056,0.469726092313169,0.785312398930003,1.1528602508338395,0.8,1.5709586359755972,0.4678657402368469,1.8744480378386867,1.4145443059600222,0.013294896433237816,5.936123286223449,12.715441552479582,27.76950051203186,0.018087379436821753,1.0,0.5166666666666667,4.7291,21.429477969693984,8.238847934334752,Wh,8.238847934334752,Wh
375,8c86d648786afb40e2ffe1a6e24da5fe,RollingRegression,"{""regression_model"": {""model"": ""ElasticNet"", ""model_params"": {""l1_ratio"": 0.1, ""fit_intercept"": true, ""selection"": ""cyclic"", ""max_iter"": 1000}}, ""holiday"": false, ""mean_rolling_periods"": 7, ""macd_periods"": 24, ""std_rolling_periods"": null, ""max_rolling_periods"": 364, ""min_rolling_periods"": 96, ""ewm_var_alpha"": null, ""quantile90_rolling_periods"": null, ""quantile10_rolling_periods"": null, ""ewm_alpha"": 0.5, ""additional_lag_periods"": 11, ""abs_energy"": false, ""rolling_autocorr_periods"": null, ""nonzero_last_n"": null, ""add_date_part"": ""simple_binarized"", ""polynomial_degree"": null, ""x_transform"": null, ""regression_type"": null}","{""fillna"": ""quadratic"", ""transformations"": {""0"": ""Scaler""}, ""transformation_params"": {""0"": {}}}",0,1,10.092324592485287,0.5505220088668769,0.6334207506812055,1.0211264233796384,0.5505220088668769,0.0,-19.506661958908808,0.4983378659691426,13.524658573103807,0.46960218399976233,0.785312398930003,1.0,0.5166666666666667,1.1535746422996453,0.8,1.5710394794255573,0.4678394948656633,1.873987530539754,1.4159251694586599,0.013306696698862516,5.982003385805001,12.758290129320663,27.76798225077596,0.018227176191322563,10.092324592485287,0.5505220088668769,0.6334207506812055,1.0211264233796384,0.5505220088668769,0.0,0.4983378659691426,0.46960218399976233,0.785312398930003,1.1535746422996453,0.8,1.5710394794255573,0.4678394948656633,1.873987530539754,1.4159251694586599,0.013306696698862516,5.982003385805001,12.758290129320663,27.76798225077596,0.018227176191322563,1.0,0.5166666666666667,0.6737,21.429386505181284,8.239040823751461,Wh,8.239040823751461,Wh
376,509905ce99763595a1fad6991f13aab6,RollingRegression,"{""regression_model"": {""model"": ""ElasticNet"", ""model_params"": {""l1_ratio"": 0.1, ""fit_intercept"": true, ""selection"": ""cyclic"", ""max_iter"": 1000}}, ""holiday"": false, ""mean_rolling_periods"": 7, ""macd_periods"": null, ""std_rolling_periods"": null, ""max_rolling_periods"": 364, ""min_rolling_periods"": 96, ""ewm_var_alpha"": null, ""quantile90_rolling_periods"": null, ""quantile10_rolling_periods"": null, ""ewm_alpha"": 0.5, ""additional_lag_periods"": 11, ""abs_energy"": false, ""rolling_autocorr_periods"": null, ""nonzero_last_n"": null, ""add_date_part"": ""simple_binarized"", ""polynomial_degree"": null, ""x_transform"": null, ""regression_type"": null}","{""fillna"": ""rolling_mean_24"", ""transformations"": {""0"": ""Scaler"", ""1"": ""Scaler""}, ""transformation_params"": {""0"": {}, ""1"": {}}}",0,1,10.092324592485287,0.5505220088668769,0.6334207506812055,1.0211264233796384,0.5505220088668769,0.0,-19.506661958908808,0.4983378659691426,13.524658573103807,0.46960218399976233,0.785312398930003,1.0,0.5166666666666667,1.1535746422996453,0.8,1.5710394794255573,0.4678394948656633,1.873987530539754,1.4159251694586599,0.013306696698862516,5.982003385805001,12.758290129320663,27.76798225077596,0.018227176191322563,10.092324592485287,0.5505220088668769,0.6334207506812055,1.0211264233796384,0.5505220088668769,0.0,0.4983378659691426,0.46960218399976233,0.785312398930003,1.1535746422996453,0.8,1.5710394794255573,0.4678394948656633,1.873987530539754,1.4159251694586599,0.013306696698862516,5.982003385805001,12.758290129320663,27.76798225077596,0.018227176191322563,1.0,0.5166666666666667,0.6678,21.429385122502694,8.239040823751461,Wh,8.239040823751461,Wh
377,377dd7d782b370a5c6fff1ecc056cebd,RollingRegression,"{""regression_model"": {""model"": ""ElasticNet"", ""model_params"": {""l1_ratio"": 0.1, ""fit_intercept"": true, ""selection"": ""cyclic"", ""max_iter"": 1000}}, ""holiday"": false, ""mean_rolling_periods"": 7, ""macd_periods"": 24, ""std_rolling_periods"": null, ""max_rolling_periods"": 364, ""min_rolling_periods"": 96, ""ewm_var_alpha"": null, ""quantile90_rolling_periods"": null, ""quantile10_rolling_periods"": null, ""ewm_alpha"": 0.5, ""additional_lag_periods"": 11, ""abs_energy"": false, ""rolling_autocorr_periods"": null, ""nonzero_last_n"": null, ""add_date_part"": ""simple_binarized"", ""polynomial_degree"": null, ""x_transform"": null, ""regression_type"": null}","{""fillna"": ""rolling_mean_24"", ""transformations"": {""0"": ""Scaler"", ""1"": ""Scaler""}, ""transformation_params"": {""0"": {}, ""1"": {}}}",0,1,10.092324592485287,0.5505220088668769,0.6334207506812055,1.0211264233796384,0.5505220088668769,0.0,-19.506661958908808,0.4983378659691426,13.524658573103807,0.46960218399976233,0.785312398930003,1.0,0.5166666666666667,1.1535746422996453,0.8,1.5710394794255573,0.4678394948656633,1.873987530539754,1.4159251694586599,0.013306696698862516,5.982003385805001,12.758290129320663,27.76798225077596,0.018227176191322563,10.092324592485287,0.5505220088668769,0.6334207506812055,1.0211264233796384,0.5505220088668769,0.0,0.4983378659691426,0.46960218399976233,0.785312398930003,1.1535746422996453,0.8,1.5710394794255573,0.4678394948656633,1.873987530539754,1.4159251694586599,0.013306696698862516,5.982003385805001,12.758290129320663,27.76798225077596,0.018227176191322563,1.0,0.5166666666666667,0.6614,21.429383622647954,8.239040823751461,Wh,8.239040823751461,Wh
378,e05f24c2d0100a070e2eef5e0923cbf4,RollingRegression,"{""regression_model"": {""model"": ""ElasticNet"", ""model_params"": {""l1_ratio"": 0.1, ""fit_intercept"": true, ""selection"": ""cyclic"", ""max_iter"": 1000}}, ""holiday"": false, ""mean_rolling_periods"": null, ""macd_periods"": null, ""std_rolling_periods"": null, ""max_rolling_periods"": 7, ""min_rolling_periods"": 96, ""ewm_var_alpha"": null, ""quantile90_rolling_periods"": null, ""quantile10_rolling_periods"": null, ""ewm_alpha"": 0.5, ""additional_lag_periods"": 11, ""abs_energy"": false, ""rolling_autocorr_periods"": null, ""nonzero_last_n"": null, ""add_date_part"": ""simple_binarized"", ""polynomial_degree"": null, ""x_transform"": null, ""regression_type"": null}","{""fillna"": ""quadratic"", ""transformations"": {""0"": ""Scaler"", ""1"": ""Scaler""}, ""transformation_params"": {""0"": {}, ""1"": {}}}",0,1,10.09232459192259,0.5505220088341958,0.6334207506457209,1.021126423280096,0.5505220088341958,0.0,-19.506661956758762,0.4983378659342593,13.524658573292982,0.46960218398021525,0.785312398930003,1.0,0.5166666666666667,1.1535746429217397,0.8,1.5710394793843896,0.46783949486951526,1.8739875305358473,1.4159251698339137,0.013306696589329774,5.982003383465781,12.758290125037695,27.767982256164853,0.018227176184194952,10.09232459192259,0.5505220088341958,0.6334207506457209,1.021126423280096,0.5505220088341958,0.0,0.4983378659342593,0.46960218398021525,0.785312398930003,1.1535746429217397,0.8,1.5710394793843896,0.46783949486951526,1.8739875305358473,1.4159251698339137,0.013306696589329774,5.982003383465781,12.758290125037695,27.767982256164853,0.018227176184194952,1.0,0.5166666666666667,0.617,21.429373216599746,8.23904082326236,Wh,8.23904082326236,Wh
379,7237fb75faffe97c0c7d636aa63d0e1e,RollingRegression,"{""regression_model"": {""model"": ""ElasticNet"", ""model_params"": {""l1_ratio"": 0.1, ""fit_intercept"": true, ""selection"": ""cyclic"", ""max_iter"": 1000}}, ""holiday"": false, ""mean_rolling_periods"": null, ""macd_periods"": null, ""std_rolling_periods"": null, ""max_rolling_periods"": 7, ""min_rolling_periods"": 96, ""ewm_var_alpha"": null, ""quantile90_rolling_periods"": null, ""quantile10_rolling_periods"": null, ""ewm_alpha"": null, ""additional_lag_periods"": 11, ""abs_energy"": false, ""rolling_autocorr_periods"": null, ""nonzero_last_n"": null, ""add_date_part"": ""simple_binarized"", ""polynomial_degree"": null, ""x_transform"": null, ""regression_type"": null}","{""fillna"": ""ffill"", ""transformations"": {""0"": ""Scaler"", ""1"": ""Scaler""}, ""transformation_params"": {""0"": {}, ""1"": {}}}",0,1,10.092324592227905,0.5505220088519006,0.633420750664972,1.0211264233338997,0.5505220088519006,0.0,-19.506661957926553,0.49833786595315116,13.52465857318748,0.4696021839907859,0.785312398930003,1.0,0.5166666666666667,1.1535746425943216,0.8,1.5710394794066198,0.46783949486766063,1.8739875305395115,1.4159251696421973,0.013306696646563098,5.982003384739073,12.758290127344742,27.767982253302797,0.01822717618807468,10.092324592227905,0.5505220088519006,0.633420750664972,1.0211264233338997,0.5505220088519006,0.0,0.49833786595315116,0.4696021839907859,0.785312398930003,1.1535746425943216,0.8,1.5710394794066198,0.46783949486766063,1.8739875305395115,1.4159251696421973,0.013306696646563098,5.982003384739073,12.758290127344742,27.767982253302797,0.01822717618807468,1.0,0.5166666666666667,0.5754,21.429363467980902,8.23904082352733,Wh,8.23904082352733,Wh
380,ed0a32adce83629136e56937165f852a,RollingRegression,"{""regression_model"": {""model"": ""ElasticNet"", ""model_params"": {""l1_ratio"": 0.1, ""fit_intercept"": true, ""selection"": ""cyclic"", ""max_iter"": 1000}}, ""holiday"": false, ""mean_rolling_periods"": 7, ""macd_periods"": null, ""std_rolling_periods"": null, ""max_rolling_periods"": 7, ""min_rolling_periods"": 96, ""ewm_var_alpha"": null, ""quantile90_rolling_periods"": null, ""quantile10_rolling_periods"": null, ""ewm_alpha"": null, ""additional_lag_periods"": 6, ""abs_energy"": false, ""rolling_autocorr_periods"": null, ""nonzero_last_n"": null, ""add_date_part"": ""simple_2"", ""polynomial_degree"": null, ""x_transform"": null, ""regression_type"": null}","{""fillna"": ""rolling_mean_24"", ""transformations"": {""0"": ""Scaler""}, ""transformation_params"": {""0"": {}}}",0,1,10.092286581716348,0.5505091202312684,0.6333316167077263,1.0211056131402771,0.5505091202312684,0.0,-19.483335249492995,0.49821651378881165,13.54721196438311,0.46972609230409573,0.785312398930003,1.0,0.5166666666666667,1.1528602511288,0.8,1.5709586359562893,0.46786574023875505,1.8744480378373658,1.4145443061363705,0.013294896380937782,5.936123285109886,12.715441550446274,27.769500514578795,0.018087379433428728,10.092286581716348,0.5505091202312684,0.6333316167077263,1.0211056131402771,0.5505091202312684,0.0,0.49821651378881165,0.46972609230409573,0.785312398930003,1.1528602511288,0.8,1.5709586359562893,0.46786574023875505,1.8744480378373658,1.4145443061363705,0.013294896380937782,5.936123285109886,12.715441550446274,27.769500514578795,0.018087379433428728,1.0,0.5166666666666667,1.9467,21.428825907469143,8.238847934106307,Wh,8.238847934106307,Wh
381,68728396f5f7e0cb0ca918891ff8e09b,RollingRegression,"{""regression_model"": {""model"": ""ElasticNet"", ""model_params"": {""l1_ratio"": 0.1, ""fit_intercept"": true, ""selection"": ""cyclic"", ""max_iter"": 1000}}, ""holiday"": false, ""mean_rolling_periods"": 7, ""macd_periods"": null, ""std_rolling_periods"": null, ""max_rolling_periods"": 7, ""min_rolling_periods"": 96, ""ewm_var_alpha"": null, ""quantile90_rolling_periods"": null, ""quantile10_rolling_periods"": null, ""ewm_alpha"": null, ""additional_lag_periods"": 11, ""abs_energy"": false, ""rolling_autocorr_periods"": null, ""nonzero_last_n"": null, ""add_date_part"": ""simple_2"", ""polynomial_degree"": null, ""x_transform"": null, ""regression_type"": null}","{""fillna"": ""rolling_mean_24"", ""transformations"": {""0"": ""Scaler""}, ""transformation_params"": {""0"": {}}}",0,1,10.092286581716568,0.5505091202312807,0.6333316167077363,1.0211056131403167,0.5505091202312807,0.0,-19.483335249493052,0.4982165137888217,13.547211964383791,0.46972609230410717,0.785312398930003,1.0,0.5166666666666667,1.1528602511285158,0.8,1.570958635956303,0.46786574023875394,1.8744480378373858,1.4145443061361738,0.013294896380937782,5.936123285109261,12.715441550446467,27.769500514576524,0.018087379433426823,10.092286581716568,0.5505091202312807,0.6333316167077363,1.0211056131403167,0.5505091202312807,0.0,0.4982165137888217,0.46972609230410717,0.785312398930003,1.1528602511285158,0.8,1.570958635956303,0.46786574023875394,1.8744480378373858,1.4145443061361738,0.013294896380937782,5.936123285109261,12.715441550446467,27.769500514576524,0.018087379433426823,1.0,0.5166666666666667,0.9698,21.428596968704447,8.238847934106492,Wh,8.238847934106492,Wh
382,8767b180cb970237aa120f86afc60ac0,RollingRegression,"{""regression_model"": {""model"": ""ElasticNet"", ""model_params"": {""l1_ratio"": 0.1, ""fit_intercept"": true, ""selection"": ""cyclic"", ""max_iter"": 1000}}, ""holiday"": false, ""mean_rolling_periods"": 7, ""macd_periods"": null, ""std_rolling_periods"": 7, ""max_rolling_periods"": 7, ""min_rolling_periods"": 96, ""ewm_var_alpha"": null, ""quantile90_rolling_periods"": null, ""quantile10_rolling_periods"": null, ""ewm_alpha"": null, ""additional_lag_periods"": 11, ""abs_energy"": false, ""rolling_autocorr_periods"": null, ""nonzero_last_n"": null, ""add_date_part"": ""simple_2"", ""polynomial_degree"": null, ""x_transform"": null, ""regression_type"": null}","{""fillna"": ""rolling_mean_24"", ""transformations"": {""0"": ""Scaler""}, ""transformation_params"": {""0"": {}}}",0,1,10.092286581694616,0.5505091202300046,0.6333316167063532,1.0211056131363765,0.5505091202300046,0.0,-19.483335249408753,0.49821651378745613,13.547211964391522,0.4697260923033456,0.785312398930003,1.0,0.5166666666666667,1.1528602511532426,0.8,1.5709586359546877,0.4678657402389189,1.8744480378372803,1.4145443061510365,0.01329489637699061,5.936123285017231,12.715441550277278,27.769500514790156,0.01808737943314641,10.092286581694616,0.5505091202300046,0.6333316167063532,1.0211056131363765,0.5505091202300046,0.0,0.49821651378745613,0.4697260923033456,0.785312398930003,1.1528602511532426,0.8,1.5709586359546877,0.4678657402389189,1.8744480378372803,1.4145443061510365,0.01329489637699061,5.936123285017231,12.715441550277278,27.769500514790156,0.01808737943314641,1.0,0.5166666666666667,0.4281,21.428470020030346,8.238847934087394,Wh,8.238847934087394,Wh
383,db65ec0b73172d2738fcdd2c266ad06e,RollingRegression,"{""regression_model"": {""model"": ""ElasticNet"", ""model_params"": {""l1_ratio"": 0.1, ""fit_intercept"": true, ""selection"": ""cyclic"", ""max_iter"": 1000}}, ""holiday"": false, ""mean_rolling_periods"": 7, ""macd_periods"": 7, ""std_rolling_periods"": 7, ""max_rolling_periods"": null, ""min_rolling_periods"": 24, ""ewm_var_alpha"": null, ""quantile90_rolling_periods"": null, ""quantile10_rolling_periods"": null, ""ewm_alpha"": null, ""additional_lag_periods"": 11, ""abs_energy"": false, ""rolling_autocorr_periods"": null, ""nonzero_last_n"": null, ""add_date_part"": ""simple_2"", ""polynomial_degree"": null, ""x_transform"": null, ""regression_type"": null}","{""fillna"": ""rolling_mean_24"", ""transformations"": {""0"": ""Scaler""}, ""transformation_params"": {""0"": {}}}",0,1,10.09228658196041,0.5505091202454546,0.6333316167230981,1.02110561318384,0.5505091202454546,0.0,-19.483335250435857,0.49821651380402215,13.54721196429142,0.46972609231252943,0.785312398930003,1.0,0.5166666666666667,1.1528602508547579,0.8,1.5709586359742325,0.46786574023698063,1.874448037838589,1.4145443059724792,0.013294896429290643,5.936123286144436,12.715441552335612,27.76950051221232,0.018087379436581005,10.09228658196041,0.5505091202454546,0.6333316167230981,1.02110561318384,0.5505091202454546,0.0,0.49821651380402215,0.46972609231252943,0.785312398930003,1.1528602508547579,0.8,1.5709586359742325,0.46786574023698063,1.874448037838589,1.4145443059724792,0.013294896429290643,5.936123286144436,12.715441552335612,27.76950051221232,0.018087379436581005,1.0,0.5166666666666667,0.4205,21.428468239333917,8.238847934318617,Wh,8.238847934318617,Wh
384,6eac8759d2e5d7b7b51e2afe9c8db668,RollingRegression,"{""regression_model"": {""model"": ""ElasticNet"", ""model_params"": {""l1_ratio"": 0.1, ""fit_intercept"": true, ""selection"": ""cyclic"", ""max_iter"": 1000}}, ""holiday"": false, ""mean_rolling_periods"": 7, ""macd_periods"": null, ""std_rolling_periods"": null, ""max_rolling_periods"": 7, ""min_rolling_periods"": 24, ""ewm_var_alpha"": null, ""quantile90_rolling_periods"": null, ""quantile10_rolling_periods"": null, ""ewm_alpha"": 0.5, ""additional_lag_periods"": 11, ""abs_energy"": false, ""rolling_autocorr_periods"": null, ""nonzero_last_n"": null, ""add_date_part"": ""simple_2"", ""polynomial_degree"": null, ""x_transform"": null, ""regression_type"": null}","{""fillna"": ""rolling_mean_24"", ""transformations"": {""0"": ""Scaler"", ""1"": ""Scaler"", ""2"": ""Scaler""}, ""transformation_params"": {""0"": {}, ""1"": {}, ""2"": {}}}",0,1,10.092286582319462,0.5505091202663247,0.6333316167457106,1.0211056132479985,0.5505091202663247,0.0,-19.483335251822098,0.49821651382639576,13.547211964157384,0.4697260923249411,0.785312398930003,1.0,0.5166666666666667,1.1528602504514538,0.8,1.5709586360006302,0.46786574023436583,1.8744480378404025,1.4145443057311453,0.013294896499352952,5.936123287664714,12.715441555113445,27.769500508729518,0.018087379441213292,10.092286582319462,0.5505091202663247,0.6333316167457106,1.0211056132479985,0.5505091202663247,0.0,0.49821651382639576,0.4697260923249411,0.785312398930003,1.1528602504514538,0.8,1.5709586360006302,0.46786574023436583,1.8744480378404025,1.4145443057311453,0.013294896499352952,5.936123287664714,12.715441555113445,27.769500508729518,0.018087379441213292,1.0,0.5166666666666667,0.4202,21.428468169542946,8.238847934630956,Wh,8.238847934630956,Wh
385,6ca9ca29b79e7d283ab51fba45acfa17,RollingRegression,"{""regression_model"": {""model"": ""ElasticNet"", ""model_params"": {""l1_ratio"": 0.1, ""fit_intercept"": true, ""selection"": ""cyclic"", ""max_iter"": 1000}}, ""holiday"": false, ""mean_rolling_periods"": 7, ""macd_periods"": null, ""std_rolling_periods"": null, ""max_rolling_periods"": 7, ""min_rolling_periods"": 96, ""ewm_var_alpha"": null, ""quantile90_rolling_periods"": null, ""quantile10_rolling_periods"": null, ""ewm_alpha"": null, ""additional_lag_periods"": 6, ""abs_energy"": false, ""rolling_autocorr_periods"": null, ""nonzero_last_n"": null, ""add_date_part"": ""simple_2"", ""polynomial_degree"": null, ""x_transform"": null, ""regression_type"": null}","{""fillna"": ""quadratic"", ""transformations"": {""0"": ""Scaler""}, ""transformation_params"": {""0"": {}}}",0,1,10.092286581716348,0.5505091202312684,0.6333316167077263,1.0211056131402771,0.5505091202312684,0.0,-19.483335249492995,0.49821651378881165,13.54721196438311,0.46972609230409573,0.785312398930003,1.0,0.5166666666666667,1.1528602511288,0.8,1.5709586359562893,0.46786574023875505,1.8744480378373658,1.4145443061363705,0.013294896380937782,5.936123285109886,12.715441550446274,27.769500514578795,0.018087379433428728,10.092286581716348,0.5505091202312684,0.6333316167077263,1.0211056131402771,0.5505091202312684,0.0,0.49821651378881165,0.46972609230409573,0.785312398930003,1.1528602511288,0.8,1.5709586359562893,0.46786574023875505,1.8744480378373658,1.4145443061363705,0.013294896380937782,5.936123285109886,12.715441550446274,27.769500514578795,0.018087379433428728,1.0,0.5166666666666667,0.4058,21.428464794005173,8.238847934106307,Wh,8.238847934106307,Wh
386,d78743c68c754ac45a943c427d81dbaf,RollingRegression,"{""regression_model"": {""model"": ""ElasticNet"", ""model_params"": {""l1_ratio"": 0.1, ""fit_intercept"": true, ""selection"": ""cyclic"", ""max_iter"": 1000}}, ""holiday"": false, ""mean_rolling_periods"": 7, ""macd_periods"": null, ""std_rolling_periods"": null, ""max_rolling_periods"": 7, ""min_rolling_periods"": 96, ""ewm_var_alpha"": null, ""quantile90_rolling_periods"": null, ""quantile10_rolling_periods"": null, ""ewm_alpha"": 0.5, ""additional_lag_periods"": 11, ""abs_energy"": false, ""rolling_autocorr_periods"": null, ""nonzero_last_n"": null, ""add_date_part"": ""simple_2"", ""polynomial_degree"": null, ""x_transform"": null, ""regression_type"": null}","{""fillna"": ""ffill"", ""transformations"": {""0"": ""Scaler"", ""1"": ""Scaler""}, ""transformation_params"": {""0"": {}, ""1"": {}}}",0,1,10.09228658158302,0.5505091202235178,0.6333316166993205,1.0211056131164447,0.5505091202235178,0.0,-19.483335248977653,0.4982165137805014,13.547211964433416,0.4697260922994898,0.785312398930003,1.0,0.5166666666666667,1.1528602512785824,0.8,1.570958635946482,0.46786574023973143,1.874448037836733,1.4145443062259566,0.013294896355281161,5.936123284544237,12.71544154941344,27.76950051587214,0.018087379431705193,10.09228658158302,0.5505091202235178,0.6333316166993205,1.0211056131164447,0.5505091202235178,0.0,0.4982165137805014,0.4697260922994898,0.785312398930003,1.1528602512785824,0.8,1.570958635946482,0.46786574023973143,1.874448037836733,1.4145443062259566,0.013294896355281161,5.936123284544237,12.71544154941344,27.76950051587214,0.018087379431705193,1.0,0.5166666666666667,0.4034,21.428464231368455,8.238847933990314,Wh,8.238847933990314,Wh
387,bc4caa0084e2ef53962daa6516fef092,RollingRegression,"{""regression_model"": {""model"": ""ElasticNet"", ""model_params"": {""l1_ratio"": 0.1, ""fit_intercept"": true, ""selection"": ""cyclic"", ""max_iter"": 1000}}, ""holiday"": false, ""mean_rolling_periods"": 7, ""macd_periods"": null, ""std_rolling_periods"": null, ""max_rolling_periods"": 7, ""min_rolling_periods"": 96, ""ewm_var_alpha"": null, ""quantile90_rolling_periods"": null, ""quantile10_rolling_periods"": null, ""ewm_alpha"": null, ""additional_lag_periods"": 11, ""abs_energy"": false, ""rolling_autocorr_periods"": null, ""nonzero_last_n"": null, ""add_date_part"": ""simple_2"", ""polynomial_degree"": null, ""x_transform"": null, ""regression_type"": null}","{""fillna"": ""rolling_mean_24"", ""transformations"": {""0"": ""Scaler"", ""1"": ""Scaler"", ""2"": ""Scaler""}, ""transformation_params"": {""0"": {}, ""1"": {}, ""2"": {}}}",0,1,10.092286581716568,0.5505091202312807,0.6333316167077363,1.0211056131403167,0.5505091202312807,0.0,-19.483335249493052,0.4982165137888217,13.547211964383791,0.46972609230410717,0.785312398930003,1.0,0.5166666666666667,1.1528602511285158,0.8,1.570958635956303,0.46786574023875394,1.8744480378373858,1.4145443061361738,0.013294896380937782,5.936123285109261,12.715441550446467,27.769500514576524,0.018087379433426823,10.092286581716568,0.5505091202312807,0.6333316167077363,1.0211056131403167,0.5505091202312807,0.0,0.4982165137888217,0.46972609230410717,0.785312398930003,1.1528602511285158,0.8,1.570958635956303,0.46786574023875394,1.8744480378373858,1.4145443061361738,0.013294896380937782,5.936123285109261,12.715441550446467,27.769500514576524,0.018087379433426823,1.0,0.5166666666666667,0.4006,21.428463575373474,8.238847934106492,Wh,8.238847934106492,Wh
388,220883b67ecba35fc73de6bdde95723c,RollingRegression,"{""regression_model"": {""model"": ""ElasticNet"", ""model_params"": {""l1_ratio"": 0.1, ""fit_intercept"": true, ""selection"": ""cyclic"", ""max_iter"": 1000}}, ""holiday"": false, ""mean_rolling_periods"": 7, ""macd_periods"": null, ""std_rolling_periods"": 7, ""max_rolling_periods"": null, ""min_rolling_periods"": 96, ""ewm_var_alpha"": null, ""quantile90_rolling_periods"": null, ""quantile10_rolling_periods"": null, ""ewm_alpha"": 0.5, ""additional_lag_periods"": 11, ""abs_energy"": false, ""rolling_autocorr_periods"": null, ""nonzero_last_n"": null, ""add_date_part"": ""simple_2"", ""polynomial_degree"": null, ""x_transform"": null, ""regression_type"": null}","{""fillna"": ""quadratic"", ""transformations"": {""0"": ""Scaler"", ""1"": ""Scaler""}, ""transformation_params"": {""0"": {}, ""1"": {}}}",0,1,10.09228658193004,0.5505091202436897,0.6333316167211842,1.0211056131784102,0.5505091202436897,0.0,-19.48333525031876,0.49821651380213194,13.547211964302619,0.4697260923114785,0.785312398930003,1.0,0.5166666666666667,1.152860250888807,0.8,1.5709586359720014,0.46786574023720134,1.8744480378384263,1.4145443059929188,0.013294896423369883,5.936123286016141,12.715441552100925,27.769500512506227,0.018087379436190088,10.09228658193004,0.5505091202436897,0.6333316167211842,1.0211056131784102,0.5505091202436897,0.0,0.49821651380213194,0.4697260923114785,0.785312398930003,1.152860250888807,0.8,1.5709586359720014,0.46786574023720134,1.8744480378384263,1.4145443059929188,0.013294896423369883,5.936123286016141,12.715441552100925,27.769500512506227,0.018087379436190088,1.0,0.5166666666666667,0.3984,21.428463060104477,8.238847934292203,Wh,8.238847934292203,Wh
389,7bc5c93985329651a45a978404b0979a,RollingRegression,"{""regression_model"": {""model"": ""ElasticNet"", ""model_params"": {""l1_ratio"": 0.1, ""fit_intercept"": true, ""selection"": ""cyclic"", ""max_iter"": 1000}}, ""holiday"": false, ""mean_rolling_periods"": 7, ""macd_periods"": null, ""std_rolling_periods"": null, ""max_rolling_periods"": null, ""min_rolling_periods"": 96, ""ewm_var_alpha"": null, ""quantile90_rolling_periods"": null, ""quantile10_rolling_periods"": null, ""ewm_alpha"": null, ""additional_lag_periods"": 6, ""abs_energy"": false, ""rolling_autocorr_periods"": null, ""nonzero_last_n"": null, ""add_date_part"": ""simple_2"", ""polynomial_degree"": null, ""x_transform"": null, ""regression_type"": null}","{""fillna"": ""quadratic"", ""transformations"": {""0"": ""Scaler"", ""1"": ""Scaler""}, ""transformation_params"": {""0"": {}, ""1"": {}}}",0,1,10.092286582087926,0.550509120252867,0.6333316167311308,1.0211056132066436,0.550509120252867,0.0,-19.483335250928576,0.49821651381197096,13.547211964243445,0.4697260923169354,0.785312398930003,1.0,0.5166666666666667,1.1528602507113987,0.8,1.5709586359836123,0.46786574023604666,1.874448037839212,1.4145443058867762,0.013294896453960469,5.936123286685131,12.715441553323222,27.76950051097441,0.018087379438228503,10.092286582087926,0.550509120252867,0.6333316167311308,1.0211056132066436,0.550509120252867,0.0,0.49821651381197096,0.4697260923169354,0.785312398930003,1.1528602507113987,0.8,1.5709586359836123,0.46786574023604666,1.874448037839212,1.4145443058867762,0.013294896453960469,5.936123286685131,12.715441553323222,27.76950051097441,0.018087379438228503,1.0,0.5166666666666667,0.3975,21.428462849413766,8.23884793442955,Wh,8.23884793442955,Wh
390,e37c219cc5d4160928c3e1d71d046578,RollingRegression,"{""regression_model"": {""model"": ""ElasticNet"", ""model_params"": {""l1_ratio"": 0.1, ""fit_intercept"": true, ""selection"": ""cyclic"", ""max_iter"": 1000}}, ""holiday"": false, ""mean_rolling_periods"": 7, ""macd_periods"": null, ""std_rolling_periods"": 7, ""max_rolling_periods"": 7, ""min_rolling_periods"": 24, ""ewm_var_alpha"": null, ""quantile90_rolling_periods"": null, ""quantile10_rolling_periods"": null, ""ewm_alpha"": 0.5, ""additional_lag_periods"": 11, ""abs_energy"": false, ""rolling_autocorr_periods"": null, ""nonzero_last_n"": null, ""add_date_part"": ""simple_2"", ""polynomial_degree"": null, ""x_transform"": null, ""regression_type"": null}","{""fillna"": ""mean"", ""transformations"": {""0"": ""Scaler"", ""1"": ""Scaler""}, ""transformation_params"": {""0"": {}, ""1"": {}}}",0,1,10.09228658230315,0.5505091202653773,0.6333316167446865,1.021105613245078,0.5505091202653773,0.0,-19.483335251759797,0.4982165138253832,13.547211964162841,0.4697260923243741,0.785312398930003,1.0,0.5166666666666667,1.1528602504696437,0.8,1.5709586359994354,0.4678657402344807,1.874448037840286,1.41454430574217,0.013294896496392573,5.936123287596956,12.715441554988846,27.7695005088869,0.018087379441006836,10.09228658230315,0.5505091202653773,0.6333316167446865,1.021105613245078,0.5505091202653773,0.0,0.4982165138253832,0.4697260923243741,0.785312398930003,1.1528602504696437,0.8,1.5709586359994354,0.4678657402344807,1.874448037840286,1.41454430574217,0.013294896496392573,5.936123287596956,12.715441554988846,27.7695005088869,0.018087379441006836,1.0,0.5166666666666667,0.3953,21.428462334147248,8.238847934616778,Wh,8.238847934616778,Wh
391,c7ee69f3794004eb19efc10ff0b0a884,RollingRegression,"{""regression_model"": {""model"": ""ElasticNet"", ""model_params"": {""l1_ratio"": 0.1, ""fit_intercept"": true, ""selection"": ""cyclic"", ""max_iter"": 1000}}, ""holiday"": false, ""mean_rolling_periods"": 5, ""macd_periods"": null, ""std_rolling_periods"": null, ""max_rolling_periods"": null, ""min_rolling_periods"": 24, ""ewm_var_alpha"": null, ""quantile90_rolling_periods"": null, ""quantile10_rolling_periods"": null, ""ewm_alpha"": null, ""additional_lag_periods"": 11, ""abs_energy"": false, ""rolling_autocorr_periods"": null, ""nonzero_last_n"": null, ""add_date_part"": ""simple_2"", ""polynomial_degree"": null, ""x_transform"": null, ""regression_type"": null}","{""fillna"": ""rolling_mean_24"", ""transformations"": {""0"": ""Scaler""}, ""transformation_params"": {""0"": {}}}",0,1,10.092286581970065,0.5505091202460164,0.6333316167237093,1.0211056131855665,0.5505091202460164,0.0,-19.48333525047417,0.49821651380463017,13.547211964286817,0.4697260923128572,0.785312398930003,1.0,0.5166666666666667,1.1528602508439008,0.8,1.5709586359749477,0.46786574023690597,1.874448037838614,1.4145443059660077,0.01329489643126423,5.936123286187353,12.715441552412283,27.769500512118093,0.01808737943671177,10.092286581970065,0.5505091202460164,0.6333316167237093,1.0211056131855665,0.5505091202460164,0.0,0.49821651380463017,0.4697260923128572,0.785312398930003,1.1528602508439008,0.8,1.5709586359749477,0.46786574023690597,1.874448037838614,1.4145443059660077,0.01329489643126423,5.936123286187353,12.715441552412283,27.769500512118093,0.01808737943671177,1.0,0.5166666666666667,0.3927,21.428461724353763,8.238847934327023,Wh,8.238847934327023,Wh
392,61f62d0b98aff51522622fcc7d70781b,RollingRegression,"{""regression_model"": {""model"": ""ElasticNet"", ""model_params"": {""l1_ratio"": 0.1, ""fit_intercept"": true, ""selection"": ""cyclic"", ""max_iter"": 1000}}, ""holiday"": false, ""mean_rolling_periods"": 7, ""macd_periods"": null, ""std_rolling_periods"": 7, ""max_rolling_periods"": 7, ""min_rolling_periods"": 96, ""ewm_var_alpha"": null, ""quantile90_rolling_periods"": null, ""quantile10_rolling_periods"": null, ""ewm_alpha"": null, ""additional_lag_periods"": 11, ""abs_energy"": false, ""rolling_autocorr_periods"": null, ""nonzero_last_n"": null, ""add_date_part"": ""simple_2"", ""polynomial_degree"": null, ""x_transform"": null, ""regression_type"": null}","{""fillna"": ""fake_date"", ""transformations"": {""0"": ""Scaler""}, ""transformation_params"": {""0"": {}}}",0,1,10.092286581694616,0.5505091202300046,0.6333316167063532,1.0211056131363765,0.5505091202300046,0.0,-19.483335249408753,0.49821651378745613,13.547211964391522,0.4697260923033456,0.785312398930003,1.0,0.5166666666666667,1.1528602511532426,0.8,1.5709586359546877,0.4678657402389189,1.8744480378372803,1.4145443061510365,0.01329489637699061,5.936123285017231,12.715441550277278,27.769500514790156,0.01808737943314641,10.092286581694616,0.5505091202300046,0.6333316167063532,1.0211056131363765,0.5505091202300046,0.0,0.49821651378745613,0.4697260923033456,0.785312398930003,1.1528602511532426,0.8,1.5709586359546877,0.4678657402389189,1.8744480378372803,1.4145443061510365,0.01329489637699061,5.936123285017231,12.715441550277278,27.769500514790156,0.01808737943314641,1.0,0.5166666666666667,0.3927,21.428461723958815,8.238847934087394,Wh,8.238847934087394,Wh
393,fd7fd1d7bacab2bc0baa28fe69301ff2,RollingRegression,"{""regression_model"": {""model"": ""ElasticNet"", ""model_params"": {""l1_ratio"": 0.1, ""fit_intercept"": true, ""selection"": ""cyclic"", ""max_iter"": 1000}}, ""holiday"": false, ""mean_rolling_periods"": 7, ""macd_periods"": null, ""std_rolling_periods"": null, ""max_rolling_periods"": 7, ""min_rolling_periods"": 96, ""ewm_var_alpha"": null, ""quantile90_rolling_periods"": null, ""quantile10_rolling_periods"": null, ""ewm_alpha"": 0.5, ""additional_lag_periods"": 11, ""abs_energy"": false, ""rolling_autocorr_periods"": null, ""nonzero_last_n"": null, ""add_date_part"": ""simple_2"", ""polynomial_degree"": null, ""x_transform"": null, ""regression_type"": null}","{""fillna"": ""quadratic"", ""transformations"": {""0"": ""Scaler"", ""1"": ""Scaler""}, ""transformation_params"": {""0"": {}, ""1"": {}}}",0,1,10.09228658158302,0.5505091202235178,0.6333316166993205,1.0211056131164447,0.5505091202235178,0.0,-19.483335248977653,0.4982165137805014,13.547211964433416,0.4697260922994898,0.785312398930003,1.0,0.5166666666666667,1.1528602512785824,0.8,1.570958635946482,0.46786574023973143,1.874448037836733,1.4145443062259566,0.013294896355281161,5.936123284544237,12.71544154941344,27.76950051587214,0.018087379431705193,10.09228658158302,0.5505091202235178,0.6333316166993205,1.0211056131164447,0.5505091202235178,0.0,0.4982165137805014,0.4697260922994898,0.785312398930003,1.1528602512785824,0.8,1.570958635946482,0.46786574023973143,1.874448037836733,1.4145443062259566,0.013294896355281161,5.936123284544237,12.71544154941344,27.76950051587214,0.018087379431705193,1.0,0.5166666666666667,0.3919,21.428461536316966,8.238847933990314,Wh,8.238847933990314,Wh
394,9a8d1ef2dc1c3ce7d7ca1d1fe8c4ad3d,RollingRegression,"{""regression_model"": {""model"": ""ElasticNet"", ""model_params"": {""l1_ratio"": 0.1, ""fit_intercept"": true, ""selection"": ""cyclic"", ""max_iter"": 1000}}, ""holiday"": false, ""mean_rolling_periods"": 7, ""macd_periods"": null, ""std_rolling_periods"": null, ""max_rolling_periods"": 7, ""min_rolling_periods"": 96, ""ewm_var_alpha"": null, ""quantile90_rolling_periods"": null, ""quantile10_rolling_periods"": null, ""ewm_alpha"": null, ""additional_lag_periods"": 11, ""abs_energy"": false, ""rolling_autocorr_periods"": null, ""nonzero_last_n"": null, ""add_date_part"": ""simple_2"", ""polynomial_degree"": null, ""x_transform"": null, ""regression_type"": null}","{""fillna"": ""quadratic"", ""transformations"": {""0"": ""Scaler"", ""1"": ""Scaler""}, ""transformation_params"": {""0"": {}, ""1"": {}}}",0,1,10.092286581716568,0.5505091202312807,0.6333316167077363,1.0211056131403167,0.5505091202312807,0.0,-19.483335249493052,0.4982165137888217,13.547211964383791,0.46972609230410717,0.785312398930003,1.0,0.5166666666666667,1.1528602511285158,0.8,1.570958635956303,0.46786574023875394,1.8744480378373858,1.4145443061361738,0.013294896380937782,5.936123285109261,12.715441550446467,27.769500514576524,0.018087379433426823,10.092286581716568,0.5505091202312807,0.6333316167077363,1.0211056131403167,0.5505091202312807,0.0,0.4982165137888217,0.46972609230410717,0.785312398930003,1.1528602511285158,0.8,1.570958635956303,0.46786574023875394,1.8744480378373858,1.4145443061361738,0.013294896380937782,5.936123285109261,12.715441550446467,27.769500514576524,0.018087379433426823,1.0,0.5166666666666667,0.3878,21.428460575663994,8.238847934106492,Wh,8.238847934106492,Wh
395,92f79269edf5dadcd5ae01bf02a39c28,RollingRegression,"{""regression_model"": {""model"": ""ElasticNet"", ""model_params"": {""l1_ratio"": 0.1, ""fit_intercept"": true, ""selection"": ""cyclic"", ""max_iter"": 1000}}, ""holiday"": false, ""mean_rolling_periods"": 7, ""macd_periods"": null, ""std_rolling_periods"": 7, ""max_rolling_periods"": null, ""min_rolling_periods"": 24, ""ewm_var_alpha"": null, ""quantile90_rolling_periods"": null, ""quantile10_rolling_periods"": null, ""ewm_alpha"": null, ""additional_lag_periods"": 11, ""abs_energy"": false, ""rolling_autocorr_periods"": null, ""nonzero_last_n"": null, ""add_date_part"": ""simple_2"", ""polynomial_degree"": null, ""x_transform"": null, ""regression_type"": null}","{""fillna"": ""rolling_mean_24"", ""transformations"": {""0"": ""Scaler"", ""1"": ""Scaler""}, ""transformation_params"": {""0"": {}, ""1"": {}}}",0,1,10.09228658196041,0.5505091202454546,0.6333316167230981,1.02110561318384,0.5505091202454546,0.0,-19.483335250435857,0.49821651380402215,13.54721196429142,0.46972609231252943,0.785312398930003,1.0,0.5166666666666667,1.1528602508547579,0.8,1.5709586359742325,0.46786574023698063,1.874448037838589,1.4145443059724792,0.013294896429290643,5.936123286144436,12.715441552335612,27.76950051221232,0.018087379436581005,10.09228658196041,0.5505091202454546,0.6333316167230981,1.02110561318384,0.5505091202454546,0.0,0.49821651380402215,0.46972609231252943,0.785312398930003,1.1528602508547579,0.8,1.5709586359742325,0.46786574023698063,1.874448037838589,1.4145443059724792,0.013294896429290643,5.936123286144436,12.715441552335612,27.76950051221232,0.018087379436581005,1.0,0.5166666666666667,0.3754,21.428457670045045,8.238847934318617,Wh,8.238847934318617,Wh
396,ad9b6b6c7a315b1f8624cf493e13414c,RollingRegression,"{""regression_model"": {""model"": ""ElasticNet"", ""model_params"": {""l1_ratio"": 0.1, ""fit_intercept"": true, ""selection"": ""cyclic"", ""max_iter"": 1000}}, ""holiday"": false, ""mean_rolling_periods"": 7, ""macd_periods"": null, ""std_rolling_periods"": null, ""max_rolling_periods"": 7, ""min_rolling_periods"": 96, ""ewm_var_alpha"": null, ""quantile90_rolling_periods"": null, ""quantile10_rolling_periods"": null, ""ewm_alpha"": null, ""additional_lag_periods"": 6, ""abs_energy"": false, ""rolling_autocorr_periods"": null, ""nonzero_last_n"": null, ""add_date_part"": ""simple_2"", ""polynomial_degree"": null, ""x_transform"": null, ""regression_type"": null}","{""fillna"": ""quadratic"", ""transformations"": {""0"": ""Scaler"", ""1"": ""Scaler""}, ""transformation_params"": {""0"": {}, ""1"": {}}}",0,1,10.092286581716348,0.5505091202312684,0.6333316167077263,1.0211056131402771,0.5505091202312684,0.0,-19.483335249492995,0.49821651378881165,13.54721196438311,0.46972609230409573,0.785312398930003,1.0,0.5166666666666667,1.1528602511288,0.8,1.5709586359562893,0.46786574023875505,1.8744480378373658,1.4145443061363705,0.013294896380937782,5.936123285109886,12.715441550446274,27.769500514578795,0.018087379433428728,10.092286581716348,0.5505091202312684,0.6333316167077263,1.0211056131402771,0.5505091202312684,0.0,0.49821651378881165,0.46972609230409573,0.785312398930003,1.1528602511288,0.8,1.5709586359562893,0.46786574023875505,1.8744480378373658,1.4145443061363705,0.013294896380937782,5.936123285109886,12.715441550446274,27.769500514578795,0.018087379433428728,1.0,0.5166666666666667,0.3694,21.428456263581335,8.238847934106307,Wh,8.238847934106307,Wh
397,f06fbd1aee6bada03029191d1817a5d4,DatepartRegression,"{""regression_model"": {""model"": ""RandomForest"", ""model_params"": {""n_estimators"": 100, ""min_samples_leaf"": 2, ""bootstrap"": true}}, ""datepart_method"": ""expanded"", ""polynomial_degree"": null, ""holiday_countries_used"": false, ""lags"": null, ""forward_lags"": null, ""regression_type"": null}","{""fillna"": ""ffill"", ""transformations"": {""0"": ""Scaler""}, ""transformation_params"": {""0"": {}}}",0,3,10.175866225350184,0.616560795109116,0.7802531414871323,0.7861028998424788,0.616560795109116,0.0,-27.441494872113427,0.4732657839997532,83.53944824752745,0.5812498623464112,0.5583955964577899,0.9833333333333334,0.47222222222222227,2.1000013170242298,0.7000000000000001,1.505136741239277,0.4700944337599697,2.4786140636841165,1.3002073983635514,0.2209271473556351,18.699317791804674,11.442448084921315,15.897285551154221,0.05432327707865508,10.175866225350184,0.616560795109116,0.7802531414871323,0.7861028998424788,0.616560795109116,0.0,0.4732657839997532,0.5812498623464112,0.5583955964577899,2.1000013170242298,0.7000000000000001,1.505136741239277,0.4700944337599697,2.4786140636841165,1.3002073983635514,0.2209271473556351,18.699317791804674,11.442448084921315,15.897285551154221,0.05432327707865508,0.9833333333333334,0.47222222222222227,0.26886666666666664,20.139285612700636,11.60716485580274,Wh,11.60716485580274,Wh
398,fda6f2211baea2cc674372d11442d16e,DatepartRegression,"{""regression_model"": {""model"": ""RandomForest"", ""model_params"": {""n_estimators"": 100, ""min_samples_leaf"": 2, ""bootstrap"": true}}, ""datepart_method"": ""expanded"", ""polynomial_degree"": null, ""holiday_countries_used"": false, ""lags"": null, ""forward_lags"": null, ""regression_type"": null}","{""fillna"": ""ffill"", ""transformations"": {}, ""transformation_params"": {}}",0,3,10.175866225350184,0.616560795109116,0.7802531414871323,0.7861028998424788,0.616560795109116,0.0,-27.441494872113427,0.4732657839997532,83.53944824752745,0.5812498623464112,0.5583955964577899,0.9833333333333334,0.47222222222222227,2.1000013170242298,0.7000000000000001,1.505136741239277,0.4700944337599697,2.4786140636841165,1.3002073983635514,0.2209271473556351,18.699317791804674,11.442448084921315,15.897285551154221,0.05432327707865508,10.175866225350184,0.616560795109116,0.7802531414871323,0.7861028998424788,0.616560795109116,0.0,0.4732657839997532,0.5812498623464112,0.5583955964577899,2.1000013170242298,0.7000000000000001,1.505136741239277,0.4700944337599697,2.4786140636841165,1.3002073983635514,0.2209271473556351,18.699317791804674,11.442448084921315,15.897285551154221,0.05432327707865508,0.9833333333333334,0.47222222222222227,0.26289999999999997,20.13928421439856,11.60716485580274,Wh,11.60716485580274,Wh
399,b2f1becf7bc5824cd648e72f2239ad12,DatepartRegression,"{""regression_model"": {""model"": ""RandomForest"", ""model_params"": {""n_estimators"": 100, ""min_samples_leaf"": 2, ""bootstrap"": true}}, ""datepart_method"": ""expanded"", ""polynomial_degree"": null, ""holiday_countries_used"": false, ""lags"": null, ""forward_lags"": null, ""regression_type"": null}","{""fillna"": ""quadratic"", ""transformations"": {""0"": ""Scaler"", ""1"": ""Scaler""}, ""transformation_params"": {""0"": {}, ""1"": {}}}",0,3,10.175866225350184,0.616560795109116,0.7802531414871323,0.7861028998424788,0.616560795109116,0.0,-27.441494872113427,0.4732657839997532,83.53944824752745,0.5812498623464112,0.5583955964577899,0.9833333333333334,0.47222222222222227,2.1000013170242298,0.7000000000000001,1.505136741239277,0.4700944337599697,2.4786140636841165,1.3002073983635514,0.2209271473556351,18.699317791804674,11.442448084921315,15.897285551154221,0.05432327707865508,10.175866225350184,0.616560795109116,0.7802531414871323,0.7861028998424788,0.616560795109116,0.0,0.4732657839997532,0.5812498623464112,0.5583955964577899,2.1000013170242298,0.7000000000000001,1.505136741239277,0.4700944337599697,2.4786140636841165,1.3002073983635514,0.2209271473556351,18.699317791804674,11.442448084921315,15.897285551154221,0.05432327707865508,0.9833333333333334,0.47222222222222227,0.25256666666666666,20.139281792758094,11.60716485580274,Wh,11.60716485580274,Wh
400,641b66d3baabdf12c7bffd5735c323d0,DatepartRegression,"{""regression_model"": {""model"": ""RandomForest"", ""model_params"": {""n_estimators"": 100, ""min_samples_leaf"": 2, ""bootstrap"": true}}, ""datepart_method"": ""expanded"", ""polynomial_degree"": null, ""holiday_countries_used"": false, ""lags"": null, ""forward_lags"": null, ""regression_type"": null}","{""fillna"": ""ffill"", ""transformations"": {""0"": null}, ""transformation_params"": {""0"": {}}}",0,3,10.175866225350184,0.616560795109116,0.7802531414871323,0.7861028998424788,0.616560795109116,0.0,-27.441494872113427,0.4732657839997532,83.53944824752745,0.5812498623464112,0.5583955964577899,0.9833333333333334,0.47222222222222227,2.1000013170242298,0.7000000000000001,1.505136741239277,0.4700944337599697,2.4786140636841165,1.3002073983635514,0.2209271473556351,18.699317791804674,11.442448084921315,15.897285551154221,0.05432327707865508,10.175866225350184,0.616560795109116,0.7802531414871323,0.7861028998424788,0.616560795109116,0.0,0.4732657839997532,0.5812498623464112,0.5583955964577899,2.1000013170242298,0.7000000000000001,1.505136741239277,0.4700944337599697,2.4786140636841165,1.3002073983635514,0.2209271473556351,18.699317791804674,11.442448084921315,15.897285551154221,0.05432327707865508,0.9833333333333334,0.47222222222222227,0.25046666666666667,20.13928130061826,11.60716485580274,Wh,11.60716485580274,Wh
401,ec8ff2e6ea7a9412dd5b7c126dc57f23,DatepartRegression,"{""regression_model"": {""model"": ""RandomForest"", ""model_params"": {""n_estimators"": 100, ""min_samples_leaf"": 2, ""bootstrap"": true}}, ""datepart_method"": ""expanded"", ""polynomial_degree"": null, ""holiday_countries_used"": false, ""lags"": null, ""forward_lags"": null, ""regression_type"": null}","{""fillna"": ""linear"", ""transformations"": {""0"": null}, ""transformation_params"": {""0"": {}}}",0,3,10.175866225350184,0.616560795109116,0.7802531414871323,0.7861028998424788,0.616560795109116,0.0,-27.441494872113427,0.4732657839997532,83.53944824752745,0.5812498623464112,0.5583955964577899,0.9833333333333334,0.47222222222222227,2.1000013170242298,0.7000000000000001,1.505136741239277,0.4700944337599697,2.4786140636841165,1.3002073983635514,0.2209271473556351,18.699317791804674,11.442448084921315,15.897285551154221,0.05432327707865508,10.175866225350184,0.616560795109116,0.7802531414871323,0.7861028998424788,0.616560795109116,0.0,0.4732657839997532,0.5812498623464112,0.5583955964577899,2.1000013170242298,0.7000000000000001,1.505136741239277,0.4700944337599697,2.4786140636841165,1.3002073983635514,0.2209271473556351,18.699317791804674,11.442448084921315,15.897285551154221,0.05432327707865508,0.9833333333333334,0.47222222222222227,0.2379,20.13927835559098,11.60716485580274,Wh,11.60716485580274,Wh
402,8c2c8df3a07d3ae76b87c8556530cbed,DatepartRegression,"{""regression_model"": {""model"": ""ElasticNet"", ""model_params"": {""l1_ratio"": 0.5, ""fit_intercept"": true, ""selection"": ""cyclic"", ""max_iter"": 1000}}, ""datepart_method"": ""simple_2"", ""polynomial_degree"": null, ""holiday_countries_used"": false, ""lags"": null, ""forward_lags"": 2, ""regression_type"": null}","{""fillna"": ""rolling_mean_24"", ""transformations"": {""0"": ""Scaler""}, ""transformation_params"": {""0"": {}}}",0,3,9.596612322169305,0.5926143210382712,0.7419974633204317,0.7302183354946702,0.5926143210382712,0.0,-22.33383720556175,0.4550859128710492,84.33674058132705,0.5669029009222375,0.5616608089913208,0.9833333333333334,0.5277777777777778,2.72388336260245,0.7000000000000001,1.4711012360921558,0.45139426094177226,2.2520824164637934,0.9416165435805753,0.02659465122910497,20.667634458588434,13.441698768792051,20.2427590546658,0.05313580573251694,9.596612322169305,0.5926143210382712,0.7419974633204317,0.7302183354946702,0.5926143210382712,0.0,0.4550859128710492,0.5669029009222375,0.5616608089913208,2.72388336260245,0.7000000000000001,1.4711012360921558,0.45139426094177226,2.2520824164637934,0.9416165435805753,0.02659465122910497,20.667634458588434,13.441698768792051,20.2427590546658,0.05313580573251694,0.9833333333333334,0.5277777777777778,0.11043333333333333,19.450640597893244,10.321024044626594,Wh,10.321024044626594,Wh
403,9f9b8d403114cd959ebc21bd176c80a5,DatepartRegression,"{""regression_model"": {""model"": ""ElasticNet"", ""model_params"": {""l1_ratio"": 0.5, ""fit_intercept"": true, ""selection"": ""cyclic"", ""max_iter"": 1000}}, ""datepart_method"": ""simple_2"", ""polynomial_degree"": null, ""holiday_countries_used"": false, ""lags"": null, ""forward_lags"": 2, ""regression_type"": null}","{""fillna"": ""ffill"", ""transformations"": {""0"": ""Scaler"", ""1"": ""Scaler"", ""2"": ""Scaler""}, ""transformation_params"": {""0"": {}, ""1"": {}, ""2"": {}}}",0,3,9.596612322169305,0.5926143210382712,0.7419974633204317,0.7302183354946702,0.5926143210382712,0.0,-22.33383720556175,0.4550859128710492,84.33674058132705,0.5669029009222375,0.5616608089913208,0.9833333333333334,0.5277777777777778,2.72388336260245,0.7000000000000001,1.4711012360921558,0.45139426094177226,2.2520824164637934,0.9416165435805753,0.02659465122910497,20.667634458588434,13.441698768792051,20.2427590546658,0.05313580573251694,9.596612322169305,0.5926143210382712,0.7419974633204317,0.7302183354946702,0.5926143210382712,0.0,0.4550859128710492,0.5669029009222375,0.5616608089913208,2.72388336260245,0.7000000000000001,1.4711012360921558,0.45139426094177226,2.2520824164637934,0.9416165435805753,0.02659465122910497,20.667634458588434,13.441698768792051,20.2427590546658,0.05313580573251694,0.9833333333333334,0.5277777777777778,0.1064,19.450639652672287,10.321024044626594,Wh,10.321024044626594,Wh
404,ade42e27215c4b447ede8ac4a8a8efd9,RollingRegression,"{""regression_model"": {""model"": ""BayesianRidge"", ""model_params"": {}}, ""holiday"": false, ""mean_rolling_periods"": null, ""macd_periods"": null, ""std_rolling_periods"": 7, ""max_rolling_periods"": null, ""min_rolling_periods"": 24, ""ewm_var_alpha"": null, ""quantile90_rolling_periods"": null, ""quantile10_rolling_periods"": null, ""ewm_alpha"": null, ""additional_lag_periods"": 11, ""abs_energy"": false, ""rolling_autocorr_periods"": null, ""nonzero_last_n"": null, ""add_date_part"": ""simple_2"", ""polynomial_degree"": null, ""x_transform"": null, ""regression_type"": null}","{""fillna"": ""rolling_mean_24"", ""transformations"": {""0"": ""Scaler"", ""1"": ""Scaler""}, ""transformation_params"": {""0"": {}, ""1"": {}}}",0,3,8.854531739444758,0.5407334090592776,0.6725086292037945,0.7312349084100327,0.5407334090592776,0.0,-31.799859758163137,0.4400337076532915,65.53215387250683,0.5022525519862947,0.5588731820017673,0.9888888888888889,0.5055555555555555,2.3528709590510175,0.7277777777777779,1.4413251436416405,0.41562473902739483,1.966967592329875,0.8691785756453477,0.01610868967049273,14.712751053892191,12.24429339857214,20.558800788408384,0.03851109920783298,8.854531739444758,0.5407334090592776,0.6725086292037945,0.7312349084100327,0.5407334090592776,0.0,0.4400337076532915,0.5022525519862947,0.5588731820017673,2.3528709590510175,0.7277777777777779,1.4413251436416405,0.41562473902739483,1.966967592329875,0.8691785756453477,0.01610868967049273,14.712751053892191,12.24429339857214,20.558800788408384,0.03851109920783298,0.9888888888888889,0.5055555555555555,0.35040000000000004,18.27919370509972,9.03578862245937,Wh,9.03578862245937,Wh
405,c4809a7ce50884a0e706ce249458c09c,RollingRegression,"{""regression_model"": {""model"": ""BayesianRidge"", ""model_params"": {}}, ""holiday"": false, ""mean_rolling_periods"": null, ""macd_periods"": null, ""std_rolling_periods"": 7, ""max_rolling_periods"": null, ""min_rolling_periods"": 28, ""ewm_var_alpha"": null, ""quantile90_rolling_periods"": null, ""quantile10_rolling_periods"": null, ""ewm_alpha"": null, ""additional_lag_periods"": 11, ""abs_energy"": false, ""rolling_autocorr_periods"": null, ""nonzero_last_n"": null, ""add_date_part"": ""simple_2"", ""polynomial_degree"": null, ""x_transform"": null, ""regression_type"": null}","{""fillna"": ""rolling_mean_24"", ""transformations"": {""0"": ""Scaler""}, ""transformation_params"": {""0"": {}}}",0,3,8.85234060571881,0.5405883692188872,0.6723366848448764,0.7312156895594888,0.5405883692188872,0.0,-31.845236339410974,0.4400183567629141,65.46067011998872,0.5020359538172766,0.5588664850016073,0.9888888888888889,0.5055555555555555,2.35199810144303,0.7277777777777779,1.4412907344319426,0.41551640906840936,1.966387140805381,0.8694551346394309,0.016148568991944147,14.712145886688972,12.251706132403816,20.55922227343494,0.03851734113648972,8.85234060571881,0.5405883692188872,0.6723366848448764,0.7312156895594888,0.5405883692188872,0.0,0.4400183567629141,0.5020359538172766,0.5588664850016073,2.35199810144303,0.7277777777777779,1.4412907344319426,0.41551640906840936,1.966387140805381,0.8694551346394309,0.016148568991944147,14.712145886688972,12.251706132403816,20.55922227343494,0.03851734113648972,0.9888888888888889,0.5055555555555555,0.37060000000000004,18.276029516740238,9.033788324804313,Wh,9.033788324804313,Wh
406,3e2bcbba4e82a7c5b64c8844e685d007,RollingRegression,"{""regression_model"": {""model"": ""BayesianRidge"", ""model_params"": {}}, ""holiday"": false, ""mean_rolling_periods"": null, ""macd_periods"": null, ""std_rolling_periods"": null, ""max_rolling_periods"": 7, ""min_rolling_periods"": 28, ""ewm_var_alpha"": null, ""quantile90_rolling_periods"": null, ""quantile10_rolling_periods"": null, ""ewm_alpha"": null, ""additional_lag_periods"": 11, ""abs_energy"": false, ""rolling_autocorr_periods"": null, ""nonzero_last_n"": null, ""add_date_part"": ""simple_2"", ""polynomial_degree"": null, ""x_transform"": null, ""regression_type"": null}","{""fillna"": ""rolling_mean_24"", ""transformations"": {""0"": ""Scaler"", ""1"": ""Scaler""}, ""transformation_params"": {""0"": {}, ""1"": {}}}",0,3,8.850703558755269,0.5404798479888643,0.6722243762962883,0.7312072800855062,0.5404798479888643,0.0,-31.87163360923998,0.43999166824208275,65.41473902875558,0.5018846950923431,0.5588619829294094,0.9888888888888889,0.5055555555555555,2.351701903448145,0.7277777777777779,1.4412607287635624,0.4154232730149798,1.9659869892780815,0.8691443002052918,0.01614675649994699,14.702271659751906,12.248229934364387,20.559743864690102,0.03849479998233322,8.850703558755269,0.5404798479888643,0.6722243762962883,0.7312072800855062,0.5404798479888643,0.0,0.43999166824208275,0.5018846950923431,0.5588619829294094,2.351701903448145,0.7277777777777779,1.4412607287635624,0.4154232730149798,1.9659869892780815,0.8691443002052918,0.01614675649994699,14.702271659751906,12.248229934364387,20.559743864690102,0.03849479998233322,0.9888888888888889,0.5055555555555555,0.3622,18.273642755927355,9.032813516395183,Wh,9.032813516395183,Wh
407,349c23873ff9fef35e5a69e00fa342e7,RollingRegression,"{""regression_model"": {""model"": ""ElasticNet"", ""model_params"": {""l1_ratio"": 0.9, ""fit_intercept"": true, ""selection"": ""cyclic"", ""max_iter"": 1000}}, ""holiday"": false, ""mean_rolling_periods"": 30, ""macd_periods"": 7, ""std_rolling_periods"": 7, ""max_rolling_periods"": null, ""min_rolling_periods"": 24, ""ewm_var_alpha"": null, ""quantile90_rolling_periods"": null, ""quantile10_rolling_periods"": null, ""ewm_alpha"": 0.2, ""additional_lag_periods"": 11, ""abs_energy"": false, ""rolling_autocorr_periods"": null, ""nonzero_last_n"": null, ""add_date_part"": ""simple_2"", ""polynomial_degree"": null, ""x_transform"": null, ""regression_type"": null}","{""fillna"": ""rolling_mean_24"", ""transformations"": {""0"": ""Scaler""}, ""transformation_params"": {""0"": {}}}",0,3,8.787120034841921,0.5354694677640471,0.661262278613498,0.7286677013763732,0.5354694677640471,0.0,-33.0811888655862,0.43991531459008254,63.30331533194229,0.49583917554332846,0.5586357734992332,0.9888888888888889,0.5277777777777778,2.2471468651372675,0.7277777777777779,1.439225829744326,0.41240723298142923,1.9311201980900534,0.8478721927919746,0.008089261571951417,12.568591077508719,11.186966077377294,20.635297534351384,0.033174338755060255,8.787120034841921,0.5354694677640471,0.661262278613498,0.7286677013763732,0.5354694677640471,0.0,0.43991531459008254,0.49583917554332846,0.5586357734992332,2.2471468651372675,0.7277777777777779,1.439225829744326,0.41240723298142923,1.9311201980900534,0.8478721927919746,0.008089261571951417,12.568591077508719,11.186966077377294,20.635297534351384,0.033174338755060255,0.9888888888888889,0.5277777777777778,0.44543333333333335,18.140739393033858,8.71382429089369,Wh,8.71382429089369,Wh
408,5db1156c57797cf1924f4dffa661a57f,RollingRegression,"{""regression_model"": {""model"": ""ElasticNet"", ""model_params"": {""l1_ratio"": 0.1, ""fit_intercept"": true, ""selection"": ""cyclic"", ""max_iter"": 1000}}, ""holiday"": false, ""mean_rolling_periods"": 7, ""macd_periods"": null, ""std_rolling_periods"": null, ""max_rolling_periods"": 7, ""min_rolling_periods"": 24, ""ewm_var_alpha"": null, ""quantile90_rolling_periods"": null, ""quantile10_rolling_periods"": null, ""ewm_alpha"": null, ""additional_lag_periods"": 11, ""abs_energy"": false, ""rolling_autocorr_periods"": null, ""nonzero_last_n"": null, ""add_date_part"": ""simple_2"", ""polynomial_degree"": null, ""x_transform"": null, ""regression_type"": null}","{""fillna"": ""mean"", ""transformations"": {""0"": ""Scaler""}, ""transformation_params"": {""0"": {}}}",0,3,8.701948569527385,0.5302259779558508,0.6534048703912262,0.7314530963711788,0.5302259779558508,0.0,-36.538962138600766,0.4423859910651486,58.90171389345238,0.48495363093296656,0.5582301963184196,0.9888888888888889,0.49444444444444446,2.2474481664129655,0.7333333333333334,1.4363152313736052,0.4102568053139519,1.9042646771495264,0.8726413226143911,0.030539421741805916,11.411666107896925,10.93597088097746,20.284728577768423,0.030531676859012254,8.701948569527385,0.5302259779558508,0.6534048703912262,0.7314530963711788,0.5302259779558508,0.0,0.4423859910651486,0.48495363093296656,0.5582301963184196,2.2474481664129655,0.7333333333333334,1.4363152313736052,0.4102568053139519,1.9042646771495264,0.8726413226143911,0.030539421741805916,11.411666107896925,10.93597088097746,20.284728577768423,0.030531676859012254,0.9888888888888889,0.49444444444444446,0.8189666666666667,18.009651208380205,8.772457202935733,Wh,8.772457202935733,Wh
409,68ac4a87b13b381e4bfc8e6f439d3690,RollingRegression,"{""regression_model"": {""model"": ""ElasticNet"", ""model_params"": {""l1_ratio"": 0.1, ""fit_intercept"": true, ""selection"": ""cyclic"", ""max_iter"": 1000}}, ""holiday"": false, ""mean_rolling_periods"": 7, ""macd_periods"": null, ""std_rolling_periods"": 7, ""max_rolling_periods"": 7, ""min_rolling_periods"": 96, ""ewm_var_alpha"": null, ""quantile90_rolling_periods"": null, ""quantile10_rolling_periods"": null, ""ewm_alpha"": 0.5, ""additional_lag_periods"": 11, ""abs_energy"": false, ""rolling_autocorr_periods"": null, ""nonzero_last_n"": null, ""add_date_part"": ""simple_2"", ""polynomial_degree"": null, ""x_transform"": null, ""regression_type"": null}","{""fillna"": ""rolling_mean_24"", ""transformations"": {""0"": ""Scaler""}, ""transformation_params"": {""0"": {}}}",0,3,8.701949700526853,0.5302260595963589,0.6534049992929188,0.7314531032267583,0.5302260595963589,0.0,-36.53892775481688,0.44238597706714194,58.901762972527735,0.48495376540393376,0.5582302012807554,0.9888888888888889,0.49444444444444446,2.247449462339091,0.7333333333333334,1.436315251287808,0.41025686354754315,1.9042652535178324,0.8726414811052557,0.030539413716084887,11.411693928865693,10.935981065693298,20.284728517339826,0.03053174290839937,8.701949700526853,0.5302260595963589,0.6534049992929188,0.7314531032267583,0.5302260595963589,0.0,0.44238597706714194,0.48495376540393376,0.5582302012807554,2.247449462339091,0.7333333333333334,1.436315251287808,0.41025686354754315,1.9042652535178324,0.8726414811052557,0.030539413716084887,11.411693928865693,10.935981065693298,20.284728517339826,0.03053174290839937,0.9888888888888889,0.49444444444444446,0.42556666666666665,18.009560991995226,8.772461055367037,Wh,8.772461055367037,Wh
410,3f7214a0bb016cbc44df17415245ab9d,RollingRegression,"{""regression_model"": {""model"": ""ElasticNet"", ""model_params"": {""l1_ratio"": 0.1, ""fit_intercept"": true, ""selection"": ""cyclic"", ""max_iter"": 1000}}, ""holiday"": false, ""mean_rolling_periods"": 7, ""macd_periods"": null, ""std_rolling_periods"": null, ""max_rolling_periods"": 7, ""min_rolling_periods"": 96, ""ewm_var_alpha"": null, ""quantile90_rolling_periods"": null, ""quantile10_rolling_periods"": null, ""ewm_alpha"": 0.5, ""additional_lag_periods"": 11, ""abs_energy"": false, ""rolling_autocorr_periods"": null, ""nonzero_last_n"": null, ""add_date_part"": ""simple_2"", ""polynomial_degree"": null, ""x_transform"": null, ""regression_type"": null}","{""fillna"": ""fake_date"", ""transformations"": {""0"": ""Scaler"", ""1"": ""Scaler""}, ""transformation_params"": {""0"": {}, ""1"": {}}}",0,3,8.701949826199805,0.530226068616198,0.6534050133374237,0.7314531039053228,0.530226068616198,0.0,-36.53892409099302,0.4423859758375542,58.90176825992262,0.484953780029107,0.5582302018219949,0.9888888888888889,0.49444444444444446,2.247449597094601,0.7333333333333334,1.4363152536075745,0.41025686996653254,1.9042653142799015,0.872641498454562,0.030539413078563515,11.41169691267269,10.935982178003401,20.284728513371984,0.030531750026167623,8.701949826199805,0.530226068616198,0.6534050133374237,0.7314531039053228,0.530226068616198,0.0,0.4423859758375542,0.484953780029107,0.5582302018219949,2.247449597094601,0.7333333333333334,1.4363152536075745,0.41025686996653254,1.9042653142799015,0.872641498454562,0.030539413078563515,11.41169691267269,10.935982178003401,20.284728513371984,0.030531750026167623,0.9888888888888889,0.49444444444444446,0.41430000000000006,18.009558569726945,8.7724614559582,Wh,8.7724614559582,Wh
411,9f58e7ac651faf63cd733297b72272ba,RollingRegression,"{""regression_model"": {""model"": ""ElasticNet"", ""model_params"": {""l1_ratio"": 0.1, ""fit_intercept"": true, ""selection"": ""cyclic"", ""max_iter"": 1000}}, ""holiday"": false, ""mean_rolling_periods"": 7, ""macd_periods"": null, ""std_rolling_periods"": null, ""max_rolling_periods"": 7, ""min_rolling_periods"": 96, ""ewm_var_alpha"": null, ""quantile90_rolling_periods"": null, ""quantile10_rolling_periods"": null, ""ewm_alpha"": 0.5, ""additional_lag_periods"": 11, ""abs_energy"": false, ""rolling_autocorr_periods"": null, ""nonzero_last_n"": null, ""add_date_part"": ""simple_2"", ""polynomial_degree"": null, ""x_transform"": null, ""regression_type"": null}","{""fillna"": ""mean"", ""transformations"": {""0"": ""Scaler"", ""1"": ""Scaler""}, ""transformation_params"": {""0"": {}, ""1"": {}}}",0,3,8.701949826199805,0.530226068616198,0.6534050133374237,0.7314531039053228,0.530226068616198,0.0,-36.53892409099302,0.4423859758375542,58.90176825992262,0.484953780029107,0.5582302018219949,0.9888888888888889,0.49444444444444446,2.247449597094601,0.7333333333333334,1.4363152536075745,0.41025686996653254,1.9042653142799015,0.872641498454562,0.030539413078563515,11.41169691267269,10.935982178003401,20.284728513371984,0.030531750026167623,8.701949826199805,0.530226068616198,0.6534050133374237,0.7314531039053228,0.530226068616198,0.0,0.4423859758375542,0.484953780029107,0.5582302018219949,2.247449597094601,0.7333333333333334,1.4363152536075745,0.41025686996653254,1.9042653142799015,0.872641498454562,0.030539413078563515,11.41169691267269,10.935982178003401,20.284728513371984,0.030531750026167623,0.9888888888888889,0.49444444444444446,0.40653333333333336,18.009556749590722,8.7724614559582,Wh,8.7724614559582,Wh
412,bd457d18a8ae85adad3b417ec696e295,RollingRegression,"{""regression_model"": {""model"": ""ElasticNet"", ""model_params"": {""l1_ratio"": 0.1, ""fit_intercept"": true, ""selection"": ""cyclic"", ""max_iter"": 1000}}, ""holiday"": false, ""mean_rolling_periods"": 7, ""macd_periods"": null, ""std_rolling_periods"": 7, ""max_rolling_periods"": 7, ""min_rolling_periods"": 24, ""ewm_var_alpha"": null, ""quantile90_rolling_periods"": null, ""quantile10_rolling_periods"": null, ""ewm_alpha"": null, ""additional_lag_periods"": 11, ""abs_energy"": false, ""rolling_autocorr_periods"": null, ""nonzero_last_n"": null, ""add_date_part"": ""simple_2"", ""polynomial_degree"": null, ""x_transform"": null, ""regression_type"": null}","{""fillna"": ""ffill"", ""transformations"": {""0"": ""Scaler"", ""1"": ""Scaler"", ""2"": ""Scaler"", ""3"": ""Scaler"", ""4"": ""Scaler""}, ""transformation_params"": {""0"": {}, ""1"": {}, ""2"": {}, ""3"": {}, ""4"": {}}}",0,3,8.701948594499598,0.5302259797472098,0.6534048731768247,0.731453096503206,0.5302259797472098,0.0,-36.53896141341065,0.44238599082679747,58.90171494108711,0.4849536338333502,0.5582301964258111,0.9888888888888889,0.49444444444444446,2.247448193011394,0.7333333333333334,1.4363152318363734,0.41025680658859337,1.9042646891617332,0.8726413260621523,0.03053942161612711,11.411666698789503,10.935971101611573,20.28472857709392,0.03053167826925926,8.701948594499598,0.5302259797472098,0.6534048731768247,0.731453096503206,0.5302259797472098,0.0,0.44238599082679747,0.4849536338333502,0.5582301964258111,2.247448193011394,0.7333333333333334,1.4363152318363734,0.41025680658859337,1.9042646891617332,0.8726413260621523,0.03053942161612711,11.411666698789503,10.935971101611573,20.28472857709392,0.03053167826925926,0.9888888888888889,0.49444444444444446,0.40890000000000004,18.00955515161987,8.772457282005579,Wh,8.772457282005579,Wh
413,9fa51c7727c39b780c57ef6bad4979ee,RollingRegression,"{""regression_model"": {""model"": ""ElasticNet"", ""model_params"": {""l1_ratio"": 0.1, ""fit_intercept"": true, ""selection"": ""cyclic"", ""max_iter"": 1000}}, ""holiday"": false, ""mean_rolling_periods"": 7, ""macd_periods"": null, ""std_rolling_periods"": null, ""max_rolling_periods"": 7, ""min_rolling_periods"": 96, ""ewm_var_alpha"": null, ""quantile90_rolling_periods"": null, ""quantile10_rolling_periods"": null, ""ewm_alpha"": 0.5, ""additional_lag_periods"": 11, ""abs_energy"": false, ""rolling_autocorr_periods"": null, ""nonzero_last_n"": null, ""add_date_part"": ""simple_2"", ""polynomial_degree"": null, ""x_transform"": null, ""regression_type"": null}","{""fillna"": ""rolling_mean_24"", ""transformations"": {""0"": ""Scaler"", ""1"": ""Scaler""}, ""transformation_params"": {""0"": {}, ""1"": {}}}",0,3,8.701949826199805,0.530226068616198,0.6534050133374237,0.7314531039053228,0.530226068616198,0.0,-36.53892409099302,0.4423859758375542,58.90176825992262,0.484953780029107,0.5582302018219949,0.9888888888888889,0.49444444444444446,2.247449597094601,0.7333333333333334,1.4363152536075745,0.41025686996653254,1.9042653142799015,0.872641498454562,0.030539413078563515,11.41169691267269,10.935982178003401,20.284728513371984,0.030531750026167623,8.701949826199805,0.530226068616198,0.6534050133374237,0.7314531039053228,0.530226068616198,0.0,0.4423859758375542,0.484953780029107,0.5582302018219949,2.247449597094601,0.7333333333333334,1.4363152536075745,0.41025686996653254,1.9042653142799015,0.872641498454562,0.030539413078563515,11.41169691267269,10.935982178003401,20.284728513371984,0.030531750026167623,0.9888888888888889,0.49444444444444446,0.39786666666666665,18.009554718537427,8.7724614559582,Wh,8.7724614559582,Wh
414,7368980ee5905c2df83b709c6029d0d2,RollingRegression,"{""regression_model"": {""model"": ""ElasticNet"", ""model_params"": {""l1_ratio"": 0.1, ""fit_intercept"": true, ""selection"": ""cyclic"", ""max_iter"": 1000}}, ""holiday"": false, ""mean_rolling_periods"": 7, ""macd_periods"": null, ""std_rolling_periods"": 7, ""max_rolling_periods"": 7, ""min_rolling_periods"": 24, ""ewm_var_alpha"": null, ""quantile90_rolling_periods"": null, ""quantile10_rolling_periods"": null, ""ewm_alpha"": null, ""additional_lag_periods"": 11, ""abs_energy"": false, ""rolling_autocorr_periods"": null, ""nonzero_last_n"": null, ""add_date_part"": ""simple_2"", ""polynomial_degree"": null, ""x_transform"": null, ""regression_type"": null}","{""fillna"": ""quadratic"", ""transformations"": {""0"": ""Scaler""}, ""transformation_params"": {""0"": {}}}",0,3,8.701948594499598,0.5302259797472098,0.6534048731768247,0.731453096503206,0.5302259797472098,0.0,-36.53896141341065,0.44238599082679747,58.90171494108711,0.4849536338333502,0.5582301964258111,0.9888888888888889,0.49444444444444446,2.247448193011394,0.7333333333333334,1.4363152318363734,0.41025680658859337,1.9042646891617332,0.8726413260621523,0.03053942161612711,11.411666698789503,10.935971101611573,20.28472857709392,0.03053167826925926,8.701948594499598,0.5302259797472098,0.6534048731768247,0.731453096503206,0.5302259797472098,0.0,0.44238599082679747,0.4849536338333502,0.5582301964258111,2.247448193011394,0.7333333333333334,1.4363152318363734,0.41025680658859337,1.9042646891617332,0.8726413260621523,0.03053942161612711,11.411666698789503,10.935971101611573,20.28472857709392,0.03053167826925926,0.9888888888888889,0.49444444444444446,0.38886666666666664,18.00955045676206,8.772457282005579,Wh,8.772457282005579,Wh
415,ee467b71bcda1f933e8ed6214f65d4af,RollingRegression,"{""regression_model"": {""model"": ""ElasticNet"", ""model_params"": {""l1_ratio"": 0.1, ""fit_intercept"": true, ""selection"": ""cyclic"", ""max_iter"": 1000}}, ""holiday"": false, ""mean_rolling_periods"": 7, ""macd_periods"": null, ""std_rolling_periods"": 7, ""max_rolling_periods"": 7, ""min_rolling_periods"": 24, ""ewm_var_alpha"": null, ""quantile90_rolling_periods"": null, ""quantile10_rolling_periods"": null, ""ewm_alpha"": null, ""additional_lag_periods"": 11, ""abs_energy"": false, ""rolling_autocorr_periods"": null, ""nonzero_last_n"": null, ""add_date_part"": ""simple_2"", ""polynomial_degree"": null, ""x_transform"": null, ""regression_type"": null}","{""fillna"": ""rolling_mean_24"", ""transformations"": {""0"": ""Scaler""}, ""transformation_params"": {""0"": {}}}",0,3,8.701948594499598,0.5302259797472098,0.6534048731768247,0.731453096503206,0.5302259797472098,0.0,-36.53896141341065,0.44238599082679747,58.90171494108711,0.4849536338333502,0.5582301964258111,0.9888888888888889,0.49444444444444446,2.247448193011394,0.7333333333333334,1.4363152318363734,0.41025680658859337,1.9042646891617332,0.8726413260621523,0.03053942161612711,11.411666698789503,10.935971101611573,20.28472857709392,0.03053167826925926,8.701948594499598,0.5302259797472098,0.6534048731768247,0.731453096503206,0.5302259797472098,0.0,0.44238599082679747,0.4849536338333502,0.5582301964258111,2.247448193011394,0.7333333333333334,1.4363152318363734,0.41025680658859337,1.9042646891617332,0.8726413260621523,0.03053942161612711,11.411666698789503,10.935971101611573,20.28472857709392,0.03053167826925926,0.9888888888888889,0.49444444444444446,0.3797,18.00954830853262,8.772457282005579,Wh,8.772457282005579,Wh
