rank,ID,Model,ModelParameters,TransformationParameters,Ensemble,Runs,smape,mae,rmse,made,mage,custom,underestimate,mle,overestimate,imle,spl,containment,contour,maxe,oda,dwae,mqae,ewmae,uwmse,smoothness,mate,wasserstein,dwd,matse,smape_weighted,mae_weighted,rmse_weighted,made_weighted,mage_weighted,custom_weighted,mle_weighted,imle_weighted,spl_weighted,maxe_weighted,oda_weighted,dwae_weighted,mqae_weighted,ewmae_weighted,uwmse_weighted,smoothness_weighted,mate_weighted,wasserstein_weighted,dwd_weighted,matse_weighted,containment_weighted,contour_weighted,TotalRuntimeSeconds,Score,lowest_series_mape,lowest_series_mape_name,highest_series_mape,highest_series_mape_name
0,b94c259d92af80be661b5dfe054a7d86,WindowRegression,"{""window_size"": 5, ""input_dim"": ""univariate"", ""output_dim"": ""forecast_length"", ""normalize_window"": false, ""max_windows"": 50000, ""fourier_encoding_components"": null, ""scale"": true, ""datepart_method"": null, ""regression_type"": null, ""regression_model"": {""model"": ""BayesianRidge"", ""model_params"": {}}}","{""fillna"": ""ffill"", ""transformations"": {""0"": ""Scaler"", ""1"": ""Scaler""}, ""transformation_params"": {""0"": {}, ""1"": {}}}",0,1,145.8033940746377,1.3470714650555873e+73,3.6704430049560766e+73,2.1678576213863346e+73,1.3470714650555873e+73,0.0,-147.19337034225464,64.63876830305432,1.2123643185500286e+75,1.3470714650555873e+73,1.7671835895155845e+73,0.022222222222222223,0.4777777777777778,2.701309355769239e+74,0.35555555555555557,3.990428229049518e+73,3.1125065694315715e+72,6.521167072911477e+73,1.767372131845212e+147,169.1635170391853,1.2123643185500286e+75,5.581264654383604e+74,6.679997719260625e+74,2.2328731174740384e+72,145.8033940746377,1.3470714650555873e+73,3.6704430049560766e+73,2.1678576213863346e+73,1.3470714650555873e+73,0.0,64.63876830305432,1.3470714650555873e+73,1.7671835895155845e+73,2.701309355769239e+74,0.35555555555555557,3.990428229049518e+73,3.1125065694315715e+72,6.521167072911477e+73,1.767372131845212e+147,169.1635170391853,1.2123643185500286e+75,5.581264654383604e+74,6.679997719260625e+74,2.2328731174740384e+72,0.022222222222222223,0.4777777777777778,0.4446,3.836233918644296e+74,1.9517327336414692e+74,Wh,1.9517327336414692e+74,Wh
1,93fed29107884e221250cf0d95310a57,WindowRegression,"{""window_size"": 20, ""input_dim"": ""univariate"", ""output_dim"": ""forecast_length"", ""normalize_window"": false, ""max_windows"": 50000, ""fourier_encoding_components"": null, ""scale"": true, ""datepart_method"": null, ""regression_type"": null, ""regression_model"": {""model"": ""BayesianRidge"", ""model_params"": {}}}","{""fillna"": ""ffill"", ""transformations"": {""0"": ""DifferencedTransformer""}, ""transformation_params"": {""0"": {""lag"": 1, ""fill"": ""bfill""}}}",0,1,191.4732700463184,9.039140635042419e+37,4.195005085448429e+38,2.371636755428009e+38,9.039140635042419e+37,0.0,-438.1872073939959,12.96844566759019,8.135226571538176e+39,9.039140635042419e+37,1.1858183777140045e+38,0.044444444444444446,0.4666666666666667,2.6737462709446046e+39,0.6111111111111112,4.7005151523030235e+38,5.7009341792620445,3.821900718879432e+38,2.308638939725046e+77,88.79468020988776,8.135226571538176e+39,4.557201170269747e+39,8.995820502768095e+39,1.49830611460696e+37,191.4732700463184,9.039140635042419e+37,4.195005085448429e+38,2.371636755428009e+38,9.039140635042419e+37,0.0,12.96844566759019,9.039140635042419e+37,1.1858183777140045e+38,2.6737462709446046e+39,0.6111111111111112,4.7005151523030235e+38,5.7009341792620445,3.821900718879432e+38,2.308638939725046e+77,88.79468020988776,8.135226571538176e+39,4.557201170269747e+39,8.995820502768095e+39,1.49830611460696e+37,0.044444444444444446,0.4666666666666667,0.3265,3.189026460175312e+39,1.309654841562027e+39,Wh,1.309654841562027e+39,Wh
2,4bc2abee68b23e67f758107b8286b6ed,DatepartRegression,"{""regression_model"": {""model"": ""RandomForest"", ""model_params"": {""n_estimators"": 100, ""min_samples_leaf"": 2, ""bootstrap"": true}}, ""datepart_method"": ""expanded"", ""polynomial_degree"": null, ""holiday_countries_used"": false, ""lags"": null, ""forward_lags"": null, ""regression_type"": null}","{""fillna"": ""mean"", ""transformations"": {""0"": ""DifferencedTransformer"", ""1"": ""DifferencedTransformer"", ""2"": ""Scaler"", ""3"": ""DifferencedTransformer"", ""4"": ""Scaler"", ""5"": ""DifferencedTransformer""}, ""transformation_params"": {""0"": {""lag"": 7, ""fill"": ""bfill""}, ""1"": {""lag"": 1, ""fill"": ""bfill""}, ""2"": {}, ""3"": {""lag"": 1, ""fill"": ""zero""}, ""4"": {}, ""5"": {""lag"": 1, ""fill"": ""bfill""}}}",0,1,197.1402355773448,145712.86214399716,232185.2366296674,9535.487227736712,145712.86214399716,0.0,0.0,10.265166059808045,13114157.592959745,145712.86214399716,734320.8750768502,0.9888888888888889,0.4666666666666667,654175.6353716735,0.3,221197.93212279628,80091.79123001618,1021029.8995868446,190802186233.4523,5.699735965728311,13114157.592959745,3234091.7863365095,191128.4804283365,24153.01201099273,197.1402355773448,145712.86214399716,232185.2366296674,9535.487227736712,145712.86214399716,0.0,10.265166059808045,145712.86214399716,734320.8750768502,654175.6353716735,0.3,221197.93212279628,80091.79123001618,1021029.8995868446,190802186233.4523,5.699735965728311,13114157.592959745,3234091.7863365095,191128.4804283365,24153.01201099273,0.9888888888888889,0.4666666666666667,0.3551,9356540.031709595,2111191.3520289036,Wh,2111191.3520289036,Wh
3,4975ae2a054cc1b48ce6396893a93190,ARIMA,"{""p"": 0, ""d"": 0, ""q"": 3, ""regression_type"": null}","{""fillna"": ""ffill"", ""transformations"": {""0"": ""DifferencedTransformer"", ""1"": ""DifferencedTransformer"", ""2"": ""DifferencedTransformer"", ""3"": ""DifferencedTransformer"", ""4"": ""Scaler""}, ""transformation_params"": {""0"": {""lag"": 1, ""fill"": ""bfill""}, ""1"": {""lag"": 7, ""fill"": ""bfill""}, ""2"": {""lag"": 1, ""fill"": ""bfill""}, ""3"": {""lag"": 1, ""fill"": ""zero""}, ""4"": {}}}",0,1,193.02620791460285,5.857060997823234,5.9303061579144964,0.6858393245944392,5.857060997823234,0.0,-527.1354898040911,5.857060997823234,0.0,1.9117711858051194,665702.0606803258,1.0,0.5333333333333333,6.759950160980225,0.7,4.712344229727499,5.725806309760427,23.325105080033527,58.456616404381315,0.016238064040321104,527.1354898040911,342.2539137141151,20.140707396911107,0.970852281315713,193.02620791460285,5.857060997823234,5.9303061579144964,0.6858393245944392,5.857060997823234,0.0,5.857060997823234,1.9117711858051194,665702.0606803258,6.759950160980225,0.7,4.712344229727499,5.725806309760427,23.325105080033527,58.456616404381315,0.016238064040321104,527.1354898040911,342.2539137141151,20.140707396911107,0.970852281315713,1.0,0.5333333333333333,0.1016,7122299.222091909,84.86125620599239,Wh,84.86125620599239,Wh
4,43ae8b8ebb83c1e42c356ecdc3957550,WindowRegression,"{""window_size"": 16, ""input_dim"": ""univariate"", ""output_dim"": ""1step"", ""normalize_window"": false, ""max_windows"": 5000, ""fourier_encoding_components"": null, ""scale"": true, ""datepart_method"": null, ""regression_type"": null, ""regression_model"": {""model"": ""KNN"", ""model_params"": {""n_neighbors"": 5, ""weights"": ""uniform"", ""p"": 2, ""leaf_size"": 30}}}","{""fillna"": ""zero"", ""transformations"": {""0"": ""DifferencedTransformer"", ""1"": ""DifferencedTransformer"", ""2"": ""DifferencedTransformer"", ""3"": ""Scaler"", ""4"": ""DifferencedTransformer""}, ""transformation_params"": {""0"": {""lag"": 1, ""fill"": ""bfill""}, ""1"": {""lag"": 1, ""fill"": ""zero""}, ""2"": {""lag"": 1, ""fill"": ""bfill""}, ""3"": {}, ""4"": {""lag"": 1, ""fill"": ""zero""}}}",0,1,182.6123895173023,5.6602034200396805,5.8028187291206885,1.0561030410765606,5.6602034200396805,0.0,-486.41234297305346,5.517972430189912,23.00596483051777,2.0048696395088177,593361.1092220257,1.0,0.5111111111111111,6.759950160980225,0.6777777777777778,4.704164039590602,5.492685493964114,23.02752400217197,55.70667082267207,0.3953128669136685,463.4063781425357,269.06295113295516,11.597223109843398,0.8534791303145551,182.6123895173023,5.6602034200396805,5.8028187291206885,1.0561030410765606,5.6602034200396805,0.0,5.517972430189912,2.0048696395088177,593361.1092220257,6.759950160980225,0.6777777777777778,4.704164039590602,5.492685493964114,23.02752400217197,55.70667082267207,0.3953128669136685,463.4063781425357,269.06295113295516,11.597223109843398,0.8534791303145551,1.0,0.5111111111111111,6.8453,6348339.50526154,82.00904391887607,Wh,82.00904391887607,Wh
5,bb410e8921c4f132e47329dc6338d22b,RollingRegression,"{""regression_model"": {""model"": ""ExtraTrees"", ""model_params"": {""n_estimators"": 100, ""min_samples_leaf"": 1, ""max_depth"": 10}}, ""holiday"": false, ""mean_rolling_periods"": null, ""macd_periods"": null, ""std_rolling_periods"": null, ""max_rolling_periods"": 28, ""min_rolling_periods"": 7, ""ewm_var_alpha"": null, ""quantile90_rolling_periods"": null, ""quantile10_rolling_periods"": null, ""ewm_alpha"": null, ""additional_lag_periods"": 90, ""abs_energy"": false, ""rolling_autocorr_periods"": null, ""nonzero_last_n"": null, ""add_date_part"": ""expanded"", ""polynomial_degree"": null, ""x_transform"": null, ""regression_type"": null}","{""fillna"": ""time"", ""transformations"": {""0"": ""DifferencedTransformer"", ""1"": ""DifferencedTransformer"", ""2"": ""DifferencedTransformer"", ""3"": ""DifferencedTransformer""}, ""transformation_params"": {""0"": {""lag"": 1, ""fill"": ""zero""}, ""1"": {""lag"": 2, ""fill"": ""bfill""}, ""2"": {""lag"": 7, ""fill"": ""bfill""}, ""3"": {""lag"": 1, ""fill"": ""bfill""}}}",0,1,199.22215390483706,6.017424179956245,6.042997899356685,0.7262373707088782,6.017424179956245,0.0,-541.568176196062,6.017424179956245,0.0,1.9450463405719585,497259.1877660864,1.0,0.5333333333333333,7.003119945526123,0.7,4.832893258578989,5.908892053340133,23.49147021938357,89.84061054961771,0.0546449536979113,541.568176196062,360.89283701591836,20.351083157351002,0.9974336949753525,199.22215390483706,6.017424179956245,6.042997899356685,0.7262373707088782,6.017424179956245,0.0,6.017424179956245,1.9450463405719585,497259.1877660864,7.003119945526123,0.7,4.832893258578989,5.908892053340133,23.49147021938357,89.84061054961771,0.0546449536979113,541.568176196062,360.89283701591836,20.351083157351002,0.9974336949753525,1.0,0.5333333333333333,3.4694,5320192.240021559,87.1847117906372,Wh,87.1847117906372,Wh
6,42fdc382a0b4a9b42aad835f16a5bcd4,RollingRegression,"{""regression_model"": {""model"": ""HistGradientBoost"", ""model_params"": {""loss"": ""squared_error"", ""learning_rate"": 0.1, ""max_depth"": 10, ""min_samples_leaf"": 20, ""max_iter"": 100, ""l2_regularization"": 0}}, ""holiday"": true, ""mean_rolling_periods"": null, ""macd_periods"": null, ""std_rolling_periods"": null, ""max_rolling_periods"": null, ""min_rolling_periods"": 7, ""ewm_var_alpha"": null, ""quantile90_rolling_periods"": null, ""quantile10_rolling_periods"": null, ""ewm_alpha"": null, ""additional_lag_periods"": 90, ""abs_energy"": false, ""rolling_autocorr_periods"": null, ""nonzero_last_n"": null, ""add_date_part"": null, ""polynomial_degree"": null, ""x_transform"": null, ""regression_type"": null}","{""fillna"": ""nearest"", ""transformations"": {""0"": ""Scaler"", ""1"": ""DifferencedTransformer"", ""2"": ""Scaler"", ""3"": ""DifferencedTransformer"", ""4"": ""DifferencedTransformer""}, ""transformation_params"": {""0"": {}, ""1"": {""lag"": 7, ""fill"": ""zero""}, ""2"": {}, ""3"": {""lag"": 7, ""fill"": ""zero""}, ""4"": {""lag"": 7, ""fill"": ""zero""}}}",0,1,197.66961745180285,6.232130627909689,6.587850026940838,1.4624332246849396,6.232130627909689,0.0,-529.9108710289001,5.944818285503841,30.980885482971818,2.246689020508034,27228.921966671318,0.9888888888888889,0.5444444444444444,25.69506853664067,0.7222222222222222,4.772464732882644,5.9103989198373,23.705828175643436,837.5487535977661,0.5603286126463682,498.92998554592833,308.59516960739836,48.13985523134674,0.9189047674708866,197.66961745180285,6.232130627909689,6.587850026940838,1.4624332246849396,6.232130627909689,0.0,5.944818285503841,2.246689020508034,27228.921966671318,25.69506853664067,0.7222222222222222,4.772464732882644,5.9103989198373,23.705828175643436,837.5487535977661,0.5603286126463682,498.92998554592833,308.59516960739836,48.13985523134674,0.9189047674708866,0.9888888888888889,0.5444444444444444,14.4507,291501.5911366925,90.29553117524448,Wh,90.29553117524448,Wh
7,93f58bcdcb9210108f1c3de0934b9c49,RollingRegression,"{""regression_model"": {""model"": ""ExtraTrees"", ""model_params"": {""n_estimators"": 100, ""min_samples_leaf"": 1, ""max_depth"": 10}}, ""holiday"": false, ""mean_rolling_periods"": null, ""macd_periods"": null, ""std_rolling_periods"": null, ""max_rolling_periods"": null, ""min_rolling_periods"": 7, ""ewm_var_alpha"": null, ""quantile90_rolling_periods"": null, ""quantile10_rolling_periods"": null, ""ewm_alpha"": 0.5, ""additional_lag_periods"": 2, ""abs_energy"": false, ""rolling_autocorr_periods"": null, ""nonzero_last_n"": null, ""add_date_part"": ""simple_binarized"", ""polynomial_degree"": null, ""x_transform"": null, ""regression_type"": null}","{""fillna"": ""ffill"", ""transformations"": {""0"": ""DifferencedTransformer"", ""1"": ""DifferencedTransformer"", ""2"": ""DifferencedTransformer""}, ""transformation_params"": {""0"": {""lag"": 1, ""fill"": ""bfill""}, ""1"": {""lag"": 1, ""fill"": ""zero""}, ""2"": {""lag"": 1, ""fill"": ""bfill""}}}",0,1,153.07306898614047,96.25038384974034,124.23503370403645,4.069883497353538,96.25038384974034,0.0,-0.26841940007496845,4.0425133759302385,8662.266127076555,96.2500433181671,27012.506386533543,1.0,0.45555555555555555,275.9727282617777,0.28888888888888886,115.5021949212365,70.53062093809015,576.3538575326689,41618.29507335586,0.4010466581496252,8661.99770767648,3153.913533558083,98.55054255716537,15.953242378680612,153.07306898614047,96.25038384974034,124.23503370403645,4.069883497353538,96.25038384974034,0.0,4.0425133759302385,96.2500433181671,27012.506386533543,275.9727282617777,0.28888888888888886,115.5021949212365,70.53062093809015,576.3538575326689,41618.29507335586,0.4010466581496252,8661.99770767648,3153.913533558083,98.55054255716537,15.953242378680612,1.0,0.45555555555555555,3.9709,289995.3027808944,1394.5438654016962,Wh,1394.5438654016962,Wh
8,fdfd07e314efa364b198da86ff088e7f,RollingRegression,"{""regression_model"": {""model"": ""ExtraTrees"", ""model_params"": {""n_estimators"": 100, ""min_samples_leaf"": 1, ""max_depth"": 10}}, ""holiday"": false, ""mean_rolling_periods"": null, ""macd_periods"": null, ""std_rolling_periods"": null, ""max_rolling_periods"": 28, ""min_rolling_periods"": null, ""ewm_var_alpha"": null, ""quantile90_rolling_periods"": null, ""quantile10_rolling_periods"": null, ""ewm_alpha"": null, ""additional_lag_periods"": 90, ""abs_energy"": false, ""rolling_autocorr_periods"": null, ""nonzero_last_n"": null, ""add_date_part"": null, ""polynomial_degree"": null, ""x_transform"": null, ""regression_type"": null}","{""fillna"": ""ffill"", ""transformations"": {""0"": ""DifferencedTransformer"", ""1"": ""DifferencedTransformer"", ""2"": ""DifferencedTransformer"", ""3"": ""Scaler""}, ""transformation_params"": {""0"": {""lag"": 1, ""fill"": ""bfill""}, ""1"": {""lag"": 1, ""fill"": ""bfill""}, ""2"": {""lag"": 1, ""fill"": ""zero""}, ""3"": {}}}",0,1,198.46722762055623,5.994488017371338,6.027253881302953,0.7262373707088782,5.994488017371338,0.0,-539.5039215634204,5.994488017371338,0.0,1.940525003163048,23146.63786304662,1.0,0.5333333333333333,7.003119945526123,0.7,4.8070320227818755,5.881730808173796,23.46853405679866,69.64727970742325,0.04375707088799822,539.5039215634204,358.18480184034183,20.320993877622374,0.9936318520752254,198.46722762055623,5.994488017371338,6.027253881302953,0.7262373707088782,5.994488017371338,0.0,5.994488017371338,1.940525003163048,23146.63786304662,7.003119945526123,0.7,4.8070320227818755,5.881730808173796,23.46853405679866,69.64727970742325,0.04375707088799822,539.5039215634204,358.18480184034183,20.320993877622374,0.9936318520752254,1.0,0.5333333333333333,3.1724,247824.235543241,86.85239639043503,Wh,86.85239639043503,Wh
9,585f7293c91bafa34220387a71f88c89,RollingRegression,"{""regression_model"": {""model"": ""ExtraTrees"", ""model_params"": {""n_estimators"": 100, ""min_samples_leaf"": 1, ""max_depth"": 10}}, ""holiday"": false, ""mean_rolling_periods"": null, ""macd_periods"": null, ""std_rolling_periods"": null, ""max_rolling_periods"": 28, ""min_rolling_periods"": null, ""ewm_var_alpha"": null, ""quantile90_rolling_periods"": null, ""quantile10_rolling_periods"": null, ""ewm_alpha"": null, ""additional_lag_periods"": 90, ""abs_energy"": false, ""rolling_autocorr_periods"": null, ""nonzero_last_n"": null, ""add_date_part"": null, ""polynomial_degree"": null, ""x_transform"": null, ""regression_type"": null}","{""fillna"": ""ffill"", ""transformations"": {""0"": ""DifferencedTransformer"", ""1"": ""Scaler"", ""2"": ""DifferencedTransformer"", ""3"": ""Scaler"", ""4"": ""DifferencedTransformer"", ""5"": ""Scaler""}, ""transformation_params"": {""0"": {""lag"": 1, ""fill"": ""bfill""}, ""1"": {}, ""2"": {""lag"": 1, ""fill"": ""bfill""}, ""3"": {}, ""4"": {""lag"": 1, ""fill"": ""zero""}, ""5"": {}}}",0,1,198.46722762055623,5.994488017371338,6.027253881302953,0.7262373707088782,5.994488017371338,0.0,-539.5039215634204,5.994488017371338,0.0,1.940525003163048,23146.63786304662,1.0,0.5333333333333333,7.003119945526123,0.7,4.8070320227818755,5.881730808173796,23.46853405679866,69.64727970742325,0.04375707088799822,539.5039215634204,358.18480184034183,20.320993877622374,0.9936318520752254,198.46722762055623,5.994488017371338,6.027253881302953,0.7262373707088782,5.994488017371338,0.0,5.994488017371338,1.940525003163048,23146.63786304662,7.003119945526123,0.7,4.8070320227818755,5.881730808173796,23.46853405679866,69.64727970742325,0.04375707088799822,539.5039215634204,358.18480184034183,20.320993877622374,0.9936318520752254,1.0,0.5333333333333333,2.9165,247824.2354732222,86.85239639043503,Wh,86.85239639043503,Wh
10,f7115b8bcd391d036c20af3d2f30a8e5,DatepartRegression,"{""regression_model"": {""model"": ""DecisionTree"", ""model_params"": {""max_depth"": 9, ""min_samples_split"": 1.0}}, ""datepart_method"": [168, ""hour""], ""polynomial_degree"": null, ""holiday_countries_used"": true, ""lags"": 2, ""forward_lags"": null, ""regression_type"": null}","{""fillna"": ""ffill"", ""transformations"": {""0"": ""DifferencedTransformer"", ""1"": ""DifferencedTransformer"", ""2"": ""DifferencedTransformer""}, ""transformation_params"": {""0"": {""lag"": 1, ""fill"": ""zero""}, ""1"": {""lag"": 1, ""fill"": ""bfill""}, ""2"": {""lag"": 1, ""fill"": ""bfill""}}}",0,1,182.43089924076497,9.854273031376026,16.119641200052385,2.5440191801414938,9.854273031376026,0.0,-440.4177672295344,5.398565389099324,446.4668055943079,6.54922423520063,22124.730495908,1.0,0.5111111111111111,66.59298472177413,0.6111111111111112,17.667219904511313,5.749939218200838,28.71806250839198,351.669829791717,0.7867675184371218,6.049038364773523,274.3068593362072,130.06886654201668,0.011140822065289572,182.43089924076497,9.854273031376026,16.119641200052385,2.5440191801414938,9.854273031376026,0.0,5.398565389099324,6.54922423520063,22124.730495908,66.59298472177413,0.6111111111111112,17.667219904511313,5.749939218200838,28.71806250839198,351.669829791717,0.7867675184371218,6.049038364773523,274.3068593362072,130.06886654201668,0.011140822065289572,1.0,0.5111111111111111,0.9846,236933.2171539356,142.77570077385084,Wh,142.77570077385084,Wh
11,62f1d5f70b5d8150e6ca594ab4b1af7c,RollingRegression,"{""regression_model"": {""model"": ""ExtraTrees"", ""model_params"": {""n_estimators"": 100, ""min_samples_leaf"": 1, ""max_depth"": 10}}, ""holiday"": false, ""mean_rolling_periods"": null, ""macd_periods"": null, ""std_rolling_periods"": 30, ""max_rolling_periods"": 28, ""min_rolling_periods"": 7, ""ewm_var_alpha"": null, ""quantile90_rolling_periods"": null, ""quantile10_rolling_periods"": null, ""ewm_alpha"": 0.8, ""additional_lag_periods"": 90, ""abs_energy"": false, ""rolling_autocorr_periods"": null, ""nonzero_last_n"": null, ""add_date_part"": null, ""polynomial_degree"": null, ""x_transform"": null, ""regression_type"": null}","{""fillna"": ""ffill_mean_biased"", ""transformations"": {""0"": ""DifferencedTransformer"", ""1"": ""DifferencedTransformer"", ""2"": ""Scaler"", ""3"": ""DifferencedTransformer"", ""4"": ""Scaler""}, ""transformation_params"": {""0"": {""lag"": 7, ""fill"": ""bfill""}, ""1"": {""lag"": 1, ""fill"": ""bfill""}, ""2"": {}, ""3"": {""lag"": 1, ""fill"": ""bfill""}, ""4"": {}}}",0,1,191.92127768878964,228.13675056626914,362.67573216113544,23.104346753566592,228.13675056626914,0.0,-232.05557107925415,5.745682795656982,20300.251979884968,226.39668212231865,20862.686262347015,0.9777777777777777,0.5222222222222223,779.5961905668014,0.4222222222222222,351.97073567173584,134.53151243884702,545.2540599992401,174260.26717928887,1.5634612555676628,20068.196408805714,17181.83955303901,1262.9265752487624,36.96061950338753,191.92127768878964,228.13675056626914,362.67573216113544,23.104346753566592,228.13675056626914,0.0,5.745682795656982,226.39668212231865,20862.686262347015,779.5961905668014,0.4222222222222222,351.97073567173584,134.53151243884702,545.2540599992401,174260.26717928887,1.5634612555676628,20068.196408805714,17181.83955303901,1262.9265752487624,36.96061950338753,0.9777777777777777,0.5222222222222223,3.1682,225724.73720776325,3305.407139690342,Wh,3305.407139690342,Wh
12,273ecdc8a83bbd1863fa9591a6cb0a78,ARIMA,"{""p"": 4, ""d"": 1, ""q"": 12, ""regression_type"": null}","{""fillna"": ""ffill_mean_biased"", ""transformations"": {""0"": ""DifferencedTransformer"", ""1"": ""Scaler"", ""2"": ""Scaler"", ""3"": ""DifferencedTransformer"", ""4"": ""DifferencedTransformer""}, ""transformation_params"": {""0"": {""lag"": 2, ""fill"": ""bfill""}, ""1"": {}, ""2"": {}, ""3"": {""lag"": 1, ""fill"": ""zero""}, ""4"": {""lag"": 1, ""fill"": ""bfill""}}}",0,1,111.8809721148126,34.88073604032279,51.79565414025376,2.217308592284626,34.88073604032279,0.0,0.0,2.9415543315589896,3139.266243629051,34.88073604032279,16730.18897971726,0.9888888888888889,0.5,136.7984300095307,0.3,49.23951278781977,21.209756066730098,232.36450785459323,8809.597161251671,0.16770495489202256,3139.266243629051,914.5106519209753,25.26260543194714,5.7817465399974655,111.8809721148126,34.88073604032279,51.79565414025376,2.217308592284626,34.88073604032279,0.0,2.9415543315589896,34.88073604032279,16730.18897971726,136.7984300095307,0.3,49.23951278781977,21.209756066730098,232.36450785459323,8809.597161251671,0.16770495489202256,3139.266243629051,914.5106519209753,25.26260543194714,5.7817465399974655,0.9888888888888889,0.5,4.8688,179413.6802303242,505.37685690340464,Wh,505.37685690340464,Wh
13,a038252292c4b27e52a64cf35f5952c0,DatepartRegression,"{""regression_model"": {""model"": ""ElasticNet"", ""model_params"": {""l1_ratio"": 0.1, ""fit_intercept"": true, ""selection"": ""cyclic"", ""max_iter"": 2000}}, ""datepart_method"": ""expanded_binarized"", ""polynomial_degree"": null, ""holiday_countries_used"": false, ""lags"": null, ""forward_lags"": null, ""regression_type"": null}","{""fillna"": ""ffill"", ""transformations"": {""0"": ""DifferencedTransformer"", ""1"": ""DifferencedTransformer""}, ""transformation_params"": {""0"": {""lag"": 1, ""fill"": ""bfill""}, ""1"": {""lag"": 2, ""fill"": ""bfill""}}}",0,1,178.88616836323297,948.6961888915574,1316.8085231848659,45.09454171515679,948.6961888915574,0.0,0.0,5.934293706448664,85382.65700024017,948.6961888915574,758.1105307063845,1.0,0.4666666666666667,3093.6804563587066,0.3,1225.2617510321713,644.7119292196339,6034.791054025728,4960294.69485828,0.648311574544846,85382.65700024017,26979.25933666467,1216.6123039407448,157.2535883787441,178.88616836323297,948.6961888915574,1316.8085231848659,45.09454171515679,948.6961888915574,0.0,5.934293706448664,948.6961888915574,758.1105307063845,3093.6804563587066,0.3,1225.2617510321713,644.7119292196339,6034.791054025728,4960294.69485828,0.648311574544846,85382.65700024017,26979.25933666467,1216.6123039407448,157.2535883787441,1.0,0.4666666666666667,0.1539,17340.951290699275,13745.383627914325,Wh,13745.383627914325,Wh
14,df7014358193e669ee1fc99e83f8b6e6,ARIMA,"{""p"": 2, ""d"": 1, ""q"": 1, ""regression_type"": null}","{""fillna"": ""akima"", ""transformations"": {""0"": ""Scaler"", ""1"": ""DifferencedTransformer"", ""2"": ""Scaler"", ""3"": ""DifferencedTransformer""}, ""transformation_params"": {""0"": {}, ""1"": {""lag"": 1, ""fill"": ""bfill""}, ""2"": {}, ""3"": {""lag"": 2, ""fill"": ""bfill""}}}",0,1,157.6329693279994,153.06040024980013,202.70900135122076,6.478337096492386,153.06040024980013,0.0,-0.20388441473382724,4.3548013440154865,13775.232138067278,153.0601965712056,1175.5768124406795,1.0,0.45555555555555555,442.3583899818344,0.28888888888888886,187.7844424394915,110.69619470091027,936.6229917673091,108813.05787691873,0.10599454549402362,13775.028253652545,4736.4689311829015,172.9152764366447,25.370171168359803,157.6329693279994,153.06040024980013,202.70900135122076,6.478337096492386,153.06040024980013,0.0,4.3548013440154865,153.0601965712056,1175.5768124406795,442.3583899818344,0.28888888888888886,187.7844424394915,110.69619470091027,936.6229917673091,108813.05787691873,0.10599454549402362,13775.028253652545,4736.4689311829015,172.9152764366447,25.370171168359803,1.0,0.45555555555555555,0.0664,14121.903738096338,2217.647698293962,Wh,2217.647698293962,Wh
15,beecfbd494ea6f3d669b6509198e6598,RollingRegression,"{""regression_model"": {""model"": ""DecisionTree"", ""model_params"": {""max_depth"": null, ""min_samples_split"": 1.0}}, ""holiday"": false, ""mean_rolling_periods"": 7, ""macd_periods"": 2, ""std_rolling_periods"": 30, ""max_rolling_periods"": null, ""min_rolling_periods"": null, ""ewm_var_alpha"": null, ""quantile90_rolling_periods"": null, ""quantile10_rolling_periods"": null, ""ewm_alpha"": null, ""additional_lag_periods"": 90, ""abs_energy"": false, ""rolling_autocorr_periods"": 2, ""nonzero_last_n"": null, ""add_date_part"": ""simple_binarized"", ""polynomial_degree"": null, ""x_transform"": null, ""regression_type"": null}","{""fillna"": ""ffill"", ""transformations"": {""0"": ""DifferencedTransformer"", ""1"": ""Scaler"", ""2"": ""DifferencedTransformer"", ""3"": ""Scaler""}, ""transformation_params"": {""0"": {""lag"": 1, ""fill"": ""bfill""}, ""1"": {}, ""2"": {""lag"": 1, ""fill"": ""zero""}, ""3"": {}}}",0,1,173.75017383973645,436.87291596637846,582.1271808295143,18.636902328275678,436.87291596637846,0.0,0.0,5.320523401122022,39318.56243697406,436.87291596637846,694.2036674084416,1.0,0.4666666666666667,1278.5720467954884,0.3,538.6779593149544,313.8597490565715,2687.1719700024755,903257.3461462143,0.27064080892461695,39318.56243697406,13360.543575673792,545.1663472051024,72.41499913841375,173.75017383973645,436.87291596637846,582.1271808295143,18.636902328275678,436.87291596637846,0.0,5.320523401122022,436.87291596637846,694.2036674084416,1278.5720467954884,0.3,538.6779593149544,313.8597490565715,2687.1719700024755,903257.3461462143,0.27064080892461695,39318.56243697406,13360.543575673792,545.1663472051024,72.41499913841375,1.0,0.4666666666666667,9.044,11658.78778252735,6329.724833847583,Wh,6329.724833847583,Wh
16,5e761cc7db1b65a19f9a4b2353782e16,DatepartRegression,"{""regression_model"": {""model"": ""RandomForest"", ""model_params"": {""n_estimators"": 100, ""min_samples_leaf"": 2, ""bootstrap"": true}}, ""datepart_method"": ""expanded"", ""polynomial_degree"": null, ""holiday_countries_used"": false, ""lags"": null, ""forward_lags"": null, ""regression_type"": null}","{""fillna"": ""ffill"", ""transformations"": {""0"": ""Scaler"", ""1"": ""DifferencedTransformer"", ""2"": ""DifferencedTransformer""}, ""transformation_params"": {""0"": {}, ""1"": {""lag"": 1, ""fill"": ""zero""}, ""2"": {""lag"": 1, ""fill"": ""zero""}}}",0,1,154.107177663504,115.44821020818344,153.36463539583454,4.947534843133885,115.44821020818344,0.0,0.0,4.138493847530029,10390.33891873651,115.44821020818344,692.3322423653128,1.0,0.4777777777777778,337.37160374872747,0.3,142.27581686782023,82.57204132618608,708.5219217776383,62793.41536647904,0.38440678182590277,10390.33891873651,3571.679163557386,124.03347746944597,19.136416420468624,154.107177663504,115.44821020818344,153.36463539583454,4.947534843133885,115.44821020818344,0.0,4.138493847530029,115.44821020818344,692.3322423653128,337.37160374872747,0.3,142.27581686782023,82.57204132618608,708.5219217776383,62793.41536647904,0.38440678182590277,10390.33891873651,3571.679163557386,124.03347746944597,19.136416420468624,1.0,0.4777777777777778,0.4441,8597.997072636817,1672.6955974405914,Wh,1672.6955974405914,Wh
17,9c3b201f54f063eca6bacbe7b9ef2d16,DatepartRegression,"{""regression_model"": {""model"": ""RandomForest"", ""model_params"": {""n_estimators"": 100, ""min_samples_leaf"": 2, ""bootstrap"": true}}, ""datepart_method"": ""expanded"", ""polynomial_degree"": null, ""holiday_countries_used"": false, ""lags"": null, ""forward_lags"": null, ""regression_type"": null}","{""fillna"": ""mean"", ""transformations"": {""0"": ""Scaler"", ""1"": ""Scaler"", ""2"": ""Scaler"", ""3"": ""DifferencedTransformer"", ""4"": ""DifferencedTransformer""}, ""transformation_params"": {""0"": {}, ""1"": {}, ""2"": {}, ""3"": {""lag"": 1, ""fill"": ""zero""}, ""4"": {""lag"": 1, ""fill"": ""bfill""}}}",0,1,145.62743552141276,70.73654217855785,92.69713091570901,3.004622746970925,70.73654217855785,0.0,0.0,3.7652507000587883,6366.288796070207,70.73654217855785,718.8997335461387,1.0,0.4666666666666667,201.46846045272594,0.3,86.10739665760785,51.00818580208858,429.1259405581506,22661.913723170936,0.3781261850365196,6366.288796070207,2259.6212179941535,65.36302265278032,11.72511834381798,145.62743552141276,70.73654217855785,92.69713091570901,3.004622746970925,70.73654217855785,0.0,3.7652507000587883,70.73654217855785,718.8997335461387,201.46846045272594,0.3,86.10739665760785,51.00818580208858,429.1259405581506,22661.913723170936,0.3781261850365196,6366.288796070207,2259.6212179941535,65.36302265278032,11.72511834381798,1.0,0.4666666666666667,0.3175,8451.915451114866,1024.8812213448884,Wh,1024.8812213448884,Wh
18,d3b6839f6de87ac653c67ca7dd015654,DatepartRegression,"{""regression_model"": {""model"": ""RandomForest"", ""model_params"": {""n_estimators"": 100, ""min_samples_leaf"": 2, ""bootstrap"": true}}, ""datepart_method"": ""expanded"", ""polynomial_degree"": null, ""holiday_countries_used"": false, ""lags"": null, ""forward_lags"": null, ""regression_type"": null}","{""fillna"": ""ffill"", ""transformations"": {""0"": ""Scaler"", ""1"": ""Scaler"", ""2"": ""DifferencedTransformer"", ""3"": ""DifferencedTransformer""}, ""transformation_params"": {""0"": {}, ""1"": {}, ""2"": {""lag"": 1, ""fill"": ""zero""}, ""3"": {""lag"": 1, ""fill"": ""one""}}}",0,1,150.7042529413698,100.02909294368379,132.66237530799106,4.291052515398834,100.02909294368379,0.0,0.0,4.004489172877397,9002.61836493154,100.02909294368379,691.3263912248052,1.0,0.4777777777777778,291.52071807950745,0.3,123.14662292809226,71.64906677431446,613.0533181097551,46934.22591382589,0.3777286074819469,9002.61836493154,3103.872361763087,104.07131490369508,16.580580792723335,150.7042529413698,100.02909294368379,132.66237530799106,4.291052515398834,100.02909294368379,0.0,4.004489172877397,100.02909294368379,691.3263912248052,291.52071807950745,0.3,123.14662292809226,71.64906677431446,613.0533181097551,46934.22591382589,0.3777286074819469,9002.61836493154,3103.872361763087,104.07131490369508,16.580580792723335,1.0,0.4777777777777778,0.2926,8439.220070583422,1449.2924843196522,Wh,1449.2924843196522,Wh
19,037a9418ab8de74253151bb10702cd7f,DatepartRegression,"{""regression_model"": {""model"": ""RandomForest"", ""model_params"": {""n_estimators"": 100, ""min_samples_leaf"": 2, ""bootstrap"": true}}, ""datepart_method"": ""expanded"", ""polynomial_degree"": null, ""holiday_countries_used"": false, ""lags"": null, ""forward_lags"": null, ""regression_type"": null}","{""fillna"": ""ffill"", ""transformations"": {""0"": ""DifferencedTransformer"", ""1"": ""DifferencedTransformer""}, ""transformation_params"": {""0"": {""lag"": 2, ""fill"": ""zero""}, ""1"": {""lag"": 1, ""fill"": ""zero""}}}",0,1,172.57797417648834,230.27741916228499,299.0476757209427,9.404596172601357,230.27741916228499,0.0,0.0,4.905284183982328,20724.96772460565,230.27741916228499,574.8940307599124,0.9888888888888889,0.4666666666666667,644.6943200792983,0.3,276.9101610896652,169.29547607909151,1386.0577889996748,233993.47682705583,0.3422688131710076,20724.96772460565,7422.165490467828,274.1397676279396,38.17022868846452,172.57797417648834,230.27741916228499,299.0476757209427,9.404596172601357,230.27741916228499,0.0,4.905284183982328,230.27741916228499,574.8940307599124,644.6943200792983,0.3,276.9101610896652,169.29547607909151,1386.0577889996748,233993.47682705583,0.3422688131710076,20724.96772460565,7422.165490467828,274.1397676279396,38.17022868846452,0.9888888888888889,0.4666666666666667,0.3754,8410.846158380837,3336.42266543715,Wh,3336.42266543715,Wh
20,81fae184f004f63619632b72bec269e9,RollingRegression,"{""regression_model"": {""model"": ""ExtraTrees"", ""model_params"": {""n_estimators"": 100, ""min_samples_leaf"": 1, ""max_depth"": 10}}, ""holiday"": false, ""mean_rolling_periods"": 12, ""macd_periods"": null, ""std_rolling_periods"": 7, ""max_rolling_periods"": 420, ""min_rolling_periods"": 7, ""ewm_var_alpha"": null, ""quantile90_rolling_periods"": null, ""quantile10_rolling_periods"": null, ""ewm_alpha"": null, ""additional_lag_periods"": 2, ""abs_energy"": false, ""rolling_autocorr_periods"": null, ""nonzero_last_n"": null, ""add_date_part"": ""simple_2"", ""polynomial_degree"": null, ""x_transform"": null, ""regression_type"": null}","{""fillna"": ""ffill"", ""transformations"": {""0"": ""Scaler"", ""1"": ""DifferencedTransformer"", ""2"": ""Scaler"", ""3"": ""DifferencedTransformer"", ""4"": ""Scaler"", ""5"": ""Scaler""}, ""transformation_params"": {""0"": {}, ""1"": {""lag"": 1, ""fill"": ""zero""}, ""2"": {}, ""3"": {""lag"": 1, ""fill"": ""bfill""}, ""4"": {}, ""5"": {}}}",0,1,127.59662076191813,42.57547033971446,56.55703566034556,2.0249937356395735,42.57547033971446,0.0,-0.16952358432499626,3.2523904053143053,3831.622806989976,42.57532670514418,715.8212794301138,1.0,0.4777777777777778,130.8296210269199,0.3,53.07299852639963,30.195877888770575,261.38904115602935,8999.078042621257,0.23987468496265588,3831.4532834056513,1326.297842532902,28.443599677317405,7.056582667828726,127.59662076191813,42.57547033971446,56.55703566034556,2.0249937356395735,42.57547033971446,0.0,3.2523904053143053,42.57532670514418,715.8212794301138,130.8296210269199,0.3,53.07299852639963,30.195877888770575,261.38904115602935,8999.078042621257,0.23987468496265588,3831.4532834056513,1326.297842532902,28.443599677317405,7.056582667828726,1.0,0.4777777777777778,3.6383,8146.109755128496,616.8636280093218,Wh,616.8636280093218,Wh
21,a70613c2794e1fcb31d9df73620ead6d,DatepartRegression,"{""regression_model"": {""model"": ""RandomForest"", ""model_params"": {""n_estimators"": 100, ""min_samples_leaf"": 2, ""bootstrap"": true}}, ""datepart_method"": ""expanded"", ""polynomial_degree"": null, ""holiday_countries_used"": false, ""lags"": null, ""forward_lags"": null, ""regression_type"": null}","{""fillna"": ""ffill"", ""transformations"": {""0"": ""DifferencedTransformer"", ""1"": ""DifferencedTransformer""}, ""transformation_params"": {""0"": {""lag"": 1, ""fill"": ""bfill""}, ""1"": {""lag"": 1, ""fill"": ""bfill""}}}",0,1,147.5375463577936,94.45453330830894,127.64291925594117,4.2469818361646325,94.45453330830894,0.0,0.0,3.9147761763239766,8500.907997747805,94.45453330830894,656.7694933151682,1.0,0.4777777777777778,288.0329096840525,0.3,118.71272151492157,66.11698739778949,587.9686934728987,44652.992605576066,0.3633394611626443,8500.907997747805,2835.6786569420515,96.59281241382266,15.656555254770845,147.5375463577936,94.45453330830894,127.64291925594117,4.2469818361646325,94.45453330830894,0.0,3.9147761763239766,94.45453330830894,656.7694933151682,288.0329096840525,0.3,118.71272151492157,66.11698739778949,587.9686934728987,44652.992605576066,0.3633394611626443,8500.907997747805,2835.6786569420515,96.59281241382266,15.656555254770845,1.0,0.4777777777777778,0.3676,8022.921499395269,1368.5243083302025,Wh,1368.5243083302025,Wh
22,b1e01142951d02068254eb20d4ea9804,DatepartRegression,"{""regression_model"": {""model"": ""RandomForest"", ""model_params"": {""n_estimators"": 100, ""min_samples_leaf"": 2, ""bootstrap"": true}}, ""datepart_method"": ""expanded"", ""polynomial_degree"": null, ""holiday_countries_used"": false, ""lags"": null, ""forward_lags"": null, ""regression_type"": null}","{""fillna"": ""pchip"", ""transformations"": {""0"": ""DifferencedTransformer"", ""1"": ""DifferencedTransformer""}, ""transformation_params"": {""0"": {""lag"": 1, ""fill"": ""bfill""}, ""1"": {""lag"": 1, ""fill"": ""bfill""}}}",0,1,147.5375463577936,94.45453330830894,127.64291925594117,4.2469818361646325,94.45453330830894,0.0,0.0,3.9147761763239766,8500.907997747805,94.45453330830894,656.7694933151682,1.0,0.4777777777777778,288.0329096840525,0.3,118.71272151492157,66.11698739778949,587.9686934728987,44652.992605576066,0.3633394611626443,8500.907997747805,2835.6786569420515,96.59281241382266,15.656555254770845,147.5375463577936,94.45453330830894,127.64291925594117,4.2469818361646325,94.45453330830894,0.0,3.9147761763239766,94.45453330830894,656.7694933151682,288.0329096840525,0.3,118.71272151492157,66.11698739778949,587.9686934728987,44652.992605576066,0.3633394611626443,8500.907997747805,2835.6786569420515,96.59281241382266,15.656555254770845,1.0,0.4777777777777778,0.3615,8022.921497726201,1368.5243083302025,Wh,1368.5243083302025,Wh
23,23908c3628f3177d9310eb8253f9f73f,RollingRegression,"{""regression_model"": {""model"": ""ExtraTrees"", ""model_params"": {""n_estimators"": 100, ""min_samples_leaf"": 1, ""max_depth"": 10}}, ""holiday"": false, ""mean_rolling_periods"": null, ""macd_periods"": null, ""std_rolling_periods"": null, ""max_rolling_periods"": 28, ""min_rolling_periods"": null, ""ewm_var_alpha"": null, ""quantile90_rolling_periods"": null, ""quantile10_rolling_periods"": null, ""ewm_alpha"": 0.5, ""additional_lag_periods"": 90, ""abs_energy"": false, ""rolling_autocorr_periods"": null, ""nonzero_last_n"": null, ""add_date_part"": ""simple_binarized"", ""polynomial_degree"": null, ""x_transform"": null, ""regression_type"": null}","{""fillna"": ""ffill_mean_biased"", ""transformations"": {""0"": ""DifferencedTransformer"", ""1"": ""DifferencedTransformer""}, ""transformation_params"": {""0"": {""lag"": 1, ""fill"": ""zero""}, ""1"": {""lag"": 1, ""fill"": ""bfill""}}}",0,1,115.96549223301074,30.77575673212198,40.33482637162642,1.4364238162936949,30.77575673212198,0.0,-0.0173160859213759,2.9380481318809877,2769.8007898050564,30.775755085290186,714.5314894339297,1.0,0.4777777777777778,88.46089372489915,0.3,37.79534295465298,22.367371398669476,186.72213304667085,4330.02546260943,0.19936171026289654,2769.783473719135,974.9489017572733,14.509593610264783,5.1012513029812565,115.96549223301074,30.77575673212198,40.33482637162642,1.4364238162936949,30.77575673212198,0.0,2.9380481318809877,30.775755085290186,714.5314894339297,88.46089372489915,0.3,37.79534295465298,22.367371398669476,186.72213304667085,4330.02546260943,0.19936171026289654,2769.783473719135,974.9489017572733,14.509593610264783,5.1012513029812565,1.0,0.4777777777777778,3.5121,8011.548621763246,445.90100358328533,Wh,445.90100358328533,Wh
24,42d4ddcfd7e17a25a421b17c1f45bdca,DatepartRegression,"{""regression_model"": {""model"": ""ElasticNet"", ""model_params"": {""l1_ratio"": 0.5, ""fit_intercept"": false, ""selection"": ""cyclic"", ""max_iter"": 1000}}, ""datepart_method"": ""anchored_warped_fourier:us_school"", ""polynomial_degree"": null, ""holiday_countries_used"": true, ""lags"": null, ""forward_lags"": null, ""regression_type"": null}","{""fillna"": ""ffill"", ""transformations"": {""0"": ""Scaler"", ""1"": ""DifferencedTransformer"", ""2"": ""DifferencedTransformer""}, ""transformation_params"": {""0"": {}, ""1"": {""lag"": 1, ""fill"": ""zero""}, ""2"": {""lag"": 1, ""fill"": ""zero""}}}",0,1,40.49511077314632,3.206688732571072,3.660986339075524,0.6467644738383529,3.206688732571072,0.0,-0.41277122497558594,1.331796316452782,288.1892147064209,3.2062061205057666,680.0612404131962,1.0,0.4666666666666667,7.03075647354126,0.3,4.008156168441855,2.704664763651396,16.68098453727597,27.1317525763044,0.0,287.7764434814453,133.01850031144744,23.759704462992985,0.5300125339060697,40.49511077314632,3.206688732571072,3.660986339075524,0.6467644738383529,3.206688732571072,0.0,1.331796316452782,3.2062061205057666,680.0612404131962,7.03075647354126,0.3,4.008156168441855,2.704664763651396,16.68098453727597,27.1317525763044,0.0,287.7764434814453,133.01850031144744,23.759704462992985,0.5300125339060697,1.0,0.4666666666666667,1.4979,7331.7826415173895,46.46078198753897,Wh,46.46078198753897,Wh
25,73d28bba98e02d814c696a2d14c734d4,RollingRegression,"{""regression_model"": {""model"": ""ExtraTrees"", ""model_params"": {""n_estimators"": 100, ""min_samples_leaf"": 1, ""max_depth"": 10}}, ""holiday"": false, ""mean_rolling_periods"": null, ""macd_periods"": null, ""std_rolling_periods"": null, ""max_rolling_periods"": 420, ""min_rolling_periods"": null, ""ewm_var_alpha"": null, ""quantile90_rolling_periods"": null, ""quantile10_rolling_periods"": null, ""ewm_alpha"": null, ""additional_lag_periods"": 90, ""abs_energy"": false, ""rolling_autocorr_periods"": null, ""nonzero_last_n"": null, ""add_date_part"": null, ""polynomial_degree"": null, ""x_transform"": null, ""regression_type"": null}","{""fillna"": ""ffill"", ""transformations"": {""0"": ""Scaler"", ""1"": ""DifferencedTransformer"", ""2"": ""DifferencedTransformer""}, ""transformation_params"": {""0"": {}, ""1"": {""lag"": 1, ""fill"": ""bfill""}, ""2"": {""lag"": 7, ""fill"": ""bfill""}}}",0,1,193.32075633854794,5.865195839132025,5.935855559668651,0.6869788888866178,5.865195839132025,0.0,-527.8676255218822,5.865195839132025,0.0,1.9136468725940277,659.3488044557413,1.0,0.5333333333333333,6.759950160980225,0.7,4.718247541264702,5.735439674468206,23.333823873590173,58.82379114918643,0.021079372101730737,527.8676255218822,343.18602503044497,20.151379256895623,0.9722006929586369,193.32075633854794,5.865195839132025,5.935855559668651,0.6869788888866178,5.865195839132025,0.0,5.865195839132025,1.9136468725940277,659.3488044557413,6.759950160980225,0.7,4.718247541264702,5.735439674468206,23.333823873590173,58.82379114918643,0.021079372101730737,527.8676255218822,343.18602503044497,20.151379256895623,0.9722006929586369,1.0,0.5333333333333333,3.2971,7235.950414696822,84.9791195597729,Wh,84.9791195597729,Wh
26,6dd422209055541c56e123dcec0fabdb,WindowRegression,"{""window_size"": 10, ""input_dim"": ""univariate"", ""output_dim"": ""1step"", ""normalize_window"": false, ""max_windows"": 5000000, ""fourier_encoding_components"": null, ""scale"": true, ""datepart_method"": null, ""regression_type"": null, ""regression_model"": {""model"": ""HistGradientBoost"", ""model_params"": {""loss"": ""squared_error"", ""learning_rate"": 0.01, ""max_depth"": 20, ""min_samples_leaf"": 20, ""max_iter"": 250, ""l2_regularization"": 0}}}","{""fillna"": ""seasonal_linear_window_3"", ""transformations"": {""0"": ""DifferencedTransformer"", ""1"": ""DifferencedTransformer""}, ""transformation_params"": {""0"": {""lag"": 1, ""fill"": ""bfill""}, ""1"": {""lag"": 1, ""fill"": ""zero""}}}",0,1,145.11532538009698,118.66121071659265,160.30856405665747,5.219670288673147,118.66121071659265,0.0,-0.3471188890203436,3.957102819380291,10679.161845604316,118.66066459733256,552.8486397568257,1.0,0.5,353.07607162773627,0.3,148.59647920954603,84.29344773813985,738.0489931238308,68693.23248792317,0.12510845157022427,10678.814726715296,3522.4414116126063,129.84969880479733,19.667717009591705,145.11532538009698,118.66121071659265,160.30856405665747,5.219670288673147,118.66121071659265,0.0,3.957102819380291,118.66066459733256,552.8486397568257,353.07607162773627,0.3,148.59647920954603,84.29344773813985,738.0489931238308,68693.23248792317,0.12510845157022427,10678.814726715296,3522.4414116126063,129.84969880479733,19.667717009591705,1.0,0.5,3.2772,7138.557744126008,1719.247828915632,Wh,1719.247828915632,Wh
27,594089729de9f72e71dd115edd4b042e,DatepartRegression,"{""regression_model"": {""model"": ""DecisionTree"", ""model_params"": {""max_depth"": 3, ""min_samples_split"": 2}}, ""datepart_method"": ""recurring"", ""polynomial_degree"": null, ""holiday_countries_used"": false, ""lags"": null, ""forward_lags"": null, ""regression_type"": null}","{""fillna"": ""ffill"", ""transformations"": {""0"": ""DifferencedTransformer"", ""1"": ""DifferencedTransformer"", ""2"": ""Scaler""}, ""transformation_params"": {""0"": {""lag"": 1, ""fill"": ""bfill""}, ""1"": {""lag"": 1, ""fill"": ""bfill""}, ""2"": {}}}",0,1,168.04576530757086,5.160758087143222,5.501017319667985,0.6725017621872575,5.160758087143222,0.0,-461.51645742108025,5.151477847977689,2.951770421809681,1.7375864331121083,642.8349842226844,1.0,0.5444444444444444,6.759950160980225,0.7,4.5028692254079905,4.901237073428834,22.461022553175077,50.43261853612642,0.06383730153868916,458.5646869992706,260.2487041872896,17.106964656073153,0.8445619411235713,168.04576530757086,5.160758087143222,5.501017319667985,0.6725017621872575,5.160758087143222,0.0,5.151477847977689,1.7375864331121083,642.8349842226844,6.759950160980225,0.7,4.5028692254079905,4.901237073428834,22.461022553175077,50.43261853612642,0.06383730153868916,458.5646869992706,260.2487041872896,17.106964656073153,0.8445619411235713,1.0,0.5444444444444444,0.193,7036.862169501932,74.77272550396367,Wh,74.77272550396367,Wh
28,596609568300aae01ffeb7ac8d2c9f98,RollingRegression,"{""regression_model"": {""model"": ""ExtraTrees"", ""model_params"": {""n_estimators"": 100, ""min_samples_leaf"": 1, ""max_depth"": 10}}, ""holiday"": false, ""mean_rolling_periods"": null, ""macd_periods"": null, ""std_rolling_periods"": null, ""max_rolling_periods"": 420, ""min_rolling_periods"": null, ""ewm_var_alpha"": null, ""quantile90_rolling_periods"": null, ""quantile10_rolling_periods"": null, ""ewm_alpha"": null, ""additional_lag_periods"": 363, ""abs_energy"": false, ""rolling_autocorr_periods"": null, ""nonzero_last_n"": null, ""add_date_part"": null, ""polynomial_degree"": null, ""x_transform"": null, ""regression_type"": null}","{""fillna"": ""ffill"", ""transformations"": {""0"": ""DifferencedTransformer"", ""1"": ""Scaler"", ""2"": ""DifferencedTransformer""}, ""transformation_params"": {""0"": {""lag"": 1, ""fill"": ""bfill""}, ""1"": {}, ""2"": {""lag"": 1, ""fill"": ""bfill""}}}",0,1,138.9461082066282,4.73033512124847,5.118221926901555,0.7357776939384202,4.73033512124847,0.0,-350.1837435149645,4.258120342831963,75.54641739739782,2.1227675498012917,642.0727332519615,1.0,0.5222222222222223,6.759950160980225,0.4888888888888889,4.700248721965406,4.393404480141605,21.484900324904743,45.08275588939084,0.060088931256805436,274.63732611756666,118.97129420805142,12.138782114960616,0.5058135522136451,138.9461082066282,4.73033512124847,5.118221926901555,0.7357776939384202,4.73033512124847,0.0,4.258120342831963,2.1227675498012917,642.0727332519615,6.759950160980225,0.4888888888888889,4.700248721965406,4.393404480141605,21.484900324904743,45.08275588939084,0.060088931256805436,274.63732611756666,118.97129420805142,12.138782114960616,0.5058135522136451,1.0,0.5222222222222223,3.6503,7004.928961042379,68.53645212396769,Wh,68.53645212396769,Wh
29,6514e5c5ad5719ca8a0bc42d42fa0218,RollingRegression,"{""regression_model"": {""model"": ""ExtraTrees"", ""model_params"": {""n_estimators"": 100, ""min_samples_leaf"": 1, ""max_depth"": 10}}, ""holiday"": false, ""mean_rolling_periods"": null, ""macd_periods"": null, ""std_rolling_periods"": null, ""max_rolling_periods"": 28, ""min_rolling_periods"": null, ""ewm_var_alpha"": null, ""quantile90_rolling_periods"": null, ""quantile10_rolling_periods"": null, ""ewm_alpha"": null, ""additional_lag_periods"": 90, ""abs_energy"": false, ""rolling_autocorr_periods"": null, ""nonzero_last_n"": null, ""add_date_part"": null, ""polynomial_degree"": null, ""x_transform"": null, ""regression_type"": null}","{""fillna"": ""ffill_mean_biased"", ""transformations"": {""0"": ""Scaler"", ""1"": ""DifferencedTransformer"", ""2"": ""Scaler"", ""3"": ""DifferencedTransformer""}, ""transformation_params"": {""0"": {}, ""1"": {""lag"": 1, ""fill"": ""bfill""}, ""2"": {}, ""3"": {""lag"": 2, ""fill"": ""zero""}}}",0,1,159.87124951821562,8.631163521468267,10.528461763204826,1.5382595728165154,8.631163521468267,0.0,-342.6614779612899,4.670345759059177,434.14323897085404,6.061862209565031,561.7283150993892,1.0,0.5333333333333333,23.302437306615733,0.45555555555555555,11.431040744714277,6.309766089227857,28.73307238610522,238.02978377303987,0.32797164818038194,91.48176100956411,285.835483104305,28.131307874040395,0.16848661889170502,159.87124951821562,8.631163521468267,10.528461763204826,1.5382595728165154,8.631163521468267,0.0,4.670345759059177,6.061862209565031,561.7283150993892,23.302437306615733,0.45555555555555555,11.431040744714277,6.309766089227857,28.73307238610522,238.02978377303987,0.32797164818038194,91.48176100956411,285.835483104305,28.131307874040395,0.16848661889170502,1.0,0.5333333333333333,3.7718,6197.376617311177,125.05442221335042,Wh,125.05442221335042,Wh
30,b99461ee7123ba10f868ff876555ef30,WindowRegression,"{""window_size"": 10, ""input_dim"": ""univariate"", ""output_dim"": ""forecast_length"", ""normalize_window"": false, ""max_windows"": 50000, ""fourier_encoding_components"": null, ""scale"": true, ""datepart_method"": null, ""regression_type"": null, ""regression_model"": {""model"": ""KNN"", ""model_params"": {""n_neighbors"": 10, ""weights"": ""uniform"", ""p"": 2, ""leaf_size"": 30}}}","{""fillna"": ""ffill"", ""transformations"": {""0"": ""DifferencedTransformer"", ""1"": ""Scaler"", ""2"": ""DifferencedTransformer""}, ""transformation_params"": {""0"": {""lag"": 1, ""fill"": ""zero""}, ""1"": {}, ""2"": {""lag"": 1, ""fill"": ""one""}}}",0,1,175.5880565166229,5.429704371260272,5.622345400153477,0.7045751082301925,5.429704371260272,0.0,-488.6733934134245,5.429704371260272,0.0,1.82025000972085,550.3447056116509,1.0,0.5111111111111111,6.759950160980225,0.7,4.5631364168987005,5.219726094093762,22.8047229350936,52.42934161940739,0.11145713073904352,488.6733934134245,295.96138149051404,19.29174874867355,0.9000146793190399,175.5880565166229,5.429704371260272,5.622345400153477,0.7045751082301925,5.429704371260272,0.0,5.429704371260272,1.82025000972085,550.3447056116509,6.759950160980225,0.7,4.5631364168987005,5.219726094093762,22.8047229350936,52.42934161940739,0.11145713073904352,488.6733934134245,295.96138149051404,19.29174874867355,0.9000146793190399,1.0,0.5111111111111111,0.2516,6054.315200434078,78.66941012626634,Wh,78.66941012626634,Wh
31,6650c93875584468f1e10785d8b1604a,WindowRegression,"{""window_size"": 28, ""input_dim"": ""univariate"", ""output_dim"": ""forecast_length"", ""normalize_window"": false, ""max_windows"": 5000000, ""fourier_encoding_components"": null, ""scale"": true, ""datepart_method"": null, ""regression_type"": null, ""regression_model"": {""model"": ""KNN"", ""model_params"": {""n_neighbors"": 5, ""weights"": ""uniform"", ""p"": 2, ""leaf_size"": 30}}}","{""fillna"": ""ffill"", ""transformations"": {""0"": ""DifferencedTransformer"", ""1"": ""DifferencedTransformer"", ""2"": ""Scaler"", ""3"": ""Scaler""}, ""transformation_params"": {""0"": {""lag"": 1, ""fill"": ""bfill""}, ""1"": {""lag"": 1, ""fill"": ""bfill""}, ""2"": {}, ""3"": {}}}",0,1,108.51635219059072,17.57487755557134,19.991789935537117,0.987413334576092,17.57487755557134,0.0,0.0,2.7382922287271767,1581.7389800014207,17.57487755557134,539.5854110215471,1.0,0.4444444444444444,34.17631527723279,0.3,18.91889537731654,14.98648969516829,92.1607960378871,836.9862351954266,0.4598122039484249,1581.7389800014207,725.3147478776747,3.6605401478713886,2.91316924563566,108.51635219059072,17.57487755557134,19.991789935537117,0.987413334576092,17.57487755557134,0.0,2.7382922287271767,17.57487755557134,539.5854110215471,34.17631527723279,0.3,18.91889537731654,14.98648969516829,92.1607960378871,836.9862351954266,0.4598122039484249,1581.7389800014207,725.3147478776747,3.6605401478713886,2.91316924563566,1.0,0.4444444444444444,3.2337,6001.45670924237,254.63729805555562,Wh,254.63729805555562,Wh
32,b0c9fbdcadda205647359b446da80b0d,DatepartRegression,"{""regression_model"": {""model"": ""ElasticNet"", ""model_params"": {""l1_ratio"": 0.5, ""fit_intercept"": true, ""selection"": ""cyclic"", ""max_iter"": 1000}}, ""datepart_method"": ""anchored_segment_fourier:us_school"", ""polynomial_degree"": null, ""holiday_countries_used"": false, ""lags"": null, ""forward_lags"": 3, ""regression_type"": null}","{""fillna"": ""ffill"", ""transformations"": {""0"": ""Scaler"", ""1"": ""DifferencedTransformer"", ""2"": ""DifferencedTransformer""}, ""transformation_params"": {""0"": {}, ""1"": {""lag"": 7, ""fill"": ""bfill""}, ""2"": {""lag"": 1, ""fill"": ""bfill""}}}",0,1,175.7637890367688,10.015709583792422,13.518152360358826,1.6697916948505842,10.015709583792422,0.0,-395.16224075853825,5.1385111096578475,506.2516217827797,7.054205634101411,535.9146890637164,0.9555555555555556,0.5444444444444444,37.529932007193565,0.5333333333333333,12.617436869307214,6.351600873823228,28.185521632438505,1892.8962696610188,0.3929022838472245,111.08938102424145,414.2926056468028,70.29962615730854,0.20459897139048264,175.7637890367688,10.015709583792422,13.518152360358826,1.6697916948505842,10.015709583792422,0.0,5.1385111096578475,7.054205634101411,535.9146890637164,37.529932007193565,0.5333333333333333,12.617436869307214,6.351600873823228,28.185521632438505,1892.8962696610188,0.3929022838472245,111.08938102424145,414.2926056468028,70.29962615730854,0.20459897139048264,0.9555555555555556,0.5444444444444444,3.6843,5949.437260958438,145.11470810887968,Wh,145.11470810887968,Wh
33,43773451abf07a8d0bf81f943bbe5e2e,DatepartRegression,"{""regression_model"": {""model"": ""ElasticNet"", ""model_params"": {""l1_ratio"": 0.5, ""fit_intercept"": true, ""selection"": ""cyclic"", ""max_iter"": 1000}}, ""datepart_method"": [""constant"", ""year"", ""hour""], ""polynomial_degree"": null, ""holiday_countries_used"": false, ""lags"": null, ""forward_lags"": null, ""regression_type"": null}","{""fillna"": ""fake_date"", ""transformations"": {""0"": ""Scaler"", ""1"": ""DifferencedTransformer"", ""2"": ""DifferencedTransformer"", ""3"": ""Scaler"", ""4"": ""Scaler"", ""5"": ""Scaler""}, ""transformation_params"": {""0"": {}, ""1"": {""lag"": 7, ""fill"": ""bfill""}, ""2"": {""lag"": 1, ""fill"": ""bfill""}, ""3"": {}, ""4"": {}, ""5"": {}}}",0,1,175.7637890367688,10.015709583792422,13.518152360358826,1.6697916948505842,10.015709583792422,0.0,-395.16224075853825,5.1385111096578475,506.2516217827797,7.054205634101411,535.9146890637164,0.9555555555555556,0.5444444444444444,37.529932007193565,0.5333333333333333,12.617436869307214,6.351600873823228,28.185521632438505,1892.8962696610188,0.3929022838472245,111.08938102424145,414.2926056468028,70.29962615730854,0.20459897139048264,175.7637890367688,10.015709583792422,13.518152360358826,1.6697916948505842,10.015709583792422,0.0,5.1385111096578475,7.054205634101411,535.9146890637164,37.529932007193565,0.5333333333333333,12.617436869307214,6.351600873823228,28.185521632438505,1892.8962696610188,0.3929022838472245,111.08938102424145,414.2926056468028,70.29962615730854,0.20459897139048264,0.9555555555555556,0.5444444444444444,0.218,5949.436312517096,145.11470810887968,Wh,145.11470810887968,Wh
34,7431e1c51080854ca2c791cddb28effb,RollingRegression,"{""regression_model"": {""model"": ""ExtraTrees"", ""model_params"": {""n_estimators"": 100, ""min_samples_leaf"": 1, ""max_depth"": 10}}, ""holiday"": false, ""mean_rolling_periods"": null, ""macd_periods"": null, ""std_rolling_periods"": null, ""max_rolling_periods"": 28, ""min_rolling_periods"": null, ""ewm_var_alpha"": null, ""quantile90_rolling_periods"": null, ""quantile10_rolling_periods"": null, ""ewm_alpha"": null, ""additional_lag_periods"": 90, ""abs_energy"": false, ""rolling_autocorr_periods"": null, ""nonzero_last_n"": null, ""add_date_part"": null, ""polynomial_degree"": null, ""x_transform"": null, ""regression_type"": null}","{""fillna"": ""ffill_mean_biased"", ""transformations"": {""0"": ""Scaler"", ""1"": ""DifferencedTransformer"", ""2"": ""DifferencedTransformer""}, ""transformation_params"": {""0"": {}, ""1"": {""lag"": 1, ""fill"": ""bfill""}, ""2"": {""lag"": 1, ""fill"": ""zero""}}}",0,1,196.8790750326292,5.953000014621738,5.996407147019344,0.7133530553883565,5.953000014621738,0.0,-535.7700013159564,5.953000014621738,0.0,1.932445765863221,496.93927516619175,1.0,0.5333333333333333,7.003119945526123,0.7,4.756153514675401,5.832600278601901,23.426232544288343,63.369788483723696,0.047954475797249874,535.7700013159564,353.3271003480994,20.266566982299604,0.9867549009675537,196.8790750326292,5.953000014621738,5.996407147019344,0.7133530553883565,5.953000014621738,0.0,5.953000014621738,1.932445765863221,496.93927516619175,7.003119945526123,0.7,4.756153514675401,5.832600278601901,23.426232544288343,63.369788483723696,0.047954475797249874,535.7700013159564,353.3271003480994,20.266566982299604,0.9867549009675537,1.0,0.5333333333333333,3.2638,5501.483109861472,86.25128876459382,Wh,86.25128876459382,Wh
35,e4d4330b1f0177210d95c87df1761fba,ARIMA,"{""p"": 1, ""d"": 2, ""q"": 2, ""regression_type"": null}","{""fillna"": ""rolling_mean"", ""transformations"": {""0"": ""Scaler"", ""1"": ""Scaler"", ""2"": ""DifferencedTransformer""}, ""transformation_params"": {""0"": {}, ""1"": {}, ""2"": {""lag"": 1, ""fill"": ""bfill""}}}",0,1,173.91056431231777,5.353927956820601,5.598015579432937,0.6649997933024073,5.353927956820601,0.0,-481.8535161138541,5.353927956820601,0.0,1.7901870588844762,91.31139860411552,1.0,0.5333333333333333,6.759950160980225,0.7,4.540079588853792,5.1299908664678355,22.71848902996715,52.032193615687206,0.009315563701417597,481.8535161138541,287.5047877875965,19.996792015104656,0.8874541639247114,173.91056431231777,5.353927956820601,5.598015579432937,0.6649997933024073,5.353927956820601,0.0,5.353927956820601,1.7901870588844762,91.31139860411552,6.759950160980225,0.7,4.540079588853792,5.1299908664678355,22.71848902996715,52.032193615687206,0.009315563701417597,481.8535161138541,287.5047877875965,19.996792015104656,0.8874541639247114,1.0,0.5333333333333333,0.1193,1141.6541670772333,77.57150765905178,Wh,77.57150765905178,Wh
36,59a46f79881678efbff66389a55d2a32,DatepartRegression,"{""regression_model"": {""model"": ""Adaboost"", ""model_params"": {""n_estimators"": 100, ""loss"": ""linear"", ""estimator"": ""ExtraTree"", ""learning_rate"": 1, ""max_depth"": 3}}, ""datepart_method"": ""anchored_segment_fourier:us_school"", ""polynomial_degree"": null, ""holiday_countries_used"": true, ""lags"": null, ""forward_lags"": null, ""regression_type"": null}","{""fillna"": ""rolling_mean_24"", ""transformations"": {""0"": ""DifferencedTransformer""}, ""transformation_params"": {""0"": {""lag"": 7, ""fill"": ""bfill""}}}",0,1,150.33786401498568,36.50661155933212,36.53401530485065,1.1938637582506706,36.50661155933212,0.0,0.0,3.6238043134692433,3285.595040339891,36.50661155933212,32.69516729722854,0.9,0.5444444444444444,39.80307694462151,0.3,35.57019647108717,36.141572140387495,140.2018068854182,3796.981828928889,0.3832442915535789,3285.595040339891,2223.5124481045436,26.284457754955415,6.051247738184102,150.33786401498568,36.50661155933212,36.53401530485065,1.1938637582506706,36.50661155933212,0.0,3.6238043134692433,36.50661155933212,32.69516729722854,39.80307694462151,0.3,35.57019647108717,36.141572140387495,140.2018068854182,3796.981828928889,0.3832442915535789,3285.595040339891,2223.5124481045436,26.284457754955415,6.051247738184102,0.9,0.5444444444444444,1.393,758.2815628693743,528.9336952270928,Wh,528.9336952270928,Wh
37,e28c22809722f41bb1156063cbd6686a,RollingRegression,"{""regression_model"": {""model"": ""ExtraTrees"", ""model_params"": {""n_estimators"": 100, ""min_samples_leaf"": 1, ""max_depth"": 10}}, ""holiday"": false, ""mean_rolling_periods"": null, ""macd_periods"": null, ""std_rolling_periods"": null, ""max_rolling_periods"": 420, ""min_rolling_periods"": 7, ""ewm_var_alpha"": null, ""quantile90_rolling_periods"": null, ""quantile10_rolling_periods"": null, ""ewm_alpha"": 0.5, ""additional_lag_periods"": 2, ""abs_energy"": false, ""rolling_autocorr_periods"": null, ""nonzero_last_n"": null, ""add_date_part"": ""expanded"", ""polynomial_degree"": null, ""x_transform"": null, ""regression_type"": null}","{""fillna"": ""cubic"", ""transformations"": {""0"": ""Scaler"", ""1"": ""DifferencedTransformer""}, ""transformation_params"": {""0"": {}, ""1"": {""lag"": 7, ""fill"": ""bfill""}}}",0,1,135.9202067823974,26.95238308321336,27.951659172566266,1.3821092914542747,26.95238308321336,0.0,0.0,3.2929695008015005,2425.714477489202,26.95238308321336,31.596365722739712,0.9,0.5222222222222223,38.61881593462192,0.3,27.886310764167064,25.00299622095271,87.98167527245594,2812.111524134099,0.5380517414154474,2425.714477489202,1859.605258170738,43.491739575287475,4.467561907406727,135.9202067823974,26.95238308321336,27.951659172566266,1.3821092914542747,26.95238308321336,0.0,3.2929695008015005,26.95238308321336,31.596365722739712,38.61881593462192,0.3,27.886310764167064,25.00299622095271,87.98167527245594,2812.111524134099,0.5380517414154474,2425.714477489202,1859.605258170738,43.491739575287475,4.467561907406727,0.9,0.5222222222222223,3.9277,660.9657649640061,390.50525289674505,Wh,390.50525289674505,Wh
38,5879cecc1617eec3500f4eeed69d7522,RollingRegression,"{""regression_model"": {""model"": ""ExtraTrees"", ""model_params"": {""n_estimators"": 100, ""min_samples_leaf"": 1, ""max_depth"": 10}}, ""holiday"": false, ""mean_rolling_periods"": 7, ""macd_periods"": null, ""std_rolling_periods"": 10, ""max_rolling_periods"": 364, ""min_rolling_periods"": 7, ""ewm_var_alpha"": null, ""quantile90_rolling_periods"": null, ""quantile10_rolling_periods"": null, ""ewm_alpha"": null, ""additional_lag_periods"": 90, ""abs_energy"": false, ""rolling_autocorr_periods"": null, ""nonzero_last_n"": null, ""add_date_part"": null, ""polynomial_degree"": null, ""x_transform"": null, ""regression_type"": null}","{""fillna"": ""seasonal_linear"", ""transformations"": {""0"": ""Scaler"", ""1"": ""Scaler"", ""2"": ""DifferencedTransformer""}, ""transformation_params"": {""0"": {}, ""1"": {}, ""2"": {""lag"": 7, ""fill"": ""zero""}}}",0,1,135.9455864024628,27.097586000187643,28.17678105207429,1.2956725998380703,27.097586000187643,0.0,0.0,3.294772767901407,2438.782740016888,27.097586000187643,23.005693123890076,0.8444444444444444,0.5222222222222223,40.15592881116328,0.3,28.023817036257523,25.029718064106873,87.65258330412495,2914.3238267243414,0.49239686161937357,2438.782740016888,1879.945118176897,42.777541026372944,4.491630392138331,135.9455864024628,27.097586000187643,28.17678105207429,1.2956725998380703,27.097586000187643,0.0,3.294772767901407,27.097586000187643,23.005693123890076,40.15592881116328,0.3,28.023817036257523,25.029718064106873,87.65258330412495,2914.3238267243414,0.49239686161937357,2438.782740016888,1879.945118176897,42.777541026372944,4.491630392138331,0.8444444444444444,0.5222222222222223,3.4633,570.6013454466719,392.60905580127206,Wh,392.60905580127206,Wh
39,b32d96ead06abe4ae6854a66e92edb35,DatepartRegression,"{""regression_model"": {""model"": ""ElasticNet"", ""model_params"": {""l1_ratio"": 0.5, ""fit_intercept"": true, ""selection"": ""cyclic"", ""max_iter"": 1000}}, ""datepart_method"": ""simple_binarized"", ""polynomial_degree"": null, ""holiday_countries_used"": false, ""lags"": null, ""forward_lags"": null, ""regression_type"": null}","{""fillna"": ""ffill"", ""transformations"": {""0"": ""DifferencedTransformer""}, ""transformation_params"": {""0"": {""lag"": 7, ""fill"": ""zero""}}}",0,1,123.81259417317277,23.109636783229913,25.311684735782205,1.3288223929361558,23.109636783229913,0.0,0.0,3.0553466789593697,2079.867310490692,23.109636783229913,22.347673908566975,0.8444444444444444,0.5444444444444444,38.25125727802515,0.3,25.477122451380726,20.577518778369075,65.1305755977857,2542.065266095717,0.3624972103565488,2079.867310490692,1729.2124148450753,43.27721364745211,3.830597564156253,123.81259417317277,23.109636783229913,25.311684735782205,1.3288223929361558,23.109636783229913,0.0,3.0553466789593697,23.109636783229913,22.347673908566975,38.25125727802515,0.3,25.477122451380726,20.577518778369075,65.1305755977857,2542.065266095717,0.3624972103565488,2079.867310490692,1729.2124148450753,43.27721364745211,3.830597564156253,0.8444444444444444,0.5444444444444444,0.174,526.158414310317,334.8288174936104,Wh,334.8288174936104,Wh
40,eccc59dd3fc218d2a28ff48fa91890f9,ARIMA,"{""p"": 2, ""d"": 1, ""q"": 12, ""regression_type"": null}","{""fillna"": ""akima"", ""transformations"": {""0"": ""Scaler"", ""1"": ""Scaler"", ""2"": ""DifferencedTransformer"", ""3"": ""Scaler""}, ""transformation_params"": {""0"": {}, ""1"": {}, ""2"": {""lag"": 2, ""fill"": ""bfill""}, ""3"": {}}}",0,1,54.05278630878006,4.458307310619213,4.527849959638146,0.7137528916888591,4.458307310619213,0.0,0.0,1.686503562509964,401.24765795572915,4.458307310619213,41.404268104457365,0.9777777777777777,0.6,6.7123704758282905,0.3,4.9337362158090485,4.2439349540456694,16.13115625409597,68.3901801574293,0.14615102737715926,401.24765795572915,285.6849024458693,16.767929050737365,0.7389982492806221,54.05278630878006,4.458307310619213,4.527849959638146,0.7137528916888591,4.458307310619213,0.0,1.686503562509964,4.458307310619213,41.404268104457365,6.7123704758282905,0.3,4.9337362158090485,4.2439349540456694,16.13115625409597,68.3901801574293,0.14615102737715926,401.24765795572915,285.6849024458693,16.767929050737365,0.7389982492806221,0.9777777777777777,0.6,2.16,517.7016452015466,64.5951201587476,Wh,64.5951201587476,Wh
41,68631d90158ee6940752af41c746daf6,DatepartRegression,"{""regression_model"": {""model"": ""ElasticNet"", ""model_params"": {""l1_ratio"": 0.1, ""fit_intercept"": true, ""selection"": ""cyclic"", ""max_iter"": 1000}}, ""datepart_method"": ""anchored_warped_fourier:us_school"", ""polynomial_degree"": null, ""holiday_countries_used"": false, ""lags"": null, ""forward_lags"": null, ""regression_type"": null}","{""fillna"": ""zero"", ""transformations"": {""0"": ""DifferencedTransformer"", ""1"": ""Scaler"", ""2"": ""Scaler"", ""3"": ""Scaler""}, ""transformation_params"": {""0"": {""lag"": 2, ""fill"": ""bfill""}, ""1"": {}, ""2"": {}, ""3"": {}}}",0,1,107.00584210464123,14.673583963144349,15.398108773724166,0.7814428413973061,14.673583963144349,0.0,0.0,2.703432996060962,1320.6225566829914,14.673583963144349,18.02581740671588,0.9777777777777777,0.4666666666666667,23.2222099534017,0.3,14.859823205123059,13.409699425643135,68.86607938763329,497.77583948736395,0.0687056699825474,1320.6225566829914,717.8765688651312,10.648977011660472,2.432257828796867,107.00584210464123,14.673583963144349,15.398108773724166,0.7814428413973061,14.673583963144349,0.0,2.703432996060962,14.673583963144349,18.02581740671588,23.2222099534017,0.3,14.859823205123059,13.409699425643135,68.86607938763329,497.77583948736395,0.0687056699825474,1320.6225566829914,717.8765688651312,10.648977011660472,2.432257828796867,0.9777777777777777,0.4666666666666667,1.1147,390.871801815637,212.60129758240816,Wh,212.60129758240816,Wh
42,48bbfde2db050637e0fd333debeda07f,RollingRegression,"{""regression_model"": {""model"": ""RANSAC"", ""model_params"": {}}, ""holiday"": false, ""mean_rolling_periods"": 12, ""macd_periods"": 96, ""std_rolling_periods"": 30, ""max_rolling_periods"": null, ""min_rolling_periods"": null, ""ewm_var_alpha"": null, ""quantile90_rolling_periods"": null, ""quantile10_rolling_periods"": null, ""ewm_alpha"": 0.5, ""additional_lag_periods"": 2, ""abs_energy"": false, ""rolling_autocorr_periods"": 7, ""nonzero_last_n"": null, ""add_date_part"": null, ""polynomial_degree"": null, ""x_transform"": null, ""regression_type"": null}","{""fillna"": ""ffill"", ""transformations"": {""0"": ""Scaler"", ""1"": ""Scaler"", ""2"": ""Scaler"", ""3"": ""DifferencedTransformer"", ""4"": ""Scaler"", ""5"": ""Scaler""}, ""transformation_params"": {""0"": {}, ""1"": {}, ""2"": {}, ""3"": {""lag"": 7, ""fill"": ""zero""}, ""4"": {}, ""5"": {}}}",0,1,184.85128980720867,9.363255706424654,12.79799066289052,1.6981048873349425,9.363255706424654,0.0,-439.92021772476176,5.441839652291234,402.7727958534571,6.062045274633936,9.514681732236884,0.2777777777777778,0.5444444444444444,37.677356408034356,0.6111111111111112,11.417899336171104,5.918552479052857,27.28723044809286,1880.9629415086538,0.42330210926105566,37.147421871304644,260.6286865944221,72.84717987072911,0.06841629897117472,184.85128980720867,9.363255706424654,12.79799066289052,1.6981048873349425,9.363255706424654,0.0,5.441839652291234,6.062045274633936,9.514681732236884,37.677356408034356,0.6111111111111112,11.417899336171104,5.918552479052857,27.28723044809286,1880.9629415086538,0.42330210926105566,37.147421871304644,260.6286865944221,72.84717987072911,0.06841629897117472,0.2777777777777778,0.5444444444444444,8.388,317.7889557841162,135.6614933189916,Wh,135.6614933189916,Wh
43,e768562d05dbc338a1f38bbf1dab9570,RollingRegression,"{""regression_model"": {""model"": ""ExtraTrees"", ""model_params"": {""n_estimators"": 100, ""min_samples_leaf"": 1, ""max_depth"": 10}}, ""holiday"": false, ""mean_rolling_periods"": null, ""macd_periods"": null, ""std_rolling_periods"": null, ""max_rolling_periods"": 28, ""min_rolling_periods"": 7, ""ewm_var_alpha"": null, ""quantile90_rolling_periods"": null, ""quantile10_rolling_periods"": null, ""ewm_alpha"": null, ""additional_lag_periods"": 90, ""abs_energy"": false, ""rolling_autocorr_periods"": null, ""nonzero_last_n"": null, ""add_date_part"": null, ""polynomial_degree"": null, ""x_transform"": null, ""regression_type"": null}","{""fillna"": ""ffill"", ""transformations"": {""0"": ""DifferencedTransformer""}, ""transformation_params"": {""0"": {""lag"": 1, ""fill"": ""bfill""}}}",0,1,143.78196679709188,4.611248279944131,5.031603361368723,0.6493758597746689,4.611248279944131,0.0,-414.4969842899501,4.610633939872292,0.5153609050217041,1.6218038099393106,14.987166978830377,1.0,0.5444444444444444,6.759950160980225,0.7111111111111111,4.348935435170247,4.25313269307943,21.46420832095125,43.95062958271564,0.08890526578295806,413.9816233849284,217.49788348835978,20.467851642891134,0.762451042018459,143.78196679709188,4.611248279944131,5.031603361368723,0.6493758597746689,4.611248279944131,0.0,4.610633939872292,1.6218038099393106,14.987166978830377,6.759950160980225,0.7111111111111111,4.348935435170247,4.25313269307943,21.46420832095125,43.95062958271564,0.08890526578295806,413.9816233849284,217.49788348835978,20.467851642891134,0.762451042018459,1.0,0.5444444444444444,2.9747,298.7614692284678,66.81103745704759,Wh,66.81103745704759,Wh
44,e98ebf31aa2eeb5a2dfb83c60e907d91,RollingRegression,"{""regression_model"": {""model"": ""ExtraTrees"", ""model_params"": {""n_estimators"": 100, ""min_samples_leaf"": 1, ""max_depth"": 10}}, ""holiday"": false, ""mean_rolling_periods"": null, ""macd_periods"": null, ""std_rolling_periods"": null, ""max_rolling_periods"": 28, ""min_rolling_periods"": 7, ""ewm_var_alpha"": null, ""quantile90_rolling_periods"": null, ""quantile10_rolling_periods"": null, ""ewm_alpha"": null, ""additional_lag_periods"": 90, ""abs_energy"": false, ""rolling_autocorr_periods"": null, ""nonzero_last_n"": null, ""add_date_part"": null, ""polynomial_degree"": null, ""x_transform"": null, ""regression_type"": null}","{""fillna"": ""ffill_mean_biased"", ""transformations"": {""0"": ""Scaler"", ""1"": ""Scaler"", ""2"": ""Scaler"", ""3"": ""DifferencedTransformer""}, ""transformation_params"": {""0"": {}, ""1"": {}, ""2"": {}, ""3"": {""lag"": 1, ""fill"": ""bfill""}}}",0,1,143.78196679709188,4.611248279944131,5.031603361368723,0.6493758597746689,4.611248279944131,0.0,-414.4969842899501,4.610633939872292,0.5153609050217041,1.6218038099393106,14.987166978830377,1.0,0.5444444444444444,6.759950160980225,0.7111111111111111,4.348935435170247,4.25313269307943,21.46420832095125,43.95062958271564,0.08890526578295806,413.9816233849284,217.49788348835978,20.467851642891134,0.762451042018459,143.78196679709188,4.611248279944131,5.031603361368723,0.6493758597746689,4.611248279944131,0.0,4.610633939872292,1.6218038099393106,14.987166978830377,6.759950160980225,0.7111111111111111,4.348935435170247,4.25313269307943,21.46420832095125,43.95062958271564,0.08890526578295806,413.9816233849284,217.49788348835978,20.467851642891134,0.762451042018459,1.0,0.5444444444444444,2.9491,298.7614622238524,66.81103745704759,Wh,66.81103745704759,Wh
45,5b11caf474c877db3435722aa8519772,RollingRegression,"{""regression_model"": {""model"": ""ExtraTrees"", ""model_params"": {""n_estimators"": 100, ""min_samples_leaf"": 1, ""max_depth"": 10}}, ""holiday"": false, ""mean_rolling_periods"": null, ""macd_periods"": null, ""std_rolling_periods"": null, ""max_rolling_periods"": 28, ""min_rolling_periods"": 7, ""ewm_var_alpha"": null, ""quantile90_rolling_periods"": null, ""quantile10_rolling_periods"": null, ""ewm_alpha"": null, ""additional_lag_periods"": 9, ""abs_energy"": false, ""rolling_autocorr_periods"": null, ""nonzero_last_n"": null, ""add_date_part"": null, ""polynomial_degree"": null, ""x_transform"": null, ""regression_type"": null}","{""fillna"": ""ffill"", ""transformations"": {""0"": ""DifferencedTransformer"", ""1"": ""Scaler""}, ""transformation_params"": {""0"": {""lag"": 1, ""fill"": ""zero""}, ""1"": {}}}",0,1,144.00164564257065,4.600312209900307,5.039117680273324,0.6520476797808294,4.600312209900307,0.0,-412.6578960029517,4.597444635715967,1.3702028880758927,1.6159132214387641,13.373216203870221,1.0,0.5333333333333333,6.759950160980225,0.7,4.3562546251891545,4.240020429372291,21.46615650136452,44.04955594045947,0.016454656998788043,411.2876931148758,213.79327829915852,20.83120998036713,0.7574894934242674,144.00164564257065,4.600312209900307,5.039117680273324,0.6520476797808294,4.600312209900307,0.0,4.597444635715967,1.6159132214387641,13.373216203870221,6.759950160980225,0.7,4.3562546251891545,4.240020429372291,21.46615650136452,44.04955594045947,0.016454656998788043,411.2876931148758,213.79327829915852,20.83120998036713,0.7574894934242674,1.0,0.5333333333333333,3.4636,281.6074374220808,66.65258791345902,Wh,66.65258791345902,Wh
46,88cb45952eb027cc7cf89191d2d0dd47,ARIMA,"{""p"": 0, ""d"": 2, ""q"": 3, ""regression_type"": null}","{""fillna"": ""ffill"", ""transformations"": {""0"": ""DifferencedTransformer""}, ""transformation_params"": {""0"": {""lag"": 1, ""fill"": ""zero""}}}",0,1,137.49280811130876,4.3989417780386635,4.910571408784975,0.6494570570948148,4.3989417780386635,0.0,-394.7827332409828,4.396399422055992,1.1220267824968913,1.5620508350517222,13.703091043511048,1.0,0.5333333333333333,6.759950160980225,0.7,4.293682319909783,4.001717098717693,21.089985194871772,42.460042956606536,0.005668516838481761,393.66070645848595,196.91851799310666,21.273763638017403,0.7250249742653737,137.49280811130876,4.3989417780386635,4.910571408784975,0.6494570570948148,4.3989417780386635,0.0,4.396399422055992,1.5620508350517222,13.703091043511048,6.759950160980225,0.7,4.293682319909783,4.001717098717693,21.089985194871772,42.460042956606536,0.005668516838481761,393.66070645848595,196.91851799310666,21.273763638017403,0.7250249742653737,1.0,0.5333333333333333,0.4136,279.23013857612557,63.73499019390765,Wh,63.73499019390765,Wh
47,54ed43b04599b67804178f076b4935de,DatepartRegression,"{""regression_model"": {""model"": ""RandomForest"", ""model_params"": {""n_estimators"": 100, ""min_samples_leaf"": 2, ""bootstrap"": true}}, ""datepart_method"": ""expanded"", ""polynomial_degree"": null, ""holiday_countries_used"": false, ""lags"": null, ""forward_lags"": null, ""regression_type"": null}","{""fillna"": ""ffill"", ""transformations"": {""0"": ""DifferencedTransformer""}, ""transformation_params"": {""0"": {""lag"": 2, ""fill"": ""bfill""}}}",0,1,63.85508531558465,5.676255635845281,5.7786189852091505,0.797685185142165,5.676255635845281,0.0,0.0,1.884931669511149,510.86300722607524,5.676255635845281,17.04853382086933,0.9777777777777777,0.5,8.28224977442764,0.3,6.161286196490364,5.403489902476366,20.560401963609728,99.58268008561684,0.3193578932756192,510.86300722607524,365.029245498813,8.588766866641807,0.940882421309876,63.85508531558465,5.676255635845281,5.7786189852091505,0.797685185142165,5.676255635845281,0.0,1.884931669511149,5.676255635845281,17.04853382086933,8.28224977442764,0.3,6.161286196490364,5.403489902476366,20.560401963609728,99.58268008561684,0.3193578932756192,510.86300722607524,365.029245498813,8.588766866641807,0.940882421309876,0.9777777777777777,0.5,0.4108,274.16901430874975,82.24161981293953,Wh,82.24161981293953,Wh
48,339303e5c0894381284a153eac80d085,ARIMA,"{""p"": 2, ""d"": 0, ""q"": 0, ""regression_type"": ""Holiday""}","{""fillna"": ""time"", ""transformations"": {""0"": ""DifferencedTransformer"", ""1"": ""Scaler"", ""2"": ""Scaler""}, ""transformation_params"": {""0"": {""lag"": 2, ""fill"": ""bfill""}, ""1"": {}, ""2"": {}}}",0,1,64.1921754391877,5.689831160075606,5.745819361989864,0.7276251624213498,5.689831160075606,0.0,0.0,1.8932119888978094,512.0848044068046,5.689831160075606,16.85606268870488,0.9777777777777777,0.5222222222222223,7.9265254483080145,0.3,6.10340497064966,5.488884652488058,20.952260239968947,88.36660927817861,0.10672396574537024,512.0848044068046,357.78814402212066,19.577082658186363,0.9431326674100903,64.1921754391877,5.689831160075606,5.745819361989864,0.7276251624213498,5.689831160075606,0.0,1.8932119888978094,5.689831160075606,16.85606268870488,7.9265254483080145,0.3,6.10340497064966,5.488884652488058,20.952260239968947,88.36660927817861,0.10672396574537024,512.0848044068046,357.78814402212066,19.577082658186363,0.9431326674100903,0.9777777777777777,0.5222222222222223,0.3648,272.2566142237589,82.4383116418736,Wh,82.4383116418736,Wh
49,36d4f50db38da72d256ef839e354acd6,ARIMA,"{""p"": 1, ""d"": 0, ""q"": 0, ""regression_type"": ""Holiday""}","{""fillna"": ""ffill"", ""transformations"": {""0"": ""DifferencedTransformer"", ""1"": ""Scaler"", ""2"": ""Scaler""}, ""transformation_params"": {""0"": {""lag"": 2, ""fill"": ""bfill""}, ""1"": {}, ""2"": {}}}",0,1,62.0233227620336,5.450023190604302,5.565223581329386,0.7470964518719311,5.450023190604302,0.0,0.0,1.8474621157743476,490.5020871543872,5.450023190604302,16.89360268212402,0.9777777777777777,0.5444444444444444,8.11605317608863,0.3,5.960313849613089,5.19156397702627,19.030546909669045,87.18908052490364,0.12880930733323964,490.5020871543872,356.50253756622504,18.977983915558127,0.9033826777266243,62.0233227620336,5.450023190604302,5.565223581329386,0.7470964518719311,5.450023190604302,0.0,1.8474621157743476,5.450023190604302,16.89360268212402,8.11605317608863,0.3,5.960313849613089,5.19156397702627,19.030546909669045,87.18908052490364,0.12880930733323964,490.5020871543872,356.50253756622504,18.977983915558127,0.9033826777266243,0.9777777777777777,0.5444444444444444,0.6999,269.4234125708955,78.96380360019428,Wh,78.96380360019428,Wh
50,ce7d88fed811dde118650bb94b82cae7,RollingRegression,"{""regression_model"": {""model"": ""ExtraTrees"", ""model_params"": {""n_estimators"": 100, ""min_samples_leaf"": 1, ""max_depth"": 10}}, ""holiday"": false, ""mean_rolling_periods"": 5, ""macd_periods"": null, ""std_rolling_periods"": null, ""max_rolling_periods"": null, ""min_rolling_periods"": 7, ""ewm_var_alpha"": null, ""quantile90_rolling_periods"": null, ""quantile10_rolling_periods"": null, ""ewm_alpha"": 0.5, ""additional_lag_periods"": 2, ""abs_energy"": false, ""rolling_autocorr_periods"": null, ""nonzero_last_n"": null, ""add_date_part"": ""expanded"", ""polynomial_degree"": null, ""x_transform"": null, ""regression_type"": null}","{""fillna"": ""ffill"", ""transformations"": {""0"": ""DifferencedTransformer"", ""1"": ""Scaler""}, ""transformation_params"": {""0"": {""lag"": 1, ""fill"": ""bfill""}, ""1"": {}}}",0,1,91.63201422273956,3.3254155426322125,3.8806138000670205,0.7201968294467481,3.3254155426322125,0.0,-297.63359190995567,3.3209571579849504,1.653806926943461,1.3355646801068277,15.377361502072496,1.0,0.4666666666666667,6.628880023956299,0.7111111111111111,3.603582730382874,2.794883640765571,17.624027578381195,30.491323139480016,0.1827998378701572,295.9797849830122,129.44872665610328,16.9931296928073,0.5451210457882198,91.63201422273956,3.3254155426322125,3.8806138000670205,0.7201968294467481,3.3254155426322125,0.0,3.3209571579849504,1.3355646801068277,15.377361502072496,6.628880023956299,0.7111111111111111,3.603582730382874,2.794883640765571,17.624027578381195,30.491323139480016,0.1827998378701572,295.9797849830122,129.44872665610328,16.9931296928073,0.5451210457882198,1.0,0.4666666666666667,3.4573,256.9019394826165,48.18098026631106,Wh,48.18098026631106,Wh
51,9124b9755221d58ea4a61fd2195ba513,RollingRegression,"{""regression_model"": {""model"": ""ExtraTrees"", ""model_params"": {""n_estimators"": 100, ""min_samples_leaf"": 1, ""max_depth"": 10}}, ""holiday"": false, ""mean_rolling_periods"": 12, ""macd_periods"": 4, ""std_rolling_periods"": null, ""max_rolling_periods"": null, ""min_rolling_periods"": null, ""ewm_var_alpha"": null, ""quantile90_rolling_periods"": null, ""quantile10_rolling_periods"": null, ""ewm_alpha"": null, ""additional_lag_periods"": 90, ""abs_energy"": false, ""rolling_autocorr_periods"": null, ""nonzero_last_n"": null, ""add_date_part"": null, ""polynomial_degree"": null, ""x_transform"": null, ""regression_type"": null}","{""fillna"": ""zero"", ""transformations"": {""0"": ""DifferencedTransformer""}, ""transformation_params"": {""0"": {""lag"": 1, ""fill"": ""bfill""}}}",0,1,50.17463354224297,4.582372723604612,5.594254157021887,0.6803683646141422,4.582372723604612,0.0,-1.4800003115650577,1.5088913521847638,410.9335448128501,4.57895691123615,16.239997248387,1.0,0.43333333333333335,11.061794674767047,0.3333333333333333,5.696189475648157,3.6593505440413714,25.82253737992011,70.39400032532313,0.08131587694608462,409.45354450128497,162.63586717451653,20.948739349375554,0.7541114484999187,50.17463354224297,4.582372723604612,5.594254157021887,0.6803683646141422,4.582372723604612,0.0,1.5088913521847638,4.57895691123615,16.239997248387,11.061794674767047,0.3333333333333333,5.696189475648157,3.6593505440413714,25.82253737992011,70.39400032532313,0.08131587694608462,409.45354450128497,162.63586717451653,20.948739349375554,0.7541114484999187,1.0,0.43333333333333335,3.0534,249.67207185551803,66.39266790523156,Wh,66.39266790523156,Wh
52,376bc1d96cea1ca6e519afb0121a6c93,RollingRegression,"{""regression_model"": {""model"": ""ExtraTrees"", ""model_params"": {""n_estimators"": 100, ""min_samples_leaf"": 1, ""max_depth"": 10}}, ""holiday"": false, ""mean_rolling_periods"": 5, ""macd_periods"": null, ""std_rolling_periods"": null, ""max_rolling_periods"": 28, ""min_rolling_periods"": 7, ""ewm_var_alpha"": null, ""quantile90_rolling_periods"": null, ""quantile10_rolling_periods"": null, ""ewm_alpha"": 0.5, ""additional_lag_periods"": 2, ""abs_energy"": false, ""rolling_autocorr_periods"": null, ""nonzero_last_n"": null, ""add_date_part"": ""expanded"", ""polynomial_degree"": null, ""x_transform"": null, ""regression_type"": null}","{""fillna"": ""quadratic"", ""transformations"": {""0"": ""Scaler"", ""1"": ""DifferencedTransformer"", ""2"": ""Scaler""}, ""transformation_params"": {""0"": {}, ""1"": {""lag"": 1, ""fill"": ""bfill""}, ""2"": {}}}",0,1,71.58893566211219,2.777062445951984,3.361096894754487,0.723461177330223,2.777062445951984,0.0,-248.26781735586553,2.771394005863059,1.667802779813031,1.1857718685447918,15.442890995861779,1.0,0.4222222222222222,6.403194321577315,0.7111111111111111,3.2109275236203794,2.2421236117774597,15.334949972309724,25.5292932483242,0.22353751174560724,246.6000145760525,100.61844384543642,16.9917057978588,0.45417580746199754,71.58893566211219,2.777062445951984,3.361096894754487,0.723461177330223,2.777062445951984,0.0,2.771394005863059,1.1857718685447918,15.442890995861779,6.403194321577315,0.7111111111111111,3.2109275236203794,2.2421236117774597,15.334949972309724,25.5292932483242,0.22353751174560724,246.6000145760525,100.61844384543642,16.9917057978588,0.45417580746199754,1.0,0.4222222222222222,3.4999,239.40593786996703,40.23605146225312,Wh,40.23605146225312,Wh
53,3f802d2998a7d93df414b6d06dae4ffa,RollingRegression,"{""regression_model"": {""model"": ""ExtraTrees"", ""model_params"": {""n_estimators"": 100, ""min_samples_leaf"": 1, ""max_depth"": 10}}, ""holiday"": false, ""mean_rolling_periods"": null, ""macd_periods"": null, ""std_rolling_periods"": null, ""max_rolling_periods"": 420, ""min_rolling_periods"": 7, ""ewm_var_alpha"": null, ""quantile90_rolling_periods"": null, ""quantile10_rolling_periods"": null, ""ewm_alpha"": null, ""additional_lag_periods"": 90, ""abs_energy"": false, ""rolling_autocorr_periods"": null, ""nonzero_last_n"": null, ""add_date_part"": ""expanded"", ""polynomial_degree"": null, ""x_transform"": null, ""regression_type"": null}","{""fillna"": ""ffill_mean_biased"", ""transformations"": {""0"": ""DifferencedTransformer"", ""1"": ""Scaler"", ""2"": ""Scaler""}, ""transformation_params"": {""0"": {""lag"": 1, ""fill"": ""bfill""}, ""1"": {}, ""2"": {}}}",0,1,67.9985396335263,2.660828757231211,3.264747157408372,0.7914419337830053,2.660828757231211,0.0,-234.62371891087585,2.646470119686256,4.850869239933098,1.159711377599959,15.462401266333668,1.0,0.45555555555555555,6.5224939867013685,0.6777777777777778,3.1473707627623315,2.1119249882831714,14.86681388728424,25.17544235050896,0.2913005579847041,229.7728496709428,87.8176373396808,12.171622895444145,0.4231843607615051,67.9985396335263,2.660828757231211,3.264747157408372,0.7914419337830053,2.660828757231211,0.0,2.646470119686256,1.159711377599959,15.462401266333668,6.5224939867013685,0.6777777777777778,3.1473707627623315,2.1119249882831714,14.86681388728424,25.17544235050896,0.2913005579847041,229.7728496709428,87.8176373396808,12.171622895444145,0.4231843607615051,1.0,0.45555555555555555,3.8775,236.23687188894115,38.55197529470647,Wh,38.55197529470647,Wh
54,3c9ce12d889d8b6b27b9432930679d70,DatepartRegression,"{""regression_model"": {""model"": ""Adaboost"", ""model_params"": {""n_estimators"": 200, ""loss"": ""linear"", ""estimator"": null, ""learning_rate"": 1, ""max_depth"": 3}}, ""datepart_method"": ""common_fourier"", ""polynomial_degree"": null, ""holiday_countries_used"": false, ""lags"": null, ""forward_lags"": null, ""regression_type"": null}","{""fillna"": ""linear"", ""transformations"": {""0"": ""DifferencedTransformer"", ""1"": ""Scaler""}, ""transformation_params"": {""0"": {""lag"": 1, ""fill"": ""bfill""}, ""1"": {}}}",0,1,44.29147764966167,3.5272806716399727,3.8505806732958994,0.8642372532574345,3.5272806716399727,0.0,-0.30214773637277137,1.439792104101303,317.15311271122476,3.5268569746374476,16.12710896287339,1.0,0.5,7.368509661267394,0.28888888888888886,4.231546788021879,3.084968435484104,16.885168196019052,30.127426729479758,0.4778974270637962,316.850964974852,166.29148524138213,3.836165617918733,0.5835605610565983,44.29147764966167,3.5272806716399727,3.8505806732958994,0.8642372532574345,3.5272806716399727,0.0,1.439792104101303,3.5268569746374476,16.12710896287339,7.368509661267394,0.28888888888888886,4.231546788021879,3.084968435484104,16.885168196019052,30.127426729479758,0.4778974270637962,316.850964974852,166.29148524138213,3.836165617918733,0.5835605610565983,1.0,0.5,0.7021,233.4713413781101,51.105745509177716,Wh,51.105745509177716,Wh
55,bee7ab577ca610ffc93c16c52083e74e,DatepartRegression,"{""regression_model"": {""model"": ""Adaboost"", ""model_params"": {""n_estimators"": 50, ""loss"": ""linear"", ""estimator"": null, ""learning_rate"": 0.8, ""max_depth"": 3}}, ""datepart_method"": ""expanded"", ""polynomial_degree"": null, ""holiday_countries_used"": false, ""lags"": null, ""forward_lags"": null, ""regression_type"": null}","{""fillna"": ""zero"", ""transformations"": {""0"": ""DifferencedTransformer"", ""1"": ""Scaler""}, ""transformation_params"": {""0"": {""lag"": 1, ""fill"": ""bfill""}, ""1"": {}}}",0,1,58.062864489397775,2.4264060151585713,2.94990468977259,0.6651983569672224,2.4264060151585713,0.0,-213.76319000984967,2.4106527473763957,4.613351354421764,1.1078819852383561,15.487914845062049,1.0,0.5111111111111111,5.673730574188184,0.7,2.927588529845938,1.945474780865757,13.39176550970252,20.017582200138058,0.15855060859383777,209.14983865542789,81.47396979991012,18.747950477595975,0.3852019109373568,58.062864489397775,2.4264060151585713,2.94990468977259,0.6651983569672224,2.4264060151585713,0.0,2.4106527473763957,1.1078819852383561,15.487914845062049,5.673730574188184,0.7,2.927588529845938,1.945474780865757,13.39176550970252,20.017582200138058,0.15855060859383777,209.14983865542789,81.47396979991012,18.747950477595975,0.3852019109373568,1.0,0.5111111111111111,0.1936,227.47806536196208,35.15549224921131,Wh,35.15549224921131,Wh
56,17f739b3e6f027fb4c5cc52a31efc69e,RollingRegression,"{""regression_model"": {""model"": ""Ridge"", ""model_params"": {""alpha"": 0.1}}, ""holiday"": false, ""mean_rolling_periods"": null, ""macd_periods"": null, ""std_rolling_periods"": null, ""max_rolling_periods"": 28, ""min_rolling_periods"": null, ""ewm_var_alpha"": null, ""quantile90_rolling_periods"": null, ""quantile10_rolling_periods"": null, ""ewm_alpha"": null, ""additional_lag_periods"": 2, ""abs_energy"": false, ""rolling_autocorr_periods"": null, ""nonzero_last_n"": null, ""add_date_part"": null, ""polynomial_degree"": null, ""x_transform"": null, ""regression_type"": null}","{""fillna"": ""cubic"", ""transformations"": {""0"": ""Scaler"", ""1"": ""Scaler"", ""2"": ""DifferencedTransformer"", ""3"": ""Scaler""}, ""transformation_params"": {""0"": {}, ""1"": {}, ""2"": {""lag"": 1, ""fill"": ""bfill""}, ""3"": {}}}",0,1,52.97947083545598,2.2689644656947534,2.7713799262363135,0.6384308275645529,2.2689644656947534,0.0,-202.13465883720158,2.2622163066665064,2.0721430753262045,1.0574142417919343,15.49968559200267,1.0,0.5333333333333333,5.322515092764941,0.7,2.803505290714247,1.8071901556481196,12.626272137724934,17.961682096452197,0.002039862855385239,200.06251576187537,79.62151033023773,24.095716910018464,0.3684653254998314,52.97947083545598,2.2689644656947534,2.7713799262363135,0.6384308275645529,2.2689644656947534,0.0,2.2622163066665064,1.0574142417919343,15.49968559200267,5.322515092764941,0.7,2.803505290714247,1.8071901556481196,12.626272137724934,17.961682096452197,0.002039862855385239,200.06251576187537,79.62151033023773,24.095716910018464,0.3684653254998314,1.0,0.5333333333333333,0.4439,222.75685689630967,32.874367352017494,Wh,32.874367352017494,Wh
57,b08583d7a6f91de606243f148620c229,RollingRegression,"{""regression_model"": {""model"": ""ExtraTrees"", ""model_params"": {""n_estimators"": 100, ""min_samples_leaf"": 1, ""max_depth"": 10}}, ""holiday"": false, ""mean_rolling_periods"": null, ""macd_periods"": null, ""std_rolling_periods"": null, ""max_rolling_periods"": 420, ""min_rolling_periods"": 7, ""ewm_var_alpha"": null, ""quantile90_rolling_periods"": null, ""quantile10_rolling_periods"": null, ""ewm_alpha"": null, ""additional_lag_periods"": 9, ""abs_energy"": false, ""rolling_autocorr_periods"": null, ""nonzero_last_n"": null, ""add_date_part"": ""expanded"", ""polynomial_degree"": null, ""x_transform"": null, ""regression_type"": null}","{""fillna"": ""ffill"", ""transformations"": {""0"": ""DifferencedTransformer"", ""1"": ""Scaler""}, ""transformation_params"": {""0"": {""lag"": 1, ""fill"": ""zero""}, ""1"": {}}}",0,1,71.44191353523979,2.773334225438703,3.3525344996926525,0.7649956454502433,2.773334225438703,0.0,-242.19528474607995,2.747800516859597,7.404795543403362,1.2104817628891706,13.856318575942144,1.0,0.4444444444444444,6.626116344248601,0.6666666666666666,3.2037557582183007,2.220929217292971,15.294531889358321,25.817536578785354,0.2731124130426606,234.79048920267655,89.91635267134,12.171955282913547,0.4324256030614953,71.44191353523979,2.773334225438703,3.3525344996926525,0.7649956454502433,2.773334225438703,0.0,2.747800516859597,1.2104817628891706,13.856318575942144,6.626116344248601,0.6666666666666666,3.2037557582183007,2.220929217292971,15.294531889358321,25.817536578785354,0.2731124130426606,234.79048920267655,89.91635267134,12.171955282913547,0.4324256030614953,1.0,0.4444444444444444,4.5968,222.24836451073153,40.18203435772107,Wh,40.18203435772107,Wh
58,449b5a526abead4c3b4ae129f860e7fe,RollingRegression,"{""regression_model"": {""model"": ""ExtraTrees"", ""model_params"": {""n_estimators"": 100, ""min_samples_leaf"": 1, ""max_depth"": 10}}, ""holiday"": false, ""mean_rolling_periods"": null, ""macd_periods"": null, ""std_rolling_periods"": null, ""max_rolling_periods"": 420, ""min_rolling_periods"": 7, ""ewm_var_alpha"": null, ""quantile90_rolling_periods"": null, ""quantile10_rolling_periods"": null, ""ewm_alpha"": null, ""additional_lag_periods"": 9, ""abs_energy"": false, ""rolling_autocorr_periods"": null, ""nonzero_last_n"": null, ""add_date_part"": ""expanded"", ""polynomial_degree"": null, ""x_transform"": null, ""regression_type"": null}","{""fillna"": ""rolling_mean"", ""transformations"": {""0"": ""DifferencedTransformer"", ""1"": ""Scaler"", ""2"": ""Scaler""}, ""transformation_params"": {""0"": {""lag"": 1, ""fill"": ""zero""}, ""1"": {}, ""2"": {}}}",0,1,71.44191353523978,2.773334225438703,3.352534499692652,0.7649956454502433,2.773334225438703,0.0,-242.1952847460799,2.7478005168595967,7.404795543403362,1.2104817628891704,13.856318575942144,1.0,0.4444444444444444,6.626116344248601,0.6666666666666666,3.2037557582183003,2.2209292172929707,15.294531889358321,25.817536578785347,0.2731124130426606,234.79048920267653,89.91635267134,12.171955282913546,0.43242560306149525,71.44191353523978,2.773334225438703,3.352534499692652,0.7649956454502433,2.773334225438703,0.0,2.7478005168595967,1.2104817628891704,13.856318575942144,6.626116344248601,0.6666666666666666,3.2037557582183003,2.2209292172929707,15.294531889358321,25.817536578785347,0.2731124130426606,234.79048920267653,89.91635267134,12.171955282913546,0.43242560306149525,1.0,0.4444444444444444,4.3658,222.24830130502218,40.18203435772107,Wh,40.18203435772107,Wh
59,f5c7b2ca19e315db63429e81e70c81cb,RollingRegression,"{""regression_model"": {""model"": ""Ridge"", ""model_params"": {""alpha"": 0.1}}, ""holiday"": false, ""mean_rolling_periods"": 5, ""macd_periods"": null, ""std_rolling_periods"": null, ""max_rolling_periods"": 28, ""min_rolling_periods"": null, ""ewm_var_alpha"": null, ""quantile90_rolling_periods"": null, ""quantile10_rolling_periods"": null, ""ewm_alpha"": null, ""additional_lag_periods"": 2, ""abs_energy"": false, ""rolling_autocorr_periods"": null, ""nonzero_last_n"": null, ""add_date_part"": null, ""polynomial_degree"": null, ""x_transform"": null, ""regression_type"": null}","{""fillna"": ""ffill"", ""transformations"": {""0"": ""Scaler"", ""1"": ""DifferencedTransformer""}, ""transformation_params"": {""0"": {}, ""1"": {""lag"": 1, ""fill"": ""zero""}}}",0,1,51.10603091766909,2.2184420047117817,2.701442754318946,0.640777400904912,2.2184420047117817,0.0,-197.72283094845778,2.2119941205998424,1.936949475602554,1.046486044700529,13.906757553152353,1.0,0.5222222222222223,5.188431785974147,0.7,2.758206840736246,1.7708141499861119,12.296862734434244,17.082734531431846,0.007047901751190497,195.7858814728552,78.71522871147322,24.062184723865258,0.3605888302985857,51.10603091766909,2.2184420047117817,2.701442754318946,0.640777400904912,2.2184420047117817,0.0,2.2119941205998424,1.046486044700529,13.906757553152353,5.188431785974147,0.7,2.758206840736246,1.7708141499861119,12.296862734434244,17.082734531431846,0.007047901751190497,195.7858814728552,78.71522871147322,24.062184723865258,0.3605888302985857,1.0,0.5222222222222223,0.4796,203.94950244490718,32.14236208397834,Wh,32.14236208397834,Wh
60,423064291be596b844b0acf94658a457,RollingRegression,"{""regression_model"": {""model"": ""ExtraTrees"", ""model_params"": {""n_estimators"": 100, ""min_samples_leaf"": 1, ""max_depth"": 10}}, ""holiday"": false, ""mean_rolling_periods"": 5, ""macd_periods"": 7, ""std_rolling_periods"": null, ""max_rolling_periods"": 420, ""min_rolling_periods"": 7, ""ewm_var_alpha"": null, ""quantile90_rolling_periods"": null, ""quantile10_rolling_periods"": null, ""ewm_alpha"": 0.5, ""additional_lag_periods"": 9, ""abs_energy"": false, ""rolling_autocorr_periods"": null, ""nonzero_last_n"": null, ""add_date_part"": ""expanded"", ""polynomial_degree"": null, ""x_transform"": null, ""regression_type"": null}","{""fillna"": ""median"", ""transformations"": {""0"": ""DifferencedTransformer""}, ""transformation_params"": {""0"": {""lag"": 1, ""fill"": ""bfill""}}}",0,1,32.84284602841903,1.6168189752715907,1.9537664329892783,0.7555938280910114,1.6168189752715907,0.0,-142.87974285258582,1.6092940983039432,2.6339649218573546,0.8734372449725012,15.571901552994744,1.0,0.4,3.899878124077385,0.7111111111111111,2.2779247765353605,1.300912319013887,8.646925053769891,8.820233925307027,0.2271765919041964,140.24577793072845,58.50795884160977,16.580663313740356,0.25829779265962044,32.84284602841903,1.6168189752715907,1.9537664329892783,0.7555938280910114,1.6168189752715907,0.0,1.6092940983039432,0.8734372449725012,15.571901552994744,3.899878124077385,0.7111111111111111,2.2779247765353605,1.300912319013887,8.646925053769891,8.820233925307027,0.2271765919041964,140.24577793072845,58.50795884160977,16.580663313740356,0.25829779265962044,1.0,0.4,4.1243,203.78712439484732,23.42562069102998,Wh,23.42562069102998,Wh
61,197e2f3a45bee602fbd39deb9af8ef1b,RollingRegression,"{""regression_model"": {""model"": ""ExtraTrees"", ""model_params"": {""n_estimators"": 100, ""min_samples_leaf"": 1, ""max_depth"": 10}}, ""holiday"": false, ""mean_rolling_periods"": null, ""macd_periods"": null, ""std_rolling_periods"": null, ""max_rolling_periods"": 420, ""min_rolling_periods"": null, ""ewm_var_alpha"": null, ""quantile90_rolling_periods"": null, ""quantile10_rolling_periods"": null, ""ewm_alpha"": null, ""additional_lag_periods"": 9, ""abs_energy"": false, ""rolling_autocorr_periods"": null, ""nonzero_last_n"": null, ""add_date_part"": null, ""polynomial_degree"": null, ""x_transform"": ""Nystroem"", ""regression_type"": null}","{""fillna"": ""quadratic"", ""transformations"": {""0"": ""DifferencedTransformer"", ""1"": ""Scaler"", ""2"": ""Scaler""}, ""transformation_params"": {""0"": {""lag"": 1, ""fill"": ""bfill""}, ""1"": {}, ""2"": {}}}",0,1,32.377535032017995,1.5354675065659504,1.9764699507517187,0.6820484797948343,1.5354675065659504,0.0,-123.59129993108982,1.487747076012536,14.600775659845723,0.8667253842554824,15.60982465233455,1.0,0.5555555555555556,4.83008867236176,0.5666666666666667,2.2028344571413676,1.111221762862796,8.507208613981316,11.683474571648514,0.0991352259327319,108.99052427124408,34.46951340720609,18.2447008208348,0.20073340000283107,32.377535032017995,1.5354675065659504,1.9764699507517187,0.6820484797948343,1.5354675065659504,0.0,1.487747076012536,0.8667253842554824,15.60982465233455,4.83008867236176,0.5666666666666667,2.2028344571413676,1.111221762862796,8.507208613981316,11.683474571648514,0.0991352259327319,108.99052427124408,34.46951340720609,18.2447008208348,0.20073340000283107,1.0,0.5555555555555556,3.3903,203.47709642935692,22.24694288126687,Wh,22.24694288126687,Wh
62,72cc4c80ff66409c724e7086479e68df,DatepartRegression,"{""regression_model"": {""model"": ""ElasticNet"", ""model_params"": {""l1_ratio"": 0.5, ""fit_intercept"": true, ""selection"": ""random"", ""max_iter"": 1000}}, ""datepart_method"": [""dayofweek"", [365.25, 14]], ""polynomial_degree"": null, ""holiday_countries_used"": false, ""lags"": null, ""forward_lags"": null, ""regression_type"": null}","{""fillna"": ""linear"", ""transformations"": {""0"": ""Scaler"", ""1"": ""Scaler"", ""2"": ""Scaler"", ""3"": ""DifferencedTransformer"", ""4"": ""Scaler"", ""5"": ""Scaler""}, ""transformation_params"": {""0"": {}, ""1"": {}, ""2"": {}, ""3"": {""lag"": 1, ""fill"": ""zero""}, ""4"": {}, ""5"": {}}}",0,1,31.664369794776142,2.325897855891122,2.659988520400557,0.6419535039130915,2.325897855891122,0.0,-0.5337085723876953,1.1184077535227632,208.79709845781326,2.3251135265071006,14.397033947291341,1.0,0.4666666666666667,5.438553690910339,0.3,3.1438279927265316,1.94493694054453,11.990237421789132,13.977144443830635,0.0,208.26338988542557,97.47780979193492,24.9187138574233,0.38356929308621174,31.664369794776142,2.325897855891122,2.659988520400557,0.6419535039130915,2.325897855891122,0.0,1.1184077535227632,2.3251135265071006,14.397033947291341,5.438553690910339,0.3,3.1438279927265316,1.94493694054453,11.990237421789132,13.977144443830635,0.0,208.26338988542557,97.47780979193492,24.9187138574233,0.38356929308621174,1.0,0.4666666666666667,0.7703,196.3020393513471,33.699258712023024,Wh,33.699258712023024,Wh
63,b31aaf3b8ba9de3a15500b8dbbd4e962,DatepartRegression,"{""regression_model"": {""model"": ""ElasticNet"", ""model_params"": {""l1_ratio"": 0.5, ""fit_intercept"": true, ""selection"": ""random"", ""max_iter"": 1000}}, ""datepart_method"": [""dayofweek"", [365.25, 14]], ""polynomial_degree"": null, ""holiday_countries_used"": false, ""lags"": null, ""forward_lags"": null, ""regression_type"": null}","{""fillna"": ""pchip"", ""transformations"": {""0"": ""Scaler"", ""1"": ""DifferencedTransformer"", ""2"": ""Scaler"", ""3"": ""Scaler"", ""4"": ""Scaler""}, ""transformation_params"": {""0"": {}, ""1"": {""lag"": 1, ""fill"": ""zero""}, ""2"": {}, ""3"": {}, ""4"": {}}}",0,1,31.664369794776142,2.325897855891122,2.659988520400557,0.6419535039130915,2.325897855891122,0.0,-0.5337085723876953,1.1184077535227632,208.79709845781326,2.3251135265071006,14.397033947291341,1.0,0.4666666666666667,5.438553690910339,0.3,3.1438279927265316,1.94493694054453,11.990237421789132,13.977144443830635,0.0,208.26338988542557,97.47780979193492,24.9187138574233,0.38356929308621174,31.664369794776142,2.325897855891122,2.659988520400557,0.6419535039130915,2.325897855891122,0.0,1.1184077535227632,2.3251135265071006,14.397033947291341,5.438553690910339,0.3,3.1438279927265316,1.94493694054453,11.990237421789132,13.977144443830635,0.0,208.26338988542557,97.47780979193492,24.9187138574233,0.38356929308621174,1.0,0.4666666666666667,0.1802,196.30187788948967,33.699258712023024,Wh,33.699258712023024,Wh
64,c3f9a5c10111684518386b8331ee582c,RollingRegression,"{""regression_model"": {""model"": ""ExtraTrees"", ""model_params"": {""n_estimators"": 100, ""min_samples_leaf"": 1, ""max_depth"": 10}}, ""holiday"": false, ""mean_rolling_periods"": 5, ""macd_periods"": 28, ""std_rolling_periods"": null, ""max_rolling_periods"": 96, ""min_rolling_periods"": 34, ""ewm_var_alpha"": null, ""quantile90_rolling_periods"": null, ""quantile10_rolling_periods"": null, ""ewm_alpha"": null, ""additional_lag_periods"": 90, ""abs_energy"": false, ""rolling_autocorr_periods"": null, ""nonzero_last_n"": null, ""add_date_part"": null, ""polynomial_degree"": null, ""x_transform"": null, ""regression_type"": null}","{""fillna"": ""rolling_mean_24"", ""transformations"": {""0"": ""Scaler"", ""1"": ""DifferencedTransformer""}, ""transformation_params"": {""0"": {}, ""1"": {""lag"": 1, ""fill"": ""zero""}}}",0,1,42.12332621602471,1.915566361375197,2.3790357780785767,0.7865675255164098,1.915566361375197,0.0,-168.55897561251112,1.9044734614903307,3.841996911256607,0.9477884862981759,13.944474324821144,1.0,0.5333333333333333,4.773353523548141,0.6888888888888889,2.523975627420549,1.5162577447337264,10.713688682383967,12.824192613014322,0.5257878631505946,164.7169787012545,61.7870341969855,8.973408445433087,0.30336764956382856,42.12332621602471,1.915566361375197,2.3790357780785767,0.7865675255164098,1.915566361375197,0.0,1.9044734614903307,0.9477884862981759,13.944474324821144,4.773353523548141,0.6888888888888889,2.523975627420549,1.5162577447337264,10.713688682383967,12.824192613014322,0.5257878631505946,164.7169787012545,61.7870341969855,8.973408445433087,0.30336764956382856,1.0,0.5333333333333333,3.3011,195.6173492442881,27.754084827297405,Wh,27.754084827297405,Wh
65,9e4547f704801ef9dd320e81e6271a19,WindowRegression,"{""window_size"": 10, ""input_dim"": ""univariate"", ""output_dim"": ""1step"", ""normalize_window"": false, ""max_windows"": 5000, ""fourier_encoding_components"": null, ""scale"": false, ""datepart_method"": null, ""regression_type"": null, ""regression_model"": {""model"": ""BayesianRidge"", ""model_params"": {}}}","{""fillna"": ""ffill"", ""transformations"": {""0"": ""DifferencedTransformer"", ""1"": ""Scaler"", ""2"": ""Scaler"", ""3"": ""Scaler""}, ""transformation_params"": {""0"": {""lag"": 1, ""fill"": ""bfill""}, ""1"": {}, ""2"": {}, ""3"": {}}}",0,1,74.75536680629676,2.934360628993451,3.4200844630909133,0.6480830338173399,2.934360628993451,0.0,-262.4665274623672,2.9299530576055437,1.625929147043423,1.2584495810317253,10.66475012110334,1.0,0.5111111111111111,6.171964249793705,0.7,3.2549440137433443,2.440031594713934,15.62989418800566,26.120289633626424,0.021786153678971156,260.84059831532375,114.02297466921986,22.73811073992802,0.4804034158813759,74.75536680629676,2.934360628993451,3.4200844630909133,0.6480830338173399,2.934360628993451,0.0,2.9299530576055437,1.2584495810317253,10.66475012110334,6.171964249793705,0.7,3.2549440137433443,2.440031594713934,15.62989418800566,26.120289633626424,0.021786153678971156,260.84059831532375,114.02297466921986,22.73811073992802,0.4804034158813759,1.0,0.5111111111111111,0.128,191.43187175564333,42.51509916497979,Wh,42.51509916497979,Wh
66,f0021e0f42389da1c49bfa68c41c9205,ARIMA,"{""p"": 2, ""d"": 1, ""q"": 2, ""regression_type"": ""Holiday""}","{""fillna"": ""zero"", ""transformations"": {""0"": ""Scaler"", ""1"": ""Scaler"", ""2"": ""DifferencedTransformer"", ""3"": ""Scaler""}, ""transformation_params"": {""0"": {}, ""1"": {}, ""2"": {""lag"": 1, ""fill"": ""bfill""}, ""3"": {}}}",0,1,16.475833339949638,0.9065723209249924,1.1641733503278235,0.6756606553774054,0.9065723209249924,0.0,-60.03874498551705,0.8454953257380734,21.55276389773227,0.6410440610032629,15.823404273828766,1.0,0.4666666666666667,2.8484562017702677,0.45555555555555555,1.818449757928829,0.6537529670447043,4.843549267243256,3.2594746148555176,0.08395007230800924,38.48598108778477,13.699087171381437,24.703852826196226,0.07088159165992707,16.475833339949638,0.9065723209249924,1.1641733503278235,0.6756606553774054,0.9065723209249924,0.0,0.8454953257380734,0.6410440610032629,15.823404273828766,2.8484562017702677,0.45555555555555555,1.818449757928829,0.6537529670447043,4.843549267243256,3.2594746148555176,0.08395007230800924,38.48598108778477,13.699087171381437,24.703852826196226,0.07088159165992707,1.0,0.4666666666666667,0.4874,189.03565480500288,13.135063135567293,Wh,13.135063135567293,Wh
67,9e182b2af7d8401a8fa91dc8bdd2b637,DatepartRegression,"{""regression_model"": {""model"": ""DecisionTree"", ""model_params"": {""max_depth"": 3, ""min_samples_split"": 2}}, ""datepart_method"": ""recurring"", ""polynomial_degree"": null, ""holiday_countries_used"": false, ""lags"": null, ""forward_lags"": null, ""regression_type"": null}","{""fillna"": ""mean"", ""transformations"": {""2"": ""DifferencedTransformer""}, ""transformation_params"": {""2"": {}}}",0,1,17.062117126334467,0.9392179024547221,1.1402631109219072,0.6597869927462673,0.9392179024547221,0.0,-78.96699795543641,0.9243675562955779,5.562613265488571,0.6203074655235796,15.65334281995031,1.0,0.5222222222222223,2.6488141449549163,0.7,1.7221666687924866,0.7454998248468211,4.539550314763311,3.2124142719528215,0.08417225343649964,73.40438468994783,34.731335067547334,24.188004755071002,0.13519259414936657,17.062117126334467,0.9392179024547221,1.1402631109219072,0.6597869927462673,0.9392179024547221,0.0,0.9243675562955779,0.6203074655235796,15.65334281995031,2.6488141449549163,0.7,1.7221666687924866,0.7454998248468211,4.539550314763311,3.2124142719528215,0.08417225343649964,73.40438468994783,34.731335067547334,24.188004755071002,0.13519259414936657,1.0,0.5222222222222223,0.2582,187.7590938767507,13.608055487741463,Wh,13.608055487741463,Wh
68,fa10b6e7f043ab3413f2cfd4c42b7b37,DatepartRegression,"{""regression_model"": {""model"": ""DecisionTree"", ""model_params"": {""max_depth"": 3, ""min_samples_split"": 2}}, ""datepart_method"": ""recurring"", ""polynomial_degree"": null, ""holiday_countries_used"": false, ""lags"": null, ""forward_lags"": null, ""regression_type"": null}","{""fillna"": ""ffill"", ""transformations"": {""0"": ""Scaler"", ""1"": ""DifferencedTransformer"", ""2"": ""Scaler""}, ""transformation_params"": {""0"": {}, ""1"": {""lag"": 1, ""fill"": ""bfill""}, ""2"": {}}}",0,1,17.062117126334467,0.9392179024547221,1.1402631109219072,0.6597869927462673,0.9392179024547221,0.0,-78.96699795543641,0.9243675562955779,5.562613265488571,0.6203074655235796,15.65334281995031,1.0,0.5222222222222223,2.6488141449549163,0.7,1.7221666687924866,0.7454998248468211,4.539550314763311,3.2124142719528215,0.08417225343649964,73.40438468994783,34.731335067547334,24.188004755071002,0.13519259414936657,17.062117126334467,0.9392179024547221,1.1402631109219072,0.6597869927462673,0.9392179024547221,0.0,0.9243675562955779,0.6203074655235796,15.65334281995031,2.6488141449549163,0.7,1.7221666687924866,0.7454998248468211,4.539550314763311,3.2124142719528215,0.08417225343649964,73.40438468994783,34.731335067547334,24.188004755071002,0.13519259414936657,1.0,0.5222222222222223,0.2125,187.75908137241774,13.608055487741463,Wh,13.608055487741463,Wh
69,c4c804494790d36957216fe16727306e,DatepartRegression,"{""regression_model"": {""model"": ""DecisionTree"", ""model_params"": {""max_depth"": 3, ""min_samples_split"": 2}}, ""datepart_method"": ""recurring"", ""polynomial_degree"": null, ""holiday_countries_used"": false, ""lags"": null, ""forward_lags"": null, ""regression_type"": null}","{""fillna"": ""ffill_mean_biased"", ""transformations"": {""0"": ""Scaler"", ""1"": ""DifferencedTransformer""}, ""transformation_params"": {""0"": {}, ""1"": {""lag"": 1, ""fill"": ""bfill""}}}",0,1,17.062117126334467,0.9392179024547221,1.1402631109219072,0.6597869927462673,0.9392179024547221,0.0,-78.96699795543641,0.9243675562955779,5.562613265488571,0.6203074655235796,15.65334281995031,1.0,0.5222222222222223,2.6488141449549163,0.7,1.7221666687924866,0.7454998248468211,4.539550314763311,3.2124142719528215,0.08417225343649964,73.40438468994783,34.731335067547334,24.188004755071002,0.13519259414936657,17.062117126334467,0.9392179024547221,1.1402631109219072,0.6597869927462673,0.9392179024547221,0.0,0.9243675562955779,0.6203074655235796,15.65334281995031,2.6488141449549163,0.7,1.7221666687924866,0.7454998248468211,4.539550314763311,3.2124142719528215,0.08417225343649964,73.40438468994783,34.731335067547334,24.188004755071002,0.13519259414936657,1.0,0.5222222222222223,0.1964,187.75907696717132,13.608055487741463,Wh,13.608055487741463,Wh
70,871aceab272124196945da45d860a685,DatepartRegression,"{""regression_model"": {""model"": ""RandomForest"", ""model_params"": {""n_estimators"": 100, ""min_samples_leaf"": 2, ""bootstrap"": true}}, ""datepart_method"": ""expanded"", ""polynomial_degree"": null, ""holiday_countries_used"": false, ""lags"": null, ""forward_lags"": null, ""regression_type"": null}","{""fillna"": ""ffill"", ""transformations"": {""0"": ""Scaler"", ""1"": ""Scaler"", ""2"": ""DifferencedTransformer""}, ""transformation_params"": {""0"": {}, ""1"": {}, ""2"": {""lag"": 1, ""fill"": ""bfill""}}}",0,1,13.756205638503163,0.8688918394767099,1.076372858598685,0.7745653205785104,0.8688918394767099,0.0,-0.5071931578327762,0.5730601980363034,77.69307239507111,0.8685309560193831,15.835168930956856,1.0,0.45555555555555555,2.7387037867988866,0.3111111111111111,1.871519681584576,0.6530924591088577,3.6243557287550527,1.790595202476937,0.3447686495674088,77.18587923723834,48.67290978939161,11.659779180566636,0.14215716526823458,13.756205638503163,0.8688918394767099,1.076372858598685,0.7745653205785104,0.8688918394767099,0.0,0.5730601980363034,0.8685309560193831,15.835168930956856,2.7387037867988866,0.3111111111111111,1.871519681584576,0.6530924591088577,3.6243557287550527,1.790595202476937,0.3447686495674088,77.18587923723834,48.67290978939161,11.659779180566636,0.14215716526823458,1.0,0.45555555555555555,0.3026,186.95298313369358,12.589121580351101,Wh,12.589121580351101,Wh
71,fe6d074668b3cf1626a80bdac2e070cf,DatepartRegression,"{""regression_model"": {""model"": ""DecisionTree"", ""model_params"": {""max_depth"": 3, ""min_samples_split"": 1.0}}, ""datepart_method"": ""recurring"", ""polynomial_degree"": null, ""holiday_countries_used"": false, ""lags"": null, ""forward_lags"": null, ""regression_type"": null}","{""fillna"": ""linear"", ""transformations"": {""0"": ""Scaler"", ""1"": ""DifferencedTransformer""}, ""transformation_params"": {""0"": {}, ""1"": {""lag"": 1, ""fill"": ""bfill""}}}",0,1,16.128637124965405,0.8918256510944925,1.117615325294264,0.634352315101975,0.8918256510944925,0.0,-75.5101705665021,0.8796462953375223,4.754138032002221,0.5858921948189562,15.656598520204572,1.0,0.5333333333333333,2.3513461298017404,0.7,1.720012703050124,0.6930127585393111,4.684178072485785,2.8659668634949864,0.0,70.7560325344999,27.414140098531576,25.980532321368436,0.130314989090372,16.128637124965405,0.8918256510944925,1.117615325294264,0.634352315101975,0.8918256510944925,0.0,0.8796462953375223,0.5858921948189562,15.656598520204572,2.3513461298017404,0.7,1.720012703050124,0.6930127585393111,4.684178072485785,2.8659668634949864,0.0,70.7560325344999,27.414140098531576,25.980532321368436,0.130314989090372,1.0,0.5333333333333333,0.247,186.82589096459225,12.921402918073174,Wh,12.921402918073174,Wh
72,1c6228b23499393b53af70471c557c1e,RollingRegression,"{""regression_model"": {""model"": ""ExtraTrees"", ""model_params"": {""n_estimators"": 100, ""min_samples_leaf"": 1, ""max_depth"": 10}}, ""holiday"": false, ""mean_rolling_periods"": null, ""macd_periods"": null, ""std_rolling_periods"": null, ""max_rolling_periods"": 28, ""min_rolling_periods"": null, ""ewm_var_alpha"": null, ""quantile90_rolling_periods"": null, ""quantile10_rolling_periods"": null, ""ewm_alpha"": null, ""additional_lag_periods"": 90, ""abs_energy"": false, ""rolling_autocorr_periods"": null, ""nonzero_last_n"": null, ""add_date_part"": null, ""polynomial_degree"": null, ""x_transform"": null, ""regression_type"": null}","{""fillna"": ""ffill"", ""transformations"": {""0"": ""DifferencedTransformer""}, ""transformation_params"": {""0"": {""lag"": 1, ""fill"": ""bfill""}}}",0,1,11.47875926805133,0.664229125374594,0.7864640080095199,0.6578358404840658,0.664229125374594,0.0,-52.66149266107914,0.6456812701186462,7.1191286226343165,0.49537805232105697,15.687672572741656,1.0,0.4777777777777778,1.551261768852167,0.7,1.5286037856386212,0.5455022657695743,2.9980733598883123,1.1498731247346394,0.1085897069373725,45.54236403844482,23.410266654137626,23.352674665455858,0.08387769155832636,11.47875926805133,0.664229125374594,0.7864640080095199,0.6578358404840658,0.664229125374594,0.0,0.6456812701186462,0.49537805232105697,15.687672572741656,1.551261768852167,0.7,1.5286037856386212,0.5455022657695743,2.9980733598883123,1.1498731247346394,0.1085897069373725,45.54236403844482,23.410266654137626,23.352674665455858,0.08387769155832636,1.0,0.4777777777777778,3.0681,181.7489227984121,9.623822939328184,Wh,9.623822939328184,Wh
73,9c798b2135b844f2a5908023f3cf56a6,DatepartRegression,"{""regression_model"": {""model"": ""RandomForest"", ""model_params"": {""n_estimators"": 100, ""min_samples_leaf"": 2, ""bootstrap"": true}}, ""datepart_method"": ""expanded"", ""polynomial_degree"": null, ""holiday_countries_used"": false, ""lags"": null, ""forward_lags"": null, ""regression_type"": null}","{""fillna"": ""ffill"", ""transformations"": {""0"": ""Scaler"", ""1"": ""DifferencedTransformer""}, ""transformation_params"": {""0"": {}, ""1"": {""lag"": 1, ""fill"": ""zero""}}}",0,1,21.957936585155124,1.4711754951686575,1.6467702871582335,0.7851722812801751,1.4711754951686575,0.0,0.0,0.8623928403203865,132.40579456517918,1.4711754951686575,14.303080346526857,1.0,0.4777777777777778,3.681231159567835,0.3,2.3253647859655073,1.2191848658733115,6.552485275198439,4.3986195516359405,0.3555038620939871,132.40579456517918,77.0511731085237,11.313175422278887,0.24385849596428782,21.957936585155124,1.4711754951686575,1.6467702871582335,0.7851722812801751,1.4711754951686575,0.0,0.8623928403203865,1.4711754951686575,14.303080346526857,3.681231159567835,0.3,2.3253647859655073,1.2191848658733115,6.552485275198439,4.3986195516359405,0.3555038620939871,132.40579456517918,77.0511731085237,11.313175422278887,0.24385849596428782,1.0,0.4777777777777778,0.2998,181.07507286938116,21.31543459524903,Wh,21.31543459524903,Wh
74,dc05dc7672bb2f0ee4a95bf4cc8efbc2,DatepartRegression,"{""regression_model"": {""model"": ""RandomForest"", ""model_params"": {""n_estimators"": 100, ""min_samples_leaf"": 2, ""bootstrap"": true}}, ""datepart_method"": ""expanded"", ""polynomial_degree"": null, ""holiday_countries_used"": false, ""lags"": null, ""forward_lags"": null, ""regression_type"": null}","{""fillna"": ""median"", ""transformations"": {""0"": ""Scaler"", ""1"": ""Scaler"", ""2"": ""DifferencedTransformer""}, ""transformation_params"": {""0"": {}, ""1"": {}, ""2"": {""lag"": 1, ""fill"": ""zero""}}}",0,1,21.957936585155124,1.4711754951686573,1.6467702871582333,0.785172281280175,1.4711754951686573,0.0,0.0,0.8623928403203862,132.40579456517915,1.4711754951686573,14.303080346526857,1.0,0.4777777777777778,3.681231159567835,0.3,2.3253647859655073,1.2191848658733115,6.552485275198437,4.39861955163594,0.3555038620939871,132.40579456517915,77.05117310852364,11.313175422278887,0.24385849596428777,21.957936585155124,1.4711754951686573,1.6467702871582333,0.785172281280175,1.4711754951686573,0.0,0.8623928403203862,1.4711754951686573,14.303080346526857,3.681231159567835,0.3,2.3253647859655073,1.2191848658733115,6.552485275198437,4.39861955163594,0.3555038620939871,132.40579456517915,77.05117310852364,11.313175422278887,0.24385849596428777,1.0,0.4777777777777778,0.285,181.07506881983787,21.315434595249027,Wh,21.315434595249027,Wh
75,37d7b3e5fcfd67cfc8a694fcfd3f1dc2,DatepartRegression,"{""regression_model"": {""model"": ""DecisionTree"", ""model_params"": {""max_depth"": null, ""min_samples_split"": 1.0}}, ""datepart_method"": ""simple_2"", ""polynomial_degree"": null, ""holiday_countries_used"": false, ""lags"": 1, ""forward_lags"": null, ""regression_type"": null}","{""fillna"": ""ffill"", ""transformations"": {""0"": ""Scaler"", ""1"": ""DifferencedTransformer""}, ""transformation_params"": {""0"": {}, ""1"": {""lag"": 1, ""fill"": ""bfill""}}}",0,1,9.271870687849512,0.5399190839206914,0.6657800820832016,0.6345658084951445,0.5399190839206914,0.0,-36.06397696082594,0.5058581588584153,12.52874059203629,0.4342547526862783,15.713915368545749,1.0,0.5333333333333333,1.7325291430696481,0.7,1.4471272103266377,0.423654351318098,2.6055629294474847,0.9114047627465685,0.0,23.53523636878965,7.7929634875812415,26.668838755260406,0.04334604359201055,9.271870687849512,0.5399190839206914,0.6657800820832016,0.6345658084951445,0.5399190839206914,0.0,0.5058581588584153,0.4342547526862783,15.713915368545749,1.7325291430696481,0.7,1.4471272103266377,0.423654351318098,2.6055629294474847,0.9114047627465685,0.0,23.53523636878965,7.7929634875812415,26.668838755260406,0.04334604359201055,1.0,0.5333333333333333,0.2019,179.45759612508786,7.822730841991701,Wh,7.822730841991701,Wh
76,1fbe1a25220f8f1354d8b783e1c91546,ARIMA,"{""p"": 4, ""d"": 0, ""q"": 2, ""regression_type"": null}","{""fillna"": ""nearest"", ""transformations"": {""0"": ""DifferencedTransformer"", ""1"": ""Scaler"", ""2"": ""Scaler""}, ""transformation_params"": {""0"": {""lag"": 1, ""fill"": ""bfill""}, ""1"": {}, ""2"": {}}}",0,1,7.298437403992636,0.43035326782503625,0.6259860364092636,0.6377289871604485,0.43035326782503625,0.0,-6.043424774922167,0.3248476945240379,32.688369329331096,0.42287217945405314,15.82792339916356,1.0,0.5222222222222223,1.8528667391609819,0.7,1.377259142445853,0.25661953674881144,1.8822538979340373,0.609730877802253,0.0021865702739010595,26.644944554408923,15.06832960065418,27.287101622529242,0.04907335155102627,7.298437403992636,0.43035326782503625,0.6259860364092636,0.6377289871604485,0.43035326782503625,0.0,0.3248476945240379,0.42287217945405314,15.82792339916356,1.8528667391609819,0.7,1.377259142445853,0.25661953674881144,1.8822538979340373,0.609730877802253,0.0021865702739010595,26.644944554408923,15.06832960065418,27.287101622529242,0.04907335155102627,1.0,0.5222222222222223,0.1217,178.7038019889393,6.23526354490062,Wh,6.23526354490062,Wh
77,fbda979c7f4bc1858bfbd2878098175f,ARIMA,"{""p"": 2, ""d"": 0, ""q"": 4, ""regression_type"": null}","{""fillna"": ""ffill"", ""transformations"": {""0"": ""DifferencedTransformer""}, ""transformation_params"": {""0"": {""lag"": 1, ""fill"": ""zero""}}}",0,1,18.216545944219995,1.1810816144145977,1.313551497241906,0.6409765631281428,1.1810816144145977,0.0,-0.027299021994691586,0.7474296900708565,106.27004627531909,1.1810775480504825,14.410315891849182,1.0,0.4777777777777778,2.7732239699032624,0.3,2.0627128924984404,0.9770302995395453,4.918572666133864,2.5864693593842083,0.01092718812023375,106.2427472533244,65.9530288231582,26.410403828486558,0.19567267911039857,18.216545944219995,1.1810816144145977,1.313551497241906,0.6409765631281428,1.1810816144145977,0.0,0.7474296900708565,1.1810775480504825,14.410315891849182,2.7732239699032624,0.3,2.0627128924984404,0.9770302995395453,4.918572666133864,2.5864693593842083,0.01092718812023375,106.2427472533244,65.9530288231582,26.410403828486558,0.19567267911039857,1.0,0.4777777777777778,0.4254,177.0948820893698,17.112348585455038,Wh,17.112348585455038,Wh
78,f94d0e1e488eb38699b001a9d6c1b3c4,ARIMA,"{""p"": 1, ""d"": 0, ""q"": 0, ""regression_type"": null}","{""fillna"": ""ffill"", ""transformations"": {""0"": ""Scaler"", ""1"": ""Scaler""}, ""transformation_params"": {""0"": {}, ""1"": {}}}",0,2,102.40267175646639,4.2763715642503835,4.517904547752742,0.622584965651799,4.2763715642503835,0.0,-768.9864379172985,4.2756331835552865,0.7604436477703915,1.5830113325945743,1.287224156242965,0.9944444444444445,0.5166666666666666,7.773923457013808,0.3722222222222222,4.215293908693615,3.9528880669158806,19.383915686334284,32.83013507457075,0.0015923849840447596,384.1129971347641,157.59414976669575,25.78427738084997,0.6321953243019142,102.40267175646639,4.2763715642503835,4.517904547752742,0.622584965651799,4.2763715642503835,0.0,4.2756331835552865,1.5830113325945743,1.287224156242965,7.773923457013808,0.3722222222222222,4.215293908693615,3.9528880669158806,19.383915686334284,32.83013507457075,0.0015923849840447596,384.1129971347641,157.59414976669575,25.78427738084997,0.6321953243019142,0.9944444444444445,0.5166666666666666,0.03365,120.27422950964831,79.40681886526518,Wh,79.40681886526518,Wh
79,c26d4e5899917b275a1c4bcbf8f406c4,WindowRegression,"{""window_size"": 10, ""input_dim"": ""univariate"", ""output_dim"": ""1step"", ""normalize_window"": false, ""max_windows"": 5000000, ""fourier_encoding_components"": null, ""scale"": true, ""datepart_method"": null, ""regression_type"": null, ""regression_model"": {""model"": ""HistGradientBoost"", ""model_params"": {""loss"": ""squared_error"", ""learning_rate"": 0.01, ""max_depth"": 20, ""min_samples_leaf"": 20, ""max_iter"": 250, ""l2_regularization"": 0}}}","{""fillna"": ""ffill"", ""transformations"": {""0"": ""Scaler"", ""1"": ""DifferencedTransformer""}, ""transformation_params"": {""0"": {}, ""1"": {""lag"": 1, ""fill"": ""zero""}}}",0,1,7.406999105936033,0.4350540745091601,0.5735404495249695,0.6487384772253656,0.4350540745091601,0.0,-16.140945042719682,0.3631845652770459,23.013921663104732,0.4045505991828326,10.182789256596251,1.0,0.6,1.6656142022526446,0.7,1.370864340823891,0.2959141584586858,1.8174423615546733,0.5070415865230004,0.1088921349958092,6.87297662038505,3.058497869084228,21.543151518330564,0.012658311118096528,7.406999105936033,0.4350540745091601,0.5735404495249695,0.6487384772253656,0.4350540745091601,0.0,0.3631845652770459,0.4045505991828326,10.182789256596251,1.6656142022526446,0.7,1.370864340823891,0.2959141584586858,1.8174423615546733,0.5070415865230004,0.1088921349958092,6.87297662038505,3.058497869084228,21.543151518330564,0.012658311118096528,1.0,0.6,1.3983,118.17738400471434,6.303372168072641,Wh,6.303372168072641,Wh
80,7c627daf8e37645b297651c6573b795b,WindowRegression,"{""window_size"": 10, ""input_dim"": ""univariate"", ""output_dim"": ""forecast_length"", ""normalize_window"": false, ""max_windows"": 5000, ""fourier_encoding_components"": null, ""scale"": false, ""datepart_method"": null, ""regression_type"": null, ""regression_model"": {""model"": ""RANSAC"", ""model_params"": {}}}","{""fillna"": ""ffill"", ""transformations"": {""0"": null}, ""transformation_params"": {""0"": {}}}",0,1,64.4054805255996,3.6343897558602167,4.453805264882831,5.104297693063588,3.6343897558602167,0.0,-132.48254730461704,2.2419791671622216,194.61253072280246,2.7665227954319653,3.748941979492112,0.17777777777777778,0.5,11.250903992133416,0.4444444444444444,4.571380485282579,2.7776490084541674,14.310214779100175,26.78040202040489,1.950787964553781,62.12998341818542,44.923415150047376,207.51633263077858,0.11442795506345092,64.4054805255996,3.6343897558602167,4.453805264882831,5.104297693063588,3.6343897558602167,0.0,2.2419791671622216,2.7665227954319653,3.748941979492112,11.250903992133416,0.4444444444444444,4.571380485282579,2.7776490084541674,14.310214779100175,26.78040202040489,1.950787964553781,62.12998341818542,44.923415150047376,207.51633263077858,0.11442795506345092,0.17777777777777778,0.5,0.0973,117.34707696925675,52.65761793143546,Wh,52.65761793143546,Wh
81,6acb1b70299ac9b39ccd151e7835c6f4,DatepartRegression,"{""regression_model"": {""model"": ""ElasticNet"", ""model_params"": {""l1_ratio"": 0.5, ""fit_intercept"": false, ""selection"": ""cyclic"", ""max_iter"": 1000}}, ""datepart_method"": [""db2_365.25_12_0.5"", ""morlet_7_7_1""], ""polynomial_degree"": null, ""holiday_countries_used"": true, ""lags"": null, ""forward_lags"": null, ""regression_type"": null}","{""fillna"": ""ffill"", ""transformations"": {""0"": null}, ""transformation_params"": {""0"": {}}}",0,1,85.95017787278148,3.642318770489446,3.683905722256613,0.697099894372188,3.642318770489446,0.0,-327.80868934405015,3.642318770489446,0.0,1.5272870745572606,1.6973925899917257,0.1111111111111111,0.4777777777777778,4.618178188666922,0.7,3.3677418115590196,3.5334056474114286,14.119835708472108,42.31719047674554,0.08491034964513341,327.80868934405015,220.02703610690122,21.19727824832954,0.6037419601610647,85.95017787278148,3.642318770489446,3.683905722256613,0.697099894372188,3.642318770489446,0.0,3.642318770489446,1.5272870745572606,1.6973925899917257,4.618178188666922,0.7,3.3677418115590196,3.5334056474114286,14.119835708472108,42.31719047674554,0.08491034964513341,327.80868934405015,220.02703610690122,21.19727824832954,0.6037419601610647,0.1111111111111111,0.4777777777777778,0.5763,107.76632522322745,52.772499122217354,Wh,52.772499122217354,Wh
82,a956865733533fa82862a88f1b1f0189,ARIMA,"{""p"": 1, ""d"": 0, ""q"": 0, ""regression_type"": null}","{""fillna"": ""ffill"", ""transformations"": {""0"": ""Scaler"", ""1"": ""Scaler"", ""2"": ""Scaler""}, ""transformation_params"": {""0"": {}, ""1"": {}, ""2"": {}}}",0,1,74.68200719506518,3.0721433526973416,3.403268355520889,0.6367624514425277,3.0721433526973416,0.0,-275.7324580949903,3.0706665913071487,0.7604436477703915,1.3217791812439224,1.612828908881377,1.0,0.5333333333333333,5.392319371925773,0.7,3.261593794478613,2.7179359397327625,15.11369018839769,22.533675264504343,0.0011462613204057288,274.9720144472199,135.90488143571542,23.003810502430493,0.5064299647577795,74.68200719506518,3.0721433526973416,3.403268355520889,0.6367624514425277,3.0721433526973416,0.0,3.0706665913071487,1.3217791812439224,1.612828908881377,5.392319371925773,0.7,3.261593794478613,2.7179359397327625,15.11369018839769,22.533675264504343,0.0011462613204057288,274.9720144472199,135.90488143571542,23.003810502430493,0.5064299647577795,1.0,0.5333333333333333,0.0836,95.19844854358179,44.5113930436573,Wh,44.5113930436573,Wh
83,db0e41fb25290810d4a0fb21211c4c5d,ARIMA,"{""p"": 4, ""d"": 0, ""q"": 12, ""regression_type"": null}","{""fillna"": ""cubic"", ""transformations"": {}, ""transformation_params"": {}}",0,2,66.88777242057235,2.90436046044813,3.0646699069550327,0.643606658582064,2.90436046044813,0.0,-494.1107545810118,2.8595682889547556,28.674128299651553,1.1229574621580942,0.8143495234938045,0.9777777777777779,0.5611111111111111,7.488218416927636,0.37222222222222223,3.2328836817099553,2.682986290140503,12.527284417406111,19.488941859876157,0.20937095925450294,249.92993986136221,93.90715259235193,19.318638042312696,0.3866814406424223,66.88777242057235,2.90436046044813,3.0646699069550327,0.643606658582064,2.90436046044813,0.0,2.8595682889547556,1.1229574621580942,0.8143495234938045,7.488218416927636,0.37222222222222223,3.2328836817099553,2.682986290140503,12.527284417406111,19.488941859876157,0.20937095925450294,249.92993986136221,93.90715259235193,19.318638042312696,0.3866814406424223,0.9777777777777779,0.5611111111111111,2.4855,79.20373082620686,77.69944890374005,Wh,77.69944890374005,Wh
84,170ac6ccd9603a4bb51902dd3c980550,ARIMA,"{""p"": 4, ""d"": 0, ""q"": 12, ""regression_type"": null}","{""fillna"": ""cubic"", ""transformations"": {""0"": ""Scaler""}, ""transformation_params"": {""0"": {}}}",0,2,66.88777242057235,2.90436046044813,3.0646699069550327,0.643606658582064,2.90436046044813,0.0,-494.1107545810118,2.8595682889547556,28.674128299651553,1.1229574621580942,0.8143495234938045,0.9777777777777779,0.5611111111111111,7.488218416927636,0.37222222222222223,3.2328836817099553,2.682986290140503,12.527284417406111,19.488941859876157,0.20937095925450294,249.92993986136221,93.90715259235193,19.318638042312696,0.3866814406424223,66.88777242057235,2.90436046044813,3.0646699069550327,0.643606658582064,2.90436046044813,0.0,2.8595682889547556,1.1229574621580942,0.8143495234938045,7.488218416927636,0.37222222222222223,3.2328836817099553,2.682986290140503,12.527284417406111,19.488941859876157,0.20937095925450294,249.92993986136221,93.90715259235193,19.318638042312696,0.3866814406424223,0.9777777777777779,0.5611111111111111,2.29615,79.20367901667846,77.69944890374005,Wh,77.69944890374005,Wh
85,97c383b49aa721c14f12de13046133b3,RollingRegression,"{""regression_model"": {""model"": ""HistGradientBoost"", ""model_params"": {""loss"": ""squared_error"", ""learning_rate"": 1, ""max_depth"": null, ""min_samples_leaf"": 20, ""max_iter"": 100, ""l2_regularization"": 0.01}}, ""holiday"": false, ""mean_rolling_periods"": 12, ""macd_periods"": 7, ""std_rolling_periods"": 7, ""max_rolling_periods"": null, ""min_rolling_periods"": null, ""ewm_var_alpha"": null, ""quantile90_rolling_periods"": null, ""quantile10_rolling_periods"": null, ""ewm_alpha"": null, ""additional_lag_periods"": 2, ""abs_energy"": false, ""rolling_autocorr_periods"": null, ""nonzero_last_n"": null, ""add_date_part"": null, ""polynomial_degree"": null, ""x_transform"": null, ""regression_type"": null}","{""fillna"": ""ffill"", ""transformations"": {""0"": ""Scaler"", ""1"": ""Scaler""}, ""transformation_params"": {""0"": {}, ""1"": {}}}",0,1,24.770962565700625,1.7437513298400538,2.0731042294532784,1.3112859045362766,1.7437513298400538,0.0,-4.781194094362599,0.9306246526658865,152.15642559124223,1.7307832456537287,0.9215511004494343,0.6,0.6,4.068401053965649,0.36666666666666664,2.599635731724111,1.4224867499120766,7.900873067500031,8.12919723970105,0.9682890379341829,147.37523149687962,75.59931837635543,22.638842255546102,0.271428470432435,24.770962565700625,1.7437513298400538,2.0731042294532784,1.3112859045362766,1.7437513298400538,0.0,0.9306246526658865,1.7307832456537287,0.9215511004494343,4.068401053965649,0.36666666666666664,2.599635731724111,1.4224867499120766,7.900873067500031,8.12919723970105,0.9682890379341829,147.37523149687962,75.59931837635543,22.638842255546102,0.271428470432435,0.6,0.6,1.7519,42.62957760075137,25.264706721697472,Wh,25.264706721697472,Wh
86,a54f3dbc216ac77955491bd81e32596f,RollingRegression,"{""regression_model"": {""model"": ""RadiusNeighbors"", ""model_params"": {""radius"": 2.0, ""weights"": ""distance"", ""algorithm"": ""kd_tree"", ""leaf_size"": 20, ""p"": 1.5, ""metric"": ""minkowski""}}, ""holiday"": false, ""mean_rolling_periods"": 12, ""macd_periods"": 7, ""std_rolling_periods"": 7, ""max_rolling_periods"": null, ""min_rolling_periods"": null, ""ewm_var_alpha"": null, ""quantile90_rolling_periods"": null, ""quantile10_rolling_periods"": null, ""ewm_alpha"": 0.2, ""additional_lag_periods"": 2, ""abs_energy"": true, ""rolling_autocorr_periods"": null, ""nonzero_last_n"": null, ""add_date_part"": ""simple_2"", ""polynomial_degree"": null, ""x_transform"": ""Nystroem"", ""regression_type"": null}","{""fillna"": ""nearest"", ""transformations"": {""0"": ""Scaler""}, ""transformation_params"": {""0"": {}}}",0,1,25.215928982685277,1.7109417932521287,1.7981953689433428,0.6501613918501685,1.7109417932521287,0.0,0.0,0.978412600951867,153.98476139269158,1.7109417932521287,0.679714349813634,0.8,0.5333333333333333,3.2693291340234145,0.3,2.462267692872033,1.5121784428241956,6.9055213972887515,6.090648690930115,0.013090717862163483,153.98476139269158,99.3930075183236,25.799044232156334,0.2836015782991777,25.215928982685277,1.7109417932521287,1.7981953689433428,0.6501613918501685,1.7109417932521287,0.0,0.978412600951867,1.7109417932521287,0.679714349813634,3.2693291340234145,0.3,2.462267692872033,1.5121784428241956,6.9055213972887515,6.090648690930115,0.013090717862163483,153.98476139269158,99.3930075183236,25.799044232156334,0.2836015782991777,0.8,0.5333333333333333,2.5859,39.267474834337754,24.789338872289285,Wh,24.789338872289285,Wh
87,afcf8e383f5bb8f0ca5800df6cebd1bf,ARIMA,"{""p"": 4, ""d"": 0, ""q"": 1, ""regression_type"": null}","{""fillna"": ""ffill"", ""transformations"": {""0"": null}, ""transformation_params"": {""0"": {}}}",0,2,24.32297450294586,1.4971563003603847,1.650595067690456,0.6090495932360784,1.4971563003603847,0.0,-193.66198209486532,1.3617861959169324,75.82615197000393,0.9739226916425312,0.7202249298792068,0.9722222222222223,0.5444444444444445,3.948454343876697,0.2944444444444444,2.0682662624344816,1.3006452256340486,6.407802735179659,6.075734155378046,0.07571029219162508,132.94090340035268,58.236260706861685,26.74516232196743,0.21557626105380487,24.32297450294586,1.4971563003603847,1.650595067690456,0.6090495932360784,1.4971563003603847,0.0,1.3617861959169324,0.9739226916425312,0.7202249298792068,3.948454343876697,0.2944444444444444,2.0682662624344816,1.3006452256340486,6.407802735179659,6.075734155378046,0.07571029219162508,132.94090340035268,58.236260706861685,26.74516232196743,0.21557626105380487,0.9722222222222223,0.5444444444444445,0.17405,37.42591834929747,31.42684625163036,Wh,31.42684625163036,Wh
88,7eaedd7c743d5331e3b5970cfc37a7f2,RollingRegression,"{""regression_model"": {""model"": ""RANSAC"", ""model_params"": {}}, ""holiday"": false, ""mean_rolling_periods"": 12, ""macd_periods"": 364, ""std_rolling_periods"": null, ""max_rolling_periods"": null, ""min_rolling_periods"": null, ""ewm_var_alpha"": null, ""quantile90_rolling_periods"": null, ""quantile10_rolling_periods"": null, ""ewm_alpha"": null, ""additional_lag_periods"": 90, ""abs_energy"": false, ""rolling_autocorr_periods"": null, ""nonzero_last_n"": null, ""add_date_part"": ""expanded"", ""polynomial_degree"": null, ""x_transform"": null, ""regression_type"": null}","{""fillna"": ""fake_date"", ""transformations"": {""0"": ""Scaler"", ""1"": ""Scaler""}, ""transformation_params"": {""0"": {}, ""1"": {}}}",0,1,22.121364534365657,1.5023202356547547,1.7597020766028977,1.4253227831256068,1.5023202356547547,0.0,-6.261290350346826,0.8657296785670037,128.9475308585811,1.4816488898612037,0.7400259644789069,0.6666666666666666,0.43333333333333335,3.7701363810974726,0.35555555555555557,2.3731212838567073,1.2377799987789122,6.555101007090976,8.342321886452982,0.9282044084968897,122.68624050823428,65.09265552540356,26.94922081247407,0.22595749819033162,22.121364534365657,1.5023202356547547,1.7597020766028977,1.4253227831256068,1.5023202356547547,0.0,0.8657296785670037,1.4816488898612037,0.7400259644789069,3.7701363810974726,0.35555555555555557,2.3731212838567073,1.2377799987789122,6.555101007090976,8.342321886452982,0.9282044084968897,122.68624050823428,65.09265552540356,26.94922081247407,0.22595749819033162,0.6666666666666666,0.43333333333333335,1.4523,36.632381379392655,21.76668169730962,Wh,21.76668169730962,Wh
89,ea74bd3a34d0cc5e579c78e3ef3e9593,ARIMA,"{""p"": 4, ""d"": 0, ""q"": 0, ""regression_type"": null}","{""fillna"": ""ffill"", ""transformations"": {""0"": ""Scaler"", ""1"": ""Scaler""}, ""transformation_params"": {""0"": {}, ""1"": {}}}",0,2,19.235673976323433,1.1965996118276052,1.3387372124016015,0.6169824440972055,1.1965996118276052,0.0,-205.1445942360067,1.181612758678199,10.243335892962277,0.7342859981016733,1.0417315170347972,0.9944444444444445,0.5166666666666667,3.2948447989573797,0.5722222222222222,1.7445532820388214,1.0392448459691321,5.272125461189685,4.926524578828641,0.04282039236353265,97.45062917152221,37.52145671314227,27.000661875404568,0.15679429640346584,19.235673976323433,1.1965996118276052,1.3387372124016015,0.6169824440972055,1.1965996118276052,0.0,1.181612758678199,0.7342859981016733,1.0417315170347972,3.2948447989573797,0.5722222222222222,1.7445532820388214,1.0392448459691321,5.272125461189685,4.926524578828641,0.04282039236353265,97.45062917152221,37.52145671314227,27.000661875404568,0.15679429640346584,0.9944444444444445,0.5166666666666667,0.09525,34.82003453008336,24.80825152411589,Wh,24.80825152411589,Wh
90,afb6a9149cd86275a00f3406614ed82a,ARIMA,"{""p"": 4, ""d"": 0, ""q"": 0, ""regression_type"": null}","{""fillna"": ""ffill"", ""transformations"": {""0"": null}, ""transformation_params"": {""0"": {}}}",0,2,19.235673976323433,1.1965996118276052,1.3387372124016015,0.6169824440972055,1.1965996118276052,0.0,-205.1445942360067,1.181612758678199,10.243335892962277,0.7342859981016733,1.0417315170347972,0.9944444444444445,0.5166666666666667,3.2948447989573797,0.5722222222222222,1.7445532820388214,1.0392448459691321,5.272125461189685,4.926524578828641,0.04282039236353265,97.45062917152221,37.52145671314227,27.000661875404568,0.15679429640346584,19.235673976323433,1.1965996118276052,1.3387372124016015,0.6169824440972055,1.1965996118276052,0.0,1.181612758678199,0.7342859981016733,1.0417315170347972,3.2948447989573797,0.5722222222222222,1.7445532820388214,1.0392448459691321,5.272125461189685,4.926524578828641,0.04282039236353265,97.45062917152221,37.52145671314227,27.000661875404568,0.15679429640346584,0.9944444444444445,0.5166666666666667,0.09115000000000001,34.820033408250424,24.80825152411589,Wh,24.80825152411589,Wh
91,9bbdf373a962bf77fb51191720d19e75,DatepartRegression,"{""regression_model"": {""model"": ""ElasticNet"", ""model_params"": {""l1_ratio"": 0.1, ""fit_intercept"": true, ""selection"": ""cyclic"", ""max_iter"": 1000}}, ""datepart_method"": ""anchored_warped_fourier:us_school"", ""polynomial_degree"": null, ""holiday_countries_used"": true, ""lags"": null, ""forward_lags"": null, ""regression_type"": null}","{""fillna"": ""linear"", ""transformations"": {""0"": null}, ""transformation_params"": {""0"": {}}}",0,1,20.671160848371358,1.3615520966853005,1.4688417270919725,0.6450392560357137,1.3615520966853005,0.0,0.0,0.8348605429817672,122.53968870167705,1.3615520966853005,0.6120215348188566,0.8444444444444444,0.5444444444444444,2.9179284797249867,0.3,2.189384820480831,1.163159185839505,5.527740960827705,4.042135324277286,0.011199062967539204,122.53968870167705,78.65529184606126,26.222632172733025,0.22568758626355184,20.671160848371358,1.3615520966853005,1.4688417270919725,0.6450392560357137,1.3615520966853005,0.0,0.8348605429817672,1.3615520966853005,0.6120215348188566,2.9179284797249867,0.3,2.189384820480831,1.163159185839505,5.527740960827705,4.042135324277286,0.011199062967539204,122.53968870167705,78.65529184606126,26.222632172733025,0.22568758626355184,0.8444444444444444,0.5444444444444444,1.4544,32.579346988782596,19.727133003661525,Wh,19.727133003661525,Wh
92,4597814533265222b338e51fe9353b43,DatepartRegression,"{""regression_model"": {""model"": ""ElasticNet"", ""model_params"": {""l1_ratio"": 0.1, ""fit_intercept"": true, ""selection"": ""cyclic"", ""max_iter"": 1000}}, ""datepart_method"": ""anchored_warped_fourier:us_school"", ""polynomial_degree"": null, ""holiday_countries_used"": true, ""lags"": null, ""forward_lags"": null, ""regression_type"": null}","{""fillna"": ""linear"", ""transformations"": {}, ""transformation_params"": {}}",0,1,20.671160848371358,1.3615520966853005,1.4688417270919725,0.6450392560357137,1.3615520966853005,0.0,0.0,0.8348605429817672,122.53968870167705,1.3615520966853005,0.6120215348188566,0.8444444444444444,0.5444444444444444,2.9179284797249867,0.3,2.189384820480831,1.163159185839505,5.527740960827705,4.042135324277286,0.011199062967539204,122.53968870167705,78.65529184606126,26.222632172733025,0.22568758626355184,20.671160848371358,1.3615520966853005,1.4688417270919725,0.6450392560357137,1.3615520966853005,0.0,0.8348605429817672,1.3615520966853005,0.6120215348188566,2.9179284797249867,0.3,2.189384820480831,1.163159185839505,5.527740960827705,4.042135324277286,0.011199062967539204,122.53968870167705,78.65529184606126,26.222632172733025,0.22568758626355184,0.8444444444444444,0.5444444444444444,1.445,32.57934441677538,19.727133003661525,Wh,19.727133003661525,Wh
93,ab244aaa0c9f7be4beb6e1d2058ac4cf,ARIMA,"{""p"": 2, ""d"": 1, ""q"": 0, ""regression_type"": ""Holiday""}","{""fillna"": ""ffill"", ""transformations"": {""0"": null}, ""transformation_params"": {""0"": {}}}",0,2,12.061610330156407,0.7934078445996025,1.0039379341655095,0.6406050295903083,0.7934078445996025,0.0,-100.90791414334493,0.7241618283809538,41.9054978845835,0.5827229749975384,1.4704865886738876,0.9944444444444445,0.5444444444444445,2.932081129008912,0.8166666666666667,1.4122944123375198,0.5968746469554602,2.796328510033794,4.095522800906802,0.13493183251896015,59.17999331691622,30.636411983103173,26.093924211919862,0.09546662509885835,12.061610330156407,0.7934078445996025,1.0039379341655095,0.6406050295903083,0.7934078445996025,0.0,0.7241618283809538,0.5827229749975384,1.4704865886738876,2.932081129008912,0.8166666666666667,1.4122944123375198,0.5968746469554602,2.796328510033794,4.095522800906802,0.13493183251896015,59.17999331691622,30.636411983103173,26.093924211919862,0.09546662509885835,0.9944444444444445,0.5444444444444445,0.3401,31.424650285545987,16.3440285438268,Wh,16.3440285438268,Wh
94,bf633bd16857b9a550d53aaf8142999f,WindowRegression,"{""window_size"": 2, ""input_dim"": ""univariate"", ""output_dim"": ""1step"", ""normalize_window"": false, ""max_windows"": 500000, ""fourier_encoding_components"": 2, ""scale"": true, ""datepart_method"": null, ""regression_type"": null, ""regression_model"": {""model"": ""BayesianRidge"", ""model_params"": {}}}","{""fillna"": ""ffill"", ""transformations"": {""0"": null}, ""transformation_params"": {""0"": {}}}",0,2,17.76758993368176,1.2321018982242977,1.4261446299646519,0.6119767845078886,1.2321018982242977,0.0,-3.4677801589004984,0.7549766809455885,218.3105615214731,1.2275553903174792,0.5266444658015108,0.6,0.4666666666666667,4.343081805926616,0.6277777777777778,1.843137238766168,1.0080988610611312,5.347263990381169,2.9347258869847446,0.05930216711756575,107.42139068128631,52.1583007956777,26.128172956827065,0.18387853321506806,17.76758993368176,1.2321018982242977,1.4261446299646519,0.6119767845078886,1.2321018982242977,0.0,0.7549766809455885,1.2275553903174792,0.5266444658015108,4.343081805926616,0.6277777777777778,1.843137238766168,1.0080988610611312,5.347263990381169,2.9347258869847446,0.05930216711756575,107.42139068128631,52.1583007956777,26.128172956827065,0.18387853321506806,0.6,0.4666666666666667,0.3844,28.827512111470995,24.056167078301016,Wh,24.056167078301016,Wh
95,c3e4647c88f9b968f073471b01cc498e,RollingRegression,"{""regression_model"": {""model"": ""ExtraTrees"", ""model_params"": {""n_estimators"": 100, ""min_samples_leaf"": 1, ""max_depth"": 10}}, ""holiday"": false, ""mean_rolling_periods"": null, ""macd_periods"": null, ""std_rolling_periods"": null, ""max_rolling_periods"": null, ""min_rolling_periods"": null, ""ewm_var_alpha"": null, ""quantile90_rolling_periods"": null, ""quantile10_rolling_periods"": null, ""ewm_alpha"": null, ""additional_lag_periods"": 90, ""abs_energy"": false, ""rolling_autocorr_periods"": null, ""nonzero_last_n"": null, ""add_date_part"": null, ""polynomial_degree"": null, ""x_transform"": null, ""regression_type"": null}","{""fillna"": ""ffill"", ""transformations"": {""0"": null}, ""transformation_params"": {""0"": {}}}",0,1,17.040721413954227,1.10074303731199,1.2575239591735192,0.6543860617954949,1.10074303731199,0.0,-0.03452012876669652,0.7022328860209535,99.0323532293124,1.1007365656090011,0.5708552971688119,0.8777777777777778,0.5555555555555556,2.947842717454548,0.3,2.0161995326730238,0.8991222733167733,4.487577394765247,2.4580380434387825,0.2838199667980824,98.99783310054572,63.40990121318007,14.020106664605667,0.1823293516941858,17.040721413954227,1.10074303731199,1.2575239591735192,0.6543860617954949,1.10074303731199,0.0,0.7022328860209535,1.1007365656090011,0.5708552971688119,2.947842717454548,0.3,2.0161995326730238,0.8991222733167733,4.487577394765247,2.4580380434387825,0.2838199667980824,98.99783310054572,63.40990121318007,14.020106664605667,0.1823293516941858,0.8777777777777778,0.5555555555555556,2.861,27.64701309557751,15.948346268036282,Wh,15.948346268036282,Wh
96,1cb5a0599e7f75adc8764cc353c1fa9b,RollingRegression,"{""regression_model"": {""model"": ""ExtraTrees"", ""model_params"": {""n_estimators"": 100, ""min_samples_leaf"": 1, ""max_depth"": 10}}, ""holiday"": false, ""mean_rolling_periods"": null, ""macd_periods"": null, ""std_rolling_periods"": null, ""max_rolling_periods"": 7, ""min_rolling_periods"": null, ""ewm_var_alpha"": null, ""quantile90_rolling_periods"": null, ""quantile10_rolling_periods"": null, ""ewm_alpha"": null, ""additional_lag_periods"": 59, ""abs_energy"": false, ""rolling_autocorr_periods"": null, ""nonzero_last_n"": null, ""add_date_part"": null, ""polynomial_degree"": null, ""x_transform"": null, ""regression_type"": null}","{""fillna"": ""zero"", ""transformations"": {""0"": ""Scaler""}, ""transformation_params"": {""0"": {}}}",0,2,16.28717611857836,1.2136773795092566,1.4527675257930845,0.7347619225839422,1.2136773795092566,0.0,-21.344800661427655,0.7119690711207344,197.11712765023853,1.1805191668808996,0.5032984575041135,0.8444444444444444,0.4444444444444444,4.357860584259033,0.7611111111111111,1.6141409152739583,0.9826801211035616,5.520754566014665,5.701444544772086,0.38129022652590305,87.88616349440544,29.736617716481806,13.742839523778215,0.1398357285428704,16.28717611857836,1.2136773795092566,1.4527675257930845,0.7347619225839422,1.2136773795092566,0.0,0.7119690711207344,1.1805191668808996,0.5032984575041135,4.357860584259033,0.7611111111111111,1.6141409152739583,0.9826801211035616,5.520754566014665,5.701444544772086,0.38129022652590305,87.88616349440544,29.736617716481806,13.742839523778215,0.1398357285428704,0.8444444444444444,0.4444444444444444,2.91635,27.500787932786213,27.64582016109973,Wh,27.64582016109973,Wh
97,ff604641645d58b82b2579f270b7d745,DatepartRegression,"{""regression_model"": {""model"": ""MLP"", ""model_params"": {""hidden_layer_sizes"": [72, 36, 72], ""max_iter"": 250, ""activation"": ""tanh"", ""solver"": ""sgd"", ""early_stopping"": false, ""learning_rate_init"": 0.001, ""alpha"": 0.0}}, ""datepart_method"": ""anchored_warped_fourier:us_school"", ""polynomial_degree"": null, ""holiday_countries_used"": false, ""lags"": null, ""forward_lags"": null, ""regression_type"": null}","{""fillna"": ""ffill"", ""transformations"": {""0"": null}, ""transformation_params"": {""0"": {}}}",0,1,16.832325752034567,0.8623789716922083,1.333123825360491,0.6819745531284543,0.8623789716922083,0.0,-46.32983118558828,0.7616294155873763,31.284276266710478,0.6027677672457384,0.5789710185412383,0.8555555555555555,0.5444444444444444,3.4208393405287936,0.34444444444444444,1.9200570752550359,0.4832988900036703,5.226262048095347,4.824401747575221,0.07062482712066835,15.045554918877809,16.818951103617078,26.666044132400387,0.02771016484221549,16.832325752034567,0.8623789716922083,1.333123825360491,0.6819745531284543,0.8623789716922083,0.0,0.7616294155873763,0.6027677672457384,0.5789710185412383,3.4208393405287936,0.34444444444444444,1.9200570752550359,0.4832988900036703,5.226262048095347,4.824401747575221,0.07062482712066835,15.045554918877809,16.818951103617078,26.666044132400387,0.02771016484221549,0.8555555555555555,0.5444444444444444,0.8049,26.57858362415036,12.494758530025711,Wh,12.494758530025711,Wh
98,032d6424bce97717c20ac2330b8fa066,DatepartRegression,"{""regression_model"": {""model"": ""DecisionTree"", ""model_params"": {""max_depth"": null, ""min_samples_split"": 1.0}}, ""datepart_method"": ""recurring"", ""polynomial_degree"": null, ""holiday_countries_used"": false, ""lags"": null, ""forward_lags"": null, ""regression_type"": null}","{""fillna"": ""ffill"", ""transformations"": {""0"": null}, ""transformation_params"": {""0"": {}}}",0,1,15.882004059921286,1.0121201022393445,1.1524144257233906,0.6399458160788604,1.0121201022393445,0.0,0.0,0.6657043199843454,91.09080920154099,1.0121201022393445,0.5601797002447257,0.8888888888888888,0.5444444444444444,2.568496485279031,0.3,1.937375928306909,0.8137271913935487,4.155679603245141,2.218634278393529,0.007309028894186219,91.09080920154099,57.797655222746634,26.65196364419858,0.16776658303366632,15.882004059921286,1.0121201022393445,1.1524144257233906,0.6399458160788604,1.0121201022393445,0.0,0.6657043199843454,1.0121201022393445,0.5601797002447257,2.568496485279031,0.3,1.937375928306909,0.8137271913935487,4.155679603245141,2.218634278393529,0.007309028894186219,91.09080920154099,57.797655222746634,26.65196364419858,0.16776658303366632,0.8888888888888888,0.5444444444444444,0.217,25.93810017626387,14.664314293344221,Wh,14.664314293344221,Wh
99,9b7cabe5372b3180387ad88b9e444fed,ARIMA,"{""p"": 4, ""d"": 1, ""q"": 0, ""regression_type"": ""Holiday""}","{""fillna"": ""ffill"", ""transformations"": {""0"": null}, ""transformation_params"": {""0"": {}}}",0,2,10.053225197690235,0.6637560448165315,0.8683108279067544,0.6411891781283895,0.6637560448165315,0.0,-77.71014394863975,0.595749827399612,41.76594411833592,0.5173759919127424,1.163388394629602,0.9944444444444445,0.55,2.7365121056892017,0.8111111111111111,1.3726641587623778,0.4764218866439929,2.3339272806523783,3.407852179644679,0.16245393796647262,38.58168478770774,21.092132341718617,24.701572988446642,0.062430659856105505,10.053225197690235,0.6637560448165315,0.8683108279067544,0.6411891781283895,0.6637560448165315,0.0,0.595749827399612,0.5173759919127424,1.163388394629602,2.7365121056892017,0.8111111111111111,1.3726641587623778,0.4764218866439929,2.3339272806523783,3.407852179644679,0.16245393796647262,38.58168478770774,21.092132341718617,24.701572988446642,0.062430659856105505,0.9944444444444445,0.55,0.32355,25.652315093037604,13.005711909354634,Wh,13.005711909354634,Wh
100,434ee14f10623e47223ff1ab2f3fca82,RollingRegression,"{""regression_model"": {""model"": ""BayesianRidge"", ""model_params"": {}}, ""holiday"": false, ""mean_rolling_periods"": 7, ""macd_periods"": null, ""std_rolling_periods"": null, ""max_rolling_periods"": 420, ""min_rolling_periods"": 7, ""ewm_var_alpha"": null, ""quantile90_rolling_periods"": null, ""quantile10_rolling_periods"": null, ""ewm_alpha"": null, ""additional_lag_periods"": 90, ""abs_energy"": false, ""rolling_autocorr_periods"": null, ""nonzero_last_n"": null, ""add_date_part"": null, ""polynomial_degree"": null, ""x_transform"": null, ""regression_type"": null}","{""fillna"": ""ffill"", ""transformations"": {""0"": null}, ""transformation_params"": {""0"": {}}}",0,1,15.471750494649994,0.9834464219481308,1.1266918344253545,0.6585837053069458,0.9834464219481308,0.0,-0.12292946110423131,0.6506939924606564,88.38724851422754,0.9833687708344774,0.5569851644664775,0.8888888888888888,0.5111111111111111,2.542280320107409,0.3,1.9174615638041559,0.7853260412741302,4.106076831454547,2.213401227175901,0.10198085888733575,88.2643190531233,54.8232233494779,22.45086128876419,0.16256089215952776,15.471750494649994,0.9834464219481308,1.1266918344253545,0.6585837053069458,0.9834464219481308,0.0,0.6506939924606564,0.9833687708344774,0.5569851644664775,2.542280320107409,0.3,1.9174615638041559,0.7853260412741302,4.106076831454547,2.213401227175901,0.10198085888733575,88.2643190531233,54.8232233494779,22.45086128876419,0.16256089215952776,0.8888888888888888,0.5111111111111111,0.5203,25.391570094321935,14.248869664977587,Wh,14.248869664977587,Wh
101,124341b65f9609b1fb41cd7192eda607,DatepartRegression,"{""regression_model"": {""model"": ""Adaboost"", ""model_params"": {""n_estimators"": 50, ""loss"": ""linear"", ""estimator"": ""LinReg"", ""learning_rate"": 1}}, ""datepart_method"": ""simple_2"", ""polynomial_degree"": 2, ""holiday_countries_used"": false, ""lags"": null, ""forward_lags"": null, ""regression_type"": null}","{""fillna"": ""fake_date"", ""transformations"": {""0"": ""Scaler""}, ""transformation_params"": {""0"": {}}}",0,1,14.854000624734843,0.9574391572316345,1.2024524310472136,0.8079589155571315,0.9574391572316345,0.0,-2.225179808196117,0.6077615626010484,83.944344342651,0.9545112186492994,0.5677286503206675,0.8777777777777778,0.5,3.2222248965490508,0.37777777777777777,1.9268006193420253,0.7255402771143712,4.186867214394716,2.0429040946316386,0.3542609474582597,81.71916453445488,47.92550110572675,9.458035191980619,0.15050634770384205,14.854000624734843,0.9574391572316345,1.2024524310472136,0.8079589155571315,0.9574391572316345,0.0,0.6077615626010484,0.9545112186492994,0.5677286503206675,3.2222248965490508,0.37777777777777777,1.9268006193420253,0.7255402771143712,4.186867214394716,2.0429040946316386,0.3542609474582597,81.71916453445488,47.92550110572675,9.458035191980619,0.15050634770384205,0.8777777777777778,0.5,0.2261,25.214325908840767,13.872057957682085,Wh,13.872057957682085,Wh
102,a2545fcc32059db564ae97e4a9ad4955,DatepartRegression,"{""regression_model"": {""model"": ""Adaboost"", ""model_params"": {""n_estimators"": 100, ""loss"": ""linear"", ""estimator"": null, ""learning_rate"": 1, ""max_depth"": 3}}, ""datepart_method"": ""expanded"", ""polynomial_degree"": null, ""holiday_countries_used"": false, ""lags"": null, ""forward_lags"": 3, ""regression_type"": null}","{""fillna"": ""quadratic"", ""transformations"": {""0"": null}, ""transformation_params"": {""0"": {}}}",0,1,14.917019273769919,0.9450629561648001,1.1035733885525403,0.6586651188487772,0.9450629561648001,0.0,0.0,0.6262553102365203,85.055666054832,0.9450629561648001,0.5544384282060845,0.9,0.4111111111111111,2.4784986278678796,0.3,1.8981329478201483,0.7482927368557997,3.841332542840222,2.0554522723006317,0.10815194072438816,85.055666054832,54.52374449477595,22.640898311200317,0.1566513524992417,14.917019273769919,0.9450629561648001,1.1035733885525403,0.6586651188487772,0.9450629561648001,0.0,0.6262553102365203,0.9450629561648001,0.5544384282060845,2.4784986278678796,0.3,1.8981329478201483,0.7482927368557997,3.841332542840222,2.0554522723006317,0.10815194072438816,85.055666054832,54.52374449477595,22.640898311200317,0.1566513524992417,0.9,0.4111111111111111,0.4116,24.726726112216348,13.692742773841617,Wh,13.692742773841617,Wh
103,c657c077153bccb738506bb3201a4bd6,WindowRegression,"{""window_size"": 2, ""input_dim"": ""univariate"", ""output_dim"": ""1step"", ""normalize_window"": false, ""max_windows"": 500000, ""fourier_encoding_components"": 2, ""scale"": true, ""datepart_method"": null, ""regression_type"": null, ""regression_model"": {""model"": ""BayesianRidge"", ""model_params"": {}}}","{""fillna"": ""ffill"", ""transformations"": {""0"": ""Scaler"", ""1"": ""Scaler""}, ""transformation_params"": {""0"": {}, ""1"": {}}}",0,2,15.284598872402615,1.035448659050453,1.2207544719942618,0.620595117101902,1.035448659050453,0.0,-12.00162959768694,0.678223063999682,174.3791290313946,1.0176238257961994,0.44945517706914306,0.7222222222222222,0.46111111111111114,3.9556015686783077,0.6277777777777778,1.7411319179810687,0.8269998973559891,4.300678188171445,3.4558327219198297,0.11348338199668166,81.18874971685382,42.40368281510578,26.29475674793928,0.14176781219606277,15.284598872402615,1.035448659050453,1.2207544719942618,0.620595117101902,1.035448659050453,0.0,0.678223063999682,1.0176238257961994,0.44945517706914306,3.9556015686783077,0.6277777777777778,1.7411319179810687,0.8269998973559891,4.300678188171445,3.4558327219198297,0.11348338199668166,81.18874971685382,42.40368281510578,26.29475674793928,0.14176781219606277,0.7222222222222222,0.46111111111111114,0.30935,24.63495109347548,17.949523539992725,Wh,17.949523539992725,Wh
104,62caf995c1b85628c7831f1b94ae703e,RollingRegression,"{""regression_model"": {""model"": ""PoissonRegresssion"", ""model_params"": {}}, ""holiday"": true, ""mean_rolling_periods"": null, ""macd_periods"": null, ""std_rolling_periods"": null, ""max_rolling_periods"": 28, ""min_rolling_periods"": null, ""ewm_var_alpha"": null, ""quantile90_rolling_periods"": null, ""quantile10_rolling_periods"": null, ""ewm_alpha"": null, ""additional_lag_periods"": 89, ""abs_energy"": false, ""rolling_autocorr_periods"": null, ""nonzero_last_n"": null, ""add_date_part"": null, ""polynomial_degree"": null, ""x_transform"": null, ""regression_type"": null}","{""fillna"": ""ffill_mean_biased"", ""transformations"": {""0"": null}, ""transformation_params"": {""0"": {}}}",0,1,14.470659881806574,0.912855837142608,1.0645578078889275,0.641604633041686,0.912855837142608,0.0,-0.14403884987937499,0.6124755567363812,82.01298649295533,0.9127505705002344,0.5486353706746556,0.8888888888888888,0.5222222222222223,2.484624623255958,0.3,1.8697146242521352,0.7150413028372699,3.78171135595846,1.721519249150079,0.08850732206447037,81.86894764307597,51.336875602153874,23.370578862282347,0.1507822108842198,14.470659881806574,0.912855837142608,1.0645578078889275,0.641604633041686,0.912855837142608,0.0,0.6124755567363812,0.9127505705002344,0.5486353706746556,2.484624623255958,0.3,1.8697146242521352,0.7150413028372699,3.78171135595846,1.721519249150079,0.08850732206447037,81.86894764307597,51.336875602153874,23.370578862282347,0.1507822108842198,0.8888888888888888,0.5222222222222223,10.884,24.0597305836888,13.226103177632034,Wh,13.226103177632034,Wh
105,b6eedcddd6acde3bf33482774495fe4c,DatepartRegression,"{""regression_model"": {""model"": ""Adaboost"", ""model_params"": {""n_estimators"": 200, ""loss"": ""exponential"", ""estimator"": null, ""learning_rate"": 0.5, ""max_depth"": 3}}, ""datepart_method"": [""anchored_warped_fourier:quarter_end""], ""polynomial_degree"": null, ""holiday_countries_used"": false, ""lags"": null, ""forward_lags"": null, ""regression_type"": null}","{""fillna"": ""ffill"", ""transformations"": {""0"": null}, ""transformation_params"": {""0"": {}}}",0,1,14.310718531074706,0.9014042611215629,1.0551704506148785,0.638309189055394,0.9014042611215629,0.0,-0.07037307234371415,0.6058574626802316,81.05601042859695,0.9013779742449197,0.5474842926832695,0.9111111111111111,0.5444444444444444,2.4562167981091667,0.3,1.8625025891923646,0.7032994271800984,3.716542421852377,1.7757126128674705,0.006055861721396803,80.98563735625322,51.09566756165183,26.792713568216676,0.14915537333740578,14.310718531074706,0.9014042611215629,1.0551704506148785,0.638309189055394,0.9014042611215629,0.0,0.6058574626802316,0.9013779742449197,0.5474842926832695,2.4562167981091667,0.3,1.8625025891923646,0.7032994271800984,3.716542421852377,1.7757126128674705,0.006055861721396803,80.98563735625322,51.09566756165183,26.792713568216676,0.14915537333740578,0.9111111111111111,0.5444444444444444,0.2972,23.84716279600861,13.060184617616102,Wh,13.060184617616102,Wh
106,d8cc8ed434c8643aaa641c8fe0788c0e,RollingRegression,"{""regression_model"": {""model"": ""ExtraTrees"", ""model_params"": {""n_estimators"": 100, ""min_samples_leaf"": 1, ""max_depth"": 10}}, ""holiday"": false, ""mean_rolling_periods"": 5, ""macd_periods"": 7, ""std_rolling_periods"": null, ""max_rolling_periods"": null, ""min_rolling_periods"": 7, ""ewm_var_alpha"": null, ""quantile90_rolling_periods"": null, ""quantile10_rolling_periods"": null, ""ewm_alpha"": null, ""additional_lag_periods"": 9, ""abs_energy"": false, ""rolling_autocorr_periods"": null, ""nonzero_last_n"": null, ""add_date_part"": null, ""polynomial_degree"": null, ""x_transform"": null, ""regression_type"": null}","{""fillna"": ""zero"", ""transformations"": {""0"": ""Scaler""}, ""transformation_params"": {""0"": {}}}",0,1,14.212101485484133,0.8949801761601268,1.0499905806406613,0.6750265053791357,0.8949801761601268,0.0,-0.10274978948257552,0.6018645382181462,80.44546606492884,0.89492525482255,0.5465157163966131,0.9111111111111111,0.4666666666666667,2.5182980581779058,0.3,1.857855574102737,0.6984716623237149,3.652493270878798,1.815388757691778,0.1549401180320474,80.34271627544626,51.233949945361275,20.55811196501467,0.14797127283557962,14.212101485484133,0.8949801761601268,1.0499905806406613,0.6750265053791357,0.8949801761601268,0.0,0.6018645382181462,0.89492525482255,0.5465157163966131,2.5182980581779058,0.3,1.857855574102737,0.6984716623237149,3.652493270878798,1.815388757691778,0.1549401180320474,80.34271627544626,51.233949945361275,20.55811196501467,0.14797127283557962,0.9111111111111111,0.4666666666666667,3.4619,23.727953429324135,12.967107915836133,Wh,12.967107915836133,Wh
107,e719919b15e0337d31343d4b48b7ab1d,RollingRegression,"{""regression_model"": {""model"": ""ExtraTrees"", ""model_params"": {""n_estimators"": 100, ""min_samples_leaf"": 1, ""max_depth"": 10}}, ""holiday"": false, ""mean_rolling_periods"": null, ""macd_periods"": null, ""std_rolling_periods"": null, ""max_rolling_periods"": 28, ""min_rolling_periods"": null, ""ewm_var_alpha"": null, ""quantile90_rolling_periods"": null, ""quantile10_rolling_periods"": null, ""ewm_alpha"": null, ""additional_lag_periods"": 90, ""abs_energy"": false, ""rolling_autocorr_periods"": null, ""nonzero_last_n"": null, ""add_date_part"": null, ""polynomial_degree"": null, ""x_transform"": null, ""regression_type"": null}","{""fillna"": ""ffill_mean_biased"", ""transformations"": {""0"": ""Scaler""}, ""transformation_params"": {""0"": {}}}",0,2,13.997886482899354,0.9852928361754568,1.1710906227049125,0.7206674169133265,0.9852928361754568,0.0,-44.48802400503271,0.6955873069755021,132.8646865065495,0.8931554911778707,0.4628595920602713,0.9611111111111111,0.49444444444444446,3.526485872268676,0.7722222222222223,1.5027424315076283,0.7928362019797763,4.092350241986773,5.52704891228839,0.44954996799444635,44.1883312507584,17.655374000290053,12.258827383139499,0.07187295245672082,13.997886482899354,0.9852928361754568,1.1710906227049125,0.7206674169133265,0.9852928361754568,0.0,0.6955873069755021,0.8931554911778707,0.4628595920602713,3.526485872268676,0.7722222222222223,1.5027424315076283,0.7928362019797763,4.092350241986773,5.52704891228839,0.44954996799444635,44.1883312507584,17.655374000290053,12.258827383139499,0.07187295245672082,0.9611111111111111,0.49444444444444446,5.895149999999999,23.40933388987863,21.683919652976975,Wh,21.683919652976975,Wh
108,d887c3cf5a1d2b7ff4626b88288caced,RollingRegression,"{""regression_model"": {""model"": ""ExtraTrees"", ""model_params"": {""n_estimators"": 100, ""min_samples_leaf"": 1, ""max_depth"": 10}}, ""holiday"": false, ""mean_rolling_periods"": null, ""macd_periods"": null, ""std_rolling_periods"": null, ""max_rolling_periods"": 28, ""min_rolling_periods"": null, ""ewm_var_alpha"": null, ""quantile90_rolling_periods"": null, ""quantile10_rolling_periods"": null, ""ewm_alpha"": null, ""additional_lag_periods"": 90, ""abs_energy"": false, ""rolling_autocorr_periods"": null, ""nonzero_last_n"": null, ""add_date_part"": null, ""polynomial_degree"": null, ""x_transform"": null, ""regression_type"": null}","{""fillna"": ""ffill"", ""transformations"": {""0"": ""Scaler""}, ""transformation_params"": {""0"": {}}}",0,2,13.997886482899354,0.9852928361754568,1.1710906227049125,0.7206674169133265,0.9852928361754568,0.0,-44.48802400503271,0.6955873069755021,132.8646865065495,0.8931554911778707,0.4628595920602713,0.9611111111111111,0.49444444444444446,3.526485872268676,0.7722222222222223,1.5027424315076283,0.7928362019797763,4.092350241986773,5.52704891228839,0.44954996799444635,44.1883312507584,17.655374000290053,12.258827383139497,0.07187295245672082,13.997886482899354,0.9852928361754568,1.1710906227049125,0.7206674169133265,0.9852928361754568,0.0,0.6955873069755021,0.8931554911778707,0.4628595920602713,3.526485872268676,0.7722222222222223,1.5027424315076283,0.7928362019797763,4.092350241986773,5.52704891228839,0.44954996799444635,44.1883312507584,17.655374000290053,12.258827383139497,0.07187295245672082,0.9611111111111111,0.49444444444444446,3.1330999999999998,23.408578143863863,21.683919652976975,Wh,21.683919652976975,Wh
109,a7c8c34628615708ff18079ea3b00a84,RollingRegression,"{""regression_model"": {""model"": ""ExtraTrees"", ""model_params"": {""n_estimators"": 100, ""min_samples_leaf"": 1, ""max_depth"": 10}}, ""holiday"": false, ""mean_rolling_periods"": null, ""macd_periods"": null, ""std_rolling_periods"": null, ""max_rolling_periods"": 28, ""min_rolling_periods"": null, ""ewm_var_alpha"": null, ""quantile90_rolling_periods"": null, ""quantile10_rolling_periods"": null, ""ewm_alpha"": null, ""additional_lag_periods"": 90, ""abs_energy"": false, ""rolling_autocorr_periods"": null, ""nonzero_last_n"": null, ""add_date_part"": null, ""polynomial_degree"": null, ""x_transform"": null, ""regression_type"": null}","{""fillna"": ""cubic"", ""transformations"": {""0"": ""Scaler"", ""1"": ""Scaler""}, ""transformation_params"": {""0"": {}, ""1"": {}}}",0,2,13.997886482899354,0.9852928361754568,1.1710906227049125,0.7206674169133265,0.9852928361754568,0.0,-44.48802400503271,0.6955873069755021,132.8646865065495,0.8931554911778707,0.4628595920602713,0.9611111111111111,0.49444444444444446,3.526485872268676,0.7722222222222223,1.5027424315076283,0.7928362019797763,4.0923502419867726,5.52704891228839,0.44954996799444635,44.1883312507584,17.655374000290053,12.258827383139499,0.07187295245672082,13.997886482899354,0.9852928361754568,1.1710906227049125,0.7206674169133265,0.9852928361754568,0.0,0.6955873069755021,0.8931554911778707,0.4628595920602713,3.526485872268676,0.7722222222222223,1.5027424315076283,0.7928362019797763,4.0923502419867726,5.52704891228839,0.44954996799444635,44.1883312507584,17.655374000290053,12.258827383139499,0.07187295245672082,0.9611111111111111,0.49444444444444446,3.05675,23.408557253145656,21.683919652976975,Wh,21.683919652976975,Wh
110,f35b128a207ce709972c167568d19770,RollingRegression,"{""regression_model"": {""model"": ""ExtraTrees"", ""model_params"": {""n_estimators"": 100, ""min_samples_leaf"": 1, ""max_depth"": 10}}, ""holiday"": false, ""mean_rolling_periods"": null, ""macd_periods"": null, ""std_rolling_periods"": null, ""max_rolling_periods"": 420, ""min_rolling_periods"": 7, ""ewm_var_alpha"": null, ""quantile90_rolling_periods"": null, ""quantile10_rolling_periods"": null, ""ewm_alpha"": null, ""additional_lag_periods"": 363, ""abs_energy"": false, ""rolling_autocorr_periods"": null, ""nonzero_last_n"": null, ""add_date_part"": ""expanded"", ""polynomial_degree"": null, ""x_transform"": null, ""regression_type"": null}","{""fillna"": ""ffill_mean_biased"", ""transformations"": {}, ""transformation_params"": {}}",0,1,12.793248658529778,0.7994674365316216,0.9814843789954328,0.8113383161199058,0.7994674365316216,0.0,-2.372134631540874,0.5481712803078654,69.57993465630506,0.7947932986677895,0.5434863896984663,0.9111111111111111,0.5333333333333333,2.5262951730405225,0.34444444444444444,1.7898640035344402,0.6011502734811881,3.1962444382332125,2.2095037773038464,0.3642928482591149,67.2078000247642,42.996208504918606,9.732317132990142,0.12378002854731363,12.793248658529778,0.7994674365316216,0.9814843789954328,0.8113383161199058,0.7994674365316216,0.0,0.5481712803078654,0.7947932986677895,0.5434863896984663,2.5262951730405225,0.34444444444444444,1.7898640035344402,0.6011502734811881,3.1962444382332125,2.2095037773038464,0.3642928482591149,67.2078000247642,42.996208504918606,9.732317132990142,0.12378002854731363,0.9111111111111111,0.5333333333333333,4.3493,22.020375855169384,11.58325156338169,Wh,11.58325156338169,Wh
111,55264f373632b5ec6a61ca21d4f79147,RollingRegression,"{""regression_model"": {""model"": ""ExtraTrees"", ""model_params"": {""n_estimators"": 100, ""min_samples_leaf"": 1, ""max_depth"": 10}}, ""holiday"": false, ""mean_rolling_periods"": null, ""macd_periods"": null, ""std_rolling_periods"": null, ""max_rolling_periods"": 420, ""min_rolling_periods"": 7, ""ewm_var_alpha"": null, ""quantile90_rolling_periods"": null, ""quantile10_rolling_periods"": null, ""ewm_alpha"": null, ""additional_lag_periods"": 9, ""abs_energy"": false, ""rolling_autocorr_periods"": null, ""nonzero_last_n"": null, ""add_date_part"": ""expanded"", ""polynomial_degree"": null, ""x_transform"": null, ""regression_type"": null}","{""fillna"": ""ffill"", ""transformations"": {""0"": ""Scaler""}, ""transformation_params"": {""0"": {}}}",0,1,12.615185205318049,0.7871416711245568,0.9667134099839225,0.8001130208431507,0.7871416711245568,0.0,-1.8955579716070723,0.5401861351119744,68.94719242960304,0.7836894842217728,0.5389314646229616,0.9111111111111111,0.5222222222222223,2.405095473315134,0.32222222222222224,1.7869994189519804,0.5923604602359261,3.1504850906563333,2.1889217353805326,0.35243271429891354,67.05163445799596,43.01539491624998,10.647647335384933,0.12349241046867458,12.615185205318049,0.7871416711245568,0.9667134099839225,0.8001130208431507,0.7871416711245568,0.0,0.5401861351119744,0.7836894842217728,0.5389314646229616,2.405095473315134,0.32222222222222224,1.7869994189519804,0.5923604602359261,3.1504850906563333,2.1889217353805326,0.35243271429891354,67.05163445799596,43.01539491624998,10.647647335384933,0.12349241046867458,0.9111111111111111,0.5222222222222223,4.5342,21.740321909064576,11.404667127171685,Wh,11.404667127171685,Wh
112,ceb027e5ec986fc087bb43d2c5bd3655,RollingRegression,"{""regression_model"": {""model"": ""ExtraTrees"", ""model_params"": {""n_estimators"": 100, ""min_samples_leaf"": 1, ""max_depth"": 10}}, ""holiday"": false, ""mean_rolling_periods"": null, ""macd_periods"": null, ""std_rolling_periods"": null, ""max_rolling_periods"": 420, ""min_rolling_periods"": 7, ""ewm_var_alpha"": null, ""quantile90_rolling_periods"": null, ""quantile10_rolling_periods"": null, ""ewm_alpha"": null, ""additional_lag_periods"": 9, ""abs_energy"": false, ""rolling_autocorr_periods"": null, ""nonzero_last_n"": null, ""add_date_part"": ""expanded"", ""polynomial_degree"": null, ""x_transform"": null, ""regression_type"": null}","{""fillna"": ""ffill"", ""transformations"": {""0"": null}, ""transformation_params"": {""0"": {}}}",0,1,12.615185205318047,0.7871416711245565,0.9667134099839223,0.8001130208431507,0.7871416711245565,0.0,-1.8955579716070714,0.5401861351119742,68.94719242960302,0.7836894842217726,0.5389314646229616,0.9111111111111111,0.5222222222222223,2.405095473315134,0.32222222222222224,1.7869994189519804,0.592360460235926,3.150485090656332,2.188921735380536,0.35243271429891354,67.05163445799595,43.01539491624998,10.647647335384923,0.12349241046867455,12.615185205318047,0.7871416711245565,0.9667134099839223,0.8001130208431507,0.7871416711245565,0.0,0.5401861351119742,0.7836894842217726,0.5389314646229616,2.405095473315134,0.32222222222222224,1.7869994189519804,0.592360460235926,3.150485090656332,2.188921735380536,0.35243271429891354,67.05163445799595,43.01539491624998,10.647647335384923,0.12349241046867455,0.9111111111111111,0.5222222222222223,4.0206,21.74018137896802,11.404667127171685,Wh,11.404667127171685,Wh
113,f9b67cb694ee2cd33e821ae00e63bfad,RollingRegression,"{""regression_model"": {""model"": ""ExtraTrees"", ""model_params"": {""n_estimators"": 100, ""min_samples_leaf"": 1, ""max_depth"": 10}}, ""holiday"": false, ""mean_rolling_periods"": 30, ""macd_periods"": 2, ""std_rolling_periods"": null, ""max_rolling_periods"": 28, ""min_rolling_periods"": null, ""ewm_var_alpha"": null, ""quantile90_rolling_periods"": null, ""quantile10_rolling_periods"": null, ""ewm_alpha"": null, ""additional_lag_periods"": 90, ""abs_energy"": true, ""rolling_autocorr_periods"": null, ""nonzero_last_n"": null, ""add_date_part"": null, ""polynomial_degree"": null, ""x_transform"": null, ""regression_type"": null}","{""fillna"": ""ffill"", ""transformations"": {""0"": ""Scaler"", ""1"": ""Scaler""}, ""transformation_params"": {""0"": {}, ""1"": {}}}",0,1,12.632688081495829,0.7870602669876721,0.9646779496274334,0.63074836016601,0.7870602669876721,0.0,-0.6856509814035308,0.5371609614378774,70.14977304748695,0.7865391932343161,0.5352979411964969,0.9,0.5444444444444444,2.3003342965387166,0.3111111111111111,1.7877646718659215,0.589044748947734,3.3402881095703174,1.4201494895078461,0.07338996207309506,69.46412206608343,42.33387725528626,23.472212359253444,0.12793561177699111,12.632688081495829,0.7870602669876721,0.9646779496274334,0.63074836016601,0.7870602669876721,0.0,0.5371609614378774,0.7865391932343161,0.5352979411964969,2.3003342965387166,0.3111111111111111,1.7877646718659215,0.589044748947734,3.3402881095703174,1.4201494895078461,0.07338996207309506,69.46412206608343,42.33387725528626,23.472212359253444,0.12793561177699111,0.9,0.5444444444444444,3.2505,21.687975463601795,11.40348768626797,Wh,11.40348768626797,Wh
114,07af61b11c43e474f3ec51020659b52a,RollingRegression,"{""regression_model"": {""model"": ""ExtraTrees"", ""model_params"": {""n_estimators"": 100, ""min_samples_leaf"": 1, ""max_depth"": 10}}, ""holiday"": true, ""mean_rolling_periods"": 30, ""macd_periods"": 7, ""std_rolling_periods"": null, ""max_rolling_periods"": 420, ""min_rolling_periods"": 7, ""ewm_var_alpha"": null, ""quantile90_rolling_periods"": null, ""quantile10_rolling_periods"": null, ""ewm_alpha"": null, ""additional_lag_periods"": 90, ""abs_energy"": true, ""rolling_autocorr_periods"": null, ""nonzero_last_n"": null, ""add_date_part"": null, ""polynomial_degree"": null, ""x_transform"": null, ""regression_type"": null}","{""fillna"": ""zero"", ""transformations"": {""0"": ""Scaler""}, ""transformation_params"": {""0"": {}}}",0,1,12.417662926356623,0.771138295512432,0.9436405453433714,0.6539850705804575,0.771138295512432,0.0,-0.7928410420985434,0.5307786570495191,68.60960555402035,0.7700117621659746,0.5322912039901595,0.9333333333333333,0.4,2.2850830529175026,0.3,1.7777983049256434,0.5775588462007024,3.189914787588009,1.3373676043074778,0.0662623112785347,67.81676451192179,41.806685418026056,23.736256465062304,0.12490158946103037,12.417662926356623,0.771138295512432,0.9436405453433714,0.6539850705804575,0.771138295512432,0.0,0.5307786570495191,0.7700117621659746,0.5322912039901595,2.2850830529175026,0.3,1.7777983049256434,0.5775588462007024,3.189914787588009,1.3373676043074778,0.0662623112785347,67.81676451192179,41.806685418026056,23.736256465062304,0.12490158946103037,0.9333333333333333,0.4,13.2672,21.367885037258457,11.172798864490797,Wh,11.172798864490797,Wh
115,658ea524d7ba6ceda51dff7a08057434,RollingRegression,"{""regression_model"": {""model"": ""ExtraTrees"", ""model_params"": {""n_estimators"": 100, ""min_samples_leaf"": 1, ""max_depth"": 10}}, ""holiday"": false, ""mean_rolling_periods"": null, ""macd_periods"": null, ""std_rolling_periods"": null, ""max_rolling_periods"": 420, ""min_rolling_periods"": 7, ""ewm_var_alpha"": null, ""quantile90_rolling_periods"": null, ""quantile10_rolling_periods"": null, ""ewm_alpha"": null, ""additional_lag_periods"": 90, ""abs_energy"": false, ""rolling_autocorr_periods"": null, ""nonzero_last_n"": null, ""add_date_part"": ""expanded"", ""polynomial_degree"": null, ""x_transform"": null, ""regression_type"": null}","{""fillna"": ""ffill_mean_biased"", ""transformations"": {""0"": null}, ""transformation_params"": {""0"": {}}}",0,1,12.308932519096272,0.7655647580741995,0.9452375912382545,0.791977200727433,0.7655647580741995,0.0,-1.9202094886136436,0.5288348351599613,66.98061873806432,0.762307686562683,0.5387930257430572,0.9333333333333333,0.5333333333333333,2.5019406997360862,0.32222222222222224,1.7721797892977948,0.5707182380977686,3.1398236682310428,1.7096744152405983,0.3241957304068208,65.06040924945067,40.75869623718324,11.747925530021446,0.11982506957867302,12.308932519096272,0.7655647580741995,0.9452375912382545,0.791977200727433,0.7655647580741995,0.0,0.5288348351599613,0.762307686562683,0.5387930257430572,2.5019406997360862,0.32222222222222224,1.7721797892977948,0.5707182380977686,3.1398236682310428,1.7096744152405983,0.3241957304068208,65.06040924945067,40.75869623718324,11.747925530021446,0.11982506957867302,0.9333333333333333,0.5333333333333333,4.0838,21.344437130142758,11.092045498818951,Wh,11.092045498818951,Wh
116,8db7dee0ef7a2a20d9aa567bfabc3f97,RollingRegression,"{""regression_model"": {""model"": ""ExtraTrees"", ""model_params"": {""n_estimators"": 100, ""min_samples_leaf"": 1, ""max_depth"": 10}}, ""holiday"": false, ""mean_rolling_periods"": null, ""macd_periods"": null, ""std_rolling_periods"": null, ""max_rolling_periods"": 168, ""min_rolling_periods"": 7, ""ewm_var_alpha"": null, ""quantile90_rolling_periods"": null, ""quantile10_rolling_periods"": null, ""ewm_alpha"": null, ""additional_lag_periods"": 90, ""abs_energy"": false, ""rolling_autocorr_periods"": null, ""nonzero_last_n"": null, ""add_date_part"": ""expanded"", ""polynomial_degree"": null, ""x_transform"": null, ""regression_type"": null}","{""fillna"": ""ffill"", ""transformations"": {""0"": ""Scaler"", ""1"": ""Scaler""}, ""transformation_params"": {""0"": {}, ""1"": {}}}",0,1,12.30893251909627,0.7655647580741995,0.9452375912382543,0.7919772007274332,0.7655647580741995,0.0,-1.9202094886136436,0.5288348351599613,66.98061873806432,0.762307686562683,0.5387930257430572,0.9333333333333333,0.5333333333333333,2.5019406997360862,0.32222222222222224,1.7721797892977948,0.5707182380977687,3.1398236682310428,1.7096744152405983,0.3241957304068208,65.06040924945067,40.758696237183216,11.74792553002144,0.11982506957867302,12.30893251909627,0.7655647580741995,0.9452375912382543,0.7919772007274332,0.7655647580741995,0.0,0.5288348351599613,0.762307686562683,0.5387930257430572,2.5019406997360862,0.32222222222222224,1.7721797892977948,0.5707182380977687,3.1398236682310428,1.7096744152405983,0.3241957304068208,65.06040924945067,40.758696237183216,11.74792553002144,0.11982506957867302,0.9333333333333333,0.5333333333333333,3.3979,21.344249455701117,11.092045498818951,Wh,11.092045498818951,Wh
117,f92a161bac348ba07b76da713afeab6e,RollingRegression,"{""regression_model"": {""model"": ""ExtraTrees"", ""model_params"": {""n_estimators"": 100, ""min_samples_leaf"": 1, ""max_depth"": 10}}, ""holiday"": false, ""mean_rolling_periods"": 5, ""macd_periods"": 7, ""std_rolling_periods"": null, ""max_rolling_periods"": null, ""min_rolling_periods"": 7, ""ewm_var_alpha"": null, ""quantile90_rolling_periods"": null, ""quantile10_rolling_periods"": null, ""ewm_alpha"": 0.5, ""additional_lag_periods"": 2, ""abs_energy"": false, ""rolling_autocorr_periods"": null, ""nonzero_last_n"": null, ""add_date_part"": ""simple_binarized"", ""polynomial_degree"": null, ""x_transform"": null, ""regression_type"": null}","{""fillna"": ""zero"", ""transformations"": {""0"": ""Scaler""}, ""transformation_params"": {""0"": {}}}",0,1,12.231926285229775,0.7592306269857694,0.9367653784066236,0.6651217724799972,0.7592306269857694,0.0,-0.4712509881954938,0.5231991086224629,67.85950544052375,0.758522825493656,0.5358235145434633,0.9333333333333333,0.5111111111111111,2.4343277999533077,0.3111111111111111,1.7704377280137926,0.5621950492506066,3.2211623896947765,1.3594732634656084,0.18930800189178004,67.38825445232825,40.599667254394575,18.700643355178556,0.12411238065803795,12.231926285229775,0.7592306269857694,0.9367653784066236,0.6651217724799972,0.7592306269857694,0.0,0.5231991086224629,0.758522825493656,0.5358235145434633,2.4343277999533077,0.3111111111111111,1.7704377280137926,0.5621950492506066,3.2211623896947765,1.3594732634656084,0.18930800189178004,67.38825445232825,40.599667254394575,18.700643355178556,0.12411238065803795,0.9333333333333333,0.5111111111111111,4.1464,21.19005671158932,11.00027211258695,Wh,11.00027211258695,Wh
118,6f40ebc4fba3d49e7b971c97f3abda8a,ARIMA,"{""p"": 1, ""d"": 0, ""q"": 1, ""regression_type"": ""Holiday""}","{""fillna"": ""cubic"", ""transformations"": {""0"": null}, ""transformation_params"": {""0"": {}}}",0,2,11.707270741048724,0.7813680149943228,0.9921085172468112,0.6238644905858896,0.7813680149943228,0.0,-13.135937364377288,0.5432877700347296,127.51030533460083,0.7637882572721051,0.48587948472271003,0.9833333333333334,0.5277777777777777,3.9131736553906675,0.6222222222222222,1.5675306382577627,0.5786398475215262,3.2663629849385796,2.27494600120468,0.10883963005053279,57.18718398511176,27.70090071248797,26.269117204019505,0.0978317976401353,11.707270741048724,0.7813680149943228,0.9921085172468112,0.6238644905858896,0.7813680149943228,0.0,0.5432877700347296,0.7637882572721051,0.48587948472271003,3.9131736553906675,0.6222222222222222,1.5675306382577627,0.5786398475215262,3.2663629849385796,2.27494600120468,0.10883963005053279,57.18718398511176,27.70090071248797,26.269117204019505,0.0978317976401353,0.9833333333333334,0.5277777777777777,0.30574999999999997,20.53954639871068,11.919611890180883,Wh,11.919611890180883,Wh
119,7d545814df16f53f06036c7b46864a24,DatepartRegression,"{""regression_model"": {""model"": ""DecisionTree"", ""model_params"": {""max_depth"": 3, ""min_samples_split"": 2}}, ""datepart_method"": ""recurring"", ""polynomial_degree"": null, ""holiday_countries_used"": false, ""lags"": null, ""forward_lags"": null, ""regression_type"": null}","{""fillna"": ""ffill"", ""transformations"": {""0"": null}, ""transformation_params"": {""0"": {}}}",0,1,11.661656133448068,0.7195543337349938,0.9008769261213965,0.6381867750664629,0.7195543337349938,0.0,-0.3110464269464668,0.4986117330910946,64.44884360920298,0.719186855136971,0.5294861422450649,0.9333333333333333,0.5333333333333333,2.2494817647066983,0.3,1.7453312043682074,0.5260335982701425,2.992048927001882,1.1782074384343992,0.061114235443883246,64.13779718225652,39.819264593576904,25.47563872818747,0.11812584794110553,11.661656133448068,0.7195543337349938,0.9008769261213965,0.6381867750664629,0.7195543337349938,0.0,0.4986117330910946,0.719186855136971,0.5294861422450649,2.2494817647066983,0.3,1.7453312043682074,0.5260335982701425,2.992048927001882,1.1782074384343992,0.061114235443883246,64.13779718225652,39.819264593576904,25.47563872818747,0.11812584794110553,0.9333333333333333,0.5333333333333333,0.2001,20.415019852394515,10.425413819646261,Wh,10.425413819646261,Wh
120,1a938f529a073e32ec55fa037583ea2d,DatepartRegression,"{""regression_model"": {""model"": ""MLP"", ""model_params"": {""hidden_layer_sizes"": [2560], ""max_iter"": 250, ""activation"": ""logistic"", ""solver"": ""lbfgs"", ""early_stopping"": false, ""learning_rate_init"": 0.001, ""alpha"": 0.0}}, ""datepart_method"": ""anchored_segment_fourier:us_school"", ""polynomial_degree"": null, ""holiday_countries_used"": false, ""lags"": null, ""forward_lags"": null, ""regression_type"": null}","{""fillna"": ""ffill"", ""transformations"": {""0"": ""Scaler"", ""1"": ""Scaler""}, ""transformation_params"": {""0"": {}, ""1"": {}}}",0,1,11.382131638254256,0.7059288848422025,0.8991691781069077,0.784691853162924,0.7059288848422025,0.0,-5.978242515915134,0.501629409981221,57.5553571198831,0.6906664378189037,0.5274431656365777,0.9444444444444444,0.5444444444444444,2.780577532520189,0.5444444444444444,1.649731547345406,0.5166924525036274,3.381608179323555,1.401395789278458,0.5182689071043035,51.577114603967956,25.06281036895697,1.8881271743677475,0.0949921990559848,11.382131638254256,0.7059288848422025,0.8991691781069077,0.784691853162924,0.7059288848422025,0.0,0.501629409981221,0.6906664378189037,0.5274431656365777,2.780577532520189,0.5444444444444444,1.649731547345406,0.5166924525036274,3.381608179323555,1.401395789278458,0.5182689071043035,51.577114603967956,25.06281036895697,1.8881271743677475,0.0949921990559848,0.9444444444444444,0.5444444444444444,12.6267,20.093798173369272,10.22799864677329,Wh,10.22799864677329,Wh
121,e3c790450d206fef1ed4d4fea1b68d65,WindowRegression,"{""window_size"": 10, ""input_dim"": ""univariate"", ""output_dim"": ""1step"", ""normalize_window"": false, ""max_windows"": 5000000, ""fourier_encoding_components"": null, ""scale"": true, ""datepart_method"": null, ""regression_type"": null, ""regression_model"": {""model"": ""HistGradientBoost"", ""model_params"": {""loss"": ""squared_error"", ""learning_rate"": 0.01, ""max_depth"": 20, ""min_samples_leaf"": 20, ""max_iter"": 250, ""l2_regularization"": 0}}}","{""fillna"": ""ffill"", ""transformations"": {""0"": null}, ""transformation_params"": {""0"": {}}}",0,2,11.967537779313151,0.8312779539885832,1.066828084072792,0.6093057172932228,0.8312779539885832,0.0,-5.837920228739857,0.5359906154036488,143.7921114892051,0.8239664484066297,0.367781984415422,0.7611111111111111,0.5166666666666666,4.43256492425467,0.6277777777777778,1.5591974688491392,0.6169753704414431,3.6399718187898835,2.2081777026971725,0.028184583934710985,68.97709563023264,27.683941991504774,28.03740932726856,0.11202886439615323,11.967537779313151,0.8312779539885832,1.066828084072792,0.6093057172932228,0.8312779539885832,0.0,0.5359906154036488,0.8239664484066297,0.367781984415422,4.43256492425467,0.6277777777777778,1.5591974688491392,0.6169753704414431,3.6399718187898835,2.2081777026971725,0.028184583934710985,68.97709563023264,27.683941991504774,28.03740932726856,0.11202886439615323,0.7611111111111111,0.5166666666666666,1.6933500000000001,19.946485862238585,17.017496232349348,Wh,17.017496232349348,Wh
122,798bf53d2d927cd735a7b2f4b07cd203,WindowRegression,"{""window_size"": 10, ""input_dim"": ""univariate"", ""output_dim"": ""1step"", ""normalize_window"": false, ""max_windows"": 5000000, ""fourier_encoding_components"": null, ""scale"": true, ""datepart_method"": null, ""regression_type"": null, ""regression_model"": {""model"": ""HistGradientBoost"", ""model_params"": {""loss"": ""squared_error"", ""learning_rate"": 0.01, ""max_depth"": 20, ""min_samples_leaf"": 20, ""max_iter"": 250, ""l2_regularization"": 0}}}","{""fillna"": ""ffill"", ""transformations"": {""0"": ""Scaler"", ""1"": ""Scaler""}, ""transformation_params"": {""0"": {}, ""1"": {}}}",0,2,11.967537779313151,0.8312779539885832,1.066828084072792,0.6093057172932228,0.8312779539885832,0.0,-5.837920228739857,0.5359906154036488,143.7921114892051,0.8239664484066297,0.367781984415422,0.7611111111111111,0.5166666666666666,4.43256492425467,0.6277777777777778,1.5591974688491392,0.6169753704414431,3.6399718187898835,2.2081777026971725,0.028184583934710985,68.97709563023264,27.683941991504774,28.03740932726856,0.11202886439615323,11.967537779313151,0.8312779539885832,1.066828084072792,0.6093057172932228,0.8312779539885832,0.0,0.5359906154036488,0.8239664484066297,0.367781984415422,4.43256492425467,0.6277777777777778,1.5591974688491392,0.6169753704414431,3.6399718187898835,2.2081777026971725,0.028184583934710985,68.97709563023264,27.683941991504774,28.03740932726856,0.11202886439615323,0.7611111111111111,0.5166666666666666,1.3273000000000001,19.946385704446836,17.017496232349348,Wh,17.017496232349348,Wh
123,bf4944e0a5435e868c15d6329df346e1,WindowRegression,"{""window_size"": 10, ""input_dim"": ""univariate"", ""output_dim"": ""1step"", ""normalize_window"": false, ""max_windows"": 5000000, ""fourier_encoding_components"": null, ""scale"": true, ""datepart_method"": null, ""regression_type"": null, ""regression_model"": {""model"": ""HistGradientBoost"", ""model_params"": {""loss"": ""squared_error"", ""learning_rate"": 0.01, ""max_depth"": 20, ""min_samples_leaf"": 20, ""max_iter"": 250, ""l2_regularization"": 0}}}","{""fillna"": ""time"", ""transformations"": {""0"": ""Scaler""}, ""transformation_params"": {""0"": {}}}",0,2,11.967537779313151,0.8312779539885832,1.066828084072792,0.6093057172932228,0.8312779539885832,0.0,-5.837920228739857,0.5359906154036488,143.7921114892051,0.8239664484066297,0.367781984415422,0.7611111111111111,0.5166666666666666,4.43256492425467,0.6277777777777778,1.5591974688491392,0.6169753704414431,3.6399718187898835,2.2081777026971725,0.028184583934710985,68.97709563023264,27.683941991504774,28.03740932726856,0.11202886439615323,11.967537779313151,0.8312779539885832,1.066828084072792,0.6093057172932228,0.8312779539885832,0.0,0.5359906154036488,0.8239664484066297,0.367781984415422,4.43256492425467,0.6277777777777778,1.5591974688491392,0.6169753704414431,3.6399718187898835,2.2081777026971725,0.028184583934710985,68.97709563023264,27.683941991504774,28.03740932726856,0.11202886439615323,0.7611111111111111,0.5166666666666666,1.31855,19.94638331029118,17.017496232349348,Wh,17.017496232349348,Wh
124,59dd8f85922ee2ad8926484a8da847a3,RollingRegression,"{""regression_model"": {""model"": ""ExtraTrees"", ""model_params"": {""n_estimators"": 100, ""min_samples_leaf"": 1, ""max_depth"": 10}}, ""holiday"": false, ""mean_rolling_periods"": null, ""macd_periods"": null, ""std_rolling_periods"": null, ""max_rolling_periods"": 28, ""min_rolling_periods"": 7, ""ewm_var_alpha"": null, ""quantile90_rolling_periods"": null, ""quantile10_rolling_periods"": null, ""ewm_alpha"": null, ""additional_lag_periods"": 90, ""abs_energy"": false, ""rolling_autocorr_periods"": null, ""nonzero_last_n"": null, ""add_date_part"": ""expanded"", ""polynomial_degree"": null, ""x_transform"": null, ""regression_type"": null}","{""fillna"": ""ffill"", ""transformations"": {""0"": ""Scaler""}, ""transformation_params"": {""0"": {}}}",0,1,10.846928060839762,0.6675095352094297,0.8745574833367271,0.8605543623114772,0.6675095352094297,0.0,-3.1128895670817025,0.4686829354196841,56.96296860176697,0.6613085498001267,0.5363159580704807,0.9333333333333333,0.4888888888888889,2.7083191974869116,0.3888888888888889,1.6929561174776093,0.47325427671579834,2.754553268942313,1.3560883778544746,0.4721239405106171,53.850079034685265,33.04375890361029,6.330466666480254,0.09917843342189989,10.846928060839762,0.6675095352094297,0.8745574833367271,0.8605543623114772,0.6675095352094297,0.0,0.4686829354196841,0.6613085498001267,0.5363159580704807,2.7083191974869116,0.3888888888888889,1.6929561174776093,0.47325427671579834,2.754553268942313,1.3560883778544746,0.4721239405106171,53.850079034685265,33.04375890361029,6.330466666480254,0.09917843342189989,0.9333333333333333,0.4888888888888889,3.999,19.592585499081483,9.671351844961592,Wh,9.671351844961592,Wh
125,8a510e192cbeed7d0d92a57c4061958f,RollingRegression,"{""regression_model"": {""model"": ""ExtraTrees"", ""model_params"": {""n_estimators"": 100, ""min_samples_leaf"": 1, ""max_depth"": 10}}, ""holiday"": false, ""mean_rolling_periods"": null, ""macd_periods"": null, ""std_rolling_periods"": null, ""max_rolling_periods"": 28, ""min_rolling_periods"": 7, ""ewm_var_alpha"": null, ""quantile90_rolling_periods"": null, ""quantile10_rolling_periods"": null, ""ewm_alpha"": null, ""additional_lag_periods"": 90, ""abs_energy"": false, ""rolling_autocorr_periods"": null, ""nonzero_last_n"": null, ""add_date_part"": null, ""polynomial_degree"": null, ""x_transform"": null, ""regression_type"": null}","{""fillna"": ""cubic"", ""transformations"": {""0"": ""Scaler"", ""1"": ""Scaler""}, ""transformation_params"": {""0"": {}, ""1"": {}}}",0,2,10.468801840782216,0.7021092868583352,0.8917139915397572,0.789913912741568,0.7021092868583352,0.0,-47.34782808997896,0.5576918667862046,79.03184354452138,0.6238296959924112,0.45561853726074286,0.9833333333333334,0.4722222222222222,4.383085031509399,0.7944444444444445,1.4180694420443558,0.518192765045487,2.6588563814075674,3.5666316838910017,0.4954678245150421,15.842007727271213,5.195523230695459,11.573280845114216,0.024972253355199772,10.468801840782216,0.7021092868583352,0.8917139915397572,0.789913912741568,0.7021092868583352,0.0,0.5576918667862046,0.6238296959924112,0.45561853726074286,4.383085031509399,0.7944444444444445,1.4180694420443558,0.518192765045487,2.6588563814075674,3.5666316838910017,0.4954678245150421,15.842007727271213,5.195523230695459,11.573280845114216,0.024972253355199772,0.9833333333333334,0.4722222222222222,3.0821,18.58292850532177,13.378698975604067,Wh,13.378698975604067,Wh
126,0ab451e1f0d0f918f569489eeda31100,RollingRegression,"{""regression_model"": {""model"": ""ExtraTrees"", ""model_params"": {""n_estimators"": 100, ""min_samples_leaf"": 1, ""max_depth"": 10}}, ""holiday"": false, ""mean_rolling_periods"": null, ""macd_periods"": null, ""std_rolling_periods"": null, ""max_rolling_periods"": 28, ""min_rolling_periods"": 7, ""ewm_var_alpha"": null, ""quantile90_rolling_periods"": null, ""quantile10_rolling_periods"": null, ""ewm_alpha"": null, ""additional_lag_periods"": 90, ""abs_energy"": false, ""rolling_autocorr_periods"": null, ""nonzero_last_n"": null, ""add_date_part"": null, ""polynomial_degree"": null, ""x_transform"": null, ""regression_type"": null}","{""fillna"": ""zero"", ""transformations"": {""0"": null}, ""transformation_params"": {""0"": {}}}",0,2,10.468801840782218,0.7021092868583352,0.8917139915397572,0.789913912741568,0.7021092868583352,0.0,-47.34782808997896,0.5576918667862046,79.0318435445214,0.6238296959924112,0.45561853726074286,0.9833333333333334,0.4722222222222222,4.383085031509399,0.7944444444444445,1.4180694420443558,0.518192765045487,2.658856381407567,3.5666316838910017,0.4954678245150421,15.84200772727121,5.195523230695459,11.573280845114219,0.024972253355199765,10.468801840782218,0.7021092868583352,0.8917139915397572,0.789913912741568,0.7021092868583352,0.0,0.5576918667862046,0.6238296959924112,0.45561853726074286,4.383085031509399,0.7944444444444445,1.4180694420443558,0.518192765045487,2.658856381407567,3.5666316838910017,0.4954678245150421,15.84200772727121,5.195523230695459,11.573280845114219,0.024972253355199765,0.9833333333333334,0.4722222222222222,3.06285,18.58292323817933,13.378698975604067,Wh,13.378698975604067,Wh
127,ecbcb035fd17d3ae2e73047994d2e8d8,RollingRegression,"{""regression_model"": {""model"": ""ExtraTrees"", ""model_params"": {""n_estimators"": 100, ""min_samples_leaf"": 1, ""max_depth"": 10}}, ""holiday"": false, ""mean_rolling_periods"": null, ""macd_periods"": null, ""std_rolling_periods"": null, ""max_rolling_periods"": 28, ""min_rolling_periods"": 7, ""ewm_var_alpha"": null, ""quantile90_rolling_periods"": null, ""quantile10_rolling_periods"": null, ""ewm_alpha"": null, ""additional_lag_periods"": 90, ""abs_energy"": false, ""rolling_autocorr_periods"": null, ""nonzero_last_n"": null, ""add_date_part"": null, ""polynomial_degree"": null, ""x_transform"": null, ""regression_type"": null}","{""fillna"": ""ffill_mean_biased"", ""transformations"": {""0"": ""Scaler""}, ""transformation_params"": {""0"": {}}}",0,2,10.468801840782216,0.7021092868583352,0.8917139915397572,0.789913912741568,0.7021092868583352,0.0,-47.34782808997895,0.5576918667862045,79.0318435445214,0.6238296959924112,0.45561853726074286,0.9833333333333334,0.4722222222222222,4.383085031509399,0.7944444444444445,1.4180694420443558,0.518192765045487,2.658856381407567,3.5666316838910017,0.4954678245150421,15.842007727271213,5.195523230695459,11.573280845114216,0.024972253355199772,10.468801840782216,0.7021092868583352,0.8917139915397572,0.789913912741568,0.7021092868583352,0.0,0.5576918667862045,0.6238296959924112,0.45561853726074286,4.383085031509399,0.7944444444444445,1.4180694420443558,0.518192765045487,2.658856381407567,3.5666316838910017,0.4954678245150421,15.842007727271213,5.195523230695459,11.573280845114216,0.024972253355199772,0.9833333333333334,0.4722222222222222,2.95545,18.582893851628764,13.378698975604067,Wh,13.378698975604067,Wh
128,55fae85ac3bba1417bded508e5ed5251,DatepartRegression,"{""regression_model"": {""model"": ""ElasticNet"", ""model_params"": {""l1_ratio"": 0.5, ""fit_intercept"": true, ""selection"": ""cyclic"", ""max_iter"": 1000}}, ""datepart_method"": ""simple_binarized"", ""polynomial_degree"": null, ""holiday_countries_used"": false, ""lags"": null, ""forward_lags"": null, ""regression_type"": null}","{""fillna"": ""ffill"", ""transformations"": {""0"": null}, ""transformation_params"": {""0"": {}}}",0,2,10.130045253396908,0.677443208726537,0.8798749050592649,0.6102153677194448,0.677443208726537,0.0,-17.58891611569561,0.48531088966927693,104.35086145508103,0.6570625552039111,0.4564915642257509,0.9777777777777779,0.5166666666666666,3.9375320172403008,0.6944444444444444,1.4579125120988374,0.4918743817374649,2.7455135216085584,1.995531236119786,0.0179447298976213,43.38097266969271,21.46641696863271,28.10373444009641,0.07183211022710868,10.130045253396908,0.677443208726537,0.8798749050592649,0.6102153677194448,0.677443208726537,0.0,0.48531088966927693,0.6570625552039111,0.4564915642257509,3.9375320172403008,0.6944444444444444,1.4579125120988374,0.4918743817374649,2.7455135216085584,1.995531236119786,0.0179447298976213,43.38097266969271,21.46641696863271,28.10373444009641,0.07183211022710868,0.9777777777777779,0.5166666666666666,0.17859999999999998,18.24599016300265,12.0967168611539,Wh,12.0967168611539,Wh
129,7d0b06c26052fd81a54baf1a8d17e6f3,DatepartRegression,"{""regression_model"": {""model"": ""RadiusNeighbors"", ""model_params"": {""radius"": 1.0, ""weights"": ""uniform"", ""algorithm"": ""auto"", ""leaf_size"": 20, ""p"": 2, ""metric"": ""minkowski""}}, ""datepart_method"": ""anchored_warped_fourier:us_school"", ""polynomial_degree"": null, ""holiday_countries_used"": false, ""lags"": 1, ""forward_lags"": null, ""regression_type"": null}","{""fillna"": ""quadratic"", ""transformations"": {""0"": ""Scaler""}, ""transformation_params"": {""0"": {}}}",0,2,9.39670319238117,0.6248529738850064,0.8474792822303618,0.6102181886580045,0.6248529738850064,0.0,-17.489791870117188,0.451427676064725,94.98374342918396,0.6024869111451155,0.4550697567788839,0.9777777777777777,0.5277777777777777,3.798034906387329,0.6277777777777778,1.4782116320748715,0.43095453789359645,2.614126346179315,2.048268475053783,0.011223064184603308,38.746975779533386,16.244111489981346,28.79293444712223,0.06495056909000199,9.39670319238117,0.6248529738850064,0.8474792822303618,0.6102181886580045,0.6248529738850064,0.0,0.451427676064725,0.6024869111451155,0.4550697567788839,3.798034906387329,0.6277777777777778,1.4782116320748715,0.43095453789359645,2.614126346179315,2.048268475053783,0.011223064184603308,38.746975779533386,16.244111489981346,28.79293444712223,0.06495056909000199,0.9777777777777777,0.5277777777777777,1.4896,17.352016693527265,11.366291434298267,Wh,11.366291434298267,Wh
130,1599f5a5cad878f7ea2ec8095ac61e93,RollingRegression,"{""regression_model"": {""model"": ""ExtraTrees"", ""model_params"": {""n_estimators"": 100, ""min_samples_leaf"": 1, ""max_depth"": 10}}, ""holiday"": false, ""mean_rolling_periods"": null, ""macd_periods"": null, ""std_rolling_periods"": null, ""max_rolling_periods"": 28, ""min_rolling_periods"": 7, ""ewm_var_alpha"": null, ""quantile90_rolling_periods"": null, ""quantile10_rolling_periods"": null, ""ewm_alpha"": 0.5, ""additional_lag_periods"": 90, ""abs_energy"": false, ""rolling_autocorr_periods"": null, ""nonzero_last_n"": null, ""add_date_part"": ""simple_binarized"", ""polynomial_degree"": null, ""x_transform"": null, ""regression_type"": null}","{""fillna"": ""zero"", ""transformations"": {""0"": null}, ""transformation_params"": {""0"": {}}}",0,2,9.388458115894446,0.6229563168416713,0.8431143410440601,0.6886161432935904,0.6229563168416713,0.0,-36.535503681489374,0.48999027405737405,75.59663335001143,0.5629126068556743,0.45742012245590513,0.9722222222222222,0.48333333333333334,3.1298478444417306,0.7555555555555555,1.421203028911416,0.42655003935918073,2.393933408020795,2.1412587719937064,0.3634783806880494,19.53056483426103,11.471169344369216,15.888694867946487,0.034994804779778614,9.388458115894446,0.6229563168416713,0.8431143410440601,0.6886161432935904,0.6229563168416713,0.0,0.48999027405737405,0.5629126068556743,0.45742012245590513,3.1298478444417306,0.7555555555555555,1.421203028911416,0.42655003935918073,2.393933408020795,2.1412587719937064,0.3634783806880494,19.53056483426103,11.471169344369216,15.888694867946487,0.034994804779778614,0.9722222222222222,0.48333333333333334,3.6093,17.338345078165162,10.937246755531852,Wh,10.937246755531852,Wh
131,b6218509c7c2727ed4f14c19d7458926,RollingRegression,"{""regression_model"": {""model"": ""ExtraTrees"", ""model_params"": {""n_estimators"": 100, ""min_samples_leaf"": 1, ""max_depth"": 10}}, ""holiday"": false, ""mean_rolling_periods"": null, ""macd_periods"": null, ""std_rolling_periods"": null, ""max_rolling_periods"": 28, ""min_rolling_periods"": 7, ""ewm_var_alpha"": null, ""quantile90_rolling_periods"": null, ""quantile10_rolling_periods"": null, ""ewm_alpha"": 0.5, ""additional_lag_periods"": 90, ""abs_energy"": false, ""rolling_autocorr_periods"": null, ""nonzero_last_n"": null, ""add_date_part"": ""simple_binarized"", ""polynomial_degree"": null, ""x_transform"": null, ""regression_type"": null}","{""fillna"": ""ffill_mean_biased"", ""transformations"": {""0"": ""Scaler""}, ""transformation_params"": {""0"": {}}}",0,2,9.388458115894444,0.6229563168416711,0.8431143410440601,0.6886161432935904,0.6229563168416711,0.0,-36.53550368148938,0.48999027405737405,75.59663335001143,0.5629126068556743,0.45742012245590524,0.9722222222222222,0.48333333333333334,3.1298478444417324,0.7555555555555555,1.4212030289114157,0.42655003935918073,2.3939334080207946,2.141258771993707,0.3634783806880494,19.530564834261025,11.471169344369216,15.888694867946487,0.03499480477977861,9.388458115894444,0.6229563168416711,0.8431143410440601,0.6886161432935904,0.6229563168416711,0.0,0.48999027405737405,0.5629126068556743,0.45742012245590524,3.1298478444417324,0.7555555555555555,1.4212030289114157,0.42655003935918073,2.3939334080207946,2.141258771993707,0.3634783806880494,19.530564834261025,11.471169344369216,15.888694867946487,0.03499480477977861,0.9722222222222222,0.48333333333333334,3.50835,17.33831745644934,10.937246755531845,Wh,10.937246755531845,Wh
132,fda6f2211baea2cc674372d11442d16e,DatepartRegression,"{""regression_model"": {""model"": ""RandomForest"", ""model_params"": {""n_estimators"": 100, ""min_samples_leaf"": 2, ""bootstrap"": true}}, ""datepart_method"": ""expanded"", ""polynomial_degree"": null, ""holiday_countries_used"": false, ""lags"": null, ""forward_lags"": null, ""regression_type"": null}","{""fillna"": ""ffill"", ""transformations"": {}, ""transformation_params"": {}}",0,2,9.392036014541649,0.6193504485596129,0.8288795642357312,0.6384580092302723,0.6193504485596129,0.0,-45.251710847016476,0.5069649951372214,66.23136989371386,0.5426554142870044,0.4530982136271574,0.9777777777777779,0.5055555555555555,3.0613252285435113,0.6722222222222223,1.4478550818715261,0.4253372683933957,2.237970692265717,2.4173074318080285,0.22574820380830973,27.968937356919927,19.01315269084714,22.261542742245112,0.04884540511245306,9.392036014541649,0.6193504485596129,0.8288795642357312,0.6384580092302723,0.6193504485596129,0.0,0.5069649951372214,0.5426554142870044,0.4530982136271574,3.0613252285435113,0.6722222222222223,1.4478550818715261,0.4253372683933957,2.237970692265717,2.4173074318080285,0.22574820380830973,27.968937356919927,19.01315269084714,22.261542742245112,0.04884540511245306,0.9777777777777779,0.5055555555555555,0.35119999999999996,17.249924311358036,10.813784921784832,Wh,10.813784921784832,Wh
133,f06fbd1aee6bada03029191d1817a5d4,DatepartRegression,"{""regression_model"": {""model"": ""RandomForest"", ""model_params"": {""n_estimators"": 100, ""min_samples_leaf"": 2, ""bootstrap"": true}}, ""datepart_method"": ""expanded"", ""polynomial_degree"": null, ""holiday_countries_used"": false, ""lags"": null, ""forward_lags"": null, ""regression_type"": null}","{""fillna"": ""ffill"", ""transformations"": {""0"": ""Scaler""}, ""transformation_params"": {""0"": {}}}",0,2,9.392036014541647,0.6193504485596127,0.828879564235731,0.6384580092302725,0.6193504485596127,0.0,-45.251710847016454,0.5069649951372214,66.23136989371386,0.5426554142870043,0.4530982136271574,0.9777777777777779,0.5055555555555555,3.061325228543512,0.6722222222222223,1.4478550818715261,0.4253372683933955,2.2379706922657165,2.4173074318080285,0.22574820380830973,27.96893735691989,19.013152690847118,22.261542742245105,0.048845405112453,9.392036014541647,0.6193504485596127,0.828879564235731,0.6384580092302725,0.6193504485596127,0.0,0.5069649951372214,0.5426554142870043,0.4530982136271574,3.061325228543512,0.6722222222222223,1.4478550818715261,0.4253372683933955,2.2379706922657165,2.4173074318080285,0.22574820380830973,27.96893735691989,19.013152690847118,22.261542742245105,0.048845405112453,0.9777777777777779,0.5055555555555555,0.3377,17.24992061751788,10.813784921784832,Wh,10.813784921784832,Wh
134,641b66d3baabdf12c7bffd5735c323d0,DatepartRegression,"{""regression_model"": {""model"": ""RandomForest"", ""model_params"": {""n_estimators"": 100, ""min_samples_leaf"": 2, ""bootstrap"": true}}, ""datepart_method"": ""expanded"", ""polynomial_degree"": null, ""holiday_countries_used"": false, ""lags"": null, ""forward_lags"": null, ""regression_type"": null}","{""fillna"": ""ffill"", ""transformations"": {""0"": null}, ""transformation_params"": {""0"": {}}}",0,2,9.392036014541645,0.6193504485596129,0.828879564235731,0.6384580092302723,0.6193504485596129,0.0,-45.25171084701644,0.5069649951372214,66.23136989371389,0.5426554142870045,0.4530982136271574,0.9777777777777779,0.5055555555555555,3.0613252285435113,0.6722222222222223,1.4478550818715261,0.4253372683933957,2.237970692265717,2.417307431808027,0.22574820380830973,27.968937356919916,19.013152690847132,22.261542742245098,0.04884540511245304,9.392036014541645,0.6193504485596129,0.828879564235731,0.6384580092302723,0.6193504485596129,0.0,0.5069649951372214,0.5426554142870045,0.4530982136271574,3.0613252285435113,0.6722222222222223,1.4478550818715261,0.4253372683933957,2.237970692265717,2.417307431808027,0.22574820380830973,27.968937356919916,19.013152690847132,22.261542742245098,0.04884540511245304,0.9777777777777779,0.5055555555555555,0.33605,17.249920166048526,10.813784921784828,Wh,10.813784921784828,Wh
135,818e2bf61c191bb85d4ec11e6599d616,DatepartRegression,"{""regression_model"": {""model"": ""RandomForest"", ""model_params"": {""n_estimators"": 100, ""min_samples_leaf"": 2, ""bootstrap"": true}}, ""datepart_method"": ""expanded"", ""polynomial_degree"": null, ""holiday_countries_used"": false, ""lags"": null, ""forward_lags"": null, ""regression_type"": null}","{""fillna"": ""quadratic"", ""transformations"": {""0"": ""Scaler""}, ""transformation_params"": {""0"": {}}}",0,2,9.392036014541642,0.6193504485596126,0.8288795642357307,0.6384580092302723,0.6193504485596126,0.0,-45.25171084701646,0.5069649951372212,66.2313698937138,0.5426554142870041,0.4530982136271573,0.9777777777777779,0.5055555555555555,3.0613252285435113,0.6722222222222223,1.447855081871526,0.42533726839339536,2.2379706922657157,2.4173074318080277,0.22574820380830973,27.968937356919863,19.013152690847086,22.26154274224512,0.048845405112452944,9.392036014541642,0.6193504485596126,0.8288795642357307,0.6384580092302723,0.6193504485596126,0.0,0.5069649951372212,0.5426554142870041,0.4530982136271573,3.0613252285435113,0.6722222222222223,1.447855081871526,0.42533726839339536,2.2379706922657157,2.4173074318080277,0.22574820380830973,27.968937356919863,19.013152690847086,22.26154274224512,0.048845405112452944,0.9777777777777779,0.5055555555555555,0.32830000000000004,17.24991804551065,10.813784921784832,Wh,10.813784921784832,Wh
136,58fcf097f56e37bb345256cb875e3ccf,DatepartRegression,"{""regression_model"": {""model"": ""RandomForest"", ""model_params"": {""n_estimators"": 100, ""min_samples_leaf"": 2, ""bootstrap"": true}}, ""datepart_method"": ""expanded"", ""polynomial_degree"": null, ""holiday_countries_used"": false, ""lags"": null, ""forward_lags"": null, ""regression_type"": null}","{""fillna"": ""rolling_mean_24"", ""transformations"": {""0"": ""Scaler""}, ""transformation_params"": {""0"": {}}}",0,2,9.392036014541642,0.6193504485596125,0.8288795642357307,0.6384580092302723,0.6193504485596125,0.0,-45.25171084701649,0.5069649951372212,66.23136989371376,0.542655414287004,0.4530982136271573,0.9777777777777779,0.5055555555555555,3.0613252285435113,0.6722222222222223,1.447855081871526,0.42533726839339536,2.2379706922657157,2.4173074318080277,0.22574820380830973,27.968937356919856,19.013152690847086,22.26154274224512,0.04884540511245293,9.392036014541642,0.6193504485596125,0.8288795642357307,0.6384580092302723,0.6193504485596125,0.0,0.5069649951372212,0.542655414287004,0.4530982136271573,3.0613252285435113,0.6722222222222223,1.447855081871526,0.42533726839339536,2.2379706922657157,2.4173074318080277,0.22574820380830973,27.968937356919856,19.013152690847086,22.26154274224512,0.04884540511245293,0.9777777777777779,0.5055555555555555,0.31875,17.249915432460764,10.813784921784828,Wh,10.813784921784828,Wh
137,b67076f9ce8cea148b359c5b0277012c,DatepartRegression,"{""regression_model"": {""model"": ""RandomForest"", ""model_params"": {""n_estimators"": 100, ""min_samples_leaf"": 2, ""bootstrap"": true}}, ""datepart_method"": ""expanded"", ""polynomial_degree"": null, ""holiday_countries_used"": false, ""lags"": null, ""forward_lags"": null, ""regression_type"": null}","{""fillna"": ""mean"", ""transformations"": {""0"": ""Scaler""}, ""transformation_params"": {""0"": {}}}",0,2,9.392036014541647,0.6193504485596129,0.8288795642357312,0.6384580092302723,0.6193504485596129,0.0,-45.25171084701645,0.5069649951372215,66.23136989371388,0.5426554142870044,0.4530982136271574,0.9777777777777779,0.5055555555555555,3.0613252285435113,0.6722222222222223,1.4478550818715261,0.4253372683933957,2.237970692265717,2.4173074318080303,0.22574820380830973,27.96893735691994,19.01315269084714,22.26154274224512,0.04884540511245309,9.392036014541647,0.6193504485596129,0.8288795642357312,0.6384580092302723,0.6193504485596129,0.0,0.5069649951372215,0.5426554142870044,0.4530982136271574,3.0613252285435113,0.6722222222222223,1.4478550818715261,0.4253372683933957,2.237970692265717,2.4173074318080303,0.22574820380830973,27.96893735691994,19.01315269084714,22.26154274224512,0.04884540511245309,0.9777777777777779,0.5055555555555555,0.2969,17.24990945391208,10.813784921784828,Wh,10.813784921784828,Wh
138,b2f1becf7bc5824cd648e72f2239ad12,DatepartRegression,"{""regression_model"": {""model"": ""RandomForest"", ""model_params"": {""n_estimators"": 100, ""min_samples_leaf"": 2, ""bootstrap"": true}}, ""datepart_method"": ""expanded"", ""polynomial_degree"": null, ""holiday_countries_used"": false, ""lags"": null, ""forward_lags"": null, ""regression_type"": null}","{""fillna"": ""quadratic"", ""transformations"": {""0"": ""Scaler"", ""1"": ""Scaler""}, ""transformation_params"": {""0"": {}, ""1"": {}}}",0,2,9.392036014541642,0.6193504485596125,0.828879564235731,0.6384580092302724,0.6193504485596125,0.0,-45.25171084701646,0.5069649951372213,66.23136989371382,0.5426554142870043,0.4530982136271573,0.9777777777777779,0.5055555555555555,3.0613252285435113,0.6722222222222223,1.447855081871526,0.4253372683933955,2.2379706922657165,2.417307431808028,0.22574820380830973,27.968937356919874,19.013152690847114,22.261542742245112,0.048845405112452965,9.392036014541642,0.6193504485596125,0.828879564235731,0.6384580092302724,0.6193504485596125,0.0,0.5069649951372213,0.5426554142870043,0.4530982136271573,3.0613252285435113,0.6722222222222223,1.447855081871526,0.4253372683933955,2.2379706922657165,2.417307431808028,0.22574820380830973,27.968937356919874,19.013152690847114,22.261542742245112,0.048845405112452965,0.9777777777777779,0.5055555555555555,0.2934,17.24990849624981,10.813784921784826,Wh,10.813784921784826,Wh
139,c9f90011a4149bf31da9db90392170ed,RollingRegression,"{""regression_model"": {""model"": ""ExtraTrees"", ""model_params"": {""n_estimators"": 100, ""min_samples_leaf"": 1, ""max_depth"": 10}}, ""holiday"": false, ""mean_rolling_periods"": null, ""macd_periods"": null, ""std_rolling_periods"": null, ""max_rolling_periods"": 28, ""min_rolling_periods"": null, ""ewm_var_alpha"": null, ""quantile90_rolling_periods"": null, ""quantile10_rolling_periods"": null, ""ewm_alpha"": 0.5, ""additional_lag_periods"": 90, ""abs_energy"": false, ""rolling_autocorr_periods"": null, ""nonzero_last_n"": null, ""add_date_part"": null, ""polynomial_degree"": null, ""x_transform"": null, ""regression_type"": null}","{""fillna"": ""ffill_mean_biased"", ""transformations"": {""0"": null}, ""transformation_params"": {""0"": {}}}",0,1,8.92191092595696,0.535637833781154,0.7132053142160877,1.0295653676188574,0.535637833781154,0.0,-11.56640472209454,0.4127566498470485,36.64100031820933,0.5129717295747744,0.5202104331769734,0.9555555555555556,0.4777777777777778,2.261615983247757,0.5333333333333333,1.535074935590726,0.37052085979204424,2.2641090417048955,0.7052317318663691,0.6942523442365351,25.074595596114793,14.320207115747712,2.84467058750992,0.04618115988852178,8.92191092595696,0.535637833781154,0.7132053142160877,1.0295653676188574,0.535637833781154,0.0,0.4127566498470485,0.5129717295747744,0.5202104331769734,2.261615983247757,0.5333333333333333,1.535074935590726,0.37052085979204424,2.2641090417048955,0.7052317318663691,0.6942523442365351,25.074595596114793,14.320207115747712,2.84467058750992,0.04618115988852178,0.9555555555555556,0.4777777777777778,2.9728,16.87151559959985,7.760701051776396,Wh,7.760701051776396,Wh
140,4db21e3bb484783e57cf368c44b54b99,RollingRegression,"{""regression_model"": {""model"": ""ExtraTrees"", ""model_params"": {""n_estimators"": 100, ""min_samples_leaf"": 1, ""max_depth"": 10}}, ""holiday"": false, ""mean_rolling_periods"": null, ""macd_periods"": null, ""std_rolling_periods"": null, ""max_rolling_periods"": 28, ""min_rolling_periods"": null, ""ewm_var_alpha"": null, ""quantile90_rolling_periods"": null, ""quantile10_rolling_periods"": null, ""ewm_alpha"": 0.5, ""additional_lag_periods"": 90, ""abs_energy"": false, ""rolling_autocorr_periods"": null, ""nonzero_last_n"": null, ""add_date_part"": ""simple_binarized"", ""polynomial_degree"": null, ""x_transform"": null, ""regression_type"": null}","{""fillna"": ""zero"", ""transformations"": {""0"": null}, ""transformation_params"": {""0"": {}}}",0,1,8.808360546304533,0.5309070706034753,0.7331649897875824,0.7428550578965329,0.5309070706034753,0.0,-5.602375971750782,0.39111309658602317,42.179260382561985,0.520511113220569,0.5214928634432004,0.9666666666666667,0.45555555555555555,2.45993638388316,0.5555555555555556,1.5269435989354336,0.3533421205742795,2.2850949729067835,0.8163256200811247,0.3440878213744587,36.5768844108112,19.29796198280411,12.801344300468429,0.06736551106975305,8.808360546304533,0.5309070706034753,0.7331649897875824,0.7428550578965329,0.5309070706034753,0.0,0.39111309658602317,0.520511113220569,0.5214928634432004,2.45993638388316,0.5555555555555556,1.5269435989354336,0.3533421205742795,2.2850949729067835,0.8163256200811247,0.3440878213744587,36.5768844108112,19.29796198280411,12.801344300468429,0.06736551106975305,0.9666666666666667,0.45555555555555555,3.8193,16.849197655396807,7.692158397667097,Wh,7.692158397667097,Wh
141,ec95a2df16c8d68879e330071d3cee1d,RollingRegression,"{""regression_model"": {""model"": ""ExtraTrees"", ""model_params"": {""n_estimators"": 100, ""min_samples_leaf"": 1, ""max_depth"": 10}}, ""holiday"": false, ""mean_rolling_periods"": null, ""macd_periods"": null, ""std_rolling_periods"": null, ""max_rolling_periods"": 28, ""min_rolling_periods"": null, ""ewm_var_alpha"": null, ""quantile90_rolling_periods"": null, ""quantile10_rolling_periods"": null, ""ewm_alpha"": 0.5, ""additional_lag_periods"": 90, ""abs_energy"": false, ""rolling_autocorr_periods"": null, ""nonzero_last_n"": null, ""add_date_part"": ""simple_binarized"", ""polynomial_degree"": null, ""x_transform"": null, ""regression_type"": null}","{""fillna"": ""ffill_mean_biased"", ""transformations"": {""0"": ""Scaler""}, ""transformation_params"": {""0"": {}}}",0,1,8.808360546304534,0.5309070706034753,0.7331649897875824,0.7428550578965329,0.5309070706034753,0.0,-5.602375971750785,0.39111309658602317,42.179260382561985,0.520511113220569,0.5214928634432004,0.9666666666666667,0.45555555555555555,2.45993638388316,0.5555555555555556,1.5269435989354336,0.3533421205742795,2.2850949729067835,0.8163256200811247,0.3440878213744587,36.5768844108112,19.29796198280411,12.801344300468424,0.06736551106975305,8.808360546304534,0.5309070706034753,0.7331649897875824,0.7428550578965329,0.5309070706034753,0.0,0.39111309658602317,0.520511113220569,0.5214928634432004,2.45993638388316,0.5555555555555556,1.5269435989354336,0.3533421205742795,2.2850949729067835,0.8163256200811247,0.3440878213744587,36.5768844108112,19.29796198280411,12.801344300468424,0.06736551106975305,0.9666666666666667,0.45555555555555555,3.5763,16.84913116627402,7.692158397667097,Wh,7.692158397667097,Wh
142,3f395b49497bbf4dbc9b4352b851cf81,DatepartRegression,"{""regression_model"": {""model"": ""ElasticNet"", ""model_params"": {""l1_ratio"": 0.5, ""fit_intercept"": true, ""selection"": ""cyclic"", ""max_iter"": 1000}}, ""datepart_method"": ""simple_binarized"", ""polynomial_degree"": null, ""holiday_countries_used"": false, ""lags"": null, ""forward_lags"": null, ""regression_type"": null}","{""fillna"": ""rolling_mean_24"", ""transformations"": {""0"": ""Scaler""}, ""transformation_params"": {""0"": {}}}",0,1,8.664953036784235,0.5199799866881222,0.6815836418856313,0.6369039203647323,0.5199799866881222,0.0,-6.4518102635629475,0.39257748351177313,40.346388538368046,0.5106691762335849,0.5122637937819102,0.9888888888888889,0.5111111111111111,2.2055788985453546,0.43333333333333335,1.5358851230340793,0.3596736956571572,1.944705859572833,0.6852616234373982,0.00686112466145066,33.8945782748051,27.73819398365688,26.346100709305162,0.06242537123531223,8.664953036784235,0.5199799866881222,0.6815836418856313,0.6369039203647323,0.5199799866881222,0.0,0.39257748351177313,0.5106691762335849,0.5122637937819102,2.2055788985453546,0.43333333333333335,1.5358851230340793,0.3596736956571572,1.944705859572833,0.6852616234373982,0.00686112466145066,33.8945782748051,27.73819398365688,26.346100709305162,0.06242537123531223,0.9888888888888889,0.5111111111111111,0.2075,16.44083703014231,7.533839051484807,Wh,7.533839051484807,Wh
