rank,ID,Model,ModelParameters,TransformationParameters,Ensemble,Runs,smape,mae,rmse,made,mage,custom,underestimate,mle,overestimate,imle,spl,containment,contour,maxe,oda,dwae,mqae,ewmae,uwmse,smoothness,mate,wasserstein,dwd,matse,smape_weighted,mae_weighted,rmse_weighted,made_weighted,mage_weighted,custom_weighted,mle_weighted,imle_weighted,spl_weighted,maxe_weighted,oda_weighted,dwae_weighted,mqae_weighted,ewmae_weighted,uwmse_weighted,smoothness_weighted,mate_weighted,wasserstein_weighted,dwd_weighted,matse_weighted,containment_weighted,contour_weighted,TotalRuntimeSeconds,Score,lowest_series_mape,lowest_series_mape_name,highest_series_mape,highest_series_mape_name
0,4975ae2a054cc1b48ce6396893a93190,ARIMA,"{""p"": 0, ""d"": 0, ""q"": 3, ""regression_type"": null}","{""fillna"": ""ffill"", ""transformations"": {""0"": ""DifferencedTransformer"", ""1"": ""DifferencedTransformer"", ""2"": ""DifferencedTransformer"", ""3"": ""DifferencedTransformer"", ""4"": ""Scaler""}, ""transformation_params"": {""0"": {""lag"": 1, ""fill"": ""bfill""}, ""1"": {""lag"": 7, ""fill"": ""bfill""}, ""2"": {""lag"": 1, ""fill"": ""bfill""}, ""3"": {""lag"": 1, ""fill"": ""zero""}, ""4"": {}}}",0,1,162.77825482429975,232.2501564154524,321.221985379168,24.838042999418295,232.2501564154524,0.0,0.0,4.647530354917996,13935.009384927145,232.2501564154524,183767.24322602936,1.0,0.45,750.7151011620878,0.2,451.546802503185,160.57635236924625,1479.5152642493738,354005.42119263083,0.40503224512716707,13935.009384927145,6797.833384578203,429.49871093907484,42.46000125802673,162.77825482429975,232.2501564154524,321.221985379168,24.838042999418295,232.2501564154524,0.0,4.647530354917996,232.2501564154524,183767.24322602936,750.7151011620878,0.2,451.546802503185,160.57635236924625,1479.5152642493738,354005.42119263083,0.40503224512716707,13935.009384927145,6797.833384578203,429.49871093907484,42.46000125802673,1.0,0.45,0.1344,3010859.0190178533,3475.825651308861,Wh,3475.825651308861,Wh
1,43ae8b8ebb83c1e42c356ecdc3957550,WindowRegression,"{""window_size"": 16, ""input_dim"": ""univariate"", ""output_dim"": ""1step"", ""normalize_window"": false, ""max_windows"": 5000, ""fourier_encoding_components"": null, ""scale"": true, ""datepart_method"": null, ""regression_type"": null, ""regression_model"": {""model"": ""KNN"", ""model_params"": {""n_neighbors"": 5, ""weights"": ""uniform"", ""p"": 2, ""leaf_size"": 30}}}","{""fillna"": ""zero"", ""transformations"": {""0"": ""DifferencedTransformer"", ""1"": ""DifferencedTransformer"", ""2"": ""DifferencedTransformer"", ""3"": ""Scaler"", ""4"": ""DifferencedTransformer""}, ""transformation_params"": {""0"": {""lag"": 1, ""fill"": ""bfill""}, ""1"": {""lag"": 1, ""fill"": ""zero""}, ""2"": {""lag"": 1, ""fill"": ""bfill""}, ""3"": {}, ""4"": {""lag"": 1, ""fill"": ""zero""}}}",0,1,194.1527228595375,5.30024479230245,5.402844342958443,1.176766590107005,5.30024479230245,0.0,-318.014687538147,5.30024479230245,0.0,1.8175284708234578,165403.5894112595,1.0,0.55,6.628880023956299,0.8,4.9978725047675905,5.084950923919678,20.412878466368735,65.71980704083097,0.12325486206542244,318.014687538147,325.5113706121239,19.71850341840287,0.9689913842143634,194.1527228595375,5.30024479230245,5.402844342958443,1.176766590107005,5.30024479230245,0.0,5.30024479230245,1.8175284708234578,165403.5894112595,6.628880023956299,0.8,4.9978725047675905,5.084950923919678,20.412878466368735,65.71980704083097,0.12325486206542244,318.014687538147,325.5113706121239,19.71850341840287,0.9689913842143634,1.0,0.55,1.1164,2707795.5323305223,79.32277459631169,Wh,79.32277459631169,Wh
2,7d416a8a574686dbaef82616ed7e979b,DatepartRegression,"{""regression_model"": {""model"": ""Adaboost"", ""model_params"": {""n_estimators"": 50, ""loss"": ""linear"", ""estimator"": null, ""learning_rate"": 1, ""max_depth"": 3}}, ""datepart_method"": [52, ""quarter"", ""is_month_end""], ""polynomial_degree"": null, ""holiday_countries_used"": false, ""lags"": null, ""forward_lags"": null, ""regression_type"": null}","{""fillna"": ""cubic"", ""transformations"": {""0"": ""DifferencedTransformer"", ""1"": ""DifferencedTransformer"", ""2"": ""DifferencedTransformer""}, ""transformation_params"": {""0"": {""lag"": 1, ""fill"": ""bfill""}, ""1"": {""lag"": 1, ""fill"": ""bfill""}, ""2"": {""lag"": 1, ""fill"": ""bfill""}}}",0,1,187.80752743113388,507.52478313115535,709.7500313841961,45.76318689818849,507.52478313115535,0.0,-104.43554014196863,6.02824500164856,30347.051447727346,506.364360412348,11090.0197275732,1.0,0.5166666666666667,1363.142108708702,0.18333333333333332,999.2994707669179,368.22501537580314,3234.411690651658,1491840.4409504468,0.8737873080519423,30242.61590758538,14022.934459773756,994.1065627656841,92.14931070452293,187.80752743113388,507.52478313115535,709.7500313841961,45.76318689818849,507.52478313115535,0.0,6.02824500164856,506.364360412348,11090.0197275732,1363.142108708702,0.18333333333333332,999.2994707669179,368.22501537580314,3234.411690651658,1491840.4409504468,0.8737873080519423,30242.61590758538,14022.934459773756,994.1065627656841,92.14931070452293,1.0,0.5166666666666667,0.1228,187246.3113439006,7595.549932490238,Wh,7595.549932490238,Wh
3,a842b7f18f48a43725a559a862c8b9ac,RollingRegression,"{""regression_model"": {""model"": ""ExtraTrees"", ""model_params"": {""n_estimators"": 100, ""min_samples_leaf"": 1, ""max_depth"": 10}}, ""holiday"": true, ""mean_rolling_periods"": 7, ""macd_periods"": null, ""std_rolling_periods"": null, ""max_rolling_periods"": 420, ""min_rolling_periods"": 57, ""ewm_var_alpha"": null, ""quantile90_rolling_periods"": null, ""quantile10_rolling_periods"": null, ""ewm_alpha"": null, ""additional_lag_periods"": 363, ""abs_energy"": false, ""rolling_autocorr_periods"": null, ""nonzero_last_n"": null, ""add_date_part"": null, ""polynomial_degree"": null, ""x_transform"": null, ""regression_type"": null}","{""fillna"": ""linear"", ""transformations"": {""0"": ""DifferencedTransformer"", ""1"": ""DifferencedTransformer"", ""2"": ""DifferencedTransformer""}, ""transformation_params"": {""0"": {""lag"": 1, ""fill"": ""bfill""}, ""1"": {""lag"": 1, ""fill"": ""bfill""}, ""2"": {""lag"": 1, ""fill"": ""bfill""}}}",0,1,176.00549931753412,475.99122789327214,729.4824090045936,52.43224676075392,475.99122789327214,0.0,-83.55987649881979,5.564286399139562,28475.91379709751,475.0836579930744,11086.546040414618,1.0,0.48333333333333334,1564.3181055445446,0.21666666666666667,1027.64999922384,297.7948934538345,3261.550419201421,1701948.603028367,1.2272042356603943,28392.353920598685,11118.505412050643,932.4350107095513,86.5115587572504,176.00549931753412,475.99122789327214,729.4824090045936,52.43224676075392,475.99122789327214,0.0,5.564286399139562,475.0836579930744,11086.546040414618,1564.3181055445446,0.21666666666666667,1027.64999922384,297.7948934538345,3261.550419201421,1701948.603028367,1.2272042356603943,28392.353920598685,11118.505412050643,932.4350107095513,86.5115587572504,1.0,0.48333333333333334,8.2579,187063.48604059726,7123.622843766407,Wh,7123.622843766407,Wh
4,4e71a077422e63f0d68621932c54bd56,ARIMA,"{""p"": 4, ""d"": 1, ""q"": 0, ""regression_type"": ""Holiday""}","{""fillna"": ""mean"", ""transformations"": {""0"": ""Scaler"", ""1"": ""DifferencedTransformer"", ""2"": ""DifferencedTransformer"", ""3"": ""DifferencedTransformer""}, ""transformation_params"": {""0"": {}, ""1"": {""lag"": 1, ""fill"": ""zero""}, ""2"": {""lag"": 1, ""fill"": ""zero""}, ""3"": {""lag"": 1, ""fill"": ""zero""}}}",0,1,188.72619218928705,5.150282702172899,5.300909162039964,1.1504715426289809,5.150282702172899,0.0,-308.8013983939684,5.149943439062265,0.21556373640556892,1.7796492182170704,11388.52524024774,1.0,0.5666666666666667,6.628880023956299,0.8166666666666667,4.884459604481464,4.908599247330665,20.250136921295276,63.557264357297676,0.08819607521464955,308.5858346575628,307.42902200773085,18.70125229154755,0.9402616507701655,188.72619218928705,5.150282702172899,5.300909162039964,1.1504715426289809,5.150282702172899,0.0,5.149943439062265,1.7796492182170704,11388.52524024774,6.628880023956299,0.8166666666666667,4.884459604481464,4.908599247330665,20.250136921295276,63.557264357297676,0.08819607521464955,308.5858346575628,307.42902200773085,18.70125229154755,0.9402616507701655,1.0,0.5666666666666667,0.3413,186624.3405982702,77.07846144862201,Wh,77.07846144862201,Wh
5,1e5d032d466ba416722b62c79fc4ae7c,ARIMA,"{""p"": 4, ""d"": 0, ""q"": 0, ""regression_type"": null}","{""fillna"": ""rolling_mean_24"", ""transformations"": {""0"": ""Scaler"", ""1"": ""Scaler"", ""2"": ""DifferencedTransformer"", ""3"": ""DifferencedTransformer"", ""4"": ""DifferencedTransformer""}, ""transformation_params"": {""0"": {}, ""1"": {}, ""2"": {""lag"": 1, ""fill"": ""bfill""}, ""3"": {""lag"": 1, ""fill"": ""zero""}, ""4"": {""lag"": 1, ""fill"": ""zero""}}}",0,1,133.4853452789987,40.13830446221741,50.3921986450341,3.4696449690467697,40.13830446221741,0.0,0.0,3.3047570980952297,2408.2982677330447,40.13830446221741,10540.44011969625,1.0,0.45,102.42545206744276,0.2,70.5627417836906,31.078661136055036,235.1116343855536,7818.811734204443,0.05945976762019665,2408.2982677330447,1400.3266411836864,48.12774087659243,7.33808960245514,133.4853452789987,40.13830446221741,50.3921986450341,3.4696449690467697,40.13830446221741,0.0,3.3047570980952297,40.13830446221741,10540.44011969625,102.42545206744276,0.2,70.5627417836906,31.078661136055036,235.1116343855536,7818.811734204443,0.05945976762019665,2408.2982677330447,1400.3266411836864,48.12774087659243,7.33808960245514,1.0,0.45,0.0528,173067.75581300867,600.7046471058388,Wh,600.7046471058388,Wh
6,dd86cc32227cab1d3b85d3b6e9997107,ARIMA,"{""p"": 3, ""d"": 2, ""q"": 12, ""regression_type"": ""Holiday""}","{""fillna"": ""ffill_mean_biased"", ""transformations"": {""0"": ""DifferencedTransformer"", ""1"": ""DifferencedTransformer"", ""2"": ""DifferencedTransformer""}, ""transformation_params"": {""0"": {""lag"": 1, ""fill"": ""bfill""}, ""1"": {""lag"": 1, ""fill"": ""bfill""}, ""2"": {""lag"": 1, ""fill"": ""bfill""}}}",0,1,176.10272459852362,4.8659417903114255,5.087133973955278,1.1047955460251837,4.8659417903114255,0.0,-291.95650741868553,4.8659417903114255,0.0,1.7182550592204417,10080.636416260226,1.0,0.55,6.628880023956299,0.8,4.641276600956494,4.58277857019491,19.897511460591375,59.49986395181639,0.04217741324098006,291.95650741868553,277.4956173129676,18.912737370904555,0.8895920576627074,176.10272459852362,4.8659417903114255,5.087133973955278,1.1047955460251837,4.8659417903114255,0.0,4.8659417903114255,1.7182550592204417,10080.636416260226,6.628880023956299,0.8,4.641276600956494,4.58277857019491,19.897511460591375,59.49986395181639,0.04217741324098006,291.95650741868553,277.4956173129676,18.912737370904555,0.8895920576627074,1.0,0.55,3.4824,165202.21299578034,72.82305232245228,Wh,72.82305232245228,Wh
7,e65e1ab2219184445467df20e9b0f55a,RollingRegression,"{""regression_model"": {""model"": ""ExtraTrees"", ""model_params"": {""n_estimators"": 100, ""min_samples_leaf"": 1, ""max_depth"": 10}}, ""holiday"": false, ""mean_rolling_periods"": null, ""macd_periods"": null, ""std_rolling_periods"": null, ""max_rolling_periods"": 420, ""min_rolling_periods"": 57, ""ewm_var_alpha"": null, ""quantile90_rolling_periods"": null, ""quantile10_rolling_periods"": null, ""ewm_alpha"": null, ""additional_lag_periods"": 90, ""abs_energy"": false, ""rolling_autocorr_periods"": null, ""nonzero_last_n"": null, ""add_date_part"": null, ""polynomial_degree"": null, ""x_transform"": null, ""regression_type"": null}","{""fillna"": ""fake_date"", ""transformations"": {""0"": ""DifferencedTransformer"", ""1"": ""DifferencedTransformer"", ""2"": ""DifferencedTransformer"", ""3"": ""Scaler""}, ""transformation_params"": {""0"": {""lag"": 7, ""fill"": ""bfill""}, ""1"": {""lag"": 1, ""fill"": ""bfill""}, ""2"": {""lag"": 1, ""fill"": ""bfill""}, ""3"": {}}}",0,1,187.9112160461968,745.9634192625289,1031.8563327134202,80.42488930219619,745.9634192625289,0.0,0.0,5.952188456847952,44757.80515575173,745.9634192625289,8785.617148690737,0.9666666666666667,0.45,2430.7945239430464,0.2,1450.503580979329,513.1625266298611,4751.033264952082,3679050.2560096253,1.1535747969687977,44757.80515575173,22003.712008595863,1449.2969347032356,136.37712115754485,187.9112160461968,745.9634192625289,1031.8563327134202,80.42488930219619,745.9634192625289,0.0,5.952188456847952,745.9634192625289,8785.617148690737,2430.7945239430464,0.2,1450.503580979329,513.1625266298611,4751.033264952082,3679050.2560096253,1.1535747969687977,44757.80515575173,22003.712008595863,1449.2969347032356,136.37712115754485,0.9666666666666667,0.45,1.9222,152106.70491830597,11163.991566802897,Wh,11163.991566802897,Wh
8,689b841b68f4f3785bdaa1db7c41a361,ARIMA,"{""p"": 1, ""d"": 2, ""q"": 3, ""regression_type"": null}","{""fillna"": ""ffill"", ""transformations"": {""0"": ""DifferencedTransformer"", ""1"": ""DifferencedTransformer"", ""2"": ""DifferencedTransformer""}, ""transformation_params"": {""0"": {""lag"": 1, ""fill"": ""bfill""}, ""1"": {""lag"": 7, ""fill"": ""bfill""}, ""2"": {""lag"": 1, ""fill"": ""bfill""}}}",0,1,161.78424685613555,319.86562019734475,471.75540810338674,40.00168776759091,319.86562019734475,0.0,0.0,4.767564311268719,19191.937211840686,319.86562019734475,8329.622341786526,1.0,0.45,1209.0272603121168,0.2,664.0016846810512,202.12425888300916,2137.75190324387,828706.7661411463,0.7030477680402888,19191.937211840686,8377.794462658187,603.4286068577733,58.47787078207167,161.78424685613555,319.86562019734475,471.75540810338674,40.00168776759091,319.86562019734475,0.0,4.767564311268719,319.86562019734475,8329.622341786526,1209.0272603121168,0.2,664.0016846810512,202.12425888300916,2137.75190324387,828706.7661411463,0.7030477680402888,19191.937211840686,8377.794462658187,603.4286068577733,58.47787078207167,1.0,0.45,0.2241,140074.8596729293,4787.067293358245,Wh,4787.067293358245,Wh
9,3095ce3eee97b24aacc2de3beee95110,ARIMA,"{""p"": 0, ""d"": 2, ""q"": 3, ""regression_type"": null}","{""fillna"": ""ffill_mean_biased"", ""transformations"": {""0"": ""Scaler"", ""1"": ""DifferencedTransformer"", ""2"": ""Scaler"", ""3"": ""DifferencedTransformer"", ""4"": ""DifferencedTransformer""}, ""transformation_params"": {""0"": {}, ""1"": {""lag"": 1, ""fill"": ""bfill""}, ""2"": {}, ""3"": {""lag"": 1, ""fill"": ""zero""}, ""4"": {""lag"": 1, ""fill"": ""bfill""}}}",0,1,171.94655140270336,4.718766073276194,5.019414403578119,1.1153530160457197,4.718766073276194,0.0,-283.1259643965716,4.718766073276194,0.0,1.6573513274365688,8516.075831269485,1.0,0.55,6.628880023956299,0.8,4.514816589894157,4.414554189104182,19.71586421905916,57.816108733767884,0.037931449005468215,283.1259643965716,261.49798849495403,18.912064065874986,0.8626853755449633,171.94655140270336,4.718766073276194,5.019414403578119,1.1153530160457197,4.718766073276194,0.0,4.718766073276194,1.6573513274365688,8516.075831269485,6.628880023956299,0.8,4.514816589894157,4.414554189104182,19.71586421905916,57.816108733767884,0.037931449005468215,283.1259643965716,261.49798849495403,18.912064065874986,0.8626853755449633,1.0,0.55,0.1591,139586.53067334025,70.62043967229866,Wh,70.62043967229866,Wh
10,05d70e7ea34e27d6b32a8ece125ee225,RollingRegression,"{""regression_model"": {""model"": ""Adaboost"", ""model_params"": {""n_estimators"": 200, ""loss"": ""linear"", ""estimator"": ""LinReg"", ""learning_rate"": 1}}, ""holiday"": false, ""mean_rolling_periods"": 7, ""macd_periods"": 4, ""std_rolling_periods"": 30, ""max_rolling_periods"": null, ""min_rolling_periods"": 28, ""ewm_var_alpha"": null, ""quantile90_rolling_periods"": null, ""quantile10_rolling_periods"": null, ""ewm_alpha"": null, ""additional_lag_periods"": 27, ""abs_energy"": false, ""rolling_autocorr_periods"": null, ""nonzero_last_n"": null, ""add_date_part"": null, ""polynomial_degree"": null, ""x_transform"": null, ""regression_type"": null}","{""fillna"": ""ffill"", ""transformations"": {""0"": ""Scaler"", ""1"": ""DifferencedTransformer"", ""2"": ""DifferencedTransformer"", ""3"": ""DifferencedTransformer""}, ""transformation_params"": {""0"": {}, ""1"": {""lag"": 2, ""fill"": ""zero""}, ""2"": {""lag"": 7, ""fill"": ""bfill""}, ""3"": {""lag"": 1, ""fill"": ""zero""}}}",0,1,174.6163326379453,630.7089811255911,849.0043293441082,54.8391999830685,630.7089811255911,0.0,0.0,5.5415807449267565,37842.53886753546,630.7089811255911,7685.9108390736965,0.9833333333333333,0.45,1657.4822567100553,0.2,1193.7411281429454,469.22327270431776,3908.405375378668,2158127.24816069,0.8039663143491229,37842.53886753546,19142.581717952922,1220.4995105495711,115.3062910499706,174.6163326379453,630.7089811255911,849.0043293441082,54.8391999830685,630.7089811255911,0.0,5.5415807449267565,630.7089811255911,7685.9108390736965,1657.4822567100553,0.2,1193.7411281429454,469.22327270431776,3908.405375378668,2158127.24816069,0.8039663143491229,37842.53886753546,19142.581717952922,1220.4995105495711,115.3062910499706,0.9833333333333333,0.45,0.3999,132749.61378347193,9439.108627275607,Wh,9439.108627275607,Wh
11,bffc4e83d1ee097a2e0890131e453b1d,RollingRegression,"{""regression_model"": {""model"": ""ExtraTrees"", ""model_params"": {""n_estimators"": 100, ""min_samples_leaf"": 1, ""max_depth"": 10}}, ""holiday"": false, ""mean_rolling_periods"": null, ""macd_periods"": null, ""std_rolling_periods"": null, ""max_rolling_periods"": 420, ""min_rolling_periods"": 7, ""ewm_var_alpha"": null, ""quantile90_rolling_periods"": null, ""quantile10_rolling_periods"": null, ""ewm_alpha"": null, ""additional_lag_periods"": 27, ""abs_energy"": false, ""rolling_autocorr_periods"": null, ""nonzero_last_n"": null, ""add_date_part"": null, ""polynomial_degree"": null, ""x_transform"": null, ""regression_type"": null}","{""fillna"": ""linear"", ""transformations"": {""0"": ""Scaler"", ""1"": ""DifferencedTransformer"", ""2"": ""DifferencedTransformer"", ""3"": ""DifferencedTransformer""}, ""transformation_params"": {""0"": {}, ""1"": {""lag"": 1, ""fill"": ""bfill""}, ""2"": {""lag"": 2, ""fill"": ""zero""}, ""3"": {""lag"": 1, ""fill"": ""bfill""}}}",0,1,128.8635024681799,10.802031900295564,12.748925109866528,2.134854845341395,10.802031900295564,0.0,-90.90036964416504,3.2179767385748193,557.2215443735688,9.82629167663519,7920.995141128122,1.0,0.43333333333333335,20.955071315712377,0.5166666666666667,15.637514688476259,9.219102871793465,35.929736450466926,330.38545544349216,0.281984693778994,466.3211747294038,643.830769416549,27.610416955373086,1.4208815450868466,128.8635024681799,10.802031900295564,12.748925109866528,2.134854845341395,10.802031900295564,0.0,3.2179767385748193,9.82629167663519,7920.995141128122,20.955071315712377,0.5166666666666667,15.637514688476259,9.219102871793465,35.929736450466926,330.38545544349216,0.281984693778994,466.3211747294038,643.830769416549,27.610416955373086,1.4208815450868466,1.0,0.43333333333333335,1.8764,129877.1775417793,161.66180529127885,Wh,161.66180529127885,Wh
12,28d7f3950bc8282c2e68f7a193ab1806,RollingRegression,"{""regression_model"": {""model"": ""ExtraTrees"", ""model_params"": {""n_estimators"": 100, ""min_samples_leaf"": 1, ""max_depth"": 10}}, ""holiday"": false, ""mean_rolling_periods"": 5, ""macd_periods"": null, ""std_rolling_periods"": null, ""max_rolling_periods"": null, ""min_rolling_periods"": 28, ""ewm_var_alpha"": null, ""quantile90_rolling_periods"": null, ""quantile10_rolling_periods"": null, ""ewm_alpha"": null, ""additional_lag_periods"": 59, ""abs_energy"": false, ""rolling_autocorr_periods"": null, ""nonzero_last_n"": null, ""add_date_part"": null, ""polynomial_degree"": null, ""x_transform"": null, ""regression_type"": null}","{""fillna"": ""nearest"", ""transformations"": {""0"": ""DifferencedTransformer"", ""1"": ""DifferencedTransformer"", ""2"": ""DifferencedTransformer""}, ""transformation_params"": {""0"": {""lag"": 1, ""fill"": ""bfill""}, ""1"": {""lag"": 2, ""fill"": ""zero""}, ""2"": {""lag"": 1, ""fill"": ""bfill""}}}",0,1,157.1514218426701,26.339110713033946,45.12981110238887,8.096207695280562,26.339110713033946,0.0,-144.58303208349315,3.9713452437291976,1435.7636106985435,24.793492715123705,7816.503148025276,1.0,0.43333333333333335,112.76759678693622,0.6833333333333333,51.58380842782335,12.88189841737438,70.27381340032767,4050.8789107607345,0.9410130249700073,1291.1805786150503,1777.4827850806605,258.2924921104176,3.934229786140998,157.1514218426701,26.339110713033946,45.12981110238887,8.096207695280562,26.339110713033946,0.0,3.9713452437291976,24.793492715123705,7816.503148025276,112.76759678693622,0.6833333333333333,51.58380842782335,12.88189841737438,70.27381340032767,4050.8789107607345,0.9410130249700073,1291.1805786150503,1777.4827850806605,258.2924921104176,3.934229786140998,1.0,0.43333333333333335,1.8713,128407.13760548002,394.18770717751937,Wh,394.18770717751937,Wh
13,d2dd8bd795ad714be0e696f4376f2b2b,WindowRegression,"{""window_size"": 10, ""input_dim"": ""univariate"", ""output_dim"": ""1step"", ""normalize_window"": false, ""max_windows"": 5000000, ""fourier_encoding_components"": null, ""scale"": true, ""datepart_method"": null, ""regression_type"": null, ""regression_model"": {""model"": ""HistGradientBoost"", ""model_params"": {""loss"": ""squared_error"", ""learning_rate"": 0.01, ""max_depth"": 20, ""min_samples_leaf"": 20, ""max_iter"": 250, ""l2_regularization"": 0}}}","{""fillna"": ""time"", ""transformations"": {""0"": ""DifferencedTransformer"", ""1"": ""Scaler"", ""2"": ""DifferencedTransformer"", ""3"": ""DifferencedTransformer""}, ""transformation_params"": {""0"": {""lag"": 2, ""fill"": ""bfill""}, ""1"": {}, ""2"": {""lag"": 1, ""fill"": ""bfill""}, ""3"": {""lag"": 2, ""fill"": ""zero""}}}",0,1,181.97059198332846,468.66242713952136,599.6079083886086,40.432114859699794,468.66242713952136,0.0,0.0,5.569095404953759,28119.74562837128,468.66242713952136,7165.596975999498,0.9833333333333333,0.45,1222.036663589299,0.2,840.1005049161333,359.8390182040661,2788.592897615778,1109072.85915362,0.6208116517073768,28119.74562837128,15715.359706606177,898.8126866466216,85.68092074968334,181.97059198332846,468.66242713952136,599.6079083886086,40.432114859699794,468.66242713952136,0.0,5.569095404953759,468.66242713952136,7165.596975999498,1222.036663589299,0.2,840.1005049161333,359.8390182040661,2788.592897615778,1109072.85915362,0.6208116517073768,28119.74562837128,15715.359706606177,898.8126866466216,85.68092074968334,0.9833333333333333,0.45,0.8614,122384.61134457194,7013.940964337867,Wh,7013.940964337867,Wh
14,b2c79b4b10823c56391742df072e2d22,RollingRegression,"{""regression_model"": {""model"": ""ExtraTrees"", ""model_params"": {""n_estimators"": 100, ""min_samples_leaf"": 1, ""max_depth"": 10}}, ""holiday"": false, ""mean_rolling_periods"": 12, ""macd_periods"": null, ""std_rolling_periods"": null, ""max_rolling_periods"": null, ""min_rolling_periods"": 7, ""ewm_var_alpha"": null, ""quantile90_rolling_periods"": null, ""quantile10_rolling_periods"": null, ""ewm_alpha"": null, ""additional_lag_periods"": 27, ""abs_energy"": false, ""rolling_autocorr_periods"": null, ""nonzero_last_n"": null, ""add_date_part"": null, ""polynomial_degree"": null, ""x_transform"": null, ""regression_type"": null}","{""fillna"": ""ffill"", ""transformations"": {""0"": ""Scaler"", ""1"": ""DifferencedTransformer"", ""2"": ""DifferencedTransformer"", ""3"": ""DifferencedTransformer"", ""4"": ""Scaler""}, ""transformation_params"": {""0"": {}, ""1"": {""lag"": 2, ""fill"": ""zero""}, ""2"": {""lag"": 1, ""fill"": ""bfill""}, ""3"": {""lag"": 7, ""fill"": ""bfill""}, ""4"": {}}}",0,1,176.91940917862692,6.119832654767424,6.5677958121388675,1.9629276529817195,6.119832654767424,0.0,-257.83067894767646,4.725363515725896,109.35928033836898,3.3138486731223766,7365.15029992963,0.9833333333333333,0.5166666666666667,14.397446087525509,0.7833333333333333,6.631267535582902,5.249171572142953,21.330196598538386,155.0451440200201,0.2718449019718385,148.47139860930744,131.39613536887424,26.840315579955575,0.4523926462906463,176.91940917862692,6.119832654767424,6.5677958121388675,1.9629276529817195,6.119832654767424,0.0,4.725363515725896,3.3138486731223766,7365.15029992963,14.397446087525509,0.7833333333333333,6.631267535582902,5.249171572142953,21.330196598538386,155.0451440200201,0.2718449019718385,148.47139860930744,131.39613536887424,26.840315579955575,0.4523926462906463,0.9833333333333333,0.5166666666666667,1.8572,120762.52791130853,91.588620009829,Wh,91.588620009829,Wh
15,979eb0b8a9f39b693d0101e637ab01c4,ARIMA,"{""p"": 7, ""d"": 0, ""q"": 12, ""regression_type"": null}","{""fillna"": ""ffill"", ""transformations"": {""0"": ""DifferencedTransformer"", ""1"": ""DifferencedTransformer"", ""2"": ""Scaler"", ""3"": ""DifferencedTransformer"", ""4"": ""Scaler""}, ""transformation_params"": {""0"": {""lag"": 2, ""fill"": ""bfill""}, ""1"": {""lag"": 1, ""fill"": ""zero""}, ""2"": {}, ""3"": {""lag"": 1, ""fill"": ""zero""}, ""4"": {}}}",0,1,122.6960247699844,21.53206153843805,24.58934441353054,1.7827321787356891,21.53206153843805,0.0,0.0,2.9590691771983013,1291.923692306283,21.53206153843805,6872.900609271985,0.9833333333333333,0.48333333333333334,44.779568784364045,0.2,34.148194780283575,18.084786723043017,114.65795547509775,1776.986548837662,0.2313982163799727,1291.923692306283,901.0088305834037,13.220841806096969,3.9364940550333265,122.6960247699844,21.53206153843805,24.58934441353054,1.7827321787356891,21.53206153843805,0.0,2.9590691771983013,21.53206153843805,6872.900609271985,44.779568784364045,0.2,34.148194780283575,18.084786723043017,114.65795547509775,1776.986548837662,0.2313982163799727,1291.923692306283,901.0088305834037,13.220841806096969,3.9364940550333265,0.9833333333333333,0.48333333333333334,9.7932,112820.27651381667,322.2460340865649,Wh,322.2460340865649,Wh
16,588a58a600255231ccd79805248fcf5d,ARIMA,"{""p"": 4, ""d"": 2, ""q"": 12, ""regression_type"": ""Holiday""}","{""fillna"": ""time"", ""transformations"": {""0"": ""DifferencedTransformer"", ""1"": ""DifferencedTransformer"", ""2"": ""Scaler""}, ""transformation_params"": {""0"": {""lag"": 1, ""fill"": ""bfill""}, ""1"": {""lag"": 2, ""fill"": ""bfill""}, ""2"": {}}}",0,1,172.72810087708302,890.579665660714,1314.523478852149,109.78423161693041,890.579665660714,0.0,0.0,5.651418954774062,53434.77993964284,890.579665660714,1493.246187282658,1.0,0.45,3318.163212223933,0.2,1850.3870210973919,564.992445845404,5957.937137890933,6344541.002050066,1.2958467764800405,53434.77993964284,23153.171457939796,1736.3819719610951,162.81588054857835,172.72810087708302,890.579665660714,1314.523478852149,109.78423161693041,890.579665660714,0.0,5.651418954774062,890.579665660714,1493.246187282658,3318.163212223933,0.2,1850.3870210973919,564.992445845404,5957.937137890933,6344541.002050066,1.2958467764800405,53434.77993964284,23153.171457939796,1736.3819719610951,162.81588054857835,1.0,0.45,10.7152,34591.87037719572,13328.299512101534,Wh,13328.299512101534,Wh
17,df7014358193e669ee1fc99e83f8b6e6,ARIMA,"{""p"": 2, ""d"": 1, ""q"": 1, ""regression_type"": null}","{""fillna"": ""akima"", ""transformations"": {""0"": ""Scaler"", ""1"": ""DifferencedTransformer"", ""2"": ""Scaler"", ""3"": ""DifferencedTransformer""}, ""transformation_params"": {""0"": {}, ""1"": {""lag"": 1, ""fill"": ""bfill""}, ""2"": {}, ""3"": {""lag"": 2, ""fill"": ""bfill""}}}",0,1,139.65085843975496,47.298392256443115,58.80595460379879,3.9461608438895297,47.298392256443115,0.0,0.0,3.4713513550250577,2837.903535386587,47.298392256443115,584.2975988435785,1.0,0.45,117.68022608207535,0.2,82.2546673910909,37.021495502428614,274.45360573156535,10530.787898760882,0.04800486380465719,2837.903535386587,1678.7852843006544,62.34159390051263,8.647097705797703,139.65085843975496,47.298392256443115,58.80595460379879,3.9461608438895297,47.298392256443115,0.0,3.4713513550250577,47.298392256443115,584.2975988435785,117.68022608207535,0.2,82.2546673910909,37.021495502428614,274.45360573156535,10530.787898760882,0.04800486380465719,2837.903535386587,1678.7852843006544,62.34159390051263,8.647097705797703,1.0,0.45,0.0541,10167.466644905564,707.8615903126911,Wh,707.8615903126911,Wh
18,beecfbd494ea6f3d669b6509198e6598,RollingRegression,"{""regression_model"": {""model"": ""DecisionTree"", ""model_params"": {""max_depth"": null, ""min_samples_split"": 1.0}}, ""holiday"": false, ""mean_rolling_periods"": 7, ""macd_periods"": 2, ""std_rolling_periods"": 30, ""max_rolling_periods"": null, ""min_rolling_periods"": null, ""ewm_var_alpha"": null, ""quantile90_rolling_periods"": null, ""quantile10_rolling_periods"": null, ""ewm_alpha"": null, ""additional_lag_periods"": 90, ""abs_energy"": false, ""rolling_autocorr_periods"": 2, ""nonzero_last_n"": null, ""add_date_part"": ""simple_binarized"", ""polynomial_degree"": null, ""x_transform"": null, ""regression_type"": null}","{""fillna"": ""ffill"", ""transformations"": {""0"": ""DifferencedTransformer"", ""1"": ""Scaler"", ""2"": ""DifferencedTransformer"", ""3"": ""Scaler""}, ""transformation_params"": {""0"": {""lag"": 1, ""fill"": ""bfill""}, ""1"": {}, ""2"": {""lag"": 1, ""fill"": ""zero""}, ""3"": {}}}",0,1,167.08090976385114,263.9751930992625,351.8590691395614,25.425516500952224,263.9751930992625,0.0,0.0,4.835368303279079,15838.511585955752,263.9751930992625,435.0984722838922,1.0,0.45,768.4711389120995,0.2,493.99607953238575,192.04334894826064,1630.8286504568916,402081.43260984437,0.3532354595466104,15838.511585955752,8226.33986808734,492.47768851052473,48.25997624317123,167.08090976385114,263.9751930992625,351.8590691395614,25.425516500952224,263.9751930992625,0.0,4.835368303279079,263.9751930992625,435.0984722838922,768.4711389120995,0.2,493.99607953238575,192.04334894826064,1630.8286504568916,402081.43260984437,0.3532354595466104,15838.511585955752,8226.33986808734,492.47768851052473,48.25997624317123,1.0,0.45,6.8525,10087.188629570655,3950.6184264622525,Wh,3950.6184264622525,Wh
19,b5f7aa9134762b27bbd42471aea34994,ARIMA,"{""p"": 4, ""d"": 2, ""q"": 1, ""regression_type"": null}","{""fillna"": ""linear"", ""transformations"": {""0"": ""Scaler"", ""1"": ""Scaler"", ""2"": ""DifferencedTransformer"", ""3"": ""DifferencedTransformer"", ""4"": ""Scaler""}, ""transformation_params"": {""0"": {}, ""1"": {}, ""2"": {""lag"": 1, ""fill"": ""bfill""}, ""3"": {""lag"": 1, ""fill"": ""bfill""}, ""4"": {}}}",0,1,155.45149150313307,165.8652038616078,234.97488827444906,18.90308826035566,165.8652038616078,0.0,0.0,4.30622673770941,9951.912231696468,165.8652038616078,494.41058898926815,1.0,0.45,570.5920180101895,0.2,330.5151036399798,110.856510993683,1076.3206155372984,195783.04920253728,0.35736780016551306,9951.912231696468,4666.529889633173,297.7145784370651,30.323496325353414,155.45149150313307,165.8652038616078,234.97488827444906,18.90308826035566,165.8652038616078,0.0,4.30622673770941,165.8652038616078,494.41058898926815,570.5920180101895,0.2,330.5151036399798,110.856510993683,1076.3206155372984,195783.04920253728,0.35736780016551306,9951.912231696468,4666.529889633173,297.7145784370651,30.323496325353414,1.0,0.45,0.3135,10045.099967243183,2482.3170805984964,Wh,2482.3170805984964,Wh
20,970978e6e4dcd8c86df2464e16adf049,ARIMA,"{""p"": 4, ""d"": 0, ""q"": 12, ""regression_type"": null}","{""fillna"": ""rolling_mean_24"", ""transformations"": {""0"": ""DifferencedTransformer"", ""1"": ""DifferencedTransformer"", ""2"": ""Scaler"", ""3"": ""Scaler""}, ""transformation_params"": {""0"": {""lag"": 7, ""fill"": ""zero""}, ""1"": {""lag"": 7, ""fill"": ""bfill""}, ""2"": {}, ""3"": {}}}",0,1,163.78349422492602,17.225495815181112,23.55539271084633,3.8672260017409736,17.225495815181112,0.0,-150.1506268772758,4.083618860498175,883.3791220335909,15.630634752968943,527.6571244806598,0.9333333333333333,0.5333333333333333,47.68117791546834,0.7166666666666667,24.184609432610383,12.265428285599421,38.53053557783629,2294.4205623712965,0.6617550620474882,733.2284951563151,1354.691791734851,139.41229395576215,2.2341486802608963,163.78349422492602,17.225495815181112,23.55539271084633,3.8672260017409736,17.225495815181112,0.0,4.083618860498175,15.630634752968943,527.6571244806598,47.68117791546834,0.7166666666666667,24.184609432610383,12.265428285599421,38.53053557783629,2294.4205623712965,0.6617550620474882,733.2284951563151,1354.691791734851,139.41229395576215,2.2341486802608963,0.9333333333333333,0.5333333333333333,5.6117,8960.962159574903,257.7945312717835,Wh,257.7945312717835,Wh
21,db7ae23ae30b1491cca0ded073f9fb7c,RollingRegression,"{""regression_model"": {""model"": ""ExtraTrees"", ""model_params"": {""n_estimators"": 100, ""min_samples_leaf"": 1, ""max_depth"": 10}}, ""holiday"": false, ""mean_rolling_periods"": 7, ""macd_periods"": 17, ""std_rolling_periods"": 30, ""max_rolling_periods"": null, ""min_rolling_periods"": 28, ""ewm_var_alpha"": null, ""quantile90_rolling_periods"": null, ""quantile10_rolling_periods"": null, ""ewm_alpha"": null, ""additional_lag_periods"": 59, ""abs_energy"": false, ""rolling_autocorr_periods"": null, ""nonzero_last_n"": null, ""add_date_part"": null, ""polynomial_degree"": null, ""x_transform"": null, ""regression_type"": null}","{""fillna"": ""ffill"", ""transformations"": {""0"": ""DifferencedTransformer"", ""1"": ""DifferencedTransformer"", ""2"": ""Scaler"", ""3"": ""Scaler""}, ""transformation_params"": {""0"": {""lag"": 2, ""fill"": ""zero""}, ""1"": {""lag"": 1, ""fill"": ""bfill""}, ""2"": {}, ""3"": {}}}",0,1,140.3120529012,213.69998548238758,345.5522863718128,31.598019287192592,213.69998548238758,0.0,0.0,4.070738111086158,12821.999128943255,213.69998548238758,374.37504744812935,0.9833333333333333,0.4666666666666667,939.8843148568292,0.2,486.8352121498216,118.57860731561274,1519.122616770368,470911.23404643167,0.6957851701043849,12821.999128943255,4707.338553605047,409.23411361474837,39.0686567986258,140.3120529012,213.69998548238758,345.5522863718128,31.598019287192592,213.69998548238758,0.0,4.070738111086158,213.69998548238758,374.37504744812935,939.8843148568292,0.2,486.8352121498216,118.57860731561274,1519.122616770368,470911.23404643167,0.6957851701043849,12821.999128943255,4707.338553605047,409.23411361474837,39.0686567986258,0.9833333333333333,0.4666666666666667,1.9422,8750.059726806023,3198.206204413966,Wh,3198.206204413966,Wh
22,a33b149c2a479b9630eddca065c24a95,WindowRegression,"{""window_size"": 20, ""input_dim"": ""univariate"", ""output_dim"": ""1step"", ""normalize_window"": false, ""max_windows"": 5000, ""fourier_encoding_components"": null, ""scale"": false, ""datepart_method"": null, ""regression_type"": null, ""regression_model"": {""model"": ""ElasticNet"", ""model_params"": {""l1_ratio"": 0.5, ""fit_intercept"": true, ""selection"": ""cyclic"", ""max_iter"": 1000}}}","{""fillna"": ""mean"", ""transformations"": {""0"": ""Scaler"", ""1"": ""DifferencedTransformer"", ""2"": ""DifferencedTransformer"", ""3"": ""Scaler""}, ""transformation_params"": {""0"": {}, ""1"": {""lag"": 1, ""fill"": ""bfill""}, ""2"": {""lag"": 1, ""fill"": ""zero""}, ""3"": {}}}",0,4,157.2911504848454,441.01476648246944,587.9214385651568,14.073654729433295,441.01476648246944,0.0,-0.12939079909022766,4.633533870995008,105843.41456499358,441.0147343473545,234.1779312250882,1.0,0.48750000000000004,4086.984108525837,0.26666666666666666,363.6189538394967,320.3182649445056,2725.189570856051,790583.26289098,0.4312342764252031,26460.821293548623,4556.126876774101,268.8897502793366,59.21298817152122,157.2911504848454,441.01476648246944,587.9214385651568,14.073654729433295,441.01476648246944,0.0,4.633533870995008,441.0147343473545,234.1779312250882,4086.984108525837,0.26666666666666666,363.6189538394967,320.3182649445056,2725.189570856051,790583.26289098,0.4312342764252031,26460.821293548623,4556.126876774101,268.8897502793366,59.21298817152122,1.0,0.48750000000000004,0.093125,8603.964569343752,20820.179591023538,Wh,20820.179591023538,Wh
23,530a253c0a2d2a74f250dfdcfda71701,ARIMA,"{""p"": 0, ""d"": 0, ""q"": 1, ""regression_type"": null}","{""fillna"": ""linear"", ""transformations"": {""0"": ""Scaler"", ""1"": ""DifferencedTransformer"", ""2"": ""Scaler"", ""3"": ""Scaler"", ""4"": ""DifferencedTransformer""}, ""transformation_params"": {""0"": {}, ""1"": {""lag"": 2, ""fill"": ""bfill""}, ""2"": {}, ""3"": {}, ""4"": {""lag"": 7, ""fill"": ""bfill""}}}",0,1,140.24786691394377,30.960703894459993,33.90777225630091,1.9745606431569196,30.960703894459993,0.0,0.0,3.3484852140325136,1857.6422336675996,30.960703894459993,456.35886764540624,0.9833333333333333,0.45,53.8514427423758,0.2,46.54999318194716,27.41081553088319,155.54056114749065,3108.9749224725642,0.10428290234390611,1857.6422336675996,1399.6780451211744,29.90882103491787,5.660239573559659,140.24786691394377,30.960703894459993,33.90777225630091,1.9745606431569196,30.960703894459993,0.0,3.3484852140325136,30.960703894459993,456.35886764540624,53.8514427423758,0.2,46.54999318194716,27.41081553088319,155.54056114749065,3108.9749224725642,0.10428290234390611,1857.6422336675996,1399.6780451211744,29.90882103491787,5.660239573559659,0.9833333333333333,0.45,0.0314,7888.266172330297,463.35386998164483,Wh,463.35386998164483,Wh
24,0e0b5fedbd2b359d70c50243b335fc2e,ARIMA,"{""p"": 4, ""d"": 0, ""q"": 0, ""regression_type"": ""Holiday""}","{""fillna"": ""mean"", ""transformations"": {""0"": ""DifferencedTransformer"", ""1"": ""DifferencedTransformer"", ""2"": ""Scaler""}, ""transformation_params"": {""0"": {""lag"": 1, ""fill"": ""zero""}, ""1"": {""lag"": 1, ""fill"": ""bfill""}, ""2"": {}}}",0,1,76.17013733920676,7.242694600386276,7.983520539266654,1.123614169913269,7.242694600386276,0.0,0.0,1.9920593813108967,434.5616760231766,7.242694600386276,460.31792518400266,1.0,0.45,11.488800878540832,0.2,11.177734052764974,6.548689847200155,35.98560706537027,157.13771234757894,0.025787489182480236,434.5616760231766,326.9019599350506,17.268914457254624,1.3241102894837233,76.17013733920676,7.242694600386276,7.983520539266654,1.123614169913269,7.242694600386276,0.0,1.9920593813108967,7.242694600386276,460.31792518400266,11.488800878540832,0.2,11.177734052764974,6.548689847200155,35.98560706537027,157.13771234757894,0.025787489182480236,434.5616760231766,326.9019599350506,17.268914457254624,1.3241102894837233,1.0,0.45,0.3173,7667.282356326287,108.39322593000358,Wh,108.39322593000358,Wh
25,1fe2435c2b982c955ffef95fadae85e1,ARIMA,"{""p"": 0, ""d"": 2, ""q"": 12, ""regression_type"": null}","{""fillna"": ""median"", ""transformations"": {""0"": ""Scaler"", ""1"": ""DifferencedTransformer"", ""2"": ""DifferencedTransformer""}, ""transformation_params"": {""0"": {}, ""1"": {""lag"": 7, ""fill"": ""zero""}, ""2"": {""lag"": 1, ""fill"": ""bfill""}}}",0,1,159.7427956762367,44.2732982246641,44.73031813817977,2.408784208085824,44.2732982246641,0.0,0.0,3.802994958037705,2656.397893479846,44.2732982246641,422.02915717962725,0.9166666666666666,0.4666666666666667,57.14196912118015,0.2,58.52614829023663,42.3976623170573,190.26519190807616,6126.030437960972,0.4747329477459531,2656.397893479846,2466.3125202197607,60.356143159572376,8.094049654604055,159.7427956762367,44.2732982246641,44.73031813817977,2.408784208085824,44.2732982246641,0.0,3.802994958037705,44.2732982246641,422.02915717962725,57.14196912118015,0.2,58.52614829023663,42.3976623170573,190.26519190807616,6126.030437960972,0.4747329477459531,2656.397893479846,2466.3125202197607,60.356143159572376,8.094049654604055,0.9166666666666666,0.4666666666666667,2.5184,7463.667538916834,662.5884262573353,Wh,662.5884262573353,Wh
26,67e39bf01555f3b412d5f98c8b72b2a2,ARIMA,"{""p"": 0, ""d"": 2, ""q"": 12, ""regression_type"": ""Holiday""}","{""fillna"": ""nearest"", ""transformations"": {""0"": ""DifferencedTransformer"", ""1"": ""DifferencedTransformer""}, ""transformation_params"": {""0"": {""lag"": 7, ""fill"": ""bfill""}, ""1"": {""lag"": 1, ""fill"": ""bfill""}}}",0,1,172.6800351431257,100.99852986208006,120.76131865094364,8.778656787483396,100.99852986208006,0.0,0.0,4.4231641670683155,6059.911791724804,100.99852986208006,379.6942863660819,0.9166666666666666,0.48333333333333334,261.5330674423273,0.2,167.88431585807004,79.1241807929455,565.9091789785458,48370.37965039074,0.567380752537358,6059.911791724804,3978.3538144746194,170.8111502755913,18.464563258814874,172.6800351431257,100.99852986208006,120.76131865094364,8.778656787483396,100.99852986208006,0.0,4.4231641670683155,100.99852986208006,379.6942863660819,261.5330674423273,0.2,167.88431585807004,79.1241807929455,565.9091789785458,48370.37965039074,0.567380752537358,6059.911791724804,3978.3538144746194,170.8111502755913,18.464563258814874,0.9166666666666666,0.48333333333333334,2.3423,7389.118922720412,1511.5308693748855,Wh,1511.5308693748855,Wh
27,097269855df93e79b9f096c5643bf29c,ARIMA,"{""p"": 7, ""d"": 0, ""q"": 12, ""regression_type"": ""Holiday""}","{""fillna"": ""cubic"", ""transformations"": {""0"": ""Scaler"", ""1"": ""Scaler"", ""2"": ""DifferencedTransformer"", ""3"": ""DifferencedTransformer""}, ""transformation_params"": {""0"": {}, ""1"": {}, ""2"": {""lag"": 1, ""fill"": ""bfill""}, ""3"": {""lag"": 7, ""fill"": ""bfill""}}}",0,1,172.33472242141525,4.75733809998941,5.0240696955127575,1.1876109883093366,4.75733809998941,0.0,-280.97580839848524,4.7330094350582375,4.464477600879368,1.7042027686455046,431.125178675472,1.0,0.5166666666666667,6.628880023956299,0.7666666666666667,4.541527760050359,4.459933044060908,19.756737271235963,57.93554878781453,0.10316964666876435,276.51133079760586,250.16648283064248,15.456941786498163,0.8425305738383163,172.33472242141525,4.75733809998941,5.0240696955127575,1.1876109883093366,4.75733809998941,0.0,4.7330094350582375,1.7042027686455046,431.125178675472,6.628880023956299,0.7666666666666667,4.541527760050359,4.459933044060908,19.756737271235963,57.93554878781453,0.10316964666876435,276.51133079760586,250.16648283064248,15.456941786498163,0.8425305738383163,1.0,0.5166666666666667,17.8489,7239.527174733894,71.1977036102094,Wh,71.1977036102094,Wh
28,739ed469c67e27b6c09e2d781fbcf754,RollingRegression,"{""regression_model"": {""model"": ""ExtraTrees"", ""model_params"": {""n_estimators"": 100, ""min_samples_leaf"": 1, ""max_depth"": 10}}, ""holiday"": false, ""mean_rolling_periods"": null, ""macd_periods"": null, ""std_rolling_periods"": null, ""max_rolling_periods"": 420, ""min_rolling_periods"": 7, ""ewm_var_alpha"": null, ""quantile90_rolling_periods"": null, ""quantile10_rolling_periods"": null, ""ewm_alpha"": null, ""additional_lag_periods"": 363, ""abs_energy"": false, ""rolling_autocorr_periods"": null, ""nonzero_last_n"": null, ""add_date_part"": null, ""polynomial_degree"": null, ""x_transform"": null, ""regression_type"": null}","{""fillna"": ""ffill_mean_biased"", ""transformations"": {""0"": ""DifferencedTransformer"", ""1"": ""Scaler"", ""2"": ""DifferencedTransformer""}, ""transformation_params"": {""0"": {""lag"": 1, ""fill"": ""bfill""}, ""1"": {}, ""2"": {""lag"": 1, ""fill"": ""zero""}}}",0,1,146.52199774816336,46.6697485615165,53.41415706204443,2.801032549230026,46.6697485615165,0.0,0.0,3.592070914711392,2800.18491369099,46.6697485615165,399.14882582906097,1.0,0.45,83.43214011869456,0.2,73.88381845949844,40.67835286291749,245.13790471349336,7506.573405430341,0.14298553025520708,2800.18491369099,1937.078471506503,61.09364145343408,8.532168990616617,146.52199774816336,46.6697485615165,53.41415706204443,2.801032549230026,46.6697485615165,0.0,3.592070914711392,46.6697485615165,399.14882582906097,83.43214011869456,0.2,73.88381845949844,40.67835286291749,245.13790471349336,7506.573405430341,0.14298553025520708,2800.18491369099,1937.078471506503,61.09364145343408,8.532168990616617,1.0,0.45,1.8743,7120.149848303534,698.453390490208,Wh,698.453390490208,Wh
29,845a0ab657cce1dd8efc471b2ef0a117,RollingRegression,"{""regression_model"": {""model"": ""ExtraTrees"", ""model_params"": {""n_estimators"": 100, ""min_samples_leaf"": 1, ""max_depth"": 10}}, ""holiday"": false, ""mean_rolling_periods"": null, ""macd_periods"": null, ""std_rolling_periods"": null, ""max_rolling_periods"": null, ""min_rolling_periods"": 7, ""ewm_var_alpha"": null, ""quantile90_rolling_periods"": null, ""quantile10_rolling_periods"": null, ""ewm_alpha"": null, ""additional_lag_periods"": 27, ""abs_energy"": false, ""rolling_autocorr_periods"": null, ""nonzero_last_n"": null, ""add_date_part"": null, ""polynomial_degree"": null, ""x_transform"": null, ""regression_type"": null}","{""fillna"": ""pchip"", ""transformations"": {""0"": ""Scaler"", ""1"": ""Scaler"", ""2"": ""DifferencedTransformer"", ""3"": ""DifferencedTransformer""}, ""transformation_params"": {""0"": {}, ""1"": {}, ""2"": {""lag"": 1, ""fill"": ""one""}, ""3"": {""lag"": 1, ""fill"": ""zero""}}}",0,1,112.65701742528285,19.102326836708105,22.00317799430335,1.50863628506086,19.102326836708105,0.0,0.0,2.7294214055938286,1146.1396102024862,19.102326836708105,408.56234164291254,1.0,0.45,30.899842900734484,0.2,30.590150941884147,17.099649875793787,97.7319407481743,1142.2723416538947,0.09649639895175453,1146.1396102024862,805.1636063320992,8.149703859656922,3.492289667469518,112.65701742528285,19.102326836708105,22.00317799430335,1.50863628506086,19.102326836708105,0.0,2.7294214055938286,19.102326836708105,408.56234164291254,30.899842900734484,0.2,30.590150941884147,17.099649875793787,97.7319407481743,1142.2723416538947,0.09649639895175453,1146.1396102024862,805.1636063320992,8.149703859656922,3.492289667469518,1.0,0.45,1.8881,6969.994740774532,285.88294037548445,Wh,285.88294037548445,Wh
30,7767fa29daaa990b07dd8eefbc15a73b,ARIMA,"{""p"": 0, ""d"": 2, ""q"": 12, ""regression_type"": null}","{""fillna"": ""pchip"", ""transformations"": {""0"": ""Scaler"", ""1"": ""Scaler"", ""2"": ""DifferencedTransformer"", ""3"": ""DifferencedTransformer""}, ""transformation_params"": {""0"": {}, ""1"": {}, ""2"": {""lag"": 7, ""fill"": ""bfill""}, ""3"": {""lag"": 1, ""fill"": ""bfill""}}}",0,1,164.94546684974,63.02485216520106,71.17684286028421,5.281536869708266,63.02485216520106,0.0,0.0,4.045859423827168,3781.4911299120636,63.02485216520106,375.73564800233,0.9166666666666666,0.48333333333333334,150.0164864631482,0.2,97.72463657421638,51.5897386638825,331.30987405866387,17331.747600675568,0.5296071687055556,3781.4911299120636,2790.6076420315044,98.35301388927003,11.52221097941676,164.94546684974,63.02485216520106,71.17684286028421,5.281536869708266,63.02485216520106,0.0,4.045859423827168,63.02485216520106,375.73564800233,150.0164864631482,0.2,97.72463657421638,51.5897386638825,331.30987405866387,17331.747600675568,0.5296071687055556,3781.4911299120636,2790.6076420315044,98.35301388927003,11.52221097941676,0.9166666666666666,0.48333333333333334,2.2143,6914.56973338408,943.2217450647952,Wh,943.2217450647952,Wh
31,7b41eaff37c83ce1b6c507a7b8b9f361,ARIMA,"{""p"": 2, ""d"": 2, ""q"": 3, ""regression_type"": null}","{""fillna"": ""time"", ""transformations"": {""0"": ""Scaler"", ""1"": ""DifferencedTransformer"", ""2"": ""Scaler"", ""3"": ""DifferencedTransformer"", ""4"": ""Scaler""}, ""transformation_params"": {""0"": {}, ""1"": {""lag"": 2, ""fill"": ""bfill""}, ""2"": {}, ""3"": {""lag"": 1, ""fill"": ""bfill""}, ""4"": {}}}",0,1,155.8917150304823,99.79016186343378,135.73697671750708,10.711779387802219,99.79016186343378,0.0,0.0,4.0780668173449355,5987.409711806027,99.79016186343378,346.7394776796006,0.9666666666666667,0.45,321.9375256803984,0.2,190.7008978480463,69.51024078557191,626.9997983405414,64058.266440741034,0.2859291872663054,5987.409711806027,3060.1910869333387,166.54566507977262,18.243649277379696,155.8917150304823,99.79016186343378,135.73697671750708,10.711779387802219,99.79016186343378,0.0,4.0780668173449355,99.79016186343378,346.7394776796006,321.9375256803984,0.2,190.7008978480463,69.51024078557191,626.9997983405414,64058.266440741034,0.2859291872663054,5987.409711806027,3060.1910869333387,166.54566507977262,18.243649277379696,0.9666666666666667,0.45,0.5864,6879.686313390808,1493.4465909798157,Wh,1493.4465909798157,Wh
32,79d0df161334128854e245251be57f47,ARIMA,"{""p"": 0, ""d"": 2, ""q"": 12, ""regression_type"": ""Holiday""}","{""fillna"": ""ffill"", ""transformations"": {""0"": ""Scaler"", ""1"": ""Scaler"", ""2"": ""DifferencedTransformer"", ""3"": ""DifferencedTransformer""}, ""transformation_params"": {""0"": {}, ""1"": {}, ""2"": {""lag"": 1, ""fill"": ""bfill""}, ""3"": {""lag"": 1, ""fill"": ""bfill""}}}",0,1,179.09931546655585,4.958208580840764,5.139136270307202,1.0784072142737982,4.958208580840764,0.0,-297.49251485044584,4.958208580840764,0.0,1.7461047362944833,407.4615990128529,1.0,0.55,6.628880023956299,0.8,4.726918061186869,4.688966557265506,20.01181870863109,60.72836171138254,0.028897522579287287,297.49251485044584,287.4953700030967,19.038389918397698,0.9064602832967168,179.09931546655585,4.958208580840764,5.139136270307202,1.0784072142737982,4.958208580840764,0.0,4.958208580840764,1.7461047362944833,407.4615990128529,6.628880023956299,0.8,4.726918061186869,4.688966557265506,20.01181870863109,60.72836171138254,0.028897522579287287,297.49251485044584,287.4953700030967,19.038389918397698,0.9064602832967168,1.0,0.55,2.1025,6859.300770882246,74.20390511598985,Wh,74.20390511598985,Wh
33,c980ac7be50aa02069ee0a3a67d98878,RollingRegression,"{""regression_model"": {""model"": ""Adaboost"", ""model_params"": {""n_estimators"": 50, ""loss"": ""linear"", ""estimator"": null, ""learning_rate"": 0.25, ""max_depth"": 4}}, ""holiday"": false, ""mean_rolling_periods"": 7, ""macd_periods"": null, ""std_rolling_periods"": 7, ""max_rolling_periods"": null, ""min_rolling_periods"": 364, ""ewm_var_alpha"": null, ""quantile90_rolling_periods"": null, ""quantile10_rolling_periods"": null, ""ewm_alpha"": 0.1, ""additional_lag_periods"": 11, ""abs_energy"": false, ""rolling_autocorr_periods"": null, ""nonzero_last_n"": null, ""add_date_part"": ""simple"", ""polynomial_degree"": null, ""x_transform"": null, ""regression_type"": null}","{""fillna"": ""mean"", ""transformations"": {""0"": ""Scaler"", ""1"": ""Scaler"", ""2"": ""Scaler"", ""3"": ""DifferencedTransformer"", ""4"": ""Scaler"", ""5"": ""DifferencedTransformer""}, ""transformation_params"": {""0"": {}, ""1"": {}, ""2"": {}, ""3"": {""lag"": 1, ""fill"": ""bfill""}, ""4"": {}, ""5"": {""lag"": 2, ""fill"": ""bfill""}}}",0,1,112.40788032002231,3.7671794810940225,4.051123693445538,1.257078496770877,3.7671794810940225,0.0,-143.13724171059266,3.0094888685647003,82.89352715504867,2.255521007440367,394.79101469965156,1.0,0.4,5.7993998527526855,0.7333333333333333,3.712055791100017,3.4586402266820087,17.236074403259288,40.49211697879019,0.11512862455740439,60.243714555544,80.4713831966486,11.574178816192335,0.18356271783953126,112.40788032002231,3.7671794810940225,4.051123693445538,1.257078496770877,3.7671794810940225,0.0,3.0094888685647003,2.255521007440367,394.79101469965156,5.7993998527526855,0.7333333333333333,3.712055791100017,3.4586402266820087,17.236074403259288,40.49211697879019,0.11512862455740439,60.243714555544,80.4713831966486,11.574178816192335,0.18356271783953126,1.0,0.4,0.7011,6587.220609991846,56.3791184280116,Wh,56.3791184280116,Wh
34,19174e8e8411f5992c2e0091e8007923,ARIMA,"{""p"": 4, ""d"": 2, ""q"": 12, ""regression_type"": null}","{""fillna"": ""cubic"", ""transformations"": {""0"": ""DifferencedTransformer"", ""1"": ""Scaler"", ""2"": ""DifferencedTransformer""}, ""transformation_params"": {""0"": {""lag"": 1, ""fill"": ""bfill""}, ""1"": {}, ""2"": {""lag"": 1, ""fill"": ""bfill""}}}",0,1,138.62939501295244,3.916798745448089,4.298643371414846,1.0183576894533342,3.916798745448089,0.0,-234.28149421070023,3.9149418734485324,0.7264305161851077,1.4963936191734974,390.3644931607016,1.0,0.5666666666666667,6.177299976348877,0.8,3.519358614373428,3.580061899069471,18.295328099987437,44.543445073146835,0.13038749630526067,233.55506369451513,186.1231985766359,18.823543729827215,0.7116427427034325,138.62939501295244,3.916798745448089,4.298643371414846,1.0183576894533342,3.916798745448089,0.0,3.9149418734485324,1.4963936191734974,390.3644931607016,6.177299976348877,0.8,3.519358614373428,3.580061899069471,18.295328099987437,44.543445073146835,0.13038749630526067,233.55506369451513,186.1231985766359,18.823543729827215,0.7116427427034325,1.0,0.5666666666666667,7.7157,6538.006261233504,58.61830088970843,Wh,58.61830088970843,Wh
35,3cb1d850a5ca480ee5c5f4d06f82ced9,ARIMA,"{""p"": 4, ""d"": 0, ""q"": 1, ""regression_type"": null}","{""fillna"": ""linear"", ""transformations"": {""0"": ""Scaler"", ""1"": ""Scaler"", ""2"": ""DifferencedTransformer"", ""3"": ""DifferencedTransformer""}, ""transformation_params"": {""0"": {}, ""1"": {}, ""2"": {""lag"": 1, ""fill"": ""bfill""}, ""3"": {""lag"": 1, ""fill"": ""bfill""}}}",0,1,68.26233413859815,6.205623261969127,7.099340683230951,1.0818002723595532,6.205623261969127,0.0,0.0,1.8199824166555212,372.33739571814766,6.205623261969127,391.291581786789,1.0,0.45,11.953215261356466,0.2,10.046352075262323,5.348732650708685,32.64570698441912,134.15309661695525,0.006860306348962699,372.33739571814766,258.95677197060706,19.247177011914356,1.1345127838739235,68.26233413859815,6.205623261969127,7.099340683230951,1.0818002723595532,6.205623261969127,0.0,1.8199824166555212,6.205623261969127,391.291581786789,11.953215261356466,0.2,10.046352075262323,5.348732650708685,32.64570698441912,134.15309661695525,0.006860306348962699,372.33739571814766,258.95677197060706,19.247177011914356,1.1345127838739235,1.0,0.45,0.0932,6521.617849161308,92.87255108550772,Wh,92.87255108550772,Wh
36,ac8ccc22da2723cd7da3f0b75da37ffb,DatepartRegression,"{""regression_model"": {""model"": ""ElasticNet"", ""model_params"": {""l1_ratio"": 0.1, ""fit_intercept"": true, ""selection"": ""cyclic"", ""max_iter"": 1000}}, ""datepart_method"": ""anchored_warped_fourier:us_school"", ""polynomial_degree"": null, ""holiday_countries_used"": true, ""lags"": null, ""forward_lags"": null, ""regression_type"": null}","{""fillna"": ""zero"", ""transformations"": {""0"": ""DifferencedTransformer"", ""1"": ""DifferencedTransformer""}, ""transformation_params"": {""0"": {""lag"": 1, ""fill"": ""bfill""}, ""1"": {""lag"": 1, ""fill"": ""bfill""}}}",0,1,166.3375731795578,4.591157769163449,4.897321863974757,1.0338284859627629,4.591157769163449,0.0,-275.469466149807,4.591157769163449,0.0,1.6340061415089706,386.7110662523065,1.0,0.55,6.628880023956299,0.8,4.357160884145977,4.276470697393604,19.526575325631597,55.425562967283604,0.020469232333311757,275.469466149807,248.8523001538295,18.931285868263146,0.839356010188285,166.3375731795578,4.591157769163449,4.897321863974757,1.0338284859627629,4.591157769163449,0.0,4.591157769163449,1.6340061415089706,386.7110662523065,6.628880023956299,0.8,4.357160884145977,4.276470697393604,19.526575325631597,55.425562967283604,0.020469232333311757,275.469466149807,248.8523001538295,18.931285868263146,0.839356010188285,1.0,0.55,0.9994,6506.3813100732405,68.71067038042494,Wh,68.71067038042494,Wh
37,2a0c842d7d12ee7c794ab9df95913cd3,ARIMA,"{""p"": 0, ""d"": 2, ""q"": 12, ""regression_type"": null}","{""fillna"": ""ffill"", ""transformations"": {""0"": ""Scaler"", ""1"": ""DifferencedTransformer"", ""2"": ""DifferencedTransformer""}, ""transformation_params"": {""0"": {}, ""1"": {""lag"": 1, ""fill"": ""bfill""}, ""2"": {""lag"": 7, ""fill"": ""zero""}}}",0,1,80.96970967091357,16.849217719587976,26.592896391020737,2.791207657771416,16.849217719587976,0.0,-6.432071869060255,2.0512729646252237,1004.5209913062183,16.825039554672777,379.3847386152994,1.0,0.4666666666666667,71.1006475600307,0.15,37.50333518046429,9.704276126551942,117.90003227683447,2742.3849133367235,0.10188845724020128,998.0889194371581,368.63914541764234,18.391985574941675,3.0411789188146168,80.96970967091357,16.849217719587976,26.592896391020737,2.791207657771416,16.849217719587976,0.0,2.0512729646252237,16.825039554672777,379.3847386152994,71.1006475600307,0.15,37.50333518046429,9.704276126551942,117.90003227683447,2742.3849133367235,0.10188845724020128,998.0889194371581,368.63914541764234,18.391985574941675,3.0411789188146168,1.0,0.4666666666666667,2.446,6469.445414026623,252.16320220456544,Wh,252.16320220456544,Wh
38,1d08176cdab9329d6fedbf53b3412421,DatepartRegression,"{""regression_model"": {""model"": ""RandomForest"", ""model_params"": {""n_estimators"": 100, ""min_samples_leaf"": 2, ""bootstrap"": true}}, ""datepart_method"": ""expanded"", ""polynomial_degree"": null, ""holiday_countries_used"": false, ""lags"": null, ""forward_lags"": null, ""regression_type"": null}","{""fillna"": ""ffill"", ""transformations"": {""0"": ""DifferencedTransformer"", ""1"": ""Scaler"", ""2"": ""DifferencedTransformer""}, ""transformation_params"": {""0"": {""lag"": 1, ""fill"": ""bfill""}, ""1"": {}, ""2"": {""lag"": 1, ""fill"": ""bfill""}}}",0,1,181.36293181188861,5.000022655489615,5.185567554471076,1.0828626669228518,5.000022655489615,0.0,-300.0013593293769,5.000022655489615,0.0,1.7505164355635539,379.93424197343984,1.0,0.55,6.628880023956299,0.8,4.81337028602497,4.732060177375956,20.06922403498482,61.30124218603284,0.05596657914461051,300.0013593293769,291.7897452772239,19.12139715636332,0.9141047374042848,181.36293181188861,5.000022655489615,5.185567554471076,1.0828626669228518,5.000022655489615,0.0,5.000022655489615,1.7505164355635539,379.93424197343984,6.628880023956299,0.8,4.81337028602497,4.732060177375956,20.06922403498482,61.30124218603284,0.05596657914461051,300.0013593293769,291.7897452772239,19.12139715636332,0.9141047374042848,1.0,0.55,0.2583,6410.903555355247,74.82968912187977,Wh,74.82968912187977,Wh
39,0b4bf55721bd8a6b49192ccfa30b2715,ARIMA,"{""p"": 4, ""d"": 2, ""q"": 12, ""regression_type"": null}","{""fillna"": ""mean"", ""transformations"": {""0"": ""DifferencedTransformer"", ""1"": ""DifferencedTransformer""}, ""transformation_params"": {""0"": {""lag"": 1, ""fill"": ""zero""}, ""1"": {""lag"": 1, ""fill"": ""zero""}}}",0,1,48.86241357178525,4.3052143362105255,5.98856966077672,1.1169717092035913,4.3052143362105255,0.0,-2.546827419932777,1.3225046240102136,255.76603275269875,4.300280230631046,385.4782870143005,1.0,0.55,13.901885535523778,0.23333333333333334,8.586216239275148,2.976988641380785,27.437924054139152,120.13237186607641,0.1635268063007707,253.21920533276597,117.87312056994037,18.98139221359517,0.771559421310141,48.86241357178525,4.3052143362105255,5.98856966077672,1.1169717092035913,4.3052143362105255,0.0,1.3225046240102136,4.300280230631046,385.4782870143005,13.901885535523778,0.23333333333333334,8.586216239275148,2.976988641380785,27.437924054139152,120.13237186607641,0.1635268063007707,253.21920533276597,117.87312056994037,18.98139221359517,0.771559421310141,1.0,0.55,3.8506,6395.606625877341,64.4312781319082,Wh,64.4312781319082,Wh
40,f848f81fc68d868f62187ce5db85ebda,RollingRegression,"{""regression_model"": {""model"": ""ExtraTrees"", ""model_params"": {""n_estimators"": 100, ""min_samples_leaf"": 1, ""max_depth"": 10}}, ""holiday"": false, ""mean_rolling_periods"": 5, ""macd_periods"": 364, ""std_rolling_periods"": null, ""max_rolling_periods"": null, ""min_rolling_periods"": 7, ""ewm_var_alpha"": null, ""quantile90_rolling_periods"": null, ""quantile10_rolling_periods"": null, ""ewm_alpha"": null, ""additional_lag_periods"": 11, ""abs_energy"": false, ""rolling_autocorr_periods"": 12, ""nonzero_last_n"": null, ""add_date_part"": null, ""polynomial_degree"": null, ""x_transform"": null, ""regression_type"": null}","{""fillna"": ""seasonal_linear"", ""transformations"": {""0"": ""Scaler"", ""1"": ""DifferencedTransformer"", ""2"": ""DifferencedTransformer"", ""3"": ""Scaler"", ""4"": ""Scaler""}, ""transformation_params"": {""0"": {}, ""1"": {""lag"": 1, ""fill"": ""bfill""}, ""2"": {""lag"": 1, ""fill"": ""bfill""}, ""3"": {}, ""4"": {}}}",0,1,172.4530832778405,4.720682896721231,5.036219930755043,1.12766193473933,4.720682896721231,0.0,-281.689943378414,4.716059382555897,1.5510304248599072,1.6546151341003044,377.16067894799966,1.0,0.55,6.628880023956299,0.7833333333333333,4.543025361393052,4.4118857542064465,19.72233203862312,58.09282355243598,0.04831906580954685,280.13891295355404,256.0291648234467,17.997773524611045,0.8535838238685429,172.4530832778405,4.720682896721231,5.036219930755043,1.12766193473933,4.720682896721231,0.0,4.716059382555897,1.6546151341003044,377.16067894799966,6.628880023956299,0.7833333333333333,4.543025361393052,4.4118857542064465,19.72233203862312,58.09282355243598,0.04831906580954685,280.13891295355404,256.0291648234467,17.997773524611045,0.8535838238685429,1.0,0.55,5.6716,6356.138867811435,70.64912660281409,Wh,70.64912660281409,Wh
41,0bbdede75c0e032bbc0b9cf82269bc28,RollingRegression,"{""regression_model"": {""model"": ""ExtraTrees"", ""model_params"": {""n_estimators"": 100, ""min_samples_leaf"": 1, ""max_depth"": 10}}, ""holiday"": false, ""mean_rolling_periods"": 5, ""macd_periods"": null, ""std_rolling_periods"": 30, ""max_rolling_periods"": 28, ""min_rolling_periods"": 24, ""ewm_var_alpha"": null, ""quantile90_rolling_periods"": null, ""quantile10_rolling_periods"": null, ""ewm_alpha"": null, ""additional_lag_periods"": 2, ""abs_energy"": false, ""rolling_autocorr_periods"": null, ""nonzero_last_n"": null, ""add_date_part"": null, ""polynomial_degree"": null, ""x_transform"": null, ""regression_type"": null}","{""fillna"": ""ffill"", ""transformations"": {""0"": ""DifferencedTransformer"", ""1"": ""Scaler"", ""2"": ""Scaler"", ""3"": ""DifferencedTransformer"", ""4"": ""Scaler"", ""5"": ""Scaler""}, ""transformation_params"": {""0"": {""lag"": 1, ""fill"": ""bfill""}, ""1"": {}, ""2"": {}, ""3"": {""lag"": 1, ""fill"": ""bfill""}, ""4"": {}, ""5"": {}}}",0,1,134.86064080701667,3.7216357971803555,4.236612595761288,1.0631733001130792,3.7216357971803555,0.0,-215.9840098014203,3.678973789238129,7.31413802940104,1.4446037659118844,361.48312728611285,1.0,0.5333333333333333,6.489130020141602,0.8,3.355957897279305,3.33999584534311,17.975475402094208,43.3610218072685,0.12115733126079405,208.6698717720193,148.65609370918594,18.25990937463399,0.63581751351641,134.86064080701667,3.7216357971803555,4.236612595761288,1.0631733001130792,3.7216357971803555,0.0,3.678973789238129,1.4446037659118844,361.48312728611285,6.489130020141602,0.8,3.355957897279305,3.33999584534311,17.975475402094208,43.3610218072685,0.12115733126079405,208.6698717720193,148.65609370918594,18.25990937463399,0.63581751351641,1.0,0.5333333333333333,2.0513,6060.662988374429,55.69751757466683,Wh,55.69751757466683,Wh
42,cf185dc314b1baec377769e227246357,DatepartRegression,"{""regression_model"": {""model"": ""RandomForest"", ""model_params"": {""n_estimators"": 100, ""min_samples_leaf"": 2, ""bootstrap"": true}}, ""datepart_method"": ""expanded"", ""polynomial_degree"": null, ""holiday_countries_used"": false, ""lags"": null, ""forward_lags"": null, ""regression_type"": null}","{""fillna"": ""seasonal_linear_window_3"", ""transformations"": {""0"": ""DifferencedTransformer"", ""1"": ""Scaler"", ""2"": ""DifferencedTransformer""}, ""transformation_params"": {""0"": {""lag"": 2, ""fill"": ""bfill""}, ""1"": {}, ""2"": {""lag"": 1, ""fill"": ""bfill""}}}",0,1,147.8243150696591,48.880557745686865,58.98437048036245,3.987011102570407,48.880557745686865,0.0,0.0,3.6406805128806408,2932.833464741212,48.880557745686865,332.06467004077143,0.9833333333333333,0.45,116.97431671380704,0.2,82.31969655623092,39.02124232230598,276.008291144206,10582.417259318107,0.28006836039144595,2932.833464741212,1846.2152222260909,65.48243076870932,8.93634938898506,147.8243150696591,48.880557745686865,58.98437048036245,3.987011102570407,48.880557745686865,0.0,3.6406805128806408,48.880557745686865,332.06467004077143,116.97431671380704,0.2,82.31969655623092,39.02124232230598,276.008291144206,10582.417259318107,0.28006836039144595,2932.833464741212,1846.2152222260909,65.48243076870932,8.93634938898506,0.9833333333333333,0.45,0.2322,6055.5270312626,731.540073363061,Wh,731.540073363061,Wh
43,43773451abf07a8d0bf81f943bbe5e2e,DatepartRegression,"{""regression_model"": {""model"": ""ElasticNet"", ""model_params"": {""l1_ratio"": 0.5, ""fit_intercept"": true, ""selection"": ""cyclic"", ""max_iter"": 1000}}, ""datepart_method"": [""constant"", ""year"", ""hour""], ""polynomial_degree"": null, ""holiday_countries_used"": false, ""lags"": null, ""forward_lags"": null, ""regression_type"": null}","{""fillna"": ""fake_date"", ""transformations"": {""0"": ""Scaler"", ""1"": ""DifferencedTransformer"", ""2"": ""DifferencedTransformer"", ""3"": ""Scaler"", ""4"": ""Scaler"", ""5"": ""Scaler""}, ""transformation_params"": {""0"": {}, ""1"": {""lag"": 7, ""fill"": ""bfill""}, ""2"": {""lag"": 1, ""fill"": ""bfill""}, ""3"": {}, ""4"": {}, ""5"": {}}}",0,1,138.41885115772362,22.92151186224073,26.232631091515522,2.93667053660853,22.92151186224073,0.0,-42.73124631121755,3.367923493474125,1332.5594654232264,22.475266324958397,338.4033977453436,0.9333333333333333,0.5,37.67877738177776,0.36666666666666664,30.077375353864035,20.514077093013945,59.16770244185056,2763.2666297026544,0.5022397852150497,1289.8282191120088,1791.6323556719228,72.50105760874486,3.930109144050684,138.41885115772362,22.92151186224073,26.232631091515522,2.93667053660853,22.92151186224073,0.0,3.367923493474125,22.475266324958397,338.4033977453436,37.67877738177776,0.36666666666666664,30.077375353864035,20.514077093013945,59.16770244185056,2763.2666297026544,0.5022397852150497,1289.8282191120088,1791.6323556719228,72.50105760874486,3.930109144050684,0.9333333333333333,0.5,0.1384,5887.463601901306,343.04036702149614,Wh,343.04036702149614,Wh
44,16cd8e414843328af2656673c76fffbe,ARIMA,"{""p"": 3, ""d"": 2, ""q"": 12, ""regression_type"": null}","{""fillna"": ""linear"", ""transformations"": {""0"": ""Scaler"", ""1"": ""DifferencedTransformer"", ""2"": ""DifferencedTransformer""}, ""transformation_params"": {""0"": {}, ""1"": {""lag"": 2, ""fill"": ""bfill""}, ""2"": {""lag"": 1, ""fill"": ""bfill""}}}",0,1,131.71392703909066,32.29706912485503,40.21283939304275,3.118445606039525,32.29706912485503,0.0,0.0,3.2194429148527117,1937.8241474913016,32.29706912485503,331.2080054032306,0.9666666666666667,0.5,87.3474469497125,0.2,56.2759157415851,24.6400357297452,188.15944971839411,5275.885656710839,0.25193640285350216,1937.8241474913016,1166.0615554859035,34.702462509108955,5.904554024148252,131.71392703909066,32.29706912485503,40.21283939304275,3.118445606039525,32.29706912485503,0.0,3.2194429148527117,32.29706912485503,331.2080054032306,87.3474469497125,0.2,56.2759157415851,24.6400357297452,188.15944971839411,5275.885656710839,0.25193640285350216,1937.8241474913016,1166.0615554859035,34.702462509108955,5.904554024148252,0.9666666666666667,0.5,5.9319,5862.29560097798,483.3537383090329,Wh,483.3537383090329,Wh
45,96f81a2eeb79ab1dc365516291759d98,RollingRegression,"{""regression_model"": {""model"": ""ExtraTrees"", ""model_params"": {""n_estimators"": 100, ""min_samples_leaf"": 1, ""max_depth"": 10}}, ""holiday"": false, ""mean_rolling_periods"": 12, ""macd_periods"": null, ""std_rolling_periods"": null, ""max_rolling_periods"": 28, ""min_rolling_periods"": 7, ""ewm_var_alpha"": null, ""quantile90_rolling_periods"": null, ""quantile10_rolling_periods"": null, ""ewm_alpha"": null, ""additional_lag_periods"": 90, ""abs_energy"": false, ""rolling_autocorr_periods"": null, ""nonzero_last_n"": null, ""add_date_part"": null, ""polynomial_degree"": null, ""x_transform"": null, ""regression_type"": null}","{""fillna"": ""ffill"", ""transformations"": {""0"": ""DifferencedTransformer"", ""1"": ""DifferencedTransformer"", ""2"": ""Scaler""}, ""transformation_params"": {""0"": {""lag"": 7, ""fill"": ""bfill""}, ""1"": {""lag"": 2, ""fill"": ""bfill""}, ""2"": {}}}",0,1,179.49759639192916,9.00107422708455,12.389244516430987,3.1903803087866325,9.00107422708455,0.0,-243.88311099551115,4.73303036385966,296.18134262956187,6.343269107981523,339.07002981235064,0.9333333333333333,0.5666666666666667,33.85793013698054,0.7833333333333333,13.219476522541251,5.593550057683421,24.683642973115877,1639.9183666526426,0.5556697009882366,52.29823163405068,347.51629183797,105.10526514635247,0.15935281560529604,179.49759639192916,9.00107422708455,12.389244516430987,3.1903803087866325,9.00107422708455,0.0,4.73303036385966,6.343269107981523,339.07002981235064,33.85793013698054,0.7833333333333333,13.219476522541251,5.593550057683421,24.683642973115877,1639.9183666526426,0.5556697009882366,52.29823163405068,347.51629183797,105.10526514635247,0.15935281560529604,0.9333333333333333,0.5666666666666667,1.8952,5790.234964356535,134.70890685589217,Wh,134.70890685589217,Wh
46,2cc1636b70e4dafa7802454d484c7269,ARIMA,"{""p"": 4, ""d"": 0, ""q"": 12, ""regression_type"": null}","{""fillna"": ""ffill"", ""transformations"": {""0"": ""DifferencedTransformer"", ""1"": ""DifferencedTransformer""}, ""transformation_params"": {""0"": {""lag"": 1, ""fill"": ""bfill""}, ""1"": {""lag"": 2, ""fill"": ""zero""}}}",0,1,68.65085431807408,6.77415796622212,8.235549287430226,1.1112432007732025,6.77415796622212,0.0,-0.5218198010488964,1.7819541261899805,405.9276581722783,6.773123364211736,343.48640341667357,1.0,0.5,14.760775828924388,0.21666666666666667,11.66228945805457,5.5691088192140725,38.045264225653575,188.44158792274604,0.081441624415233,405.40583837122944,248.9882437968454,15.287057198526027,1.2352723942814754,68.65085431807408,6.77415796622212,8.235549287430226,1.1112432007732025,6.77415796622212,0.0,1.7819541261899805,6.773123364211736,343.48640341667357,14.760775828924388,0.21666666666666667,11.66228945805457,5.5691088192140725,38.045264225653575,188.44158792274604,0.081441624415233,405.40583837122944,248.9882437968454,15.287057198526027,1.2352723942814754,1.0,0.5,5.695,5746.67748469927,101.38116756698352,Wh,101.38116756698352,Wh
47,a97fdf0ed77b309ee9ef2cdbe20f48bf,RollingRegression,"{""regression_model"": {""model"": ""ExtraTrees"", ""model_params"": {""n_estimators"": 100, ""min_samples_leaf"": 1, ""max_depth"": 10}}, ""holiday"": false, ""mean_rolling_periods"": null, ""macd_periods"": null, ""std_rolling_periods"": 30, ""max_rolling_periods"": null, ""min_rolling_periods"": 28, ""ewm_var_alpha"": null, ""quantile90_rolling_periods"": null, ""quantile10_rolling_periods"": null, ""ewm_alpha"": null, ""additional_lag_periods"": 27, ""abs_energy"": false, ""rolling_autocorr_periods"": null, ""nonzero_last_n"": null, ""add_date_part"": null, ""polynomial_degree"": null, ""x_transform"": null, ""regression_type"": null}","{""fillna"": ""linear"", ""transformations"": {""0"": ""Scaler"", ""1"": ""DifferencedTransformer"", ""2"": ""DifferencedTransformer"", ""3"": ""Scaler""}, ""transformation_params"": {""0"": {}, ""1"": {""lag"": 2, ""fill"": ""zero""}, ""2"": {""lag"": 7, ""fill"": ""bfill""}, ""3"": {}}}",0,1,164.98618096406213,12.769881680605412,16.891203752413617,3.22573225838655,12.769881680605412,0.0,-166.34400939941406,4.130293049746595,599.8488914369107,10.98496938437922,320.8483514680846,0.9833333333333333,0.4666666666666667,36.97332903915087,0.75,17.459284022097652,8.93160001980871,34.25811109778815,634.5421535742322,0.4151313064278898,433.5048820374965,802.790089996511,83.93453108424592,1.320890236111532,164.98618096406213,12.769881680605412,16.891203752413617,3.22573225838655,12.769881680605412,0.0,4.130293049746595,10.98496938437922,320.8483514680846,36.97332903915087,0.75,17.459284022097652,8.93160001980871,34.25811109778815,634.5421535742322,0.4151313064278898,433.5048820374965,802.790089996511,83.93453108424592,1.320890236111532,0.9833333333333333,0.4666666666666667,1.8615,5522.0866922165305,191.11238930762784,Wh,191.11238930762784,Wh
48,7e6ce15d942a6a26416050bbdddd27de,RollingRegression,"{""regression_model"": {""model"": ""ElasticNet"", ""model_params"": {""l1_ratio"": 0.5, ""fit_intercept"": true, ""selection"": ""cyclic"", ""max_iter"": 1000}}, ""holiday"": false, ""mean_rolling_periods"": null, ""macd_periods"": null, ""std_rolling_periods"": null, ""max_rolling_periods"": null, ""min_rolling_periods"": 7, ""ewm_var_alpha"": null, ""quantile90_rolling_periods"": null, ""quantile10_rolling_periods"": null, ""ewm_alpha"": null, ""additional_lag_periods"": 27, ""abs_energy"": false, ""rolling_autocorr_periods"": null, ""nonzero_last_n"": null, ""add_date_part"": null, ""polynomial_degree"": null, ""x_transform"": null, ""regression_type"": null}","{""fillna"": ""rolling_mean"", ""transformations"": {""0"": ""DifferencedTransformer"", ""1"": ""DifferencedTransformer"", ""2"": ""Scaler""}, ""transformation_params"": {""0"": {""lag"": 2, ""fill"": ""bfill""}, ""1"": {""lag"": 1, ""fill"": ""bfill""}, ""2"": {}}}",0,1,111.16184543195239,5.543903579617267,6.008417372487496,1.3814125322885624,5.543903579617267,0.0,-110.70743854269756,2.952106474009988,221.9267762343385,4.379001435644559,323.67451862893716,0.9833333333333333,0.5,9.687880481950085,0.65,6.4271751789970395,4.974635717072448,19.326621487493632,131.25787316117803,0.1374626658157407,111.21933769164093,298.1824582738018,4.748743596980861,0.33888554272607424,111.16184543195239,5.543903579617267,6.008417372487496,1.3814125322885624,5.543903579617267,0.0,2.952106474009988,4.379001435644559,323.67451862893716,9.687880481950085,0.65,6.4271751789970395,4.974635717072448,19.326621487493632,131.25787316117803,0.1374626658157407,111.21933769164093,298.1824582738018,4.748743596980861,0.33888554272607424,0.9833333333333333,0.5,0.3003,5441.063611049811,82.96934033468165,Wh,82.96934033468165,Wh
49,e03aee564332caa0b79f1c9d14dbbfe4,WindowRegression,"{""window_size"": 20, ""input_dim"": ""univariate"", ""output_dim"": ""1step"", ""normalize_window"": false, ""max_windows"": 5000, ""fourier_encoding_components"": null, ""scale"": false, ""datepart_method"": null, ""regression_type"": null, ""regression_model"": {""model"": ""ElasticNet"", ""model_params"": {""l1_ratio"": 0.5, ""fit_intercept"": true, ""selection"": ""cyclic"", ""max_iter"": 1000}}}","{""fillna"": ""linear"", ""transformations"": {""0"": ""DifferencedTransformer"", ""1"": ""Scaler"", ""2"": ""DifferencedTransformer"", ""3"": ""Scaler""}, ""transformation_params"": {""0"": {""lag"": 1, ""fill"": ""bfill""}, ""1"": {}, ""2"": {""lag"": 1, ""fill"": ""zero""}, ""3"": {}}}",0,1,135.27236858575847,55.675158978860026,73.58987250151097,5.342806103393988,55.675158978860026,0.0,0.0,3.433769601256049,3340.5095387316014,55.675158978860026,279.0348333385728,1.0,0.45,159.06795099804867,0.2,103.33127978215201,40.871566310296124,341.4924132020097,17447.806122654183,0.08204904353317877,3340.5095387316014,1763.6772870864602,79.1669490125566,10.178539195704722,135.27236858575847,55.675158978860026,73.58987250151097,5.342806103393988,55.675158978860026,0.0,3.433769601256049,55.675158978860026,279.0348333385728,159.06795099804867,0.2,103.33127978215201,40.871566310296124,341.4924132020097,17447.806122654183,0.08204904353317877,3340.5095387316014,1763.6772870864602,79.1669490125566,10.178539195704722,1.0,0.45,0.0687,5269.339401701417,833.2271922058658,Wh,833.2271922058658,Wh
50,6dd422209055541c56e123dcec0fabdb,WindowRegression,"{""window_size"": 10, ""input_dim"": ""univariate"", ""output_dim"": ""1step"", ""normalize_window"": false, ""max_windows"": 5000000, ""fourier_encoding_components"": null, ""scale"": true, ""datepart_method"": null, ""regression_type"": null, ""regression_model"": {""model"": ""HistGradientBoost"", ""model_params"": {""loss"": ""squared_error"", ""learning_rate"": 0.01, ""max_depth"": 20, ""min_samples_leaf"": 20, ""max_iter"": 250, ""l2_regularization"": 0}}}","{""fillna"": ""seasonal_linear_window_3"", ""transformations"": {""0"": ""DifferencedTransformer"", ""1"": ""DifferencedTransformer""}, ""transformation_params"": {""0"": {""lag"": 1, ""fill"": ""bfill""}, ""1"": {""lag"": 1, ""fill"": ""zero""}}}",0,4,149.89722376283044,63.044941352732764,81.199373898895,3.3526645263130717,63.044941352732764,0.0,-436.3124987440916,4.55463638691095,14694.473425911772,61.74766283679001,211.08602686031912,1.0,0.4875,407.8531241985158,0.22083333333333333,81.20518869341275,47.734318949080695,375.98700408466686,17565.742484261773,0.3142033808376141,3782.3027692988308,1195.9835730314562,57.13165410876735,9.704317697803022,149.89722376283044,63.044941352732764,81.199373898895,3.3526645263130717,63.044941352732764,0.0,4.55463638691095,61.74766283679001,211.08602686031912,407.8531241985158,0.22083333333333333,81.20518869341275,47.734318949080695,375.98700408466686,17565.742484261773,0.3142033808376141,3782.3027692988308,1195.9835730314562,57.13165410876735,9.704317697803022,1.0,0.4875,0.829125,4231.470983700902,2240.6833959491814,Wh,2240.6833959491814,Wh
51,9fc7be0058731b90eaaa83fe1f3327f9,WindowRegression,"{""window_size"": 20, ""input_dim"": ""univariate"", ""output_dim"": ""forecast_length"", ""normalize_window"": false, ""max_windows"": 5000000, ""fourier_encoding_components"": null, ""scale"": true, ""datepart_method"": ""recurring"", ""regression_type"": null, ""regression_model"": {""model"": ""SVM"", ""model_params"": {""C"": 0.5, ""tol"": 0.001, ""epsilon"": 0.1, ""loss"": ""squared_epsilon_insensitive"", ""max_iter"": 200}}}","{""fillna"": ""fake_date"", ""transformations"": {""0"": ""Scaler"", ""1"": ""DifferencedTransformer"", ""2"": ""DifferencedTransformer"", ""3"": ""Scaler""}, ""transformation_params"": {""0"": {}, ""1"": {""lag"": 2, ""fill"": ""zero""}, ""2"": {""lag"": 1, ""fill"": ""zero""}, ""3"": {}}}",0,3,137.46404087099106,46.77301604941808,52.282265619708824,2.182037817767093,46.77301604941808,0.0,0.0,3.4714678017826555,8419.142888895254,46.77301604941808,201.05928500182927,0.9611111111111111,0.4777777777777778,170.95753343527684,0.16111111111111112,51.27411909040959,40.305690070521145,241.5827582343536,5339.885662436336,0.8038534696848766,2806.3809629650846,1116.5663135802208,38.577799637070164,7.120845887100988,137.46404087099106,46.77301604941808,52.282265619708824,2.182037817767093,46.77301604941808,0.0,3.4714678017826555,46.77301604941808,201.05928500182927,170.95753343527684,0.16111111111111112,51.27411909040959,40.305690070521145,241.5827582343536,5339.885662436336,0.8038534696848766,2806.3809629650846,1116.5663135802208,38.577799637070164,7.120845887100988,0.9611111111111111,0.4777777777777778,1.8761,3858.984659506214,1420.834870999945,Wh,1420.834870999945,Wh
52,0e47d7fa1ef56706c2999dae54d93bdd,WindowRegression,"{""window_size"": 10, ""input_dim"": ""univariate"", ""output_dim"": ""1step"", ""normalize_window"": false, ""max_windows"": 5000000, ""fourier_encoding_components"": null, ""scale"": true, ""datepart_method"": ""simple_binarized"", ""regression_type"": null, ""regression_model"": {""model"": ""HistGradientBoost"", ""model_params"": {""loss"": ""squared_error"", ""learning_rate"": 0.1, ""max_depth"": 5, ""min_samples_leaf"": 20, ""max_iter"": 100, ""l2_regularization"": 0}}}","{""fillna"": ""quadratic"", ""transformations"": {""0"": ""DifferencedTransformer"", ""1"": ""DifferencedTransformer"", ""2"": ""Scaler""}, ""transformation_params"": {""0"": {""lag"": 1, ""fill"": ""bfill""}, ""1"": {""lag"": 1, ""fill"": ""zero""}, ""2"": {}}}",0,4,152.00538266271383,6.04746641068946,6.694877658905297,0.8385283540039492,6.04746641068946,0.0,-1179.6431850908336,5.174039469750246,271.7487534746367,2.6948540410443864,199.46898687922146,1.0,0.4708333333333333,16.320513851394203,0.7,4.843496356148879,5.43770648464865,27.774136592219648,61.873708796474666,0.19608561188918439,305.0687652545776,137.62042304381583,10.012922287499073,0.7581319657680827,152.00538266271383,6.04746641068946,6.694877658905297,0.8385283540039492,6.04746641068946,0.0,5.174039469750246,2.6948540410443864,199.46898687922146,16.320513851394203,0.7,4.843496356148879,5.43770648464865,27.774136592219648,61.873708796474666,0.19608561188918439,305.0687652545776,137.62042304381583,10.012922287499073,0.7581319657680827,1.0,0.4708333333333333,0.882575,3443.674072339063,108.63352766440704,Wh,108.63352766440704,Wh
53,993b7a27302d4f118111f245874637fe,ARIMA,"{""p"": 1, ""d"": 2, ""q"": 12, ""regression_type"": null}","{""fillna"": ""linear"", ""transformations"": {""0"": ""Scaler"", ""1"": ""DifferencedTransformer"", ""2"": ""Scaler""}, ""transformation_params"": {""0"": {}, ""1"": {""lag"": 7, ""fill"": ""bfill""}, ""2"": {}}}",0,1,165.2900385684139,58.801563890961994,62.75252319924797,3.768976153793734,58.801563890961994,0.0,0.0,4.027791697958993,3528.0938334577195,58.801563890961994,78.07906065190308,0.8333333333333334,0.4666666666666667,107.40842316413918,0.2,85.10019758792357,51.89805278778953,287.1899449883998,12195.282532793437,0.4876052196368764,3528.0938334577195,2837.4443776987964,86.09328097076447,10.750108914105645,165.2900385684139,58.801563890961994,62.75252319924797,3.768976153793734,58.801563890961994,0.0,4.027791697958993,58.801563890961994,78.07906065190308,107.40842316413918,0.2,85.10019758792357,51.89805278778953,287.1899449883998,12195.282532793437,0.4876052196368764,3528.0938334577195,2837.4443776987964,86.09328097076447,10.750108914105645,0.8333333333333334,0.4666666666666667,2.0937,1987.7131933989494,880.0165617269923,Wh,880.0165617269923,Wh
54,3750149950f987dee6afff80fc7bb703,ARIMA,"{""p"": 0, ""d"": 2, ""q"": 1, ""regression_type"": null}","{""fillna"": ""linear"", ""transformations"": {""0"": ""Scaler"", ""1"": ""Scaler"", ""2"": ""DifferencedTransformer""}, ""transformation_params"": {""0"": {}, ""1"": {}, ""2"": {""lag"": 1, ""fill"": ""bfill""}}}",0,1,166.41016522320388,4.592931476555295,4.898650434384198,1.033451227776735,4.592931476555295,0.0,-275.5758885933177,4.592931476555295,0.0,1.6344939140700077,80.63872049195251,1.0,0.55,6.628880023956299,0.8,4.358591339290602,4.278557411972246,19.52918621475153,55.45152358625553,0.020554434135249534,275.5758885933177,249.0292342430765,18.927890544588898,0.8396802795849196,166.41016522320388,4.592931476555295,4.898650434384198,1.033451227776735,4.592931476555295,0.0,4.592931476555295,1.6344939140700077,80.63872049195251,6.628880023956299,0.8,4.358591339290602,4.278557411972246,19.52918621475153,55.45152358625553,0.020554434135249534,275.5758885933177,249.0292342430765,18.927890544588898,0.8396802795849196,1.0,0.55,0.1006,1496.1710749995336,68.73721545469161,Wh,68.73721545469161,Wh
55,e60c085bbb03c822a036291bdbd5a0be,ARIMA,"{""p"": 4, ""d"": 2, ""q"": 12, ""regression_type"": ""Holiday""}","{""fillna"": ""linear"", ""transformations"": {""0"": ""Scaler"", ""1"": ""Scaler"", ""2"": ""DifferencedTransformer""}, ""transformation_params"": {""0"": {}, ""1"": {}, ""2"": {""lag"": 7, ""fill"": ""bfill""}}}",0,1,165.17236695904387,11.301702354223853,15.174933927318683,3.0776747665686326,11.301702354223853,0.0,-185.15099322151616,4.214864045719656,492.9511480319149,9.316453412502248,66.56169552902156,0.8666666666666667,0.5333333333333333,35.0201414603797,0.75,16.128440596272277,7.744244282671207,28.214025123132178,1811.142347049714,0.5595397662195596,307.8001548103988,733.4355831889117,99.17511492612537,0.9378676827162168,165.17236695904387,11.301702354223853,15.174933927318683,3.0776747665686326,11.301702354223853,0.0,4.214864045719656,9.316453412502248,66.56169552902156,35.0201414603797,0.75,16.128440596272277,7.744244282671207,28.214025123132178,1811.142347049714,0.5595397662195596,307.8001548103988,733.4355831889117,99.17511492612537,0.9378676827162168,0.8666666666666667,0.5333333333333333,6.8186,1344.6114483572262,169.13980835388318,Wh,169.13980835388318,Wh
56,9882684c7e467eb553f09029a60372d8,ARIMA,"{""p"": 0, ""d"": 2, ""q"": 1, ""regression_type"": ""Holiday""}","{""fillna"": ""median"", ""transformations"": {""0"": ""Scaler"", ""1"": ""DifferencedTransformer"", ""2"": ""Scaler""}, ""transformation_params"": {""0"": {}, ""1"": {""lag"": 2, ""fill"": ""bfill""}, ""2"": {}}}",0,1,110.91457878959531,5.033228947259867,5.438744204748782,1.3839449630729892,5.033228947259867,0.0,-119.39915573355864,2.966071373248459,182.59458110203332,3.782416694139308,70.37071298973646,0.9666666666666667,0.5,8.898606957381897,0.6833333333333333,5.686781346601455,4.511717319745977,18.46431650855169,106.71866084784537,0.14612911514372798,63.19542536847469,237.83941235002595,4.781235004625588,0.19255658654592275,110.91457878959531,5.033228947259867,5.438744204748782,1.3839449630729892,5.033228947259867,0.0,2.966071373248459,3.782416694139308,70.37071298973646,8.898606957381897,0.6833333333333333,5.686781346601455,4.511717319745977,18.46431650855169,106.71866084784537,0.14612911514372798,63.19542536847469,237.83941235002595,4.781235004625588,0.19255658654592275,0.9666666666666667,0.5,0.3028,1288.9312309489953,75.32665016811228,Wh,75.32665016811228,Wh
57,77f95a1835a9b25b115c939c95779e3c,ARIMA,"{""p"": 0, ""d"": 2, ""q"": 0, ""regression_type"": ""Holiday""}","{""fillna"": ""linear"", ""transformations"": {""0"": ""Scaler"", ""1"": ""Scaler"", ""2"": ""Scaler""}, ""transformation_params"": {""0"": {}, ""1"": {}, ""2"": {}}}",0,1,96.00455841236399,3.016374751946978,3.4218782945614867,1.1316916843046576,3.016374751946978,0.0,-179.45883351693465,3.0099651927184827,1.5236515998840474,1.2944364355830444,69.20690529899096,1.0,0.5333333333333333,5.7993998527526855,0.8,2.9286195261330783,2.597880818121168,15.533718696215107,32.16476565947062,0.12112501211664818,177.9351819170506,124.9951811320458,17.67584962481435,0.5421688525174024,96.00455841236399,3.016374751946978,3.4218782945614867,1.1316916843046576,3.016374751946978,0.0,3.0099651927184827,1.2944364355830444,69.20690529899096,5.7993998527526855,0.8,2.9286195261330783,2.597880818121168,15.533718696215107,32.16476565947062,0.12112501211664818,177.9351819170506,124.9951811320458,17.67584962481435,0.5421688525174024,1.0,0.5333333333333333,0.2498,1238.6652353705579,45.14267244678655,Wh,45.14267244678655,Wh
58,64e867aa63573b94be0772ebd8ff4704,ARIMA,"{""p"": 4, ""d"": 0, ""q"": 0, ""regression_type"": ""Holiday""}","{""fillna"": ""ffill"", ""transformations"": {""0"": ""DifferencedTransformer""}, ""transformation_params"": {""0"": {""lag"": 7, ""fill"": ""bfill""}}}",0,1,153.86143534321454,36.42963532129417,36.445764061462775,2.150005148167583,36.42963532129417,0.0,0.0,3.622039795301702,2185.77811927765,36.42963532129417,38.093468000460376,0.8333333333333334,0.4666666666666667,38.04728765705626,0.2,46.568536356691624,36.18471105379709,145.20037593795908,4346.225796077064,0.4716681676252544,2185.77811927765,2176.598529773165,41.47677601343378,6.660070268390533,153.86143534321454,36.42963532129417,36.445764061462775,2.150005148167583,36.42963532129417,0.0,3.622039795301702,36.42963532129417,38.093468000460376,38.04728765705626,0.2,46.568536356691624,36.18471105379709,145.20037593795908,4346.225796077064,0.4716681676252544,2185.77811927765,2176.598529773165,41.47677601343378,6.660070268390533,0.8333333333333334,0.4666666666666667,0.347,1097.995375825103,545.2011868232134,Wh,545.2011868232134,Wh
59,84469fb9c6470b6ba6815961772dae40,ARIMA,"{""p"": 4, ""d"": 2, ""q"": 12, ""regression_type"": ""Holiday""}","{""fillna"": ""linear"", ""transformations"": {""0"": ""Scaler"", ""1"": ""Scaler"", ""2"": ""Scaler"", ""3"": ""Scaler"", ""4"": ""DifferencedTransformer""}, ""transformation_params"": {""0"": {}, ""1"": {}, ""2"": {}, ""3"": {}, ""4"": {""lag"": 7, ""fill"": ""zero""}}}",0,1,155.807089315097,38.64134661574584,38.70488113766853,2.1944026557947858,38.64134661574584,0.0,0.0,3.6783090146030544,2318.48079694475,38.64134661574584,31.07833031674358,0.7166666666666667,0.5166666666666667,42.89235453762756,0.2,49.77786562941925,38.04596698954449,157.33867427297986,4783.627695304246,0.49358767289079286,2318.48079694475,2267.920630059981,49.861351386917384,7.06441559066805,155.807089315097,38.64134661574584,38.70488113766853,2.1944026557947858,38.64134661574584,0.0,3.6783090146030544,38.64134661574584,31.07833031674358,42.89235453762756,0.2,49.77786562941925,38.04596698954449,157.33867427297986,4783.627695304246,0.49358767289079286,2318.48079694475,2267.920630059981,49.861351386917384,7.06441559066805,0.7166666666666667,0.5166666666666667,8.8163,1005.9573128103534,578.3013705612734,Wh,578.3013705612734,Wh
60,48bbfde2db050637e0fd333debeda07f,RollingRegression,"{""regression_model"": {""model"": ""RANSAC"", ""model_params"": {}}, ""holiday"": false, ""mean_rolling_periods"": 12, ""macd_periods"": 96, ""std_rolling_periods"": 30, ""max_rolling_periods"": null, ""min_rolling_periods"": null, ""ewm_var_alpha"": null, ""quantile90_rolling_periods"": null, ""quantile10_rolling_periods"": null, ""ewm_alpha"": 0.5, ""additional_lag_periods"": 2, ""abs_energy"": false, ""rolling_autocorr_periods"": 7, ""nonzero_last_n"": null, ""add_date_part"": null, ""polynomial_degree"": null, ""x_transform"": null, ""regression_type"": null}","{""fillna"": ""ffill"", ""transformations"": {""0"": ""Scaler"", ""1"": ""Scaler"", ""2"": ""Scaler"", ""3"": ""DifferencedTransformer"", ""4"": ""Scaler"", ""5"": ""Scaler""}, ""transformation_params"": {""0"": {}, ""1"": {}, ""2"": {}, ""3"": {""lag"": 7, ""fill"": ""zero""}, ""4"": {}, ""5"": {}}}",0,1,155.7845969056172,38.49553588203402,38.51446468039781,2.191125198920825,38.49553588203402,0.0,0.0,3.6757099851963124,2309.732152922041,38.49553588203402,30.069547624841164,0.7333333333333333,0.5333333333333333,40.19162432401466,0.2,49.15030174857796,38.236587919882666,153.05944315723974,4728.8790765968415,0.53085320665247,2309.732152922041,2302.4373158344883,49.46521767656466,7.037758454964068,155.7845969056172,38.49553588203402,38.51446468039781,2.191125198920825,38.49553588203402,0.0,3.6757099851963124,38.49553588203402,30.069547624841164,40.19162432401466,0.2,49.15030174857796,38.236587919882666,153.05944315723974,4728.8790765968415,0.53085320665247,2309.732152922041,2302.4373158344883,49.46521767656466,7.037758454964068,0.7333333333333333,0.5333333333333333,5.1863,988.2344786233222,576.1191860741072,Wh,576.1191860741072,Wh
61,b68983bf8c4a81ec848a7f7225ffa683,RollingRegression,"{""regression_model"": {""model"": ""RANSAC"", ""model_params"": {}}, ""holiday"": true, ""mean_rolling_periods"": 12, ""macd_periods"": 364, ""std_rolling_periods"": 30, ""max_rolling_periods"": 12, ""min_rolling_periods"": null, ""ewm_var_alpha"": null, ""quantile90_rolling_periods"": null, ""quantile10_rolling_periods"": null, ""ewm_alpha"": 0.5, ""additional_lag_periods"": 32, ""abs_energy"": false, ""rolling_autocorr_periods"": 7, ""nonzero_last_n"": null, ""add_date_part"": null, ""polynomial_degree"": null, ""x_transform"": null, ""regression_type"": null}","{""fillna"": ""fake_date"", ""transformations"": {""0"": ""Scaler"", ""1"": ""Scaler"", ""2"": ""DifferencedTransformer""}, ""transformation_params"": {""0"": {}, ""1"": {}, ""2"": {""lag"": 7, ""fill"": ""zero""}}}",0,1,155.2427242800776,38.000101073407556,38.06656217276845,2.245020253903087,38.000101073407556,0.0,0.0,3.6619150153413993,2280.0060644044534,38.000101073407556,29.716025141217724,0.7333333333333333,0.5333333333333333,41.67386434508701,0.2,48.74668450704486,37.40833285275883,154.1461830527371,4698.042405600771,0.6448818698423902,2280.0060644044534,2238.620931309047,57.14216390214673,6.947183004242218,155.2427242800776,38.000101073407556,38.06656217276845,2.245020253903087,38.000101073407556,0.0,3.6619150153413993,38.000101073407556,29.716025141217724,41.67386434508701,0.2,48.74668450704486,37.40833285275883,154.1461830527371,4698.042405600771,0.6448818698423902,2280.0060644044534,2238.620931309047,57.14216390214673,6.947183004242218,0.7333333333333333,0.5333333333333333,11.5016,977.0929767028351,568.7045731285093,Wh,568.7045731285093,Wh
62,5b8ee39dc9f962480e863a53ff33c93d,ARIMA,"{""p"": 4, ""d"": 1, ""q"": 12, ""regression_type"": ""Holiday""}","{""fillna"": ""ffill"", ""transformations"": {""0"": ""Scaler"", ""1"": ""Scaler"", ""2"": ""DifferencedTransformer""}, ""transformation_params"": {""0"": {}, ""1"": {}, ""2"": {""lag"": 7, ""fill"": ""zero""}}}",0,1,153.24423006087056,35.747974192595784,35.754611896618464,2.2166937668331066,35.747974192595784,0.0,0.0,3.6039087350076224,2144.8784515557472,35.747974192595784,30.304396691039596,0.7333333333333333,0.5166666666666667,37.77222660189214,0.2,45.41500308183276,35.53479169407534,140.3659475870613,4239.887455415546,0.5850813241962819,2144.8784515557472,2168.577175412892,53.37426104689487,6.53544889965265,153.24423006087056,35.747974192595784,35.754611896618464,2.2166937668331066,35.747974192595784,0.0,3.6039087350076224,35.747974192595784,30.304396691039596,37.77222660189214,0.2,45.41500308183276,35.53479169407534,140.3659475870613,4239.887455415546,0.5850813241962819,2144.8784515557472,2168.577175412892,53.37426104689487,6.53544889965265,0.7333333333333333,0.5166666666666667,12.4128,963.6664836531719,534.9995349785029,Wh,534.9995349785029,Wh
63,67b9d11f40b52b2a28e232f3afb3e121,RollingRegression,"{""regression_model"": {""model"": ""BayesianRidge"", ""model_params"": {}}, ""holiday"": false, ""mean_rolling_periods"": 30, ""macd_periods"": 2, ""std_rolling_periods"": 30, ""max_rolling_periods"": 28, ""min_rolling_periods"": null, ""ewm_var_alpha"": null, ""quantile90_rolling_periods"": null, ""quantile10_rolling_periods"": null, ""ewm_alpha"": 0.1, ""additional_lag_periods"": 3, ""abs_energy"": false, ""rolling_autocorr_periods"": null, ""nonzero_last_n"": null, ""add_date_part"": ""simple_binarized"", ""polynomial_degree"": null, ""x_transform"": ""RmZeroVariance"", ""regression_type"": null}","{""fillna"": ""linear"", ""transformations"": {""0"": ""Scaler"", ""1"": ""Scaler"", ""2"": ""Scaler"", ""3"": ""DifferencedTransformer"", ""4"": ""Scaler""}, ""transformation_params"": {""0"": {}, ""1"": {}, ""2"": {}, ""3"": {""lag"": 7, ""fill"": ""zero""}, ""4"": {}}}",0,1,147.33617991581974,30.563979025051587,30.666774797989746,2.170070645912027,30.563979025051587,0.0,0.0,3.448803020425561,1833.8387415030952,30.563979025051587,27.499755737346977,0.75,0.5666666666666667,35.13132035935814,0.2,38.313336894173666,29.92314297827623,114.1735945388567,3388.376085114136,0.45981066043780966,1833.8387415030952,1934.0916145360777,47.26580004997857,5.5877102856825,147.33617991581974,30.563979025051587,30.666774797989746,2.170070645912027,30.563979025051587,0.0,3.448803020425561,30.563979025051587,27.499755737346977,35.13132035935814,0.2,38.313336894173666,29.92314297827623,114.1735945388567,3388.376085114136,0.45981066043780966,1833.8387415030952,1934.0916145360777,47.26580004997857,5.5877102856825,0.75,0.5666666666666667,0.7768,863.8822641537245,457.4165371553314,Wh,457.4165371553314,Wh
64,d99dff301aaba36d11a5cc9e2c3bfbdf,ARIMA,"{""p"": 4, ""d"": 2, ""q"": 1, ""regression_type"": null}","{""fillna"": ""akima"", ""transformations"": {""0"": ""DifferencedTransformer"", ""1"": ""Scaler""}, ""transformation_params"": {""0"": {""lag"": 2, ""fill"": ""bfill""}, ""1"": {}}}",0,1,123.48733293830018,19.752787492167656,21.240382758025103,1.515371109622881,19.752787492167656,0.0,0.0,2.9506611897392814,1185.1672495300593,19.752787492167656,32.28791084497152,0.95,0.45,32.88899093145564,0.2,29.093037971362286,17.749073887345236,96.75339616157727,1220.2677761776706,0.11552215769014518,1185.1672495300593,928.2663843969832,7.659418370464207,3.611206961973746,123.48733293830018,19.752787492167656,21.240382758025103,1.515371109622881,19.752787492167656,0.0,2.9506611897392814,19.752787492167656,32.28791084497152,32.88899093145564,0.2,29.093037971362286,17.749073887345236,96.75339616157727,1220.2677761776706,0.11552215769014518,1185.1672495300593,928.2663843969832,7.659418370464207,3.611206961973746,0.95,0.45,0.1368,820.6519074022168,295.61764999337225,Wh,295.61764999337225,Wh
65,4f93153f50ab8d52c91879139e308ac3,RollingRegression,"{""regression_model"": {""model"": ""ExtraTrees"", ""model_params"": {""n_estimators"": 100, ""min_samples_leaf"": 1, ""max_depth"": 10}}, ""holiday"": false, ""mean_rolling_periods"": 12, ""macd_periods"": null, ""std_rolling_periods"": null, ""max_rolling_periods"": 420, ""min_rolling_periods"": 7, ""ewm_var_alpha"": null, ""quantile90_rolling_periods"": null, ""quantile10_rolling_periods"": null, ""ewm_alpha"": null, ""additional_lag_periods"": 363, ""abs_energy"": false, ""rolling_autocorr_periods"": null, ""nonzero_last_n"": null, ""add_date_part"": null, ""polynomial_degree"": null, ""x_transform"": null, ""regression_type"": null}","{""fillna"": ""linear"", ""transformations"": {""0"": ""Scaler"", ""1"": ""Scaler"", ""2"": ""DifferencedTransformer"", ""3"": ""Scaler"", ""4"": ""Scaler""}, ""transformation_params"": {""0"": {}, ""1"": {}, ""2"": {""lag"": 7, ""fill"": ""one""}, ""3"": {}, ""4"": {}}}",0,1,140.98852738900243,26.541537664347388,27.001364020236142,2.304777527682507,26.541537664347388,0.0,0.0,3.2991658239057395,1592.4922598608432,26.541537664347388,26.847242201845862,0.7666666666666667,0.5333333333333333,35.63267793480994,0.2,32.95212480406503,25.158338991941594,92.5327982671486,2894.2794423227383,0.46921443721936346,1592.4922598608432,1775.8821105236752,56.417394471392,4.8523270770257,140.98852738900243,26.541537664347388,27.001364020236142,2.304777527682507,26.541537664347388,0.0,3.2991658239057395,26.541537664347388,26.847242201845862,35.63267793480994,0.2,32.95212480406503,25.158338991941594,92.5327982671486,2894.2794423227383,0.46921443721936346,1592.4922598608432,1775.8821105236752,56.417394471392,4.8523270770257,0.7666666666666667,0.5333333333333333,1.8842,811.3465444488676,397.2172026179138,Wh,397.2172026179138,Wh
66,31d99b7e13fd237246651f4484dede76,ARIMA,"{""p"": 4, ""d"": 2, ""q"": 12, ""regression_type"": null}","{""fillna"": ""median"", ""transformations"": {""0"": ""DifferencedTransformer""}, ""transformation_params"": {""0"": {""lag"": 2, ""fill"": ""bfill""}}}",0,1,119.3985953465637,4.686341551762293,4.999446220053911,1.3447324528189222,4.686341551762293,0.0,-143.14084537482432,3.1665758591264663,138.03964773091326,3.181204994164423,28.874193219507116,0.9666666666666667,0.5666666666666667,7.745102732418877,0.75,4.927224103925399,4.3216459836792955,18.302184307117376,104.18202592018115,0.2321322435419237,5.10119764391105,156.09101326109467,6.101146577054549,0.015543359347298967,119.3985953465637,4.686341551762293,4.999446220053911,1.3447324528189222,4.686341551762293,0.0,3.1665758591264663,3.181204994164423,28.874193219507116,7.745102732418877,0.75,4.927224103925399,4.3216459836792955,18.302184307117376,104.18202592018115,0.2321322435419237,5.10119764391105,156.09101326109467,6.101146577054549,0.015543359347298967,0.9666666666666667,0.5666666666666667,4.8277,612.0144219807374,70.13517849810238,Wh,70.13517849810238,Wh
67,b977710a3ca495cc403080825773c26a,DatepartRegression,"{""regression_model"": {""model"": ""RandomForest"", ""model_params"": {""n_estimators"": 100, ""min_samples_leaf"": 2, ""bootstrap"": true}}, ""datepart_method"": ""expanded"", ""polynomial_degree"": null, ""holiday_countries_used"": false, ""lags"": null, ""forward_lags"": null, ""regression_type"": null}","{""fillna"": ""linear"", ""transformations"": {""0"": ""Scaler"", ""1"": ""Scaler"", ""2"": ""DifferencedTransformer""}, ""transformation_params"": {""0"": {}, ""1"": {}, ""2"": {""lag"": 2, ""fill"": ""bfill""}}}",0,1,119.44117188005343,17.50275960524044,18.490392702830786,1.5419857732145297,17.50275960524044,0.0,0.0,2.8590116879019116,1050.1655763144263,17.50275960524044,18.191406702575875,0.95,0.4,26.13646652995593,0.2,25.169718410592267,16.0792905324752,83.07717083298135,908.7905249944414,0.2888519284760571,1050.1655763144263,857.2318002648993,5.855199789092388,3.1998565956961524,119.44117188005343,17.50275960524044,18.490392702830786,1.5419857732145297,17.50275960524044,0.0,2.8590116879019116,17.50275960524044,18.191406702575875,26.13646652995593,0.2,25.169718410592267,16.0792905324752,83.07717083298135,908.7905249944414,0.2888519284760571,1050.1655763144263,857.2318002648993,5.855199789092388,3.1998565956961524,0.95,0.4,0.2326,563.5524878446856,261.94402511299927,Wh,261.94402511299927,Wh
68,586c76e7e483fb08eb439ae38344de01,ARIMA,"{""p"": 0, ""d"": 2, ""q"": 12, ""regression_type"": null}","{""fillna"": ""rolling_mean"", ""transformations"": {""0"": ""Scaler"", ""1"": ""Scaler"", ""2"": ""DifferencedTransformer""}, ""transformation_params"": {""0"": {}, ""1"": {}, ""2"": {""lag"": 1, ""fill"": ""bfill""}}}",0,1,58.79765130639465,2.1119059510399363,2.533024707358286,1.0202379410871663,2.1119059510399363,0.0,-125.1424966616707,2.1057668753119665,1.5718604007254724,1.0367456750299637,29.12467081613068,1.0,0.5333333333333333,5.4011101722717285,0.8,2.4426306522092367,1.6709373142902155,11.637731899833602,20.597155239905213,0.014302424711376455,123.57063626094524,79.23896741608439,23.938152316361318,0.3765199739851004,58.79765130639465,2.1119059510399363,2.533024707358286,1.0202379410871663,2.1119059510399363,0.0,2.1057668753119665,1.0367456750299637,29.12467081613068,5.4011101722717285,0.8,2.4426306522092367,1.6709373142902155,11.637731899833602,20.597155239905213,0.014302424711376455,123.57063626094524,79.23896741608439,23.938152316361318,0.3765199739851004,1.0,0.5333333333333333,2.4937,544.7140717604887,31.606509942001704,Wh,31.606509942001704,Wh
69,bcbde11ffd1a706536f4baca249421de,ARIMA,"{""p"": 0, ""d"": 2, ""q"": 12, ""regression_type"": null}","{""fillna"": ""linear"", ""transformations"": {""0"": ""Scaler"", ""1"": ""Scaler"", ""2"": ""DifferencedTransformer""}, ""transformation_params"": {""0"": {}, ""1"": {}, ""2"": {""lag"": 1, ""fill"": ""bfill""}}}",0,1,58.79765130639465,2.1119059510399363,2.533024707358286,1.0202379410871663,2.1119059510399363,0.0,-125.1424966616707,2.1057668753119665,1.5718604007254724,1.0367456750299637,29.12467081613068,1.0,0.5333333333333333,5.4011101722717285,0.8,2.4426306522092367,1.6709373142902155,11.637731899833602,20.597155239905213,0.014302424711376455,123.57063626094524,79.23896741608439,23.938152316361318,0.3765199739851004,58.79765130639465,2.1119059510399363,2.533024707358286,1.0202379410871663,2.1119059510399363,0.0,2.1057668753119665,1.0367456750299637,29.12467081613068,5.4011101722717285,0.8,2.4426306522092367,1.6709373142902155,11.637731899833602,20.597155239905213,0.014302424711376455,123.57063626094524,79.23896741608439,23.938152316361318,0.3765199739851004,1.0,0.5333333333333333,2.4231,544.7140551059615,31.606509942001704,Wh,31.606509942001704,Wh
70,eeb790ca157c378ed323c7e28a0375e3,ARIMA,"{""p"": 0, ""d"": 0, ""q"": 12, ""regression_type"": null}","{""fillna"": ""cubic"", ""transformations"": {""0"": null}, ""transformation_params"": {""0"": {}}}",0,1,199.46591037273458,5.460469385078202,5.507401062580019,1.1966908708419215,5.460469385078202,0.0,-327.62816310469213,5.460469385078202,0.0,1.859528013431561,20.231386991280814,0.8833333333333333,0.55,6.628880023956299,0.8,5.124489912456611,5.273450444832328,20.57570156786782,108.3062126603764,0.0936415019473265,327.62816310469213,344.4659540187836,20.035453286372633,0.9982836633491757,199.46591037273458,5.460469385078202,5.507401062580019,1.1966908708419215,5.460469385078202,0.0,5.460469385078202,1.859528013431561,20.231386991280814,6.628880023956299,0.8,5.124489912456611,5.273450444832328,20.57570156786782,108.3062126603764,0.0936415019473265,327.62816310469213,344.4659540187836,20.035453286372633,0.9982836633491757,0.8833333333333333,0.55,1.832,541.0790429207124,81.72067502460789,Wh,81.72067502460789,Wh
71,1354ee47793d1539100e176f81e69323,ARIMA,"{""p"": 3, ""d"": 2, ""q"": 12, ""regression_type"": null}","{""fillna"": ""rolling_mean"", ""transformations"": {""0"": ""Scaler"", ""1"": ""Scaler"", ""2"": ""DifferencedTransformer"", ""3"": ""Scaler""}, ""transformation_params"": {""0"": {}, ""1"": {}, ""2"": {""lag"": 1, ""fill"": ""bfill""}, ""3"": {}}}",0,1,17.00706658049021,0.9634048833556526,1.1346672462649612,1.109696689730886,0.9634048833556526,0.0,-7.4377560206848585,0.650697339346147,50.366536980654296,0.9375879617069324,30.681707439095863,1.0,0.45,2.0111528451060643,0.5333333333333333,2.051612549323395,0.8011551874574809,4.711697054299811,2.8821014513423493,0.2797141963419969,42.92878095996944,23.361680031471224,19.026281053508388,0.1308040808022309,17.00706658049021,0.9634048833556526,1.1346672462649612,1.109696689730886,0.9634048833556526,0.0,0.650697339346147,0.9375879617069324,30.681707439095863,2.0111528451060643,0.5333333333333333,2.051612549323395,0.8011551874574809,4.711697054299811,2.8821014513423493,0.2797141963419969,42.92878095996944,23.361680031471224,19.026281053508388,0.1308040808022309,1.0,0.45,7.2549,525.4615344247329,14.41819225375989,Wh,14.41819225375989,Wh
72,e96c009b7e6fb99395e3bdd5c854c921,ARIMA,"{""p"": 7, ""d"": 2, ""q"": 12, ""regression_type"": null}","{""fillna"": ""linear"", ""transformations"": {""0"": ""DifferencedTransformer"", ""1"": ""Scaler"", ""2"": ""Scaler""}, ""transformation_params"": {""0"": {""lag"": 1, ""fill"": ""bfill""}, ""1"": {}, ""2"": {}}}",0,1,37.69122475627155,1.536802228053184,1.8820180427793674,1.0881295645855897,1.536802228053184,0.0,-89.80195799488509,1.527051813192316,2.406175688305953,0.8561360383604768,28.893038699010322,1.0,0.43333333333333335,4.411594408436998,0.8,2.1450415541594503,1.174925591593399,8.492371336922979,12.365565144926245,0.2652219249305905,87.39578230657914,55.0253812805391,19.2007023716156,0.2662951221760502,37.69122475627155,1.536802228053184,1.8820180427793674,1.0881295645855897,1.536802228053184,0.0,1.527051813192316,0.8561360383604768,28.893038699010322,4.411594408436998,0.8,2.1450415541594503,1.174925591593399,8.492371336922979,12.365565144926245,0.2652219249305905,87.39578230657914,55.0253812805391,19.2007023716156,0.2662951221760502,1.0,0.43333333333333335,8.1064,518.6064307115371,22.999582380046434,Wh,22.999582380046434,Wh
73,c43ca0e7aa85cc6b865da76c6ab67bd9,ARIMA,"{""p"": 4, ""d"": 2, ""q"": 12, ""regression_type"": ""Holiday""}","{""fillna"": ""ffill_mean_biased"", ""transformations"": {""0"": ""Scaler"", ""1"": ""Scaler"", ""2"": ""DifferencedTransformer""}, ""transformation_params"": {""0"": {}, ""1"": {}, ""2"": {""lag"": 1, ""fill"": ""bfill""}}}",0,1,162.02974730445945,4.5277125070896656,4.800353438512383,1.0772653437534818,4.5277125070896656,0.0,-271.66275042537995,4.5277125070896656,0.0,1.6442014059904462,20.299598124409112,1.0,0.55,6.628880023956299,0.8,4.2682734233406,4.2158925764466995,19.397438498217962,54.06979176015161,0.05039931901361565,271.66275042537995,243.84783949301126,19.194922218127267,0.8277569398193083,162.02974730445945,4.5277125070896656,4.800353438512383,1.0772653437534818,4.5277125070896656,0.0,4.5277125070896656,1.6442014059904462,20.299598124409112,6.628880023956299,0.8,4.2682734233406,4.2158925764466995,19.397438498217962,54.06979176015161,0.05039931901361565,271.66275042537995,243.84783949301126,19.194922218127267,0.8277569398193083,1.0,0.55,5.7057,504.2431638327101,67.7611568353163,Wh,67.7611568353163,Wh
74,be8aed0a5c0913f62bf740426412e18d,ARIMA,"{""p"": 0, ""d"": 1, ""q"": 12, ""regression_type"": null}","{""fillna"": ""median"", ""transformations"": {""0"": ""DifferencedTransformer"", ""1"": ""Scaler"", ""2"": ""Scaler"", ""3"": ""Scaler""}, ""transformation_params"": {""0"": {""lag"": 2, ""fill"": ""bfill""}, ""1"": {}, ""2"": {}, ""3"": {}}}",0,1,57.780490590262815,4.4298608283157055,4.510028764213431,1.1833028256302687,4.4298608283157055,0.0,0.0,1.6796059186862515,265.7916496989423,4.4298608283157055,23.638239545407284,0.9666666666666667,0.55,6.251556074719398,0.2,6.0681798554567985,4.18084591116654,15.888714250177857,83.87495366233787,0.11847682445726529,265.7916496989423,289.20368127371984,15.983647119435997,0.809867684251229,57.780490590262815,4.4298608283157055,4.510028764213431,1.1833028256302687,4.4298608283157055,0.0,1.6796059186862515,4.4298608283157055,23.638239545407284,6.251556074719398,0.2,6.0681798554567985,4.18084591116654,15.888714250177857,83.87495366233787,0.11847682445726529,265.7916496989423,289.20368127371984,15.983647119435997,0.809867684251229,0.9666666666666667,0.55,0.6884,475.9522265013857,66.29672133027509,Wh,66.29672133027509,Wh
75,d7bb5c0e67ce7532959e3ee6a25d7b8e,ARIMA,"{""p"": 4, ""d"": 1, ""q"": 4, ""regression_type"": null}","{""fillna"": ""rolling_mean"", ""transformations"": {""0"": ""DifferencedTransformer"", ""1"": ""Scaler""}, ""transformation_params"": {""0"": {""lag"": 1, ""fill"": ""bfill""}, ""1"": {}}}",0,1,38.33689605358741,1.6512343571191677,1.8617397248879877,1.077164296132929,1.6512343571191677,0.0,-97.7201530425578,1.6458160761709117,1.353908384592259,0.9236727133752658,23.53093055228509,1.0,0.5166666666666667,3.517609055022324,0.8,2.262120947429961,1.4000383052470742,8.220418298893867,10.420176572134718,0.2626489771599087,96.36624465796554,72.32148030772119,19.582759462552442,0.29362813876783916,38.33689605358741,1.6512343571191677,1.8617397248879877,1.077164296132929,1.6512343571191677,0.0,1.6458160761709117,0.9236727133752658,23.53093055228509,3.517609055022324,0.8,2.262120947429961,1.4000383052470742,8.220418298893867,10.420176572134718,0.2626489771599087,96.36624465796554,72.32148030772119,19.582759462552442,0.29362813876783916,1.0,0.5166666666666667,1.0888,432.01846511889744,24.71215874890768,Wh,24.71215874890768,Wh
76,22e7412340a87082df210a2afac90d37,ARIMA,"{""p"": 4, ""d"": 0, ""q"": 12, ""regression_type"": ""Holiday""}","{""fillna"": ""pchip"", ""transformations"": {""0"": ""Scaler"", ""1"": ""DifferencedTransformer"", ""2"": ""Scaler"", ""3"": ""Scaler""}, ""transformation_params"": {""0"": {}, ""1"": {""lag"": 2, ""fill"": ""bfill""}, ""2"": {}, ""3"": {}}}",0,1,88.39346030066271,8.60714309386401,8.6542006737385,1.2614417667463838,8.60714309386401,0.0,0.0,2.2579889562156885,516.4285856318406,8.60714309386401,16.992250091023056,0.95,0.5,10.015613010922294,0.2,11.509441791533089,8.397580508508854,35.51356677245598,224.66796946163666,0.19608278815303093,516.4285856318406,497.26824787428717,15.566864110996882,1.5735589255739537,88.39346030066271,8.60714309386401,8.6542006737385,1.2614417667463838,8.60714309386401,0.0,2.2579889562156885,8.60714309386401,16.992250091023056,10.015613010922294,0.2,11.509441791533089,8.397580508508854,35.51356677245598,224.66796946163666,0.19608278815303093,516.4285856318406,497.26824787428717,15.566864110996882,1.5735589255739537,0.95,0.5,3.5169,431.1894949766251,128.8133847222157,Wh,128.8133847222157,Wh
77,e444c0fedefa2bc685a91889efcb137d,ARIMA,"{""p"": 4, ""d"": 0, ""q"": 0, ""regression_type"": null}","{""fillna"": ""ffill"", ""transformations"": {""0"": ""DifferencedTransformer""}, ""transformation_params"": {""0"": {""lag"": 2, ""fill"": ""bfill""}}}",0,1,78.24366126538676,6.9626318920903305,6.999696458505884,1.1976130702301533,6.9626318920903305,0.0,0.0,2.070621632569325,417.75791352541984,6.9626318920903305,16.355691267446677,0.95,0.55,8.113727118972026,0.2,9.390851103146883,6.792092428269258,28.328662869755295,155.7950311572033,0.10951335276273638,417.75791352541984,407.4964094958124,19.530932562982162,1.272909191796191,78.24366126538676,6.9626318920903305,6.999696458505884,1.1976130702301533,6.9626318920903305,0.0,2.070621632569325,6.9626318920903305,16.355691267446677,8.113727118972026,0.2,9.390851103146883,6.792092428269258,28.328662869755295,155.7950311572033,0.10951335276273638,417.75791352541984,407.4964094958124,19.530932562982162,1.272909191796191,0.95,0.55,0.058,396.88742766830063,104.20184384228277,Wh,104.20184384228277,Wh
78,9e182b2af7d8401a8fa91dc8bdd2b637,DatepartRegression,"{""regression_model"": {""model"": ""DecisionTree"", ""model_params"": {""max_depth"": 3, ""min_samples_split"": 2}}, ""datepart_method"": ""recurring"", ""polynomial_degree"": null, ""holiday_countries_used"": false, ""lags"": null, ""forward_lags"": null, ""regression_type"": null}","{""fillna"": ""mean"", ""transformations"": {""2"": ""DifferencedTransformer""}, ""transformation_params"": {""2"": {}}}",0,1,30.192240995382,6.439497080684941,17.50186249583413,3.2119957465064823,6.439497080684941,0.0,-10.849501804565088,0.8927821850577441,375.52032303653135,6.401708506193539,15.339435346723112,1.0,0.5833333333333334,72.0442391721062,0.6333333333333333,24.69728529704134,0.4995464015549999,55.67402917818063,1981.9312775913183,0.23045551368663725,364.6708212319663,48.25177852947124,23.54432435981855,1.1111527161957402,30.192240995382,6.439497080684941,17.50186249583413,3.2119957465064823,6.439497080684941,0.0,0.8927821850577441,6.401708506193539,15.339435346723112,72.0442391721062,0.6333333333333333,24.69728529704134,0.4995464015549999,55.67402917818063,1981.9312775913183,0.23045551368663725,364.6708212319663,48.25177852947124,23.54432435981855,1.1111527161957402,1.0,0.5833333333333334,0.139,377.2625955137809,96.37267625574808,Wh,96.37267625574808,Wh
79,36d4f50db38da72d256ef839e354acd6,ARIMA,"{""p"": 1, ""d"": 0, ""q"": 0, ""regression_type"": ""Holiday""}","{""fillna"": ""ffill"", ""transformations"": {""0"": ""DifferencedTransformer"", ""1"": ""Scaler"", ""2"": ""Scaler""}, ""transformation_params"": {""0"": {""lag"": 2, ""fill"": ""bfill""}, ""1"": {}, ""2"": {}}}",0,1,69.3556995680253,5.769002200012409,5.82953259311736,1.2187614096525692,5.769002200012409,0.0,0.0,1.9045718862927634,346.14013200074453,5.769002200012409,16.03123697950441,0.9666666666666667,0.43333333333333335,7.459404265984089,0.2,7.797712793816678,5.540618719850005,21.701113135647503,109.52223317925603,0.1672126920799602,346.14013200074453,360.35176569967206,18.74668410350936,1.0546896693232468,69.3556995680253,5.769002200012409,5.82953259311736,1.2187614096525692,5.769002200012409,0.0,1.9045718862927634,5.769002200012409,16.03123697950441,7.459404265984089,0.2,7.797712793816678,5.540618719850005,21.701113135647503,109.52223317925603,0.1672126920799602,346.14013200074453,360.35176569967206,18.74668410350936,1.0546896693232468,0.9666666666666667,0.43333333333333335,0.2688,373.345137930821,86.33813702752043,Wh,86.33813702752043,Wh
80,dd4d59a3af226d9dd08dabab4a950229,DatepartRegression,"{""regression_model"": {""model"": ""Adaboost"", ""model_params"": {""n_estimators"": 50, ""loss"": ""linear"", ""estimator"": ""ExtraTree"", ""learning_rate"": 0.8, ""max_depth"": 3}}, ""datepart_method"": [168, ""hour""], ""polynomial_degree"": null, ""holiday_countries_used"": true, ""lags"": 4, ""forward_lags"": 2, ""regression_type"": null}","{""fillna"": ""linear"", ""transformations"": {""0"": ""Scaler"", ""1"": ""DifferencedTransformer"", ""2"": ""Scaler"", ""3"": ""Scaler"", ""4"": ""Scaler""}, ""transformation_params"": {""0"": {}, ""1"": {""lag"": 2, ""fill"": ""zero""}, ""2"": {}, ""3"": {}, ""4"": {}}}",0,1,77.67900418979055,6.902030253765444,6.971648338220734,1.4188691302220198,6.902030253765444,0.0,0.0,2.0594387216415844,414.12181522592664,6.902030253765444,14.68775894037901,0.95,0.55,9.753427663988894,0.2,9.40676052499955,6.614922945786235,28.213542347826913,154.97320618909666,0.23099317014524623,414.12181522592664,402.1513804335876,9.524421844227033,1.2618299930596775,77.67900418979055,6.902030253765444,6.971648338220734,1.4188691302220198,6.902030253765444,0.0,2.0594387216415844,6.902030253765444,14.68775894037901,9.753427663988894,0.2,9.40676052499955,6.614922945786235,28.213542347826913,154.97320618909666,0.23099317014524623,414.12181522592664,402.1513804335876,9.524421844227033,1.2618299930596775,0.95,0.55,1.6116,368.68766249420986,103.29488760056475,Wh,103.29488760056475,Wh
81,6dd91792a30732ab3234615071525f87,RollingRegression,"{""regression_model"": {""model"": ""ExtraTrees"", ""model_params"": {""n_estimators"": 100, ""min_samples_leaf"": 1, ""max_depth"": 10}}, ""holiday"": false, ""mean_rolling_periods"": null, ""macd_periods"": null, ""std_rolling_periods"": null, ""max_rolling_periods"": 420, ""min_rolling_periods"": 7, ""ewm_var_alpha"": null, ""quantile90_rolling_periods"": null, ""quantile10_rolling_periods"": null, ""ewm_alpha"": null, ""additional_lag_periods"": 6, ""abs_energy"": false, ""rolling_autocorr_periods"": null, ""nonzero_last_n"": null, ""add_date_part"": null, ""polynomial_degree"": null, ""x_transform"": null, ""regression_type"": null}","{""fillna"": ""pchip"", ""transformations"": {""0"": ""DifferencedTransformer"", ""1"": ""Scaler""}, ""transformation_params"": {""0"": {""lag"": 2, ""fill"": ""bfill""}, ""1"": {}}}",0,1,67.91755911869458,3.265732202243321,3.838367472883791,1.2835312031447401,3.265732202243321,0.0,-77.05435430194106,2.059270759848135,118.88957783265822,2.516166813509839,15.375702597642542,0.95,0.5333333333333333,6.949445803621213,0.7166666666666667,4.206183776670304,2.737464653804015,12.800032970241476,85.42255991069476,0.16314830984410655,41.835223530717165,170.46234481500363,8.347355373853953,0.1274720091444967,67.91755911869458,3.265732202243321,3.838367472883791,1.2835312031447401,3.265732202243321,0.0,2.059270759848135,2.516166813509839,15.375702597642542,6.949445803621213,0.7166666666666667,4.206183776670304,2.737464653804015,12.800032970241476,85.42255991069476,0.16314830984410655,41.835223530717165,170.46234481500363,8.347355373853953,0.1274720091444967,0.95,0.5333333333333333,1.86,338.81100911856856,48.87452363458337,Wh,48.87452363458337,Wh
82,e1cfa4dc9998767ee0f405b4cf7c17b2,RollingRegression,"{""regression_model"": {""model"": ""ExtraTrees"", ""model_params"": {""n_estimators"": 100, ""min_samples_leaf"": 1, ""max_depth"": 10}}, ""holiday"": true, ""mean_rolling_periods"": 12, ""macd_periods"": 2, ""std_rolling_periods"": 10, ""max_rolling_periods"": 24, ""min_rolling_periods"": 57, ""ewm_var_alpha"": null, ""quantile90_rolling_periods"": null, ""quantile10_rolling_periods"": null, ""ewm_alpha"": null, ""additional_lag_periods"": 90, ""abs_energy"": false, ""rolling_autocorr_periods"": null, ""nonzero_last_n"": null, ""add_date_part"": null, ""polynomial_degree"": null, ""x_transform"": null, ""regression_type"": null}","{""fillna"": ""cubic"", ""transformations"": {""0"": ""DifferencedTransformer"", ""1"": ""Scaler""}, ""transformation_params"": {""0"": {""lag"": 1, ""fill"": ""bfill""}, ""1"": {}}}",0,1,93.74872115083254,2.9510504940652056,3.374007776579267,1.06140294416832,2.9510504940652056,0.0,-175.45220449429183,2.9438963261180686,1.610825149620462,1.2755931817928403,13.824763332198774,1.0,0.5166666666666667,5.7993998527526855,0.8,2.8712524067154663,2.5194544467716704,15.355243813539232,30.945964551125556,0.0808295691279255,173.8413793446714,119.8527246428557,21.91345422653685,0.5296950279528241,93.74872115083254,2.9510504940652056,3.374007776579267,1.06140294416832,2.9510504940652056,0.0,2.9438963261180686,1.2755931817928403,13.824763332198774,5.7993998527526855,0.8,2.8712524067154663,2.5194544467716704,15.355243813539232,30.945964551125556,0.0808295691279255,173.8413793446714,119.8527246428557,21.91345422653685,0.5296950279528241,1.0,0.5166666666666667,9.9474,329.730179753488,44.165038094661426,Wh,44.165038094661426,Wh
83,f43d95223e2444e1eaa49bd62bd885b5,RollingRegression,"{""regression_model"": {""model"": ""ExtraTrees"", ""model_params"": {""n_estimators"": 100, ""min_samples_leaf"": 1, ""max_depth"": 10}}, ""holiday"": false, ""mean_rolling_periods"": null, ""macd_periods"": null, ""std_rolling_periods"": null, ""max_rolling_periods"": 28, ""min_rolling_periods"": 57, ""ewm_var_alpha"": null, ""quantile90_rolling_periods"": null, ""quantile10_rolling_periods"": null, ""ewm_alpha"": null, ""additional_lag_periods"": 90, ""abs_energy"": false, ""rolling_autocorr_periods"": null, ""nonzero_last_n"": null, ""add_date_part"": null, ""polynomial_degree"": null, ""x_transform"": null, ""regression_type"": null}","{""fillna"": ""ffill"", ""transformations"": {""0"": ""Scaler"", ""1"": ""Scaler"", ""2"": ""DifferencedTransformer""}, ""transformation_params"": {""0"": {}, ""1"": {}, ""2"": {""lag"": 1, ""fill"": ""bfill""}}}",0,1,91.15490172393628,2.77563411959565,3.3142904822183255,1.118454936924753,2.77563411959565,0.0,-162.32218962162568,2.7539371696476342,4.2158575541133,1.2079818767757022,13.851285961825651,1.0,0.45,5.7993998527526855,0.8,2.7166644640046695,2.3082899474757883,15.109627220044132,29.587454617092302,0.26748976188429674,158.1063320675124,95.17911163645121,18.921928074194454,0.4817503076639418,91.15490172393628,2.77563411959565,3.3142904822183255,1.118454936924753,2.77563411959565,0.0,2.7539371696476342,1.2079818767757022,13.851285961825651,5.7993998527526855,0.8,2.7166644640046695,2.3082899474757883,15.109627220044132,29.587454617092302,0.26748976188429674,158.1063320675124,95.17911163645121,18.921928074194454,0.4817503076639418,1.0,0.45,1.9048,326.7511460561653,41.53977943627666,Wh,41.53977943627666,Wh
84,1c38476f9bc645a300f135021564b7c5,ARIMA,"{""p"": 7, ""d"": 1, ""q"": 2, ""regression_type"": null}","{""fillna"": ""linear"", ""transformations"": {""0"": ""Scaler"", ""1"": ""Scaler"", ""2"": ""DifferencedTransformer""}, ""transformation_params"": {""0"": {}, ""1"": {}, ""2"": {""lag"": 1, ""fill"": ""bfill""}}}",0,1,40.25202343897364,2.818945108217294,3.301171808473502,1.03106504922228,2.818945108217294,0.0,-0.49975920871532775,1.2107566620665224,168.63694728432233,2.8180678542354807,16.261342834805408,1.0,0.43333333333333335,5.652457571704472,0.21666666666666667,4.921260847395001,2.416429578823474,14.969080303234048,28.233181218836204,0.00846308592080893,168.13718807560696,113.36339711565186,25.118818856904458,0.5123143458326902,40.25202343897364,2.818945108217294,3.301171808473502,1.03106504922228,2.818945108217294,0.0,1.2107566620665224,2.8180678542354807,16.261342834805408,5.652457571704472,0.21666666666666667,4.921260847395001,2.416429578823474,14.969080303234048,28.233181218836204,0.00846308592080893,168.13718807560696,113.36339711565186,25.118818856904458,0.5123143458326902,1.0,0.43333333333333335,0.2762,326.63180848532227,42.187966062103364,Wh,42.187966062103364,Wh
85,c5086a4d1c7a4a83fda99226104ab06a,RollingRegression,"{""regression_model"": {""model"": ""ExtraTrees"", ""model_params"": {""n_estimators"": 100, ""min_samples_leaf"": 1, ""max_depth"": 10}}, ""holiday"": false, ""mean_rolling_periods"": null, ""macd_periods"": null, ""std_rolling_periods"": 5, ""max_rolling_periods"": null, ""min_rolling_periods"": 28, ""ewm_var_alpha"": null, ""quantile90_rolling_periods"": null, ""quantile10_rolling_periods"": null, ""ewm_alpha"": null, ""additional_lag_periods"": 59, ""abs_energy"": false, ""rolling_autocorr_periods"": null, ""nonzero_last_n"": null, ""add_date_part"": null, ""polynomial_degree"": null, ""x_transform"": null, ""regression_type"": null}","{""fillna"": ""ffill"", ""transformations"": {""0"": ""DifferencedTransformer"", ""1"": ""Scaler"", ""2"": ""Scaler"", ""3"": ""Scaler""}, ""transformation_params"": {""0"": {""lag"": 1, ""fill"": ""bfill""}, ""1"": {}, ""2"": {}, ""3"": {}}}",0,1,84.05332806078846,2.492490716347247,3.1481068081469323,1.0914680753356112,2.492490716347247,0.0,-144.1565014104381,2.4662207558886036,5.392941570396704,1.1059480641762809,13.880808330610861,1.0,0.5,5.7993998527526855,0.8,2.525007947185723,1.9742424202539748,14.360318796513123,27.41254534731432,0.1686011006958642,138.7635598400414,72.06879976146317,23.20756456501765,0.4228128422898245,84.05332806078846,2.492490716347247,3.1481068081469323,1.0914680753356112,2.492490716347247,0.0,2.4662207558886036,1.1059480641762809,13.880808330610861,5.7993998527526855,0.8,2.525007947185723,1.9742424202539748,14.360318796513123,27.41254534731432,0.1686011006958642,138.7635598400414,72.06879976146317,23.20756456501765,0.4228128422898245,1.0,0.5,1.8642,319.3101633485502,37.30229206834906,Wh,37.30229206834906,Wh
86,b63aef9726cbe7afe680e5acdd8739de,ARIMA,"{""p"": 0, ""d"": 1, ""q"": 12, ""regression_type"": ""Holiday""}","{""fillna"": ""ffill"", ""transformations"": {""0"": ""Scaler"", ""1"": ""DifferencedTransformer""}, ""transformation_params"": {""0"": {}, ""1"": {""lag"": 1, ""fill"": ""bfill""}}}",0,1,44.65632566349079,1.8902616432865704,2.1051223509789336,1.0249822902540522,1.8902616432865704,0.0,-113.41569859719422,1.8902616432865704,0.0,1.0040461602434192,15.91964644051501,1.0,0.55,3.9148233680095657,0.8,2.4727089959973774,1.63340337006973,9.062894384739923,13.197703825243101,0.08695092321117026,113.41569859719422,93.57873874433857,23.845828598376357,0.3455778587652544,44.65632566349079,1.8902616432865704,2.1051223509789336,1.0249822902540522,1.8902616432865704,0.0,1.8902616432865704,1.0040461602434192,15.91964644051501,3.9148233680095657,0.8,2.4727089959973774,1.63340337006973,9.062894384739923,13.197703825243101,0.08695092321117026,113.41569859719422,93.57873874433857,23.845828598376357,0.3455778587652544,1.0,0.55,2.112,314.7728067491536,28.289410043142443,Wh,28.289410043142443,Wh
87,056e3c5dc51b9591d9fd7c93c64156b1,RollingRegression,"{""regression_model"": {""model"": ""ExtraTrees"", ""model_params"": {""n_estimators"": 100, ""min_samples_leaf"": 1, ""max_depth"": 10}}, ""holiday"": false, ""mean_rolling_periods"": 5, ""macd_periods"": null, ""std_rolling_periods"": 30, ""max_rolling_periods"": null, ""min_rolling_periods"": 28, ""ewm_var_alpha"": null, ""quantile90_rolling_periods"": null, ""quantile10_rolling_periods"": null, ""ewm_alpha"": null, ""additional_lag_periods"": 27, ""abs_energy"": false, ""rolling_autocorr_periods"": null, ""nonzero_last_n"": null, ""add_date_part"": null, ""polynomial_degree"": null, ""x_transform"": null, ""regression_type"": null}","{""fillna"": ""fake_date"", ""transformations"": {""0"": ""DifferencedTransformer"", ""1"": ""Scaler"", ""2"": ""Scaler"", ""3"": ""Scaler""}, ""transformation_params"": {""0"": {""lag"": 1, ""fill"": ""bfill""}, ""1"": {}, ""2"": {}, ""3"": {}}}",0,1,72.49238837954452,2.2335928193533943,2.902124742250961,1.0682767947488463,2.2335928193533943,0.0,-127.41629287131752,2.20069003002235,6.599276289886099,1.034156889722081,13.976270300821335,1.0,0.5166666666666667,5.7993998527526855,0.8,2.4118591074686377,1.6938484037832242,13.267378505489587,24.48204164510681,0.15301095317236763,120.81701658143143,56.99738999624122,23.68789332042541,0.36812968935545753,72.49238837954452,2.2335928193533943,2.902124742250961,1.0682767947488463,2.2335928193533943,0.0,2.20069003002235,1.034156889722081,13.976270300821335,5.7993998527526855,0.8,2.4118591074686377,1.6938484037832242,13.267378505489587,24.48204164510681,0.15301095317236763,120.81701658143143,56.99738999624122,23.68789332042541,0.36812968935545753,1.0,0.5166666666666667,1.9294,309.3477663205573,33.42765979541562,Wh,33.42765979541562,Wh
88,88cb45952eb027cc7cf89191d2d0dd47,ARIMA,"{""p"": 0, ""d"": 2, ""q"": 3, ""regression_type"": null}","{""fillna"": ""ffill"", ""transformations"": {""0"": ""DifferencedTransformer""}, ""transformation_params"": {""0"": {""lag"": 1, ""fill"": ""zero""}}}",0,1,29.85702719470613,1.9776091984578206,2.57013983411613,1.005062896043871,1.9776091984578206,0.0,-5.688262007348446,0.9486391765888786,112.9682899001208,1.9613077629207623,15.917161059597891,1.0,0.5,5.695163289729194,0.21666666666666667,3.9561995862328088,1.4768948537426398,11.769159626545894,20.119854014365544,0.006737916383384448,107.28002789277235,50.22050177039449,26.506847351944263,0.3268824579490638,29.85702719470613,1.9776091984578206,2.57013983411613,1.005062896043871,1.9776091984578206,0.0,0.9486391765888786,1.9613077629207623,15.917161059597891,5.695163289729194,0.21666666666666667,3.9561995862328088,1.4768948537426398,11.769159626545894,20.119854014365544,0.006737916383384448,107.28002789277235,50.22050177039449,26.506847351944263,0.3268824579490638,1.0,0.5,0.259,304.9886585759753,29.596642199749706,Wh,29.596642199749706,Wh
89,3aaedc995759927922c7a6e514a4c2a4,RollingRegression,"{""regression_model"": {""model"": ""ExtraTrees"", ""model_params"": {""n_estimators"": 100, ""min_samples_leaf"": 1, ""max_depth"": 10}}, ""holiday"": false, ""mean_rolling_periods"": null, ""macd_periods"": null, ""std_rolling_periods"": null, ""max_rolling_periods"": null, ""min_rolling_periods"": 28, ""ewm_var_alpha"": null, ""quantile90_rolling_periods"": null, ""quantile10_rolling_periods"": null, ""ewm_alpha"": null, ""additional_lag_periods"": 363, ""abs_energy"": false, ""rolling_autocorr_periods"": null, ""nonzero_last_n"": null, ""add_date_part"": null, ""polynomial_degree"": null, ""x_transform"": null, ""regression_type"": null}","{""fillna"": ""linear"", ""transformations"": {""0"": ""Scaler"", ""1"": ""Scaler"", ""2"": ""DifferencedTransformer""}, ""transformation_params"": {""0"": {}, ""1"": {}, ""2"": {""lag"": 1, ""fill"": ""bfill""}}}",0,1,39.17331879610006,2.702624781886423,3.1614311486069977,1.2498167387488262,2.702624781886423,0.0,-12.84844169416952,1.2753786894650854,149.30904521901587,2.6146719963445215,14.70793590870153,1.0,0.4,6.843389846200653,0.43333333333333335,4.358034485675859,2.2756375013291303,8.983603846245439,21.9536327735851,0.3051567073413693,136.46060352484636,173.81506138767557,12.822672089750293,0.4157957298258652,39.17331879610006,2.702624781886423,3.1614311486069977,1.2498167387488262,2.702624781886423,0.0,1.2753786894650854,2.6146719963445215,14.70793590870153,6.843389846200653,0.43333333333333335,4.358034485675859,2.2756375013291303,8.983603846245439,21.9536327735851,0.3051567073413693,136.46060352484636,173.81506138767557,12.822672089750293,0.4157957298258652,1.0,0.4,1.8492,299.781291636305,40.44713117841775,Wh,40.44713117841775,Wh
90,ba0c0b39e385ffaa1de2c32d74be8e89,ARIMA,"{""p"": 4, ""d"": 2, ""q"": 12, ""regression_type"": null}","{""fillna"": ""linear"", ""transformations"": {""0"": ""Scaler"", ""1"": ""DifferencedTransformer"", ""2"": ""Scaler""}, ""transformation_params"": {""0"": {}, ""1"": {""lag"": 1, ""fill"": ""zero""}, ""2"": {}}}",0,1,48.27020022374134,3.7168067409488867,4.468028229956475,1.135884296706898,3.7168067409488867,0.0,0.0,1.3768408434799264,223.0084044569332,3.7168067409488867,13.600546888419906,1.0,0.5166666666666667,8.3935783059578,0.2,6.493737956272416,3.0530197525045786,20.604128953842014,55.11867488192637,0.2630490993483899,223.0084044569332,142.6631875308546,17.925665328908135,0.6795070510705238,48.27020022374134,3.7168067409488867,4.468028229956475,1.135884296706898,3.7168067409488867,0.0,1.3768408434799264,3.7168067409488867,13.600546888419906,8.3935783059578,0.2,6.493737956272416,3.0530197525045786,20.604128953842014,55.11867488192637,0.2630490993483899,223.0084044569332,142.6631875308546,17.925665328908135,0.6795070510705238,1.0,0.5166666666666667,6.3796,298.8984965627706,55.62524654682337,Wh,55.62524654682337,Wh
91,c3f85244ca7aadbda5d7db087c1e45f1,ARIMA,"{""p"": 4, ""d"": 2, ""q"": 12, ""regression_type"": null}","{""fillna"": ""linear"", ""transformations"": {""0"": ""Scaler"", ""1"": ""Scaler"", ""2"": ""Scaler"", ""3"": ""Scaler"", ""4"": ""DifferencedTransformer""}, ""transformation_params"": {""0"": {}, ""1"": {}, ""2"": {}, ""3"": {}, ""4"": {""lag"": 1, ""fill"": ""zero""}}}",0,1,48.27020022374134,3.7168067409488867,4.468028229956475,1.135884296706898,3.7168067409488867,0.0,0.0,1.3768408434799264,223.0084044569332,3.7168067409488867,13.600546888419906,1.0,0.5166666666666667,8.3935783059578,0.2,6.493737956272416,3.0530197525045786,20.604128953842014,55.11867488192637,0.2630490993483899,223.0084044569332,142.6631875308546,17.925665328908135,0.6795070510705238,48.27020022374134,3.7168067409488867,4.468028229956475,1.135884296706898,3.7168067409488867,0.0,1.3768408434799264,3.7168067409488867,13.600546888419906,8.3935783059578,0.2,6.493737956272416,3.0530197525045786,20.604128953842014,55.11867488192637,0.2630490993483899,223.0084044569332,142.6631875308546,17.925665328908135,0.6795070510705238,1.0,0.5166666666666667,6.365,298.89849311863327,55.62524654682337,Wh,55.62524654682337,Wh
92,31768f0cde84138af2cd12ca7536167b,ARIMA,"{""p"": 4, ""d"": 2, ""q"": 12, ""regression_type"": null}","{""fillna"": ""median"", ""transformations"": {""0"": ""Scaler"", ""1"": ""Scaler"", ""2"": ""DifferencedTransformer""}, ""transformation_params"": {""0"": {}, ""1"": {}, ""2"": {""lag"": 1, ""fill"": ""zero""}}}",0,1,48.27020022374134,3.7168067409488867,4.468028229956475,1.135884296706898,3.7168067409488867,0.0,0.0,1.3768408434799264,223.0084044569332,3.7168067409488867,13.600546888419906,1.0,0.5166666666666667,8.3935783059578,0.2,6.493737956272416,3.0530197525045786,20.604128953842014,55.11867488192637,0.2630490993483899,223.0084044569332,142.6631875308546,17.925665328908135,0.6795070510705238,48.27020022374134,3.7168067409488867,4.468028229956475,1.135884296706898,3.7168067409488867,0.0,1.3768408434799264,3.7168067409488867,13.600546888419906,8.3935783059578,0.2,6.493737956272416,3.0530197525045786,20.604128953842014,55.11867488192637,0.2630490993483899,223.0084044569332,142.6631875308546,17.925665328908135,0.6795070510705238,1.0,0.5166666666666667,6.2977,298.89847724257555,55.62524654682337,Wh,55.62524654682337,Wh
93,151fff50e69085031a7a4c5cbe332d70,RollingRegression,"{""regression_model"": {""model"": ""ExtraTrees"", ""model_params"": {""n_estimators"": 100, ""min_samples_leaf"": 1, ""max_depth"": 10}}, ""holiday"": false, ""mean_rolling_periods"": 5, ""macd_periods"": null, ""std_rolling_periods"": 30, ""max_rolling_periods"": 4, ""min_rolling_periods"": 28, ""ewm_var_alpha"": null, ""quantile90_rolling_periods"": null, ""quantile10_rolling_periods"": null, ""ewm_alpha"": null, ""additional_lag_periods"": 6, ""abs_energy"": false, ""rolling_autocorr_periods"": null, ""nonzero_last_n"": null, ""add_date_part"": null, ""polynomial_degree"": null, ""x_transform"": null, ""regression_type"": null}","{""fillna"": ""pchip"", ""transformations"": {""0"": ""Scaler"", ""1"": ""DifferencedTransformer""}, ""transformation_params"": {""0"": {}, ""1"": {""lag"": 1, ""fill"": ""bfill""}}}",0,1,49.09278935808949,1.6799068622252213,2.3191303914292125,1.08546013504364,1.6799068622252213,0.0,-92.14482059620795,1.633225132927229,8.649591137305352,0.8647384339747703,14.103251766355339,1.0,0.5,5.457161300864761,0.8,2.169820616577649,1.1567015696488259,10.436659145273401,18.438698193400043,0.27827672888163446,83.4952294589026,32.942833557005876,22.144733715491753,0.25441012990625766,49.09278935808949,1.6799068622252213,2.3191303914292125,1.08546013504364,1.6799068622252213,0.0,1.633225132927229,0.8647384339747703,14.103251766355339,5.457161300864761,0.8,2.169820616577649,1.1567015696488259,10.436659145273401,18.438698193400043,0.27827672888163446,83.4952294589026,32.942833557005876,22.144733715491753,0.25441012990625766,1.0,0.5,1.9033,287.6811158746528,25.141267733259156,Wh,25.141267733259156,Wh
94,9a40bd7b44794e2748d95403d2b263c1,DatepartRegression,"{""regression_model"": {""model"": ""DecisionTree"", ""model_params"": {""max_depth"": null, ""min_samples_split"": 0.05}}, ""datepart_method"": ""common_fourier"", ""polynomial_degree"": null, ""holiday_countries_used"": true, ""lags"": null, ""forward_lags"": null, ""regression_type"": null}","{""fillna"": ""linear"", ""transformations"": {""0"": ""Scaler"", ""1"": ""DifferencedTransformer""}, ""transformation_params"": {""0"": {}, ""1"": {""lag"": 1, ""fill"": ""zero""}}}",0,1,40.493763538286274,3.025926968502621,3.7530555890983184,1.7323043611900182,3.025926968502621,0.0,-4.023427049318954,1.2411869897487557,177.5321910608383,3.0079878269096523,13.517642336739128,1.0,0.6,8.305007338523863,0.3333333333333333,5.125024135036044,2.3679330509027294,10.501743679753151,30.7056971900164,0.5915330528195569,173.50876401151936,174.55631706536775,15.032822506413382,0.5286815483724406,40.493763538286274,3.025926968502621,3.7530555890983184,1.7323043611900182,3.025926968502621,0.0,1.2411869897487557,3.0079878269096523,13.517642336739128,8.305007338523863,0.3333333333333333,5.125024135036044,2.3679330509027294,10.501743679753151,30.7056971900164,0.5915330528195569,173.50876401151936,174.55631706536775,15.032822506413382,0.5286815483724406,1.0,0.6,0.3024,285.3812584795369,45.28562967809006,Wh,45.28562967809006,Wh
95,15b572e43738ccbc6c90235019926453,RollingRegression,"{""regression_model"": {""model"": ""ExtraTrees"", ""model_params"": {""n_estimators"": 100, ""min_samples_leaf"": 1, ""max_depth"": 10}}, ""holiday"": false, ""mean_rolling_periods"": 12, ""macd_periods"": null, ""std_rolling_periods"": null, ""max_rolling_periods"": 420, ""min_rolling_periods"": 7, ""ewm_var_alpha"": null, ""quantile90_rolling_periods"": null, ""quantile10_rolling_periods"": null, ""ewm_alpha"": null, ""additional_lag_periods"": 363, ""abs_energy"": false, ""rolling_autocorr_periods"": null, ""nonzero_last_n"": null, ""add_date_part"": null, ""polynomial_degree"": null, ""x_transform"": null, ""regression_type"": null}","{""fillna"": ""ffill"", ""transformations"": {""0"": ""Scaler"", ""1"": ""Scaler"", ""2"": ""DifferencedTransformer""}, ""transformation_params"": {""0"": {}, ""1"": {}, ""2"": {""lag"": 1, ""fill"": ""bfill""}}}",0,1,40.83929980961218,1.6699834772428683,1.9667751602474366,1.0064259360750427,1.6699834772428683,0.0,-97.65721258183643,1.6587509395371465,2.541796052735638,0.9140018115610881,14.072537464724594,1.0,0.5666666666666667,4.021461410071622,0.8,2.22241292789681,1.350723298457704,8.923196978327235,12.071279968154409,0.039870878963139365,95.1154165291008,61.64322562777388,24.644494131537773,0.2898168629761903,40.83929980961218,1.6699834772428683,1.9667751602474366,1.0064259360750427,1.6699834772428683,0.0,1.6587509395371465,0.9140018115610881,14.072537464724594,4.021461410071622,0.8,2.22241292789681,1.350723298457704,8.923196978327235,12.071279968154409,0.039870878963139365,95.1154165291008,61.64322562777388,24.644494131537773,0.2898168629761903,1.0,0.5666666666666667,1.9991,279.54822919812483,24.992755643528735,Wh,24.992755643528735,Wh
96,13ebcdaf64a0399e8bea35b5ecb18bf0,RollingRegression,"{""regression_model"": {""model"": ""ExtraTrees"", ""model_params"": {""n_estimators"": 100, ""min_samples_leaf"": 1, ""max_depth"": 10}}, ""holiday"": false, ""mean_rolling_periods"": null, ""macd_periods"": null, ""std_rolling_periods"": 30, ""max_rolling_periods"": null, ""min_rolling_periods"": 28, ""ewm_var_alpha"": null, ""quantile90_rolling_periods"": null, ""quantile10_rolling_periods"": null, ""ewm_alpha"": null, ""additional_lag_periods"": 27, ""abs_energy"": false, ""rolling_autocorr_periods"": null, ""nonzero_last_n"": null, ""add_date_part"": null, ""polynomial_degree"": null, ""x_transform"": null, ""regression_type"": null}","{""fillna"": ""cubic"", ""transformations"": {""0"": ""DifferencedTransformer"", ""1"": ""Scaler"", ""2"": ""Scaler"", ""3"": ""Scaler"", ""4"": ""Scaler""}, ""transformation_params"": {""0"": {""lag"": 1, ""fill"": ""zero""}, ""1"": {}, ""2"": {}, ""3"": {}, ""4"": {}}}",0,1,52.65076455876893,1.7878546097201968,2.4105417735111927,1.1556080978637875,1.7878546097201968,0.0,-99.1590204328485,1.7462099537725633,8.112256150363304,0.906090330687253,12.777516516980882,1.0,0.5666666666666667,5.275863149270939,0.7666666666666667,2.243428393457952,1.2647764596333704,10.900162542901787,18.880123149002262,0.3887895547672407,91.0467642824852,38.68816573719579,17.524307003774496,0.27741967150413915,52.65076455876893,1.7878546097201968,2.4105417735111927,1.1556080978637875,1.7878546097201968,0.0,1.7462099537725633,0.906090330687253,12.777516516980882,5.275863149270939,0.7666666666666667,2.243428393457952,1.2647764596333704,10.900162542901787,18.880123149002262,0.3887895547672407,91.0467642824852,38.68816573719579,17.524307003774496,0.27741967150413915,1.0,0.5666666666666667,1.8794,269.7519648635139,26.756799690416898,Wh,26.756799690416898,Wh
97,b49d421bf9da58a3f200d4b514746594,RollingRegression,"{""regression_model"": {""model"": ""ExtraTrees"", ""model_params"": {""n_estimators"": 100, ""min_samples_leaf"": 1, ""max_depth"": 10}}, ""holiday"": false, ""mean_rolling_periods"": 7, ""macd_periods"": 28, ""std_rolling_periods"": 10, ""max_rolling_periods"": null, ""min_rolling_periods"": 7, ""ewm_var_alpha"": null, ""quantile90_rolling_periods"": null, ""quantile10_rolling_periods"": null, ""ewm_alpha"": null, ""additional_lag_periods"": 11, ""abs_energy"": false, ""rolling_autocorr_periods"": null, ""nonzero_last_n"": null, ""add_date_part"": null, ""polynomial_degree"": null, ""x_transform"": null, ""regression_type"": null}","{""fillna"": ""pchip"", ""transformations"": {""0"": ""Scaler"", ""1"": ""DifferencedTransformer"", ""2"": ""Scaler""}, ""transformation_params"": {""0"": {}, ""1"": {""lag"": 1, ""fill"": ""bfill""}, ""2"": {}}}",0,1,29.993655956999778,1.3460614801502395,1.5475505786446955,0.9850072021299882,1.3460614801502395,0.0,-78.13957412854649,1.3343274049295961,2.6241146804678905,0.8086815513391288,14.126331042877593,1.0,0.55,2.9905612148050755,0.8,2.0663886995649436,1.1192679743820124,6.805520492996683,7.164067869220942,0.04910318716785908,75.51545944807859,52.653699841232275,25.071545278287637,0.23009575484276912,29.993655956999778,1.3460614801502395,1.5475505786446955,0.9850072021299882,1.3460614801502395,0.0,1.3343274049295961,0.8086815513391288,14.126331042877593,2.9905612148050755,0.8,2.0663886995649436,1.1192679743820124,6.805520492996683,7.164067869220942,0.04910318716785908,75.51545944807859,52.653699841232275,25.071545278287637,0.23009575484276912,1.0,0.55,1.9617,268.5084313476016,20.144981140833746,Wh,20.144981140833746,Wh
98,dca52505669dc69536e229cf47c54d71,ARIMA,"{""p"": 4, ""d"": 0, ""q"": 12, ""regression_type"": ""Holiday""}","{""fillna"": ""zero"", ""transformations"": {""0"": ""Scaler"", ""1"": ""Scaler"", ""2"": ""Scaler"", ""3"": ""Scaler"", ""4"": ""DifferencedTransformer""}, ""transformation_params"": {""0"": {}, ""1"": {}, ""2"": {}, ""3"": {}, ""4"": {""lag"": 1, ""fill"": ""bfill""}}}",0,1,31.651302992909486,1.4212322215668858,1.6841205881889616,1.1759742505965038,1.4212322215668858,0.0,-83.27706075437499,1.4120171452120467,1.9968725396381561,0.8211891867640972,13.947591425018432,1.0,0.4,3.606060745757947,0.8,2.189434967438471,1.159385657341781,6.913489642047334,9.68257353404938,0.22442989858589313,81.28018821473684,64.08343460014083,17.843919256048746,0.24766089483824333,31.651302992909486,1.4212322215668858,1.6841205881889616,1.1759742505965038,1.4212322215668858,0.0,1.4120171452120467,0.8211891867640972,13.947591425018432,3.606060745757947,0.8,2.189434967438471,1.159385657341781,6.913489642047334,9.68257353404938,0.22442989858589313,81.28018821473684,64.08343460014083,17.843919256048746,0.24766089483824333,1.0,0.4,15.901,267.9396872169319,21.269976685622538,Wh,21.269976685622538,Wh
99,64e7d67a3046c2f7a70a1e6138097fc7,RollingRegression,"{""regression_model"": {""model"": ""ExtraTrees"", ""model_params"": {""n_estimators"": 100, ""min_samples_leaf"": 1, ""max_depth"": 10}}, ""holiday"": false, ""mean_rolling_periods"": null, ""macd_periods"": null, ""std_rolling_periods"": null, ""max_rolling_periods"": null, ""min_rolling_periods"": 7, ""ewm_var_alpha"": null, ""quantile90_rolling_periods"": null, ""quantile10_rolling_periods"": null, ""ewm_alpha"": null, ""additional_lag_periods"": 6, ""abs_energy"": false, ""rolling_autocorr_periods"": null, ""nonzero_last_n"": null, ""add_date_part"": null, ""polynomial_degree"": null, ""x_transform"": null, ""regression_type"": null}","{""fillna"": ""rolling_mean_24"", ""transformations"": {""0"": ""DifferencedTransformer"", ""1"": ""Scaler""}, ""transformation_params"": {""0"": {""lag"": 1, ""fill"": ""bfill""}, ""1"": {}}}",0,1,26.28761601917523,1.1948897573914972,1.4130483974257146,1.0137607026170825,1.1948897573914972,0.0,-67.9974594737182,1.1791171272374126,3.695925969771631,0.7414863498820821,14.157023460896484,1.0,0.5166666666666667,2.8835021246896826,0.8,1.966721061839683,0.9601596625024286,6.1971482036406345,6.222857111944067,0.03851505565962423,64.30153350394656,41.28368825950916,25.091991893036948,0.19592690023042228,26.28761601917523,1.1948897573914972,1.4130483974257146,1.0137607026170825,1.1948897573914972,0.0,1.1791171272374126,0.7414863498820821,14.157023460896484,2.8835021246896826,0.8,1.966721061839683,0.9601596625024286,6.1971482036406345,6.222857111944067,0.03851505565962423,64.30153350394656,41.28368825950916,25.091991893036948,0.19592690023042228,1.0,0.5166666666666667,1.858,264.6854387822583,17.882564788452644,Wh,17.882564788452644,Wh
100,4a43afe046cd0c1cc572888d133318b4,ARIMA,"{""p"": 12, ""d"": 0, ""q"": 3, ""regression_type"": null}","{""fillna"": ""linear"", ""transformations"": {""0"": ""DifferencedTransformer"", ""1"": ""Scaler""}, ""transformation_params"": {""0"": {""lag"": 1, ""fill"": ""bfill""}, ""1"": {}}}",0,1,14.515903250669501,0.8060330437219417,0.9575436002709484,1.0196310491749023,0.8060330437219417,0.0,-5.448995580807911,0.5648674212073029,42.91298704250859,0.7909069119978668,14.825004511812308,1.0,0.4166666666666667,1.7773777820068801,0.7833333333333333,1.7127219006383936,0.668431552482004,3.6933043655475974,2.136436495315473,0.03906922978987131,37.46399146170069,24.172381371010413,26.783353252925025,0.11415285635294392,14.515903250669501,0.8060330437219417,0.9575436002709484,1.0196310491749023,0.8060330437219417,0.0,0.5648674212073029,0.7909069119978668,14.825004511812308,1.7773777820068801,0.7833333333333333,1.7127219006383936,0.668431552482004,3.6933043655475974,2.136436495315473,0.03906922978987131,37.46399146170069,24.172381371010413,26.783353252925025,0.11415285635294392,1.0,0.4166666666666667,0.9607,262.4200848633574,12.06298575816537,Wh,12.06298575816537,Wh
101,f46c7e9f9d8a1b3ebd51e8a9160dcd15,ARIMA,"{""p"": 2, ""d"": 0, ""q"": 12, ""regression_type"": null}","{""fillna"": ""median"", ""transformations"": {""0"": ""DifferencedTransformer"", ""1"": ""Scaler"", ""2"": ""Scaler"", ""3"": ""Scaler""}, ""transformation_params"": {""0"": {""lag"": 1, ""fill"": ""bfill""}, ""1"": {}, ""2"": {}, ""3"": {}}}",0,1,14.806238909119623,0.8240315391320199,0.9653644663371372,1.0085805763303597,0.8240315391320199,0.0,-7.701684056666654,0.5893447836098141,41.74020829125453,0.7977907934799939,14.752918361736603,1.0,0.5166666666666667,1.7999390820700771,0.8,1.719231597398407,0.6843660337213929,3.7816210288831464,2.153093699304476,0.023838885438787302,34.038524234587875,20.35025673871114,26.184067313902336,0.10371545091209357,14.806238909119623,0.8240315391320199,0.9653644663371372,1.0085805763303597,0.8240315391320199,0.0,0.5893447836098141,0.7977907934799939,14.752918361736603,1.7999390820700771,0.8,1.719231597398407,0.6843660337213929,3.7816210288831464,2.153093699304476,0.023838885438787302,34.038524234587875,20.35025673871114,26.184067313902336,0.10371545091209357,1.0,0.5166666666666667,5.5328,261.55555492049444,12.33234890089414,Wh,12.33234890089414,Wh
102,addab9b609a6881fff6473451fbcf8e3,ARIMA,"{""p"": 0, ""d"": 2, ""q"": 12, ""regression_type"": null}","{""fillna"": ""ffill"", ""transformations"": {""0"": ""DifferencedTransformer""}, ""transformation_params"": {""0"": {""lag"": 1, ""fill"": ""zero""}}}",0,1,28.92462156169332,1.8208342513290492,2.136242555444644,1.0287207343846998,1.8208342513290492,0.0,-0.4129128202539629,0.938775345421056,108.83714225948899,1.8198236959047693,13.443118591674237,1.0,0.45,3.3697377761413385,0.2,3.420604984817117,1.5688354452939322,9.322434008564557,11.026368975239182,0.01560592458853561,108.42422943923502,76.65483849798811,26.433859294331427,0.3303688423324709,28.92462156169332,1.8208342513290492,2.136242555444644,1.0287207343846998,1.8208342513290492,0.0,0.938775345421056,1.8198236959047693,13.443118591674237,3.3697377761413385,0.2,3.420604984817117,1.5688354452939322,9.322434008564557,11.026368975239182,0.01560592458853561,108.42422943923502,76.65483849798811,26.433859294331427,0.3303688423324709,1.0,0.45,2.6254,261.50083102232395,27.25036871979558,Wh,27.25036871979558,Wh
103,72cc4c80ff66409c724e7086479e68df,DatepartRegression,"{""regression_model"": {""model"": ""ElasticNet"", ""model_params"": {""l1_ratio"": 0.5, ""fit_intercept"": true, ""selection"": ""random"", ""max_iter"": 1000}}, ""datepart_method"": [""dayofweek"", [365.25, 14]], ""polynomial_degree"": null, ""holiday_countries_used"": false, ""lags"": null, ""forward_lags"": null, ""regression_type"": null}","{""fillna"": ""linear"", ""transformations"": {""0"": ""Scaler"", ""1"": ""Scaler"", ""2"": ""Scaler"", ""3"": ""DifferencedTransformer"", ""4"": ""Scaler"", ""5"": ""Scaler""}, ""transformation_params"": {""0"": {}, ""1"": {}, ""2"": {}, ""3"": {""lag"": 1, ""fill"": ""zero""}, ""4"": {}, ""5"": {}}}",0,1,28.727298256908945,1.8056730476518472,2.1179933119890206,1.0091708465103666,1.8056730476518472,0.0,-0.08864077553153038,0.9353852224727651,108.2517420835793,1.8056187573670475,13.329320856649018,1.0,0.45,3.5071781538426876,0.2,3.3999407131860626,1.5512383410743638,9.313907065000443,10.927733755920627,0.0,108.16310130804777,76.84453803302442,27.974173257945612,0.32957318439838224,28.727298256908945,1.8056730476518472,2.1179933119890206,1.0091708465103666,1.8056730476518472,0.0,0.9353852224727651,1.8056187573670475,13.329320856649018,3.5071781538426876,0.2,3.3999407131860626,1.5512383410743638,9.313907065000443,10.927733755920627,0.0,108.16310130804777,76.84453803302442,27.974173257945612,0.32957318439838224,1.0,0.45,0.1281,259.3316289532554,27.02346811632873,Wh,27.02346811632873,Wh
104,d5feee374a7fedcb05d91c55a8cfb475,ARIMA,"{""p"": 0, ""d"": 0, ""q"": 3, ""regression_type"": null}","{""fillna"": ""linear"", ""transformations"": {""0"": ""Scaler"", ""1"": ""Scaler"", ""2"": ""DifferencedTransformer""}, ""transformation_params"": {""0"": {}, ""1"": {}, ""2"": {""lag"": 1, ""fill"": ""bfill""}}}",0,1,15.192317652694042,0.8481655251012762,1.0157374151373892,1.0026371191818382,0.8481655251012762,0.0,-4.114820807699951,0.5768026540472369,46.77511069837662,0.8390919037439486,14.565846145058538,1.0,0.55,1.8665086285064731,0.8,1.7306419743016876,0.701052225414211,3.9743312714201107,2.2687123750053133,0.001948537678821872,42.66028989067667,28.77912467125307,29.449845841612674,0.12998598798111874,15.192317652694042,0.8481655251012762,1.0157374151373892,1.0026371191818382,0.8481655251012762,0.0,0.5768026540472369,0.8390919037439486,14.565846145058538,1.8665086285064731,0.8,1.7306419743016876,0.701052225414211,3.9743312714201107,2.2687123750053133,0.001948537678821872,42.66028989067667,28.77912467125307,29.449845841612674,0.12998598798111874,1.0,0.55,0.0842,259.19271990019513,12.693534997794817,Wh,12.693534997794817,Wh
105,b0d2d6f952f2b10f76514536c19fc6b0,RollingRegression,"{""regression_model"": {""model"": ""ExtraTrees"", ""model_params"": {""n_estimators"": 100, ""min_samples_leaf"": 1, ""max_depth"": 10}}, ""holiday"": false, ""mean_rolling_periods"": 7, ""macd_periods"": null, ""std_rolling_periods"": 30, ""max_rolling_periods"": 96, ""min_rolling_periods"": 28, ""ewm_var_alpha"": null, ""quantile90_rolling_periods"": null, ""quantile10_rolling_periods"": null, ""ewm_alpha"": null, ""additional_lag_periods"": 27, ""abs_energy"": false, ""rolling_autocorr_periods"": null, ""nonzero_last_n"": null, ""add_date_part"": ""expanded"", ""polynomial_degree"": null, ""x_transform"": null, ""regression_type"": null}","{""fillna"": ""time"", ""transformations"": {""0"": ""Scaler"", ""1"": ""Scaler"", ""2"": ""DifferencedTransformer"", ""3"": ""Scaler"", ""4"": ""Scaler"", ""5"": ""Scaler""}, ""transformation_params"": {""0"": {}, ""1"": {}, ""2"": {""lag"": 1, ""fill"": ""bfill""}, ""3"": {}, ""4"": {}, ""5"": {}}}",0,1,18.208174738731593,0.8656752715786628,1.0759374985315036,1.092801773378761,0.8656752715786628,0.0,-45.226892254140964,0.8352878057766346,6.713624040578802,0.5992835601105818,14.227983934445959,1.0,0.4666666666666667,2.573828760546045,0.8,1.7558137141338463,0.6588299573579279,4.574801022590373,3.9167888168046727,0.1651606759796431,38.513268213562164,20.435338817406652,21.943172750314307,0.11735000469876755,18.208174738731593,0.8656752715786628,1.0759374985315036,1.092801773378761,0.8656752715786628,0.0,0.8352878057766346,0.5992835601105818,14.227983934445959,2.573828760546045,0.8,1.7558137141338463,0.6588299573579279,4.574801022590373,3.9167888168046727,0.1651606759796431,38.513268213562164,20.435338817406652,21.943172750314307,0.11735000469876755,1.0,0.4666666666666667,2.2076,256.28730591881435,12.95558358752815,Wh,12.95558358752815,Wh
106,a6b2bc0bcfa1cb9731e7f6e10d6da6d5,RollingRegression,"{""regression_model"": {""model"": ""ExtraTrees"", ""model_params"": {""n_estimators"": 100, ""min_samples_leaf"": 1, ""max_depth"": 10}}, ""holiday"": false, ""mean_rolling_periods"": 7, ""macd_periods"": null, ""std_rolling_periods"": 30, ""max_rolling_periods"": 28, ""min_rolling_periods"": 28, ""ewm_var_alpha"": null, ""quantile90_rolling_periods"": null, ""quantile10_rolling_periods"": null, ""ewm_alpha"": null, ""additional_lag_periods"": 27, ""abs_energy"": false, ""rolling_autocorr_periods"": null, ""nonzero_last_n"": null, ""add_date_part"": null, ""polynomial_degree"": null, ""x_transform"": null, ""regression_type"": null}","{""fillna"": ""ffill"", ""transformations"": {""0"": ""DifferencedTransformer""}, ""transformation_params"": {""0"": {""lag"": 1, ""fill"": ""zero""}}}",0,1,37.9609563381105,1.434803998668933,1.9625282215581006,1.095366335654907,1.434803998668933,0.0,-76.61212017875256,1.3859815400714062,9.476119741383428,0.799929773480006,12.846968208417797,1.0,0.5166666666666667,4.498630192339858,0.8,2.0413766483029514,1.0011919814164207,8.751682094120806,13.019893582234609,0.2760186539843329,67.13600043736915,25.391753207930766,22.935216037613614,0.20456352660321375,37.9609563381105,1.434803998668933,1.9625282215581006,1.095366335654907,1.434803998668933,0.0,1.3859815400714062,0.799929773480006,12.846968208417797,4.498630192339858,0.8,2.0413766483029514,1.0011919814164207,8.751682094120806,13.019893582234609,0.2760186539843329,67.13600043736915,25.391753207930766,22.935216037613614,0.20456352660321375,1.0,0.5166666666666667,1.94,255.64630105826757,21.473090137571127,Wh,21.473090137571127,Wh
107,995240c8a2a1167e632b1c41f97ffb73,RollingRegression,"{""regression_model"": {""model"": ""SVM"", ""model_params"": {""C"": 0.5, ""tol"": 0.0001, ""epsilon"": 0.1, ""loss"": ""squared_epsilon_insensitive"", ""max_iter"": 500}}, ""holiday"": false, ""mean_rolling_periods"": null, ""macd_periods"": null, ""std_rolling_periods"": 30, ""max_rolling_periods"": null, ""min_rolling_periods"": 28, ""ewm_var_alpha"": null, ""quantile90_rolling_periods"": null, ""quantile10_rolling_periods"": null, ""ewm_alpha"": null, ""additional_lag_periods"": 66, ""abs_energy"": false, ""rolling_autocorr_periods"": null, ""nonzero_last_n"": null, ""add_date_part"": ""expanded"", ""polynomial_degree"": null, ""x_transform"": null, ""regression_type"": null}","{""fillna"": ""fake_date"", ""transformations"": {""0"": ""DifferencedTransformer""}, ""transformation_params"": {""0"": {""lag"": 1, ""fill"": ""bfill""}}}",0,1,13.77992785209003,0.7613545336423554,0.9299036045820854,0.9993236096573686,0.7613545336423554,0.0,-3.193590197065223,0.5265002564189131,42.48768182147609,0.7551568540236521,14.442062031027344,1.0,0.55,1.7699658770939957,0.8,1.684087995045289,0.6135838266770159,3.398001129314594,1.799764207008253,3.0679999952936882e-09,39.29409162441087,29.75822668537921,29.338318431000864,0.11972917518162303,13.77992785209003,0.7613545336423554,0.9299036045820854,0.9993236096573686,0.7613545336423554,0.0,0.5265002564189131,0.7551568540236521,14.442062031027344,1.7699658770939957,0.8,1.684087995045289,0.6135838266770159,3.398001129314594,1.799764207008253,3.0679999952936882e-09,39.29409162441087,29.75822668537921,29.338318431000864,0.11972917518162303,1.0,0.55,0.6444,255.27698165298153,11.394332983959723,Wh,11.394332983959723,Wh
108,7e67c033db687659a1a859a3b4bd0e02,RollingRegression,"{""regression_model"": {""model"": ""BayesianRidge"", ""model_params"": {}}, ""holiday"": false, ""mean_rolling_periods"": null, ""macd_periods"": null, ""std_rolling_periods"": 7, ""max_rolling_periods"": 4, ""min_rolling_periods"": 28, ""ewm_var_alpha"": null, ""quantile90_rolling_periods"": null, ""quantile10_rolling_periods"": null, ""ewm_alpha"": null, ""additional_lag_periods"": 27, ""abs_energy"": false, ""rolling_autocorr_periods"": null, ""nonzero_last_n"": null, ""add_date_part"": null, ""polynomial_degree"": null, ""x_transform"": null, ""regression_type"": null}","{""fillna"": ""zero"", ""transformations"": {""0"": ""DifferencedTransformer"", ""1"": ""Scaler""}, ""transformation_params"": {""0"": {""lag"": 1, ""fill"": ""zero""}, ""1"": {}}}",0,1,34.92952651384001,1.5057404179310454,1.7468603736051664,1.0055717228486443,1.5057404179310454,0.0,-86.71681204043291,1.4889386145138501,3.627613035429815,0.8687704921522262,12.802768578512223,1.0,0.5666666666666667,3.423098300199935,0.8166666666666667,2.1431136359036955,1.242233102205812,7.7917021235992605,9.168282235266542,0.006703079070945794,83.0891990050031,54.18883985678519,25.19267371663901,0.25317295430722164,34.92952651384001,1.5057404179310454,1.7468603736051664,1.0055717228486443,1.5057404179310454,0.0,1.4889386145138501,0.8687704921522262,12.802768578512223,3.423098300199935,0.8166666666666667,2.1431136359036955,1.242233102205812,7.7917021235992605,9.168282235266542,0.006703079070945794,83.0891990050031,54.18883985678519,25.19267371663901,0.25317295430722164,1.0,0.5666666666666667,0.296,252.34209669198557,22.534715367403894,Wh,22.534715367403894,Wh
109,6a64a71254f0d2ea8bf4722cba1b115d,RollingRegression,"{""regression_model"": {""model"": ""ExtraTrees"", ""model_params"": {""n_estimators"": 100, ""min_samples_leaf"": 1, ""max_depth"": 10}}, ""holiday"": false, ""mean_rolling_periods"": null, ""macd_periods"": null, ""std_rolling_periods"": 30, ""max_rolling_periods"": null, ""min_rolling_periods"": 28, ""ewm_var_alpha"": null, ""quantile90_rolling_periods"": null, ""quantile10_rolling_periods"": null, ""ewm_alpha"": null, ""additional_lag_periods"": 27, ""abs_energy"": false, ""rolling_autocorr_periods"": null, ""nonzero_last_n"": null, ""add_date_part"": null, ""polynomial_degree"": null, ""x_transform"": null, ""regression_type"": null}","{""fillna"": ""ffill_mean_biased"", ""transformations"": {""0"": ""Scaler"", ""1"": ""DifferencedTransformer""}, ""transformation_params"": {""0"": {}, ""1"": {""lag"": 1, ""fill"": ""bfill""}}}",0,1,12.796915847830395,0.6498115616113896,0.8718636135762293,1.2071033459931395,0.6498115616113896,0.0,-23.951322581578466,0.5726310612795932,15.03737111510491,0.5209745350388639,14.30845245143586,1.0,0.5166666666666667,2.3450371053507615,0.8166666666666667,1.6584542134652915,0.4606184657984419,3.1344090836847553,2.967616053761809,0.40336264855820064,8.913951466473556,13.08504880552632,17.188535287172215,0.027160827813280674,12.796915847830395,0.6498115616113896,0.8718636135762293,1.2071033459931395,0.6498115616113896,0.0,0.5726310612795932,0.5209745350388639,14.30845245143586,2.3450371053507615,0.8166666666666667,1.6584542134652915,0.4606184657984419,3.1344090836847553,2.967616053761809,0.40336264855820064,8.913951466473556,13.08504880552632,17.188535287172215,0.027160827813280674,1.0,0.5166666666666667,1.8732,251.37532379312634,9.724995363730407,Wh,9.724995363730407,Wh
110,deaeabff629d8a508ccc048839bbb591,RollingRegression,"{""regression_model"": {""model"": ""HistGradientBoost"", ""model_params"": {""loss"": ""squared_error"", ""learning_rate"": 0.01, ""max_depth"": null, ""min_samples_leaf"": 5, ""max_iter"": 50, ""l2_regularization"": 0}}, ""holiday"": true, ""mean_rolling_periods"": 7, ""macd_periods"": 88, ""std_rolling_periods"": null, ""max_rolling_periods"": null, ""min_rolling_periods"": 57, ""ewm_var_alpha"": null, ""quantile90_rolling_periods"": null, ""quantile10_rolling_periods"": null, ""ewm_alpha"": null, ""additional_lag_periods"": 2, ""abs_energy"": false, ""rolling_autocorr_periods"": null, ""nonzero_last_n"": null, ""add_date_part"": ""expanded"", ""polynomial_degree"": null, ""x_transform"": null, ""regression_type"": null}","{""fillna"": ""cubic"", ""transformations"": {""0"": ""DifferencedTransformer""}, ""transformation_params"": {""0"": {""lag"": 1, ""fill"": ""bfill""}}}",0,1,13.450541301786025,0.7087820159293916,0.8240836766033176,1.016689679384879,0.7087820159293916,0.0,-35.92252712756372,0.6844673017907236,6.604393828199775,0.5303541153124651,14.255801813322371,1.0,0.5666666666666667,1.6118681640640613,0.8,1.7027553711305055,0.5807883628849569,2.846438073278577,2.1611891949713975,0.08742860691036984,29.318133299363943,27.6733396099832,24.7682133569087,0.08933241036209727,13.450541301786025,0.7087820159293916,0.8240836766033176,1.016689679384879,0.7087820159293916,0.0,0.6844673017907236,0.5303541153124651,14.255801813322371,1.6118681640640613,0.8,1.7027553711305055,0.5807883628849569,2.846438073278577,2.1611891949713975,0.08742860691036984,29.318133299363943,27.6733396099832,24.7682133569087,0.08933241036209727,1.0,0.5666666666666667,9.5674,251.26747581344537,10.607539517634844,Wh,10.607539517634844,Wh
111,48f41b2266b54988c45a8e109cccb388,RollingRegression,"{""regression_model"": {""model"": ""ExtraTrees"", ""model_params"": {""n_estimators"": 100, ""min_samples_leaf"": 1, ""max_depth"": 10}}, ""holiday"": false, ""mean_rolling_periods"": null, ""macd_periods"": null, ""std_rolling_periods"": 30, ""max_rolling_periods"": null, ""min_rolling_periods"": 28, ""ewm_var_alpha"": null, ""quantile90_rolling_periods"": null, ""quantile10_rolling_periods"": null, ""ewm_alpha"": 0.1, ""additional_lag_periods"": 27, ""abs_energy"": false, ""rolling_autocorr_periods"": null, ""nonzero_last_n"": null, ""add_date_part"": ""simple_binarized"", ""polynomial_degree"": null, ""x_transform"": null, ""regression_type"": null}","{""fillna"": ""rolling_mean_24"", ""transformations"": {""0"": ""Scaler"", ""1"": ""Scaler"", ""2"": ""DifferencedTransformer"", ""3"": ""Scaler""}, ""transformation_params"": {""0"": {}, ""1"": {}, ""2"": {""lag"": 1, ""fill"": ""bfill""}, ""3"": {}}}",0,1,13.007002399626964,0.6867825293503951,0.8080421209865497,1.0724571402652492,0.6867825293503951,0.0,-35.77103696557584,0.6659703094673426,5.435914795447861,0.5105700004391506,14.253645763362297,1.0,0.55,1.4863996150007646,0.8,1.677615813203314,0.5689982032015821,2.761603503432161,1.9239534285500128,0.1336976524344694,30.33512217012799,27.268902812124146,21.52007539169535,0.09243117747012289,13.007002399626964,0.6867825293503951,0.8080421209865497,1.0724571402652492,0.6867825293503951,0.0,0.6659703094673426,0.5105700004391506,14.253645763362297,1.4863996150007646,0.8,1.677615813203314,0.5689982032015821,2.761603503432161,1.9239534285500128,0.1336976524344694,30.33512217012799,27.268902812124146,21.52007539169535,0.09243117747012289,1.0,0.55,2.2752,250.70709707457624,10.278298061150668,Wh,10.278298061150668,Wh
112,2d0703c2e4bd73f979acda069c034804,RollingRegression,"{""regression_model"": {""model"": ""ExtraTrees"", ""model_params"": {""n_estimators"": 100, ""min_samples_leaf"": 1, ""max_depth"": 10}}, ""holiday"": false, ""mean_rolling_periods"": 5, ""macd_periods"": 7, ""std_rolling_periods"": null, ""max_rolling_periods"": 24, ""min_rolling_periods"": 14, ""ewm_var_alpha"": null, ""quantile90_rolling_periods"": null, ""quantile10_rolling_periods"": null, ""ewm_alpha"": 0.2, ""additional_lag_periods"": 27, ""abs_energy"": false, ""rolling_autocorr_periods"": null, ""nonzero_last_n"": null, ""add_date_part"": null, ""polynomial_degree"": null, ""x_transform"": null, ""regression_type"": null}","{""fillna"": ""ffill"", ""transformations"": {""0"": ""DifferencedTransformer""}, ""transformation_params"": {""0"": {""lag"": 1, ""fill"": ""bfill""}}}",0,1,12.937842619617992,0.6730748583621214,0.7967719734921229,1.0213768738836835,0.6730748583621214,0.0,-34.585151510534374,0.648842837054358,5.799339991192915,0.5063114918633619,14.256893565987,1.0,0.48333333333333334,1.628335583965641,0.8,1.6487326947386836,0.5471652401332148,2.959652726703595,2.1628981136620573,0.09287409727603094,28.78581151934146,21.591169914030676,25.654258001073856,0.08771042484166572,12.937842619617992,0.6730748583621214,0.7967719734921229,1.0213768738836835,0.6730748583621214,0.0,0.648842837054358,0.5063114918633619,14.256893565987,1.628335583965641,0.8,1.6487326947386836,0.5471652401332148,2.959652726703595,2.1628981136620573,0.09287409727603094,28.78581151934146,21.591169914030676,25.654258001073856,0.08771042484166572,1.0,0.48333333333333334,1.9665,250.53384496552755,10.073150838965317,Wh,10.073150838965317,Wh
113,46f71b6994d32ac67fa6e3dd63fe61fd,RollingRegression,"{""regression_model"": {""model"": ""Ridge"", ""model_params"": {""alpha"": 10.0}}, ""holiday"": false, ""mean_rolling_periods"": 12, ""macd_periods"": 24, ""std_rolling_periods"": 7, ""max_rolling_periods"": null, ""min_rolling_periods"": 28, ""ewm_var_alpha"": null, ""quantile90_rolling_periods"": null, ""quantile10_rolling_periods"": null, ""ewm_alpha"": null, ""additional_lag_periods"": 27, ""abs_energy"": false, ""rolling_autocorr_periods"": null, ""nonzero_last_n"": null, ""add_date_part"": ""simple_binarized"", ""polynomial_degree"": null, ""x_transform"": null, ""regression_type"": null}","{""fillna"": ""linear"", ""transformations"": {""0"": ""DifferencedTransformer"", ""1"": ""Scaler""}, ""transformation_params"": {""0"": {""lag"": 1, ""fill"": ""bfill""}, ""1"": {}}}",0,1,12.104277605575168,0.6489904871318761,0.8430260344682586,1.030979286822113,0.6489904871318761,0.0,-33.02743743542078,0.6285263956450731,5.91199179249179,0.4720934741513873,14.259195422838957,1.0,0.5666666666666667,2.1621583042178827,0.8166666666666667,1.6924893312963658,0.4726517218237217,2.092835539017665,1.5075738442717612,0.15988952709798582,27.11544564292899,30.712044769949657,22.967550886617875,0.0826208167004216,12.104277605575168,0.6489904871318761,0.8430260344682586,1.030979286822113,0.6489904871318761,0.0,0.6285263956450731,0.4720934741513873,14.259195422838957,2.1621583042178827,0.8166666666666667,1.6924893312963658,0.4726517218237217,2.092835539017665,1.5075738442717612,0.15988952709798582,27.11544564292899,30.712044769949657,22.967550886617875,0.0826208167004216,1.0,0.5666666666666667,0.6733,250.05138502872697,9.712707269799385,Wh,9.712707269799385,Wh
114,d224d6bd297d661b937cde344aa20f65,RollingRegression,"{""regression_model"": {""model"": ""ExtraTrees"", ""model_params"": {""n_estimators"": 100, ""min_samples_leaf"": 1, ""max_depth"": 10}}, ""holiday"": false, ""mean_rolling_periods"": 5, ""macd_periods"": null, ""std_rolling_periods"": null, ""max_rolling_periods"": null, ""min_rolling_periods"": 28, ""ewm_var_alpha"": null, ""quantile90_rolling_periods"": null, ""quantile10_rolling_periods"": null, ""ewm_alpha"": 0.2, ""additional_lag_periods"": 27, ""abs_energy"": false, ""rolling_autocorr_periods"": null, ""nonzero_last_n"": null, ""add_date_part"": null, ""polynomial_degree"": null, ""x_transform"": null, ""regression_type"": null}","{""fillna"": ""linear"", ""transformations"": {""0"": ""DifferencedTransformer"", ""1"": ""Scaler""}, ""transformation_params"": {""0"": {""lag"": 1, ""fill"": ""bfill""}, ""1"": {}}}",0,1,10.598254278704221,0.56944312935539,0.6761611031974349,1.0152019130663634,0.56944312935539,0.0,-26.595987813752515,0.5401407855296111,7.570599947570884,0.4524395965988935,14.28358996080539,1.0,0.5166666666666667,1.2884055740213096,0.8,1.5830099624646743,0.4717667660563973,2.207816330240911,1.4156017162435128,0.025126467616789234,19.02538786618163,17.20077511566321,26.946761019461984,0.05797039459523421,10.598254278704221,0.56944312935539,0.6761611031974349,1.0152019130663634,0.56944312935539,0.0,0.5401407855296111,0.4524395965988935,14.28358996080539,1.2884055740213096,0.8,1.5830099624646743,0.4717667660563973,2.207816330240911,1.4156017162435128,0.025126467616789234,19.02538786618163,17.20077511566321,26.946761019461984,0.05797039459523421,1.0,0.5166666666666667,1.9029,248.0807004755872,8.522211853474412,Wh,8.522211853474412,Wh
115,6b4b528da965d6189e89542bf7f99a76,RollingRegression,"{""regression_model"": {""model"": ""ExtraTrees"", ""model_params"": {""n_estimators"": 100, ""min_samples_leaf"": 1, ""max_depth"": 10}}, ""holiday"": false, ""mean_rolling_periods"": 12, ""macd_periods"": 2, ""std_rolling_periods"": null, ""max_rolling_periods"": 4, ""min_rolling_periods"": 7, ""ewm_var_alpha"": null, ""quantile90_rolling_periods"": null, ""quantile10_rolling_periods"": null, ""ewm_alpha"": null, ""additional_lag_periods"": 27, ""abs_energy"": false, ""rolling_autocorr_periods"": null, ""nonzero_last_n"": null, ""add_date_part"": null, ""polynomial_degree"": null, ""x_transform"": null, ""regression_type"": null}","{""fillna"": ""zero"", ""transformations"": {""0"": ""DifferencedTransformer"", ""1"": ""Scaler"", ""2"": ""Scaler""}, ""transformation_params"": {""0"": {""lag"": 1, ""fill"": ""bfill""}, ""1"": {}, ""2"": {}}}",0,1,10.599815622407473,0.568925836800143,0.6748505417045344,0.9935089433986695,0.568925836800143,0.0,-26.70340885733599,0.5404929106364359,7.432141350672593,0.4515672080653485,14.282550019120652,1.0,0.6,1.295910134442802,0.8,1.5825410156688218,0.4716991781796308,2.22136627252475,1.386873496631942,0.019157456619309943,19.271267506663396,17.240590542590084,27.15488480377915,0.058719590347873704,10.599815622407473,0.568925836800143,0.6748505417045344,0.9935089433986695,0.568925836800143,0.0,0.5404929106364359,0.4515672080653485,14.282550019120652,1.295910134442802,0.8,1.5825410156688218,0.4716991781796308,2.22136627252475,1.386873496631942,0.019157456619309943,19.271267506663396,17.240590542590084,27.15488480377915,0.058719590347873704,1.0,0.6,1.9146,248.0531265196455,8.514470120334122,Wh,8.514470120334122,Wh
116,00698ed95fa93023915404391ec61d0e,ARIMA,"{""p"": 0, ""d"": 2, ""q"": 12, ""regression_type"": ""Holiday""}","{""fillna"": ""linear"", ""transformations"": {""0"": ""Scaler"", ""1"": ""DifferencedTransformer""}, ""transformation_params"": {""0"": {}, ""1"": {""lag"": 1, ""fill"": ""one""}}}",0,1,22.687706618462705,1.1079798585166707,1.306940792500145,1.0962386012499554,1.1079798585166707,0.0,-63.201275588162,1.1003381507286252,3.2775159228382513,0.6967946359256731,12.864875692059536,1.0,0.48333333333333334,2.7483391613806396,0.8,2.0214174915559275,0.9101095143062815,4.933367543721915,7.288482136138851,0.12642722393160055,59.92375966532374,55.618595388343195,23.105732904288743,0.18258781465389304,22.687706618462705,1.1079798585166707,1.306940792500145,1.0962386012499554,1.1079798585166707,0.0,1.1003381507286252,0.6967946359256731,12.864875692059536,2.7483391613806396,0.8,2.0214174915559275,0.9101095143062815,4.933367543721915,7.288482136138851,0.12642722393160055,59.92375966532374,55.618595388343195,23.105732904288743,0.18258781465389304,1.0,0.48333333333333334,2.9877,239.9830271831972,16.58188253908783,Wh,16.58188253908783,Wh
117,ef829890df13a176fb84af50a4ba607c,ARIMA,"{""p"": 4, ""d"": 0, ""q"": 0, ""regression_type"": ""Holiday""}","{""fillna"": ""pchip"", ""transformations"": {""0"": ""DifferencedTransformer""}, ""transformation_params"": {""0"": {""lag"": 1, ""fill"": ""zero""}}}",0,1,15.30447141186238,0.7884278890019585,0.9165858054568785,1.0467311033174487,0.7884278890019585,0.0,-40.39845948756907,0.7634898120572309,6.907213852548443,0.5721676901061599,12.812866221830564,1.0,0.45,2.011931020675808,0.8,1.7526278316293995,0.6445667535478996,3.40996504331632,3.3408070816970215,0.07682967366242921,33.491245635020626,29.50285287567727,26.559474386371207,0.10204789193281859,15.30447141186238,0.7884278890019585,0.9165858054568785,1.0467311033174487,0.7884278890019585,0.0,0.7634898120572309,0.5721676901061599,12.812866221830564,2.011931020675808,0.8,1.7526278316293995,0.6445667535478996,3.40996504331632,3.3408070816970215,0.07682967366242921,33.491245635020626,29.50285287567727,26.559474386371207,0.10204789193281859,1.0,0.45,0.2929,229.90000290549736,11.79950930107521,Wh,11.79950930107521,Wh
118,9ab5cfcced69fa30b4d6d072ad255661,ARIMA,"{""p"": 2, ""d"": 1, ""q"": 12, ""regression_type"": null}","{""fillna"": ""median"", ""transformations"": {""0"": ""Scaler"", ""1"": ""Scaler"", ""2"": ""DifferencedTransformer"", ""3"": ""Scaler""}, ""transformation_params"": {""0"": {}, ""1"": {}, ""2"": {""lag"": 1, ""fill"": ""zero""}, ""3"": {}}}",0,1,12.550576956829216,0.6874193958325072,0.8213611133310476,1.0814678450869288,0.6874193958325072,0.0,-8.215670476660726,0.5151384588282774,33.0294932732897,0.6593247062643766,12.787474714948345,1.0,0.48333333333333334,1.6295020499142616,0.8,1.6353400971095118,0.5606175211154434,2.9852148482005627,1.7057603279172817,0.2883189991051789,24.813822796628973,14.124882767425156,19.014001230964347,0.07560776731883248,12.550576956829216,0.6874193958325072,0.8213611133310476,1.0814678450869288,0.6874193958325072,0.0,0.5151384588282774,0.6593247062643766,12.787474714948345,1.6295020499142616,0.8,1.6353400971095118,0.5606175211154434,2.9852148482005627,1.7057603279172817,0.2883189991051789,24.813822796628973,14.124882767425156,19.014001230964347,0.07560776731883248,1.0,0.48333333333333334,3.34,226.28563573257392,10.287829322137311,Wh,10.287829322137311,Wh
119,249e19932e51c259b22df266767284c3,WindowRegression,"{""window_size"": 10, ""input_dim"": ""univariate"", ""output_dim"": ""1step"", ""normalize_window"": false, ""max_windows"": 5000000, ""fourier_encoding_components"": null, ""scale"": true, ""datepart_method"": null, ""regression_type"": null, ""regression_model"": {""model"": ""HistGradientBoost"", ""model_params"": {""loss"": ""squared_error"", ""learning_rate"": 0.01, ""max_depth"": 20, ""min_samples_leaf"": 20, ""max_iter"": 250, ""l2_regularization"": 0}}}","{""fillna"": ""rolling_mean_24"", ""transformations"": {""0"": ""Scaler"", ""1"": ""Scaler"", ""2"": ""DifferencedTransformer""}, ""transformation_params"": {""0"": {}, ""1"": {}, ""2"": {""lag"": 1, ""fill"": ""bfill""}}}",0,4,80.3921590378259,3.2502454896830737,3.651968151084008,0.725077463638744,3.2502454896830737,0.0,-762.9227818011809,3.2308778552683792,17.13613572275676,1.1995977068184336,6.91928633526226,1.0,0.5291666666666667,9.647859573364258,0.7208333333333333,2.610573992181636,2.879915865300311,15.553256479387416,17.691145266871118,0.2698530540479482,186.44666151960604,59.70471227293038,9.383801023566226,0.4401004077451063,80.3921590378259,3.2502454896830737,3.651968151084008,0.725077463638744,3.2502454896830737,0.0,3.2308778552683792,1.1995977068184336,6.91928633526226,9.647859573364258,0.7208333333333333,2.610573992181636,2.879915865300311,15.553256479387416,17.691145266871118,0.2698530540479482,186.44666151960604,59.70471227293038,9.383801023566226,0.4401004077451063,1.0,0.5291666666666667,0.8290500000000001,208.28472913591708,96.83854288505506,Wh,96.83854288505506,Wh
120,6704cd863438ac44155d0f5c7d849078,WindowRegression,"{""window_size"": 10, ""input_dim"": ""univariate"", ""output_dim"": ""1step"", ""normalize_window"": false, ""max_windows"": 5000000, ""fourier_encoding_components"": null, ""scale"": true, ""datepart_method"": null, ""regression_type"": null, ""regression_model"": {""model"": ""HistGradientBoost"", ""model_params"": {""loss"": ""squared_error"", ""learning_rate"": 0.01, ""max_depth"": 20, ""min_samples_leaf"": 20, ""max_iter"": 250, ""l2_regularization"": 0}}}","{""fillna"": ""rolling_mean_24"", ""transformations"": {""0"": ""Scaler"", ""1"": ""Scaler"", ""2"": ""Scaler"", ""3"": ""Scaler"", ""4"": ""DifferencedTransformer""}, ""transformation_params"": {""0"": {}, ""1"": {}, ""2"": {}, ""3"": {}, ""4"": {""lag"": 1, ""fill"": ""bfill""}}}",0,4,80.3921590378259,3.2502454896830737,3.651968151084008,0.725077463638744,3.2502454896830737,0.0,-762.9227818011809,3.2308778552683792,17.13613572275676,1.1995977068184336,6.91928633526226,1.0,0.5291666666666667,9.647859573364258,0.7208333333333333,2.610573992181636,2.879915865300311,15.553256479387416,17.691145266871118,0.2698530540479482,186.44666151960604,59.70471227293038,9.383801023566226,0.4401004077451063,80.3921590378259,3.2502454896830737,3.651968151084008,0.725077463638744,3.2502454896830737,0.0,3.2308778552683792,1.1995977068184336,6.91928633526226,9.647859573364258,0.7208333333333333,2.610573992181636,2.879915865300311,15.553256479387416,17.691145266871118,0.2698530540479482,186.44666151960604,59.70471227293038,9.383801023566226,0.4401004077451063,1.0,0.5291666666666667,0.807175,208.28472397560856,96.83854288505506,Wh,96.83854288505506,Wh
121,2f67d29696001dcd04c8e91446862069,ARIMA,"{""p"": 0, ""d"": 2, ""q"": 12, ""regression_type"": null}","{""fillna"": ""rolling_mean_24"", ""transformations"": {""0"": null}, ""transformation_params"": {""0"": {}}}",0,4,45.380851341287524,9.547002144997617,11.16828766106369,0.7510421108377779,9.547002144997617,0.0,-17.93595431743913,1.399274293618025,2273.344560481989,9.530692411613046,2.3022619973319154,0.9833333333333333,0.49583333333333335,67.63193835458027,0.43333333333333335,6.924047246227266,7.993188939115791,51.18545833050392,286.51414000927696,0.12212904078442263,563.9938186791227,112.88615094811226,14.167905203070783,1.2296261846536851,45.380851341287524,9.547002144997617,11.16828766106369,0.7510421108377779,9.547002144997617,0.0,1.399274293618025,9.530692411613046,2.3022619973319154,67.63193835458027,0.43333333333333335,6.924047246227266,7.993188939115791,51.18545833050392,286.51414000927696,0.12212904078442263,563.9938186791227,112.88615094811226,14.167905203070783,1.2296261846536851,0.9833333333333333,0.49583333333333335,1.1860249999999999,168.093881862003,497.1213529530219,Wh,497.1213529530219,Wh
122,ee8c9288c6e4884706133f29c63adaf8,ARIMA,"{""p"": 0, ""d"": 2, ""q"": 12, ""regression_type"": null}","{""fillna"": ""ffill"", ""transformations"": {""0"": ""Scaler"", ""1"": ""Scaler"", ""2"": ""Scaler""}, ""transformation_params"": {""0"": {}, ""1"": {}, ""2"": {}}}",0,4,45.380851341287524,9.547002144997617,11.16828766106369,0.7510421108377779,9.547002144997617,0.0,-17.93595431743913,1.399274293618025,2273.344560481989,9.530692411613046,2.3022619973319154,0.9833333333333333,0.49583333333333335,67.63193835458027,0.43333333333333335,6.924047246227266,7.993188939115791,51.18545833050392,286.51414000927696,0.12212904078442263,563.9938186791227,112.88615094811226,14.167905203070783,1.2296261846536851,45.380851341287524,9.547002144997617,11.16828766106369,0.7510421108377779,9.547002144997617,0.0,1.399274293618025,9.530692411613046,2.3022619973319154,67.63193835458027,0.43333333333333335,6.924047246227266,7.993188939115791,51.18545833050392,286.51414000927696,0.12212904078442263,563.9938186791227,112.88615094811226,14.167905203070783,1.2296261846536851,0.9833333333333333,0.49583333333333335,1.185425,168.09388172046312,497.1213529530219,Wh,497.1213529530219,Wh
123,8dd85c4b10ea65c16c89adb85c6eeecc,ARIMA,"{""p"": 0, ""d"": 2, ""q"": 12, ""regression_type"": null}","{""fillna"": ""median"", ""transformations"": {""0"": ""Scaler"", ""1"": ""Scaler""}, ""transformation_params"": {""0"": {}, ""1"": {}}}",0,4,45.380851341287524,9.547002144997617,11.16828766106369,0.7510421108377779,9.547002144997617,0.0,-17.93595431743913,1.399274293618025,2273.344560481989,9.530692411613046,2.3022619973319154,0.9833333333333333,0.49583333333333335,67.63193835458027,0.43333333333333335,6.924047246227266,7.993188939115791,51.18545833050392,286.51414000927696,0.12212904078442263,563.9938186791227,112.88615094811226,14.167905203070783,1.2296261846536851,45.380851341287524,9.547002144997617,11.16828766106369,0.7510421108377779,9.547002144997617,0.0,1.399274293618025,9.530692411613046,2.3022619973319154,67.63193835458027,0.43333333333333335,6.924047246227266,7.993188939115791,51.18545833050392,286.51414000927696,0.12212904078442263,563.9938186791227,112.88615094811226,14.167905203070783,1.2296261846536851,0.9833333333333333,0.49583333333333335,1.184375,168.09388147276832,497.1213529530219,Wh,497.1213529530219,Wh
124,7e596c42bb6ac2abebfe475bed797ebc,ARIMA,"{""p"": 0, ""d"": 2, ""q"": 12, ""regression_type"": null}","{""fillna"": ""ffill_mean_biased"", ""transformations"": {""0"": ""Scaler"", ""1"": ""Scaler"", ""2"": ""Scaler"", ""3"": ""Scaler""}, ""transformation_params"": {""0"": {}, ""1"": {}, ""2"": {}, ""3"": {}}}",0,4,45.380851341287524,9.547002144997617,11.16828766106369,0.7510421108377779,9.547002144997617,0.0,-17.93595431743913,1.399274293618025,2273.344560481989,9.530692411613046,2.3022619973319154,0.9833333333333333,0.49583333333333335,67.63193835458027,0.43333333333333335,6.924047246227266,7.993188939115791,51.18545833050392,286.51414000927696,0.12212904078442263,563.9938186791227,112.88615094811226,14.167905203070783,1.2296261846536851,45.380851341287524,9.547002144997617,11.16828766106369,0.7510421108377779,9.547002144997617,0.0,1.399274293618025,9.530692411613046,2.3022619973319154,67.63193835458027,0.43333333333333335,6.924047246227266,7.993188939115791,51.18545833050392,286.51414000927696,0.12212904078442263,563.9938186791227,112.88615094811226,14.167905203070783,1.2296261846536851,0.9833333333333333,0.49583333333333335,1.181,168.09388067660643,497.1213529530219,Wh,497.1213529530219,Wh
125,dbfbd11df7ec1e75f02ede65885808a2,ARIMA,"{""p"": 0, ""d"": 2, ""q"": 12, ""regression_type"": null}","{""fillna"": ""ffill_mean_biased"", ""transformations"": {""0"": ""Scaler"", ""1"": ""Scaler"", ""2"": ""Scaler""}, ""transformation_params"": {""0"": {}, ""1"": {}, ""2"": {}}}",0,4,45.380851341287524,9.547002144997617,11.16828766106369,0.7510421108377779,9.547002144997617,0.0,-17.93595431743913,1.399274293618025,2273.344560481989,9.530692411613046,2.3022619973319154,0.9833333333333333,0.49583333333333335,67.63193835458027,0.43333333333333335,6.924047246227266,7.993188939115791,51.18545833050392,286.51414000927696,0.12212904078442263,563.9938186791227,112.88615094811226,14.167905203070783,1.2296261846536851,45.380851341287524,9.547002144997617,11.16828766106369,0.7510421108377779,9.547002144997617,0.0,1.399274293618025,9.530692411613046,2.3022619973319154,67.63193835458027,0.43333333333333335,6.924047246227266,7.993188939115791,51.18545833050392,286.51414000927696,0.12212904078442263,563.9938186791227,112.88615094811226,14.167905203070783,1.2296261846536851,0.9833333333333333,0.49583333333333335,1.179025,168.09388021070427,497.1213529530219,Wh,497.1213529530219,Wh
126,63f62db12000ccc1bf3a69522aedbbd0,ARIMA,"{""p"": 0, ""d"": 2, ""q"": 12, ""regression_type"": null}","{""fillna"": ""linear"", ""transformations"": {""0"": ""Scaler"", ""1"": ""Scaler""}, ""transformation_params"": {""0"": {}, ""1"": {}}}",0,4,45.380851341287524,9.547002144997617,11.16828766106369,0.7510421108377779,9.547002144997617,0.0,-17.93595431743913,1.399274293618025,2273.344560481989,9.530692411613046,2.3022619973319154,0.9833333333333333,0.49583333333333335,67.63193835458027,0.43333333333333335,6.924047246227266,7.993188939115791,51.18545833050392,286.51414000927696,0.12212904078442263,563.9938186791227,112.88615094811226,14.167905203070783,1.2296261846536851,45.380851341287524,9.547002144997617,11.16828766106369,0.7510421108377779,9.547002144997617,0.0,1.399274293618025,9.530692411613046,2.3022619973319154,67.63193835458027,0.43333333333333335,6.924047246227266,7.993188939115791,51.18545833050392,286.51414000927696,0.12212904078442263,563.9938186791227,112.88615094811226,14.167905203070783,1.2296261846536851,0.9833333333333333,0.49583333333333335,1.1780249999999999,168.09387997480445,497.1213529530219,Wh,497.1213529530219,Wh
127,d7e53fa9d3aecb16a5996a572d9ce068,ARIMA,"{""p"": 0, ""d"": 2, ""q"": 12, ""regression_type"": null}","{""fillna"": ""mean"", ""transformations"": {""0"": ""Scaler"", ""1"": ""Scaler"", ""2"": ""Scaler"", ""3"": ""Scaler""}, ""transformation_params"": {""0"": {}, ""1"": {}, ""2"": {}, ""3"": {}}}",0,4,45.380851341287524,9.547002144997617,11.16828766106369,0.7510421108377779,9.547002144997617,0.0,-17.93595431743913,1.399274293618025,2273.344560481989,9.530692411613046,2.3022619973319154,0.9833333333333333,0.49583333333333335,67.63193835458027,0.43333333333333335,6.924047246227266,7.993188939115791,51.18545833050392,286.51414000927696,0.12212904078442263,563.9938186791227,112.88615094811226,14.167905203070783,1.2296261846536851,45.380851341287524,9.547002144997617,11.16828766106369,0.7510421108377779,9.547002144997617,0.0,1.399274293618025,9.530692411613046,2.3022619973319154,67.63193835458027,0.43333333333333335,6.924047246227266,7.993188939115791,51.18545833050392,286.51414000927696,0.12212904078442263,563.9938186791227,112.88615094811226,14.167905203070783,1.2296261846536851,0.9833333333333333,0.49583333333333335,1.17775,168.093879909932,497.1213529530219,Wh,497.1213529530219,Wh
128,af44a0ec1b05658068a6adf58c644365,ARIMA,"{""p"": 0, ""d"": 2, ""q"": 12, ""regression_type"": null}","{""fillna"": ""ffill_mean_biased"", ""transformations"": {""0"": null}, ""transformation_params"": {""0"": {}}}",0,4,45.380851341287524,9.547002144997617,11.16828766106369,0.7510421108377779,9.547002144997617,0.0,-17.93595431743913,1.399274293618025,2273.344560481989,9.530692411613046,2.3022619973319154,0.9833333333333333,0.49583333333333335,67.63193835458027,0.43333333333333335,6.924047246227266,7.993188939115791,51.18545833050392,286.51414000927696,0.12212904078442263,563.9938186791227,112.88615094811226,14.167905203070783,1.2296261846536851,45.380851341287524,9.547002144997617,11.16828766106369,0.7510421108377779,9.547002144997617,0.0,1.399274293618025,9.530692411613046,2.3022619973319154,67.63193835458027,0.43333333333333335,6.924047246227266,7.993188939115791,51.18545833050392,286.51414000927696,0.12212904078442263,563.9938186791227,112.88615094811226,14.167905203070783,1.2296261846536851,0.9833333333333333,0.49583333333333335,1.174925,168.093879243515,497.1213529530219,Wh,497.1213529530219,Wh
129,c8730044d19a98c0753be7a973d3b58b,ARIMA,"{""p"": 3, ""d"": 2, ""q"": 12, ""regression_type"": null}","{""fillna"": ""zero"", ""transformations"": {""0"": ""Scaler""}, ""transformation_params"": {""0"": {}}}",0,4,39.66323740925243,10.107665982930103,11.824711236239104,0.764684436282699,10.107665982930103,0.0,-67.81785045311584,1.2844965963979345,2358.021985450109,10.023362424960448,2.0476730240587693,0.9625,0.4916666666666667,77.77337886963657,0.675,6.951317915686725,8.470711507663504,54.07865327894724,373.0292150504348,0.16145981267589307,593.2712824613382,111.39944187551176,13.883552348208491,1.2816627938790075,39.66323740925243,10.107665982930103,11.824711236239104,0.764684436282699,10.107665982930103,0.0,1.2844965963979345,10.023362424960448,2.0476730240587693,77.77337886963657,0.675,6.951317915686725,8.470711507663504,54.07865327894724,373.0292150504348,0.16145981267589307,593.2712824613382,111.39944187551176,13.883552348208491,1.2816627938790075,0.9625,0.4916666666666667,2.9848,164.93317592580425,575.5254975320215,Wh,575.5254975320215,Wh
130,0ec4ec26ac75992a584f68e363c591e3,ARIMA,"{""p"": 3, ""d"": 2, ""q"": 12, ""regression_type"": null}","{""fillna"": ""linear"", ""transformations"": {""0"": ""Scaler"", ""1"": ""Scaler""}, ""transformation_params"": {""0"": {}, ""1"": {}}}",0,4,39.66323740925243,10.107665982930103,11.824711236239104,0.764684436282699,10.107665982930103,0.0,-67.81785045311584,1.2844965963979345,2358.021985450109,10.023362424960448,2.0476730240587693,0.9625,0.4916666666666667,77.77337886963657,0.675,6.951317915686725,8.470711507663504,54.07865327894724,373.0292150504348,0.16145981267589307,593.2712824613382,111.39944187551176,13.883552348208491,1.2816627938790075,39.66323740925243,10.107665982930103,11.824711236239104,0.764684436282699,10.107665982930103,0.0,1.2844965963979345,10.023362424960448,2.0476730240587693,77.77337886963657,0.675,6.951317915686725,8.470711507663504,54.07865327894724,373.0292150504348,0.16145981267589307,593.2712824613382,111.39944187551176,13.883552348208491,1.2816627938790075,0.9625,0.4916666666666667,2.98025,164.93317485246007,575.5254975320215,Wh,575.5254975320215,Wh
131,3005b8d5379765803b75b0ea40ae1778,ARIMA,"{""p"": 3, ""d"": 2, ""q"": 12, ""regression_type"": null}","{""fillna"": ""rolling_mean"", ""transformations"": {""0"": null}, ""transformation_params"": {""0"": {}}}",0,4,39.66323740925243,10.107665982930103,11.824711236239104,0.764684436282699,10.107665982930103,0.0,-67.81785045311584,1.2844965963979345,2358.021985450109,10.023362424960448,2.0476730240587693,0.9625,0.4916666666666667,77.77337886963657,0.675,6.951317915686725,8.470711507663504,54.07865327894724,373.0292150504348,0.16145981267589307,593.2712824613382,111.39944187551176,13.883552348208491,1.2816627938790075,39.66323740925243,10.107665982930103,11.824711236239104,0.764684436282699,10.107665982930103,0.0,1.2844965963979345,10.023362424960448,2.0476730240587693,77.77337886963657,0.675,6.951317915686725,8.470711507663504,54.07865327894724,373.0292150504348,0.16145981267589307,593.2712824613382,111.39944187551176,13.883552348208491,1.2816627938790075,0.9625,0.4916666666666667,2.97365,164.9331732955213,575.5254975320215,Wh,575.5254975320215,Wh
132,5cf6a87ec7dc7f6048da0e4f31c454e7,ARIMA,"{""p"": 3, ""d"": 2, ""q"": 12, ""regression_type"": null}","{""fillna"": ""linear"", ""transformations"": {""0"": ""Scaler"", ""1"": ""Scaler"", ""2"": ""Scaler""}, ""transformation_params"": {""0"": {}, ""1"": {}, ""2"": {}}}",0,4,39.66323740925243,10.107665982930103,11.824711236239104,0.764684436282699,10.107665982930103,0.0,-67.81785045311584,1.2844965963979345,2358.021985450109,10.023362424960448,2.0476730240587693,0.9625,0.4916666666666667,77.77337886963657,0.675,6.951317915686725,8.470711507663504,54.07865327894724,373.0292150504348,0.16145981267589307,593.2712824613382,111.39944187551176,13.883552348208491,1.2816627938790075,39.66323740925243,10.107665982930103,11.824711236239104,0.764684436282699,10.107665982930103,0.0,1.2844965963979345,10.023362424960448,2.0476730240587693,77.77337886963657,0.675,6.951317915686725,8.470711507663504,54.07865327894724,373.0292150504348,0.16145981267589307,593.2712824613382,111.39944187551176,13.883552348208491,1.2816627938790075,0.9625,0.4916666666666667,2.973525,164.9331732660338,575.5254975320215,Wh,575.5254975320215,Wh
133,0767ca82213ef10597bdcced2d54d2f9,ARIMA,"{""p"": 3, ""d"": 2, ""q"": 12, ""regression_type"": null}","{""fillna"": ""linear"", ""transformations"": {""0"": ""Scaler""}, ""transformation_params"": {""0"": {}}}",0,4,39.66323740925243,10.107665982930103,11.824711236239104,0.764684436282699,10.107665982930103,0.0,-67.81785045311584,1.2844965963979345,2358.021985450109,10.023362424960448,2.0476730240587693,0.9625,0.4916666666666667,77.77337886963657,0.675,6.951317915686725,8.470711507663504,54.07865327894724,373.0292150504348,0.16145981267589307,593.2712824613382,111.39944187551176,13.883552348208491,1.2816627938790075,39.66323740925243,10.107665982930103,11.824711236239104,0.764684436282699,10.107665982930103,0.0,1.2844965963979345,10.023362424960448,2.0476730240587693,77.77337886963657,0.675,6.951317915686725,8.470711507663504,54.07865327894724,373.0292150504348,0.16145981267589307,593.2712824613382,111.39944187551176,13.883552348208491,1.2816627938790075,0.9625,0.4916666666666667,2.9724000000000004,164.93317300064652,575.5254975320215,Wh,575.5254975320215,Wh
134,a1960137a5331d6bf281e4389be8811b,ARIMA,"{""p"": 0, ""d"": 2, ""q"": 1, ""regression_type"": null}","{""fillna"": ""ffill"", ""transformations"": {""0"": ""Scaler"", ""1"": ""Scaler""}, ""transformation_params"": {""0"": {}, ""1"": {}}}",0,1,28.724961672521143,1.8054895194123726,2.117789750566109,1.0091688446905531,1.8054895194123726,0.0,-0.08867102743913602,0.9353236454738514,108.24070013730321,1.8054352190279956,3.600209722233193,1.0,0.45,3.5068211813329366,0.2,3.3996878923307334,1.5510741503287704,9.312925734488864,10.925493082059063,0.0,108.15202910986409,76.83696755085346,27.97453959097149,0.32953944738853735,28.724961672521143,1.8054895194123726,2.117789750566109,1.0091688446905531,1.8054895194123726,0.0,0.9353236454738514,1.8054352190279956,3.600209722233193,3.5068211813329366,0.2,3.3996878923307334,1.5510741503287704,9.312925734488864,10.925493082059063,0.0,108.15202910986409,76.83696755085346,27.97453959097149,0.32953944738853735,1.0,0.45,0.1208,100.06627374165878,27.02072145655312,Wh,27.02072145655312,Wh
135,7f19363306c33b24f32d16a312896c07,ARIMA,"{""p"": 0, ""d"": 2, ""q"": 1, ""regression_type"": null}","{""fillna"": ""ffill_mean_biased"", ""transformations"": {""0"": ""Scaler"", ""1"": ""Scaler""}, ""transformation_params"": {""0"": {}, ""1"": {}}}",0,1,28.724961672521143,1.8054895194123726,2.117789750566109,1.0091688446905531,1.8054895194123726,0.0,-0.08867102743913602,0.9353236454738514,108.24070013730321,1.8054352190279956,3.600209722233193,1.0,0.45,3.5068211813329366,0.2,3.3996878923307334,1.5510741503287704,9.312925734488864,10.925493082059063,0.0,108.15202910986409,76.83696755085346,27.97453959097149,0.32953944738853735,28.724961672521143,1.8054895194123726,2.117789750566109,1.0091688446905531,1.8054895194123726,0.0,0.9353236454738514,1.8054352190279956,3.600209722233193,3.5068211813329366,0.2,3.3996878923307334,1.5510741503287704,9.312925734488864,10.925493082059063,0.0,108.15202910986409,76.83696755085346,27.97453959097149,0.32953944738853735,1.0,0.45,0.1106,100.06627133548064,27.02072145655312,Wh,27.02072145655312,Wh
136,26e86e7c795a6e91d19b7e0b3286b2de,ARIMA,"{""p"": 5, ""d"": 3, ""q"": 5, ""regression_type"": null}","{""fillna"": ""median"", ""transformations"": {""0"": ""Scaler"", ""1"": ""Scaler"", ""2"": ""Scaler""}, ""transformation_params"": {""0"": {}, ""1"": {}, ""2"": {}}}",0,1,28.964881955696374,1.8297944369095296,2.168010549643814,1.0122963499934605,1.8297944369095296,0.0,-0.02857618940444695,0.9347381778790801,109.75909002516732,1.8297877588451827,2.4524986309076424,1.0,0.5833333333333334,3.7409673513538966,0.21666666666666667,3.456202506661417,1.5613120145895378,9.591435270120936,11.613296789564439,0.14376215400869527,109.73051383576288,76.2785128603736,23.814187137862657,0.33434909348177455,28.964881955696374,1.8297944369095296,2.168010549643814,1.0122963499934605,1.8297944369095296,0.0,0.9347381778790801,1.8297877588451827,2.4524986309076424,3.7409673513538966,0.21666666666666667,3.456202506661417,1.5613120145895378,9.591435270120936,11.613296789564439,0.14376215400869527,109.73051383576288,76.2785128603736,23.814187137862657,0.33434909348177455,1.0,0.5833333333333334,1.3982,81.7815975299602,27.384465692481406,Wh,27.384465692481406,Wh
137,3381ee05e28750888823c2df5014da3f,ARIMA,"{""p"": 2, ""d"": 2, ""q"": 1, ""regression_type"": ""Holiday""}","{""fillna"": ""ffill"", ""transformations"": {""0"": ""Scaler"", ""1"": ""Scaler""}, ""transformation_params"": {""0"": {}, ""1"": {}}}",0,1,22.15466300552865,1.3117477260074974,1.5511169880548061,1.0926574159039135,1.3117477260074974,0.0,-1.7290592792641775,0.7687272218590185,76.97580428118569,1.3042534715965497,2.2237443981479847,1.0,0.4666666666666667,2.578506588915607,0.2,2.7063460528629983,1.1110217142445185,6.5302504926645595,6.537598540828881,0.18365546034557803,75.2467450019215,53.44986245700915,22.645487802383013,0.22927698139190794,22.15466300552865,1.3117477260074974,1.5511169880548061,1.0926574159039135,1.3117477260074974,0.0,0.7687272218590185,1.3042534715965497,2.2237443981479847,2.578506588915607,0.2,2.7063460528629983,1.1110217142445185,6.5302504926645595,6.537598540828881,0.18365546034557803,75.2467450019215,53.44986245700915,22.645487802383013,0.22927698139190794,1.0,0.4666666666666667,0.4136,67.3761159303659,19.63144595669075,Wh,19.63144595669075,Wh
138,af9609df4cd7c6c03601629918ce931f,DatepartRegression,"{""regression_model"": {""model"": ""Adaboost"", ""model_params"": {""n_estimators"": 100, ""loss"": ""linear"", ""estimator"": ""ExtraTree"", ""learning_rate"": 1, ""max_depth"": 3}}, ""datepart_method"": ""anchored_segment_fourier:us_school"", ""polynomial_degree"": null, ""holiday_countries_used"": true, ""lags"": null, ""forward_lags"": null, ""regression_type"": null}","{""fillna"": ""linear"", ""transformations"": {""0"": ""Scaler""}, ""transformation_params"": {""0"": {}}}",0,1,29.527838287012855,1.8732165575470956,2.154118747109517,1.211380700624718,1.8732165575470956,0.0,-2.5440368745180377,0.9748723260448341,109.84895657830769,1.868048539596895,1.4840142983292204,0.5,0.55,3.5144032041231785,0.25,3.419226361730007,1.6329586296598837,9.091569490710372,10.98538250991346,0.3095479713193769,107.30491970378966,77.54341773693336,23.030179805795385,0.3269583033466459,29.527838287012855,1.8732165575470956,2.154118747109517,1.211380700624718,1.8732165575470956,0.0,0.9748723260448341,1.868048539596895,1.4840142983292204,3.5144032041231785,0.25,3.419226361730007,1.6329586296598837,9.091569490710372,10.98538250991346,0.3095479713193769,107.30491970378966,77.54341773693336,23.030179805795385,0.3269583033466459,0.5,0.55,1.0474,66.57943547623753,28.034315505612632,Wh,28.034315505612632,Wh
139,88d6bbcb0a3e9ef01ebebaab4fd57176,ARIMA,"{""p"": 3, ""d"": 3, ""q"": 12, ""regression_type"": ""Holiday""}","{""fillna"": ""linear"", ""transformations"": {""0"": ""Scaler"", ""1"": ""Scaler""}, ""transformation_params"": {""0"": {}, ""1"": {}}}",0,1,18.997197717651616,0.9311450627559608,1.0938325358312755,1.1050047394149085,0.9311450627559608,0.0,-51.89129968583392,0.9167738246431917,3.9774040795237156,0.628822350380202,2.2222753099893415,1.0,0.4166666666666667,2.371660320903678,0.8,1.8325565462432036,0.7580392021570131,4.457444257399829,5.072124288798918,0.23737932718053387,47.91389560631021,36.81895256573088,17.49161334524359,0.14599373502549884,18.997197717651616,0.9311450627559608,1.0938325358312755,1.1050047394149085,0.9311450627559608,0.0,0.9167738246431917,0.628822350380202,2.2222753099893415,2.371660320903678,0.8,1.8325565462432036,0.7580392021570131,4.457444257399829,5.072124288798918,0.23737932718053387,47.91389560631021,36.81895256573088,17.49161334524359,0.14599373502549884,1.0,0.4166666666666667,3.5702,60.94602761745745,13.93539597203661,Wh,13.93539597203661,Wh
140,4dfaf2459ed745b00a7c93416a8253b4,RollingRegression,"{""regression_model"": {""model"": ""ElasticNet"", ""model_params"": {""l1_ratio"": 0.5, ""fit_intercept"": true, ""selection"": ""random"", ""max_iter"": 1000}}, ""holiday"": false, ""mean_rolling_periods"": 12, ""macd_periods"": 7, ""std_rolling_periods"": 30, ""max_rolling_periods"": null, ""min_rolling_periods"": 28, ""ewm_var_alpha"": null, ""quantile90_rolling_periods"": null, ""quantile10_rolling_periods"": null, ""ewm_alpha"": null, ""additional_lag_periods"": 6, ""abs_energy"": false, ""rolling_autocorr_periods"": null, ""nonzero_last_n"": null, ""add_date_part"": null, ""polynomial_degree"": null, ""x_transform"": null, ""regression_type"": null}","{""fillna"": ""linear"", ""transformations"": {""0"": ""Scaler"", ""1"": ""Scaler""}, ""transformation_params"": {""0"": {}, ""1"": {}}}",0,1,26.212281459512422,1.595464580074225,1.75392012141308,1.0168665410209272,1.595464580074225,0.0,0.0,0.9104399080373737,95.7278748044535,1.595464580074225,1.076430207652152,0.65,0.5,2.7532806472975997,0.2,2.965150308106457,1.423738404419246,7.225192967470394,7.16918604765007,0.01087549841107764,95.7278748044535,82.12944750976047,28.45090752975747,0.2916830245569707,26.212281459512422,1.595464580074225,1.75392012141308,1.0168665410209272,1.595464580074225,0.0,0.9104399080373737,1.595464580074225,1.076430207652152,2.7532806472975997,0.2,2.965150308106457,1.423738404419246,7.225192967470394,7.16918604765007,0.01087549841107764,95.7278748044535,82.12944750976047,28.45090752975747,0.2916830245569707,0.65,0.5,0.3818,54.315060432207474,23.877515515023987,Wh,23.877515515023987,Wh
141,e3f049bfc728761e5442895d0f73efb4,RollingRegression,"{""regression_model"": {""model"": ""BayesianRidge"", ""model_params"": {}}, ""holiday"": false, ""mean_rolling_periods"": null, ""macd_periods"": null, ""std_rolling_periods"": null, ""max_rolling_periods"": null, ""min_rolling_periods"": 7, ""ewm_var_alpha"": null, ""quantile90_rolling_periods"": null, ""quantile10_rolling_periods"": null, ""ewm_alpha"": null, ""additional_lag_periods"": 27, ""abs_energy"": false, ""rolling_autocorr_periods"": null, ""nonzero_last_n"": null, ""add_date_part"": null, ""polynomial_degree"": null, ""x_transform"": null, ""regression_type"": null}","{""fillna"": ""linear"", ""transformations"": {""0"": ""Scaler"", ""1"": ""Scaler""}, ""transformation_params"": {""0"": {}, ""1"": {}}}",0,1,26.009068199963142,1.5808381809749383,1.7329431449259096,0.9997737361631828,1.5808381809749383,0.0,0.0,0.906480683910296,94.8502908584963,1.5808381809749383,1.0560486569614276,0.6666666666666666,0.6166666666666667,2.7073071246898035,0.2,2.9399047667743097,1.4134890000853555,7.108754765714315,6.749360727515408,0.02191009724700132,94.8502908584963,81.84135728075697,27.46171076338362,0.28900902453156185,26.009068199963142,1.5808381809749383,1.7329431449259096,0.9997737361631828,1.5808381809749383,0.0,0.906480683910296,1.5808381809749383,1.0560486569614276,2.7073071246898035,0.2,2.9399047667743097,1.4134890000853555,7.108754765714315,6.749360727515408,0.02191009724700132,94.8502908584963,81.84135728075697,27.46171076338362,0.28900902453156185,0.6666666666666666,0.6166666666666667,0.2526,53.656394609192525,23.658618727352334,Wh,23.658618727352334,Wh
142,6ef25c8d625f5d206c1c3ca43de0c7c3,DatepartRegression,"{""regression_model"": {""model"": ""ElasticNet"", ""model_params"": {""l1_ratio"": 0.5, ""fit_intercept"": true, ""selection"": ""cyclic"", ""max_iter"": 1000}}, ""datepart_method"": [""dayofweek"", 365.25], ""polynomial_degree"": null, ""holiday_countries_used"": false, ""lags"": 4, ""forward_lags"": null, ""regression_type"": null}","{""fillna"": ""zero"", ""transformations"": {""0"": ""Scaler""}, ""transformation_params"": {""0"": {}}}",0,1,25.862664502312885,1.5702430725097656,1.7303011201099383,1.0160263039047168,1.5702430725097656,0.0,0.0,0.9000023326928358,94.21458435058594,1.5702430725097656,1.0611213139488336,0.65,0.5666666666666667,2.7268404960632324,0.2,2.937584610366407,1.3987319516200645,7.122357153165414,7.033689988543281,0.011543631219308468,94.21458435058594,80.67347600701233,28.500561720116238,0.28707202554002864,25.862664502312885,1.5702430725097656,1.7303011201099383,1.0160263039047168,1.5702430725097656,0.0,0.9000023326928358,1.5702430725097656,1.0611213139488336,2.7268404960632324,0.2,2.937584610366407,1.3987319516200645,7.122357153165414,7.033689988543281,0.011543631219308468,94.21458435058594,80.67347600701233,28.500561720116238,0.28707202554002864,0.65,0.5666666666666667,0.1278,53.55057677900428,23.500053711293653,Wh,23.500053711293653,Wh
143,028d2cd8ba6c4fdccb7020a84108df73,DatepartRegression,"{""regression_model"": {""model"": ""ElasticNet"", ""model_params"": {""l1_ratio"": 0.5, ""fit_intercept"": true, ""selection"": ""cyclic"", ""max_iter"": 1000}}, ""datepart_method"": [52, ""quarter""], ""polynomial_degree"": null, ""holiday_countries_used"": false, ""lags"": null, ""forward_lags"": 4, ""regression_type"": null}","{""fillna"": ""seasonal_linear"", ""transformations"": {""0"": ""Scaler"", ""1"": ""Scaler""}, ""transformation_params"": {""0"": {}, ""1"": {}}}",0,1,25.862664502312885,1.5702430725097656,1.7303011201099383,1.0160263039047168,1.5702430725097656,0.0,0.0,0.9000023326928358,94.21458435058594,1.5702430725097656,1.0611213139488336,0.65,0.5666666666666667,2.7268404960632324,0.2,2.937584610366407,1.3987319516200645,7.122357153165414,7.033689988543281,0.011543631219308468,94.21458435058594,80.67347600701233,28.500561720116238,0.28707202554002864,25.862664502312885,1.5702430725097656,1.7303011201099383,1.0160263039047168,1.5702430725097656,0.0,0.9000023326928358,1.5702430725097656,1.0611213139488336,2.7268404960632324,0.2,2.937584610366407,1.3987319516200645,7.122357153165414,7.033689988543281,0.011543631219308468,94.21458435058594,80.67347600701233,28.500561720116238,0.28707202554002864,0.65,0.5666666666666667,0.1147,53.55057368871667,23.500053711293653,Wh,23.500053711293653,Wh
144,1b775a6e5f0690084960b74203dca1da,RollingRegression,"{""regression_model"": {""model"": ""ElasticNet"", ""model_params"": {""l1_ratio"": 0.9, ""fit_intercept"": true, ""selection"": ""cyclic"", ""max_iter"": 1000}}, ""holiday"": true, ""mean_rolling_periods"": 5, ""macd_periods"": 364, ""std_rolling_periods"": 30, ""max_rolling_periods"": null, ""min_rolling_periods"": 28, ""ewm_var_alpha"": null, ""quantile90_rolling_periods"": null, ""quantile10_rolling_periods"": null, ""ewm_alpha"": 0.8, ""additional_lag_periods"": 59, ""abs_energy"": false, ""rolling_autocorr_periods"": null, ""nonzero_last_n"": null, ""add_date_part"": null, ""polynomial_degree"": null, ""x_transform"": null, ""regression_type"": null}","{""fillna"": ""linear"", ""transformations"": {""0"": ""Scaler"", ""1"": ""Scaler"", ""2"": ""Scaler""}, ""transformation_params"": {""0"": {}, ""1"": {}, ""2"": {}}}",0,1,25.596723346525803,1.5512749635429712,1.7136699488676104,1.002261323053393,1.5512749635429712,0.0,0.0,0.8918782898356871,93.07649781257827,1.5512749635429712,1.052508651744508,0.6666666666666666,0.65,2.7233742976713735,0.2,2.9181452079298817,1.3770864413828214,7.0585562604040755,6.820734845508722,0.059916789274548486,93.07649781257827,79.35988619226833,26.834606327580644,0.2836042735995228,25.596723346525803,1.5512749635429712,1.7136699488676104,1.002261323053393,1.5512749635429712,0.0,0.8918782898356871,1.5512749635429712,1.052508651744508,2.7233742976713735,0.2,2.9181452079298817,1.3770864413828214,7.0585562604040755,6.820734845508722,0.059916789274548486,93.07649781257827,79.35988619226833,26.834606327580644,0.2836042735995228,0.6666666666666666,0.65,6.7165,53.02250297596965,23.21617945811266,Wh,23.21617945811266,Wh
145,4597814533265222b338e51fe9353b43,DatepartRegression,"{""regression_model"": {""model"": ""ElasticNet"", ""model_params"": {""l1_ratio"": 0.1, ""fit_intercept"": true, ""selection"": ""cyclic"", ""max_iter"": 1000}}, ""datepart_method"": ""anchored_warped_fourier:us_school"", ""polynomial_degree"": null, ""holiday_countries_used"": true, ""lags"": null, ""forward_lags"": null, ""regression_type"": null}","{""fillna"": ""linear"", ""transformations"": {}, ""transformation_params"": {}}",0,1,23.863045851538985,1.4349765295345518,1.6754113245755187,0.9977581900985858,1.4349765295345518,0.0,0.0,0.8147930161845215,86.0985917720731,1.4349765295345518,1.0524076802746212,0.7,0.5833333333333334,2.798968017101288,0.2,2.8667854194915847,1.2315716296670696,7.199238488732831,6.643662888793155,0.03173701802361597,86.0985917720731,64.36780747323063,28.709809637326487,0.26234258004237915,23.863045851538985,1.4349765295345518,1.6754113245755187,0.9977581900985858,1.4349765295345518,0.0,0.8147930161845215,1.4349765295345518,1.0524076802746212,2.798968017101288,0.2,2.8667854194915847,1.2315716296670696,7.199238488732831,6.643662888793155,0.03173701802361597,86.0985917720731,64.36780747323063,28.709809637326487,0.26234258004237915,0.7,0.5833333333333334,1.4386,50.76058161915116,21.47567221207913,Wh,21.47567221207913,Wh
146,86b1ef4d573c65081395046514261a63,RollingRegression,"{""regression_model"": {""model"": ""RadiusNeighbors"", ""model_params"": {""radius"": 5.0, ""weights"": ""uniform"", ""algorithm"": ""auto"", ""leaf_size"": 20, ""p"": 1.5, ""metric"": ""minkowski""}}, ""holiday"": false, ""mean_rolling_periods"": null, ""macd_periods"": null, ""std_rolling_periods"": 30, ""max_rolling_periods"": 364, ""min_rolling_periods"": 28, ""ewm_var_alpha"": null, ""quantile90_rolling_periods"": null, ""quantile10_rolling_periods"": null, ""ewm_alpha"": null, ""additional_lag_periods"": 2, ""abs_energy"": false, ""rolling_autocorr_periods"": null, ""nonzero_last_n"": null, ""add_date_part"": null, ""polynomial_degree"": null, ""x_transform"": ""RmZeroVariance"", ""regression_type"": null}","{""fillna"": ""linear"", ""transformations"": {""0"": ""Scaler""}, ""transformation_params"": {""0"": {}}}",0,1,23.927300282401397,1.4325831836472769,1.60575426302086,1.0114004774119028,1.4325831836472769,0.0,0.0,0.8395366046376359,85.95499101883661,1.4325831836472769,0.9861717513233196,0.7,0.55,2.5870276370713876,0.2,2.7929744395316516,1.2613568730546298,6.576017868861395,5.928258217323815,0.009330918469791397,85.95499101883661,72.4039778670805,28.74171367056683,0.2619050282622081,23.927300282401397,1.4325831836472769,1.60575426302086,1.0114004774119028,1.4325831836472769,0.0,0.8395366046376359,1.4325831836472769,0.9861717513233196,2.5870276370713876,0.2,2.7929744395316516,1.2613568730546298,6.576017868861395,5.928258217323815,0.009330918469791397,85.95499101883661,72.4039778670805,28.74171367056683,0.2619050282622081,0.7,0.55,1.202,49.52114198954733,21.439853708635095,Wh,21.439853708635095,Wh
147,c0f84648888a1981975912676adc6a9b,ARIMA,"{""p"": 0, ""d"": 3, ""q"": 12, ""regression_type"": null}","{""fillna"": ""linear"", ""transformations"": {""0"": ""Scaler"", ""1"": ""Scaler""}, ""transformation_params"": {""0"": {}, ""1"": {}}}",0,1,20.976197148087667,1.2370080145361158,1.4929223394833548,1.0104415857373201,1.2370080145361158,0.0,-4.042887399221728,0.7387684012532016,70.17759347294522,1.227896289779149,1.1697981719248491,1.0,0.45,2.770062065592402,0.23333333333333334,2.632658544297308,1.0224339639891307,6.549958839142127,5.635993201464158,0.01845980667775737,66.13470607372349,38.38444583791548,26.71663172650499,0.20151258068953276,20.976197148087667,1.2370080145361158,1.4929223394833548,1.0104415857373201,1.2370080145361158,0.0,0.7387684012532016,1.227896289779149,1.1697981719248491,2.770062065592402,0.23333333333333334,2.632658544297308,1.0224339639891307,6.549958839142127,5.635993201464158,0.01845980667775737,66.13470607372349,38.38444583791548,26.71663172650499,0.20151258068953276,1.0,0.45,1.5863,48.432663088409754,18.512901150034306,Wh,18.512901150034306,Wh
148,9b7cabe5372b3180387ad88b9e444fed,ARIMA,"{""p"": 4, ""d"": 1, ""q"": 0, ""regression_type"": ""Holiday""}","{""fillna"": ""ffill"", ""transformations"": {""0"": null}, ""transformation_params"": {""0"": {}}}",0,1,15.552194065902789,0.8703070801993372,1.029469380525049,1.0771764438942697,0.8703070801993372,0.0,-5.101461405133569,0.5981523187226069,47.116963406826656,0.8540077346232041,1.5063125357492302,1.0,0.5833333333333334,1.9017091439493585,0.8,1.7486063228624604,0.720889140521155,3.982278385131754,3.4410479339877442,0.15795708641926604,42.01550200169309,28.031368782288574,23.67033601288674,0.12802131800342811,15.552194065902789,0.8703070801993372,1.029469380525049,1.0771764438942697,0.8703070801993372,0.0,0.5981523187226069,0.8540077346232041,1.5063125357492302,1.9017091439493585,0.8,1.7486063228624604,0.720889140521155,3.982278385131754,3.4410479339877442,0.15795708641926604,42.01550200169309,28.031368782288574,23.67033601288674,0.12802131800342811,1.0,0.5833333333333334,0.3448,45.86621653857366,13.024902633268187,Wh,13.024902633268187,Wh
149,e3a199fb602d19743817e5909d5bcaff,RollingRegression,"{""regression_model"": {""model"": ""ExtraTrees"", ""model_params"": {""n_estimators"": 100, ""min_samples_leaf"": 2, ""min_samples_split"": 2, ""max_depth"": null, ""criterion"": ""squared_error"", ""max_features"": 1}}, ""holiday"": false, ""mean_rolling_periods"": 7, ""macd_periods"": null, ""std_rolling_periods"": 30, ""max_rolling_periods"": null, ""min_rolling_periods"": null, ""ewm_var_alpha"": null, ""quantile90_rolling_periods"": null, ""quantile10_rolling_periods"": null, ""ewm_alpha"": null, ""additional_lag_periods"": 27, ""abs_energy"": false, ""rolling_autocorr_periods"": null, ""nonzero_last_n"": null, ""add_date_part"": null, ""polynomial_degree"": null, ""x_transform"": null, ""regression_type"": null}","{""fillna"": ""rolling_mean_24"", ""transformations"": {""0"": ""Scaler"", ""1"": ""Scaler""}, ""transformation_params"": {""0"": {}, ""1"": {}}}",0,1,21.68452136818959,1.2772275750519324,1.4488236384586142,1.0111602790436602,1.2772275750519324,0.0,0.0,0.7732062371645381,76.63365450311595,1.2772275750519324,0.8958615168178098,0.7166666666666667,0.55,2.406037020653935,0.2,2.6151545412230024,1.1143338161284402,5.800239978181019,4.608073310516791,0.028053276607322892,76.63365450311595,65.09528053786698,27.816075063082234,0.23350289739517824,21.68452136818959,1.2772275750519324,1.4488236384586142,1.0111602790436602,1.2772275750519324,0.0,0.7732062371645381,1.2772275750519324,0.8958615168178098,2.406037020653935,0.2,2.6151545412230024,1.1143338161284402,5.800239978181019,4.608073310516791,0.028053276607322892,76.63365450311595,65.09528053786698,27.816075063082234,0.23350289739517824,0.7166666666666667,0.55,1.9339,44.7893894813541,19.114821864676042,Wh,19.114821864676042,Wh
150,076456d1d98a035924fb0803e8638216,RollingRegression,"{""regression_model"": {""model"": ""HistGradientBoost"", ""model_params"": {""loss"": ""squared_error"", ""learning_rate"": 0.01, ""max_depth"": null, ""min_samples_leaf"": 30, ""max_iter"": 100, ""l2_regularization"": 0}}, ""holiday"": true, ""mean_rolling_periods"": 30, ""macd_periods"": 364, ""std_rolling_periods"": null, ""max_rolling_periods"": 4, ""min_rolling_periods"": null, ""ewm_var_alpha"": null, ""quantile90_rolling_periods"": null, ""quantile10_rolling_periods"": null, ""ewm_alpha"": null, ""additional_lag_periods"": 6, ""abs_energy"": false, ""rolling_autocorr_periods"": null, ""nonzero_last_n"": null, ""add_date_part"": null, ""polynomial_degree"": null, ""x_transform"": null, ""regression_type"": null}","{""fillna"": ""linear"", ""transformations"": {""0"": ""Scaler""}, ""transformation_params"": {""0"": {}}}",0,1,20.095001705285146,1.1733474826314076,1.4295992073366173,0.9947202432338671,1.1733474826314076,0.0,-0.9753879372259355,0.6952985794749029,69.42546102065853,1.1725058586991117,0.906388406206204,0.75,0.5666666666666667,2.439621081793402,0.2,2.583389405194134,0.9738832506221666,6.058469015032968,4.751120839208263,0.0410240818234005,68.45007308343259,47.46849752558403,28.48456696410721,0.20856750856431264,20.095001705285146,1.1733474826314076,1.4295992073366173,0.9947202432338671,1.1733474826314076,0.0,0.6952985794749029,1.1725058586991117,0.906388406206204,2.439621081793402,0.2,2.583389405194134,0.9738832506221666,6.058469015032968,4.751120839208263,0.0410240818234005,68.45007308343259,47.46849752558403,28.48456696410721,0.20856750856431264,0.75,0.5666666666666667,9.1333,42.92915937071264,17.560165904618433,Wh,17.560165904618433,Wh
151,47da3d51886b4f6405d8e87ff0102daa,RollingRegression,"{""regression_model"": {""model"": ""ExtraTrees"", ""model_params"": {""n_estimators"": 100, ""min_samples_leaf"": 1, ""max_depth"": 10}}, ""holiday"": false, ""mean_rolling_periods"": 7, ""macd_periods"": 17, ""std_rolling_periods"": 30, ""max_rolling_periods"": null, ""min_rolling_periods"": 364, ""ewm_var_alpha"": null, ""quantile90_rolling_periods"": null, ""quantile10_rolling_periods"": null, ""ewm_alpha"": null, ""additional_lag_periods"": 11, ""abs_energy"": false, ""rolling_autocorr_periods"": null, ""nonzero_last_n"": null, ""add_date_part"": ""simple"", ""polynomial_degree"": null, ""x_transform"": null, ""regression_type"": null}","{""fillna"": ""ffill"", ""transformations"": {""0"": ""Scaler"", ""1"": ""Scaler"", ""2"": ""Scaler""}, ""transformation_params"": {""0"": {}, ""1"": {}, ""2"": {}}}",0,1,18.574087249997792,1.0874122596157485,1.3815703393206,1.06657887154702,1.0874122596157485,0.0,-4.442242321656122,0.6680432514012016,60.80249325528878,1.0757204861756897,0.9615323066668618,0.8166666666666667,0.48333333333333334,3.161189113575788,0.6166666666666667,2.2882781971572053,0.810848924841632,6.037047647844062,5.323871154056158,0.14105308234292993,56.360250933632656,29.680965429972733,24.728099100289807,0.1717297964745688,18.574087249997792,1.0874122596157485,1.3815703393206,1.06657887154702,1.0874122596157485,0.0,0.6680432514012016,1.0757204861756897,0.9615323066668618,3.161189113575788,0.6166666666666667,2.2882781971572053,0.810848924841632,6.037047647844062,5.323871154056158,0.14105308234292993,56.360250933632656,29.680965429972733,24.728099100289807,0.1717297964745688,0.8166666666666667,0.48333333333333334,1.9898,41.8430602689459,16.27407052746629,Wh,16.27407052746629,Wh
152,ab5dc0cc62b2ed42fa224678f16f6aaa,RollingRegression,"{""regression_model"": {""model"": ""ExtraTrees"", ""model_params"": {""n_estimators"": 100, ""min_samples_leaf"": 1, ""max_depth"": 10}}, ""holiday"": false, ""mean_rolling_periods"": null, ""macd_periods"": null, ""std_rolling_periods"": null, ""max_rolling_periods"": null, ""min_rolling_periods"": 28, ""ewm_var_alpha"": null, ""quantile90_rolling_periods"": null, ""quantile10_rolling_periods"": null, ""ewm_alpha"": null, ""additional_lag_periods"": 27, ""abs_energy"": false, ""rolling_autocorr_periods"": null, ""nonzero_last_n"": null, ""add_date_part"": ""recurring"", ""polynomial_degree"": null, ""x_transform"": null, ""regression_type"": null}","{""fillna"": ""linear"", ""transformations"": {""0"": ""Scaler"", ""1"": ""Scaler""}, ""transformation_params"": {""0"": {}, ""1"": {}}}",0,1,17.681039396967012,1.0299141011503454,1.3103870280908059,1.144790860529896,1.0299141011503454,0.0,-7.458540617602897,0.6590572960871086,54.33630545141783,1.0072310541730913,0.9412721405548382,0.8666666666666667,0.5,3.3836775445938105,0.65,2.2170849747281087,0.7570665990040716,5.550192310168275,5.000129311199129,0.26849919457093796,46.87776483381493,21.72619609037913,19.992375992828983,0.14283664250489986,17.681039396967012,1.0299141011503454,1.3103870280908059,1.144790860529896,1.0299141011503454,0.0,0.6590572960871086,1.0072310541730913,0.9412721405548382,3.3836775445938105,0.65,2.2170849747281087,0.7570665990040716,5.550192310168275,5.000129311199129,0.26849919457093796,46.87776483381493,21.72619609037913,19.992375992828983,0.14283664250489986,0.8666666666666667,0.5,1.9384,40.16716882316657,15.413560561911869,Wh,15.413560561911869,Wh
153,d7db78f0ed35a5295110ff4c8e5211a7,RollingRegression,"{""regression_model"": {""model"": ""DecisionTree"", ""model_params"": {""max_depth"": null, ""min_samples_split"": 1.0}}, ""holiday"": false, ""mean_rolling_periods"": null, ""macd_periods"": null, ""std_rolling_periods"": 30, ""max_rolling_periods"": null, ""min_rolling_periods"": 7, ""ewm_var_alpha"": null, ""quantile90_rolling_periods"": null, ""quantile10_rolling_periods"": null, ""ewm_alpha"": null, ""additional_lag_periods"": 27, ""abs_energy"": false, ""rolling_autocorr_periods"": 7, ""nonzero_last_n"": null, ""add_date_part"": ""simple_2"", ""polynomial_degree"": null, ""x_transform"": null, ""regression_type"": null}","{""fillna"": ""linear"", ""transformations"": {""0"": ""Scaler"", ""1"": ""Scaler"", ""2"": ""Scaler""}, ""transformation_params"": {""0"": {}, ""1"": {}, ""2"": {}}}",0,1,18.639278146513906,1.0715158479554316,1.2901404312204137,0.999340321691717,1.0715158479554316,0.0,-0.16790039766402387,0.6595578048244854,64.12305047966188,1.0714233339045587,0.8302024982290159,0.8,0.5666666666666667,2.222516591586764,0.2,2.4316580888151536,0.9009923764637542,5.149665571845724,3.650330432735015,0.0030579728903035535,63.95515008199786,50.13812855722244,29.441326785814606,0.19487146925614465,18.639278146513906,1.0715158479554316,1.2901404312204137,0.999340321691717,1.0715158479554316,0.0,0.6595578048244854,1.0714233339045587,0.8302024982290159,2.222516591586764,0.2,2.4316580888151536,0.9009923764637542,5.149665571845724,3.650330432735015,0.0030579728903035535,63.95515008199786,50.13812855722244,29.441326785814606,0.19487146925614465,0.8,0.5666666666666667,4.5216,39.48728119304945,16.03616689689195,Wh,16.03616689689195,Wh
154,6c66c89cabc78d480afc44a38f676314,RollingRegression,"{""regression_model"": {""model"": ""ExtraTrees"", ""model_params"": {""n_estimators"": 100, ""min_samples_leaf"": 1, ""max_depth"": 10}}, ""holiday"": false, ""mean_rolling_periods"": 5, ""macd_periods"": null, ""std_rolling_periods"": null, ""max_rolling_periods"": null, ""min_rolling_periods"": null, ""ewm_var_alpha"": null, ""quantile90_rolling_periods"": null, ""quantile10_rolling_periods"": null, ""ewm_alpha"": null, ""additional_lag_periods"": 27, ""abs_energy"": false, ""rolling_autocorr_periods"": 7, ""nonzero_last_n"": null, ""add_date_part"": null, ""polynomial_degree"": null, ""x_transform"": null, ""regression_type"": null}","{""fillna"": ""ffill"", ""transformations"": {""0"": ""Scaler"", ""1"": ""Scaler""}, ""transformation_params"": {""0"": {}, ""1"": {}}}",0,1,18.163457419992913,1.048744032317312,1.2720507455037569,1.2472035098332446,1.048744032317312,0.0,-6.093900432775478,0.6751953471585498,56.83074150626325,1.0292463855526985,0.8653860249956719,0.85,0.36666666666666664,2.764863421204865,0.48333333333333334,2.253201891573179,0.840826545076414,5.362911734390887,4.1421475195205115,0.31297271338267474,50.73684107348777,29.053894627226963,15.90443743429006,0.15459525546777061,18.163457419992913,1.048744032317312,1.2720507455037569,1.2472035098332446,1.048744032317312,0.0,0.6751953471585498,1.0292463855526985,0.8653860249956719,2.764863421204865,0.48333333333333334,2.253201891573179,0.840826545076414,5.362911734390887,4.1421475195205115,0.31297271338267474,50.73684107348777,29.053894627226963,15.90443743429006,0.15459525546777061,0.85,0.36666666666666664,5.7656,39.337743982723346,15.69536686410202,Wh,15.69536686410202,Wh
155,532e86ef3ad40449ef7d782f910fac54,ARIMA,"{""p"": 7, ""d"": 1, ""q"": 0, ""regression_type"": null}","{""fillna"": ""cubic"", ""transformations"": {""0"": null}, ""transformation_params"": {""0"": {}}}",0,1,14.034602627167141,0.7763145105592659,0.9158327888967247,1.019742478657161,0.7763145105592659,0.0,-6.790908798780202,0.5572441882308409,39.78796183477575,0.755965979971223,1.22199439645138,1.0,0.55,1.7113561899435092,0.8,1.685273039653236,0.6439739866709283,3.5044348940393752,2.1744709926842165,0.02386288500113181,32.99705303599555,19.29095061825852,28.076363304704763,0.10054208610257573,14.034602627167141,0.7763145105592659,0.9158327888967247,1.019742478657161,0.7763145105592659,0.0,0.5572441882308409,0.755965979971223,1.22199439645138,1.7113561899435092,0.8,1.685273039653236,0.6439739866709283,3.5044348940393752,2.1744709926842165,0.02386288500113181,32.99705303599555,19.29095061825852,28.076363304704763,0.10054208610257573,1.0,0.55,0.1035,39.00035388684589,11.618222053889006,Wh,11.618222053889006,Wh
156,f35b128a207ce709972c167568d19770,RollingRegression,"{""regression_model"": {""model"": ""ExtraTrees"", ""model_params"": {""n_estimators"": 100, ""min_samples_leaf"": 1, ""max_depth"": 10}}, ""holiday"": false, ""mean_rolling_periods"": null, ""macd_periods"": null, ""std_rolling_periods"": null, ""max_rolling_periods"": 420, ""min_rolling_periods"": 7, ""ewm_var_alpha"": null, ""quantile90_rolling_periods"": null, ""quantile10_rolling_periods"": null, ""ewm_alpha"": null, ""additional_lag_periods"": 363, ""abs_energy"": false, ""rolling_autocorr_periods"": null, ""nonzero_last_n"": null, ""add_date_part"": ""expanded"", ""polynomial_degree"": null, ""x_transform"": null, ""regression_type"": null}","{""fillna"": ""ffill_mean_biased"", ""transformations"": {}, ""transformation_params"": {}}",0,1,17.457596169963043,0.9996700100020669,1.2447819257662747,1.448567237170324,0.9996700100020669,0.0,-8.316571129672926,0.6612081539181992,51.66362947045109,0.9616999637553262,0.86255837387762,0.8666666666666667,0.4166666666666667,2.775989556732834,0.6166666666666667,2.13759689394037,0.7873151308580162,5.04476826799915,3.7385423204645836,0.4586664328192486,43.34705834077817,21.797570125445002,11.467570706387052,0.13207857281187055,17.457596169963043,0.9996700100020669,1.2447819257662747,1.448567237170324,0.9996700100020669,0.0,0.6612081539181992,0.9616999637553262,0.86255837387762,2.775989556732834,0.6166666666666667,2.13759689394037,0.7873151308580162,5.04476826799915,3.7385423204645836,0.4586664328192486,43.34705834077817,21.797570125445002,11.467570706387052,0.13207857281187055,0.8666666666666667,0.4166666666666667,6.113,38.32692446697653,14.960931425138915,Wh,14.960931425138915,Wh
157,eca5fee237a5d5049928de8e8acd33fe,RollingRegression,"{""regression_model"": {""model"": ""ExtraTrees"", ""model_params"": {""n_estimators"": 100, ""min_samples_leaf"": 1, ""max_depth"": 10}}, ""holiday"": false, ""mean_rolling_periods"": null, ""macd_periods"": null, ""std_rolling_periods"": null, ""max_rolling_periods"": 420, ""min_rolling_periods"": 7, ""ewm_var_alpha"": null, ""quantile90_rolling_periods"": null, ""quantile10_rolling_periods"": null, ""ewm_alpha"": null, ""additional_lag_periods"": 363, ""abs_energy"": false, ""rolling_autocorr_periods"": null, ""nonzero_last_n"": null, ""add_date_part"": ""expanded"", ""polynomial_degree"": null, ""x_transform"": null, ""regression_type"": null}","{""fillna"": ""ffill"", ""transformations"": {""0"": ""Scaler"", ""1"": ""Scaler""}, ""transformation_params"": {""0"": {}, ""1"": {}}}",0,1,17.457596169963047,0.9996700100020669,1.2447819257662747,1.4485672371703238,0.9996700100020669,0.0,-8.31657112967293,0.6612081539181992,51.66362947045108,0.961699963755326,0.8625583738776199,0.8666666666666667,0.4,2.775989556732834,0.6166666666666667,2.13759689394037,0.7873151308580162,5.044768267999151,3.7385423204645836,0.4586664328192486,43.347058340778155,21.79757012544497,11.467570706387056,0.1320785728118705,17.457596169963047,0.9996700100020669,1.2447819257662747,1.4485672371703238,0.9996700100020669,0.0,0.6612081539181992,0.961699963755326,0.8625583738776199,2.775989556732834,0.6166666666666667,2.13759689394037,0.7873151308580162,5.044768267999151,3.7385423204645836,0.4586664328192486,43.347058340778155,21.79757012544497,11.467570706387056,0.1320785728118705,0.8666666666666667,0.4,2.2441,38.32640882535969,14.960931425138915,Wh,14.960931425138915,Wh
158,960c42e94a9fa99d020c5a556e1ad3c1,RollingRegression,"{""regression_model"": {""model"": ""ExtraTrees"", ""model_params"": {""n_estimators"": 100, ""min_samples_leaf"": 1, ""max_depth"": 10}}, ""holiday"": false, ""mean_rolling_periods"": null, ""macd_periods"": null, ""std_rolling_periods"": null, ""max_rolling_periods"": 420, ""min_rolling_periods"": 7, ""ewm_var_alpha"": null, ""quantile90_rolling_periods"": null, ""quantile10_rolling_periods"": null, ""ewm_alpha"": null, ""additional_lag_periods"": 363, ""abs_energy"": false, ""rolling_autocorr_periods"": null, ""nonzero_last_n"": null, ""add_date_part"": ""expanded"", ""polynomial_degree"": null, ""x_transform"": null, ""regression_type"": null}","{""fillna"": ""akima"", ""transformations"": {""0"": ""Scaler""}, ""transformation_params"": {""0"": {}}}",0,1,17.457596169963047,0.9996700100020669,1.2447819257662747,1.4485672371703238,0.9996700100020669,0.0,-8.316571129672925,0.6612081539181992,51.66362947045109,0.9616999637553262,0.8625583738776199,0.8666666666666667,0.43333333333333335,2.775989556732834,0.6166666666666667,2.1375968939403704,0.7873151308580163,5.044768267999151,3.7385423204645845,0.4586664328192486,43.34705834077817,21.797570125445002,11.467570706387043,0.13207857281187055,17.457596169963047,0.9996700100020669,1.2447819257662747,1.4485672371703238,0.9996700100020669,0.0,0.6612081539181992,0.9616999637553262,0.8625583738776199,2.775989556732834,0.6166666666666667,2.1375968939403704,0.7873151308580163,5.044768267999151,3.7385423204645845,0.4586664328192486,43.34705834077817,21.797570125445002,11.467570706387043,0.13207857281187055,0.8666666666666667,0.43333333333333335,2.2279,38.3256109414058,14.960931425138915,Wh,14.960931425138915,Wh
159,b34e1013c8db778d4023807eb03a85bb,RollingRegression,"{""regression_model"": {""model"": ""ExtraTrees"", ""model_params"": {""n_estimators"": 100, ""min_samples_leaf"": 1, ""max_depth"": 10}}, ""holiday"": false, ""mean_rolling_periods"": null, ""macd_periods"": null, ""std_rolling_periods"": null, ""max_rolling_periods"": 28, ""min_rolling_periods"": 57, ""ewm_var_alpha"": null, ""quantile90_rolling_periods"": null, ""quantile10_rolling_periods"": null, ""ewm_alpha"": null, ""additional_lag_periods"": 363, ""abs_energy"": false, ""rolling_autocorr_periods"": null, ""nonzero_last_n"": null, ""add_date_part"": ""expanded"", ""polynomial_degree"": null, ""x_transform"": null, ""regression_type"": null}","{""fillna"": ""cubic"", ""transformations"": {""0"": null}, ""transformation_params"": {""0"": {}}}",0,1,17.300661860336863,0.9864552957893544,1.2075469831653276,1.3736532463100082,0.9864552957893544,0.0,-7.984542615585398,0.6586657748180237,51.202775131775866,0.953133457447435,0.8519780607961521,0.9,0.4,2.786150259720622,0.6166666666666667,2.0990092718893067,0.78377354397008,4.886095769220101,3.4972302349807625,0.41751002445010005,43.21823251619047,22.85261543510619,14.153503137296275,0.13168604026862182,17.300661860336863,0.9864552957893544,1.2075469831653276,1.3736532463100082,0.9864552957893544,0.0,0.6586657748180237,0.953133457447435,0.8519780607961521,2.786150259720622,0.6166666666666667,2.0990092718893067,0.78377354397008,4.886095769220101,3.4972302349807625,0.41751002445010005,43.21823251619047,22.85261543510619,14.153503137296275,0.13168604026862182,0.9,0.4,2.2193,37.81802962391084,14.763161729978416,Wh,14.763161729978416,Wh
160,fe373b9d9f717936c2efeb5b56f68c2b,RollingRegression,"{""regression_model"": {""model"": ""ExtraTrees"", ""model_params"": {""n_estimators"": 100, ""min_samples_leaf"": 1, ""max_depth"": 10}}, ""holiday"": false, ""mean_rolling_periods"": 12, ""macd_periods"": 2, ""std_rolling_periods"": 10, ""max_rolling_periods"": 24, ""min_rolling_periods"": 28, ""ewm_var_alpha"": null, ""quantile90_rolling_periods"": null, ""quantile10_rolling_periods"": null, ""ewm_alpha"": null, ""additional_lag_periods"": 363, ""abs_energy"": false, ""rolling_autocorr_periods"": null, ""nonzero_last_n"": null, ""add_date_part"": ""expanded"", ""polynomial_degree"": null, ""x_transform"": null, ""regression_type"": null}","{""fillna"": ""linear"", ""transformations"": {""0"": ""Scaler"", ""1"": ""Scaler""}, ""transformation_params"": {""0"": {}, ""1"": {}}}",0,1,16.341166163672952,0.9340867222996059,1.184516295853413,1.3154014627268076,0.9340867222996059,0.0,-8.874109191585866,0.6292681611105624,47.17109414639049,0.8977910616048476,0.8730754142643592,0.9,0.4666666666666667,2.8694408360630224,0.6333333333333333,2.092562463209661,0.7063530164697897,4.826840962321634,3.6394178908080725,0.41934273533242467,38.29698495480462,17.25915973722326,14.64723598934876,0.11669098917999304,16.341166163672952,0.9340867222996059,1.184516295853413,1.3154014627268076,0.9340867222996059,0.0,0.6292681611105624,0.8977910616048476,0.8730754142643592,2.8694408360630224,0.6333333333333333,2.092562463209661,0.7063530164697897,4.826840962321634,3.6394178908080725,0.41934273533242467,38.29698495480462,17.25915973722326,14.64723598934876,0.11669098917999304,0.9,0.4666666666666667,2.2861,36.985729315634785,13.97942046638799,Wh,13.97942046638799,Wh
161,617ab632f6b52476772d38a2fb491cd3,RollingRegression,"{""regression_model"": {""model"": ""ExtraTrees"", ""model_params"": {""n_estimators"": 100, ""min_samples_leaf"": 1, ""max_depth"": 10}}, ""holiday"": false, ""mean_rolling_periods"": 12, ""macd_periods"": 2, ""std_rolling_periods"": 10, ""max_rolling_periods"": 24, ""min_rolling_periods"": 7, ""ewm_var_alpha"": null, ""quantile90_rolling_periods"": null, ""quantile10_rolling_periods"": null, ""ewm_alpha"": null, ""additional_lag_periods"": 363, ""abs_energy"": false, ""rolling_autocorr_periods"": null, ""nonzero_last_n"": null, ""add_date_part"": ""expanded"", ""polynomial_degree"": null, ""x_transform"": null, ""regression_type"": null}","{""fillna"": ""ffill"", ""transformations"": {""0"": ""Scaler""}, ""transformation_params"": {""0"": {}}}",0,1,16.18496913335312,0.9231469174407453,1.1617985575467162,1.3262541723887722,0.9231469174407453,0.0,-9.246414556134901,0.6282075224417629,46.14240049030981,0.8859957320449664,0.8653721287827102,0.8833333333333333,0.4666666666666667,2.797703875553843,0.6333333333333333,2.0716877564501495,0.6997466334115467,4.7187630756926415,3.417959928276218,0.41001872610758106,36.89598593417492,16.569495181688442,14.641676453107827,0.11242214238303465,16.18496913335312,0.9231469174407453,1.1617985575467162,1.3262541723887722,0.9231469174407453,0.0,0.6282075224417629,0.8859957320449664,0.8653721287827102,2.797703875553843,0.6333333333333333,2.0716877564501495,0.6997466334115467,4.7187630756926415,3.417959928276218,0.41001872610758106,36.89598593417492,16.569495181688442,14.641676453107827,0.11242214238303465,0.8833333333333333,0.4666666666666667,2.3276,36.58643976365667,13.815696768907582,Wh,13.815696768907582,Wh
162,9dc0724a2cee492a17b8e20034a82c01,RollingRegression,"{""regression_model"": {""model"": ""ExtraTrees"", ""model_params"": {""n_estimators"": 100, ""min_samples_leaf"": 1, ""max_depth"": 10}}, ""holiday"": false, ""mean_rolling_periods"": null, ""macd_periods"": null, ""std_rolling_periods"": 30, ""max_rolling_periods"": 28, ""min_rolling_periods"": 28, ""ewm_var_alpha"": null, ""quantile90_rolling_periods"": null, ""quantile10_rolling_periods"": null, ""ewm_alpha"": null, ""additional_lag_periods"": 27, ""abs_energy"": false, ""rolling_autocorr_periods"": null, ""nonzero_last_n"": null, ""add_date_part"": null, ""polynomial_degree"": null, ""x_transform"": null, ""regression_type"": null}","{""fillna"": ""linear"", ""transformations"": {""0"": ""Scaler""}, ""transformation_params"": {""0"": {}}}",0,1,17.105437959736562,0.970280754900541,1.147633631215222,1.025099154999049,0.970280754900541,0.0,-4.959446569826741,0.6408001587248423,53.25739872420572,0.9574229426299926,0.8030431122255901,0.9333333333333333,0.5,2.136349122524262,0.3,2.2014747950898554,0.8062359161664062,4.646344126440206,2.912108049400912,0.09854958684696556,48.29795215437897,30.423474345996304,24.736412759642146,0.14716395608984856,17.105437959736562,0.970280754900541,1.147633631215222,1.025099154999049,0.970280754900541,0.0,0.6408001587248423,0.9574229426299926,0.8030431122255901,2.136349122524262,0.3,2.2014747950898554,0.8062359161664062,4.646344126440206,2.912108049400912,0.09854958684696556,48.29795215437897,30.423474345996304,24.736412759642146,0.14716395608984856,0.9333333333333333,0.5,1.8716,36.576873923479454,14.521095653523705,Wh,14.521095653523705,Wh
163,076d2195ee0358da4aa597358ead8c69,RollingRegression,"{""regression_model"": {""model"": ""ExtraTrees"", ""model_params"": {""n_estimators"": 100, ""min_samples_leaf"": 1, ""max_depth"": 10}}, ""holiday"": false, ""mean_rolling_periods"": null, ""macd_periods"": null, ""std_rolling_periods"": null, ""max_rolling_periods"": 28, ""min_rolling_periods"": 57, ""ewm_var_alpha"": null, ""quantile90_rolling_periods"": null, ""quantile10_rolling_periods"": null, ""ewm_alpha"": null, ""additional_lag_periods"": 90, ""abs_energy"": false, ""rolling_autocorr_periods"": null, ""nonzero_last_n"": null, ""add_date_part"": null, ""polynomial_degree"": null, ""x_transform"": null, ""regression_type"": null}","{""fillna"": ""ffill"", ""transformations"": {""0"": ""Scaler"", ""1"": ""Scaler""}, ""transformation_params"": {""0"": {}, ""1"": {}}}",0,1,17.132593313685042,0.970223656220128,1.142836928943123,1.0711673849869119,0.970223656220128,0.0,-5.182243968245867,0.6440599532882079,53.03117540496182,0.9552658266089998,0.7953035802839755,0.95,0.45,1.9925801183369574,0.5666666666666667,2.029649078584679,0.8101600126976839,4.524816815938331,3.3965242047396753,0.23770528035782973,47.84893143671595,30.81760312545239,19.82568380425797,0.14579578907178584,17.132593313685042,0.970223656220128,1.142836928943123,1.0711673849869119,0.970223656220128,0.0,0.6440599532882079,0.9552658266089998,0.7953035802839755,1.9925801183369574,0.5666666666666667,2.029649078584679,0.8101600126976839,4.524816815938331,3.3965242047396753,0.23770528035782973,47.84893143671595,30.81760312545239,19.82568380425797,0.14579578907178584,0.95,0.45,5.7429,36.462754758990194,14.520241122094754,Wh,14.520241122094754,Wh
164,db282f7177dc0054aeb6b3865f556b69,RollingRegression,"{""regression_model"": {""model"": ""ExtraTrees"", ""model_params"": {""n_estimators"": 100, ""min_samples_leaf"": 1, ""max_depth"": 10}}, ""holiday"": true, ""mean_rolling_periods"": null, ""macd_periods"": null, ""std_rolling_periods"": null, ""max_rolling_periods"": 28, ""min_rolling_periods"": 57, ""ewm_var_alpha"": null, ""quantile90_rolling_periods"": null, ""quantile10_rolling_periods"": null, ""ewm_alpha"": null, ""additional_lag_periods"": 90, ""abs_energy"": false, ""rolling_autocorr_periods"": null, ""nonzero_last_n"": null, ""add_date_part"": null, ""polynomial_degree"": null, ""x_transform"": null, ""regression_type"": null}","{""fillna"": ""ffill_mean_biased"", ""transformations"": {""0"": ""Scaler""}, ""transformation_params"": {""0"": {}}}",0,1,17.26374367302352,0.9757930458915395,1.115228087004495,1.062516662995864,0.9757930458915395,0.0,-8.702851592539359,0.677039023512764,49.84473116095301,0.9417186744537862,0.7941008796488185,0.9666666666666667,0.48333333333333334,2.1083023925545623,0.5333333333333333,2.0171821105246863,0.8217257234580404,4.418058782696688,4.172620346682533,0.2245537530641531,41.14187956841365,25.528128015992703,20.41916508268992,0.1253593887150124,17.26374367302352,0.9757930458915395,1.115228087004495,1.062516662995864,0.9757930458915395,0.0,0.677039023512764,0.9417186744537862,0.7941008796488185,2.1083023925545623,0.5333333333333333,2.0171821105246863,0.8217257234580404,4.418058782696688,4.172620346682533,0.2245537530641531,41.14187956841365,25.528128015992703,20.41916508268992,0.1253593887150124,0.9666666666666667,0.48333333333333334,8.8011,36.41936800218728,14.603591883966358,Wh,14.603591883966358,Wh
165,a7d754ef08e350de6e3f57140b4540af,RollingRegression,"{""regression_model"": {""model"": ""ExtraTrees"", ""model_params"": {""n_estimators"": 100, ""min_samples_leaf"": 1, ""max_depth"": 10}}, ""holiday"": false, ""mean_rolling_periods"": null, ""macd_periods"": null, ""std_rolling_periods"": null, ""max_rolling_periods"": null, ""min_rolling_periods"": 28, ""ewm_var_alpha"": null, ""quantile90_rolling_periods"": null, ""quantile10_rolling_periods"": null, ""ewm_alpha"": null, ""additional_lag_periods"": 27, ""abs_energy"": false, ""rolling_autocorr_periods"": null, ""nonzero_last_n"": null, ""add_date_part"": null, ""polynomial_degree"": null, ""x_transform"": null, ""regression_type"": null}","{""fillna"": ""ffill"", ""transformations"": {""0"": ""Scaler"", ""1"": ""Scaler"", ""2"": ""Scaler""}, ""transformation_params"": {""0"": {}, ""1"": {}, ""2"": {}}}",0,1,16.612816484037943,0.940409855712664,1.1049224078026796,1.251531631081235,0.940409855712664,0.0,-7.0807941252715745,0.6405962422858772,49.343797217488266,0.9184500592647166,0.8113663062568836,0.9,0.55,2.155647051101502,0.5166666666666667,2.069016444747085,0.7624046896566473,4.351550440094738,2.7740668187929356,0.4527196617955533,42.263003092216685,25.185367305635662,14.356506865035762,0.12877545431756376,16.612816484037943,0.940409855712664,1.1049224078026796,1.251531631081235,0.940409855712664,0.0,0.6405962422858772,0.9184500592647166,0.8113663062568836,2.155647051101502,0.5166666666666667,2.069016444747085,0.7624046896566473,4.351550440094738,2.7740668187929356,0.4527196617955533,42.263003092216685,25.185367305635662,14.356506865035762,0.12877545431756376,0.9,0.55,1.868,35.97880218387887,14.074051659119851,Wh,14.074051659119851,Wh
166,0b6914b6a833dfca02d1b1a47a2136c4,RollingRegression,"{""regression_model"": {""model"": ""HistGradientBoost"", ""model_params"": {""loss"": ""squared_error"", ""learning_rate"": 1, ""max_depth"": 10, ""min_samples_leaf"": 30, ""max_iter"": 100, ""l2_regularization"": 0.01}}, ""holiday"": false, ""mean_rolling_periods"": 7, ""macd_periods"": 24, ""std_rolling_periods"": 5, ""max_rolling_periods"": null, ""min_rolling_periods"": 28, ""ewm_var_alpha"": null, ""quantile90_rolling_periods"": null, ""quantile10_rolling_periods"": null, ""ewm_alpha"": null, ""additional_lag_periods"": 27, ""abs_energy"": false, ""rolling_autocorr_periods"": null, ""nonzero_last_n"": null, ""add_date_part"": null, ""polynomial_degree"": null, ""x_transform"": null, ""regression_type"": null}","{""fillna"": ""fake_date"", ""transformations"": {""0"": ""Scaler"", ""1"": ""Scaler"", ""2"": ""Scaler""}, ""transformation_params"": {""0"": {}, ""1"": {}, ""2"": {}}}",0,1,16.51200007572352,0.941074260911179,1.1270457349018348,1.2927886261573198,0.941074260911179,0.0,-8.098382631741641,0.6432176556002255,48.36607302292909,0.9072836904308726,0.8111790071468028,0.9166666666666666,0.6,2.1885019151759835,0.48333333333333334,2.1194489933091067,0.7673674341485941,4.477817900330267,3.285523934226709,0.577851569253889,40.26769039118746,22.520486477443797,2.0572889823938483,0.1226957325566659,16.51200007572352,0.941074260911179,1.1270457349018348,1.2927886261573198,0.941074260911179,0.0,0.6432176556002255,0.9072836904308726,0.8111790071468028,2.1885019151759835,0.48333333333333334,2.1194489933091067,0.7673674341485941,4.477817900330267,3.285523934226709,0.577851569253889,40.26769039118746,22.520486477443797,2.0572889823938483,0.1226957325566659,0.9166666666666666,0.6,0.7092,35.96425318738792,14.08399506095649,Wh,14.08399506095649,Wh
167,28175444df0cf2313f827b4a642ab2f4,RollingRegression,"{""regression_model"": {""model"": ""RANSAC"", ""model_params"": {}}, ""holiday"": false, ""mean_rolling_periods"": null, ""macd_periods"": null, ""std_rolling_periods"": 5, ""max_rolling_periods"": null, ""min_rolling_periods"": 1440, ""ewm_var_alpha"": null, ""quantile90_rolling_periods"": null, ""quantile10_rolling_periods"": null, ""ewm_alpha"": null, ""additional_lag_periods"": 59, ""abs_energy"": false, ""rolling_autocorr_periods"": null, ""nonzero_last_n"": null, ""add_date_part"": null, ""polynomial_degree"": null, ""x_transform"": null, ""regression_type"": null}","{""fillna"": ""linear"", ""transformations"": {""0"": ""Scaler"", ""1"": ""Scaler""}, ""transformation_params"": {""0"": {}, ""1"": {}}}",0,1,16.5331644409551,0.9339419315398535,1.119463532477582,0.9814438295220168,0.9339419315398535,0.0,-2.0187989456288635,0.6086640970336404,54.01771694676235,0.9306153274204466,0.7924024385112274,0.9666666666666667,0.6,2.00190401571395,0.6,1.9560629444810163,0.7788444134264427,4.451739806947547,2.7334504609556607,0.06773284603419186,51.99891800113349,39.14690101831066,26.40149036035295,0.15844080637163488,16.5331644409551,0.9339419315398535,1.119463532477582,0.9814438295220168,0.9339419315398535,0.0,0.6086640970336404,0.9306153274204466,0.7924024385112274,2.00190401571395,0.6,1.9560629444810163,0.7788444134264427,4.451739806947547,2.7334504609556607,0.06773284603419186,51.99891800113349,39.14690101831066,26.40149036035295,0.15844080637163488,0.9666666666666667,0.6,0.2981,35.72471839184364,13.977253546698515,Wh,13.977253546698515,Wh
168,4078aff4bb3db8febfa3f0af24ede34c,RollingRegression,"{""regression_model"": {""model"": ""ExtraTrees"", ""model_params"": {""n_estimators"": 100, ""min_samples_leaf"": 1, ""max_depth"": 10}}, ""holiday"": false, ""mean_rolling_periods"": null, ""macd_periods"": null, ""std_rolling_periods"": null, ""max_rolling_periods"": 420, ""min_rolling_periods"": null, ""ewm_var_alpha"": null, ""quantile90_rolling_periods"": null, ""quantile10_rolling_periods"": null, ""ewm_alpha"": null, ""additional_lag_periods"": 363, ""abs_energy"": false, ""rolling_autocorr_periods"": null, ""nonzero_last_n"": null, ""add_date_part"": null, ""polynomial_degree"": null, ""x_transform"": null, ""regression_type"": null}","{""fillna"": ""ffill"", ""transformations"": {""0"": ""Scaler"", ""1"": ""Scaler""}, ""transformation_params"": {""0"": {}, ""1"": {}}}",0,1,16.331588611166804,0.920491763906507,1.109543438212336,1.0723139500627683,0.920491763906507,0.0,-2.7267230822204374,0.603131726829203,52.50278275216998,0.9149671734428592,0.7952524796109216,0.95,0.48333333333333334,2.0524399115448935,0.7333333333333333,1.8784550211593605,0.7632157438809763,4.367488832027262,2.960542889684891,0.151047262201379,49.77605966994955,35.53247603909431,23.287724113929386,0.15166775262395857,16.331588611166804,0.920491763906507,1.109543438212336,1.0723139500627683,0.920491763906507,0.0,0.603131726829203,0.9149671734428592,0.7952524796109216,2.0524399115448935,0.7333333333333333,1.8784550211593605,0.7632157438809763,4.367488832027262,2.960542889684891,0.151047262201379,49.77605966994955,35.53247603909431,23.287724113929386,0.15166775262395857,0.95,0.48333333333333334,1.9055,35.48341456798722,13.7759600862508,Wh,13.7759600862508,Wh
169,794346f39a0c030d9d6f17fe596444d8,RollingRegression,"{""regression_model"": {""model"": ""ExtraTrees"", ""model_params"": {""n_estimators"": 100, ""min_samples_leaf"": 1, ""max_depth"": 10}}, ""holiday"": false, ""mean_rolling_periods"": 5, ""macd_periods"": null, ""std_rolling_periods"": 30, ""max_rolling_periods"": 4, ""min_rolling_periods"": 28, ""ewm_var_alpha"": null, ""quantile90_rolling_periods"": null, ""quantile10_rolling_periods"": null, ""ewm_alpha"": null, ""additional_lag_periods"": 6, ""abs_energy"": false, ""rolling_autocorr_periods"": null, ""nonzero_last_n"": null, ""add_date_part"": null, ""polynomial_degree"": null, ""x_transform"": null, ""regression_type"": null}","{""fillna"": ""quadratic"", ""transformations"": {""0"": ""Scaler"", ""1"": ""Scaler"", ""2"": ""Scaler""}, ""transformation_params"": {""0"": {}, ""1"": {}, ""2"": {}}}",0,1,15.686981456291809,0.8787523872167993,1.039525715164924,1.009596785015101,0.8787523872167993,0.0,-5.66019748854694,0.602064213327291,47.06494574446102,0.8621877021853682,0.7888701193456424,0.9666666666666667,0.5333333333333333,1.9085978394893335,0.8,1.7467755802622493,0.7325284807341942,4.114738833884091,2.4422891446385657,0.02697442255687717,41.40474825591408,25.602659849573215,27.46689544420355,0.12616035012764243,15.686981456291809,0.8787523872167993,1.039525715164924,1.009596785015101,0.8787523872167993,0.0,0.602064213327291,0.8621877021853682,0.7888701193456424,1.9085978394893335,0.8,1.7467755802622493,0.7325284807341942,4.114738833884091,2.4422891446385657,0.02697442255687717,41.40474825591408,25.602659849573215,27.46689544420355,0.12616035012764243,0.9666666666666667,0.5333333333333333,1.9,34.2830899455612,13.151294000307631,Wh,13.151294000307631,Wh
170,426d5b7d9a2fec0f54bfdf1ca9b2b3f0,DatepartRegression,"{""regression_model"": {""model"": ""DecisionTree"", ""model_params"": {""max_depth"": null, ""min_samples_split"": 2}}, ""datepart_method"": [52, ""quarter""], ""polynomial_degree"": null, ""holiday_countries_used"": false, ""lags"": 2, ""forward_lags"": 1, ""regression_type"": null}","{""fillna"": ""linear"", ""transformations"": {""0"": ""Scaler"", ""1"": ""Scaler""}, ""transformation_params"": {""0"": {}, ""1"": {}}}",0,4,17.324527000075996,1.0971430173454184,1.4340158878267728,1.1208993881305371,1.0971430173454184,0.0,-72.64084889739752,0.7824965284837491,190.67347526550293,0.9671862027882194,0.5469969805932613,0.9083333333333333,0.525,7.441439941525459,0.5208333333333333,1.8018717632647177,0.799893517704571,4.330547460594539,2.3454342778228177,0.9101620375707498,29.508156592026353,17.082531254987966,8.358268550860782,0.08033351013640774,17.324527000075996,1.0971430173454184,1.4340158878267728,1.1208993881305371,1.0971430173454184,0.0,0.7824965284837491,0.9671862027882194,0.5469969805932613,7.441439941525459,0.5208333333333333,1.8018717632647177,0.799893517704571,4.330547460594539,2.3454342778228177,0.9101620375707498,29.508156592026353,17.082531254987966,8.358268550860782,0.08033351013640774,0.9083333333333333,0.525,0.13285,34.22067575523623,22.95389274474534,Wh,22.95389274474534,Wh
171,bc58665cc28a0a74d4b5c68bd119f12b,RollingRegression,"{""regression_model"": {""model"": ""ExtraTrees"", ""model_params"": {""n_estimators"": 100, ""min_samples_leaf"": 1, ""max_depth"": 10}}, ""holiday"": false, ""mean_rolling_periods"": null, ""macd_periods"": null, ""std_rolling_periods"": null, ""max_rolling_periods"": 4, ""min_rolling_periods"": 28, ""ewm_var_alpha"": null, ""quantile90_rolling_periods"": null, ""quantile10_rolling_periods"": null, ""ewm_alpha"": null, ""additional_lag_periods"": 27, ""abs_energy"": false, ""rolling_autocorr_periods"": null, ""nonzero_last_n"": null, ""add_date_part"": null, ""polynomial_degree"": null, ""x_transform"": null, ""regression_type"": null}","{""fillna"": ""linear"", ""transformations"": {""0"": ""Scaler"", ""1"": ""Scaler"", ""2"": ""Scaler""}, ""transformation_params"": {""0"": {}, ""1"": {}, ""2"": {}}}",0,1,15.692893376300864,0.8791042878548205,1.0201094162746078,0.9898497314712322,0.8791042878548205,0.0,-6.404562912972411,0.6114193134389143,46.34169435831682,0.8596770549349579,0.7878262005879764,0.9666666666666667,0.6666666666666666,1.914019681466252,0.7666666666666667,1.760242300389469,0.7356722858506723,4.046880585481598,2.44650712488373,0.19239402015481596,39.93713144534441,24.123999499129727,20.782185012517797,0.12168851879249512,15.692893376300864,0.8791042878548205,1.0201094162746078,0.9898497314712322,0.8791042878548205,0.0,0.6114193134389143,0.8596770549349579,0.7878262005879764,1.914019681466252,0.7666666666666667,1.760242300389469,0.7356722858506723,4.046880585481598,2.44650712488373,0.19239402015481596,39.93713144534441,24.123999499129727,20.782185012517797,0.12168851879249512,0.9666666666666667,0.6666666666666666,1.9067,34.178756952063274,13.156560499513592,Wh,13.156560499513592,Wh
172,f5c00a6105c3c73d165eeb9710fd78a9,RollingRegression,"{""regression_model"": {""model"": ""ExtraTrees"", ""model_params"": {""n_estimators"": 100, ""min_samples_leaf"": 1, ""max_depth"": 10}}, ""holiday"": true, ""mean_rolling_periods"": 7, ""macd_periods"": null, ""std_rolling_periods"": 30, ""max_rolling_periods"": 28, ""min_rolling_periods"": 28, ""ewm_var_alpha"": null, ""quantile90_rolling_periods"": null, ""quantile10_rolling_periods"": null, ""ewm_alpha"": null, ""additional_lag_periods"": 27, ""abs_energy"": false, ""rolling_autocorr_periods"": null, ""nonzero_last_n"": null, ""add_date_part"": null, ""polynomial_degree"": null, ""x_transform"": null, ""regression_type"": null}","{""fillna"": ""linear"", ""transformations"": {""0"": ""Scaler""}, ""transformation_params"": {""0"": {}}}",0,1,15.300097952596703,0.857241766272706,1.031581545289816,1.053052046666413,0.857241766272706,0.0,-5.021755398891841,0.5863418259079467,46.41275057747052,0.8412814256136161,0.7999760499481554,0.95,0.5333333333333333,2.1474964915918235,0.5333333333333333,1.977971059650098,0.6860273613086408,3.9810176446587335,3.2448072149757006,0.3068154442530714,41.39099517857868,26.712431009652615,15.647643401377797,0.12611844447370046,15.300097952596703,0.857241766272706,1.031581545289816,1.053052046666413,0.857241766272706,0.0,0.5863418259079467,0.8412814256136161,0.7999760499481554,2.1474964915918235,0.5333333333333333,1.977971059650098,0.6860273613086408,3.9810176446587335,3.2448072149757006,0.3068154442530714,41.39099517857868,26.712431009652615,15.647643401377797,0.12611844447370046,0.95,0.5333333333333333,8.0538,34.03402218413277,12.829368843369021,Wh,12.829368843369021,Wh
173,7eb45fa939d211bc852e4bd26ecc707c,RollingRegression,"{""regression_model"": {""model"": ""ExtraTrees"", ""model_params"": {""n_estimators"": 100, ""min_samples_leaf"": 1, ""max_depth"": 10}}, ""holiday"": false, ""mean_rolling_periods"": null, ""macd_periods"": null, ""std_rolling_periods"": 5, ""max_rolling_periods"": null, ""min_rolling_periods"": 28, ""ewm_var_alpha"": null, ""quantile90_rolling_periods"": null, ""quantile10_rolling_periods"": null, ""ewm_alpha"": null, ""additional_lag_periods"": 6, ""abs_energy"": false, ""rolling_autocorr_periods"": null, ""nonzero_last_n"": null, ""add_date_part"": null, ""polynomial_degree"": null, ""x_transform"": null, ""regression_type"": null}","{""fillna"": ""linear"", ""transformations"": {""0"": ""Scaler"", ""1"": ""Scaler""}, ""transformation_params"": {""0"": {}, ""1"": {}}}",0,1,15.520891214607987,0.8672811549150214,1.0161069701318128,1.0173250713600095,0.8672811549150214,0.0,-6.810113234047018,0.6040684252793785,45.22675606085427,0.8467476669033621,0.7864444457725078,0.9666666666666667,0.5333333333333333,1.867026718054558,0.8,1.7398772603677308,0.7247381327552214,3.996031532170627,2.3188920602252647,0.07852147214866667,38.416642826807255,22.56686137485949,25.089899052048906,0.11705558695351591,15.520891214607987,0.8672811549150214,1.0161069701318128,1.0173250713600095,0.8672811549150214,0.0,0.6040684252793785,0.8467476669033621,0.7864444457725078,1.867026718054558,0.8,1.7398772603677308,0.7247381327552214,3.996031532170627,2.3188920602252647,0.07852147214866667,38.416642826807255,22.56686137485949,25.089899052048906,0.11705558695351591,0.9666666666666667,0.5333333333333333,1.8502,33.93503410459233,12.97961702879542,Wh,12.97961702879542,Wh
174,ec70692d03eed0f09766747e5ea82823,RollingRegression,"{""regression_model"": {""model"": ""ExtraTrees"", ""model_params"": {""n_estimators"": 100, ""min_samples_leaf"": 1, ""max_depth"": 10}}, ""holiday"": false, ""mean_rolling_periods"": null, ""macd_periods"": null, ""std_rolling_periods"": 7, ""max_rolling_periods"": null, ""min_rolling_periods"": 28, ""ewm_var_alpha"": null, ""quantile90_rolling_periods"": null, ""quantile10_rolling_periods"": null, ""ewm_alpha"": null, ""additional_lag_periods"": 27, ""abs_energy"": false, ""rolling_autocorr_periods"": null, ""nonzero_last_n"": null, ""add_date_part"": null, ""polynomial_degree"": null, ""x_transform"": null, ""regression_type"": null}","{""fillna"": ""linear"", ""transformations"": {""0"": ""Scaler"", ""1"": ""Scaler""}, ""transformation_params"": {""0"": {}, ""1"": {}}}",0,1,15.40775861442734,0.8612514445689095,1.01752393520759,0.988801842090668,0.8612514445689095,0.0,-6.058575506612813,0.5954373058403067,45.61651116752176,0.8431501549287744,0.787249042541329,0.9666666666666667,0.5166666666666667,1.8837893647058328,0.8166666666666667,1.727692567922724,0.7156768061117853,4.062250363412146,2.335415042213434,0.08383842865659356,39.557935660908946,23.211397931140493,26.086522307534135,0.12053310848458505,15.40775861442734,0.8612514445689095,1.01752393520759,0.988801842090668,0.8612514445689095,0.0,0.5954373058403067,0.8431501549287744,0.787249042541329,1.8837893647058328,0.8166666666666667,1.727692567922724,0.7156768061117853,4.062250363412146,2.335415042213434,0.08383842865659356,39.557935660908946,23.211397931140493,26.086522307534135,0.12053310848458505,0.9666666666666667,0.5166666666666667,1.8629,33.83622188398922,12.88937716754216,Wh,12.88937716754216,Wh
175,13f758fac1983dd718fb2d16e8d6471b,RollingRegression,"{""regression_model"": {""model"": ""ExtraTrees"", ""model_params"": {""n_estimators"": 100, ""min_samples_leaf"": 1, ""max_depth"": 10}}, ""holiday"": true, ""mean_rolling_periods"": 7, ""macd_periods"": null, ""std_rolling_periods"": 30, ""max_rolling_periods"": 28, ""min_rolling_periods"": 57, ""ewm_var_alpha"": null, ""quantile90_rolling_periods"": null, ""quantile10_rolling_periods"": null, ""ewm_alpha"": null, ""additional_lag_periods"": 90, ""abs_energy"": false, ""rolling_autocorr_periods"": null, ""nonzero_last_n"": null, ""add_date_part"": null, ""polynomial_degree"": null, ""x_transform"": null, ""regression_type"": null}","{""fillna"": ""ffill"", ""transformations"": {""0"": ""Scaler"", ""1"": ""Scaler"", ""2"": ""Scaler""}, ""transformation_params"": {""0"": {}, ""1"": {}, ""2"": {}}}",0,1,15.135441487608059,0.8463433857984085,0.9994969236176467,1.1883399288777419,0.8463433857984085,0.0,-5.64533096099435,0.5902652886291544,45.13527218691016,0.8285898760952762,0.7944768547539177,0.9666666666666667,0.48333333333333334,2.153105838994186,0.6833333333333333,1.8470631594293763,0.6904997336430173,3.8548193511100437,3.0254006176789865,0.3185363525234742,39.48994122591581,25.955315726725416,16.20601512659488,0.12032592930618634,15.135441487608059,0.8463433857984085,0.9994969236176467,1.1883399288777419,0.8463433857984085,0.0,0.5902652886291544,0.8285898760952762,0.7944768547539177,2.153105838994186,0.6833333333333333,1.8470631594293763,0.6904997336430173,3.8548193511100437,3.0254006176789865,0.3185363525234742,39.48994122591581,25.955315726725416,16.20601512659488,0.12032592930618634,0.9666666666666667,0.48333333333333334,12.7036,33.6430943503307,12.666265097843334,Wh,12.666265097843334,Wh
176,7c43e5cea6097edfdc2e2e74421eb5b3,RollingRegression,"{""regression_model"": {""model"": ""ExtraTrees"", ""model_params"": {""n_estimators"": 100, ""min_samples_leaf"": 1, ""max_depth"": 10}}, ""holiday"": true, ""mean_rolling_periods"": 7, ""macd_periods"": null, ""std_rolling_periods"": 30, ""max_rolling_periods"": 28, ""min_rolling_periods"": 57, ""ewm_var_alpha"": null, ""quantile90_rolling_periods"": null, ""quantile10_rolling_periods"": null, ""ewm_alpha"": null, ""additional_lag_periods"": 363, ""abs_energy"": false, ""rolling_autocorr_periods"": null, ""nonzero_last_n"": null, ""add_date_part"": null, ""polynomial_degree"": null, ""x_transform"": null, ""regression_type"": null}","{""fillna"": ""linear"", ""transformations"": {""0"": ""Scaler"", ""1"": ""Scaler""}, ""transformation_params"": {""0"": {}, ""1"": {}}}",0,1,14.928204672172999,0.8351267822215622,1.0160074953806115,1.1069566657926266,0.8351267822215622,0.0,-4.910142017844926,0.5713160405099916,45.1974649154488,0.8208048672068406,0.8023761559546262,0.9333333333333333,0.55,2.1294135514301376,0.6166666666666667,1.9057929080579807,0.662855940873865,3.868811826767502,3.20302584563251,0.29896835038433506,40.28732289760387,26.7031287948194,16.50145686920927,0.12275555284268887,14.928204672172999,0.8351267822215622,1.0160074953806115,1.1069566657926266,0.8351267822215622,0.0,0.5713160405099916,0.8208048672068406,0.8023761559546262,2.1294135514301376,0.6166666666666667,1.9057929080579807,0.662855940873865,3.868811826767502,3.20302584563251,0.29896835038433506,40.28732289760387,26.7031287948194,16.50145686920927,0.12275555284268887,0.9333333333333333,0.55,8.0094,33.609728738725195,12.498398866729913,Wh,12.498398866729913,Wh
177,d171cda24df8d51b03c9a5e3b6c357e9,RollingRegression,"{""regression_model"": {""model"": ""ExtraTrees"", ""model_params"": {""n_estimators"": 100, ""min_samples_leaf"": 1, ""max_depth"": 10}}, ""holiday"": false, ""mean_rolling_periods"": null, ""macd_periods"": null, ""std_rolling_periods"": 30, ""max_rolling_periods"": null, ""min_rolling_periods"": 28, ""ewm_var_alpha"": null, ""quantile90_rolling_periods"": null, ""quantile10_rolling_periods"": null, ""ewm_alpha"": 0.1, ""additional_lag_periods"": 27, ""abs_energy"": false, ""rolling_autocorr_periods"": null, ""nonzero_last_n"": null, ""add_date_part"": null, ""polynomial_degree"": null, ""x_transform"": null, ""regression_type"": null}","{""fillna"": ""linear"", ""transformations"": {""0"": ""Scaler"", ""1"": ""Scaler""}, ""transformation_params"": {""0"": {}, ""1"": {}}}",0,1,15.103642067450249,0.8422132528866823,0.9948815656258109,1.0351587593495757,0.8422132528866823,0.0,-7.578405311175991,0.5952484435514604,42.95438986202495,0.8161606600927295,0.7906945437218276,0.9666666666666667,0.4666666666666667,1.9676056000251494,0.8,1.728173013307942,0.6905062138652044,3.755324819111526,2.109831498353458,0.06687899427385238,35.37598455084895,21.173495088654768,26.314145398414876,0.10779069515071113,15.103642067450249,0.8422132528866823,0.9948815656258109,1.0351587593495757,0.8422132528866823,0.0,0.5952484435514604,0.8161606600927295,0.7906945437218276,1.9676056000251494,0.8,1.728173013307942,0.6905062138652044,3.755324819111526,2.109831498353458,0.06687899427385238,35.37598455084895,21.173495088654768,26.314145398414876,0.10779069515071113,0.9666666666666667,0.4666666666666667,1.8963,33.45360362258295,12.60445406555187,Wh,12.60445406555187,Wh
178,ed3800338842dfa435bb37d5e4119f50,ARIMA,"{""p"": 1, ""d"": 2, ""q"": 12, ""regression_type"": null}","{""fillna"": ""median"", ""transformations"": {""0"": ""Scaler"", ""1"": ""Scaler""}, ""transformation_params"": {""0"": {}, ""1"": {}}}",0,1,13.184258016356488,0.7252176683670257,0.8589966033702434,1.0463598782391703,0.7252176683670257,0.0,-6.6240245030844935,0.5296583951573172,36.88903559893705,0.7052147987619545,0.9499761667226369,1.0,0.4166666666666667,1.66077477731635,0.8,1.6557104489165189,0.5949403919979555,3.216830513994032,1.646296800004037,0.1772071113856191,30.26501109585255,17.893886899179055,22.957760699489654,0.09221754888762931,13.184258016356488,0.7252176683670257,0.8589966033702434,1.0463598782391703,0.7252176683670257,0.0,0.5296583951573172,0.7052147987619545,0.9499761667226369,1.66077477731635,0.8,1.6557104489165189,0.5949403919979555,3.216830513994032,1.646296800004037,0.1772071113856191,30.26501109585255,17.893886899179055,22.957760699489654,0.09221754888762931,1.0,0.4166666666666667,1.8712,33.38464592191439,10.853513355587983,Wh,10.853513355587983,Wh
179,5cc71ccfed831d20948627324841d730,RollingRegression,"{""regression_model"": {""model"": ""ExtraTrees"", ""model_params"": {""n_estimators"": 100, ""min_samples_leaf"": 1, ""max_depth"": 10}}, ""holiday"": false, ""mean_rolling_periods"": 5, ""macd_periods"": null, ""std_rolling_periods"": 7, ""max_rolling_periods"": null, ""min_rolling_periods"": 28, ""ewm_var_alpha"": null, ""quantile90_rolling_periods"": null, ""quantile10_rolling_periods"": null, ""ewm_alpha"": null, ""additional_lag_periods"": 6, ""abs_energy"": false, ""rolling_autocorr_periods"": null, ""nonzero_last_n"": null, ""add_date_part"": null, ""polynomial_degree"": null, ""x_transform"": null, ""regression_type"": null}","{""fillna"": ""linear"", ""transformations"": {""0"": ""Scaler"", ""1"": ""Scaler""}, ""transformation_params"": {""0"": {}, ""1"": {}}}",0,1,15.006028692346367,0.8359911831238332,0.9854057321634538,1.0056392080753815,0.8359911831238332,0.0,-6.477871268047775,0.585333668865847,43.68159971938222,0.8174007811783004,0.7853123989300028,1.0,0.55,1.7981005842726718,0.8,1.7208022620141432,0.697479705112653,3.8732572845436306,2.1862997184351727,0.04684602755614012,37.20372845133445,21.8267219287727,26.371888812276776,0.11335983444371425,15.006028692346367,0.8359911831238332,0.9854057321634538,1.0056392080753815,0.8359911831238332,0.0,0.585333668865847,0.8174007811783004,0.7853123989300028,1.7981005842726718,0.8,1.7208022620141432,0.697479705112653,3.8732572845436306,2.1862997184351727,0.04684602755614012,37.20372845133445,21.8267219287727,26.371888812276776,0.11335983444371425,1.0,0.55,1.8598,33.220243964331175,12.511335378272035,Wh,12.511335378272035,Wh
180,b4fe9e711bf36e1807faefe8fe2dc7b6,RollingRegression,"{""regression_model"": {""model"": ""ExtraTrees"", ""model_params"": {""n_estimators"": 100, ""min_samples_leaf"": 1, ""max_depth"": 10}}, ""holiday"": true, ""mean_rolling_periods"": 7, ""macd_periods"": null, ""std_rolling_periods"": 30, ""max_rolling_periods"": null, ""min_rolling_periods"": 2, ""ewm_var_alpha"": null, ""quantile90_rolling_periods"": null, ""quantile10_rolling_periods"": null, ""ewm_alpha"": null, ""additional_lag_periods"": 27, ""abs_energy"": false, ""rolling_autocorr_periods"": null, ""nonzero_last_n"": null, ""add_date_part"": null, ""polynomial_degree"": null, ""x_transform"": null, ""regression_type"": null}","{""fillna"": ""linear"", ""transformations"": {""0"": ""Scaler"", ""1"": ""Scaler""}, ""transformation_params"": {""0"": {}, ""1"": {}}}",0,1,14.851632629973471,0.8272247650680694,0.9805873231871074,1.1015323525163276,0.8272247650680694,0.0,-6.915192966662693,0.584890560671447,42.71829293742148,0.8028136797517043,0.7883854488661916,0.9833333333333333,0.55,1.9449452903426252,0.8,1.7213184660966707,0.6784354667029652,3.744051391911357,2.9534281361487325,0.18154600583954442,35.80309997075878,21.522434957641725,21.045803170885698,0.10909211668303606,14.851632629973471,0.8272247650680694,0.9805873231871074,1.1015323525163276,0.8272247650680694,0.0,0.584890560671447,0.8028136797517043,0.7883854488661916,1.9449452903426252,0.8,1.7213184660966707,0.6784354667029652,3.744051391911357,2.9534281361487325,0.18154600583954442,35.80309997075878,21.522434957641725,21.045803170885698,0.10909211668303606,0.9833333333333333,0.55,8.1224,33.0936146076354,12.380138305173771,Wh,12.380138305173771,Wh
181,575497124902e3367283c0e6437e03f1,RollingRegression,"{""regression_model"": {""model"": ""ExtraTrees"", ""model_params"": {""n_estimators"": 100, ""min_samples_leaf"": 1, ""max_depth"": 10}}, ""holiday"": true, ""mean_rolling_periods"": 7, ""macd_periods"": 4, ""std_rolling_periods"": null, ""max_rolling_periods"": 420, ""min_rolling_periods"": 7, ""ewm_var_alpha"": null, ""quantile90_rolling_periods"": null, ""quantile10_rolling_periods"": null, ""ewm_alpha"": null, ""additional_lag_periods"": 363, ""abs_energy"": false, ""rolling_autocorr_periods"": null, ""nonzero_last_n"": null, ""add_date_part"": null, ""polynomial_degree"": null, ""x_transform"": null, ""regression_type"": null}","{""fillna"": ""linear"", ""transformations"": {""0"": ""Scaler"", ""1"": ""Scaler""}, ""transformation_params"": {""0"": {}, ""1"": {}}}",0,1,14.826543112184238,0.8281381787603069,0.9691871694422152,1.1790905757463517,0.8281381787603069,0.0,-6.208542768198728,0.584908814358489,43.479747957419676,0.8079846727469158,0.7853123989300028,1.0,0.43333333333333335,1.798531168814761,0.7666666666666667,1.7405421741019613,0.6894310118003127,3.643496211277156,2.704371098119512,0.25161376924803913,37.27120518922095,25.225358594328583,17.203749096971748,0.11356543619800137,14.826543112184238,0.8281381787603069,0.9691871694422152,1.1790905757463517,0.8281381787603069,0.0,0.584908814358489,0.8079846727469158,0.7853123989300028,1.798531168814761,0.7666666666666667,1.7405421741019613,0.6894310118003127,3.643496211277156,2.704371098119512,0.25161376924803913,37.27120518922095,25.225358594328583,17.203749096971748,0.11356543619800137,1.0,0.43333333333333335,8.1081,33.029742477331304,12.393808335759484,Wh,12.393808335759484,Wh
182,6b593cc3030bdbfb3439892907e0339a,RollingRegression,"{""regression_model"": {""model"": ""BayesianRidge"", ""model_params"": {}}, ""holiday"": false, ""mean_rolling_periods"": null, ""macd_periods"": null, ""std_rolling_periods"": 10, ""max_rolling_periods"": 2, ""min_rolling_periods"": 7, ""ewm_var_alpha"": null, ""quantile90_rolling_periods"": null, ""quantile10_rolling_periods"": null, ""ewm_alpha"": null, ""additional_lag_periods"": 11, ""abs_energy"": false, ""rolling_autocorr_periods"": null, ""nonzero_last_n"": null, ""add_date_part"": null, ""polynomial_degree"": null, ""x_transform"": null, ""regression_type"": null}","{""fillna"": ""cubic"", ""transformations"": {""0"": ""Scaler"", ""1"": ""Scaler"", ""2"": ""Scaler""}, ""transformation_params"": {""0"": {}, ""1"": {}, ""2"": {}}}",0,1,14.677237819355874,0.8168163589927373,0.9905965550111132,1.0066835020256995,0.8168163589927373,0.0,-2.9387980703499954,0.5544429436652113,46.07018346921424,0.8110364635910865,0.7853123989300028,1.0,0.5,1.8304989195848798,0.75,1.7666861724168388,0.6667684649534431,3.728580890809283,2.075668270013285,0.01465661710017122,43.13138539886425,32.86379313191639,28.360560884110296,0.13142141692973008,14.677237819355874,0.8168163589927373,0.9905965550111132,1.0066835020256995,0.8168163589927373,0.0,0.5544429436652113,0.8110364635910865,0.7853123989300028,1.8304989195848798,0.75,1.7666861724168388,0.6667684649534431,3.728580890809283,2.075668270013285,0.01465661710017122,43.13138539886425,32.86379313191639,28.360560884110296,0.13142141692973008,1.0,0.5,0.2987,32.98328598750819,12.22436745281248,Wh,12.22436745281248,Wh
183,1fda4da13f0a6b435aa0b3af7dc3b6bf,RollingRegression,"{""regression_model"": {""model"": ""ExtraTrees"", ""model_params"": {""n_estimators"": 100, ""min_samples_leaf"": 1, ""max_depth"": 10}}, ""holiday"": false, ""mean_rolling_periods"": null, ""macd_periods"": null, ""std_rolling_periods"": null, ""max_rolling_periods"": 4, ""min_rolling_periods"": null, ""ewm_var_alpha"": null, ""quantile90_rolling_periods"": null, ""quantile10_rolling_periods"": null, ""ewm_alpha"": null, ""additional_lag_periods"": 363, ""abs_energy"": false, ""rolling_autocorr_periods"": null, ""nonzero_last_n"": null, ""add_date_part"": null, ""polynomial_degree"": null, ""x_transform"": null, ""regression_type"": null}","{""fillna"": ""linear"", ""transformations"": {""0"": ""Scaler"", ""1"": ""Scaler""}, ""transformation_params"": {""0"": {}, ""1"": {}}}",0,1,14.72383186641598,0.8195367694505843,0.9751546992855387,1.0142785573134436,0.8195367694505843,0.0,-5.223041098646475,0.5706739725003775,43.94916506838858,0.8054801398759776,0.7864054027795717,0.9833333333333333,0.5666666666666667,1.867834485436691,0.8,1.7138568447698534,0.6656506526719133,3.7879240888526957,2.4573603739752867,0.1502382510955348,38.726123969742105,24.501550590012588,21.510235203386284,0.11799857661038422,14.72383186641598,0.8195367694505843,0.9751546992855387,1.0142785573134436,0.8195367694505843,0.0,0.5706739725003775,0.8054801398759776,0.7864054027795717,1.867834485436691,0.8,1.7138568447698534,0.6656506526719133,3.7879240888526957,2.4573603739752867,0.1502382510955348,38.726123969742105,24.501550590012588,21.510235203386284,0.11799857661038422,0.9833333333333333,0.5666666666666667,1.8683,32.91529593690549,12.26508076210541,Wh,12.26508076210541,Wh
184,5df2520a26277dfe8162eb73b515061c,RollingRegression,"{""regression_model"": {""model"": ""ExtraTrees"", ""model_params"": {""n_estimators"": 100, ""min_samples_leaf"": 1, ""max_depth"": 10}}, ""holiday"": false, ""mean_rolling_periods"": null, ""macd_periods"": null, ""std_rolling_periods"": null, ""max_rolling_periods"": 4, ""min_rolling_periods"": null, ""ewm_var_alpha"": null, ""quantile90_rolling_periods"": null, ""quantile10_rolling_periods"": null, ""ewm_alpha"": null, ""additional_lag_periods"": 6, ""abs_energy"": false, ""rolling_autocorr_periods"": null, ""nonzero_last_n"": null, ""add_date_part"": null, ""polynomial_degree"": null, ""x_transform"": null, ""regression_type"": null}","{""fillna"": ""linear"", ""transformations"": {""0"": ""Scaler"", ""1"": ""Scaler""}, ""transformation_params"": {""0"": {}, ""1"": {}}}",0,1,14.701331830894382,0.8176919182064554,0.980740443624805,1.0166126386953982,0.8176919182064554,0.0,-5.592841207639784,0.5682801689198744,43.46867388474753,0.80304492412679,0.7861668219628893,0.9833333333333333,0.4666666666666667,1.8591813292149117,0.8,1.7125638636156717,0.6663679094449976,3.7437777294999255,2.2283110445916003,0.10977151636951261,37.87583267710775,23.670933834300175,22.947608797225243,0.11540773735382835,14.701331830894382,0.8176919182064554,0.980740443624805,1.0166126386953982,0.8176919182064554,0.0,0.5682801689198744,0.80304492412679,0.7861668219628893,1.8591813292149117,0.8,1.7125638636156717,0.6663679094449976,3.7437777294999255,2.2283110445916003,0.10977151636951261,37.87583267710775,23.670933834300175,22.947608797225243,0.11540773735382835,0.9833333333333333,0.4666666666666667,1.8851,32.90056090565237,12.237470958193278,Wh,12.237470958193278,Wh
185,9e301439b8a8c81907db089545e64627,RollingRegression,"{""regression_model"": {""model"": ""ExtraTrees"", ""model_params"": {""n_estimators"": 100, ""min_samples_leaf"": 1, ""max_depth"": 10}}, ""holiday"": false, ""mean_rolling_periods"": null, ""macd_periods"": null, ""std_rolling_periods"": null, ""max_rolling_periods"": 420, ""min_rolling_periods"": 7, ""ewm_var_alpha"": null, ""quantile90_rolling_periods"": null, ""quantile10_rolling_periods"": null, ""ewm_alpha"": 0.1, ""additional_lag_periods"": 27, ""abs_energy"": false, ""rolling_autocorr_periods"": null, ""nonzero_last_n"": null, ""add_date_part"": null, ""polynomial_degree"": null, ""x_transform"": null, ""regression_type"": null}","{""fillna"": ""ffill_mean_biased"", ""transformations"": {""0"": ""Scaler"", ""1"": ""Scaler""}, ""transformation_params"": {""0"": {}, ""1"": {}}}",0,1,14.705391381977295,0.8181637119873656,0.9680761165012274,1.0624303789524854,0.8181637119873656,0.0,-6.079971707668299,0.5752141009805639,43.00985101157363,0.7993761113530595,0.7853123989300028,1.0,0.45,1.6960272864066006,0.8,1.7141531955388465,0.6809082236810936,3.779662995581515,2.0114852647030745,0.1017577288931476,36.92987930390534,22.453722853017723,24.105587327895808,0.1125254155478844,14.705391381977295,0.8181637119873656,0.9680761165012274,1.0624303789524854,0.8181637119873656,0.0,0.5752141009805639,0.7993761113530595,0.7853123989300028,1.6960272864066006,0.8,1.7141531955388465,0.6809082236810936,3.779662995581515,2.0114852647030745,0.1017577288931476,36.92987930390534,22.453722853017723,24.105587327895808,0.1125254155478844,1.0,0.45,1.8933,32.83759854573886,12.24453176259111,Wh,12.24453176259111,Wh
186,9f8ca64420cf6bb21076cb2ae95a7c64,DatepartRegression,"{""regression_model"": {""model"": ""ElasticNet"", ""model_params"": {""l1_ratio"": 0.5, ""fit_intercept"": true, ""selection"": ""random"", ""max_iter"": 1000}}, ""datepart_method"": ""recurring"", ""polynomial_degree"": null, ""holiday_countries_used"": false, ""lags"": null, ""forward_lags"": null, ""regression_type"": null}","{""fillna"": ""linear"", ""transformations"": {""0"": ""Scaler"", ""1"": ""Scaler"", ""2"": ""Scaler""}, ""transformation_params"": {""0"": {}, ""1"": {}, ""2"": {}}}",0,4,15.40973475368505,1.0274479063460604,1.270950635948225,0.6792129452689262,1.0274479063460604,0.0,-24.022211777977645,0.6619981731930753,222.56528574507684,1.0031654206868643,0.6108684187116572,0.9125,0.5208333333333334,4.005016968585551,0.5958333333333333,1.8427602715869917,0.7893368797970243,4.758767648395742,3.1475222648699495,0.03207238228381761,49.6357684917748,27.92960433271694,18.87010039754837,0.13644217698850297,15.40973475368505,1.0274479063460604,1.270950635948225,0.6792129452689262,1.0274479063460604,0.0,0.6619981731930753,1.0031654206868643,0.6108684187116572,4.005016968585551,0.5958333333333333,1.8427602715869917,0.7893368797970243,4.758767648395742,3.1475222648699495,0.03207238228381761,49.6357684917748,27.92960433271694,18.87010039754837,0.13644217698850297,0.9125,0.5208333333333334,0.0988,32.818044347561745,20.69741763036281,Wh,20.69741763036281,Wh
187,1d38129214ea8ef2c89b46af35311b4c,ARIMA,"{""p"": 4, ""d"": 0, ""q"": 12, ""regression_type"": ""Holiday""}","{""fillna"": ""ffill_mean_biased"", ""transformations"": {""0"": ""Scaler"", ""1"": ""Scaler"", ""2"": ""Scaler""}, ""transformation_params"": {""0"": {}, ""1"": {}, ""2"": {}}}",0,1,13.239498095961785,0.7286363374910463,0.8656689171005666,1.0376169435532419,0.7286363374910463,0.0,-7.019837089803731,0.5335358587032459,36.698343159659046,0.7055701788582387,0.8975085816511793,1.0,0.6,1.690468579926331,0.8,1.6616252048243874,0.5926880715579541,3.22496724611604,1.9775735438282789,0.17667824613284416,29.678506069855317,17.585461188271143,21.119520026366303,0.09043046690915443,13.239498095961785,0.7286363374910463,0.8656689171005666,1.0376169435532419,0.7286363374910463,0.0,0.5335358587032459,0.7055701788582387,0.8975085816511793,1.690468579926331,0.8,1.6616252048243874,0.5926880715579541,3.22496724611604,1.9775735438282789,0.17667824613284416,29.678506069855317,17.585461188271143,21.119520026366303,0.09043046690915443,1.0,0.6,4.2194,32.605337153958374,10.904676713314005,Wh,10.904676713314005,Wh
188,5533f6f3b6a8428a8eba478a87ba2468,ARIMA,"{""p"": 4, ""d"": 0, ""q"": 12, ""regression_type"": ""Holiday""}","{""fillna"": ""cubic"", ""transformations"": {""0"": null}, ""transformation_params"": {""0"": {}}}",0,1,13.239498095961785,0.7286363374910463,0.8656689171005666,1.0376169435532419,0.7286363374910463,0.0,-7.019837089803731,0.5335358587032459,36.698343159659046,0.7055701788582387,0.8975085816511793,1.0,0.6,1.690468579926331,0.8,1.6616252048243874,0.5926880715579541,3.22496724611604,1.9775735438282789,0.17667824613284416,29.678506069855317,17.585461188271143,21.119520026366303,0.09043046690915443,13.239498095961785,0.7286363374910463,0.8656689171005666,1.0376169435532419,0.7286363374910463,0.0,0.5335358587032459,0.7055701788582387,0.8975085816511793,1.690468579926331,0.8,1.6616252048243874,0.5926880715579541,3.22496724611604,1.9775735438282789,0.17667824613284416,29.678506069855317,17.585461188271143,21.119520026366303,0.09043046690915443,1.0,0.6,4.1404,32.60531851787276,10.904676713314005,Wh,10.904676713314005,Wh
189,7d60bb4365becc86d1c50bf2a8d73dc5,DatepartRegression,"{""regression_model"": {""model"": ""Adaboost"", ""model_params"": {""n_estimators"": 50, ""loss"": ""linear"", ""estimator"": null, ""learning_rate"": 1, ""max_depth"": 2}}, ""datepart_method"": ""simple_2"", ""polynomial_degree"": null, ""holiday_countries_used"": false, ""lags"": null, ""forward_lags"": null, ""regression_type"": null}","{""fillna"": ""zero"", ""transformations"": {""0"": ""Scaler""}, ""transformation_params"": {""0"": {}}}",0,4,16.402316249030466,1.0242726113659235,1.2847484772158904,0.7797294929614178,1.0242726113659235,0.0,-92.53589439940545,0.8005347316786612,153.28953232841621,0.8522610475373003,0.5397121008235866,0.9125,0.5291666666666667,4.000440136591593,0.5,1.7880143333117289,0.7920253843214509,4.246026373263255,3.6457874812626057,0.2611663413788874,51.777900569733845,28.666725409208198,15.164993066728012,0.13622195494750053,16.402316249030466,1.0242726113659235,1.2847484772158904,0.7797294929614178,1.0242726113659235,0.0,0.8005347316786612,0.8522610475373003,0.5397121008235866,4.000440136591593,0.5,1.7880143333117289,0.7920253843214509,4.246026373263255,3.6457874812626057,0.2611663413788874,51.777900569733845,28.666725409208198,15.164993066728012,0.13622195494750053,0.9125,0.5291666666666667,0.11065,32.48561107330245,21.76952085381615,Wh,21.76952085381615,Wh
190,db0e41fb25290810d4a0fb21211c4c5d,ARIMA,"{""p"": 4, ""d"": 0, ""q"": 12, ""regression_type"": null}","{""fillna"": ""cubic"", ""transformations"": {}, ""transformation_params"": {}}",0,1,13.258637817636359,0.7292335738128378,0.8798396096059,0.992405916414116,0.7292335738128378,0.0,-5.643875475461668,0.5228559274457643,38.1101389533086,0.7129818904922262,0.88424845782627,1.0,0.55,1.6936274911962181,0.8166666666666667,1.6517746666091189,0.5923544575136196,3.3212166550379547,1.6244147327344127,0.08968638805073423,32.46626347784693,19.69202606113666,24.230673502131836,0.09892476926523541,13.258637817636359,0.7292335738128378,0.8798396096059,0.992405916414116,0.7292335738128378,0.0,0.5228559274457643,0.7129818904922262,0.88424845782627,1.6936274911962181,0.8166666666666667,1.6517746666091189,0.5923544575136196,3.3212166550379547,1.6244147327344127,0.08968638805073423,32.46626347784693,19.69202606113666,24.230673502131836,0.09892476926523541,1.0,0.55,2.7144,32.47633146118862,10.913614874472714,Wh,10.913614874472714,Wh
191,79fc7a5213155fda05a31245e50048d4,ARIMA,"{""p"": 4, ""d"": 0, ""q"": 12, ""regression_type"": null}","{""fillna"": ""linear"", ""transformations"": {""0"": ""Scaler"", ""1"": ""Scaler""}, ""transformation_params"": {""0"": {}, ""1"": {}}}",0,1,13.258637817636359,0.7292335738128378,0.8798396096059,0.992405916414116,0.7292335738128378,0.0,-5.643875475461668,0.5228559274457643,38.1101389533086,0.7129818904922262,0.88424845782627,1.0,0.55,1.6936274911962181,0.8166666666666667,1.6517746666091189,0.5923544575136196,3.3212166550379547,1.6244147327344127,0.08968638805073423,32.46626347784693,19.69202606113666,24.230673502131836,0.09892476926523541,13.258637817636359,0.7292335738128378,0.8798396096059,0.992405916414116,0.7292335738128378,0.0,0.5228559274457643,0.7129818904922262,0.88424845782627,1.6936274911962181,0.8166666666666667,1.6517746666091189,0.5923544575136196,3.3212166550379547,1.6244147327344127,0.08968638805073423,32.46626347784693,19.69202606113666,24.230673502131836,0.09892476926523541,1.0,0.55,2.5262,32.4762870648429,10.913614874472714,Wh,10.913614874472714,Wh
192,3768909a4446a143e5d237e7f3ac93ec,ARIMA,"{""p"": 4, ""d"": 0, ""q"": 12, ""regression_type"": null}","{""fillna"": ""rolling_mean"", ""transformations"": {""0"": null}, ""transformation_params"": {""0"": {}}}",0,1,13.258637817636359,0.7292335738128378,0.8798396096059,0.992405916414116,0.7292335738128378,0.0,-5.643875475461668,0.5228559274457643,38.1101389533086,0.7129818904922262,0.88424845782627,1.0,0.55,1.6936274911962181,0.8166666666666667,1.6517746666091189,0.5923544575136196,3.3212166550379547,1.6244147327344127,0.08968638805073423,32.46626347784693,19.69202606113666,24.230673502131836,0.09892476926523541,13.258637817636359,0.7292335738128378,0.8798396096059,0.992405916414116,0.7292335738128378,0.0,0.5228559274457643,0.7129818904922262,0.88424845782627,1.6936274911962181,0.8166666666666667,1.6517746666091189,0.5923544575136196,3.3212166550379547,1.6244147327344127,0.08968638805073423,32.46626347784693,19.69202606113666,24.230673502131836,0.09892476926523541,1.0,0.55,2.5209,32.47628581457387,10.913614874472714,Wh,10.913614874472714,Wh
193,52844851917aac967dcbe01f0ffb9740,ARIMA,"{""p"": 4, ""d"": 0, ""q"": 12, ""regression_type"": null}","{""fillna"": ""fake_date"", ""transformations"": {""0"": ""Scaler""}, ""transformation_params"": {""0"": {}}}",0,1,13.258637817636359,0.7292335738128378,0.8798396096059,0.992405916414116,0.7292335738128378,0.0,-5.643875475461668,0.5228559274457643,38.1101389533086,0.7129818904922262,0.88424845782627,1.0,0.55,1.6936274911962181,0.8166666666666667,1.6517746666091189,0.5923544575136196,3.3212166550379547,1.6244147327344127,0.08968638805073423,32.46626347784693,19.69202606113666,24.230673502131836,0.09892476926523541,13.258637817636359,0.7292335738128378,0.8798396096059,0.992405916414116,0.7292335738128378,0.0,0.5228559274457643,0.7129818904922262,0.88424845782627,1.6936274911962181,0.8166666666666667,1.6517746666091189,0.5923544575136196,3.3212166550379547,1.6244147327344127,0.08968638805073423,32.46626347784693,19.69202606113666,24.230673502131836,0.09892476926523541,1.0,0.55,2.517,32.47628489456458,10.913614874472714,Wh,10.913614874472714,Wh
194,4e4254a2241366b59cd14ab853f30401,ARIMA,"{""p"": 4, ""d"": 0, ""q"": 12, ""regression_type"": null}","{""fillna"": ""ffill_mean_biased"", ""transformations"": {""0"": ""Scaler"", ""1"": ""Scaler"", ""2"": ""Scaler""}, ""transformation_params"": {""0"": {}, ""1"": {}, ""2"": {}}}",0,1,13.258637817636359,0.7292335738128378,0.8798396096059,0.992405916414116,0.7292335738128378,0.0,-5.643875475461668,0.5228559274457643,38.1101389533086,0.7129818904922262,0.88424845782627,1.0,0.55,1.6936274911962181,0.8166666666666667,1.6517746666091189,0.5923544575136196,3.3212166550379547,1.6244147327344127,0.08968638805073423,32.46626347784693,19.69202606113666,24.230673502131836,0.09892476926523541,13.258637817636359,0.7292335738128378,0.8798396096059,0.992405916414116,0.7292335738128378,0.0,0.5228559274457643,0.7129818904922262,0.88424845782627,1.6936274911962181,0.8166666666666667,1.6517746666091189,0.5923544575136196,3.3212166550379547,1.6244147327344127,0.08968638805073423,32.46626347784693,19.69202606113666,24.230673502131836,0.09892476926523541,1.0,0.55,2.5116,32.47628362070556,10.913614874472714,Wh,10.913614874472714,Wh
195,78863af657138d61faaf955408a4b1f1,RollingRegression,"{""regression_model"": {""model"": ""ExtraTrees"", ""model_params"": {""n_estimators"": 100, ""min_samples_leaf"": 1, ""max_depth"": 10}}, ""holiday"": false, ""mean_rolling_periods"": 12, ""macd_periods"": null, ""std_rolling_periods"": null, ""max_rolling_periods"": 420, ""min_rolling_periods"": 364, ""ewm_var_alpha"": null, ""quantile90_rolling_periods"": null, ""quantile10_rolling_periods"": null, ""ewm_alpha"": null, ""additional_lag_periods"": 363, ""abs_energy"": false, ""rolling_autocorr_periods"": null, ""nonzero_last_n"": null, ""add_date_part"": null, ""polynomial_degree"": null, ""x_transform"": null, ""regression_type"": null}","{""fillna"": ""linear"", ""transformations"": {""0"": ""Scaler"", ""1"": ""Scaler"", ""2"": ""Scaler""}, ""transformation_params"": {""0"": {}, ""1"": {}, ""2"": {}}}",0,1,14.374757877194419,0.7983482585740583,0.9555535324242154,1.0321756180576624,0.7983482585740583,0.0,-5.490511661976921,0.5612822498060914,42.41038385246657,0.7823628810038267,0.7854310997164116,0.9833333333333333,0.5333333333333333,1.8377931517833748,0.7833333333333333,1.741675607217451,0.642465996068126,3.604027554920046,2.5278266876180173,0.11998006159444681,36.91987219048966,23.705911787665883,24.222000442325566,0.11249492385344188,14.374757877194419,0.7983482585740583,0.9555535324242154,1.0321756180576624,0.7983482585740583,0.0,0.5612822498060914,0.7823628810038267,0.7854310997164116,1.8377931517833748,0.7833333333333333,1.741675607217451,0.642465996068126,3.604027554920046,2.5278266876180173,0.11998006159444681,36.91987219048966,23.705911787665883,24.222000442325566,0.11249492385344188,0.9833333333333333,0.5333333333333333,1.889,32.43333099067379,11.947976262567746,Wh,11.947976262567746,Wh
196,33527dc47c3715dee4d9e3d6d0857374,RollingRegression,"{""regression_model"": {""model"": ""BayesianRidge"", ""model_params"": {}}, ""holiday"": false, ""mean_rolling_periods"": null, ""macd_periods"": null, ""std_rolling_periods"": 7, ""max_rolling_periods"": null, ""min_rolling_periods"": 28, ""ewm_var_alpha"": null, ""quantile90_rolling_periods"": null, ""quantile10_rolling_periods"": null, ""ewm_alpha"": 0.1, ""additional_lag_periods"": 27, ""abs_energy"": false, ""rolling_autocorr_periods"": null, ""nonzero_last_n"": null, ""add_date_part"": null, ""polynomial_degree"": null, ""x_transform"": ""Nystroem"", ""regression_type"": null}","{""fillna"": ""linear"", ""transformations"": {""0"": ""Scaler"", ""1"": ""Scaler""}, ""transformation_params"": {""0"": {}, ""1"": {}}}",0,1,14.394656171193905,0.7984983992426478,0.9415676771171704,0.9605847534564113,0.7984983992426478,0.0,-6.319689239553453,0.5666964848963085,41.590214715005416,0.7796375426386379,0.7853123989300028,1.0,0.6333333333333333,1.7693310538594424,0.8,1.6996100180029847,0.6630765240992207,3.6987344577910815,1.9367401786021872,0.07947651939673864,35.27052547545196,20.523223810430917,25.254181926130727,0.10746936113863147,14.394656171193905,0.7984983992426478,0.9415676771171704,0.9605847534564113,0.7984983992426478,0.0,0.5666964848963085,0.7796375426386379,0.7853123989300028,1.7693310538594424,0.8,1.6996100180029847,0.6630765240992207,3.6987344577910815,1.9367401786021872,0.07947651939673864,35.27052547545196,20.523223810430917,25.254181926130727,0.10746936113863147,1.0,0.6333333333333333,0.4615,32.354061477411456,11.950223248297453,Wh,11.950223248297453,Wh
197,a07b3cbbcf08a5f5daab57929801cb43,RollingRegression,"{""regression_model"": {""model"": ""HistGradientBoost"", ""model_params"": {""loss"": ""squared_error"", ""learning_rate"": 0.1, ""max_depth"": null, ""min_samples_leaf"": 20, ""max_iter"": 100, ""l2_regularization"": 0.01}}, ""holiday"": false, ""mean_rolling_periods"": null, ""macd_periods"": null, ""std_rolling_periods"": null, ""max_rolling_periods"": null, ""min_rolling_periods"": null, ""ewm_var_alpha"": null, ""quantile90_rolling_periods"": null, ""quantile10_rolling_periods"": null, ""ewm_alpha"": 0.8, ""additional_lag_periods"": 59, ""abs_energy"": true, ""rolling_autocorr_periods"": null, ""nonzero_last_n"": null, ""add_date_part"": null, ""polynomial_degree"": null, ""x_transform"": null, ""regression_type"": null}","{""fillna"": ""cubic"", ""transformations"": {""0"": ""Scaler"", ""1"": ""Scaler""}, ""transformation_params"": {""0"": {}, ""1"": {}}}",0,1,14.304433146365074,0.7930755388849824,0.9328302900432871,1.0989669103510393,0.7930755388849824,0.0,-6.396264197986925,0.5657153429364482,41.188268135112004,0.7738987328653999,0.7853123989300028,1.0,0.4166666666666667,1.7010844813224715,0.8,1.6961421097440916,0.6569101215133316,3.5846549701740162,2.3973552982760857,0.22396141631303418,34.79200393712508,21.019787551559386,21.010022427973407,0.10601130506144438,14.304433146365074,0.7930755388849824,0.9328302900432871,1.0989669103510393,0.7930755388849824,0.0,0.5657153429364482,0.7738987328653999,0.7853123989300028,1.7010844813224715,0.8,1.6961421097440916,0.6569101215133316,3.5846549701740162,2.3973552982760857,0.22396141631303418,34.79200393712508,21.019787551559386,21.010022427973407,0.10601130506144438,1.0,0.4166666666666667,0.7785,32.24574645497746,11.869065425088404,Wh,11.869065425088404,Wh
198,87e1254d87dca94d6e8832801919354a,RollingRegression,"{""regression_model"": {""model"": ""ExtraTrees"", ""model_params"": {""n_estimators"": 100, ""min_samples_leaf"": 1, ""max_depth"": 10}}, ""holiday"": false, ""mean_rolling_periods"": 12, ""macd_periods"": null, ""std_rolling_periods"": null, ""max_rolling_periods"": 4, ""min_rolling_periods"": 7, ""ewm_var_alpha"": null, ""quantile90_rolling_periods"": null, ""quantile10_rolling_periods"": null, ""ewm_alpha"": null, ""additional_lag_periods"": 6, ""abs_energy"": false, ""rolling_autocorr_periods"": null, ""nonzero_last_n"": null, ""add_date_part"": null, ""polynomial_degree"": null, ""x_transform"": null, ""regression_type"": null}","{""fillna"": ""linear"", ""transformations"": {""0"": ""Scaler"", ""1"": ""Scaler""}, ""transformation_params"": {""0"": {}, ""1"": {}}}",0,1,14.005800957147885,0.7746150643831147,0.9143965275371486,1.0603784172551813,0.7746150643831147,0.0,-6.9358664666463135,0.5568199767896836,39.54103739634056,0.7535210340730327,0.7853123989300028,1.0,0.38333333333333336,1.6298098591093266,0.8,1.684902707227837,0.645945491468726,3.473190002077842,1.9837961214870843,0.08383115082343529,32.60517092969425,19.07497149530756,25.98298005714492,0.09934802054675707,14.005800957147885,0.7746150643831147,0.9143965275371486,1.0603784172551813,0.7746150643831147,0.0,0.5568199767896836,0.7535210340730327,0.7853123989300028,1.6298098591093266,0.8,1.684902707227837,0.645945491468726,3.473190002077842,1.9837961214870843,0.08383115082343529,32.60517092969425,19.07497149530756,25.98298005714492,0.09934802054675707,1.0,0.38333333333333336,1.8878,31.821753813994434,11.592788363323397,Wh,11.592788363323397,Wh
199,6a6bb0639f12f91abd77cf4cb885bd18,ARIMA,"{""p"": 1, ""d"": 1, ""q"": 7, ""regression_type"": ""Holiday""}","{""fillna"": ""linear"", ""transformations"": {""0"": ""Scaler""}, ""transformation_params"": {""0"": {}}}",0,1,14.218525530379361,0.787323657005175,0.9262673527655765,1.0728284313397949,0.787323657005175,0.0,-7.107763995026783,0.5682676777334343,40.13165542528372,0.7621202072714656,0.7612680781501516,1.0,0.43333333333333335,1.7409445023231758,0.8,1.6985370258224293,0.651635288444921,3.4972222654711933,3.153214573245424,0.15396469400668203,33.02389143025694,19.651561896119045,23.593645394458797,0.10062386274316662,14.218525530379361,0.787323657005175,0.9262673527655765,1.0728284313397949,0.787323657005175,0.0,0.5682676777334343,0.7621202072714656,0.7612680781501516,1.7409445023231758,0.8,1.6985370258224293,0.651635288444921,3.4972222654711933,3.153214573245424,0.15396469400668203,33.02389143025694,19.651561896119045,23.593645394458797,0.10062386274316662,1.0,0.43333333333333335,0.6126,31.71318514680325,11.782983508547646,Wh,11.782983508547646,Wh
200,c0d8691d5e2b40bfe19858c90329106a,RollingRegression,"{""regression_model"": {""model"": ""ExtraTrees"", ""model_params"": {""n_estimators"": 100, ""min_samples_leaf"": 1, ""max_depth"": 10}}, ""holiday"": false, ""mean_rolling_periods"": 5, ""macd_periods"": 2, ""std_rolling_periods"": null, ""max_rolling_periods"": 4, ""min_rolling_periods"": 7, ""ewm_var_alpha"": null, ""quantile90_rolling_periods"": null, ""quantile10_rolling_periods"": null, ""ewm_alpha"": null, ""additional_lag_periods"": 27, ""abs_energy"": false, ""rolling_autocorr_periods"": null, ""nonzero_last_n"": null, ""add_date_part"": null, ""polynomial_degree"": null, ""x_transform"": null, ""regression_type"": null}","{""fillna"": ""linear"", ""transformations"": {""0"": ""Scaler"", ""1"": ""Scaler""}, ""transformation_params"": {""0"": {}, ""1"": {}}}",0,1,13.825570455043566,0.7641323662004272,0.9170670864671255,1.0262272846184355,0.7641323662004272,0.0,-5.821622582158805,0.5416766983950976,40.02631938986683,0.748559947077149,0.7853123989300028,1.0,0.43333333333333335,1.7634057181285208,0.8,1.6789682861901754,0.6257257259164358,3.5012077561707486,1.947224489767311,0.1708130031025435,34.20469680770802,20.703133252723077,22.89529370454275,0.10422177907225703,13.825570455043566,0.7641323662004272,0.9170670864671255,1.0262272846184355,0.7641323662004272,0.0,0.5416766983950976,0.748559947077149,0.7853123989300028,1.7634057181285208,0.8,1.6789682861901754,0.6257257259164358,3.5012077561707486,1.947224489767311,0.1708130031025435,34.20469680770802,20.703133252723077,22.89529370454275,0.10422177907225703,1.0,0.43333333333333335,1.9691,31.64530608122273,11.435905664940465,Wh,11.435905664940465,Wh
201,87947e0749906e4db44d33968fb0ecca,RollingRegression,"{""regression_model"": {""model"": ""ExtraTrees"", ""model_params"": {""n_estimators"": 100, ""min_samples_leaf"": 1, ""max_depth"": 10}}, ""holiday"": false, ""mean_rolling_periods"": 12, ""macd_periods"": null, ""std_rolling_periods"": null, ""max_rolling_periods"": 420, ""min_rolling_periods"": 7, ""ewm_var_alpha"": null, ""quantile90_rolling_periods"": null, ""quantile10_rolling_periods"": null, ""ewm_alpha"": null, ""additional_lag_periods"": 363, ""abs_energy"": false, ""rolling_autocorr_periods"": null, ""nonzero_last_n"": null, ""add_date_part"": null, ""polynomial_degree"": null, ""x_transform"": null, ""regression_type"": null}","{""fillna"": ""linear"", ""transformations"": {""0"": ""Scaler"", ""1"": ""Scaler""}, ""transformation_params"": {""0"": {}, ""1"": {}}}",0,1,13.796529216368112,0.762835342955413,0.9134516429834926,1.0030431017433177,0.762835342955413,0.0,-6.4641332359757095,0.5463745442573154,39.30598734134907,0.7422207520574158,0.7853123989300028,1.0,0.6166666666666667,1.7634572866556208,0.8,1.6792976969169615,0.621672515948544,3.4714658056026777,1.9786219365523696,0.11452747729188877,32.84185410537337,19.359464835896645,24.598631957521633,0.10006919465288715,13.796529216368112,0.762835342955413,0.9134516429834926,1.0030431017433177,0.762835342955413,0.0,0.5463745442573154,0.7422207520574158,0.7853123989300028,1.7634572866556208,0.8,1.6792976969169615,0.621672515948544,3.4714658056026777,1.9786219365523696,0.11452747729188877,32.84185410537337,19.359464835896645,24.598631957521633,0.10006919465288715,1.0,0.6166666666666667,1.8883,31.582481955149575,11.416494583652321,Wh,11.416494583652321,Wh
202,fa5655155b16015ba10ce686fb8de4a8,ARIMA,"{""p"": 0, ""d"": 1, ""q"": 7, ""regression_type"": null}","{""fillna"": ""linear"", ""transformations"": {""0"": ""Scaler"", ""1"": ""Scaler""}, ""transformation_params"": {""0"": {}, ""1"": {}}}",0,1,14.238771900322702,0.7888777610880379,0.9303842505391998,1.0154918475755261,0.7888777610880379,0.0,-6.156463029964147,0.5609757435106132,41.17620263531812,0.7716583535229927,0.7495374121082012,1.0,0.5166666666666667,1.7359490810979965,0.8,1.6929333114135816,0.6543418349413085,3.5819421585834603,1.985625886027286,0.01733728897291194,35.019739605353976,21.352550347381378,28.303017403134486,0.10670521609461207,14.238771900322702,0.7888777610880379,0.9303842505391998,1.0154918475755261,0.7888777610880379,0.0,0.5609757435106132,0.7716583535229927,0.7495374121082012,1.7359490810979965,0.8,1.6929333114135816,0.6543418349413085,3.5819421585834603,1.985625886027286,0.01733728897291194,35.019739605353976,21.352550347381378,28.303017403134486,0.10670521609461207,1.0,0.5166666666666667,0.1668,31.568421908390782,11.80624202823775,Wh,11.80624202823775,Wh
203,f58f4485c4b1a583ac32f4019ded8dae,RollingRegression,"{""regression_model"": {""model"": ""ExtraTrees"", ""model_params"": {""n_estimators"": 100, ""min_samples_leaf"": 1, ""max_depth"": 10}}, ""holiday"": false, ""mean_rolling_periods"": 5, ""macd_periods"": null, ""std_rolling_periods"": null, ""max_rolling_periods"": null, ""min_rolling_periods"": 7, ""ewm_var_alpha"": null, ""quantile90_rolling_periods"": null, ""quantile10_rolling_periods"": null, ""ewm_alpha"": 0.1, ""additional_lag_periods"": 6, ""abs_energy"": false, ""rolling_autocorr_periods"": null, ""nonzero_last_n"": null, ""add_date_part"": null, ""polynomial_degree"": null, ""x_transform"": null, ""regression_type"": null}","{""fillna"": ""rolling_mean_24"", ""transformations"": {""0"": ""Scaler"", ""1"": ""Scaler""}, ""transformation_params"": {""0"": {}, ""1"": {}}}",0,1,13.710191657860266,0.7565725145766348,0.8964384229853849,1.0101356599845992,0.7565725145766348,0.0,-6.688390116054935,0.5459260543467817,38.70596075854315,0.7361188214850621,0.7853123989300028,1.0,0.5,1.6867301549333442,0.8,1.6742671384336536,0.6256639431765453,3.4185027626805695,1.7541109500723984,0.021079231654679835,32.01757064248822,18.63299959762432,28.16545625349993,0.09755760130520479,13.710191657860266,0.7565725145766348,0.8964384229853849,1.0101356599845992,0.7565725145766348,0.0,0.5459260543467817,0.7361188214850621,0.7853123989300028,1.6867301549333442,0.8,1.6742671384336536,0.6256639431765453,3.4185027626805695,1.7541109500723984,0.021079231654679835,32.01757064248822,18.63299959762432,28.16545625349993,0.09755760130520479,1.0,0.5,1.8776,31.412859819979293,11.322765908224596,Wh,11.322765908224596,Wh
204,f361107345b4472ea386f9f8c5752ea4,RollingRegression,"{""regression_model"": {""model"": ""RadiusNeighbors"", ""model_params"": {""radius"": 1.0, ""weights"": ""distance"", ""algorithm"": ""auto"", ""leaf_size"": 10, ""p"": 1, ""metric"": ""minkowski""}}, ""holiday"": false, ""mean_rolling_periods"": 30, ""macd_periods"": null, ""std_rolling_periods"": null, ""max_rolling_periods"": null, ""min_rolling_periods"": null, ""ewm_var_alpha"": null, ""quantile90_rolling_periods"": null, ""quantile10_rolling_periods"": null, ""ewm_alpha"": 0.1, ""additional_lag_periods"": 90, ""abs_energy"": false, ""rolling_autocorr_periods"": null, ""nonzero_last_n"": null, ""add_date_part"": null, ""polynomial_degree"": null, ""x_transform"": null, ""regression_type"": null}","{""fillna"": ""linear"", ""transformations"": {""0"": ""Scaler"", ""1"": ""Scaler""}, ""transformation_params"": {""0"": {}, ""1"": {}}}",0,1,13.529204733679096,0.747423132754633,0.9159140758192637,1.089182937803603,0.747423132754633,0.0,-4.513184651699524,0.5235740662428792,40.33220331357845,0.7369329564009799,0.7853123989300028,1.0,0.4666666666666667,1.8234572467029846,0.8,1.674100696181078,0.5956608597220757,3.2944996948580054,2.0774253479337035,0.19192030352275952,35.81901866187892,25.520455395571236,22.210458030047477,0.10914062096647906,13.529204733679096,0.747423132754633,0.9159140758192637,1.089182937803603,0.747423132754633,0.0,0.5235740662428792,0.7369329564009799,0.7853123989300028,1.8234572467029846,0.8,1.674100696181078,0.5956608597220757,3.2944996948580054,2.0774253479337035,0.19192030352275952,35.81901866187892,25.520455395571236,22.210458030047477,0.10914062096647906,1.0,0.4666666666666667,1.1482,31.37009301599266,11.1858374491813,Wh,11.1858374491813,Wh
205,8f020b18fe8debb4a2b0e00052f5eaed,ARIMA,"{""p"": 4, ""d"": 1, ""q"": 7, ""regression_type"": null}","{""fillna"": ""ffill"", ""transformations"": {""0"": ""Scaler"", ""1"": ""Scaler""}, ""transformation_params"": {""0"": {}, ""1"": {}}}",0,1,14.189889837289472,0.7860568693583498,0.9277050551225333,1.0687008156617404,0.7860568693583498,0.0,-6.419570618402394,0.5606998393286993,40.7438415430986,0.767311154327358,0.738368263909943,1.0,0.5333333333333333,1.7963025125442469,0.8,1.693093618775426,0.646442640391564,3.5578749044585423,2.0766046287068054,0.20730214552334728,34.3242709246962,20.64429250928506,19.69924739703427,0.10458612164408461,14.189889837289472,0.7860568693583498,0.9277050551225333,1.0687008156617404,0.7860568693583498,0.0,0.5606998393286993,0.767311154327358,0.738368263909943,1.7963025125442469,0.8,1.693093618775426,0.646442640391564,3.5578749044585423,2.0766046287068054,0.20730214552334728,34.3242709246962,20.64429250928506,19.69924739703427,0.10458612164408461,1.0,0.5333333333333333,3.5913,31.321693268040768,11.764024929291752,Wh,11.764024929291752,Wh
206,775c3f5a08ce6698c118f573abb7ac3a,ARIMA,"{""p"": 4, ""d"": 1, ""q"": 3, ""regression_type"": null}","{""fillna"": ""median"", ""transformations"": {""0"": ""Scaler"", ""1"": ""Scaler""}, ""transformation_params"": {""0"": {}, ""1"": {}}}",0,1,13.9491096282492,0.7711521719175904,0.9101734439717988,1.015858461796856,0.7711521719175904,0.0,-6.658271028299129,0.5539858196730401,39.6108592867563,0.7514614557041797,0.7474876328537043,1.0,0.38333333333333336,1.7042327502789139,0.8,1.6821755227147601,0.6390807088667398,3.484202599574796,1.9613230893316933,0.011348935326043379,32.95258825845717,19.35231583205947,28.861481784657137,0.10040660183715,13.9491096282492,0.7711521719175904,0.9101734439717988,1.015858461796856,0.7711521719175904,0.0,0.5539858196730401,0.7514614557041797,0.7474876328537043,1.7042327502789139,0.8,1.6821755227147601,0.6390807088667398,3.484202599574796,1.9613230893316933,0.011348935326043379,32.95258825845717,19.35231583205947,28.861481784657137,0.10040660183715,1.0,0.38333333333333336,0.2839,31.120819495404582,11.540963164816908,Wh,11.540963164816908,Wh
207,0636173f94ebdf5dc22548e4b52cf4b2,RollingRegression,"{""regression_model"": {""model"": ""ExtraTrees"", ""model_params"": {""n_estimators"": 100, ""min_samples_leaf"": 1, ""max_depth"": 10}}, ""holiday"": false, ""mean_rolling_periods"": 5, ""macd_periods"": null, ""std_rolling_periods"": null, ""max_rolling_periods"": 4, ""min_rolling_periods"": 7, ""ewm_var_alpha"": null, ""quantile90_rolling_periods"": null, ""quantile10_rolling_periods"": null, ""ewm_alpha"": null, ""additional_lag_periods"": 6, ""abs_energy"": false, ""rolling_autocorr_periods"": null, ""nonzero_last_n"": null, ""add_date_part"": null, ""polynomial_degree"": null, ""x_transform"": null, ""regression_type"": null}","{""fillna"": ""linear"", ""transformations"": {""0"": ""Scaler"", ""1"": ""Scaler""}, ""transformation_params"": {""0"": {}, ""1"": {}}}",0,1,13.436699272011976,0.7401482165092477,0.8828649157728369,0.9925239084777445,0.7401482165092477,0.0,-6.424831091845384,0.5344976997359621,37.98406189870947,0.7210509929982543,0.7853123989300028,1.0,0.45,1.659993664130396,0.8,1.6649514588161918,0.6070929637362107,3.3700668558679805,1.7538717736658576,0.0878627371407914,31.559230806864097,18.296642758623562,26.053172099416308,0.09616103891621536,13.436699272011976,0.7401482165092477,0.8828649157728369,0.9925239084777445,0.7401482165092477,0.0,0.5344976997359621,0.7210509929982543,0.7853123989300028,1.659993664130396,0.8,1.6649514588161918,0.6070929637362107,3.3700668558679805,1.7538717736658576,0.0878627371407914,31.559230806864097,18.296642758623562,26.053172099416308,0.09616103891621536,1.0,0.45,1.8772,31.055287610182738,11.076961998300648,Wh,11.076961998300648,Wh
208,1d5249a6fd456d040c0fa74c855a3202,RollingRegression,"{""regression_model"": {""model"": ""RANSAC"", ""model_params"": {}}, ""holiday"": false, ""mean_rolling_periods"": null, ""macd_periods"": null, ""std_rolling_periods"": 5, ""max_rolling_periods"": null, ""min_rolling_periods"": null, ""ewm_var_alpha"": null, ""quantile90_rolling_periods"": null, ""quantile10_rolling_periods"": null, ""ewm_alpha"": 0.8, ""additional_lag_periods"": 3, ""abs_energy"": false, ""rolling_autocorr_periods"": null, ""nonzero_last_n"": null, ""add_date_part"": null, ""polynomial_degree"": null, ""x_transform"": null, ""regression_type"": null}","{""fillna"": ""ffill"", ""transformations"": {""0"": ""Scaler""}, ""transformation_params"": {""0"": {}}}",0,1,13.42289858918756,0.7392319176780286,0.8821263992626639,0.9990270395137016,0.7392319176780286,0.0,-5.931703817960449,0.532331492354479,38.422211242721275,0.7219623989322521,0.7853123989300028,1.0,0.5666666666666667,1.654588137871201,0.8,1.665577353534889,0.6095591851441472,3.3232012269918445,1.6440444943700536,0.008445352716725345,32.49050742476082,20.47964930801971,28.99922314121033,0.0989986406196083,13.42289858918756,0.7392319176780286,0.8821263992626639,0.9990270395137016,0.7392319176780286,0.0,0.532331492354479,0.7219623989322521,0.7853123989300028,1.654588137871201,0.8,1.665577353534889,0.6095591851441472,3.3232012269918445,1.6440444943700536,0.008445352716725345,32.49050742476082,20.47964930801971,28.99922314121033,0.0989986406196083,1.0,0.5666666666666667,0.3408,31.054357834010236,11.063248789099971,Wh,11.063248789099971,Wh
209,aa634f6ed9010de97a93d8b59f47837c,ARIMA,"{""p"": 7, ""d"": 1, ""q"": 12, ""regression_type"": null}","{""fillna"": ""linear"", ""transformations"": {""0"": ""Scaler""}, ""transformation_params"": {""0"": {}}}",0,1,13.969696816965172,0.7725928814753543,0.914958791500373,1.0828773328979793,0.7725928814753543,0.0,-6.599692163495386,0.5539186320611519,39.75588072502588,0.7525969093666467,0.7367913730374412,1.0,0.45,1.7653138703564482,0.8,1.6857675108925394,0.6336586867516107,3.4930416868443523,1.990477460756578,0.22884166490054778,33.1561885615305,19.613968042950177,18.938145459443515,0.10102697236477798,13.969696816965172,0.7725928814753543,0.914958791500373,1.0828773328979793,0.7725928814753543,0.0,0.5539186320611519,0.7525969093666467,0.7367913730374412,1.7653138703564482,0.8,1.6857675108925394,0.6336586867516107,3.4930416868443523,1.990477460756578,0.22884166490054778,33.1561885615305,19.613968042950177,18.938145459443515,0.10102697236477798,1.0,0.45,10.3432,30.998441173176094,11.562524636784246,Wh,11.562524636784246,Wh
210,2c49061de87063d2bb58aea74dca059d,RollingRegression,"{""regression_model"": {""model"": ""ExtraTrees"", ""model_params"": {""n_estimators"": 100, ""min_samples_leaf"": 1, ""max_depth"": 10}}, ""holiday"": false, ""mean_rolling_periods"": 7, ""macd_periods"": null, ""std_rolling_periods"": 30, ""max_rolling_periods"": null, ""min_rolling_periods"": 7, ""ewm_var_alpha"": null, ""quantile90_rolling_periods"": null, ""quantile10_rolling_periods"": null, ""ewm_alpha"": null, ""additional_lag_periods"": 11, ""abs_energy"": false, ""rolling_autocorr_periods"": null, ""nonzero_last_n"": null, ""add_date_part"": null, ""polynomial_degree"": null, ""x_transform"": null, ""regression_type"": null}","{""fillna"": ""fake_date"", ""transformations"": {""0"": ""Scaler"", ""1"": ""Scaler""}, ""transformation_params"": {""0"": {}, ""1"": {}}}",0,1,13.321058761449054,0.7335793031941361,0.8828488160796654,1.0159639209233127,0.7335793031941361,0.0,-6.311276812366983,0.5297895588016368,37.703481379281186,0.7140607923940483,0.7861647677862312,0.9833333333333333,0.5166666666666667,1.8644027699050767,0.8,1.6620179983275605,0.5922506265968458,3.237069399572453,1.6572170738983287,0.06312233091935797,31.392204566914213,19.342554558291518,26.005997863999117,0.09565210963152708,13.321058761449054,0.7335793031941361,0.8828488160796654,1.0159639209233127,0.7335793031941361,0.0,0.5297895588016368,0.7140607923940483,0.7861647677862312,1.8644027699050767,0.8,1.6620179983275605,0.5922506265968458,3.237069399572453,1.6572170738983287,0.06312233091935797,31.392204566914213,19.342554558291518,26.005997863999117,0.09565210963152708,0.9833333333333333,0.5166666666666667,1.8825,30.954295740636173,10.978652495502958,Wh,10.978652495502958,Wh
211,86bf51c149f833aa41a7fc0346ec545e,ARIMA,"{""p"": 4, ""d"": 1, ""q"": 12, ""regression_type"": ""Holiday""}","{""fillna"": ""linear"", ""transformations"": {""0"": ""Scaler"", ""1"": ""Scaler"", ""2"": ""Scaler""}, ""transformation_params"": {""0"": {}, ""1"": {}, ""2"": {}}}",0,1,13.807491000217874,0.7627033552331122,0.9049680753640457,1.0560941715685574,0.7627033552331122,0.0,-6.711617638705721,0.5508848819902742,39.05058367528101,0.7399306612605068,0.7424342653447412,1.0,0.6,1.7196654919939869,0.8,1.6837155875302439,0.6251763959416566,3.430760724580696,2.1040269298338954,0.1940985282371279,32.33896603657528,19.101062215674084,21.02851838730336,0.09853689370898468,13.807491000217874,0.7627033552331122,0.9049680753640457,1.0560941715685574,0.7627033552331122,0.0,0.5508848819902742,0.7399306612605068,0.7424342653447412,1.7196654919939869,0.8,1.6837155875302439,0.6251763959416566,3.430760724580696,2.1040269298338954,0.1940985282371279,32.33896603657528,19.101062215674084,21.02851838730336,0.09853689370898468,1.0,0.6,3.0645,30.859816042351373,11.414519272557115,Wh,11.414519272557115,Wh
212,75ded3738fc063c23fb8b725101a3a88,RollingRegression,"{""regression_model"": {""model"": ""SVM"", ""model_params"": {""C"": 1.0, ""tol"": 0.001, ""epsilon"": 0.1, ""loss"": ""squared_epsilon_insensitive"", ""max_iter"": 200}}, ""holiday"": true, ""mean_rolling_periods"": null, ""macd_periods"": null, ""std_rolling_periods"": 30, ""max_rolling_periods"": 24, ""min_rolling_periods"": 364, ""ewm_var_alpha"": null, ""quantile90_rolling_periods"": null, ""quantile10_rolling_periods"": null, ""ewm_alpha"": null, ""additional_lag_periods"": 27, ""abs_energy"": false, ""rolling_autocorr_periods"": null, ""nonzero_last_n"": null, ""add_date_part"": null, ""polynomial_degree"": null, ""x_transform"": null, ""regression_type"": null}","{""fillna"": ""linear"", ""transformations"": {""0"": ""Scaler"", ""1"": ""Scaler"", ""2"": ""Scaler""}, ""transformation_params"": {""0"": {}, ""1"": {}, ""2"": {}}}",0,1,13.454691394532992,0.7083424966221281,0.8200452261256561,1.0566084229490318,0.7083424966221281,0.0,-37.34568640876413,0.6894119425069578,5.1548633885635535,0.5248333355930239,0.785312398930003,1.0,0.43333333333333335,1.6597901479813553,0.8,1.6900116877515352,0.5890445924243817,2.864584620904066,2.780002141289468,0.11172687807350486,32.190823020200575,29.063149025096216,24.2040083512756,0.09808550164401474,13.454691394532992,0.7083424966221281,0.8200452261256561,1.0566084229490318,0.7083424966221281,0.0,0.6894119425069578,0.5248333355930239,0.785312398930003,1.6597901479813553,0.8,1.6900116877515352,0.5890445924243817,2.864584620904066,2.780002141289468,0.11172687807350486,32.190823020200575,29.063149025096216,24.2040083512756,0.09808550164401474,1.0,0.43333333333333335,6.7809,30.765854518971988,10.600961728814331,Wh,10.600961728814331,Wh
213,fa09bbddad5ee02a6404e1bb7822132b,ARIMA,"{""p"": 12, ""d"": 0, ""q"": 3, ""regression_type"": null}","{""fillna"": ""ffill_mean_biased"", ""transformations"": {""0"": ""Scaler"", ""1"": ""Scaler"", ""2"": ""Scaler""}, ""transformation_params"": {""0"": {}, ""1"": {}, ""2"": {}}}",0,1,13.761494560490831,0.7596377213869587,0.9001212449037965,0.9926589151311311,0.7596377213869587,0.0,-6.289440087954289,0.5461142253091931,39.288823195263234,0.7407766914045659,0.7392824158859488,1.0,0.65,1.7026127278975665,0.8,1.6764698642432163,0.6272050988941055,3.4344570612070204,1.7919969043636803,0.04673931495222153,32.999383107308944,19.807315216121356,27.124811686726453,0.10054918583449303,13.761494560490831,0.7596377213869587,0.9001212449037965,0.9926589151311311,0.7596377213869587,0.0,0.5461142253091931,0.7407766914045659,0.7392824158859488,1.7026127278975665,0.8,1.6764698642432163,0.6272050988941055,3.4344570612070204,1.7919969043636803,0.04673931495222153,32.999383107308944,19.807315216121356,27.124811686726453,0.10054918583449303,1.0,0.65,3.1961,30.73563874535035,11.368639394909499,Wh,11.368639394909499,Wh
214,d65aa80e1a00dae5c9e492440bbc95b7,ARIMA,"{""p"": 7, ""d"": 0, ""q"": 2, ""regression_type"": null}","{""fillna"": ""ffill_mean_biased"", ""transformations"": {""0"": ""Scaler"", ""1"": ""Scaler"", ""2"": ""Scaler""}, ""transformation_params"": {""0"": {}, ""1"": {}, ""2"": {}}}",0,1,13.76297997504171,0.7598930191144341,0.8976970362941986,1.0449803887303473,0.7598930191144341,0.0,-6.665178431712788,0.5482422665086584,38.928402715153254,0.7397726657057364,0.7382619245391716,1.0,0.4,1.7040766001423355,0.8,1.6763588760906687,0.629403348044545,3.4106928745583507,1.761627264070682,0.17193526523503477,32.26322428344048,19.062434495633642,23.647602665253494,0.09830610843682926,13.76297997504171,0.7598930191144341,0.8976970362941986,1.0449803887303473,0.7598930191144341,0.0,0.5482422665086584,0.7397726657057364,0.7382619245391716,1.7040766001423355,0.8,1.6763588760906687,0.629403348044545,3.4106928745583507,1.761627264070682,0.17193526523503477,32.26322428344048,19.062434495633642,23.647602665253494,0.09830610843682926,1.0,0.4,0.6982,30.71632148777845,11.372460147513394,Wh,11.372460147513394,Wh
215,64520846ce3dfe4ee0ddf5abad5d887c,ARIMA,"{""p"": 4, ""d"": 0, ""q"": 1, ""regression_type"": null}","{""fillna"": ""median"", ""transformations"": {""0"": ""Scaler"", ""1"": ""Scaler"", ""2"": ""Scaler"", ""3"": ""Scaler""}, ""transformation_params"": {""0"": {}, ""1"": {}, ""2"": {}, ""3"": {}}}",0,1,13.554599525322567,0.7472303975627177,0.8837039550766275,1.0064146762649904,0.7472303975627177,0.0,-7.026267291095702,0.5427211323034772,37.80755656266736,0.7258042588866263,0.739274249719218,1.0,0.5333333333333333,1.665386874827579,0.8,1.6681514474252979,0.6180617910125153,3.342670737017064,1.8083600598402738,0.005002890937514631,30.78128927157166,17.74593608291222,29.007713502510732,0.09379064951390059,13.554599525322567,0.7472303975627177,0.8837039550766275,1.0064146762649904,0.7472303975627177,0.0,0.5427211323034772,0.7258042588866263,0.739274249719218,1.665386874827579,0.8,1.6681514474252979,0.6180617910125153,3.342670737017064,1.8083600598402738,0.005002890937514631,30.78128927157166,17.74593608291222,29.007713502510732,0.09379064951390059,1.0,0.5333333333333333,0.1863,30.428905722331994,11.18295299935225,Wh,11.18295299935225,Wh
216,443089cd9801dc8048909ccd98309233,DatepartRegression,"{""regression_model"": {""model"": ""DecisionTree"", ""model_params"": {""max_depth"": 3, ""min_samples_split"": 2}}, ""datepart_method"": ""recurring"", ""polynomial_degree"": null, ""holiday_countries_used"": false, ""lags"": null, ""forward_lags"": null, ""regression_type"": null}","{""fillna"": ""pchip"", ""transformations"": {""0"": null}, ""transformation_params"": {""0"": {}}}",0,4,13.592765191584078,0.9056268502739031,1.1773610955557308,0.7782838176478857,0.9056268502739031,0.0,-51.47931347212065,0.6394291585555354,165.8711305936161,0.8416665375705132,0.5690177829491037,0.9416666666666667,0.5125,4.409100532531738,0.5291666666666667,1.763576603917607,0.6606324780817733,3.974483939976901,2.498502131205114,0.29799306398420616,28.597954280373862,14.1117691499002,14.156696521008598,0.07938475817106327,13.592765191584078,0.9056268502739031,1.1773610955557308,0.7782838176478857,0.9056268502739031,0.0,0.6394291585555354,0.8416665375705132,0.5690177829491037,4.409100532531738,0.5291666666666667,1.763576603917607,0.6606324780817733,3.974483939976901,2.498502131205114,0.29799306398420616,28.597954280373862,14.1117691499002,14.156696521008598,0.07938475817106327,0.9416666666666667,0.5125,0.102175,29.586675496107194,15.957618241770097,Wh,15.957618241770097,Wh
217,eb70a9759a5127ab77dd1fa1c5abd495,DatepartRegression,"{""regression_model"": {""model"": ""DecisionTree"", ""model_params"": {""max_depth"": 3, ""min_samples_split"": 2}}, ""datepart_method"": ""recurring"", ""polynomial_degree"": null, ""holiday_countries_used"": false, ""lags"": null, ""forward_lags"": null, ""regression_type"": null}","{""fillna"": ""cubic"", ""transformations"": {""0"": null}, ""transformation_params"": {""0"": {}}}",0,4,13.592765191584078,0.9056268502739031,1.1773610955557308,0.7782838176478857,0.9056268502739031,0.0,-51.47931347212065,0.6394291585555354,165.8711305936161,0.8416665375705132,0.5690177829491037,0.9416666666666667,0.5125,4.409100532531738,0.5291666666666667,1.763576603917607,0.6606324780817733,3.974483939976901,2.498502131205114,0.29799306398420616,28.597954280373862,14.1117691499002,14.156696521008598,0.07938475817106327,13.592765191584078,0.9056268502739031,1.1773610955557308,0.7782838176478857,0.9056268502739031,0.0,0.6394291585555354,0.8416665375705132,0.5690177829491037,4.409100532531738,0.5291666666666667,1.763576603917607,0.6606324780817733,3.974483939976901,2.498502131205114,0.29799306398420616,28.597954280373862,14.1117691499002,14.156696521008598,0.07938475817106327,0.9416666666666667,0.5125,0.101075,29.586675236617396,15.957618241770097,Wh,15.957618241770097,Wh
218,241cc86a11c4c849cc26328834b7deea,RollingRegression,"{""regression_model"": {""model"": ""HistGradientBoost"", ""model_params"": {""loss"": ""squared_error"", ""learning_rate"": 1, ""max_depth"": 10, ""min_samples_leaf"": 30, ""max_iter"": 100, ""l2_regularization"": 0.01}}, ""holiday"": false, ""mean_rolling_periods"": null, ""macd_periods"": null, ""std_rolling_periods"": 5, ""max_rolling_periods"": null, ""min_rolling_periods"": 7, ""ewm_var_alpha"": null, ""quantile90_rolling_periods"": null, ""quantile10_rolling_periods"": null, ""ewm_alpha"": null, ""additional_lag_periods"": 27, ""abs_energy"": false, ""rolling_autocorr_periods"": null, ""nonzero_last_n"": null, ""add_date_part"": null, ""polynomial_degree"": null, ""x_transform"": null, ""regression_type"": null}","{""fillna"": ""ffill"", ""transformations"": {""0"": ""Scaler"", ""1"": ""Scaler""}, ""transformation_params"": {""0"": {}, ""1"": {}}}",0,4,13.629211689002982,0.914501002896789,1.1500673870975469,0.9433393158658667,0.914501002896789,0.0,-36.48183265598907,0.6224673545006804,182.9984080392403,0.874743640441942,0.5387118127848733,0.9416666666666667,0.475,4.267657245908465,0.5666666666666667,1.6965092138475775,0.6999773479182019,3.710058423121023,1.7628083054096593,0.4799542590899201,36.6291438458128,17.334452206997838,7.5536735120126535,0.09269661969850546,13.629211689002982,0.914501002896789,1.1500673870975469,0.9433393158658667,0.914501002896789,0.0,0.6224673545006804,0.874743640441942,0.5387118127848733,4.267657245908465,0.5666666666666667,1.6965092138475775,0.6999773479182019,3.710058423121023,1.7628083054096593,0.4799542590899201,36.6291438458128,17.334452206997838,7.5536735120126535,0.09269661969850546,0.9416666666666667,0.475,0.60715,29.109249150610815,17.184654423074022,Wh,17.184654423074022,Wh
219,238cb23847f664b6f369ab97bcbc0660,RollingRegression,"{""regression_model"": {""model"": ""RANSAC"", ""model_params"": {}}, ""holiday"": false, ""mean_rolling_periods"": null, ""macd_periods"": null, ""std_rolling_periods"": 5, ""max_rolling_periods"": null, ""min_rolling_periods"": null, ""ewm_var_alpha"": null, ""quantile90_rolling_periods"": null, ""quantile10_rolling_periods"": null, ""ewm_alpha"": 0.8, ""additional_lag_periods"": 59, ""abs_energy"": false, ""rolling_autocorr_periods"": null, ""nonzero_last_n"": null, ""add_date_part"": null, ""polynomial_degree"": null, ""x_transform"": null, ""regression_type"": null}","{""fillna"": ""linear"", ""transformations"": {""0"": ""Scaler"", ""1"": ""Scaler"", ""2"": ""Scaler""}, ""transformation_params"": {""0"": {}, ""1"": {}, ""2"": {}}}",0,3,13.43193656926339,0.8797491223499573,1.026945652411781,0.7414858070779614,0.8797491223499573,0.0,-21.4985339107446,0.6138366099760965,136.85630811224775,0.847865352180749,0.5738983849587065,0.9444444444444443,0.5166666666666667,3.1250774547205893,0.37777777777777777,1.7644175168120502,0.71851617845125,3.493752464281453,1.5792781606471824,0.0901206150197326,44.51626767076113,26.058008967086774,18.035174208572304,0.11451020289376268,13.43193656926339,0.8797491223499573,1.026945652411781,0.7414858070779614,0.8797491223499573,0.0,0.6138366099760965,0.847865352180749,0.5738983849587065,3.1250774547205893,0.37777777777777777,1.7644175168120502,0.71851617845125,3.493752464281453,1.5792781606471824,0.0901206150197326,44.51626767076113,26.058008967086774,18.035174208572304,0.11451020289376268,0.9444444444444443,0.5166666666666667,0.33089999999999997,28.928866377546484,18.211547484226426,Wh,18.211547484226426,Wh
220,c86b4b889dceeaa23385c2bd811e117e,RollingRegression,"{""regression_model"": {""model"": ""BayesianRidge"", ""model_params"": {}}, ""holiday"": false, ""mean_rolling_periods"": null, ""macd_periods"": null, ""std_rolling_periods"": 7, ""max_rolling_periods"": null, ""min_rolling_periods"": 28, ""ewm_var_alpha"": null, ""quantile90_rolling_periods"": null, ""quantile10_rolling_periods"": null, ""ewm_alpha"": 0.1, ""additional_lag_periods"": 27, ""abs_energy"": false, ""rolling_autocorr_periods"": null, ""nonzero_last_n"": null, ""add_date_part"": null, ""polynomial_degree"": null, ""x_transform"": null, ""regression_type"": null}","{""fillna"": ""quadratic"", ""transformations"": {""0"": ""Scaler"", ""1"": ""Scaler"", ""2"": ""Scaler""}, ""transformation_params"": {""0"": {}, ""1"": {}, ""2"": {}}}",0,3,13.42051107439815,0.8608452868670015,1.0029745782113466,0.7220668974963615,0.8608452868670015,0.0,-12.980627942287,0.5916720443852462,141.9715236937733,0.845824207899572,0.5800641037084303,0.9444444444444443,0.5944444444444444,2.7368037230719047,0.6722222222222222,1.6423084455879675,0.7049856017610651,3.555960345341116,1.5262457483602405,0.020045857569105315,42.99696525049543,23.476550352978354,20.44350685864633,0.11328984007094205,13.42051107439815,0.8608452868670015,1.0029745782113466,0.7220668974963615,0.8608452868670015,0.0,0.5916720443852462,0.845824207899572,0.5800641037084303,2.7368037230719047,0.6722222222222222,1.6423084455879675,0.7049856017610651,3.555960345341116,1.5262457483602405,0.020045857569105315,42.99696525049543,23.476550352978354,20.44350685864633,0.11328984007094205,0.9444444444444443,0.5944444444444444,0.3134333333333333,28.799891561879534,16.929766550898616,Wh,16.929766550898616,Wh
221,032a91d9951495fe3e0fbe77ca8edccd,RollingRegression,"{""regression_model"": {""model"": ""BayesianRidge"", ""model_params"": {}}, ""holiday"": false, ""mean_rolling_periods"": null, ""macd_periods"": null, ""std_rolling_periods"": 7, ""max_rolling_periods"": null, ""min_rolling_periods"": 28, ""ewm_var_alpha"": null, ""quantile90_rolling_periods"": null, ""quantile10_rolling_periods"": null, ""ewm_alpha"": 0.1, ""additional_lag_periods"": 27, ""abs_energy"": false, ""rolling_autocorr_periods"": null, ""nonzero_last_n"": null, ""add_date_part"": null, ""polynomial_degree"": null, ""x_transform"": null, ""regression_type"": null}","{""fillna"": ""linear"", ""transformations"": {""0"": ""Scaler"", ""1"": ""Scaler""}, ""transformation_params"": {""0"": {}, ""1"": {}}}",0,3,13.42051107439815,0.8608452868670015,1.0029745782113466,0.7220668974963615,0.8608452868670015,0.0,-12.980627942287,0.5916720443852462,141.9715236937733,0.845824207899572,0.5800641037084303,0.9444444444444443,0.5944444444444444,2.7368037230719047,0.6722222222222222,1.6423084455879675,0.7049856017610651,3.555960345341116,1.5262457483602405,0.020045857569105315,42.99696525049543,23.476550352978354,20.44350685864633,0.11328984007094205,13.42051107439815,0.8608452868670015,1.0029745782113466,0.7220668974963615,0.8608452868670015,0.0,0.5916720443852462,0.845824207899572,0.5800641037084303,2.7368037230719047,0.6722222222222222,1.6423084455879675,0.7049856017610651,3.555960345341116,1.5262457483602405,0.020045857569105315,42.99696525049543,23.476550352978354,20.44350685864633,0.11328984007094205,0.9444444444444443,0.5944444444444444,0.30096666666666666,28.799888620995137,16.929766550898616,Wh,16.929766550898616,Wh
222,84fee892c2de8bf25a96b213facc6c4a,ARIMA,"{""p"": 4, ""d"": 1, ""q"": 4, ""regression_type"": null}","{""fillna"": ""linear"", ""transformations"": {""0"": ""Scaler"", ""1"": ""Scaler"", ""2"": ""Scaler""}, ""transformation_params"": {""0"": {}, ""1"": {}, ""2"": {}}}",0,1,11.650390012674222,0.6349696225061143,0.745431609093866,1.030035135902601,0.6349696225061143,0.0,-10.564004519551851,0.5002103500009512,27.534172830815017,0.5966004384675281,0.7164109614240152,1.0,0.38333333333333336,1.3952417550697183,0.8,1.6049874531413475,0.5304507247724506,2.5654256105292137,1.4808776414086113,0.06452118195787347,16.97016831126316,10.814101428045117,26.539580283942183,0.05170813653161571,11.650390012674222,0.6349696225061143,0.745431609093866,1.030035135902601,0.6349696225061143,0.0,0.5002103500009512,0.5966004384675281,0.7164109614240152,1.3952417550697183,0.8,1.6049874531413475,0.5304507247724506,2.5654256105292137,1.4808776414086113,0.06452118195787347,16.97016831126316,10.814101428045117,26.539580283942183,0.05170813653161571,1.0,0.38333333333333336,0.9376,27.376472833079227,9.502872832346624,Wh,9.502872832346624,Wh
223,79610b00a41bacce63c18bcb5ead24e5,ARIMA,"{""p"": 4, ""d"": 2, ""q"": 12, ""regression_type"": ""Holiday""}","{""fillna"": ""linear"", ""transformations"": {""0"": ""Scaler"", ""1"": ""Scaler"", ""2"": ""Scaler""}, ""transformation_params"": {""0"": {}, ""1"": {}, ""2"": {}}}",0,1,11.341502358394703,0.6182869870876185,0.7176415674946737,1.0984041285697352,0.6182869870876185,0.0,-14.43373354187288,0.516262323079781,22.663485683384238,0.5578507485644838,0.727032449055639,1.0,0.5166666666666667,1.476186727126704,0.8,1.610934780784409,0.5159539482354731,2.2598968698935944,2.0719703275976538,0.264134163341254,8.229752141511362,9.067543751756569,17.45921201385462,0.02507607111192825,11.341502358394703,0.6182869870876185,0.7176415674946737,1.0984041285697352,0.6182869870876185,0.0,0.516262323079781,0.5578507485644838,0.727032449055639,1.476186727126704,0.8,1.610934780784409,0.5159539482354731,2.2598968698935944,2.0719703275976538,0.264134163341254,8.229752141511362,9.067543751756569,17.45921201385462,0.02507607111192825,1.0,0.5166666666666667,9.3733,27.102829750266363,9.253202679206595,Wh,9.253202679206595,Wh
224,41a7c41805c8276ac9567f2cd1021421,ARIMA,"{""p"": 4, ""d"": 2, ""q"": 12, ""regression_type"": ""Holiday""}","{""fillna"": ""ffill_mean_biased"", ""transformations"": {""0"": ""Scaler"", ""1"": ""Scaler"", ""2"": ""Scaler""}, ""transformation_params"": {""0"": {}, ""1"": {}, ""2"": {}}}",0,1,11.341502358394703,0.6182869870876185,0.7176415674946737,1.0984041285697352,0.6182869870876185,0.0,-14.43373354187288,0.516262323079781,22.663485683384238,0.5578507485644838,0.727032449055639,1.0,0.5166666666666667,1.476186727126704,0.8,1.610934780784409,0.5159539482354731,2.2598968698935944,2.0719703275976538,0.264134163341254,8.229752141511362,9.067543751756569,17.45921201385462,0.02507607111192825,11.341502358394703,0.6182869870876185,0.7176415674946737,1.0984041285697352,0.6182869870876185,0.0,0.516262323079781,0.5578507485644838,0.727032449055639,1.476186727126704,0.8,1.610934780784409,0.5159539482354731,2.2598968698935944,2.0719703275976538,0.264134163341254,8.229752141511362,9.067543751756569,17.45921201385462,0.02507607111192825,1.0,0.5166666666666667,9.3686,27.10282864153722,9.253202679206595,Wh,9.253202679206595,Wh
225,7d971bdd9a7025341cc0323116fa353c,ARIMA,"{""p"": 4, ""d"": 2, ""q"": 12, ""regression_type"": ""Holiday""}","{""fillna"": ""fake_date"", ""transformations"": {""0"": ""Scaler"", ""1"": ""Scaler""}, ""transformation_params"": {""0"": {}, ""1"": {}}}",0,1,11.341502358394703,0.6182869870876185,0.7176415674946737,1.0984041285697352,0.6182869870876185,0.0,-14.43373354187288,0.516262323079781,22.663485683384238,0.5578507485644838,0.727032449055639,1.0,0.5166666666666667,1.476186727126704,0.8,1.610934780784409,0.5159539482354731,2.2598968698935944,2.0719703275976538,0.264134163341254,8.229752141511362,9.067543751756569,17.45921201385462,0.02507607111192825,11.341502358394703,0.6182869870876185,0.7176415674946737,1.0984041285697352,0.6182869870876185,0.0,0.516262323079781,0.5578507485644838,0.727032449055639,1.476186727126704,0.8,1.610934780784409,0.5159539482354731,2.2598968698935944,2.0719703275976538,0.264134163341254,8.229752141511362,9.067543751756569,17.45921201385462,0.02507607111192825,1.0,0.5166666666666667,9.3611,27.102826872288585,9.253202679206595,Wh,9.253202679206595,Wh
226,2cfab39abd60bd6b45b5fc14a29d25e5,ARIMA,"{""p"": 4, ""d"": 2, ""q"": 12, ""regression_type"": ""Holiday""}","{""fillna"": ""linear"", ""transformations"": {""0"": ""Scaler"", ""1"": ""Scaler""}, ""transformation_params"": {""0"": {}, ""1"": {}}}",0,1,11.341502358394703,0.6182869870876185,0.7176415674946737,1.0984041285697352,0.6182869870876185,0.0,-14.43373354187288,0.516262323079781,22.663485683384238,0.5578507485644838,0.727032449055639,1.0,0.5166666666666667,1.476186727126704,0.8,1.610934780784409,0.5159539482354731,2.2598968698935944,2.0719703275976538,0.264134163341254,8.229752141511362,9.067543751756569,17.45921201385462,0.02507607111192825,11.341502358394703,0.6182869870876185,0.7176415674946737,1.0984041285697352,0.6182869870876185,0.0,0.516262323079781,0.5578507485644838,0.727032449055639,1.476186727126704,0.8,1.610934780784409,0.5159539482354731,2.2598968698935944,2.0719703275976538,0.264134163341254,8.229752141511362,9.067543751756569,17.45921201385462,0.02507607111192825,1.0,0.5166666666666667,9.3521,27.102824749190223,9.253202679206595,Wh,9.253202679206595,Wh
227,3764e1a0b698c055d875c33de61924c3,ARIMA,"{""p"": 2, ""d"": 2, ""q"": 12, ""regression_type"": ""Holiday""}","{""fillna"": ""linear"", ""transformations"": {""0"": ""Scaler"", ""1"": ""Scaler"", ""2"": ""Scaler""}, ""transformation_params"": {""0"": {}, ""1"": {}, ""2"": {}}}",0,1,10.301275920625459,0.5610487037550763,0.6752859566869325,1.1235417207885785,0.5610487037550763,0.0,-13.169283444799,0.46990201777274504,20.49363878050557,0.5079850246216405,0.7308068319738231,1.0,0.5,1.5865889768223642,0.8,1.5759213111830015,0.4512739489874555,1.9868442558216313,2.156297003297705,0.29362066793102154,7.3243553357065725,7.541363973130216,16.881655837759286,0.022317325247353022,10.301275920625459,0.5610487037550763,0.6752859566869325,1.1235417207885785,0.5610487037550763,0.0,0.46990201777274504,0.5079850246216405,0.7308068319738231,1.5865889768223642,0.8,1.5759213111830015,0.4512739489874555,1.9868442558216313,2.156297003297705,0.29362066793102154,7.3243553357065725,7.541363973130216,16.881655837759286,0.022317325247353022,1.0,0.5,1.6115,25.869866208179914,8.396581971110066,Wh,8.396581971110066,Wh
228,d9d3df3756058742c3ece6f3df82b919,RollingRegression,"{""regression_model"": {""model"": ""BayesianRidge"", ""model_params"": {}}, ""holiday"": false, ""mean_rolling_periods"": 30, ""macd_periods"": 24, ""std_rolling_periods"": 30, ""max_rolling_periods"": 2, ""min_rolling_periods"": 28, ""ewm_var_alpha"": null, ""quantile90_rolling_periods"": null, ""quantile10_rolling_periods"": null, ""ewm_alpha"": 0.1, ""additional_lag_periods"": 3, ""abs_energy"": false, ""rolling_autocorr_periods"": null, ""nonzero_last_n"": null, ""add_date_part"": null, ""polynomial_degree"": null, ""x_transform"": null, ""regression_type"": null}","{""fillna"": ""ffill"", ""transformations"": {""0"": ""Scaler"", ""1"": ""Scaler""}, ""transformation_params"": {""0"": {}, ""1"": {}}}",0,4,11.585986633622408,0.7600350724734712,0.9640624319010466,0.6627263052358116,0.7600350724734712,0.0,-17.16358073226072,0.5287601659681176,165.24483666137237,0.7451523918815605,0.514844201439451,0.975,0.5125,4.280519746705222,0.65,1.5210693995646247,0.574962179831931,3.1773732409473165,1.130235921576944,0.009457693204773873,37.02031398227791,18.568697731129795,18.980463543285307,0.09536343990195743,11.585986633622408,0.7600350724734712,0.9640624319010466,0.6627263052358116,0.7600350724734712,0.0,0.5287601659681176,0.7451523918815605,0.514844201439451,4.280519746705222,0.65,1.5210693995646247,0.574962179831931,3.1773732409473165,1.130235921576944,0.009457693204773873,37.02031398227791,18.568697731129795,18.980463543285307,0.09536343990195743,0.975,0.5125,0.399325,25.56063120754731,13.057286136563759,Wh,13.057286136563759,Wh
229,4d33a0cdbb2ac16283e70e205d53255c,ARIMA,"{""p"": 0, ""d"": 2, ""q"": 12, ""regression_type"": ""Holiday""}","{""fillna"": ""rolling_mean"", ""transformations"": {""0"": ""Scaler""}, ""transformation_params"": {""0"": {}}}",0,1,10.151925308923731,0.5527831840236723,0.6597637845708378,1.0755307355558297,0.5527831840236723,0.0,-14.160057189209489,0.47059093674366126,19.006933852210846,0.49564430886922245,0.714413982968874,1.0,0.5333333333333333,1.498625631820972,0.8,1.5710133207318684,0.4492616618628883,1.9376286219191174,2.4656480212125502,0.1807739553254988,4.846876663001356,7.268406615595718,21.473688377264786,0.014768442813618811,10.151925308923731,0.5527831840236723,0.6597637845708378,1.0755307355558297,0.5527831840236723,0.0,0.47059093674366126,0.49564430886922245,0.714413982968874,1.498625631820972,0.8,1.5710133207318684,0.4492616618628883,1.9376286219191174,2.4656480212125502,0.1807739553254988,4.846876663001356,7.268406615595718,21.473688377264786,0.014768442813618811,1.0,0.5333333333333333,1.6999,25.37226158961196,8.272881277223679,Wh,8.272881277223679,Wh
230,c2031fef203c2243c3aafd6e1973af3e,ARIMA,"{""p"": 0, ""d"": 2, ""q"": 12, ""regression_type"": ""Holiday""}","{""fillna"": ""linear"", ""transformations"": {""0"": ""Scaler"", ""1"": ""Scaler"", ""2"": ""Scaler""}, ""transformation_params"": {""0"": {}, ""1"": {}, ""2"": {}}}",0,1,10.151925308923731,0.5527831840236723,0.6597637845708378,1.0755307355558297,0.5527831840236723,0.0,-14.160057189209489,0.47059093674366126,19.006933852210846,0.49564430886922245,0.714413982968874,1.0,0.5333333333333333,1.498625631820972,0.8,1.5710133207318684,0.4492616618628883,1.9376286219191174,2.4656480212125502,0.1807739553254988,4.846876663001356,7.268406615595718,21.473688377264786,0.014768442813618811,10.151925308923731,0.5527831840236723,0.6597637845708378,1.0755307355558297,0.5527831840236723,0.0,0.47059093674366126,0.49564430886922245,0.714413982968874,1.498625631820972,0.8,1.5710133207318684,0.4492616618628883,1.9376286219191174,2.4656480212125502,0.1807739553254988,4.846876663001356,7.268406615595718,21.473688377264786,0.014768442813618811,1.0,0.5333333333333333,1.682,25.372257367005222,8.272881277223679,Wh,8.272881277223679,Wh
231,38fe4e5a1327c08958d88e577203d776,ARIMA,"{""p"": 0, ""d"": 2, ""q"": 12, ""regression_type"": ""Holiday""}","{""fillna"": ""linear"", ""transformations"": {""0"": ""Scaler"", ""1"": ""Scaler""}, ""transformation_params"": {""0"": {}, ""1"": {}}}",0,1,10.151925308923731,0.5527831840236723,0.6597637845708378,1.0755307355558297,0.5527831840236723,0.0,-14.160057189209489,0.47059093674366126,19.006933852210846,0.49564430886922245,0.714413982968874,1.0,0.5333333333333333,1.498625631820972,0.8,1.5710133207318684,0.4492616618628883,1.9376286219191174,2.4656480212125502,0.1807739553254988,4.846876663001356,7.268406615595718,21.473688377264786,0.014768442813618811,10.151925308923731,0.5527831840236723,0.6597637845708378,1.0755307355558297,0.5527831840236723,0.0,0.47059093674366126,0.49564430886922245,0.714413982968874,1.498625631820972,0.8,1.5710133207318684,0.4492616618628883,1.9376286219191174,2.4656480212125502,0.1807739553254988,4.846876663001356,7.268406615595718,21.473688377264786,0.014768442813618811,1.0,0.5333333333333333,1.6676,25.372253970047844,8.272881277223679,Wh,8.272881277223679,Wh
232,bf7a0fb9bf25bc526c49e03d747feac6,ARIMA,"{""p"": 3, ""d"": 2, ""q"": 7, ""regression_type"": null}","{""fillna"": ""linear"", ""transformations"": {""0"": ""Scaler"", ""1"": ""Scaler"", ""2"": ""Scaler""}, ""transformation_params"": {""0"": {}, ""1"": {}, ""2"": {}}}",0,1,10.339288878746395,0.5619972530398561,0.6459574832151093,0.9945364813202799,0.5619972530398561,0.0,-14.08868288587163,0.47678660568508113,19.631152296519737,0.5098765917109941,0.7022487027952365,1.0,0.5833333333333334,1.1697811599513592,0.8,1.5645039980732338,0.4756314307420238,2.0308663900906416,1.1035105226103497,0.0741120575113768,5.542469410648109,7.1622531504883495,25.74884378152342,0.016887915296507978,10.339288878746395,0.5619972530398561,0.6459574832151093,0.9945364813202799,0.5619972530398561,0.0,0.47678660568508113,0.5098765917109941,0.7022487027952365,1.1697811599513592,0.8,1.5645039980732338,0.4756314307420238,2.0308663900906416,1.1035105226103497,0.0741120575113768,5.542469410648109,7.1622531504883495,25.74884378152342,0.016887915296507978,1.0,0.5833333333333334,1.3146,25.30444436412414,8.41077783640658,Wh,8.41077783640658,Wh
233,7507258328223a0797020f850099ecf4,ARIMA,"{""p"": 4, ""d"": 2, ""q"": 12, ""regression_type"": null}","{""fillna"": ""linear"", ""transformations"": {""0"": ""Scaler"", ""1"": ""Scaler""}, ""transformation_params"": {""0"": {}, ""1"": {}}}",0,1,10.05107894564929,0.5487067856953388,0.6476891215510571,1.0741368974849381,0.5487067856953388,0.0,-20.989540652230236,0.503018807549872,11.932866489490092,0.4579004144280678,0.7135209206374379,1.0,0.4666666666666667,1.2744641727701236,0.8,1.574267301473761,0.45517108338283857,1.8223539357732141,1.3251587409005843,0.2238388496023228,9.056674162740144,15.25885735568033,19.02207729739348,0.0275957041521214,10.05107894564929,0.5487067856953388,0.6476891215510571,1.0741368974849381,0.5487067856953388,0.0,0.503018807549872,0.4579004144280678,0.7135209206374379,1.2744641727701236,0.8,1.574267301473761,0.45517108338283857,1.8223539357732141,1.3251587409005843,0.2238388496023228,9.056674162740144,15.25885735568033,19.02207729739348,0.0275957041521214,1.0,0.4666666666666667,7.4785,25.28649440979139,8.21187442972245,Wh,8.21187442972245,Wh
234,26edb82b8671863fc9e81aab289110fb,ARIMA,"{""p"": 4, ""d"": 2, ""q"": 12, ""regression_type"": null}","{""fillna"": ""linear"", ""transformations"": {""0"": ""Scaler"", ""1"": ""Scaler"", ""2"": ""Scaler"", ""3"": ""Scaler"", ""4"": ""Scaler"", ""5"": ""Scaler""}, ""transformation_params"": {""0"": {}, ""1"": {}, ""2"": {}, ""3"": {}, ""4"": {}, ""5"": {}}}",0,1,10.05107894564929,0.5487067856953388,0.6476891215510571,1.0741368974849381,0.5487067856953388,0.0,-20.989540652230236,0.503018807549872,11.932866489490092,0.4579004144280678,0.7135209206374379,1.0,0.4666666666666667,1.2744641727701236,0.8,1.574267301473761,0.45517108338283857,1.8223539357732141,1.3251587409005843,0.2238388496023228,9.056674162740144,15.25885735568033,19.02207729739348,0.0275957041521214,10.05107894564929,0.5487067856953388,0.6476891215510571,1.0741368974849381,0.5487067856953388,0.0,0.503018807549872,0.4579004144280678,0.7135209206374379,1.2744641727701236,0.8,1.574267301473761,0.45517108338283857,1.8223539357732141,1.3251587409005843,0.2238388496023228,9.056674162740144,15.25885735568033,19.02207729739348,0.0275957041521214,1.0,0.4666666666666667,7.4551,25.286488889735654,8.21187442972245,Wh,8.21187442972245,Wh
235,bef8c11696574caf470f2f91454ad59d,ARIMA,"{""p"": 4, ""d"": 2, ""q"": 12, ""regression_type"": null}","{""fillna"": ""linear"", ""transformations"": {""0"": ""Scaler"", ""1"": ""Scaler"", ""2"": ""Scaler""}, ""transformation_params"": {""0"": {}, ""1"": {}, ""2"": {}}}",0,1,10.05107894564929,0.5487067856953388,0.6476891215510571,1.0741368974849381,0.5487067856953388,0.0,-20.989540652230236,0.503018807549872,11.932866489490092,0.4579004144280678,0.7135209206374379,1.0,0.4666666666666667,1.2744641727701236,0.8,1.574267301473761,0.45517108338283857,1.8223539357732141,1.3251587409005843,0.2238388496023228,9.056674162740144,15.25885735568033,19.02207729739348,0.0275957041521214,10.05107894564929,0.5487067856953388,0.6476891215510571,1.0741368974849381,0.5487067856953388,0.0,0.503018807549872,0.4579004144280678,0.7135209206374379,1.2744641727701236,0.8,1.574267301473761,0.45517108338283857,1.8223539357732141,1.3251587409005843,0.2238388496023228,9.056674162740144,15.25885735568033,19.02207729739348,0.0275957041521214,1.0,0.4666666666666667,7.4545,25.286488748195765,8.21187442972245,Wh,8.21187442972245,Wh
236,728da9215d85bd3e6a4caeab34fdbfdd,ARIMA,"{""p"": 4, ""d"": 2, ""q"": 12, ""regression_type"": null}","{""fillna"": ""rolling_mean_24"", ""transformations"": {""0"": ""Scaler""}, ""transformation_params"": {""0"": {}}}",0,1,10.05107894564929,0.5487067856953388,0.6476891215510571,1.0741368974849381,0.5487067856953388,0.0,-20.989540652230236,0.503018807549872,11.932866489490092,0.4579004144280678,0.7135209206374379,1.0,0.4666666666666667,1.2744641727701236,0.8,1.574267301473761,0.45517108338283857,1.8223539357732141,1.3251587409005843,0.2238388496023228,9.056674162740144,15.25885735568033,19.02207729739348,0.0275957041521214,10.05107894564929,0.5487067856953388,0.6476891215510571,1.0741368974849381,0.5487067856953388,0.0,0.503018807549872,0.4579004144280678,0.7135209206374379,1.2744641727701236,0.8,1.574267301473761,0.45517108338283857,1.8223539357732141,1.3251587409005843,0.2238388496023228,9.056674162740144,15.25885735568033,19.02207729739348,0.0275957041521214,1.0,0.4666666666666667,7.4455,25.286486625097403,8.21187442972245,Wh,8.21187442972245,Wh
237,497a28bc24cf4949a502cdcadaf36b9c,ARIMA,"{""p"": 4, ""d"": 2, ""q"": 12, ""regression_type"": null}","{""fillna"": ""ffill_mean_biased"", ""transformations"": {""0"": ""Scaler"", ""1"": ""Scaler"", ""2"": ""Scaler""}, ""transformation_params"": {""0"": {}, ""1"": {}, ""2"": {}}}",0,1,10.05107894564929,0.5487067856953388,0.6476891215510571,1.0741368974849381,0.5487067856953388,0.0,-20.989540652230236,0.503018807549872,11.932866489490092,0.4579004144280678,0.7135209206374379,1.0,0.4666666666666667,1.2744641727701236,0.8,1.574267301473761,0.45517108338283857,1.8223539357732141,1.3251587409005843,0.2238388496023228,9.056674162740144,15.25885735568033,19.02207729739348,0.0275957041521214,10.05107894564929,0.5487067856953388,0.6476891215510571,1.0741368974849381,0.5487067856953388,0.0,0.503018807549872,0.4579004144280678,0.7135209206374379,1.2744641727701236,0.8,1.574267301473761,0.45517108338283857,1.8223539357732141,1.3251587409005843,0.2238388496023228,9.056674162740144,15.25885735568033,19.02207729739348,0.0275957041521214,1.0,0.4666666666666667,7.4408,25.28648551636826,8.21187442972245,Wh,8.21187442972245,Wh
238,606c70611b1c0ad40911165789abb0da,ARIMA,"{""p"": 4, ""d"": 2, ""q"": 12, ""regression_type"": null}","{""fillna"": ""ffill"", ""transformations"": {""0"": ""Scaler"", ""1"": ""Scaler""}, ""transformation_params"": {""0"": {}, ""1"": {}}}",0,1,10.05107894564929,0.5487067856953388,0.6476891215510571,1.0741368974849381,0.5487067856953388,0.0,-20.989540652230236,0.503018807549872,11.932866489490092,0.4579004144280678,0.7135209206374379,1.0,0.4666666666666667,1.2744641727701236,0.8,1.574267301473761,0.45517108338283857,1.8223539357732141,1.3251587409005843,0.2238388496023228,9.056674162740144,15.25885735568033,19.02207729739348,0.0275957041521214,10.05107894564929,0.5487067856953388,0.6476891215510571,1.0741368974849381,0.5487067856953388,0.0,0.503018807549872,0.4579004144280678,0.7135209206374379,1.2744641727701236,0.8,1.574267301473761,0.45517108338283857,1.8223539357732141,1.3251587409005843,0.2238388496023228,9.056674162740144,15.25885735568033,19.02207729739348,0.0275957041521214,1.0,0.4666666666666667,7.4356,25.286484289689206,8.21187442972245,Wh,8.21187442972245,Wh
239,f85174f40e0ec0ef61309efe14b09ee3,ARIMA,"{""p"": 4, ""d"": 2, ""q"": 12, ""regression_type"": null}","{""fillna"": ""linear"", ""transformations"": {""0"": ""Scaler""}, ""transformation_params"": {""0"": {}}}",0,1,10.05107894564929,0.5487067856953388,0.6476891215510571,1.0741368974849381,0.5487067856953388,0.0,-20.989540652230236,0.503018807549872,11.932866489490092,0.4579004144280678,0.7135209206374379,1.0,0.4666666666666667,1.2744641727701236,0.8,1.574267301473761,0.45517108338283857,1.8223539357732141,1.3251587409005843,0.2238388496023228,9.056674162740144,15.25885735568033,19.02207729739348,0.0275957041521214,10.05107894564929,0.5487067856953388,0.6476891215510571,1.0741368974849381,0.5487067856953388,0.0,0.503018807549872,0.4579004144280678,0.7135209206374379,1.2744641727701236,0.8,1.574267301473761,0.45517108338283857,1.8223539357732141,1.3251587409005843,0.2238388496023228,9.056674162740144,15.25885735568033,19.02207729739348,0.0275957041521214,1.0,0.4666666666666667,7.4162,25.28647971323274,8.21187442972245,Wh,8.21187442972245,Wh
240,d7987d82a81ea3f1781d15d0c8d7bfdc,ARIMA,"{""p"": 3, ""d"": 2, ""q"": 12, ""regression_type"": ""Holiday""}","{""fillna"": ""linear"", ""transformations"": {""0"": ""Scaler"", ""1"": ""Scaler"", ""2"": ""Scaler""}, ""transformation_params"": {""0"": {}, ""1"": {}, ""2"": {}}}",0,1,10.052347730587522,0.5480463379221961,0.6476639043772184,1.0760170184442839,0.5480463379221961,0.0,-16.408221736514648,0.4796729490685066,16.474558538817124,0.4808865341863905,0.7174968873913601,1.0,0.4666666666666667,1.4926374362013792,0.8,1.5712105617046166,0.45230340994721874,1.86580333913995,1.855549024384513,0.24789795888108604,0.06633680230248018,7.095512346116356,17.780471488848413,0.00020212836829973222,10.052347730587522,0.5480463379221961,0.6476639043772184,1.0760170184442839,0.5480463379221961,0.0,0.4796729490685066,0.4808865341863905,0.7174968873913601,1.4926374362013792,0.8,1.5712105617046166,0.45230340994721874,1.86580333913995,1.855549024384513,0.24789795888108604,0.06633680230248018,7.095512346116356,17.780471488848413,0.00020212836829973222,1.0,0.4666666666666667,4.4614,25.273588287919175,8.201990254199515,Wh,8.201990254199515,Wh
241,7df46e332872ba5197914841a32f6551,ARIMA,"{""p"": 3, ""d"": 2, ""q"": 12, ""regression_type"": ""Holiday""}","{""fillna"": ""ffill"", ""transformations"": {""0"": ""Scaler"", ""1"": ""Scaler"", ""2"": ""Scaler""}, ""transformation_params"": {""0"": {}, ""1"": {}, ""2"": {}}}",0,1,10.052347730587522,0.5480463379221961,0.6476639043772184,1.0760170184442839,0.5480463379221961,0.0,-16.408221736514648,0.4796729490685066,16.474558538817124,0.4808865341863905,0.7174968873913601,1.0,0.4666666666666667,1.4926374362013792,0.8,1.5712105617046166,0.45230340994721874,1.86580333913995,1.855549024384513,0.24789795888108604,0.06633680230248018,7.095512346116356,17.780471488848413,0.00020212836829973222,10.052347730587522,0.5480463379221961,0.6476639043772184,1.0760170184442839,0.5480463379221961,0.0,0.4796729490685066,0.4808865341863905,0.7174968873913601,1.4926374362013792,0.8,1.5712105617046166,0.45230340994721874,1.86580333913995,1.855549024384513,0.24789795888108604,0.06633680230248018,7.095512346116356,17.780471488848413,0.00020212836829973222,1.0,0.4666666666666667,4.4561,25.27358703765014,8.201990254199515,Wh,8.201990254199515,Wh
242,767bcb0f289cafea7d3bfac39c92fff7,ARIMA,"{""p"": 3, ""d"": 2, ""q"": 12, ""regression_type"": ""Holiday""}","{""fillna"": ""linear"", ""transformations"": {""0"": ""Scaler"", ""1"": ""Scaler""}, ""transformation_params"": {""0"": {}, ""1"": {}}}",0,1,10.052347730587522,0.5480463379221961,0.6476639043772184,1.0760170184442839,0.5480463379221961,0.0,-16.408221736514648,0.4796729490685066,16.474558538817124,0.4808865341863905,0.7174968873913601,1.0,0.4666666666666667,1.4926374362013792,0.8,1.5712105617046166,0.45230340994721874,1.86580333913995,1.855549024384513,0.24789795888108604,0.06633680230248018,7.095512346116356,17.780471488848413,0.00020212836829973222,10.052347730587522,0.5480463379221961,0.6476639043772184,1.0760170184442839,0.5480463379221961,0.0,0.4796729490685066,0.4808865341863905,0.7174968873913601,1.4926374362013792,0.8,1.5712105617046166,0.45230340994721874,1.86580333913995,1.855549024384513,0.24789795888108604,0.06633680230248018,7.095512346116356,17.780471488848413,0.00020212836829973222,1.0,0.4666666666666667,4.4247,25.27357963039586,8.201990254199515,Wh,8.201990254199515,Wh
243,7634fc727f87bab4453a1a7ddf685cad,RollingRegression,"{""regression_model"": {""model"": ""ExtraTrees"", ""model_params"": {""n_estimators"": 100, ""min_samples_leaf"": 1, ""max_depth"": 10}}, ""holiday"": true, ""mean_rolling_periods"": null, ""macd_periods"": null, ""std_rolling_periods"": 30, ""max_rolling_periods"": null, ""min_rolling_periods"": 2, ""ewm_var_alpha"": null, ""quantile90_rolling_periods"": null, ""quantile10_rolling_periods"": null, ""ewm_alpha"": null, ""additional_lag_periods"": 27, ""abs_energy"": false, ""rolling_autocorr_periods"": null, ""nonzero_last_n"": null, ""add_date_part"": null, ""polynomial_degree"": null, ""x_transform"": null, ""regression_type"": null}","{""fillna"": ""linear"", ""transformations"": {""0"": ""Scaler"", ""1"": ""Scaler""}, ""transformation_params"": {""0"": {}, ""1"": {}}}",0,4,10.552171952365338,0.6864132532162328,0.8596372864070447,0.7448974847775767,0.6864132532162328,0.0,-53.813495270592256,0.5306030006236521,110.92568550130362,0.629853120864808,0.5076326065965467,0.9791666666666666,0.5541666666666667,3.8176540613174437,0.7333333333333334,1.4362975850309654,0.5269092432754487,2.939304283398252,1.1163273324853507,0.4683628886349115,14.27804755767784,6.2751701142163,10.600457525549812,0.03538954032748576,10.552171952365338,0.6864132532162328,0.8596372864070447,0.7448974847775767,0.6864132532162328,0.0,0.5306030006236521,0.629853120864808,0.5076326065965467,3.8176540613174437,0.7333333333333334,1.4362975850309654,0.5269092432754487,2.939304283398252,1.1163273324853507,0.4683628886349115,14.27804755767784,6.2751701142163,10.600457525549812,0.03538954032748576,0.9791666666666666,0.5541666666666667,8.0661,23.736058163528256,14.467863747251675,Wh,14.467863747251675,Wh
244,fda6f2211baea2cc674372d11442d16e,DatepartRegression,"{""regression_model"": {""model"": ""RandomForest"", ""model_params"": {""n_estimators"": 100, ""min_samples_leaf"": 2, ""bootstrap"": true}}, ""datepart_method"": ""expanded"", ""polynomial_degree"": null, ""holiday_countries_used"": false, ""lags"": null, ""forward_lags"": null, ""regression_type"": null}","{""fillna"": ""ffill"", ""transformations"": {}, ""transformation_params"": {}}",0,4,10.0801677926,0.6463155100216025,0.8404339781054009,0.7125933961254509,0.6463155100216025,0.0,-43.039976775000454,0.49408855648283145,112.07574563018414,0.602290788630056,0.5070059473107943,0.9833333333333333,0.45,4.010746652262552,0.6708333333333334,1.462964594748115,0.47841341819716426,2.6739201249502393,1.1338649450439187,0.2143448800466229,17.258942213795923,9.002178273965237,14.717605540954398,0.04769012876135871,10.0801677926,0.6463155100216025,0.8404339781054009,0.7125933961254509,0.6463155100216025,0.0,0.49408855648283145,0.602290788630056,0.5070059473107943,4.010746652262552,0.6708333333333334,1.462964594748115,0.47841341819716426,2.6739201249502393,1.1338649450439187,0.2143448800466229,17.258942213795923,9.002178273965237,14.717605540954398,0.04769012876135871,0.9833333333333333,0.45,0.28125,23.091635585137848,11.60716485580274,Wh,11.60716485580274,Wh
245,a78e7dcbf333136615a2192153b54d61,DatepartRegression,"{""regression_model"": {""model"": ""RandomForest"", ""model_params"": {""n_estimators"": 100, ""min_samples_leaf"": 2, ""bootstrap"": true}}, ""datepart_method"": ""expanded"", ""polynomial_degree"": null, ""holiday_countries_used"": false, ""lags"": null, ""forward_lags"": null, ""regression_type"": null}","{""fillna"": ""zero"", ""transformations"": {""0"": ""Scaler""}, ""transformation_params"": {""0"": {}}}",0,4,10.080167792600003,0.6463155100216026,0.8404339781054011,0.7125933961254507,0.6463155100216026,0.0,-43.039976775000426,0.49408855648283156,112.0757456301842,0.6022907886300561,0.5070059473107943,0.9833333333333333,0.45,4.010746652262552,0.6708333333333334,1.4629645947481151,0.47841341819716443,2.6739201249502402,1.1338649450439187,0.2143448800466229,17.258942213795944,9.002178273965265,14.717605540954406,0.047690128761358766,10.080167792600003,0.6463155100216026,0.8404339781054011,0.7125933961254507,0.6463155100216026,0.0,0.49408855648283156,0.6022907886300561,0.5070059473107943,4.010746652262552,0.6708333333333334,1.4629645947481151,0.47841341819716443,2.6739201249502402,1.1338649450439187,0.2143448800466229,17.258942213795944,9.002178273965265,14.717605540954406,0.047690128761358766,0.9833333333333333,0.45,0.2784,23.091634912823373,11.60716485580274,Wh,11.60716485580274,Wh
246,f06fbd1aee6bada03029191d1817a5d4,DatepartRegression,"{""regression_model"": {""model"": ""RandomForest"", ""model_params"": {""n_estimators"": 100, ""min_samples_leaf"": 2, ""bootstrap"": true}}, ""datepart_method"": ""expanded"", ""polynomial_degree"": null, ""holiday_countries_used"": false, ""lags"": null, ""forward_lags"": null, ""regression_type"": null}","{""fillna"": ""ffill"", ""transformations"": {""0"": ""Scaler""}, ""transformation_params"": {""0"": {}}}",0,4,10.080167792599998,0.6463155100216024,0.8404339781054007,0.7125933961254508,0.6463155100216024,0.0,-43.03997677500044,0.49408855648283134,112.07574563018412,0.6022907886300559,0.5070059473107943,0.9833333333333333,0.45,4.010746652262551,0.6708333333333334,1.462964594748115,0.4784134181971642,2.6739201249502385,1.1338649450439178,0.2143448800466229,17.25894221379592,9.002178273965233,14.717605540954407,0.0476901287613587,10.080167792599998,0.6463155100216024,0.8404339781054007,0.7125933961254508,0.6463155100216024,0.0,0.49408855648283134,0.6022907886300559,0.5070059473107943,4.010746652262551,0.6708333333333334,1.462964594748115,0.4784134181971642,2.6739201249502385,1.1338649450439178,0.2143448800466229,17.25894221379592,9.002178273965233,14.717605540954407,0.0476901287613587,0.9833333333333333,0.45,0.25465,23.09162931020269,11.60716485580274,Wh,11.60716485580274,Wh
247,b4440d6f0d07264ea42e6de476236f8b,DatepartRegression,"{""regression_model"": {""model"": ""RandomForest"", ""model_params"": {""n_estimators"": 100, ""min_samples_leaf"": 2, ""bootstrap"": true}}, ""datepart_method"": ""expanded"", ""polynomial_degree"": null, ""holiday_countries_used"": false, ""lags"": null, ""forward_lags"": null, ""regression_type"": null}","{""fillna"": ""pchip"", ""transformations"": {""0"": ""Scaler"", ""1"": ""Scaler""}, ""transformation_params"": {""0"": {}, ""1"": {}}}",0,4,10.080167792600001,0.6463155100216026,0.840433978105401,0.7125933961254509,0.6463155100216026,0.0,-43.03997677500047,0.49408855648283156,112.07574563018414,0.6022907886300561,0.5070059473107943,0.9833333333333333,0.45,4.010746652262551,0.6708333333333334,1.4629645947481151,0.47841341819716443,2.67392012495024,1.133864945043919,0.2143448800466229,17.25894221379592,9.002178273965258,14.717605540954398,0.047690128761358704,10.080167792600001,0.6463155100216026,0.840433978105401,0.7125933961254509,0.6463155100216026,0.0,0.49408855648283156,0.6022907886300561,0.5070059473107943,4.010746652262551,0.6708333333333334,1.4629645947481151,0.47841341819716443,2.67392012495024,1.133864945043919,0.2143448800466229,17.25894221379592,9.002178273965258,14.717605540954398,0.047690128761358704,0.9833333333333333,0.45,0.22870000000000001,23.091623188602423,11.607164855802742,Wh,11.607164855802742,Wh
248,d489e7e951151e63b5a960c17e506e4f,DatepartRegression,"{""regression_model"": {""model"": ""RandomForest"", ""model_params"": {""n_estimators"": 100, ""min_samples_leaf"": 2, ""bootstrap"": true}}, ""datepart_method"": ""expanded"", ""polynomial_degree"": null, ""holiday_countries_used"": false, ""lags"": null, ""forward_lags"": null, ""regression_type"": null}","{""fillna"": ""linear"", ""transformations"": {""0"": ""Scaler"", ""1"": ""Scaler""}, ""transformation_params"": {""0"": {}, ""1"": {}}}",0,4,10.080167792599998,0.6463155100216023,0.8404339781054007,0.7125933961254508,0.6463155100216023,0.0,-43.03997677500047,0.49408855648283134,112.07574563018409,0.6022907886300558,0.5070059473107943,0.9833333333333333,0.45,4.010746652262552,0.6708333333333334,1.462964594748115,0.4784134181971642,2.6739201249502385,1.1338649450439178,0.2143448800466229,17.2589422137959,9.002178273965228,14.717605540954398,0.047690128761358655,10.080167792599998,0.6463155100216023,0.8404339781054007,0.7125933961254508,0.6463155100216023,0.0,0.49408855648283134,0.6022907886300558,0.5070059473107943,4.010746652262552,0.6708333333333334,1.462964594748115,0.4784134181971642,2.6739201249502385,1.1338649450439178,0.2143448800466229,17.2589422137959,9.002178273965228,14.717605540954398,0.047690128761358655,0.9833333333333333,0.45,0.2235,23.091621961923362,11.607164855802736,Wh,11.607164855802736,Wh
249,b037b9590cfb05317e9d8064bf7e6e1a,DatepartRegression,"{""regression_model"": {""model"": ""RandomForest"", ""model_params"": {""n_estimators"": 100, ""min_samples_leaf"": 2, ""bootstrap"": true}}, ""datepart_method"": ""expanded"", ""polynomial_degree"": null, ""holiday_countries_used"": false, ""lags"": null, ""forward_lags"": null, ""regression_type"": null}","{""fillna"": ""linear"", ""transformations"": {""0"": ""Scaler"", ""1"": ""Scaler"", ""2"": ""Scaler""}, ""transformation_params"": {""0"": {}, ""1"": {}, ""2"": {}}}",0,4,10.080167792599998,0.6463155100216025,0.8404339781054008,0.7125933961254507,0.6463155100216025,0.0,-43.03997677500047,0.4940885564828314,112.07574563018412,0.6022907886300559,0.5070059473107943,0.9833333333333333,0.45,4.010746652262551,0.6708333333333334,1.462964594748115,0.47841341819716426,2.673920124950239,1.1338649450439184,0.2143448800466229,17.258942213795912,9.00217827396524,14.717605540954409,0.04769012876135869,10.080167792599998,0.6463155100216025,0.8404339781054008,0.7125933961254507,0.6463155100216025,0.0,0.4940885564828314,0.6022907886300559,0.5070059473107943,4.010746652262551,0.6708333333333334,1.462964594748115,0.47841341819716426,2.673920124950239,1.1338649450439184,0.2143448800466229,17.258942213795912,9.00217827396524,14.717605540954409,0.04769012876135869,0.9833333333333333,0.45,0.2187,23.09162082960424,11.60716485580274,Wh,11.60716485580274,Wh
250,c4d21bff0a095f0d19cbaa60388e63a4,DatepartRegression,"{""regression_model"": {""model"": ""RandomForest"", ""model_params"": {""n_estimators"": 100, ""min_samples_leaf"": 2, ""bootstrap"": true}}, ""datepart_method"": ""expanded"", ""polynomial_degree"": null, ""holiday_countries_used"": false, ""lags"": null, ""forward_lags"": null, ""regression_type"": null}","{""fillna"": ""linear"", ""transformations"": {""0"": ""Scaler""}, ""transformation_params"": {""0"": {}}}",0,4,10.080167792599998,0.6463155100216024,0.8404339781054007,0.7125933961254508,0.6463155100216024,0.0,-43.039976775000454,0.49408855648283134,112.0757456301841,0.6022907886300558,0.5070059473107943,0.9833333333333333,0.45,4.010746652262551,0.6708333333333334,1.462964594748115,0.47841341819716415,2.673920124950239,1.1338649450439182,0.2143448800466229,17.258942213795912,9.002178273965242,14.717605540954407,0.04769012876135868,10.080167792599998,0.6463155100216024,0.8404339781054007,0.7125933961254508,0.6463155100216024,0.0,0.49408855648283134,0.6022907886300558,0.5070059473107943,4.010746652262551,0.6708333333333334,1.462964594748115,0.47841341819716415,2.673920124950239,1.1338649450439182,0.2143448800466229,17.258942213795912,9.002178273965242,14.717605540954407,0.04769012876135868,0.9833333333333333,0.45,0.2186,23.09162080601426,11.607164855802742,Wh,11.607164855802742,Wh
251,8749368320c831d7f203af1276ffa7a5,DatepartRegression,"{""regression_model"": {""model"": ""RandomForest"", ""model_params"": {""n_estimators"": 100, ""min_samples_leaf"": 2, ""bootstrap"": true}}, ""datepart_method"": ""expanded"", ""polynomial_degree"": null, ""holiday_countries_used"": false, ""lags"": null, ""forward_lags"": null, ""regression_type"": null}","{""fillna"": ""ffill"", ""transformations"": {""0"": ""Scaler"", ""1"": ""Scaler""}, ""transformation_params"": {""0"": {}, ""1"": {}}}",0,4,10.080167792599998,0.6463155100216024,0.8404339781054007,0.7125933961254509,0.6463155100216024,0.0,-43.03997677500047,0.49408855648283134,112.0757456301841,0.6022907886300558,0.5070059473107943,0.9833333333333333,0.45,4.010746652262551,0.6708333333333334,1.462964594748115,0.4784134181971642,2.6739201249502385,1.1338649450439182,0.2143448800466229,17.258942213795905,9.002178273965232,14.717605540954402,0.047690128761358676,10.080167792599998,0.6463155100216024,0.8404339781054007,0.7125933961254509,0.6463155100216024,0.0,0.49408855648283134,0.6022907886300558,0.5070059473107943,4.010746652262551,0.6708333333333334,1.462964594748115,0.4784134181971642,2.6739201249502385,1.1338649450439182,0.2143448800466229,17.258942213795905,9.002178273965232,14.717605540954402,0.047690128761358676,0.9833333333333333,0.45,0.213825,23.09161967959263,11.60716485580274,Wh,11.60716485580274,Wh
252,b5c631c0f3bfb43b60f222eccb6ea929,RollingRegression,"{""regression_model"": {""model"": ""ExtraTrees"", ""model_params"": {""n_estimators"": 100, ""min_samples_leaf"": 1, ""max_depth"": 10}}, ""holiday"": false, ""mean_rolling_periods"": 7, ""macd_periods"": 12, ""std_rolling_periods"": 30, ""max_rolling_periods"": null, ""min_rolling_periods"": 28, ""ewm_var_alpha"": null, ""quantile90_rolling_periods"": null, ""quantile10_rolling_periods"": null, ""ewm_alpha"": null, ""additional_lag_periods"": 34, ""abs_energy"": false, ""rolling_autocorr_periods"": null, ""nonzero_last_n"": null, ""add_date_part"": null, ""polynomial_degree"": null, ""x_transform"": null, ""regression_type"": null}","{""fillna"": ""fake_date"", ""transformations"": {""0"": ""Scaler"", ""1"": ""Scaler"", ""2"": ""Scaler""}, ""transformation_params"": {""0"": {}, ""1"": {}, ""2"": {}}}",0,4,9.60183067983571,0.6198364000043902,0.8217220850314891,0.6810625390261446,0.6198364000043902,0.0,-32.12922064323782,0.45971130936377386,116.63151535781583,0.5911570064360706,0.5071233927966411,0.9874999999999999,0.45833333333333337,3.9900061575571693,0.7333333333333334,1.4007896562363358,0.44890186074294836,2.6102150895040186,0.8050592321068772,0.23891001112275317,21.1255736786445,10.55329492968127,14.62108245394834,0.05570487714884188,9.60183067983571,0.6198364000043902,0.8217220850314891,0.6810625390261446,0.6198364000043902,0.0,0.45971130936377386,0.5911570064360706,0.5071233927966411,3.9900061575571693,0.7333333333333334,1.4007896562363358,0.44890186074294836,2.6102150895040186,0.8050592321068772,0.23891001112275317,21.1255736786445,10.55329492968127,14.62108245394834,0.05570487714884188,0.9874999999999999,0.45833333333333337,1.9224,22.516969685351423,10.770635955222957,Wh,10.770635955222957,Wh
253,4b41adabf2fe987222e0bab02aa1297d,RollingRegression,"{""regression_model"": {""model"": ""ExtraTrees"", ""model_params"": {""n_estimators"": 100, ""min_samples_leaf"": 1, ""max_depth"": 10}}, ""holiday"": false, ""mean_rolling_periods"": null, ""macd_periods"": null, ""std_rolling_periods"": 30, ""max_rolling_periods"": null, ""min_rolling_periods"": 28, ""ewm_var_alpha"": null, ""quantile90_rolling_periods"": null, ""quantile10_rolling_periods"": null, ""ewm_alpha"": null, ""additional_lag_periods"": 27, ""abs_energy"": false, ""rolling_autocorr_periods"": null, ""nonzero_last_n"": null, ""add_date_part"": null, ""polynomial_degree"": null, ""x_transform"": null, ""regression_type"": null}","{""fillna"": ""linear"", ""transformations"": {""0"": ""Scaler"", ""1"": ""Scaler""}, ""transformation_params"": {""0"": {}, ""1"": {}}}",0,4,9.527248342548509,0.6189825393780195,0.7916418691495737,0.7205014341327884,0.6189825393780195,0.0,-65.12346160483159,0.5067498782240517,83.43234784589312,0.5469218020343986,0.5065530897762562,0.9916666666666667,0.5375000000000001,3.8697234153747555,0.75,1.3906113847830543,0.4677748533861968,2.571574534058165,0.7447224105424348,0.2670087900537766,4.577221560265382,3.8494833700840223,13.683567573013864,0.011756519531671778,9.527248342548509,0.6189825393780195,0.7916418691495737,0.7205014341327884,0.6189825393780195,0.0,0.5067498782240517,0.5469218020343986,0.5065530897762562,3.8697234153747555,0.75,1.3906113847830543,0.4677748533861968,2.571574534058165,0.7447224105424348,0.2670087900537766,4.577221560265382,3.8494833700840223,13.683567573013864,0.011756519531671778,0.9916666666666667,0.5375000000000001,1.9185249999999998,22.26942010247527,13.02710079582638,Wh,13.02710079582638,Wh
254,6f4a4c3c0fd7ed39a9f51ba75eaa21ae,RollingRegression,"{""regression_model"": {""model"": ""ExtraTrees"", ""model_params"": {""n_estimators"": 100, ""min_samples_leaf"": 1, ""max_depth"": 10}}, ""holiday"": false, ""mean_rolling_periods"": null, ""macd_periods"": null, ""std_rolling_periods"": 30, ""max_rolling_periods"": null, ""min_rolling_periods"": 28, ""ewm_var_alpha"": null, ""quantile90_rolling_periods"": null, ""quantile10_rolling_periods"": null, ""ewm_alpha"": null, ""additional_lag_periods"": 27, ""abs_energy"": false, ""rolling_autocorr_periods"": null, ""nonzero_last_n"": null, ""add_date_part"": null, ""polynomial_degree"": null, ""x_transform"": null, ""regression_type"": null}","{""fillna"": ""fake_date"", ""transformations"": {""0"": ""Scaler"", ""1"": ""Scaler"", ""2"": ""Scaler""}, ""transformation_params"": {""0"": {}, ""1"": {}, ""2"": {}}}",0,4,9.527248342548507,0.6189825393780195,0.7916418691495737,0.7205014341327884,0.6189825393780195,0.0,-65.12346160483158,0.5067498782240516,83.43234784589312,0.5469218020343984,0.5065530897762562,0.9916666666666667,0.5375000000000001,3.8697234153747555,0.75,1.3906113847830543,0.46777485338619673,2.571574534058165,0.7447224105424349,0.2670087900537766,4.577221560265384,3.8494833700840223,13.683567573013864,0.011756519531671781,9.527248342548507,0.6189825393780195,0.7916418691495737,0.7205014341327884,0.6189825393780195,0.0,0.5067498782240516,0.5469218020343984,0.5065530897762562,3.8697234153747555,0.75,1.3906113847830543,0.46777485338619673,2.571574534058165,0.7447224105424349,0.2670087900537766,4.577221560265384,3.8494833700840223,13.683567573013864,0.011756519531671781,0.9916666666666667,0.5375000000000001,1.874475,22.269409711088294,13.02710079582638,Wh,13.02710079582638,Wh
255,8c34b0e5301d355cb95ef24d1bcace4a,RollingRegression,"{""regression_model"": {""model"": ""ExtraTrees"", ""model_params"": {""n_estimators"": 100, ""min_samples_leaf"": 1, ""max_depth"": 10}}, ""holiday"": false, ""mean_rolling_periods"": null, ""macd_periods"": null, ""std_rolling_periods"": 30, ""max_rolling_periods"": null, ""min_rolling_periods"": 28, ""ewm_var_alpha"": null, ""quantile90_rolling_periods"": null, ""quantile10_rolling_periods"": null, ""ewm_alpha"": null, ""additional_lag_periods"": 27, ""abs_energy"": false, ""rolling_autocorr_periods"": null, ""nonzero_last_n"": null, ""add_date_part"": null, ""polynomial_degree"": null, ""x_transform"": null, ""regression_type"": null}","{""fillna"": ""linear"", ""transformations"": {""0"": ""Scaler"", ""1"": ""Scaler"", ""2"": ""Scaler"", ""3"": ""Scaler"", ""4"": ""Scaler""}, ""transformation_params"": {""0"": {}, ""1"": {}, ""2"": {}, ""3"": {}, ""4"": {}}}",0,4,9.527248342548507,0.6189825393780195,0.7916418691495735,0.7205014341327883,0.6189825393780195,0.0,-65.12346160483158,0.5067498782240516,83.43234784589312,0.5469218020343984,0.5065530897762562,0.9916666666666667,0.5375000000000001,3.8697234153747555,0.75,1.3906113847830543,0.4677748533861968,2.571574534058165,0.7447224105424347,0.2670087900537766,4.577221560265385,3.8494833700840223,13.683567573013864,0.011756519531671783,9.527248342548507,0.6189825393780195,0.7916418691495735,0.7205014341327883,0.6189825393780195,0.0,0.5067498782240516,0.5469218020343984,0.5065530897762562,3.8697234153747555,0.75,1.3906113847830543,0.4677748533861968,2.571574534058165,0.7447224105424347,0.2670087900537766,4.577221560265385,3.8494833700840223,13.683567573013864,0.011756519531671783,0.9916666666666667,0.5375000000000001,1.87375,22.269409540060927,13.02710079582638,Wh,13.02710079582638,Wh
256,18f6802b9040e50736c9c219e096ebfc,RollingRegression,"{""regression_model"": {""model"": ""ExtraTrees"", ""model_params"": {""n_estimators"": 100, ""min_samples_leaf"": 1, ""max_depth"": 10}}, ""holiday"": false, ""mean_rolling_periods"": null, ""macd_periods"": null, ""std_rolling_periods"": 30, ""max_rolling_periods"": null, ""min_rolling_periods"": 28, ""ewm_var_alpha"": null, ""quantile90_rolling_periods"": null, ""quantile10_rolling_periods"": null, ""ewm_alpha"": null, ""additional_lag_periods"": 27, ""abs_energy"": false, ""rolling_autocorr_periods"": null, ""nonzero_last_n"": null, ""add_date_part"": null, ""polynomial_degree"": null, ""x_transform"": null, ""regression_type"": null}","{""fillna"": ""linear"", ""transformations"": {""0"": ""Scaler"", ""1"": ""Scaler"", ""2"": ""Scaler""}, ""transformation_params"": {""0"": {}, ""1"": {}, ""2"": {}}}",0,4,9.527248342548507,0.6189825393780195,0.7916418691495737,0.7205014341327883,0.6189825393780195,0.0,-65.12346160483158,0.5067498782240516,83.43234784589312,0.5469218020343984,0.5065530897762562,0.9916666666666667,0.5375000000000001,3.8697234153747555,0.75,1.3906113847830543,0.46777485338619673,2.571574534058165,0.7447224105424345,0.2670087900537766,4.577221560265384,3.8494833700840214,13.683567573013864,0.011756519531671781,9.527248342548507,0.6189825393780195,0.7916418691495737,0.7205014341327883,0.6189825393780195,0.0,0.5067498782240516,0.5469218020343984,0.5065530897762562,3.8697234153747555,0.75,1.3906113847830543,0.46777485338619673,2.571574534058165,0.7447224105424345,0.2670087900537766,4.577221560265384,3.8494833700840214,13.683567573013864,0.011756519531671781,0.9916666666666667,0.5375000000000001,1.851825,22.26940436795742,13.02710079582638,Wh,13.02710079582638,Wh
257,01a257c08bb6e26ec87d00eff9069325,RollingRegression,"{""regression_model"": {""model"": ""BayesianRidge"", ""model_params"": {}}, ""holiday"": false, ""mean_rolling_periods"": null, ""macd_periods"": null, ""std_rolling_periods"": 7, ""max_rolling_periods"": null, ""min_rolling_periods"": 28, ""ewm_var_alpha"": null, ""quantile90_rolling_periods"": null, ""quantile10_rolling_periods"": null, ""ewm_alpha"": 0.1, ""additional_lag_periods"": 27, ""abs_energy"": false, ""rolling_autocorr_periods"": null, ""nonzero_last_n"": null, ""add_date_part"": ""simple_binarized"", ""polynomial_degree"": null, ""x_transform"": null, ""regression_type"": null}","{""fillna"": ""ffill_mean_biased"", ""transformations"": {""0"": ""Scaler"", ""1"": ""Scaler"", ""2"": ""Scaler"", ""3"": ""Scaler"", ""4"": ""Scaler""}, ""transformation_params"": {""0"": {}, ""1"": {}, ""2"": {}, ""3"": {}, ""4"": {}}}",0,3,8.828737408478064,0.5388794576274651,0.6697834764236595,0.730847860830092,0.5388794576274651,0.0,-32.38360600159285,0.43996875295224286,64.61469637135087,0.49958517482151127,0.5588171926248017,0.9888888888888889,0.5055555555555555,2.3355468799163646,0.7277777777777779,1.4408568352236149,0.4141205984986989,1.9574341206871397,0.8647234484969267,0.012519618111514016,14.419763928393271,12.149358005193335,20.553491283410732,0.03784767205866826,8.828737408478064,0.5388794576274651,0.6697834764236595,0.730847860830092,0.5388794576274651,0.0,0.43996875295224286,0.49958517482151127,0.5588171926248017,2.3355468799163646,0.7277777777777779,1.4408568352236149,0.4141205984986989,1.9574341206871397,0.8647234484969267,0.012519618111514016,14.419763928393271,12.149358005193335,20.553491283410732,0.03784767205866826,0.9888888888888889,0.5055555555555555,0.6224333333333333,21.76071106617158,8.977087512810371,Wh,8.977087512810371,Wh
258,941ec1c1c4d02d05b7d4df4a44dfd9a1,RollingRegression,"{""regression_model"": {""model"": ""BayesianRidge"", ""model_params"": {}}, ""holiday"": false, ""mean_rolling_periods"": 30, ""macd_periods"": 24, ""std_rolling_periods"": 30, ""max_rolling_periods"": 2, ""min_rolling_periods"": 28, ""ewm_var_alpha"": null, ""quantile90_rolling_periods"": null, ""quantile10_rolling_periods"": null, ""ewm_alpha"": 0.1, ""additional_lag_periods"": 3, ""abs_energy"": false, ""rolling_autocorr_periods"": null, ""nonzero_last_n"": null, ""add_date_part"": ""simple_binarized"", ""polynomial_degree"": null, ""x_transform"": null, ""regression_type"": null}","{""fillna"": ""linear"", ""transformations"": {""0"": ""Scaler"", ""1"": ""Scaler"", ""2"": ""Scaler""}, ""transformation_params"": {""0"": {}, ""1"": {}, ""2"": {}}}",0,4,9.005569742917066,0.5832686958819494,0.7609760448301757,0.6664800343856417,0.5832686958819494,0.0,-42.586778145962626,0.45778161563123165,97.39770886570523,0.5430533866046023,0.5076959230427323,0.9874999999999999,0.4916666666666667,4.235948061895897,0.6958333333333333,1.4160867695166406,0.4278807890122393,2.265410634988781,0.8206084118067947,0.011701377696512378,16.507688880089916,10.175125707291073,18.669880445557958,0.040557442656003355,9.005569742917066,0.5832686958819494,0.7609760448301757,0.6664800343856417,0.5832686958819494,0.0,0.45778161563123165,0.5430533866046023,0.5076959230427323,4.235948061895897,0.6958333333333333,1.4160867695166406,0.4278807890122393,2.265410634988781,0.8206084118067947,0.011701377696512378,16.507688880089916,10.175125707291073,18.669880445557958,0.040557442656003355,0.9874999999999999,0.4916666666666667,0.706475,21.624779093550714,10.777827553238001,Wh,10.777827553238001,Wh
259,1065d0923091d92b1d6a8e720e9f186a,WindowRegression,"{""window_size"": 10, ""input_dim"": ""univariate"", ""output_dim"": ""1step"", ""normalize_window"": false, ""max_windows"": 5000000, ""fourier_encoding_components"": null, ""scale"": true, ""datepart_method"": null, ""regression_type"": null, ""regression_model"": {""model"": ""HistGradientBoost"", ""model_params"": {""loss"": ""squared_error"", ""learning_rate"": 0.01, ""max_depth"": 20, ""min_samples_leaf"": 20, ""max_iter"": 250, ""l2_regularization"": 0}}}","{""fillna"": ""linear"", ""transformations"": {""0"": ""Scaler"", ""1"": ""Scaler"", ""2"": ""Scaler""}, ""transformation_params"": {""0"": {}, ""1"": {}, ""2"": {}}}",0,4,10.405412966931694,0.6694129439789424,0.8642429471916474,0.6690098604146564,0.6694129439789424,0.0,-34.09624677733319,0.4965805124706424,126.56285977761297,0.6364165447851722,0.38248170286178984,0.8458333333333333,0.4875,3.879734791242159,0.65,1.4730933854889061,0.4986000584120707,2.868522980470334,1.012927358735281,0.03321780825705452,23.116653250069948,12.636460992071997,18.16819922027003,0.06316266992671736,10.405412966931694,0.6694129439789424,0.8642429471916474,0.6690098604146564,0.6694129439789424,0.0,0.4965805124706424,0.6364165447851722,0.38248170286178984,3.879734791242159,0.65,1.4730933854889061,0.4986000584120707,2.868522980470334,1.012927358735281,0.03321780825705452,23.116653250069948,12.636460992071997,18.16819922027003,0.06316266992671736,0.8458333333333333,0.4875,0.8005500000000001,21.550264448046214,11.750957650665105,Wh,11.750957650665105,Wh
260,77e0e9708d5ab43331568b75ee7010de,WindowRegression,"{""window_size"": 10, ""input_dim"": ""univariate"", ""output_dim"": ""1step"", ""normalize_window"": false, ""max_windows"": 5000000, ""fourier_encoding_components"": null, ""scale"": true, ""datepart_method"": null, ""regression_type"": null, ""regression_model"": {""model"": ""HistGradientBoost"", ""model_params"": {""loss"": ""squared_error"", ""learning_rate"": 0.01, ""max_depth"": 20, ""min_samples_leaf"": 20, ""max_iter"": 250, ""l2_regularization"": 0}}}","{""fillna"": ""ffill"", ""transformations"": {""0"": ""Scaler"", ""1"": ""Scaler"", ""2"": ""Scaler""}, ""transformation_params"": {""0"": {}, ""1"": {}, ""2"": {}}}",0,4,10.405412966931694,0.6694129439789424,0.8642429471916474,0.6690098604146564,0.6694129439789424,0.0,-34.09624677733319,0.4965805124706424,126.56285977761297,0.6364165447851722,0.38248170286178984,0.8458333333333333,0.4875,3.879734791242159,0.65,1.4730933854889061,0.4986000584120707,2.868522980470334,1.012927358735281,0.03321780825705452,23.116653250069948,12.636460992071997,18.16819922027003,0.06316266992671736,10.405412966931694,0.6694129439789424,0.8642429471916474,0.6690098604146564,0.6694129439789424,0.0,0.4965805124706424,0.6364165447851722,0.38248170286178984,3.879734791242159,0.65,1.4730933854889061,0.4986000584120707,2.868522980470334,1.012927358735281,0.03321780825705452,23.116653250069948,12.636460992071997,18.16819922027003,0.06316266992671736,0.8458333333333333,0.4875,0.7956,21.55026328034212,11.750957650665105,Wh,11.750957650665105,Wh
