rank,ID,Model,ModelParameters,TransformationParameters,Ensemble,Runs,smape,mae,rmse,made,mage,custom,underestimate,mle,overestimate,imle,spl,containment,contour,maxe,oda,dwae,mqae,ewmae,uwmse,smoothness,mate,wasserstein,dwd,matse,smape_weighted,mae_weighted,rmse_weighted,made_weighted,mage_weighted,custom_weighted,mle_weighted,imle_weighted,spl_weighted,maxe_weighted,oda_weighted,dwae_weighted,mqae_weighted,ewmae_weighted,uwmse_weighted,smoothness_weighted,mate_weighted,wasserstein_weighted,dwd_weighted,matse_weighted,containment_weighted,contour_weighted,TotalRuntimeSeconds,Score,lowest_series_mape,lowest_series_mape_name,highest_series_mape,highest_series_mape_name
0,d0ff199777ff9c7341b4e5001890b556,ARIMA,"{""p"": 2, ""d"": 2, ""q"": 4, ""regression_type"": null}","{""fillna"": ""akima"", ""transformations"": {""0"": ""Scaler"", ""1"": ""DifferencedTransformer"", ""2"": ""Scaler"", ""3"": ""Scaler"", ""4"": ""DifferencedTransformer"", ""5"": ""MinMaxScaler""}, ""transformation_params"": {""0"": {}, ""1"": {""lag"": 1, ""fill"": ""bfill""}, ""2"": {}, ""3"": {}, ""4"": {""lag"": 2, ""fill"": ""bfill""}, ""5"": {}}}",0,1,168.59891140855692,164.4538245150129,190.81463507312722,2.272059652752688,164.4538245150129,0.0,0.0,4.724271814153055,19734.45894180155,164.4538245150129,10413.297900703867,1.0,0.48333333333333334,275.8291426755817,0.025,175.40350720269018,145.17683562109724,852.485795119418,44596.3152907203,0.10222036974136597,19734.45894180155,5732.948262407895,108.34226065055925,24.873443130122347,168.59891140855692,164.4538245150129,190.81463507312722,2.272059652752688,164.4538245150129,0.0,4.724271814153055,164.4538245150129,10413.297900703867,275.8291426755817,0.025,175.40350720269018,145.17683562109724,852.485795119418,44596.3152907203,0.10222036974136597,19734.45894180155,5732.948262407895,108.34226065055925,24.873443130122347,1.0,0.48333333333333334,0.2967,90014.70121397558,2317.4631095947784,Wh,2317.4631095947784,Wh
1,3e8188e7d2e388a315e05e96c7c3e9f0,DatepartRegression,"{""regression_model"": {""model"": ""ElasticNet"", ""model_params"": {""l1_ratio"": 0.5, ""fit_intercept"": true, ""selection"": ""cyclic"", ""max_iter"": 2000}}, ""datepart_method"": ""expanded"", ""polynomial_degree"": null, ""holiday_countries_used"": true, ""lags"": null, ""forward_lags"": null, ""regression_type"": null}","{""fillna"": ""ffill"", ""transformations"": {""0"": ""Detrend"", ""1"": ""Detrend"", ""2"": ""MinMaxScaler"", ""3"": ""Detrend"", ""4"": ""DifferencedTransformer"", ""5"": ""DifferencedTransformer""}, ""transformation_params"": {""0"": {""model"": ""GLS"", ""phi"": 1, ""window"": 365, ""transform_dict"": {""fillna"": null, ""transformations"": {""0"": ""Discretize""}, ""transformation_params"": {""0"": {""discretization"": ""center"", ""n_bins"": 20}}}}, ""1"": {""model"": ""Linear"", ""phi"": 1, ""window"": 30, ""transform_dict"": {""fillna"": null, ""transformations"": {""0"": ""ClipOutliers""}, ""transformation_params"": {""0"": {""method"": ""clip"", ""std_threshold"": 4}}}}, ""2"": {}, ""3"": {""model"": ""GLS"", ""phi"": 1, ""window"": null, ""transform_dict"": {""fillna"": null, ""transformations"": {""0"": ""EWMAFilter""}, ""transformation_params"": {""0"": {""span"": 2}}}}, ""4"": {""lag"": 1, ""fill"": ""zero""}, ""5"": {""lag"": 1, ""fill"": ""bfill""}}}",0,1,152.73309034479752,214.8016382206583,294.6634312182114,4.811403152043512,214.8016382206583,0.0,-3.1922751977431725,4.451430845269173,25773.00431128125,214.79488446708925,1033.8700395460794,1.0,0.5083333333333333,666.8746246814329,0.1,271.68373399458653,151.53211054611688,1350.3573679318133,184364.23152040227,0.09699460117886885,25769.81203608351,5334.411430263256,151.0112198943809,32.48044225807137,152.73309034479752,214.8016382206583,294.6634312182114,4.811403152043512,214.8016382206583,0.0,4.451430845269173,214.79488446708925,1033.8700395460794,666.8746246814329,0.1,271.68373399458653,151.53211054611688,1350.3573679318133,184364.23152040227,0.09699460117886885,25769.81203608351,5334.411430263256,151.0112198943809,32.48044225807137,1.0,0.5083333333333333,0.3266,10344.59618034252,3026.9583205190584,Wh,3026.9583205190584,Wh
2,c5ee23217473a40928bda80c78eb869e,DatepartRegression,"{""regression_model"": {""model"": ""ElasticNet"", ""model_params"": {""l1_ratio"": 0.5, ""fit_intercept"": true, ""selection"": ""cyclic"", ""max_iter"": 200}}, ""datepart_method"": ""common_fourier"", ""polynomial_degree"": null, ""holiday_countries_used"": false, ""lags"": null, ""forward_lags"": null, ""regression_type"": null}","{""fillna"": ""time"", ""transformations"": {""0"": ""Detrend"", ""1"": ""DifferencedTransformer"", ""2"": ""DifferencedTransformer"", ""3"": ""Detrend"", ""4"": ""Detrend""}, ""transformation_params"": {""0"": {""model"": ""Linear"", ""phi"": 0.998, ""window"": null, ""transform_dict"": null}, ""1"": {""lag"": 2, ""fill"": ""zero""}, ""2"": {""lag"": 1, ""fill"": ""bfill""}, ""3"": {""model"": ""GLS"", ""phi"": 1, ""window"": null, ""transform_dict"": null}, ""4"": {""model"": ""Linear"", ""phi"": 0.999, ""window"": null, ""transform_dict"": null}}}",0,1,167.70943413483317,5.644110763636203,5.968103102885437,0.5356638064196567,5.644110763636203,0.0,-664.4029826558111,5.5962306248148135,12.8903089805331,1.87110641963671,747.811317600996,1.0,0.5,8.351420402526855,0.9333333333333333,2.5970903362149618,5.290372608858621,23.7175367348127,45.044545480795875,0.01516102861171139,651.5126736752779,242.52054685916116,27.68518965372329,0.8211709013663288,167.70943413483317,5.644110763636203,5.968103102885437,0.5356638064196567,5.644110763636203,0.0,5.5962306248148135,1.87110641963671,747.811317600996,8.351420402526855,0.9333333333333333,2.5970903362149618,5.290372608858621,23.7175367348127,45.044545480795875,0.01516102861171139,651.5126736752779,242.52054685916116,27.68518965372329,0.8211709013663288,1.0,0.5,0.2222,6511.16866853264,79.5361161089911,Wh,79.5361161089911,Wh
3,65565019b03a6b9df4515db2a480725c,ARIMA,"{""p"": 5, ""d"": 1, ""q"": 0, ""regression_type"": null}","{""fillna"": ""cubic"", ""transformations"": {""0"": ""MinMaxScaler"", ""1"": ""Detrend"", ""2"": ""DifferencedTransformer""}, ""transformation_params"": {""0"": {}, ""1"": {""model"": ""GLS"", ""phi"": 1, ""window"": null, ""transform_dict"": null}, ""2"": {""lag"": 1, ""fill"": ""zero""}}}",0,1,96.7438736183859,14.40240617450357,16.24065382066963,0.5458928602811817,14.40240617450357,0.0,0.0,2.5766335940412413,1728.2887409404284,14.40240617450357,21.1149840324207,1.0,0.5,27.620819333747015,0.025,15.006380861922771,12.46232937332287,74.60776306932247,405.6729605619761,0.04708092301343324,1728.2887409404284,521.4941255492867,23.67480400974696,2.178346608690357,96.7438736183859,14.40240617450357,16.24065382066963,0.5458928602811817,14.40240617450357,0.0,2.5766335940412413,14.40240617450357,21.1149840324207,27.620819333747015,0.025,15.006380861922771,12.46232937332287,74.60776306932247,405.6729605619761,0.04708092301343324,1728.2887409404284,521.4941255492867,23.67480400974696,2.178346608690357,1.0,0.5,0.1231,321.70659423114034,202.95694002400722,Wh,202.95694002400722,Wh
4,d712a23e9aabe9b5aa8942c93bd3eed3,ARIMA,"{""p"": 5, ""d"": 1, ""q"": 2, ""regression_type"": null}","{""fillna"": ""median"", ""transformations"": {""0"": ""DifferencedTransformer""}, ""transformation_params"": {""0"": {""lag"": 1, ""fill"": ""zero""}}}",0,1,84.46132009709352,10.827085082680673,12.162607449961042,0.5307454979503116,10.827085082680673,0.0,0.0,2.3285912254475662,1299.2502099216808,10.827085082680673,18.038287233664754,1.0,0.5,20.76380861500982,0.025,11.277608239176827,9.399526483938365,55.80378095849057,225.61474630930164,0.029531865496229263,1299.2502099216808,395.6009682865332,26.74226128055569,1.637583594442152,84.46132009709352,10.827085082680673,12.162607449961042,0.5307454979503116,10.827085082680673,0.0,2.3285912254475662,10.827085082680673,18.038287233664754,20.76380861500982,0.025,11.277608239176827,9.399526483938365,55.80378095849057,225.61474630930164,0.029531865496229263,1299.2502099216808,395.6009682865332,26.74226128055569,1.637583594442152,1.0,0.5,0.1317,266.74684079279206,152.5739540418278,Wh,152.5739540418278,Wh
5,eeb39a598cf350311595008b075dfd08,WindowRegression,"{""window_size"": 24, ""input_dim"": ""univariate"", ""output_dim"": ""1step"", ""normalize_window"": false, ""max_windows"": 5000000, ""fourier_encoding_components"": null, ""scale"": true, ""datepart_method"": null, ""regression_type"": null, ""regression_model"": {""model"": ""ElasticNet"", ""model_params"": {""l1_ratio"": 0.5, ""fit_intercept"": true, ""selection"": ""cyclic"", ""max_iter"": 2000}}}","{""fillna"": ""ffill"", ""transformations"": {""0"": ""DatepartRegression"", ""1"": ""DifferencedTransformer"", ""2"": ""Scaler""}, ""transformation_params"": {""0"": {""regression_model"": {""model"": ""ElasticNet"", ""model_params"": {""l1_ratio"": 0.5, ""fit_intercept"": true, ""selection"": ""cyclic"", ""max_iter"": 1000}}, ""datepart_method"": ""recurring"", ""polynomial_degree"": null, ""transform_dict"": null, ""holiday_countries_used"": false, ""lags"": null, ""forward_lags"": null}, ""1"": {""lag"": 2, ""fill"": ""bfill""}, ""2"": {}}}",0,1,64.71475939394504,6.6166802386525925,7.252676099292823,0.5217635456924051,6.6166802386525925,0.0,0.0,1.9404768247827762,794.0016286383111,6.6166802386525925,12.562612179313625,0.9916666666666667,0.49166666666666664,12.396655081778924,0.025,6.815880035093823,5.865367249240105,32.968809573502,78.90593969860286,0.013256669754943945,794.0016286383111,255.71728493634683,30.47258406750533,1.0007649266393632,64.71475939394504,6.6166802386525925,7.252676099292823,0.5217635456924051,6.6166802386525925,0.0,1.9404768247827762,6.6166802386525925,12.562612179313625,12.396655081778924,0.025,6.815880035093823,5.865367249240105,32.968809573502,78.90593969860286,0.013256669754943945,794.0016286383111,255.71728493634683,30.47258406750533,1.0007649266393632,0.9916666666666667,0.49166666666666664,0.3235,183.0352166174392,93.24144577532967,Wh,93.24144577532967,Wh
6,2d76d226afd3adfd0ccfc06ddbdecac1,DatepartRegression,"{""regression_model"": {""model"": ""Adaboost"", ""model_params"": {""n_estimators"": 200, ""loss"": ""exponential"", ""estimator"": ""LinReg"", ""learning_rate"": 1}}, ""datepart_method"": ""lunar_phase"", ""polynomial_degree"": null, ""holiday_countries_used"": false, ""lags"": 1, ""forward_lags"": null, ""regression_type"": null}","{""fillna"": ""time"", ""transformations"": {""0"": ""Scaler"", ""1"": ""MinMaxScaler"", ""2"": ""DifferencedTransformer""}, ""transformation_params"": {""0"": {}, ""1"": {}, ""2"": {""lag"": 1, ""fill"": ""bfill""}}}",0,1,188.1064561652712,6.304226194734675,6.436765538465805,0.5776210105081767,6.304226194734675,0.0,-755.7714520783727,6.3026904820861205,0.735691289788333,1.9612242370508683,4.642067267221836,0.5583333333333333,0.5,8.351420402526855,0.975,2.768777231541938,6.038820826440818,24.56517518970039,46.450621418941665,0.14002350763963434,755.0357607885842,321.1872872468052,21.989998997694435,0.9516520879831661,188.1064561652712,6.304226194734675,6.436765538465805,0.5776210105081767,6.304226194734675,0.0,6.3026904820861205,1.9612242370508683,4.642067267221836,8.351420402526855,0.975,2.768777231541938,6.038820826440818,24.56517518970039,46.450621418941665,0.14002350763963434,755.0357607885842,321.1872872468052,21.989998997694435,0.9516520879831661,0.5583333333333333,0.5,0.2852,180.83431802807323,88.8383817398236,Wh,88.8383817398236,Wh
7,ecf893fce8a42899bfb10cd39e80556b,WindowRegression,"{""window_size"": 16, ""input_dim"": ""univariate"", ""output_dim"": ""1step"", ""normalize_window"": false, ""max_windows"": 5000, ""fourier_encoding_components"": null, ""scale"": true, ""datepart_method"": null, ""regression_type"": null, ""regression_model"": {""model"": ""KNN"", ""model_params"": {""n_neighbors"": 5, ""weights"": ""uniform"", ""p"": 2, ""leaf_size"": 30}}}","{""fillna"": ""pchip"", ""transformations"": {""0"": ""Scaler"", ""1"": ""DifferencedTransformer"", ""2"": ""Scaler""}, ""transformation_params"": {""0"": {}, ""1"": {""lag"": 1, ""fill"": ""bfill""}, ""2"": {}}}",0,1,111.08377506605483,4.279807821164528,4.5943201756533565,0.8485533279422695,4.279807821164528,0.0,-508.69348603487015,4.263124036794355,4.883452504873276,1.6120143913650162,10.780274170772339,1.0,0.5,7.003119945526123,0.975,2.26294564666757,3.911039972933484,19.955148231024456,29.49345698144979,0.7497144689366583,503.8100335299969,171.39016072196236,7.1503474384882715,0.635005512659341,111.08377506605483,4.279807821164528,4.5943201756533565,0.8485533279422695,4.279807821164528,0.0,4.263124036794355,1.6120143913650162,10.780274170772339,7.003119945526123,0.975,2.26294564666757,3.911039972933484,19.955148231024456,29.49345698144979,0.7497144689366583,503.8100335299969,171.39016072196236,7.1503474384882715,0.635005512659341,1.0,0.5,2.108,179.25950769436878,60.310526501611186,Wh,60.310526501611186,Wh
8,7e0be80f17de0c2054b7d2343e179435,WindowRegression,"{""window_size"": 24, ""input_dim"": ""univariate"", ""output_dim"": ""1step"", ""normalize_window"": false, ""max_windows"": 5000000, ""fourier_encoding_components"": null, ""scale"": true, ""datepart_method"": null, ""regression_type"": null, ""regression_model"": {""model"": ""ElasticNet"", ""model_params"": {""l1_ratio"": 0.5, ""fit_intercept"": true, ""selection"": ""cyclic"", ""max_iter"": 2000}}}","{""fillna"": ""rolling_mean_24"", ""transformations"": {""0"": ""Scaler"", ""1"": ""DifferencedTransformer"", ""2"": ""Detrend"", ""3"": ""DatepartRegression"", ""4"": ""MinMaxScaler""}, ""transformation_params"": {""0"": {}, ""1"": {""lag"": 1, ""fill"": ""bfill""}, ""2"": {""model"": ""Linear"", ""phi"": 1, ""window"": null, ""transform_dict"": null}, ""3"": {""regression_model"": {""model"": ""ElasticNet"", ""model_params"": {""l1_ratio"": 0.5, ""fit_intercept"": true, ""selection"": ""cyclic"", ""max_iter"": 2000}}, ""datepart_method"": ""common_fourier_rw"", ""polynomial_degree"": null, ""transform_dict"": null, ""holiday_countries_used"": false, ""lags"": null, ""forward_lags"": null}, ""4"": {}}}",0,1,186.399969151479,6.217790271677405,6.3907147589857125,0.5231748072491313,6.217790271677405,0.0,-744.6061133175525,6.214509030868582,1.5287192837360797,1.9419982400736255,4.546943753196912,1.0,0.5083333333333333,8.351420402526855,0.975,2.7121284101175585,5.945525620308379,24.480412153877012,46.06053391518894,0.007778125621716499,743.0773940338165,311.06537171415874,28.138758141827484,0.936579683095804,186.399969151479,6.217790271677405,6.3907147589857125,0.5231748072491313,6.217790271677405,0.0,6.214509030868582,1.9419982400736255,4.546943753196912,8.351420402526855,0.975,2.7121284101175585,5.945525620308379,24.480412153877012,46.06053391518894,0.007778125621716499,743.0773940338165,311.06537171415874,28.138758141827484,0.936579683095804,1.0,0.5083333333333333,0.3083,178.6654058686337,87.62033732146037,Wh,87.62033732146037,Wh
9,b8ca7c68f17113471e9165689e1f0c16,WindowRegression,"{""window_size"": 16, ""input_dim"": ""univariate"", ""output_dim"": ""1step"", ""normalize_window"": false, ""max_windows"": 5000, ""fourier_encoding_components"": null, ""scale"": true, ""datepart_method"": null, ""regression_type"": null, ""regression_model"": {""model"": ""KNN"", ""model_params"": {""n_neighbors"": 5, ""weights"": ""uniform"", ""p"": 2, ""leaf_size"": 30}}}","{""fillna"": ""ffill_mean_biased"", ""transformations"": {""0"": ""Scaler"", ""1"": ""DifferencedTransformer"", ""2"": ""Scaler"", ""3"": ""Detrend"", ""4"": ""MinMaxScaler""}, ""transformation_params"": {""0"": {}, ""1"": {""lag"": 1, ""fill"": ""bfill""}, ""2"": {}, ""3"": {""model"": ""Linear"", ""phi"": 1, ""window"": 900, ""transform_dict"": null}, ""4"": {}}}",0,1,189.33297764106467,6.297320205332407,6.4661407083113005,0.5195214835988755,6.297320205332407,0.0,-755.6784246398888,6.297320205332407,0.0,1.9489936287346832,3.7751623907206984,1.0,0.5166666666666667,8.351420402526855,0.975,2.7677152084954413,6.018367405453813,24.573474217279536,46.22824523821233,0.056545578689731056,755.6784246398888,321.1746750042741,27.330249743476937,0.9524621057700411,189.33297764106467,6.297320205332407,6.4661407083113005,0.5195214835988755,6.297320205332407,0.0,6.297320205332407,1.9489936287346832,3.7751623907206984,8.351420402526855,0.975,2.7677152084954413,6.018367405453813,24.573474217279536,46.22824523821233,0.056545578689731056,755.6784246398888,321.1746750042741,27.330249743476937,0.9524621057700411,1.0,0.5166666666666667,2.1509,174.15440620119054,88.74106338482513,Wh,88.74106338482513,Wh
10,286d26a9948d3655d9aca545f4428e3c,ARIMA,"{""p"": 2, ""d"": 1, ""q"": 1, ""regression_type"": null}","{""fillna"": ""akima"", ""transformations"": {""0"": ""Detrend"", ""1"": ""Detrend"", ""2"": ""DatepartRegression"", ""3"": ""DifferencedTransformer""}, ""transformation_params"": {""0"": {""model"": ""Linear"", ""phi"": 1, ""window"": null, ""transform_dict"": {""fillna"": null, ""transformations"": {""0"": ""ScipyFilter""}, ""transformation_params"": {""0"": {""method"": ""savgol_filter"", ""method_args"": {""window_length"": 31, ""polyorder"": 3, ""deriv"": 0, ""mode"": ""interp""}}}}}, ""1"": {""model"": ""Linear"", ""phi"": 0.999, ""window"": null, ""transform_dict"": null}, ""2"": {""regression_model"": {""model"": ""DecisionTree"", ""model_params"": {""max_depth"": 3, ""min_samples_split"": 1.0}}, ""datepart_method"": [""weekdayofmonth"", ""common_fourier""], ""polynomial_degree"": null, ""transform_dict"": {""fillna"": null, ""transformations"": {""0"": ""Discretize""}, ""transformation_params"": {""0"": {""discretization"": ""center"", ""n_bins"": 20}}}, ""holiday_countries_used"": true, ""lags"": 2, ""forward_lags"": null}, ""3"": {""lag"": 1, ""fill"": ""bfill""}}}",0,1,49.20782424949845,4.406926175314328,5.178935274469784,0.5629849374237033,4.406926175314328,0.0,-59.0541508130929,1.7378846448693417,469.7769902246266,4.188366905152405,13.725842366461148,1.0,0.49166666666666664,9.54993488962838,0.3333333333333333,4.8939357512333395,3.748157545075927,23.400684185988407,41.322746458059,0.1442117135243192,410.72283941153364,89.06979772979997,26.27071886245725,0.5176777948903084,49.20782424949845,4.406926175314328,5.178935274469784,0.5629849374237033,4.406926175314328,0.0,1.7378846448693417,4.188366905152405,13.725842366461148,9.54993488962838,0.3333333333333333,4.8939357512333395,3.748157545075927,23.400684185988407,41.322746458059,0.1442117135243192,410.72283941153364,89.06979772979997,26.27071886245725,0.5176777948903084,1.0,0.49166666666666664,0.4035,171.85803285742273,62.10186274546772,Wh,62.10186274546772,Wh
11,9e182b2af7d8401a8fa91dc8bdd2b637,DatepartRegression,"{""regression_model"": {""model"": ""DecisionTree"", ""model_params"": {""max_depth"": 3, ""min_samples_split"": 2}}, ""datepart_method"": ""recurring"", ""polynomial_degree"": null, ""holiday_countries_used"": false, ""lags"": null, ""forward_lags"": null, ""regression_type"": null}","{""fillna"": ""mean"", ""transformations"": {""2"": ""DifferencedTransformer""}, ""transformation_params"": {""2"": {}}}",0,1,23.02278529331937,1.8048599214962886,2.257337582282998,0.550291504165655,1.8048599214962886,0.0,-10.031359147020947,0.9263711527642102,206.55183143253373,1.7853650133222507,17.030535722712624,1.0,0.49166666666666664,5.260752156540589,0.55,2.335352168554511,1.4008040405675608,5.679081271424432,6.354638972278573,0.07835890627558412,196.52047228551277,101.10919585963231,28.980453440169075,0.24769570859348072,23.02278529331937,1.8048599214962886,2.257337582282998,0.550291504165655,1.8048599214962886,0.0,0.9263711527642102,1.7853650133222507,17.030535722712624,5.260752156540589,0.55,2.335352168554511,1.4008040405675608,5.679081271424432,6.354638972278573,0.07835890627558412,196.52047228551277,101.10919585963231,28.980453440169075,0.24769570859348072,1.0,0.49166666666666664,0.2569,169.82608859701875,25.433864480737206,Wh,25.433864480737206,Wh
12,e2f4bbe61625da71db23ce919f2a5c51,DatepartRegression,"{""regression_model"": {""model"": ""ElasticNet"", ""model_params"": {""l1_ratio"": 0.1, ""fit_intercept"": false, ""selection"": ""cyclic"", ""max_iter"": 1000}}, ""datepart_method"": [""dayofweek"", [365.25, 4]], ""polynomial_degree"": null, ""holiday_countries_used"": false, ""lags"": 4, ""forward_lags"": null, ""regression_type"": null}","{""fillna"": ""time"", ""transformations"": {""0"": null}, ""transformation_params"": {""0"": {}}}",0,1,176.43964020129752,6.013543325886923,6.158862086238674,0.5281614616476262,6.013543325886923,0.0,-721.2438866867642,6.013057673022799,0.3813124196664557,1.9227123805053992,3.613914506332867,0.041666666666666664,0.49166666666666664,8.351420402526855,0.975,2.6664431357443092,5.725896463938551,24.185998277690576,47.01860002844574,0.08164726756221431,720.8625742670977,295.4564102985136,27.535805370679956,0.9085799767069468,176.43964020129752,6.013543325886923,6.158862086238674,0.5281614616476262,6.013543325886923,0.0,6.013057673022799,1.9227123805053992,3.613914506332867,8.351420402526855,0.975,2.6664431357443092,5.725896463938551,24.185998277690576,47.01860002844574,0.08164726756221431,720.8625742670977,295.4564102985136,27.535805370679956,0.9085799767069468,0.041666666666666664,0.49166666666666664,0.2047,163.92658773635063,84.74211443115821,Wh,84.74211443115821,Wh
13,0a98a875055da5bcd734698018011f5e,RollingRegression,"{""regression_model"": {""model"": ""BayesianRidge"", ""model_params"": {}}, ""holiday"": false, ""mean_rolling_periods"": 7, ""macd_periods"": 63, ""std_rolling_periods"": null, ""max_rolling_periods"": null, ""min_rolling_periods"": 2, ""ewm_var_alpha"": null, ""quantile90_rolling_periods"": null, ""quantile10_rolling_periods"": null, ""ewm_alpha"": null, ""additional_lag_periods"": 3, ""abs_energy"": false, ""rolling_autocorr_periods"": null, ""nonzero_last_n"": null, ""add_date_part"": ""simple_2"", ""polynomial_degree"": null, ""x_transform"": null, ""regression_type"": null}","{""fillna"": ""KNNImputer"", ""transformations"": {""0"": ""DatepartRegression"", ""1"": ""Detrend"", ""2"": ""DifferencedTransformer"", ""3"": ""MinMaxScaler""}, ""transformation_params"": {""0"": {""regression_model"": {""model"": ""ElasticNet"", ""model_params"": {""l1_ratio"": 0.1, ""fit_intercept"": true, ""selection"": ""cyclic"", ""max_iter"": 1000}}, ""datepart_method"": ""recurring"", ""polynomial_degree"": null, ""transform_dict"": {""fillna"": null, ""transformations"": {""0"": ""ClipOutliers""}, ""transformation_params"": {""0"": {""method"": ""clip"", ""std_threshold"": 4}}}, ""holiday_countries_used"": true, ""lags"": null, ""forward_lags"": null}, ""1"": {""model"": ""GLS"", ""phi"": 1, ""window"": 10, ""transform_dict"": {""fillna"": null, ""transformations"": {""0"": ""Discretize""}, ""transformation_params"": {""0"": {""discretization"": ""center"", ""n_bins"": 20}}}}, ""2"": {""lag"": 1, ""fill"": ""bfill""}, ""3"": {}}}",0,1,9.022164835103089,0.5976182548109586,0.8306350617124538,0.5255316231708639,0.5976182548109586,0.0,-23.893571241308166,0.46435318460767167,47.820619336006885,0.5523333259600016,16.856633704362057,1.0,0.48333333333333334,3.7844464883813744,0.9583333333333334,1.241958900729197,0.4115113945771682,2.0477815612677213,2.209942369068868,0.15340643451169275,23.92704809469872,14.23824961194144,27.84061468229711,0.030157810346375782,9.022164835103089,0.5976182548109586,0.8306350617124538,0.5255316231708639,0.5976182548109586,0.0,0.46435318460767167,0.5523333259600016,16.856633704362057,3.7844464883813744,0.9583333333333334,1.241958900729197,0.4115113945771682,2.0477815612677213,2.209942369068868,0.15340643451169275,23.92704809469872,14.23824961194144,27.84061468229711,0.030157810346375782,1.0,0.48333333333333334,1.1598,153.03749352533407,8.421563093647462,Wh,8.421563093647462,Wh
14,9b8abc7ec2cc3aa9db0a60a8a3499960,DatepartRegression,"{""regression_model"": {""model"": ""Adaboost"", ""model_params"": {""n_estimators"": 200, ""loss"": ""exponential"", ""estimator"": ""LinReg"", ""learning_rate"": 1}}, ""datepart_method"": ""lunar_phase"", ""polynomial_degree"": null, ""holiday_countries_used"": false, ""lags"": 1, ""forward_lags"": null, ""regression_type"": null}","{""fillna"": ""time"", ""transformations"": {""0"": ""MinMaxScaler""}, ""transformation_params"": {""0"": {}}}",0,1,57.31259058753951,5.662088053888897,6.4395047109639645,0.9060961195876751,5.662088053888897,0.0,-2.1285603792873946,1.7471346125538811,677.3220060873803,5.657595576953826,2.929478128507232,0.2,0.43333333333333335,12.775179562970223,0.14166666666666666,6.068986686707473,4.882876515466013,28.569778866697717,68.63856901387577,0.9038953991835047,675.1934457080929,209.13848615697438,7.409255949922371,0.8510183037284957,57.31259058753951,5.662088053888897,6.4395047109639645,0.9060961195876751,5.662088053888897,0.0,1.7471346125538811,5.657595576953826,2.929478128507232,12.775179562970223,0.14166666666666666,6.068986686707473,4.882876515466013,28.569778866697717,68.63856901387577,0.9038953991835047,675.1934457080929,209.13848615697438,7.409255949922371,0.8510183037284957,0.2,0.43333333333333335,0.3614,91.53808534768294,79.78944987665481,Wh,79.78944987665481,Wh
15,690d262954fa89e55f052119d19dde4b,Ensemble,"{""model_name"": ""BestN"", ""model_count"": 3, ""model_metric"": ""mixed_metric"", ""models"": {""0a98a875055da5bcd734698018011f5e"": {""Model"": ""RollingRegression"", ""ModelParameters"": ""{\""regression_model\"": {\""model\"": \""BayesianRidge\"", \""model_params\"": {}}, \""holiday\"": false, \""mean_rolling_periods\"": 7, \""macd_periods\"": 63, \""std_rolling_periods\"": null, \""max_rolling_periods\"": null, \""min_rolling_periods\"": 2, \""ewm_var_alpha\"": null, \""quantile90_rolling_periods\"": null, \""quantile10_rolling_periods\"": null, \""ewm_alpha\"": null, \""additional_lag_periods\"": 3, \""abs_energy\"": false, \""rolling_autocorr_periods\"": null, \""nonzero_last_n\"": null, \""add_date_part\"": \""simple_2\"", \""polynomial_degree\"": null, \""x_transform\"": null, \""regression_type\"": null}"", ""TransformationParameters"": ""{\""fillna\"": \""KNNImputer\"", \""transformations\"": {\""0\"": \""DatepartRegression\"", \""1\"": \""Detrend\"", \""2\"": \""DifferencedTransformer\"", \""3\"": \""MinMaxScaler\""}, \""transformation_params\"": {\""0\"": {\""regression_model\"": {\""model\"": \""ElasticNet\"", \""model_params\"": {\""l1_ratio\"": 0.1, \""fit_intercept\"": true, \""selection\"": \""cyclic\"", \""max_iter\"": 1000}}, \""datepart_method\"": \""recurring\"", \""polynomial_degree\"": null, \""transform_dict\"": {\""fillna\"": null, \""transformations\"": {\""0\"": \""ClipOutliers\""}, \""transformation_params\"": {\""0\"": {\""method\"": \""clip\"", \""std_threshold\"": 4}}}, \""holiday_countries_used\"": true, \""lags\"": null, \""forward_lags\"": null}, \""1\"": {\""model\"": \""GLS\"", \""phi\"": 1, \""window\"": 10, \""transform_dict\"": {\""fillna\"": null, \""transformations\"": {\""0\"": \""Discretize\""}, \""transformation_params\"": {\""0\"": {\""discretization\"": \""center\"", \""n_bins\"": 20}}}}, \""2\"": {\""lag\"": 1, \""fill\"": \""bfill\""}, \""3\"": {}}}""}, ""927f8c402d93eba11011ff9ae8879530"": {""Model"": ""WindowRegression"", ""ModelParameters"": ""{\""window_size\"": 24, \""input_dim\"": \""univariate\"", \""output_dim\"": \""1step\"", \""normalize_window\"": false, \""max_windows\"": 5000000, \""fourier_encoding_components\"": null, \""scale\"": true, \""datepart_method\"": null, \""regression_type\"": null, \""regression_model\"": {\""model\"": \""ElasticNet\"", \""model_params\"": {\""l1_ratio\"": 0.5, \""fit_intercept\"": true, \""selection\"": \""cyclic\"", \""max_iter\"": 2000}}}"", ""TransformationParameters"": ""{\""fillna\"": \""akima\"", \""transformations\"": {\""0\"": \""DatepartRegression\"", \""1\"": \""Scaler\"", \""2\"": \""Scaler\""}, \""transformation_params\"": {\""0\"": {\""regression_model\"": {\""model\"": \""ElasticNet\"", \""model_params\"": {\""l1_ratio\"": 0.5, \""fit_intercept\"": true, \""selection\"": \""cyclic\"", \""max_iter\"": 1000}}, \""datepart_method\"": \""recurring\"", \""polynomial_degree\"": null, \""transform_dict\"": null, \""holiday_countries_used\"": false, \""lags\"": null, \""forward_lags\"": null}, \""1\"": {}, \""2\"": {}}}""}, ""b64de7c386a7fef4fbd9b08033fa98b2"": {""Model"": ""WindowRegression"", ""ModelParameters"": ""{\""window_size\"": 10, \""input_dim\"": \""univariate\"", \""output_dim\"": \""1step\"", \""normalize_window\"": false, \""max_windows\"": 5000000, \""fourier_encoding_components\"": null, \""scale\"": true, \""datepart_method\"": null, \""regression_type\"": null, \""regression_model\"": {\""model\"": \""SVM\"", \""model_params\"": {\""C\"": 0.1, \""tol\"": 0.001, \""epsilon\"": 0.0, \""loss\"": \""squared_epsilon_insensitive\"", \""max_iter\"": 50}}}"", ""TransformationParameters"": ""{\""fillna\"": \""ffill\"", \""transformations\"": {\""0\"": \""DatepartRegression\"", \""1\"": \""DatepartRegression\"", \""2\"": \""DatepartRegression\"", \""3\"": \""DatepartRegression\""}, \""transformation_params\"": {\""0\"": {\""regression_model\"": {\""model\"": \""ElasticNet\"", \""model_params\"": {\""l1_ratio\"": 0.9, \""fit_intercept\"": true, \""selection\"": \""cyclic\"", \""max_iter\"": 1000}}, \""datepart_method\"": \""common_fourier\"", \""polynomial_degree\"": null, \""transform_dict\"": null, \""holiday_countries_used\"": true, \""lags\"": null, \""forward_lags\"": null}, \""1\"": {\""regression_model\"": {\""model\"": \""DecisionTree\"", \""model_params\"": {\""max_depth\"": null, \""min_samples_split\"": 2}}, \""datepart_method\"": \""simple_binarized\"", \""polynomial_degree\"": null, \""transform_dict\"": {\""fillna\"": null, \""transformations\"": {\""0\"": \""ScipyFilter\""}, \""transformation_params\"": {\""0\"": {\""method\"": \""savgol_filter\"", \""method_args\"": {\""window_length\"": 31, \""polyorder\"": 3, \""deriv\"": 0, \""mode\"": \""interp\""}}}}, \""holiday_countries_used\"": false, \""lags\"": null, \""forward_lags\"": null}, \""2\"": {\""regression_model\"": {\""model\"": \""ElasticNet\"", \""model_params\"": {\""l1_ratio\"": 0.5, \""fit_intercept\"": true, \""selection\"": \""cyclic\"", \""max_iter\"": 1000}}, \""datepart_method\"": [\""dayofweek\"", [365.25, 14], [354.37, 10]], \""polynomial_degree\"": null, \""transform_dict\"": null, \""holiday_countries_used\"": true, \""lags\"": null, \""forward_lags\"": 1}, \""3\"": {\""regression_model\"": {\""model\"": \""ElasticNet\"", \""model_params\"": {\""l1_ratio\"": 0.5, \""fit_intercept\"": true, \""selection\"": \""random\"", \""max_iter\"": 1000}}, \""datepart_method\"": \""simple_binarized\"", \""polynomial_degree\"": null, \""transform_dict\"": {\""fillna\"": null, \""transformations\"": {\""0\"": \""ClipOutliers\""}, \""transformation_params\"": {\""0\"": {\""method\"": \""clip\"", \""std_threshold\"": 4}}}, \""holiday_countries_used\"": false, \""lags\"": null, \""forward_lags\"": null}}}""}}, ""model_weights"": {}, ""point_method"": ""mean""}","{""fillna"": ""cubic"", ""transformations"": {""0"": ""ScipyFilter"", ""1"": ""DatepartRegression""}, ""transformation_params"": {""0"": {""method"": ""butter"", ""method_args"": {""N"": 1, ""btype"": ""highpass"", ""analog"": false, ""output"": ""sos"", ""Wn"": 0.024390243902439025}}, ""1"": {""regression_model"": {""model"": ""ElasticNet"", ""model_params"": {""l1_ratio"": 0.5, ""fit_intercept"": true, ""selection"": ""cyclic"", ""max_iter"": 1000}}, ""datepart_method"": [""weekdayofmonth"", ""common_fourier""], ""polynomial_degree"": null, ""transform_dict"": null, ""holiday_countries_used"": false, ""lags"": null, ""forward_lags"": null}}}",1,1,29.334278186540306,2.2153445251237693,2.3491994700647476,0.5254892240291786,2.2153445251237693,0.0,0.0,1.1369128061616336,265.8413430148523,2.2153445251237693,5.807085268792736,0.9166666666666666,0.425,4.617354417523458,0.025,2.5561085824246166,1.9962779347748556,9.51626075618273,9.974090222705042,0.07932652077629905,265.8413430148523,104.35501899713336,30.973908685679476,0.33506819450260716,29.334278186540306,2.2153445251237693,2.3491994700647476,0.5254892240291786,2.2153445251237693,0.0,1.1369128061616336,2.2153445251237693,5.807085268792736,4.617354417523458,0.025,2.5561085824246166,1.9962779347748556,9.51626075618273,9.974090222705042,0.07932652077629905,265.8413430148523,104.35501899713336,30.973908685679476,0.33506819450260716,0.9166666666666666,0.425,2.639,79.10015306561287,31.218363131156124,Wh,31.218363131156124,Wh
16,a45de4fc41ace1c2fc8dd249d21c0fea,Ensemble,"{""model_name"": ""BestN"", ""model_count"": 3, ""model_metric"": ""mixed_metric"", ""models"": {""0a98a875055da5bcd734698018011f5e"": {""Model"": ""RollingRegression"", ""ModelParameters"": ""{\""regression_model\"": {\""model\"": \""BayesianRidge\"", \""model_params\"": {}}, \""holiday\"": false, \""mean_rolling_periods\"": 7, \""macd_periods\"": 63, \""std_rolling_periods\"": null, \""max_rolling_periods\"": null, \""min_rolling_periods\"": 2, \""ewm_var_alpha\"": null, \""quantile90_rolling_periods\"": null, \""quantile10_rolling_periods\"": null, \""ewm_alpha\"": null, \""additional_lag_periods\"": 3, \""abs_energy\"": false, \""rolling_autocorr_periods\"": null, \""nonzero_last_n\"": null, \""add_date_part\"": \""simple_2\"", \""polynomial_degree\"": null, \""x_transform\"": null, \""regression_type\"": null}"", ""TransformationParameters"": ""{\""fillna\"": \""KNNImputer\"", \""transformations\"": {\""0\"": \""DatepartRegression\"", \""1\"": \""Detrend\"", \""2\"": \""DifferencedTransformer\"", \""3\"": \""MinMaxScaler\""}, \""transformation_params\"": {\""0\"": {\""regression_model\"": {\""model\"": \""ElasticNet\"", \""model_params\"": {\""l1_ratio\"": 0.1, \""fit_intercept\"": true, \""selection\"": \""cyclic\"", \""max_iter\"": 1000}}, \""datepart_method\"": \""recurring\"", \""polynomial_degree\"": null, \""transform_dict\"": {\""fillna\"": null, \""transformations\"": {\""0\"": \""ClipOutliers\""}, \""transformation_params\"": {\""0\"": {\""method\"": \""clip\"", \""std_threshold\"": 4}}}, \""holiday_countries_used\"": true, \""lags\"": null, \""forward_lags\"": null}, \""1\"": {\""model\"": \""GLS\"", \""phi\"": 1, \""window\"": 10, \""transform_dict\"": {\""fillna\"": null, \""transformations\"": {\""0\"": \""Discretize\""}, \""transformation_params\"": {\""0\"": {\""discretization\"": \""center\"", \""n_bins\"": 20}}}}, \""2\"": {\""lag\"": 1, \""fill\"": \""bfill\""}, \""3\"": {}}}""}, ""927f8c402d93eba11011ff9ae8879530"": {""Model"": ""WindowRegression"", ""ModelParameters"": ""{\""window_size\"": 24, \""input_dim\"": \""univariate\"", \""output_dim\"": \""1step\"", \""normalize_window\"": false, \""max_windows\"": 5000000, \""fourier_encoding_components\"": null, \""scale\"": true, \""datepart_method\"": null, \""regression_type\"": null, \""regression_model\"": {\""model\"": \""ElasticNet\"", \""model_params\"": {\""l1_ratio\"": 0.5, \""fit_intercept\"": true, \""selection\"": \""cyclic\"", \""max_iter\"": 2000}}}"", ""TransformationParameters"": ""{\""fillna\"": \""akima\"", \""transformations\"": {\""0\"": \""DatepartRegression\"", \""1\"": \""Scaler\"", \""2\"": \""Scaler\""}, \""transformation_params\"": {\""0\"": {\""regression_model\"": {\""model\"": \""ElasticNet\"", \""model_params\"": {\""l1_ratio\"": 0.5, \""fit_intercept\"": true, \""selection\"": \""cyclic\"", \""max_iter\"": 1000}}, \""datepart_method\"": \""recurring\"", \""polynomial_degree\"": null, \""transform_dict\"": null, \""holiday_countries_used\"": false, \""lags\"": null, \""forward_lags\"": null}, \""1\"": {}, \""2\"": {}}}""}, ""b64de7c386a7fef4fbd9b08033fa98b2"": {""Model"": ""WindowRegression"", ""ModelParameters"": ""{\""window_size\"": 10, \""input_dim\"": \""univariate\"", \""output_dim\"": \""1step\"", \""normalize_window\"": false, \""max_windows\"": 5000000, \""fourier_encoding_components\"": null, \""scale\"": true, \""datepart_method\"": null, \""regression_type\"": null, \""regression_model\"": {\""model\"": \""SVM\"", \""model_params\"": {\""C\"": 0.1, \""tol\"": 0.001, \""epsilon\"": 0.0, \""loss\"": \""squared_epsilon_insensitive\"", \""max_iter\"": 50}}}"", ""TransformationParameters"": ""{\""fillna\"": \""ffill\"", \""transformations\"": {\""0\"": \""DatepartRegression\"", \""1\"": \""DatepartRegression\"", \""2\"": \""DatepartRegression\"", \""3\"": \""DatepartRegression\""}, \""transformation_params\"": {\""0\"": {\""regression_model\"": {\""model\"": \""ElasticNet\"", \""model_params\"": {\""l1_ratio\"": 0.9, \""fit_intercept\"": true, \""selection\"": \""cyclic\"", \""max_iter\"": 1000}}, \""datepart_method\"": \""common_fourier\"", \""polynomial_degree\"": null, \""transform_dict\"": null, \""holiday_countries_used\"": true, \""lags\"": null, \""forward_lags\"": null}, \""1\"": {\""regression_model\"": {\""model\"": \""DecisionTree\"", \""model_params\"": {\""max_depth\"": null, \""min_samples_split\"": 2}}, \""datepart_method\"": \""simple_binarized\"", \""polynomial_degree\"": null, \""transform_dict\"": {\""fillna\"": null, \""transformations\"": {\""0\"": \""ScipyFilter\""}, \""transformation_params\"": {\""0\"": {\""method\"": \""savgol_filter\"", \""method_args\"": {\""window_length\"": 31, \""polyorder\"": 3, \""deriv\"": 0, \""mode\"": \""interp\""}}}}, \""holiday_countries_used\"": false, \""lags\"": null, \""forward_lags\"": null}, \""2\"": {\""regression_model\"": {\""model\"": \""ElasticNet\"", \""model_params\"": {\""l1_ratio\"": 0.5, \""fit_intercept\"": true, \""selection\"": \""cyclic\"", \""max_iter\"": 1000}}, \""datepart_method\"": [\""dayofweek\"", [365.25, 14], [354.37, 10]], \""polynomial_degree\"": null, \""transform_dict\"": null, \""holiday_countries_used\"": true, \""lags\"": null, \""forward_lags\"": 1}, \""3\"": {\""regression_model\"": {\""model\"": \""ElasticNet\"", \""model_params\"": {\""l1_ratio\"": 0.5, \""fit_intercept\"": true, \""selection\"": \""random\"", \""max_iter\"": 1000}}, \""datepart_method\"": \""simple_binarized\"", \""polynomial_degree\"": null, \""transform_dict\"": {\""fillna\"": null, \""transformations\"": {\""0\"": \""ClipOutliers\""}, \""transformation_params\"": {\""0\"": {\""method\"": \""clip\"", \""std_threshold\"": 4}}}, \""holiday_countries_used\"": false, \""lags\"": null, \""forward_lags\"": null}}}""}}, ""model_weights"": {}, ""point_method"": ""mean""}","{""fillna"": ""linear"", ""transformations"": {""0"": ""Constraint""}, ""transformation_params"": {""0"": {""constraint_method"": ""quantile"", ""constraint_direction"": ""lower"", ""constraint_regularization"": 0.7, ""constraint_value"": 0.5, ""bounds_only"": false, ""fillna"": ""linear""}}}",1,1,18.76703063202755,1.3138591176378194,1.5152757491458235,0.5165867879096209,1.3138591176378194,0.0,-0.9976058947317386,0.7830934140290763,156.66548822180658,1.3128302100968354,5.9808876813228,0.325,0.425,4.084532584977536,0.9583333333333334,1.467669437671305,1.1022897798116236,5.985170865386584,4.603552411880119,0.028467653215102036,155.66788232707484,56.99855767254403,33.39482484989766,0.19620483285951193,18.76703063202755,1.3138591176378194,1.5152757491458235,0.5165867879096209,1.3138591176378194,0.0,0.7830934140290763,1.3128302100968354,5.9808876813228,4.084532584977536,0.9583333333333334,1.467669437671305,1.1022897798116236,5.985170865386584,4.603552411880119,0.028467653215102036,155.66788232707484,56.99855767254403,33.39482484989766,0.19620483285951193,0.325,0.425,2.5729,69.6637587159676,18.51474141942155,Wh,18.51474141942155,Wh
17,4581d26fd7d700242efb82b5cfa1ed45,Ensemble,"{""model_name"": ""BestN"", ""model_count"": 3, ""model_metric"": ""mixed_metric"", ""models"": {""0a98a875055da5bcd734698018011f5e"": {""Model"": ""RollingRegression"", ""ModelParameters"": ""{\""regression_model\"": {\""model\"": \""BayesianRidge\"", \""model_params\"": {}}, \""holiday\"": false, \""mean_rolling_periods\"": 7, \""macd_periods\"": 63, \""std_rolling_periods\"": null, \""max_rolling_periods\"": null, \""min_rolling_periods\"": 2, \""ewm_var_alpha\"": null, \""quantile90_rolling_periods\"": null, \""quantile10_rolling_periods\"": null, \""ewm_alpha\"": null, \""additional_lag_periods\"": 3, \""abs_energy\"": false, \""rolling_autocorr_periods\"": null, \""nonzero_last_n\"": null, \""add_date_part\"": \""simple_2\"", \""polynomial_degree\"": null, \""x_transform\"": null, \""regression_type\"": null}"", ""TransformationParameters"": ""{\""fillna\"": \""KNNImputer\"", \""transformations\"": {\""0\"": \""DatepartRegression\"", \""1\"": \""Detrend\"", \""2\"": \""DifferencedTransformer\"", \""3\"": \""MinMaxScaler\""}, \""transformation_params\"": {\""0\"": {\""regression_model\"": {\""model\"": \""ElasticNet\"", \""model_params\"": {\""l1_ratio\"": 0.1, \""fit_intercept\"": true, \""selection\"": \""cyclic\"", \""max_iter\"": 1000}}, \""datepart_method\"": \""recurring\"", \""polynomial_degree\"": null, \""transform_dict\"": {\""fillna\"": null, \""transformations\"": {\""0\"": \""ClipOutliers\""}, \""transformation_params\"": {\""0\"": {\""method\"": \""clip\"", \""std_threshold\"": 4}}}, \""holiday_countries_used\"": true, \""lags\"": null, \""forward_lags\"": null}, \""1\"": {\""model\"": \""GLS\"", \""phi\"": 1, \""window\"": 10, \""transform_dict\"": {\""fillna\"": null, \""transformations\"": {\""0\"": \""Discretize\""}, \""transformation_params\"": {\""0\"": {\""discretization\"": \""center\"", \""n_bins\"": 20}}}}, \""2\"": {\""lag\"": 1, \""fill\"": \""bfill\""}, \""3\"": {}}}""}, ""927f8c402d93eba11011ff9ae8879530"": {""Model"": ""WindowRegression"", ""ModelParameters"": ""{\""window_size\"": 24, \""input_dim\"": \""univariate\"", \""output_dim\"": \""1step\"", \""normalize_window\"": false, \""max_windows\"": 5000000, \""fourier_encoding_components\"": null, \""scale\"": true, \""datepart_method\"": null, \""regression_type\"": null, \""regression_model\"": {\""model\"": \""ElasticNet\"", \""model_params\"": {\""l1_ratio\"": 0.5, \""fit_intercept\"": true, \""selection\"": \""cyclic\"", \""max_iter\"": 2000}}}"", ""TransformationParameters"": ""{\""fillna\"": \""akima\"", \""transformations\"": {\""0\"": \""DatepartRegression\"", \""1\"": \""Scaler\"", \""2\"": \""Scaler\""}, \""transformation_params\"": {\""0\"": {\""regression_model\"": {\""model\"": \""ElasticNet\"", \""model_params\"": {\""l1_ratio\"": 0.5, \""fit_intercept\"": true, \""selection\"": \""cyclic\"", \""max_iter\"": 1000}}, \""datepart_method\"": \""recurring\"", \""polynomial_degree\"": null, \""transform_dict\"": null, \""holiday_countries_used\"": false, \""lags\"": null, \""forward_lags\"": null}, \""1\"": {}, \""2\"": {}}}""}, ""b64de7c386a7fef4fbd9b08033fa98b2"": {""Model"": ""WindowRegression"", ""ModelParameters"": ""{\""window_size\"": 10, \""input_dim\"": \""univariate\"", \""output_dim\"": \""1step\"", \""normalize_window\"": false, \""max_windows\"": 5000000, \""fourier_encoding_components\"": null, \""scale\"": true, \""datepart_method\"": null, \""regression_type\"": null, \""regression_model\"": {\""model\"": \""SVM\"", \""model_params\"": {\""C\"": 0.1, \""tol\"": 0.001, \""epsilon\"": 0.0, \""loss\"": \""squared_epsilon_insensitive\"", \""max_iter\"": 50}}}"", ""TransformationParameters"": ""{\""fillna\"": \""ffill\"", \""transformations\"": {\""0\"": \""DatepartRegression\"", \""1\"": \""DatepartRegression\"", \""2\"": \""DatepartRegression\"", \""3\"": \""DatepartRegression\""}, \""transformation_params\"": {\""0\"": {\""regression_model\"": {\""model\"": \""ElasticNet\"", \""model_params\"": {\""l1_ratio\"": 0.9, \""fit_intercept\"": true, \""selection\"": \""cyclic\"", \""max_iter\"": 1000}}, \""datepart_method\"": \""common_fourier\"", \""polynomial_degree\"": null, \""transform_dict\"": null, \""holiday_countries_used\"": true, \""lags\"": null, \""forward_lags\"": null}, \""1\"": {\""regression_model\"": {\""model\"": \""DecisionTree\"", \""model_params\"": {\""max_depth\"": null, \""min_samples_split\"": 2}}, \""datepart_method\"": \""simple_binarized\"", \""polynomial_degree\"": null, \""transform_dict\"": {\""fillna\"": null, \""transformations\"": {\""0\"": \""ScipyFilter\""}, \""transformation_params\"": {\""0\"": {\""method\"": \""savgol_filter\"", \""method_args\"": {\""window_length\"": 31, \""polyorder\"": 3, \""deriv\"": 0, \""mode\"": \""interp\""}}}}, \""holiday_countries_used\"": false, \""lags\"": null, \""forward_lags\"": null}, \""2\"": {\""regression_model\"": {\""model\"": \""ElasticNet\"", \""model_params\"": {\""l1_ratio\"": 0.5, \""fit_intercept\"": true, \""selection\"": \""cyclic\"", \""max_iter\"": 1000}}, \""datepart_method\"": [\""dayofweek\"", [365.25, 14], [354.37, 10]], \""polynomial_degree\"": null, \""transform_dict\"": null, \""holiday_countries_used\"": true, \""lags\"": null, \""forward_lags\"": 1}, \""3\"": {\""regression_model\"": {\""model\"": \""ElasticNet\"", \""model_params\"": {\""l1_ratio\"": 0.5, \""fit_intercept\"": true, \""selection\"": \""random\"", \""max_iter\"": 1000}}, \""datepart_method\"": \""simple_binarized\"", \""polynomial_degree\"": null, \""transform_dict\"": {\""fillna\"": null, \""transformations\"": {\""0\"": \""ClipOutliers\""}, \""transformation_params\"": {\""0\"": {\""method\"": \""clip\"", \""std_threshold\"": 4}}}, \""holiday_countries_used\"": false, \""lags\"": null, \""forward_lags\"": null}}}""}}, ""model_weights"": {}, ""point_method"": ""mean""}",{},1,1,14.709883512672082,1.0006952456342113,1.2015248167499262,0.5208264392297302,1.0006952456342113,0.0,-3.6443159464166577,0.6470121330717788,116.43911352968868,0.9958787890327284,5.7695934972844105,0.9916666666666667,0.425,3.913505283436474,0.9583333333333334,1.3737265760272077,0.800980927267183,4.32332946157626,3.636285698961573,0.0755203973227229,112.79479758327203,43.21463005338017,31.35043222684821,0.14216731207757433,14.709883512672082,1.0006952456342113,1.2015248167499262,0.5208264392297302,1.0006952456342113,0.0,0.6470121330717788,0.9958787890327284,5.7695934972844105,3.913505283436474,0.9583333333333334,1.3737265760272077,0.800980927267183,4.32332946157626,3.636285698961573,0.0755203973227229,112.79479758327203,43.21463005338017,31.35043222684821,0.14216731207757433,0.9916666666666667,0.425,2.4807,63.797724282221054,14.101674573657984,Wh,14.101674573657984,Wh
18,64fef1c8f7bfdd2c6585786b97bd5dd7,Ensemble,"{""model_name"": ""BestN"", ""model_count"": 3, ""model_metric"": ""mixed_metric"", ""models"": {""0a98a875055da5bcd734698018011f5e"": {""Model"": ""RollingRegression"", ""ModelParameters"": ""{\""regression_model\"": {\""model\"": \""BayesianRidge\"", \""model_params\"": {}}, \""holiday\"": false, \""mean_rolling_periods\"": 7, \""macd_periods\"": 63, \""std_rolling_periods\"": null, \""max_rolling_periods\"": null, \""min_rolling_periods\"": 2, \""ewm_var_alpha\"": null, \""quantile90_rolling_periods\"": null, \""quantile10_rolling_periods\"": null, \""ewm_alpha\"": null, \""additional_lag_periods\"": 3, \""abs_energy\"": false, \""rolling_autocorr_periods\"": null, \""nonzero_last_n\"": null, \""add_date_part\"": \""simple_2\"", \""polynomial_degree\"": null, \""x_transform\"": null, \""regression_type\"": null}"", ""TransformationParameters"": ""{\""fillna\"": \""KNNImputer\"", \""transformations\"": {\""0\"": \""DatepartRegression\"", \""1\"": \""Detrend\"", \""2\"": \""DifferencedTransformer\"", \""3\"": \""MinMaxScaler\""}, \""transformation_params\"": {\""0\"": {\""regression_model\"": {\""model\"": \""ElasticNet\"", \""model_params\"": {\""l1_ratio\"": 0.1, \""fit_intercept\"": true, \""selection\"": \""cyclic\"", \""max_iter\"": 1000}}, \""datepart_method\"": \""recurring\"", \""polynomial_degree\"": null, \""transform_dict\"": {\""fillna\"": null, \""transformations\"": {\""0\"": \""ClipOutliers\""}, \""transformation_params\"": {\""0\"": {\""method\"": \""clip\"", \""std_threshold\"": 4}}}, \""holiday_countries_used\"": true, \""lags\"": null, \""forward_lags\"": null}, \""1\"": {\""model\"": \""GLS\"", \""phi\"": 1, \""window\"": 10, \""transform_dict\"": {\""fillna\"": null, \""transformations\"": {\""0\"": \""Discretize\""}, \""transformation_params\"": {\""0\"": {\""discretization\"": \""center\"", \""n_bins\"": 20}}}}, \""2\"": {\""lag\"": 1, \""fill\"": \""bfill\""}, \""3\"": {}}}""}, ""927f8c402d93eba11011ff9ae8879530"": {""Model"": ""WindowRegression"", ""ModelParameters"": ""{\""window_size\"": 24, \""input_dim\"": \""univariate\"", \""output_dim\"": \""1step\"", \""normalize_window\"": false, \""max_windows\"": 5000000, \""fourier_encoding_components\"": null, \""scale\"": true, \""datepart_method\"": null, \""regression_type\"": null, \""regression_model\"": {\""model\"": \""ElasticNet\"", \""model_params\"": {\""l1_ratio\"": 0.5, \""fit_intercept\"": true, \""selection\"": \""cyclic\"", \""max_iter\"": 2000}}}"", ""TransformationParameters"": ""{\""fillna\"": \""akima\"", \""transformations\"": {\""0\"": \""DatepartRegression\"", \""1\"": \""Scaler\"", \""2\"": \""Scaler\""}, \""transformation_params\"": {\""0\"": {\""regression_model\"": {\""model\"": \""ElasticNet\"", \""model_params\"": {\""l1_ratio\"": 0.5, \""fit_intercept\"": true, \""selection\"": \""cyclic\"", \""max_iter\"": 1000}}, \""datepart_method\"": \""recurring\"", \""polynomial_degree\"": null, \""transform_dict\"": null, \""holiday_countries_used\"": false, \""lags\"": null, \""forward_lags\"": null}, \""1\"": {}, \""2\"": {}}}""}, ""b64de7c386a7fef4fbd9b08033fa98b2"": {""Model"": ""WindowRegression"", ""ModelParameters"": ""{\""window_size\"": 10, \""input_dim\"": \""univariate\"", \""output_dim\"": \""1step\"", \""normalize_window\"": false, \""max_windows\"": 5000000, \""fourier_encoding_components\"": null, \""scale\"": true, \""datepart_method\"": null, \""regression_type\"": null, \""regression_model\"": {\""model\"": \""SVM\"", \""model_params\"": {\""C\"": 0.1, \""tol\"": 0.001, \""epsilon\"": 0.0, \""loss\"": \""squared_epsilon_insensitive\"", \""max_iter\"": 50}}}"", ""TransformationParameters"": ""{\""fillna\"": \""ffill\"", \""transformations\"": {\""0\"": \""DatepartRegression\"", \""1\"": \""DatepartRegression\"", \""2\"": \""DatepartRegression\"", \""3\"": \""DatepartRegression\""}, \""transformation_params\"": {\""0\"": {\""regression_model\"": {\""model\"": \""ElasticNet\"", \""model_params\"": {\""l1_ratio\"": 0.9, \""fit_intercept\"": true, \""selection\"": \""cyclic\"", \""max_iter\"": 1000}}, \""datepart_method\"": \""common_fourier\"", \""polynomial_degree\"": null, \""transform_dict\"": null, \""holiday_countries_used\"": true, \""lags\"": null, \""forward_lags\"": null}, \""1\"": {\""regression_model\"": {\""model\"": \""DecisionTree\"", \""model_params\"": {\""max_depth\"": null, \""min_samples_split\"": 2}}, \""datepart_method\"": \""simple_binarized\"", \""polynomial_degree\"": null, \""transform_dict\"": {\""fillna\"": null, \""transformations\"": {\""0\"": \""ScipyFilter\""}, \""transformation_params\"": {\""0\"": {\""method\"": \""savgol_filter\"", \""method_args\"": {\""window_length\"": 31, \""polyorder\"": 3, \""deriv\"": 0, \""mode\"": \""interp\""}}}}, \""holiday_countries_used\"": false, \""lags\"": null, \""forward_lags\"": null}, \""2\"": {\""regression_model\"": {\""model\"": \""ElasticNet\"", \""model_params\"": {\""l1_ratio\"": 0.5, \""fit_intercept\"": true, \""selection\"": \""cyclic\"", \""max_iter\"": 1000}}, \""datepart_method\"": [\""dayofweek\"", [365.25, 14], [354.37, 10]], \""polynomial_degree\"": null, \""transform_dict\"": null, \""holiday_countries_used\"": true, \""lags\"": null, \""forward_lags\"": 1}, \""3\"": {\""regression_model\"": {\""model\"": \""ElasticNet\"", \""model_params\"": {\""l1_ratio\"": 0.5, \""fit_intercept\"": true, \""selection\"": \""random\"", \""max_iter\"": 1000}}, \""datepart_method\"": \""simple_binarized\"", \""polynomial_degree\"": null, \""transform_dict\"": {\""fillna\"": null, \""transformations\"": {\""0\"": \""ClipOutliers\""}, \""transformation_params\"": {\""0\"": {\""method\"": \""clip\"", \""std_threshold\"": 4}}}, \""holiday_countries_used\"": false, \""lags\"": null, \""forward_lags\"": null}}}""}}, ""model_weights"": {}, ""point_method"": ""mean""}","{""fillna"": ""fake_date"", ""transformations"": {""0"": ""AlignLastValue"", ""1"": ""AlignLastValue""}, ""transformation_params"": {""0"": {""rows"": 1, ""lag"": 1, ""method"": ""multiplicative"", ""strength"": 1.0, ""first_value_only"": false, ""threshold"": null, ""threshold_method"": ""mean""}, ""1"": {""rows"": 1, ""lag"": 1, ""method"": ""multiplicative"", ""strength"": 1.0, ""first_value_only"": true, ""threshold"": 10, ""threshold_method"": ""max""}}}",1,1,14.698331689556436,0.9997334946379668,1.2003890008687355,0.5191887353213543,0.9997334946379668,0.0,-3.6443159464166577,0.6466143629031177,116.32370341013933,0.9949170380364839,5.76955583779484,0.9916666666666667,0.44166666666666665,3.913505283436474,0.9583333333333334,1.3728808854205963,0.799849455506895,4.322367710580015,3.301805360213442,0.07510444726887136,112.67938746372269,43.116367818877634,31.49375583010722,0.1420218483963193,14.698331689556436,0.9997334946379668,1.2003890008687355,0.5191887353213543,0.9997334946379668,0.0,0.6466143629031177,0.9949170380364839,5.76955583779484,3.913505283436474,0.9583333333333334,1.3728808854205963,0.799849455506895,4.322367710580015,3.301805360213442,0.07510444726887136,112.67938746372269,43.116367818877634,31.49375583010722,0.1420218483963193,0.9916666666666667,0.44166666666666665,2.4957,63.78444151999011,14.088121696666613,Wh,14.088121696666613,Wh
19,4be97017d7dcbca5b651cdf22f4445c1,Ensemble,"{""model_name"": ""BestN"", ""model_count"": 3, ""model_metric"": ""mixed_metric"", ""models"": {""0a98a875055da5bcd734698018011f5e"": {""Model"": ""RollingRegression"", ""ModelParameters"": ""{\""regression_model\"": {\""model\"": \""BayesianRidge\"", \""model_params\"": {}}, \""holiday\"": false, \""mean_rolling_periods\"": 7, \""macd_periods\"": 63, \""std_rolling_periods\"": null, \""max_rolling_periods\"": null, \""min_rolling_periods\"": 2, \""ewm_var_alpha\"": null, \""quantile90_rolling_periods\"": null, \""quantile10_rolling_periods\"": null, \""ewm_alpha\"": null, \""additional_lag_periods\"": 3, \""abs_energy\"": false, \""rolling_autocorr_periods\"": null, \""nonzero_last_n\"": null, \""add_date_part\"": \""simple_2\"", \""polynomial_degree\"": null, \""x_transform\"": null, \""regression_type\"": null}"", ""TransformationParameters"": ""{\""fillna\"": \""KNNImputer\"", \""transformations\"": {\""0\"": \""DatepartRegression\"", \""1\"": \""Detrend\"", \""2\"": \""DifferencedTransformer\"", \""3\"": \""MinMaxScaler\""}, \""transformation_params\"": {\""0\"": {\""regression_model\"": {\""model\"": \""ElasticNet\"", \""model_params\"": {\""l1_ratio\"": 0.1, \""fit_intercept\"": true, \""selection\"": \""cyclic\"", \""max_iter\"": 1000}}, \""datepart_method\"": \""recurring\"", \""polynomial_degree\"": null, \""transform_dict\"": {\""fillna\"": null, \""transformations\"": {\""0\"": \""ClipOutliers\""}, \""transformation_params\"": {\""0\"": {\""method\"": \""clip\"", \""std_threshold\"": 4}}}, \""holiday_countries_used\"": true, \""lags\"": null, \""forward_lags\"": null}, \""1\"": {\""model\"": \""GLS\"", \""phi\"": 1, \""window\"": 10, \""transform_dict\"": {\""fillna\"": null, \""transformations\"": {\""0\"": \""Discretize\""}, \""transformation_params\"": {\""0\"": {\""discretization\"": \""center\"", \""n_bins\"": 20}}}}, \""2\"": {\""lag\"": 1, \""fill\"": \""bfill\""}, \""3\"": {}}}""}, ""927f8c402d93eba11011ff9ae8879530"": {""Model"": ""WindowRegression"", ""ModelParameters"": ""{\""window_size\"": 24, \""input_dim\"": \""univariate\"", \""output_dim\"": \""1step\"", \""normalize_window\"": false, \""max_windows\"": 5000000, \""fourier_encoding_components\"": null, \""scale\"": true, \""datepart_method\"": null, \""regression_type\"": null, \""regression_model\"": {\""model\"": \""ElasticNet\"", \""model_params\"": {\""l1_ratio\"": 0.5, \""fit_intercept\"": true, \""selection\"": \""cyclic\"", \""max_iter\"": 2000}}}"", ""TransformationParameters"": ""{\""fillna\"": \""akima\"", \""transformations\"": {\""0\"": \""DatepartRegression\"", \""1\"": \""Scaler\"", \""2\"": \""Scaler\""}, \""transformation_params\"": {\""0\"": {\""regression_model\"": {\""model\"": \""ElasticNet\"", \""model_params\"": {\""l1_ratio\"": 0.5, \""fit_intercept\"": true, \""selection\"": \""cyclic\"", \""max_iter\"": 1000}}, \""datepart_method\"": \""recurring\"", \""polynomial_degree\"": null, \""transform_dict\"": null, \""holiday_countries_used\"": false, \""lags\"": null, \""forward_lags\"": null}, \""1\"": {}, \""2\"": {}}}""}, ""b64de7c386a7fef4fbd9b08033fa98b2"": {""Model"": ""WindowRegression"", ""ModelParameters"": ""{\""window_size\"": 10, \""input_dim\"": \""univariate\"", \""output_dim\"": \""1step\"", \""normalize_window\"": false, \""max_windows\"": 5000000, \""fourier_encoding_components\"": null, \""scale\"": true, \""datepart_method\"": null, \""regression_type\"": null, \""regression_model\"": {\""model\"": \""SVM\"", \""model_params\"": {\""C\"": 0.1, \""tol\"": 0.001, \""epsilon\"": 0.0, \""loss\"": \""squared_epsilon_insensitive\"", \""max_iter\"": 50}}}"", ""TransformationParameters"": ""{\""fillna\"": \""ffill\"", \""transformations\"": {\""0\"": \""DatepartRegression\"", \""1\"": \""DatepartRegression\"", \""2\"": \""DatepartRegression\"", \""3\"": \""DatepartRegression\""}, \""transformation_params\"": {\""0\"": {\""regression_model\"": {\""model\"": \""ElasticNet\"", \""model_params\"": {\""l1_ratio\"": 0.9, \""fit_intercept\"": true, \""selection\"": \""cyclic\"", \""max_iter\"": 1000}}, \""datepart_method\"": \""common_fourier\"", \""polynomial_degree\"": null, \""transform_dict\"": null, \""holiday_countries_used\"": true, \""lags\"": null, \""forward_lags\"": null}, \""1\"": {\""regression_model\"": {\""model\"": \""DecisionTree\"", \""model_params\"": {\""max_depth\"": null, \""min_samples_split\"": 2}}, \""datepart_method\"": \""simple_binarized\"", \""polynomial_degree\"": null, \""transform_dict\"": {\""fillna\"": null, \""transformations\"": {\""0\"": \""ScipyFilter\""}, \""transformation_params\"": {\""0\"": {\""method\"": \""savgol_filter\"", \""method_args\"": {\""window_length\"": 31, \""polyorder\"": 3, \""deriv\"": 0, \""mode\"": \""interp\""}}}}, \""holiday_countries_used\"": false, \""lags\"": null, \""forward_lags\"": null}, \""2\"": {\""regression_model\"": {\""model\"": \""ElasticNet\"", \""model_params\"": {\""l1_ratio\"": 0.5, \""fit_intercept\"": true, \""selection\"": \""cyclic\"", \""max_iter\"": 1000}}, \""datepart_method\"": [\""dayofweek\"", [365.25, 14], [354.37, 10]], \""polynomial_degree\"": null, \""transform_dict\"": null, \""holiday_countries_used\"": true, \""lags\"": null, \""forward_lags\"": 1}, \""3\"": {\""regression_model\"": {\""model\"": \""ElasticNet\"", \""model_params\"": {\""l1_ratio\"": 0.5, \""fit_intercept\"": true, \""selection\"": \""random\"", \""max_iter\"": 1000}}, \""datepart_method\"": \""simple_binarized\"", \""polynomial_degree\"": null, \""transform_dict\"": {\""fillna\"": null, \""transformations\"": {\""0\"": \""ClipOutliers\""}, \""transformation_params\"": {\""0\"": {\""method\"": \""clip\"", \""std_threshold\"": 4}}}, \""holiday_countries_used\"": false, \""lags\"": null, \""forward_lags\"": null}}}""}}, ""model_weights"": {}, ""point_method"": ""mean""}","{""fillna"": ""fake_date"", ""transformations"": {""0"": ""FIRFilter"", ""1"": ""AlignLastValue"", ""2"": ""AlignLastValue""}, ""transformation_params"": {""0"": {""numtaps"": 32, ""cutoff_hz"": 0.1, ""window"": ""triang"", ""sampling_frequency"": 12, ""on_transform"": false, ""on_inverse"": true, ""bounds_only"": true}, ""1"": {""rows"": 1, ""lag"": 1, ""method"": ""multiplicative"", ""strength"": 1.0, ""first_value_only"": false, ""threshold"": null, ""threshold_method"": ""mean""}, ""2"": {""rows"": 1, ""lag"": 1, ""method"": ""multiplicative"", ""strength"": 1.0, ""first_value_only"": true, ""threshold"": 10, ""threshold_method"": ""max""}}}",1,1,14.698331689556436,0.9997334946379668,1.2003890008687355,0.5191887353213543,0.9997334946379668,0.0,-3.6443159464166577,0.6466143629031177,116.32370341013933,0.9949170380364839,5.731673260480926,0.9916666666666667,0.44166666666666665,3.913505283436474,0.9583333333333334,1.3728808854205963,0.799849455506895,4.322367710580015,3.301805360213442,0.07510444726887136,112.67938746372269,43.116367818877634,31.49375583010722,0.1420218483963193,14.698331689556436,0.9997334946379668,1.2003890008687355,0.5191887353213543,0.9997334946379668,0.0,0.6466143629031177,0.9949170380364839,5.731673260480926,3.913505283436474,0.9583333333333334,1.3728808854205963,0.799849455506895,4.322367710580015,3.301805360213442,0.07510444726887136,112.67938746372269,43.116367818877634,31.49375583010722,0.1420218483963193,0.9916666666666667,0.44166666666666665,2.6629,63.461007160613974,14.088121696666613,Wh,14.088121696666613,Wh
20,bf804d1264e8d6798afe831cb20b3ae1,Ensemble,"{""model_name"": ""BestN"", ""model_count"": 3, ""model_metric"": ""mixed_metric"", ""models"": {""0a98a875055da5bcd734698018011f5e"": {""Model"": ""RollingRegression"", ""ModelParameters"": ""{\""regression_model\"": {\""model\"": \""BayesianRidge\"", \""model_params\"": {}}, \""holiday\"": false, \""mean_rolling_periods\"": 7, \""macd_periods\"": 63, \""std_rolling_periods\"": null, \""max_rolling_periods\"": null, \""min_rolling_periods\"": 2, \""ewm_var_alpha\"": null, \""quantile90_rolling_periods\"": null, \""quantile10_rolling_periods\"": null, \""ewm_alpha\"": null, \""additional_lag_periods\"": 3, \""abs_energy\"": false, \""rolling_autocorr_periods\"": null, \""nonzero_last_n\"": null, \""add_date_part\"": \""simple_2\"", \""polynomial_degree\"": null, \""x_transform\"": null, \""regression_type\"": null}"", ""TransformationParameters"": ""{\""fillna\"": \""KNNImputer\"", \""transformations\"": {\""0\"": \""DatepartRegression\"", \""1\"": \""Detrend\"", \""2\"": \""DifferencedTransformer\"", \""3\"": \""MinMaxScaler\""}, \""transformation_params\"": {\""0\"": {\""regression_model\"": {\""model\"": \""ElasticNet\"", \""model_params\"": {\""l1_ratio\"": 0.1, \""fit_intercept\"": true, \""selection\"": \""cyclic\"", \""max_iter\"": 1000}}, \""datepart_method\"": \""recurring\"", \""polynomial_degree\"": null, \""transform_dict\"": {\""fillna\"": null, \""transformations\"": {\""0\"": \""ClipOutliers\""}, \""transformation_params\"": {\""0\"": {\""method\"": \""clip\"", \""std_threshold\"": 4}}}, \""holiday_countries_used\"": true, \""lags\"": null, \""forward_lags\"": null}, \""1\"": {\""model\"": \""GLS\"", \""phi\"": 1, \""window\"": 10, \""transform_dict\"": {\""fillna\"": null, \""transformations\"": {\""0\"": \""Discretize\""}, \""transformation_params\"": {\""0\"": {\""discretization\"": \""center\"", \""n_bins\"": 20}}}}, \""2\"": {\""lag\"": 1, \""fill\"": \""bfill\""}, \""3\"": {}}}""}, ""927f8c402d93eba11011ff9ae8879530"": {""Model"": ""WindowRegression"", ""ModelParameters"": ""{\""window_size\"": 24, \""input_dim\"": \""univariate\"", \""output_dim\"": \""1step\"", \""normalize_window\"": false, \""max_windows\"": 5000000, \""fourier_encoding_components\"": null, \""scale\"": true, \""datepart_method\"": null, \""regression_type\"": null, \""regression_model\"": {\""model\"": \""ElasticNet\"", \""model_params\"": {\""l1_ratio\"": 0.5, \""fit_intercept\"": true, \""selection\"": \""cyclic\"", \""max_iter\"": 2000}}}"", ""TransformationParameters"": ""{\""fillna\"": \""akima\"", \""transformations\"": {\""0\"": \""DatepartRegression\"", \""1\"": \""Scaler\"", \""2\"": \""Scaler\""}, \""transformation_params\"": {\""0\"": {\""regression_model\"": {\""model\"": \""ElasticNet\"", \""model_params\"": {\""l1_ratio\"": 0.5, \""fit_intercept\"": true, \""selection\"": \""cyclic\"", \""max_iter\"": 1000}}, \""datepart_method\"": \""recurring\"", \""polynomial_degree\"": null, \""transform_dict\"": null, \""holiday_countries_used\"": false, \""lags\"": null, \""forward_lags\"": null}, \""1\"": {}, \""2\"": {}}}""}, ""b64de7c386a7fef4fbd9b08033fa98b2"": {""Model"": ""WindowRegression"", ""ModelParameters"": ""{\""window_size\"": 10, \""input_dim\"": \""univariate\"", \""output_dim\"": \""1step\"", \""normalize_window\"": false, \""max_windows\"": 5000000, \""fourier_encoding_components\"": null, \""scale\"": true, \""datepart_method\"": null, \""regression_type\"": null, \""regression_model\"": {\""model\"": \""SVM\"", \""model_params\"": {\""C\"": 0.1, \""tol\"": 0.001, \""epsilon\"": 0.0, \""loss\"": \""squared_epsilon_insensitive\"", \""max_iter\"": 50}}}"", ""TransformationParameters"": ""{\""fillna\"": \""ffill\"", \""transformations\"": {\""0\"": \""DatepartRegression\"", \""1\"": \""DatepartRegression\"", \""2\"": \""DatepartRegression\"", \""3\"": \""DatepartRegression\""}, \""transformation_params\"": {\""0\"": {\""regression_model\"": {\""model\"": \""ElasticNet\"", \""model_params\"": {\""l1_ratio\"": 0.9, \""fit_intercept\"": true, \""selection\"": \""cyclic\"", \""max_iter\"": 1000}}, \""datepart_method\"": \""common_fourier\"", \""polynomial_degree\"": null, \""transform_dict\"": null, \""holiday_countries_used\"": true, \""lags\"": null, \""forward_lags\"": null}, \""1\"": {\""regression_model\"": {\""model\"": \""DecisionTree\"", \""model_params\"": {\""max_depth\"": null, \""min_samples_split\"": 2}}, \""datepart_method\"": \""simple_binarized\"", \""polynomial_degree\"": null, \""transform_dict\"": {\""fillna\"": null, \""transformations\"": {\""0\"": \""ScipyFilter\""}, \""transformation_params\"": {\""0\"": {\""method\"": \""savgol_filter\"", \""method_args\"": {\""window_length\"": 31, \""polyorder\"": 3, \""deriv\"": 0, \""mode\"": \""interp\""}}}}, \""holiday_countries_used\"": false, \""lags\"": null, \""forward_lags\"": null}, \""2\"": {\""regression_model\"": {\""model\"": \""ElasticNet\"", \""model_params\"": {\""l1_ratio\"": 0.5, \""fit_intercept\"": true, \""selection\"": \""cyclic\"", \""max_iter\"": 1000}}, \""datepart_method\"": [\""dayofweek\"", [365.25, 14], [354.37, 10]], \""polynomial_degree\"": null, \""transform_dict\"": null, \""holiday_countries_used\"": true, \""lags\"": null, \""forward_lags\"": 1}, \""3\"": {\""regression_model\"": {\""model\"": \""ElasticNet\"", \""model_params\"": {\""l1_ratio\"": 0.5, \""fit_intercept\"": true, \""selection\"": \""random\"", \""max_iter\"": 1000}}, \""datepart_method\"": \""simple_binarized\"", \""polynomial_degree\"": null, \""transform_dict\"": {\""fillna\"": null, \""transformations\"": {\""0\"": \""ClipOutliers\""}, \""transformation_params\"": {\""0\"": {\""method\"": \""clip\"", \""std_threshold\"": 4}}}, \""holiday_countries_used\"": false, \""lags\"": null, \""forward_lags\"": null}}}""}}, ""model_weights"": {}, ""point_method"": ""mean""}","{""fillna"": ""fake_date"", ""transformations"": {""0"": ""AlignLastValue"", ""1"": ""AlignLastValue""}, ""transformation_params"": {""0"": {""rows"": 4, ""lag"": 28, ""method"": ""additive"", ""strength"": 0.2, ""first_value_only"": false, ""threshold"": 1, ""threshold_method"": ""max""}, ""1"": {""rows"": 1, ""lag"": 1, ""method"": ""additive"", ""strength"": 1.0, ""first_value_only"": false, ""threshold"": 1, ""threshold_method"": ""mean""}}}",1,1,12.14174924354845,0.8097551691833454,1.0087037168703665,0.5189555363904605,0.8097551691833454,0.0,-8.00916836981898,0.5582344486028243,89.16145193218246,0.796625239006151,5.767722594445141,0.9916666666666667,0.43333333333333335,3.6498176665955695,0.975,1.3068744032591086,0.6228786520616179,3.42633797705674,2.454909388176704,0.07446079064467188,81.15228356236346,29.631875440282354,31.32244835514093,0.10228487723027176,12.14174924354845,0.8097551691833454,1.0087037168703665,0.5189555363904605,0.8097551691833454,0.0,0.5582344486028243,0.796625239006151,5.767722594445141,3.6498176665955695,0.975,1.3068744032591086,0.6228786520616179,3.42633797705674,2.454909388176704,0.07446079064467188,81.15228356236346,29.631875440282354,31.32244835514093,0.10228487723027176,0.9916666666666667,0.43333333333333335,2.5107,61.244440472178646,11.410970452771501,Wh,11.410970452771501,Wh
21,c65fd50033a652e6c19710ec5ea6ca48,Ensemble,"{""model_name"": ""BestN"", ""model_count"": 3, ""model_metric"": ""mixed_metric"", ""models"": {""0a98a875055da5bcd734698018011f5e"": {""Model"": ""RollingRegression"", ""ModelParameters"": ""{\""regression_model\"": {\""model\"": \""BayesianRidge\"", \""model_params\"": {}}, \""holiday\"": false, \""mean_rolling_periods\"": 7, \""macd_periods\"": 63, \""std_rolling_periods\"": null, \""max_rolling_periods\"": null, \""min_rolling_periods\"": 2, \""ewm_var_alpha\"": null, \""quantile90_rolling_periods\"": null, \""quantile10_rolling_periods\"": null, \""ewm_alpha\"": null, \""additional_lag_periods\"": 3, \""abs_energy\"": false, \""rolling_autocorr_periods\"": null, \""nonzero_last_n\"": null, \""add_date_part\"": \""simple_2\"", \""polynomial_degree\"": null, \""x_transform\"": null, \""regression_type\"": null}"", ""TransformationParameters"": ""{\""fillna\"": \""KNNImputer\"", \""transformations\"": {\""0\"": \""DatepartRegression\"", \""1\"": \""Detrend\"", \""2\"": \""DifferencedTransformer\"", \""3\"": \""MinMaxScaler\""}, \""transformation_params\"": {\""0\"": {\""regression_model\"": {\""model\"": \""ElasticNet\"", \""model_params\"": {\""l1_ratio\"": 0.1, \""fit_intercept\"": true, \""selection\"": \""cyclic\"", \""max_iter\"": 1000}}, \""datepart_method\"": \""recurring\"", \""polynomial_degree\"": null, \""transform_dict\"": {\""fillna\"": null, \""transformations\"": {\""0\"": \""ClipOutliers\""}, \""transformation_params\"": {\""0\"": {\""method\"": \""clip\"", \""std_threshold\"": 4}}}, \""holiday_countries_used\"": true, \""lags\"": null, \""forward_lags\"": null}, \""1\"": {\""model\"": \""GLS\"", \""phi\"": 1, \""window\"": 10, \""transform_dict\"": {\""fillna\"": null, \""transformations\"": {\""0\"": \""Discretize\""}, \""transformation_params\"": {\""0\"": {\""discretization\"": \""center\"", \""n_bins\"": 20}}}}, \""2\"": {\""lag\"": 1, \""fill\"": \""bfill\""}, \""3\"": {}}}""}, ""927f8c402d93eba11011ff9ae8879530"": {""Model"": ""WindowRegression"", ""ModelParameters"": ""{\""window_size\"": 24, \""input_dim\"": \""univariate\"", \""output_dim\"": \""1step\"", \""normalize_window\"": false, \""max_windows\"": 5000000, \""fourier_encoding_components\"": null, \""scale\"": true, \""datepart_method\"": null, \""regression_type\"": null, \""regression_model\"": {\""model\"": \""ElasticNet\"", \""model_params\"": {\""l1_ratio\"": 0.5, \""fit_intercept\"": true, \""selection\"": \""cyclic\"", \""max_iter\"": 2000}}}"", ""TransformationParameters"": ""{\""fillna\"": \""akima\"", \""transformations\"": {\""0\"": \""DatepartRegression\"", \""1\"": \""Scaler\"", \""2\"": \""Scaler\""}, \""transformation_params\"": {\""0\"": {\""regression_model\"": {\""model\"": \""ElasticNet\"", \""model_params\"": {\""l1_ratio\"": 0.5, \""fit_intercept\"": true, \""selection\"": \""cyclic\"", \""max_iter\"": 1000}}, \""datepart_method\"": \""recurring\"", \""polynomial_degree\"": null, \""transform_dict\"": null, \""holiday_countries_used\"": false, \""lags\"": null, \""forward_lags\"": null}, \""1\"": {}, \""2\"": {}}}""}, ""b64de7c386a7fef4fbd9b08033fa98b2"": {""Model"": ""WindowRegression"", ""ModelParameters"": ""{\""window_size\"": 10, \""input_dim\"": \""univariate\"", \""output_dim\"": \""1step\"", \""normalize_window\"": false, \""max_windows\"": 5000000, \""fourier_encoding_components\"": null, \""scale\"": true, \""datepart_method\"": null, \""regression_type\"": null, \""regression_model\"": {\""model\"": \""SVM\"", \""model_params\"": {\""C\"": 0.1, \""tol\"": 0.001, \""epsilon\"": 0.0, \""loss\"": \""squared_epsilon_insensitive\"", \""max_iter\"": 50}}}"", ""TransformationParameters"": ""{\""fillna\"": \""ffill\"", \""transformations\"": {\""0\"": \""DatepartRegression\"", \""1\"": \""DatepartRegression\"", \""2\"": \""DatepartRegression\"", \""3\"": \""DatepartRegression\""}, \""transformation_params\"": {\""0\"": {\""regression_model\"": {\""model\"": \""ElasticNet\"", \""model_params\"": {\""l1_ratio\"": 0.9, \""fit_intercept\"": true, \""selection\"": \""cyclic\"", \""max_iter\"": 1000}}, \""datepart_method\"": \""common_fourier\"", \""polynomial_degree\"": null, \""transform_dict\"": null, \""holiday_countries_used\"": true, \""lags\"": null, \""forward_lags\"": null}, \""1\"": {\""regression_model\"": {\""model\"": \""DecisionTree\"", \""model_params\"": {\""max_depth\"": null, \""min_samples_split\"": 2}}, \""datepart_method\"": \""simple_binarized\"", \""polynomial_degree\"": null, \""transform_dict\"": {\""fillna\"": null, \""transformations\"": {\""0\"": \""ScipyFilter\""}, \""transformation_params\"": {\""0\"": {\""method\"": \""savgol_filter\"", \""method_args\"": {\""window_length\"": 31, \""polyorder\"": 3, \""deriv\"": 0, \""mode\"": \""interp\""}}}}, \""holiday_countries_used\"": false, \""lags\"": null, \""forward_lags\"": null}, \""2\"": {\""regression_model\"": {\""model\"": \""ElasticNet\"", \""model_params\"": {\""l1_ratio\"": 0.5, \""fit_intercept\"": true, \""selection\"": \""cyclic\"", \""max_iter\"": 1000}}, \""datepart_method\"": [\""dayofweek\"", [365.25, 14], [354.37, 10]], \""polynomial_degree\"": null, \""transform_dict\"": null, \""holiday_countries_used\"": true, \""lags\"": null, \""forward_lags\"": 1}, \""3\"": {\""regression_model\"": {\""model\"": \""ElasticNet\"", \""model_params\"": {\""l1_ratio\"": 0.5, \""fit_intercept\"": true, \""selection\"": \""random\"", \""max_iter\"": 1000}}, \""datepart_method\"": \""simple_binarized\"", \""polynomial_degree\"": null, \""transform_dict\"": {\""fillna\"": null, \""transformations\"": {\""0\"": \""ClipOutliers\""}, \""transformation_params\"": {\""0\"": {\""method\"": \""clip\"", \""std_threshold\"": 4}}}, \""holiday_countries_used\"": false, \""lags\"": null, \""forward_lags\"": null}}}""}}, ""model_weights"": {}, ""point_method"": ""mean""}","{""fillna"": ""zero"", ""transformations"": {""0"": ""AnomalyRemoval"", ""1"": ""EWMAFilter"", ""2"": ""AlignLastValue""}, ""transformation_params"": {""0"": {""method"": ""med_diff"", ""method_params"": {""distribution"": ""norm"", ""alpha"": 0.05}, ""fillna"": ""rolling_mean_24"", ""transform_dict"": {""fillna"": null, ""transformations"": {""0"": ""EWMAFilter""}, ""transformation_params"": {""0"": {""span"": 7}}}, ""isolated_only"": false, ""on_inverse"": false}, ""1"": {""span"": 7}, ""2"": {""rows"": 1, ""lag"": 1, ""method"": ""multiplicative"", ""strength"": 1.0, ""first_value_only"": false, ""threshold"": 1, ""threshold_method"": ""max""}}}",1,1,12.432642766913245,0.8307340426480164,1.0294559513425758,0.5186622069322496,0.8307340426480164,0.0,-7.474757313020542,0.5683224920212631,92.21332780474143,0.8187259947075956,5.590106421971475,0.9916666666666667,0.43333333333333335,3.6716035954594988,0.975,1.3135665448734204,0.6425535999066804,3.5415397526575068,2.5174713527654675,0.07222246670006209,84.73857049172088,30.960292926791183,31.430383379591166,0.10680505709680573,12.432642766913245,0.8307340426480164,1.0294559513425758,0.5186622069322496,0.8307340426480164,0.0,0.5683224920212631,0.8187259947075956,5.590106421971475,3.6716035954594988,0.975,1.3135665448734204,0.6425535999066804,3.5415397526575068,2.5174713527654675,0.07222246670006209,84.73857049172088,30.960292926791183,31.430383379591166,0.10680505709680573,0.9916666666666667,0.43333333333333335,2.607,60.010359759692314,11.70660216263662,Wh,11.70660216263662,Wh
22,63acfcd9ab195a9a9ec5621b4404b915,Ensemble,"{""model_name"": ""BestN"", ""model_count"": 3, ""model_metric"": ""mixed_metric"", ""models"": {""0a98a875055da5bcd734698018011f5e"": {""Model"": ""RollingRegression"", ""ModelParameters"": ""{\""regression_model\"": {\""model\"": \""BayesianRidge\"", \""model_params\"": {}}, \""holiday\"": false, \""mean_rolling_periods\"": 7, \""macd_periods\"": 63, \""std_rolling_periods\"": null, \""max_rolling_periods\"": null, \""min_rolling_periods\"": 2, \""ewm_var_alpha\"": null, \""quantile90_rolling_periods\"": null, \""quantile10_rolling_periods\"": null, \""ewm_alpha\"": null, \""additional_lag_periods\"": 3, \""abs_energy\"": false, \""rolling_autocorr_periods\"": null, \""nonzero_last_n\"": null, \""add_date_part\"": \""simple_2\"", \""polynomial_degree\"": null, \""x_transform\"": null, \""regression_type\"": null}"", ""TransformationParameters"": ""{\""fillna\"": \""KNNImputer\"", \""transformations\"": {\""0\"": \""DatepartRegression\"", \""1\"": \""Detrend\"", \""2\"": \""DifferencedTransformer\"", \""3\"": \""MinMaxScaler\""}, \""transformation_params\"": {\""0\"": {\""regression_model\"": {\""model\"": \""ElasticNet\"", \""model_params\"": {\""l1_ratio\"": 0.1, \""fit_intercept\"": true, \""selection\"": \""cyclic\"", \""max_iter\"": 1000}}, \""datepart_method\"": \""recurring\"", \""polynomial_degree\"": null, \""transform_dict\"": {\""fillna\"": null, \""transformations\"": {\""0\"": \""ClipOutliers\""}, \""transformation_params\"": {\""0\"": {\""method\"": \""clip\"", \""std_threshold\"": 4}}}, \""holiday_countries_used\"": true, \""lags\"": null, \""forward_lags\"": null}, \""1\"": {\""model\"": \""GLS\"", \""phi\"": 1, \""window\"": 10, \""transform_dict\"": {\""fillna\"": null, \""transformations\"": {\""0\"": \""Discretize\""}, \""transformation_params\"": {\""0\"": {\""discretization\"": \""center\"", \""n_bins\"": 20}}}}, \""2\"": {\""lag\"": 1, \""fill\"": \""bfill\""}, \""3\"": {}}}""}, ""927f8c402d93eba11011ff9ae8879530"": {""Model"": ""WindowRegression"", ""ModelParameters"": ""{\""window_size\"": 24, \""input_dim\"": \""univariate\"", \""output_dim\"": \""1step\"", \""normalize_window\"": false, \""max_windows\"": 5000000, \""fourier_encoding_components\"": null, \""scale\"": true, \""datepart_method\"": null, \""regression_type\"": null, \""regression_model\"": {\""model\"": \""ElasticNet\"", \""model_params\"": {\""l1_ratio\"": 0.5, \""fit_intercept\"": true, \""selection\"": \""cyclic\"", \""max_iter\"": 2000}}}"", ""TransformationParameters"": ""{\""fillna\"": \""akima\"", \""transformations\"": {\""0\"": \""DatepartRegression\"", \""1\"": \""Scaler\"", \""2\"": \""Scaler\""}, \""transformation_params\"": {\""0\"": {\""regression_model\"": {\""model\"": \""ElasticNet\"", \""model_params\"": {\""l1_ratio\"": 0.5, \""fit_intercept\"": true, \""selection\"": \""cyclic\"", \""max_iter\"": 1000}}, \""datepart_method\"": \""recurring\"", \""polynomial_degree\"": null, \""transform_dict\"": null, \""holiday_countries_used\"": false, \""lags\"": null, \""forward_lags\"": null}, \""1\"": {}, \""2\"": {}}}""}, ""b64de7c386a7fef4fbd9b08033fa98b2"": {""Model"": ""WindowRegression"", ""ModelParameters"": ""{\""window_size\"": 10, \""input_dim\"": \""univariate\"", \""output_dim\"": \""1step\"", \""normalize_window\"": false, \""max_windows\"": 5000000, \""fourier_encoding_components\"": null, \""scale\"": true, \""datepart_method\"": null, \""regression_type\"": null, \""regression_model\"": {\""model\"": \""SVM\"", \""model_params\"": {\""C\"": 0.1, \""tol\"": 0.001, \""epsilon\"": 0.0, \""loss\"": \""squared_epsilon_insensitive\"", \""max_iter\"": 50}}}"", ""TransformationParameters"": ""{\""fillna\"": \""ffill\"", \""transformations\"": {\""0\"": \""DatepartRegression\"", \""1\"": \""DatepartRegression\"", \""2\"": \""DatepartRegression\"", \""3\"": \""DatepartRegression\""}, \""transformation_params\"": {\""0\"": {\""regression_model\"": {\""model\"": \""ElasticNet\"", \""model_params\"": {\""l1_ratio\"": 0.9, \""fit_intercept\"": true, \""selection\"": \""cyclic\"", \""max_iter\"": 1000}}, \""datepart_method\"": \""common_fourier\"", \""polynomial_degree\"": null, \""transform_dict\"": null, \""holiday_countries_used\"": true, \""lags\"": null, \""forward_lags\"": null}, \""1\"": {\""regression_model\"": {\""model\"": \""DecisionTree\"", \""model_params\"": {\""max_depth\"": null, \""min_samples_split\"": 2}}, \""datepart_method\"": \""simple_binarized\"", \""polynomial_degree\"": null, \""transform_dict\"": {\""fillna\"": null, \""transformations\"": {\""0\"": \""ScipyFilter\""}, \""transformation_params\"": {\""0\"": {\""method\"": \""savgol_filter\"", \""method_args\"": {\""window_length\"": 31, \""polyorder\"": 3, \""deriv\"": 0, \""mode\"": \""interp\""}}}}, \""holiday_countries_used\"": false, \""lags\"": null, \""forward_lags\"": null}, \""2\"": {\""regression_model\"": {\""model\"": \""ElasticNet\"", \""model_params\"": {\""l1_ratio\"": 0.5, \""fit_intercept\"": true, \""selection\"": \""cyclic\"", \""max_iter\"": 1000}}, \""datepart_method\"": [\""dayofweek\"", [365.25, 14], [354.37, 10]], \""polynomial_degree\"": null, \""transform_dict\"": null, \""holiday_countries_used\"": true, \""lags\"": null, \""forward_lags\"": 1}, \""3\"": {\""regression_model\"": {\""model\"": \""ElasticNet\"", \""model_params\"": {\""l1_ratio\"": 0.5, \""fit_intercept\"": true, \""selection\"": \""random\"", \""max_iter\"": 1000}}, \""datepart_method\"": \""simple_binarized\"", \""polynomial_degree\"": null, \""transform_dict\"": {\""fillna\"": null, \""transformations\"": {\""0\"": \""ClipOutliers\""}, \""transformation_params\"": {\""0\"": {\""method\"": \""clip\"", \""std_threshold\"": 4}}}, \""holiday_countries_used\"": false, \""lags\"": null, \""forward_lags\"": null}}}""}}, ""model_weights"": {}, ""point_method"": ""mean""}","{""fillna"": ""ffill"", ""transformations"": {""0"": ""AlignLastValue"", ""1"": ""SeasonalDifference"", ""2"": ""AlignLastValue""}, ""transformation_params"": {""0"": {""rows"": 1, ""lag"": 1, ""method"": ""additive"", ""strength"": 0.7, ""first_value_only"": false, ""threshold"": 1, ""threshold_method"": ""max""}, ""1"": {""lag_1"": 7, ""method"": 20}, ""2"": {""rows"": 1, ""lag"": 28, ""method"": ""multiplicative"", ""strength"": 1.0, ""first_value_only"": false, ""threshold"": null, ""threshold_method"": ""mean""}}}",1,1,29.278675610038416,2.2138986468024817,2.3662569482521394,0.5847767209091629,2.2138986468024817,0.0,0.0,1.1326083681496306,265.6678376162978,2.2138986468024817,2.6310237954596527,0.05,0.5166666666666667,5.082270944374763,0.025,2.5691060311982574,1.9787119238280375,9.561129184606626,8.913272693187055,0.39948483967030574,265.6678376162978,103.88612264345932,19.863041708981953,0.3348495071458145,29.278675610038416,2.2138986468024817,2.3662569482521394,0.5847767209091629,2.2138986468024817,0.0,1.1326083681496306,2.2138986468024817,2.6310237954596527,5.082270944374763,0.025,2.5691060311982574,1.9787119238280375,9.561129184606626,8.913272693187055,0.39948483967030574,265.6678376162978,103.88612264345932,19.863041708981953,0.3348495071458145,0.05,0.5166666666666667,2.5293,51.99245966367704,31.197987991323235,Wh,31.197987991323235,Wh
23,600305ea2db4179514fdaf6054aaa0b9,RollingRegression,"{""regression_model"": {""model"": ""ElasticNet"", ""model_params"": {""l1_ratio"": 0.5, ""fit_intercept"": false, ""selection"": ""cyclic"", ""max_iter"": 2000}}, ""holiday"": false, ""mean_rolling_periods"": 5, ""macd_periods"": 4, ""std_rolling_periods"": null, ""max_rolling_periods"": null, ""min_rolling_periods"": 288, ""ewm_var_alpha"": null, ""quantile90_rolling_periods"": null, ""quantile10_rolling_periods"": null, ""ewm_alpha"": null, ""additional_lag_periods"": 23, ""abs_energy"": false, ""rolling_autocorr_periods"": 7, ""nonzero_last_n"": null, ""add_date_part"": ""recurring"", ""polynomial_degree"": null, ""x_transform"": null, ""regression_type"": null}","{""fillna"": ""ffill_mean_biased"", ""transformations"": {""0"": ""Scaler"", ""1"": ""MinMaxScaler"", ""2"": ""MinMaxScaler""}, ""transformation_params"": {""0"": {}, ""1"": {}, ""2"": {}}}",0,1,34.8315864979113,2.848322570091147,3.370557750701616,0.596294334434566,2.848322570091147,0.0,-8.277110652890094,1.2374227326720266,333.52159775804756,2.829688586604966,1.1348233258909164,0.4083333333333333,0.5083333333333333,7.308550311581596,0.25,3.351570837335676,2.338198757822449,14.587078439646405,19.575017749534304,0.19811454484326071,325.2444871051575,95.82437571783181,20.40001155450307,0.4099403118805454,34.8315864979113,2.848322570091147,3.370557750701616,0.596294334434566,2.848322570091147,0.0,1.2374227326720266,2.829688586604966,1.1348233258909164,7.308550311581596,0.25,3.351570837335676,2.338198757822449,14.587078439646405,19.575017749534304,0.19811454484326071,325.2444871051575,95.82437571783181,20.40001155450307,0.4099403118805454,0.4083333333333333,0.5083333333333333,6.0734,46.83023718759276,40.1382120475394,Wh,40.1382120475394,Wh
24,aa2b7fbc4fc746bd7cc306e0301ea1c6,Ensemble,"{""model_name"": ""BestN"", ""model_count"": 3, ""model_metric"": ""best_score"", ""models"": {""927f8c402d93eba11011ff9ae8879530"": {""Model"": ""WindowRegression"", ""ModelParameters"": ""{\""window_size\"": 24, \""input_dim\"": \""univariate\"", \""output_dim\"": \""1step\"", \""normalize_window\"": false, \""max_windows\"": 5000000, \""fourier_encoding_components\"": null, \""scale\"": true, \""datepart_method\"": null, \""regression_type\"": null, \""regression_model\"": {\""model\"": \""ElasticNet\"", \""model_params\"": {\""l1_ratio\"": 0.5, \""fit_intercept\"": true, \""selection\"": \""cyclic\"", \""max_iter\"": 2000}}}"", ""TransformationParameters"": ""{\""fillna\"": \""akima\"", \""transformations\"": {\""0\"": \""DatepartRegression\"", \""1\"": \""Scaler\"", \""2\"": \""Scaler\""}, \""transformation_params\"": {\""0\"": {\""regression_model\"": {\""model\"": \""ElasticNet\"", \""model_params\"": {\""l1_ratio\"": 0.5, \""fit_intercept\"": true, \""selection\"": \""cyclic\"", \""max_iter\"": 1000}}, \""datepart_method\"": \""recurring\"", \""polynomial_degree\"": null, \""transform_dict\"": null, \""holiday_countries_used\"": false, \""lags\"": null, \""forward_lags\"": null}, \""1\"": {}, \""2\"": {}}}""}, ""4597814533265222b338e51fe9353b43"": {""Model"": ""DatepartRegression"", ""ModelParameters"": ""{\""regression_model\"": {\""model\"": \""ElasticNet\"", \""model_params\"": {\""l1_ratio\"": 0.1, \""fit_intercept\"": true, \""selection\"": \""cyclic\"", \""max_iter\"": 1000}}, \""datepart_method\"": \""anchored_warped_fourier:us_school\"", \""polynomial_degree\"": null, \""holiday_countries_used\"": true, \""lags\"": null, \""forward_lags\"": null, \""regression_type\"": null}"", ""TransformationParameters"": ""{\""fillna\"": \""linear\"", \""transformations\"": {}, \""transformation_params\"": {}}""}, ""4483a91438b744994df7703319d24419"": {""Model"": ""ARIMA"", ""ModelParameters"": ""{\""p\"": 4, \""d\"": 1, \""q\"": 4, \""regression_type\"": null}"", ""TransformationParameters"": ""{\""fillna\"": \""zero\"", \""transformations\"": {\""0\"": null}, \""transformation_params\"": {\""0\"": {}}}""}}, ""model_weights"": {}, ""point_method"": ""mean""}","{""fillna"": ""ffill"", ""transformations"": {""0"": ""AlignLastValue"", ""1"": ""SeasonalDifference"", ""2"": ""AlignLastValue""}, ""transformation_params"": {""0"": {""rows"": 1, ""lag"": 1, ""method"": ""additive"", ""strength"": 0.7, ""first_value_only"": false, ""threshold"": 1, ""threshold_method"": ""max""}, ""1"": {""lag_1"": 7, ""method"": 20}, ""2"": {""rows"": 1, ""lag"": 28, ""method"": ""multiplicative"", ""strength"": 1.0, ""first_value_only"": false, ""threshold"": null, ""threshold_method"": ""mean""}}}",1,1,31.639404973140703,2.4304537544419986,2.576752794226217,0.5792219557292044,2.4304537544419986,0.0,0.0,1.2005468429907529,291.65445053303984,2.4304537544419986,1.716337839167291,0.0,0.5083333333333333,5.24958478225334,0.025,2.7355950737536494,2.191288433459582,10.535588738656744,10.058204686664377,0.3950233592390129,291.65445053303984,113.3747398042789,20.03634104939981,0.3676032066738989,31.639404973140703,2.4304537544419986,2.576752794226217,0.5792219557292044,2.4304537544419986,0.0,1.2005468429907529,2.4304537544419986,1.716337839167291,5.24958478225334,0.025,2.7355950737536494,2.191288433459582,10.535588738656744,10.058204686664377,0.3950233592390129,291.65445053303984,113.3747398042789,20.03634104939981,0.3676032066738989,0.0,0.5083333333333333,2.1238,46.729785108309486,34.24965598766766,Wh,34.24965598766766,Wh
25,5d948d830f406e30ab393d2c3e6effdc,Ensemble,"{""model_name"": ""BestN"", ""model_count"": 3, ""model_metric"": ""best_score_unique"", ""models"": {""927f8c402d93eba11011ff9ae8879530"": {""Model"": ""WindowRegression"", ""ModelParameters"": ""{\""window_size\"": 24, \""input_dim\"": \""univariate\"", \""output_dim\"": \""1step\"", \""normalize_window\"": false, \""max_windows\"": 5000000, \""fourier_encoding_components\"": null, \""scale\"": true, \""datepart_method\"": null, \""regression_type\"": null, \""regression_model\"": {\""model\"": \""ElasticNet\"", \""model_params\"": {\""l1_ratio\"": 0.5, \""fit_intercept\"": true, \""selection\"": \""cyclic\"", \""max_iter\"": 2000}}}"", ""TransformationParameters"": ""{\""fillna\"": \""akima\"", \""transformations\"": {\""0\"": \""DatepartRegression\"", \""1\"": \""Scaler\"", \""2\"": \""Scaler\""}, \""transformation_params\"": {\""0\"": {\""regression_model\"": {\""model\"": \""ElasticNet\"", \""model_params\"": {\""l1_ratio\"": 0.5, \""fit_intercept\"": true, \""selection\"": \""cyclic\"", \""max_iter\"": 1000}}, \""datepart_method\"": \""recurring\"", \""polynomial_degree\"": null, \""transform_dict\"": null, \""holiday_countries_used\"": false, \""lags\"": null, \""forward_lags\"": null}, \""1\"": {}, \""2\"": {}}}""}, ""4597814533265222b338e51fe9353b43"": {""Model"": ""DatepartRegression"", ""ModelParameters"": ""{\""regression_model\"": {\""model\"": \""ElasticNet\"", \""model_params\"": {\""l1_ratio\"": 0.1, \""fit_intercept\"": true, \""selection\"": \""cyclic\"", \""max_iter\"": 1000}}, \""datepart_method\"": \""anchored_warped_fourier:us_school\"", \""polynomial_degree\"": null, \""holiday_countries_used\"": true, \""lags\"": null, \""forward_lags\"": null, \""regression_type\"": null}"", ""TransformationParameters"": ""{\""fillna\"": \""linear\"", \""transformations\"": {}, \""transformation_params\"": {}}""}, ""4483a91438b744994df7703319d24419"": {""Model"": ""ARIMA"", ""ModelParameters"": ""{\""p\"": 4, \""d\"": 1, \""q\"": 4, \""regression_type\"": null}"", ""TransformationParameters"": ""{\""fillna\"": \""zero\"", \""transformations\"": {\""0\"": null}, \""transformation_params\"": {\""0\"": {}}}""}}, ""model_weights"": {}, ""point_method"": ""mean""}","{""fillna"": ""ffill"", ""transformations"": {""0"": ""AlignLastValue"", ""1"": ""SeasonalDifference"", ""2"": ""AlignLastValue""}, ""transformation_params"": {""0"": {""rows"": 1, ""lag"": 1, ""method"": ""additive"", ""strength"": 0.7, ""first_value_only"": false, ""threshold"": 1, ""threshold_method"": ""max""}, ""1"": {""lag_1"": 7, ""method"": 20}, ""2"": {""rows"": 1, ""lag"": 28, ""method"": ""multiplicative"", ""strength"": 1.0, ""first_value_only"": false, ""threshold"": null, ""threshold_method"": ""mean""}}}",1,1,31.639404973140703,2.4304537544419986,2.576752794226217,0.5792219557292044,2.4304537544419986,0.0,0.0,1.2005468429907529,291.65445053303984,2.4304537544419986,1.716337839167291,0.0,0.5083333333333333,5.24958478225334,0.025,2.7355950737536494,2.191288433459582,10.535588738656744,10.058204686664377,0.3950233592390129,291.65445053303984,113.3747398042789,20.03634104939981,0.3676032066738989,31.639404973140703,2.4304537544419986,2.576752794226217,0.5792219557292044,2.4304537544419986,0.0,1.2005468429907529,2.4304537544419986,1.716337839167291,5.24958478225334,0.025,2.7355950737536494,2.191288433459582,10.535588738656744,10.058204686664377,0.3950233592390129,291.65445053303984,113.3747398042789,20.03634104939981,0.3676032066738989,0.0,0.5083333333333333,2.1639,46.729785108309486,34.24965598766766,Wh,34.24965598766766,Wh
26,5789f9cb8bc927180964594a36ee2827,Ensemble,"{""model_name"": ""BestN"", ""model_count"": 3, ""model_metric"": ""horizontal"", ""models"": {""4597814533265222b338e51fe9353b43"": {""Model"": ""DatepartRegression"", ""ModelParameters"": ""{\""regression_model\"": {\""model\"": \""ElasticNet\"", \""model_params\"": {\""l1_ratio\"": 0.1, \""fit_intercept\"": true, \""selection\"": \""cyclic\"", \""max_iter\"": 1000}}, \""datepart_method\"": \""anchored_warped_fourier:us_school\"", \""polynomial_degree\"": null, \""holiday_countries_used\"": true, \""lags\"": null, \""forward_lags\"": null, \""regression_type\"": null}"", ""TransformationParameters"": ""{\""fillna\"": \""linear\"", \""transformations\"": {}, \""transformation_params\"": {}}""}, ""927f8c402d93eba11011ff9ae8879530"": {""Model"": ""WindowRegression"", ""ModelParameters"": ""{\""window_size\"": 24, \""input_dim\"": \""univariate\"", \""output_dim\"": \""1step\"", \""normalize_window\"": false, \""max_windows\"": 5000000, \""fourier_encoding_components\"": null, \""scale\"": true, \""datepart_method\"": null, \""regression_type\"": null, \""regression_model\"": {\""model\"": \""ElasticNet\"", \""model_params\"": {\""l1_ratio\"": 0.5, \""fit_intercept\"": true, \""selection\"": \""cyclic\"", \""max_iter\"": 2000}}}"", ""TransformationParameters"": ""{\""fillna\"": \""akima\"", \""transformations\"": {\""0\"": \""DatepartRegression\"", \""1\"": \""Scaler\"", \""2\"": \""Scaler\""}, \""transformation_params\"": {\""0\"": {\""regression_model\"": {\""model\"": \""ElasticNet\"", \""model_params\"": {\""l1_ratio\"": 0.5, \""fit_intercept\"": true, \""selection\"": \""cyclic\"", \""max_iter\"": 1000}}, \""datepart_method\"": \""recurring\"", \""polynomial_degree\"": null, \""transform_dict\"": null, \""holiday_countries_used\"": false, \""lags\"": null, \""forward_lags\"": null}, \""1\"": {}, \""2\"": {}}}""}, ""4483a91438b744994df7703319d24419"": {""Model"": ""ARIMA"", ""ModelParameters"": ""{\""p\"": 4, \""d\"": 1, \""q\"": 4, \""regression_type\"": null}"", ""TransformationParameters"": ""{\""fillna\"": \""zero\"", \""transformations\"": {\""0\"": null}, \""transformation_params\"": {\""0\"": {}}}""}}, ""model_weights"": {}, ""point_method"": ""mean""}","{""fillna"": ""ffill"", ""transformations"": {""0"": ""AlignLastValue"", ""1"": ""SeasonalDifference"", ""2"": ""AlignLastValue""}, ""transformation_params"": {""0"": {""rows"": 1, ""lag"": 1, ""method"": ""additive"", ""strength"": 0.7, ""first_value_only"": false, ""threshold"": 1, ""threshold_method"": ""max""}, ""1"": {""lag_1"": 7, ""method"": 20}, ""2"": {""rows"": 1, ""lag"": 28, ""method"": ""multiplicative"", ""strength"": 1.0, ""first_value_only"": false, ""threshold"": null, ""threshold_method"": ""mean""}}}",1,1,31.639404973140703,2.4304537544419986,2.576752794226217,0.5792219557292044,2.4304537544419986,0.0,0.0,1.2005468429907529,291.65445053303984,2.4304537544419986,1.716337839167291,0.0,0.5083333333333333,5.24958478225334,0.025,2.7355950737536494,2.191288433459582,10.535588738656744,10.058204686664377,0.3950233592390129,291.65445053303984,113.3747398042789,20.03634104939981,0.3676032066738989,31.639404973140703,2.4304537544419986,2.576752794226217,0.5792219557292044,2.4304537544419986,0.0,1.2005468429907529,2.4304537544419986,1.716337839167291,5.24958478225334,0.025,2.7355950737536494,2.191288433459582,10.535588738656744,10.058204686664377,0.3950233592390129,291.65445053303984,113.3747398042789,20.03634104939981,0.3676032066738989,0.0,0.5083333333333333,2.0279,46.729785108309486,34.24965598766766,Wh,34.24965598766766,Wh
27,f4c1a76afc4baccb6b17458e289a36ad,Ensemble,"{""model_name"": ""BestN"", ""model_count"": 3, ""model_metric"": ""bestn_horizontal"", ""models"": {""927f8c402d93eba11011ff9ae8879530"": {""Model"": ""WindowRegression"", ""ModelParameters"": ""{\""window_size\"": 24, \""input_dim\"": \""univariate\"", \""output_dim\"": \""1step\"", \""normalize_window\"": false, \""max_windows\"": 5000000, \""fourier_encoding_components\"": null, \""scale\"": true, \""datepart_method\"": null, \""regression_type\"": null, \""regression_model\"": {\""model\"": \""ElasticNet\"", \""model_params\"": {\""l1_ratio\"": 0.5, \""fit_intercept\"": true, \""selection\"": \""cyclic\"", \""max_iter\"": 2000}}}"", ""TransformationParameters"": ""{\""fillna\"": \""akima\"", \""transformations\"": {\""0\"": \""DatepartRegression\"", \""1\"": \""Scaler\"", \""2\"": \""Scaler\""}, \""transformation_params\"": {\""0\"": {\""regression_model\"": {\""model\"": \""ElasticNet\"", \""model_params\"": {\""l1_ratio\"": 0.5, \""fit_intercept\"": true, \""selection\"": \""cyclic\"", \""max_iter\"": 1000}}, \""datepart_method\"": \""recurring\"", \""polynomial_degree\"": null, \""transform_dict\"": null, \""holiday_countries_used\"": false, \""lags\"": null, \""forward_lags\"": null}, \""1\"": {}, \""2\"": {}}}""}, ""4597814533265222b338e51fe9353b43"": {""Model"": ""DatepartRegression"", ""ModelParameters"": ""{\""regression_model\"": {\""model\"": \""ElasticNet\"", \""model_params\"": {\""l1_ratio\"": 0.1, \""fit_intercept\"": true, \""selection\"": \""cyclic\"", \""max_iter\"": 1000}}, \""datepart_method\"": \""anchored_warped_fourier:us_school\"", \""polynomial_degree\"": null, \""holiday_countries_used\"": true, \""lags\"": null, \""forward_lags\"": null, \""regression_type\"": null}"", ""TransformationParameters"": ""{\""fillna\"": \""linear\"", \""transformations\"": {}, \""transformation_params\"": {}}""}, ""4483a91438b744994df7703319d24419"": {""Model"": ""ARIMA"", ""ModelParameters"": ""{\""p\"": 4, \""d\"": 1, \""q\"": 4, \""regression_type\"": null}"", ""TransformationParameters"": ""{\""fillna\"": \""zero\"", \""transformations\"": {\""0\"": null}, \""transformation_params\"": {\""0\"": {}}}""}}, ""model_weights"": {""927f8c402d93eba11011ff9ae8879530"": 4.0, ""4597814533265222b338e51fe9353b43"": 3.0, ""4483a91438b744994df7703319d24419"": 2.0}, ""point_method"": ""mean""}","{""fillna"": ""ffill"", ""transformations"": {""0"": ""AlignLastValue"", ""1"": ""SeasonalDifference"", ""2"": ""AlignLastValue""}, ""transformation_params"": {""0"": {""rows"": 1, ""lag"": 1, ""method"": ""additive"", ""strength"": 0.7, ""first_value_only"": false, ""threshold"": 1, ""threshold_method"": ""max""}, ""1"": {""lag_1"": 7, ""method"": 20}, ""2"": {""rows"": 1, ""lag"": 28, ""method"": ""multiplicative"", ""strength"": 1.0, ""first_value_only"": false, ""threshold"": null, ""threshold_method"": ""mean""}}}",1,1,31.49593379786616,2.417080761896434,2.5639732360075786,0.5796383124036661,2.417080761896434,0.0,0.0,1.1963976961044374,290.04969142757204,2.417080761896434,1.7234371805188493,0.0,0.5166666666666667,5.23304404725349,0.025,2.725407892721074,2.177823029124549,10.482290949261321,9.978891523654223,0.39416133043602875,290.04969142757204,112.69487633715435,20.075619635122525,0.36558055763826464,31.49593379786616,2.417080761896434,2.5639732360075786,0.5796383124036661,2.417080761896434,0.0,1.1963976961044374,2.417080761896434,1.7234371805188493,5.23304404725349,0.025,2.725407892721074,2.177823029124549,10.482290949261321,9.978891523654223,0.39416133043602875,290.04969142757204,112.69487633715435,20.075619635122525,0.36558055763826464,0.0,0.5166666666666667,2.0194,46.634699992124965,34.06120541814987,Wh,34.06120541814987,Wh
28,1282fe12d0168bb1b5279418aedb5a00,Ensemble,"{""model_name"": ""BestN"", ""model_count"": 5, ""model_metric"": ""bestn_horizontal"", ""models"": {""927f8c402d93eba11011ff9ae8879530"": {""Model"": ""WindowRegression"", ""ModelParameters"": ""{\""window_size\"": 24, \""input_dim\"": \""univariate\"", \""output_dim\"": \""1step\"", \""normalize_window\"": false, \""max_windows\"": 5000000, \""fourier_encoding_components\"": null, \""scale\"": true, \""datepart_method\"": null, \""regression_type\"": null, \""regression_model\"": {\""model\"": \""ElasticNet\"", \""model_params\"": {\""l1_ratio\"": 0.5, \""fit_intercept\"": true, \""selection\"": \""cyclic\"", \""max_iter\"": 2000}}}"", ""TransformationParameters"": ""{\""fillna\"": \""akima\"", \""transformations\"": {\""0\"": \""DatepartRegression\"", \""1\"": \""Scaler\"", \""2\"": \""Scaler\""}, \""transformation_params\"": {\""0\"": {\""regression_model\"": {\""model\"": \""ElasticNet\"", \""model_params\"": {\""l1_ratio\"": 0.5, \""fit_intercept\"": true, \""selection\"": \""cyclic\"", \""max_iter\"": 1000}}, \""datepart_method\"": \""recurring\"", \""polynomial_degree\"": null, \""transform_dict\"": null, \""holiday_countries_used\"": false, \""lags\"": null, \""forward_lags\"": null}, \""1\"": {}, \""2\"": {}}}""}, ""4597814533265222b338e51fe9353b43"": {""Model"": ""DatepartRegression"", ""ModelParameters"": ""{\""regression_model\"": {\""model\"": \""ElasticNet\"", \""model_params\"": {\""l1_ratio\"": 0.1, \""fit_intercept\"": true, \""selection\"": \""cyclic\"", \""max_iter\"": 1000}}, \""datepart_method\"": \""anchored_warped_fourier:us_school\"", \""polynomial_degree\"": null, \""holiday_countries_used\"": true, \""lags\"": null, \""forward_lags\"": null, \""regression_type\"": null}"", ""TransformationParameters"": ""{\""fillna\"": \""linear\"", \""transformations\"": {}, \""transformation_params\"": {}}""}, ""4483a91438b744994df7703319d24419"": {""Model"": ""ARIMA"", ""ModelParameters"": ""{\""p\"": 4, \""d\"": 1, \""q\"": 4, \""regression_type\"": null}"", ""TransformationParameters"": ""{\""fillna\"": \""zero\"", \""transformations\"": {\""0\"": null}, \""transformation_params\"": {\""0\"": {}}}""}, ""db0e41fb25290810d4a0fb21211c4c5d"": {""Model"": ""ARIMA"", ""ModelParameters"": ""{\""p\"": 4, \""d\"": 0, \""q\"": 12, \""regression_type\"": null}"", ""TransformationParameters"": ""{\""fillna\"": \""cubic\"", \""transformations\"": {}, \""transformation_params\"": {}}""}, ""b64de7c386a7fef4fbd9b08033fa98b2"": {""Model"": ""WindowRegression"", ""ModelParameters"": ""{\""window_size\"": 10, \""input_dim\"": \""univariate\"", \""output_dim\"": \""1step\"", \""normalize_window\"": false, \""max_windows\"": 5000000, \""fourier_encoding_components\"": null, \""scale\"": true, \""datepart_method\"": null, \""regression_type\"": null, \""regression_model\"": {\""model\"": \""SVM\"", \""model_params\"": {\""C\"": 0.1, \""tol\"": 0.001, \""epsilon\"": 0.0, \""loss\"": \""squared_epsilon_insensitive\"", \""max_iter\"": 50}}}"", ""TransformationParameters"": ""{\""fillna\"": \""ffill\"", \""transformations\"": {\""0\"": \""DatepartRegression\"", \""1\"": \""DatepartRegression\"", \""2\"": \""DatepartRegression\"", \""3\"": \""DatepartRegression\""}, \""transformation_params\"": {\""0\"": {\""regression_model\"": {\""model\"": \""ElasticNet\"", \""model_params\"": {\""l1_ratio\"": 0.9, \""fit_intercept\"": true, \""selection\"": \""cyclic\"", \""max_iter\"": 1000}}, \""datepart_method\"": \""common_fourier\"", \""polynomial_degree\"": null, \""transform_dict\"": null, \""holiday_countries_used\"": true, \""lags\"": null, \""forward_lags\"": null}, \""1\"": {\""regression_model\"": {\""model\"": \""DecisionTree\"", \""model_params\"": {\""max_depth\"": null, \""min_samples_split\"": 2}}, \""datepart_method\"": \""simple_binarized\"", \""polynomial_degree\"": null, \""transform_dict\"": {\""fillna\"": null, \""transformations\"": {\""0\"": \""ScipyFilter\""}, \""transformation_params\"": {\""0\"": {\""method\"": \""savgol_filter\"", \""method_args\"": {\""window_length\"": 31, \""polyorder\"": 3, \""deriv\"": 0, \""mode\"": \""interp\""}}}}, \""holiday_countries_used\"": false, \""lags\"": null, \""forward_lags\"": null}, \""2\"": {\""regression_model\"": {\""model\"": \""ElasticNet\"", \""model_params\"": {\""l1_ratio\"": 0.5, \""fit_intercept\"": true, \""selection\"": \""cyclic\"", \""max_iter\"": 1000}}, \""datepart_method\"": [\""dayofweek\"", [365.25, 14], [354.37, 10]], \""polynomial_degree\"": null, \""transform_dict\"": null, \""holiday_countries_used\"": true, \""lags\"": null, \""forward_lags\"": 1}, \""3\"": {\""regression_model\"": {\""model\"": \""ElasticNet\"", \""model_params\"": {\""l1_ratio\"": 0.5, \""fit_intercept\"": true, \""selection\"": \""random\"", \""max_iter\"": 1000}}, \""datepart_method\"": \""simple_binarized\"", \""polynomial_degree\"": null, \""transform_dict\"": {\""fillna\"": null, \""transformations\"": {\""0\"": \""ClipOutliers\""}, \""transformation_params\"": {\""0\"": {\""method\"": \""clip\"", \""std_threshold\"": 4}}}, \""holiday_countries_used\"": false, \""lags\"": null, \""forward_lags\"": null}}}""}}, ""point_method"": ""median"", ""model_weights"": {}}","{""fillna"": ""ffill"", ""transformations"": {""0"": ""AlignLastValue"", ""1"": ""SeasonalDifference"", ""2"": ""AlignLastValue""}, ""transformation_params"": {""0"": {""rows"": 1, ""lag"": 1, ""method"": ""additive"", ""strength"": 0.7, ""first_value_only"": false, ""threshold"": 1, ""threshold_method"": ""max""}, ""1"": {""lag_1"": 7, ""method"": 20}, ""2"": {""rows"": 1, ""lag"": 28, ""method"": ""multiplicative"", ""strength"": 1.0, ""first_value_only"": false, ""threshold"": null, ""threshold_method"": ""mean""}}}",1,1,31.235046505092654,2.3928404208824494,2.5408257759428627,0.5805556310475009,2.3928404208824494,0.0,0.0,1.1888212364193302,287.1408505058939,2.3928404208824494,1.6727085606673537,0.0,0.5166666666666667,5.1940678580122395,0.025,2.7069967476257952,2.15374107850054,10.386295777784882,9.852411961390052,0.39249885571733834,287.1408505058939,111.47728655782616,20.16556003526137,0.3619142352195296,31.235046505092654,2.3928404208824494,2.5408257759428627,0.5805556310475009,2.3928404208824494,0.0,1.1888212364193302,2.3928404208824494,1.6727085606673537,5.1940678580122395,0.025,2.7069967476257952,2.15374107850054,10.386295777784882,9.852411961390052,0.39249885571733834,287.1408505058939,111.47728655782616,20.16556003526137,0.3619142352195296,0.0,0.5166666666666667,7.0237,45.91930942504891,33.719613507900455,Wh,33.719613507900455,Wh
29,7ef109fe26561e3dc9f9d90deeeea4e8,Ensemble,"{""model_name"": ""BestN"", ""model_count"": 5, ""model_metric"": ""mixed_metric"", ""models"": {""0a98a875055da5bcd734698018011f5e"": {""Model"": ""RollingRegression"", ""ModelParameters"": ""{\""regression_model\"": {\""model\"": \""BayesianRidge\"", \""model_params\"": {}}, \""holiday\"": false, \""mean_rolling_periods\"": 7, \""macd_periods\"": 63, \""std_rolling_periods\"": null, \""max_rolling_periods\"": null, \""min_rolling_periods\"": 2, \""ewm_var_alpha\"": null, \""quantile90_rolling_periods\"": null, \""quantile10_rolling_periods\"": null, \""ewm_alpha\"": null, \""additional_lag_periods\"": 3, \""abs_energy\"": false, \""rolling_autocorr_periods\"": null, \""nonzero_last_n\"": null, \""add_date_part\"": \""simple_2\"", \""polynomial_degree\"": null, \""x_transform\"": null, \""regression_type\"": null}"", ""TransformationParameters"": ""{\""fillna\"": \""KNNImputer\"", \""transformations\"": {\""0\"": \""DatepartRegression\"", \""1\"": \""Detrend\"", \""2\"": \""DifferencedTransformer\"", \""3\"": \""MinMaxScaler\""}, \""transformation_params\"": {\""0\"": {\""regression_model\"": {\""model\"": \""ElasticNet\"", \""model_params\"": {\""l1_ratio\"": 0.1, \""fit_intercept\"": true, \""selection\"": \""cyclic\"", \""max_iter\"": 1000}}, \""datepart_method\"": \""recurring\"", \""polynomial_degree\"": null, \""transform_dict\"": {\""fillna\"": null, \""transformations\"": {\""0\"": \""ClipOutliers\""}, \""transformation_params\"": {\""0\"": {\""method\"": \""clip\"", \""std_threshold\"": 4}}}, \""holiday_countries_used\"": true, \""lags\"": null, \""forward_lags\"": null}, \""1\"": {\""model\"": \""GLS\"", \""phi\"": 1, \""window\"": 10, \""transform_dict\"": {\""fillna\"": null, \""transformations\"": {\""0\"": \""Discretize\""}, \""transformation_params\"": {\""0\"": {\""discretization\"": \""center\"", \""n_bins\"": 20}}}}, \""2\"": {\""lag\"": 1, \""fill\"": \""bfill\""}, \""3\"": {}}}""}, ""927f8c402d93eba11011ff9ae8879530"": {""Model"": ""WindowRegression"", ""ModelParameters"": ""{\""window_size\"": 24, \""input_dim\"": \""univariate\"", \""output_dim\"": \""1step\"", \""normalize_window\"": false, \""max_windows\"": 5000000, \""fourier_encoding_components\"": null, \""scale\"": true, \""datepart_method\"": null, \""regression_type\"": null, \""regression_model\"": {\""model\"": \""ElasticNet\"", \""model_params\"": {\""l1_ratio\"": 0.5, \""fit_intercept\"": true, \""selection\"": \""cyclic\"", \""max_iter\"": 2000}}}"", ""TransformationParameters"": ""{\""fillna\"": \""akima\"", \""transformations\"": {\""0\"": \""DatepartRegression\"", \""1\"": \""Scaler\"", \""2\"": \""Scaler\""}, \""transformation_params\"": {\""0\"": {\""regression_model\"": {\""model\"": \""ElasticNet\"", \""model_params\"": {\""l1_ratio\"": 0.5, \""fit_intercept\"": true, \""selection\"": \""cyclic\"", \""max_iter\"": 1000}}, \""datepart_method\"": \""recurring\"", \""polynomial_degree\"": null, \""transform_dict\"": null, \""holiday_countries_used\"": false, \""lags\"": null, \""forward_lags\"": null}, \""1\"": {}, \""2\"": {}}}""}, ""b64de7c386a7fef4fbd9b08033fa98b2"": {""Model"": ""WindowRegression"", ""ModelParameters"": ""{\""window_size\"": 10, \""input_dim\"": \""univariate\"", \""output_dim\"": \""1step\"", \""normalize_window\"": false, \""max_windows\"": 5000000, \""fourier_encoding_components\"": null, \""scale\"": true, \""datepart_method\"": null, \""regression_type\"": null, \""regression_model\"": {\""model\"": \""SVM\"", \""model_params\"": {\""C\"": 0.1, \""tol\"": 0.001, \""epsilon\"": 0.0, \""loss\"": \""squared_epsilon_insensitive\"", \""max_iter\"": 50}}}"", ""TransformationParameters"": ""{\""fillna\"": \""ffill\"", \""transformations\"": {\""0\"": \""DatepartRegression\"", \""1\"": \""DatepartRegression\"", \""2\"": \""DatepartRegression\"", \""3\"": \""DatepartRegression\""}, \""transformation_params\"": {\""0\"": {\""regression_model\"": {\""model\"": \""ElasticNet\"", \""model_params\"": {\""l1_ratio\"": 0.9, \""fit_intercept\"": true, \""selection\"": \""cyclic\"", \""max_iter\"": 1000}}, \""datepart_method\"": \""common_fourier\"", \""polynomial_degree\"": null, \""transform_dict\"": null, \""holiday_countries_used\"": true, \""lags\"": null, \""forward_lags\"": null}, \""1\"": {\""regression_model\"": {\""model\"": \""DecisionTree\"", \""model_params\"": {\""max_depth\"": null, \""min_samples_split\"": 2}}, \""datepart_method\"": \""simple_binarized\"", \""polynomial_degree\"": null, \""transform_dict\"": {\""fillna\"": null, \""transformations\"": {\""0\"": \""ScipyFilter\""}, \""transformation_params\"": {\""0\"": {\""method\"": \""savgol_filter\"", \""method_args\"": {\""window_length\"": 31, \""polyorder\"": 3, \""deriv\"": 0, \""mode\"": \""interp\""}}}}, \""holiday_countries_used\"": false, \""lags\"": null, \""forward_lags\"": null}, \""2\"": {\""regression_model\"": {\""model\"": \""ElasticNet\"", \""model_params\"": {\""l1_ratio\"": 0.5, \""fit_intercept\"": true, \""selection\"": \""cyclic\"", \""max_iter\"": 1000}}, \""datepart_method\"": [\""dayofweek\"", [365.25, 14], [354.37, 10]], \""polynomial_degree\"": null, \""transform_dict\"": null, \""holiday_countries_used\"": true, \""lags\"": null, \""forward_lags\"": 1}, \""3\"": {\""regression_model\"": {\""model\"": \""ElasticNet\"", \""model_params\"": {\""l1_ratio\"": 0.5, \""fit_intercept\"": true, \""selection\"": \""random\"", \""max_iter\"": 1000}}, \""datepart_method\"": \""simple_binarized\"", \""polynomial_degree\"": null, \""transform_dict\"": {\""fillna\"": null, \""transformations\"": {\""0\"": \""ClipOutliers\""}, \""transformation_params\"": {\""0\"": {\""method\"": \""clip\"", \""std_threshold\"": 4}}}, \""holiday_countries_used\"": false, \""lags\"": null, \""forward_lags\"": null}}}""}, ""4597814533265222b338e51fe9353b43"": {""Model"": ""DatepartRegression"", ""ModelParameters"": ""{\""regression_model\"": {\""model\"": \""ElasticNet\"", \""model_params\"": {\""l1_ratio\"": 0.1, \""fit_intercept\"": true, \""selection\"": \""cyclic\"", \""max_iter\"": 1000}}, \""datepart_method\"": \""anchored_warped_fourier:us_school\"", \""polynomial_degree\"": null, \""holiday_countries_used\"": true, \""lags\"": null, \""forward_lags\"": null, \""regression_type\"": null}"", ""TransformationParameters"": ""{\""fillna\"": \""linear\"", \""transformations\"": {}, \""transformation_params\"": {}}""}, ""b8ca7c68f17113471e9165689e1f0c16"": {""Model"": ""WindowRegression"", ""ModelParameters"": ""{\""window_size\"": 16, \""input_dim\"": \""univariate\"", \""output_dim\"": \""1step\"", \""normalize_window\"": false, \""max_windows\"": 5000, \""fourier_encoding_components\"": null, \""scale\"": true, \""datepart_method\"": null, \""regression_type\"": null, \""regression_model\"": {\""model\"": \""KNN\"", \""model_params\"": {\""n_neighbors\"": 5, \""weights\"": \""uniform\"", \""p\"": 2, \""leaf_size\"": 30}}}"", ""TransformationParameters"": ""{\""fillna\"": \""ffill_mean_biased\"", \""transformations\"": {\""0\"": \""Scaler\"", \""1\"": \""DifferencedTransformer\"", \""2\"": \""Scaler\"", \""3\"": \""Detrend\"", \""4\"": \""MinMaxScaler\""}, \""transformation_params\"": {\""0\"": {}, \""1\"": {\""lag\"": 1, \""fill\"": \""bfill\""}, \""2\"": {}, \""3\"": {\""model\"": \""Linear\"", \""phi\"": 1, \""window\"": 900, \""transform_dict\"": null}, \""4\"": {}}}""}}, ""point_method"": ""median"", ""model_weights"": {}}","{""fillna"": ""ffill"", ""transformations"": {""0"": ""AlignLastValue"", ""1"": ""SeasonalDifference"", ""2"": ""AlignLastValue""}, ""transformation_params"": {""0"": {""rows"": 1, ""lag"": 1, ""method"": ""additive"", ""strength"": 0.7, ""first_value_only"": false, ""threshold"": 1, ""threshold_method"": ""max""}, ""1"": {""lag_1"": 7, ""method"": 20}, ""2"": {""rows"": 1, ""lag"": 28, ""method"": ""multiplicative"", ""strength"": 1.0, ""first_value_only"": false, ""threshold"": null, ""threshold_method"": ""mean""}}}",1,1,30.996669216005845,2.370850697549765,2.5205231699934894,0.5808165404547364,2.370850697549765,0.0,0.0,1.181766790063097,284.5020837059718,2.370850697549765,1.6579530089808259,0.0,0.5166666666666667,5.181686137675772,0.025,2.6908336268467874,2.13102472583358,10.29715244433616,9.734529205606384,0.3929749589872847,284.5020837059718,110.42331060758191,20.13549695656645,0.3585883160177374,30.996669216005845,2.370850697549765,2.5205231699934894,0.5808165404547364,2.370850697549765,0.0,1.181766790063097,2.370850697549765,1.6579530089808259,5.181686137675772,0.025,2.6908336268467874,2.13102472583358,10.29715244433616,9.734529205606384,0.3929749589872847,284.5020837059718,110.42331060758191,20.13549695656645,0.3585883160177374,0.0,0.5166666666666667,5.3186,45.53796674642955,33.40973702576951,Wh,33.40973702576951,Wh
30,75df52785a23a82d4a5a902f8d0fa9e3,Ensemble,"{""model_name"": ""BestN"", ""model_count"": 3, ""model_metric"": ""mixed_metric"", ""models"": {""0a98a875055da5bcd734698018011f5e"": {""Model"": ""RollingRegression"", ""ModelParameters"": ""{\""regression_model\"": {\""model\"": \""BayesianRidge\"", \""model_params\"": {}}, \""holiday\"": false, \""mean_rolling_periods\"": 7, \""macd_periods\"": 63, \""std_rolling_periods\"": null, \""max_rolling_periods\"": null, \""min_rolling_periods\"": 2, \""ewm_var_alpha\"": null, \""quantile90_rolling_periods\"": null, \""quantile10_rolling_periods\"": null, \""ewm_alpha\"": null, \""additional_lag_periods\"": 3, \""abs_energy\"": false, \""rolling_autocorr_periods\"": null, \""nonzero_last_n\"": null, \""add_date_part\"": \""simple_2\"", \""polynomial_degree\"": null, \""x_transform\"": null, \""regression_type\"": null}"", ""TransformationParameters"": ""{\""fillna\"": \""KNNImputer\"", \""transformations\"": {\""0\"": \""DatepartRegression\"", \""1\"": \""Detrend\"", \""2\"": \""DifferencedTransformer\"", \""3\"": \""MinMaxScaler\""}, \""transformation_params\"": {\""0\"": {\""regression_model\"": {\""model\"": \""ElasticNet\"", \""model_params\"": {\""l1_ratio\"": 0.1, \""fit_intercept\"": true, \""selection\"": \""cyclic\"", \""max_iter\"": 1000}}, \""datepart_method\"": \""recurring\"", \""polynomial_degree\"": null, \""transform_dict\"": {\""fillna\"": null, \""transformations\"": {\""0\"": \""ClipOutliers\""}, \""transformation_params\"": {\""0\"": {\""method\"": \""clip\"", \""std_threshold\"": 4}}}, \""holiday_countries_used\"": true, \""lags\"": null, \""forward_lags\"": null}, \""1\"": {\""model\"": \""GLS\"", \""phi\"": 1, \""window\"": 10, \""transform_dict\"": {\""fillna\"": null, \""transformations\"": {\""0\"": \""Discretize\""}, \""transformation_params\"": {\""0\"": {\""discretization\"": \""center\"", \""n_bins\"": 20}}}}, \""2\"": {\""lag\"": 1, \""fill\"": \""bfill\""}, \""3\"": {}}}""}, ""927f8c402d93eba11011ff9ae8879530"": {""Model"": ""WindowRegression"", ""ModelParameters"": ""{\""window_size\"": 24, \""input_dim\"": \""univariate\"", \""output_dim\"": \""1step\"", \""normalize_window\"": false, \""max_windows\"": 5000000, \""fourier_encoding_components\"": null, \""scale\"": true, \""datepart_method\"": null, \""regression_type\"": null, \""regression_model\"": {\""model\"": \""ElasticNet\"", \""model_params\"": {\""l1_ratio\"": 0.5, \""fit_intercept\"": true, \""selection\"": \""cyclic\"", \""max_iter\"": 2000}}}"", ""TransformationParameters"": ""{\""fillna\"": \""akima\"", \""transformations\"": {\""0\"": \""DatepartRegression\"", \""1\"": \""Scaler\"", \""2\"": \""Scaler\""}, \""transformation_params\"": {\""0\"": {\""regression_model\"": {\""model\"": \""ElasticNet\"", \""model_params\"": {\""l1_ratio\"": 0.5, \""fit_intercept\"": true, \""selection\"": \""cyclic\"", \""max_iter\"": 1000}}, \""datepart_method\"": \""recurring\"", \""polynomial_degree\"": null, \""transform_dict\"": null, \""holiday_countries_used\"": false, \""lags\"": null, \""forward_lags\"": null}, \""1\"": {}, \""2\"": {}}}""}, ""b64de7c386a7fef4fbd9b08033fa98b2"": {""Model"": ""WindowRegression"", ""ModelParameters"": ""{\""window_size\"": 10, \""input_dim\"": \""univariate\"", \""output_dim\"": \""1step\"", \""normalize_window\"": false, \""max_windows\"": 5000000, \""fourier_encoding_components\"": null, \""scale\"": true, \""datepart_method\"": null, \""regression_type\"": null, \""regression_model\"": {\""model\"": \""SVM\"", \""model_params\"": {\""C\"": 0.1, \""tol\"": 0.001, \""epsilon\"": 0.0, \""loss\"": \""squared_epsilon_insensitive\"", \""max_iter\"": 50}}}"", ""TransformationParameters"": ""{\""fillna\"": \""ffill\"", \""transformations\"": {\""0\"": \""DatepartRegression\"", \""1\"": \""DatepartRegression\"", \""2\"": \""DatepartRegression\"", \""3\"": \""DatepartRegression\""}, \""transformation_params\"": {\""0\"": {\""regression_model\"": {\""model\"": \""ElasticNet\"", \""model_params\"": {\""l1_ratio\"": 0.9, \""fit_intercept\"": true, \""selection\"": \""cyclic\"", \""max_iter\"": 1000}}, \""datepart_method\"": \""common_fourier\"", \""polynomial_degree\"": null, \""transform_dict\"": null, \""holiday_countries_used\"": true, \""lags\"": null, \""forward_lags\"": null}, \""1\"": {\""regression_model\"": {\""model\"": \""DecisionTree\"", \""model_params\"": {\""max_depth\"": null, \""min_samples_split\"": 2}}, \""datepart_method\"": \""simple_binarized\"", \""polynomial_degree\"": null, \""transform_dict\"": {\""fillna\"": null, \""transformations\"": {\""0\"": \""ScipyFilter\""}, \""transformation_params\"": {\""0\"": {\""method\"": \""savgol_filter\"", \""method_args\"": {\""window_length\"": 31, \""polyorder\"": 3, \""deriv\"": 0, \""mode\"": \""interp\""}}}}, \""holiday_countries_used\"": false, \""lags\"": null, \""forward_lags\"": null}, \""2\"": {\""regression_model\"": {\""model\"": \""ElasticNet\"", \""model_params\"": {\""l1_ratio\"": 0.5, \""fit_intercept\"": true, \""selection\"": \""cyclic\"", \""max_iter\"": 1000}}, \""datepart_method\"": [\""dayofweek\"", [365.25, 14], [354.37, 10]], \""polynomial_degree\"": null, \""transform_dict\"": null, \""holiday_countries_used\"": true, \""lags\"": null, \""forward_lags\"": 1}, \""3\"": {\""regression_model\"": {\""model\"": \""ElasticNet\"", \""model_params\"": {\""l1_ratio\"": 0.5, \""fit_intercept\"": true, \""selection\"": \""random\"", \""max_iter\"": 1000}}, \""datepart_method\"": \""simple_binarized\"", \""polynomial_degree\"": null, \""transform_dict\"": {\""fillna\"": null, \""transformations\"": {\""0\"": \""ClipOutliers\""}, \""transformation_params\"": {\""0\"": {\""method\"": \""clip\"", \""std_threshold\"": 4}}}, \""holiday_countries_used\"": false, \""lags\"": null, \""forward_lags\"": null}}}""}}, ""model_weights"": {}, ""point_method"": ""mean""}","{""fillna"": ""quadratic"", ""transformations"": {""0"": ""AlignLastValue"", ""1"": ""ChangepointDetrend""}, ""transformation_params"": {""0"": {""rows"": 1, ""lag"": 1, ""method"": ""multiplicative"", ""strength"": 1.0, ""first_value_only"": false, ""threshold"": null, ""threshold_method"": ""mean""}, ""1"": {""model"": ""Linear"", ""changepoint_spacing"": 180, ""changepoint_distance_end"": 360, ""datepart_method"": null}}}",1,1,19.35187180217809,1.3608890679750052,1.5673185820597486,0.5152186769989613,1.3608890679750052,0.0,-0.9492497432271012,0.8012279134562623,162.3574384137735,1.3599722814284037,3.0541046269481256,0.625,0.44166666666666665,4.058136469478614,0.9666666666666667,1.478639402020024,1.1443029484271838,6.2763454772351945,4.526197653715133,0.03800946983840976,161.40818867054642,58.244177959862895,33.112750422311834,0.2034399531029852,19.35187180217809,1.3608890679750052,1.5673185820597486,0.5152186769989613,1.3608890679750052,0.0,0.8012279134562623,1.3599722814284037,3.0541046269481256,4.058136469478614,0.9666666666666667,1.478639402020024,1.1443029484271838,6.2763454772351945,4.526197653715133,0.03800946983840976,161.40818867054642,58.244177959862895,33.112750422311834,0.2034399531029852,0.625,0.44166666666666665,2.6533,45.2826762930738,19.17748170700029,Wh,19.17748170700029,Wh
31,28f8bb22f97b195e8932ef79ce2c095b,Ensemble,"{""model_name"": ""BestN"", ""model_count"": 3, ""model_metric"": ""bestn_horizontal"", ""models"": {""927f8c402d93eba11011ff9ae8879530"": {""Model"": ""WindowRegression"", ""ModelParameters"": ""{\""window_size\"": 24, \""input_dim\"": \""univariate\"", \""output_dim\"": \""1step\"", \""normalize_window\"": false, \""max_windows\"": 5000000, \""fourier_encoding_components\"": null, \""scale\"": true, \""datepart_method\"": null, \""regression_type\"": null, \""regression_model\"": {\""model\"": \""ElasticNet\"", \""model_params\"": {\""l1_ratio\"": 0.5, \""fit_intercept\"": true, \""selection\"": \""cyclic\"", \""max_iter\"": 2000}}}"", ""TransformationParameters"": ""{\""fillna\"": \""akima\"", \""transformations\"": {\""0\"": \""DatepartRegression\"", \""1\"": \""Scaler\"", \""2\"": \""Scaler\""}, \""transformation_params\"": {\""0\"": {\""regression_model\"": {\""model\"": \""ElasticNet\"", \""model_params\"": {\""l1_ratio\"": 0.5, \""fit_intercept\"": true, \""selection\"": \""cyclic\"", \""max_iter\"": 1000}}, \""datepart_method\"": \""recurring\"", \""polynomial_degree\"": null, \""transform_dict\"": null, \""holiday_countries_used\"": false, \""lags\"": null, \""forward_lags\"": null}, \""1\"": {}, \""2\"": {}}}""}, ""4597814533265222b338e51fe9353b43"": {""Model"": ""DatepartRegression"", ""ModelParameters"": ""{\""regression_model\"": {\""model\"": \""ElasticNet\"", \""model_params\"": {\""l1_ratio\"": 0.1, \""fit_intercept\"": true, \""selection\"": \""cyclic\"", \""max_iter\"": 1000}}, \""datepart_method\"": \""anchored_warped_fourier:us_school\"", \""polynomial_degree\"": null, \""holiday_countries_used\"": true, \""lags\"": null, \""forward_lags\"": null, \""regression_type\"": null}"", ""TransformationParameters"": ""{\""fillna\"": \""linear\"", \""transformations\"": {}, \""transformation_params\"": {}}""}, ""4483a91438b744994df7703319d24419"": {""Model"": ""ARIMA"", ""ModelParameters"": ""{\""p\"": 4, \""d\"": 1, \""q\"": 4, \""regression_type\"": null}"", ""TransformationParameters"": ""{\""fillna\"": \""zero\"", \""transformations\"": {\""0\"": null}, \""transformation_params\"": {\""0\"": {}}}""}}, ""model_weights"": {""927f8c402d93eba11011ff9ae8879530"": 4.0, ""4597814533265222b338e51fe9353b43"": 3.0, ""4483a91438b744994df7703319d24419"": 2.0}, ""point_method"": ""mean""}","{""fillna"": ""cubic"", ""transformations"": {""0"": ""ScipyFilter"", ""1"": ""DatepartRegression""}, ""transformation_params"": {""0"": {""method"": ""butter"", ""method_args"": {""N"": 1, ""btype"": ""highpass"", ""analog"": false, ""output"": ""sos"", ""Wn"": 0.024390243902439025}}, ""1"": {""regression_model"": {""model"": ""ElasticNet"", ""model_params"": {""l1_ratio"": 0.5, ""fit_intercept"": true, ""selection"": ""cyclic"", ""max_iter"": 1000}}, ""datepart_method"": [""weekdayofmonth"", ""common_fourier""], ""polynomial_degree"": null, ""transform_dict"": null, ""holiday_countries_used"": false, ""lags"": null, ""forward_lags"": null}}}",1,1,32.90935634518616,2.548989420833418,2.7009519410233827,0.521012430874711,2.548989420833418,0.0,0.0,1.2312702653426542,305.8787305000102,2.548989420833418,0.9982898235003504,0.23333333333333334,0.45,4.735394703427675,0.025,2.836168550324925,2.3152891096342194,11.329827258314426,10.324325075563968,0.14721579906777382,305.8787305000102,114.80876517943874,29.631205136048646,0.38553158362453027,32.90935634518616,2.548989420833418,2.7009519410233827,0.521012430874711,2.548989420833418,0.0,1.2312702653426542,2.548989420833418,0.9982898235003504,4.735394703427675,0.025,2.836168550324925,2.3152891096342194,11.329827258314426,10.324325075563968,0.14721579906777382,305.8787305000102,114.80876517943874,29.631205136048646,0.38553158362453027,0.23333333333333334,0.45,2.1125,41.995362205407275,35.92004604909351,Wh,35.92004604909351,Wh
32,e9998fdf4ba4f4b059ab1407299aa011,Ensemble,"{""model_name"": ""BestN"", ""model_count"": 3, ""model_metric"": ""horizontal"", ""models"": {""4597814533265222b338e51fe9353b43"": {""Model"": ""DatepartRegression"", ""ModelParameters"": ""{\""regression_model\"": {\""model\"": \""ElasticNet\"", \""model_params\"": {\""l1_ratio\"": 0.1, \""fit_intercept\"": true, \""selection\"": \""cyclic\"", \""max_iter\"": 1000}}, \""datepart_method\"": \""anchored_warped_fourier:us_school\"", \""polynomial_degree\"": null, \""holiday_countries_used\"": true, \""lags\"": null, \""forward_lags\"": null, \""regression_type\"": null}"", ""TransformationParameters"": ""{\""fillna\"": \""linear\"", \""transformations\"": {}, \""transformation_params\"": {}}""}, ""927f8c402d93eba11011ff9ae8879530"": {""Model"": ""WindowRegression"", ""ModelParameters"": ""{\""window_size\"": 24, \""input_dim\"": \""univariate\"", \""output_dim\"": \""1step\"", \""normalize_window\"": false, \""max_windows\"": 5000000, \""fourier_encoding_components\"": null, \""scale\"": true, \""datepart_method\"": null, \""regression_type\"": null, \""regression_model\"": {\""model\"": \""ElasticNet\"", \""model_params\"": {\""l1_ratio\"": 0.5, \""fit_intercept\"": true, \""selection\"": \""cyclic\"", \""max_iter\"": 2000}}}"", ""TransformationParameters"": ""{\""fillna\"": \""akima\"", \""transformations\"": {\""0\"": \""DatepartRegression\"", \""1\"": \""Scaler\"", \""2\"": \""Scaler\""}, \""transformation_params\"": {\""0\"": {\""regression_model\"": {\""model\"": \""ElasticNet\"", \""model_params\"": {\""l1_ratio\"": 0.5, \""fit_intercept\"": true, \""selection\"": \""cyclic\"", \""max_iter\"": 1000}}, \""datepart_method\"": \""recurring\"", \""polynomial_degree\"": null, \""transform_dict\"": null, \""holiday_countries_used\"": false, \""lags\"": null, \""forward_lags\"": null}, \""1\"": {}, \""2\"": {}}}""}, ""4483a91438b744994df7703319d24419"": {""Model"": ""ARIMA"", ""ModelParameters"": ""{\""p\"": 4, \""d\"": 1, \""q\"": 4, \""regression_type\"": null}"", ""TransformationParameters"": ""{\""fillna\"": \""zero\"", \""transformations\"": {\""0\"": null}, \""transformation_params\"": {\""0\"": {}}}""}}, ""model_weights"": {}, ""point_method"": ""mean""}","{""fillna"": ""cubic"", ""transformations"": {""0"": ""ScipyFilter"", ""1"": ""DatepartRegression""}, ""transformation_params"": {""0"": {""method"": ""butter"", ""method_args"": {""N"": 1, ""btype"": ""highpass"", ""analog"": false, ""output"": ""sos"", ""Wn"": 0.024390243902439025}}, ""1"": {""regression_model"": {""model"": ""ElasticNet"", ""model_params"": {""l1_ratio"": 0.5, ""fit_intercept"": true, ""selection"": ""cyclic"", ""max_iter"": 1000}}, ""datepart_method"": [""weekdayofmonth"", ""common_fourier""], ""polynomial_degree"": null, ""transform_dict"": null, ""holiday_countries_used"": false, ""lags"": null, ""forward_lags"": null}}}",1,1,32.92242216372463,2.5505524461562747,2.7035950062360925,0.5264815652837594,2.5505524461562747,0.0,0.0,1.231413637600851,306.066293538753,2.5505524461562747,0.9556135435442389,0.24166666666666667,0.4583333333333333,4.748699582522466,0.025,2.8382998430446484,2.316756971672219,11.339233896411118,10.235587902591957,0.21217067586683555,306.066293538753,114.85462122791274,27.270865966350236,0.3857679893243896,32.92242216372463,2.5505524461562747,2.7035950062360925,0.5264815652837594,2.5505524461562747,0.0,1.231413637600851,2.5505524461562747,0.9556135435442389,4.748699582522466,0.025,2.8382998430446484,2.316756971672219,11.339233896411118,10.235587902591957,0.21217067586683555,306.066293538753,114.85462122791274,27.270865966350236,0.3857679893243896,0.24166666666666667,0.4583333333333333,2.1205,41.65023032723713,35.9420720100936,Wh,35.9420720100936,Wh
33,b59360e42aa4ed28888d841878ae76fd,Ensemble,"{""model_name"": ""BestN"", ""model_count"": 3, ""model_metric"": ""best_score_unique"", ""models"": {""927f8c402d93eba11011ff9ae8879530"": {""Model"": ""WindowRegression"", ""ModelParameters"": ""{\""window_size\"": 24, \""input_dim\"": \""univariate\"", \""output_dim\"": \""1step\"", \""normalize_window\"": false, \""max_windows\"": 5000000, \""fourier_encoding_components\"": null, \""scale\"": true, \""datepart_method\"": null, \""regression_type\"": null, \""regression_model\"": {\""model\"": \""ElasticNet\"", \""model_params\"": {\""l1_ratio\"": 0.5, \""fit_intercept\"": true, \""selection\"": \""cyclic\"", \""max_iter\"": 2000}}}"", ""TransformationParameters"": ""{\""fillna\"": \""akima\"", \""transformations\"": {\""0\"": \""DatepartRegression\"", \""1\"": \""Scaler\"", \""2\"": \""Scaler\""}, \""transformation_params\"": {\""0\"": {\""regression_model\"": {\""model\"": \""ElasticNet\"", \""model_params\"": {\""l1_ratio\"": 0.5, \""fit_intercept\"": true, \""selection\"": \""cyclic\"", \""max_iter\"": 1000}}, \""datepart_method\"": \""recurring\"", \""polynomial_degree\"": null, \""transform_dict\"": null, \""holiday_countries_used\"": false, \""lags\"": null, \""forward_lags\"": null}, \""1\"": {}, \""2\"": {}}}""}, ""4597814533265222b338e51fe9353b43"": {""Model"": ""DatepartRegression"", ""ModelParameters"": ""{\""regression_model\"": {\""model\"": \""ElasticNet\"", \""model_params\"": {\""l1_ratio\"": 0.1, \""fit_intercept\"": true, \""selection\"": \""cyclic\"", \""max_iter\"": 1000}}, \""datepart_method\"": \""anchored_warped_fourier:us_school\"", \""polynomial_degree\"": null, \""holiday_countries_used\"": true, \""lags\"": null, \""forward_lags\"": null, \""regression_type\"": null}"", ""TransformationParameters"": ""{\""fillna\"": \""linear\"", \""transformations\"": {}, \""transformation_params\"": {}}""}, ""4483a91438b744994df7703319d24419"": {""Model"": ""ARIMA"", ""ModelParameters"": ""{\""p\"": 4, \""d\"": 1, \""q\"": 4, \""regression_type\"": null}"", ""TransformationParameters"": ""{\""fillna\"": \""zero\"", \""transformations\"": {\""0\"": null}, \""transformation_params\"": {\""0\"": {}}}""}}, ""model_weights"": {}, ""point_method"": ""mean""}","{""fillna"": ""cubic"", ""transformations"": {""0"": ""ScipyFilter"", ""1"": ""DatepartRegression""}, ""transformation_params"": {""0"": {""method"": ""butter"", ""method_args"": {""N"": 1, ""btype"": ""highpass"", ""analog"": false, ""output"": ""sos"", ""Wn"": 0.024390243902439025}}, ""1"": {""regression_model"": {""model"": ""ElasticNet"", ""model_params"": {""l1_ratio"": 0.5, ""fit_intercept"": true, ""selection"": ""cyclic"", ""max_iter"": 1000}}, ""datepart_method"": [""weekdayofmonth"", ""common_fourier""], ""polynomial_degree"": null, ""transform_dict"": null, ""holiday_countries_used"": false, ""lags"": null, ""forward_lags"": null}}}",1,1,32.92242216372463,2.5505524461562747,2.7035950062360925,0.5264815652837594,2.5505524461562747,0.0,0.0,1.231413637600851,306.066293538753,2.5505524461562747,0.9556135435442389,0.24166666666666667,0.4583333333333333,4.748699582522466,0.025,2.8382998430446484,2.316756971672219,11.339233896411118,10.235587902591957,0.21217067586683555,306.066293538753,114.85462122791274,27.270865966350236,0.3857679893243896,32.92242216372463,2.5505524461562747,2.7035950062360925,0.5264815652837594,2.5505524461562747,0.0,1.231413637600851,2.5505524461562747,0.9556135435442389,4.748699582522466,0.025,2.8382998430446484,2.316756971672219,11.339233896411118,10.235587902591957,0.21217067586683555,306.066293538753,114.85462122791274,27.270865966350236,0.3857679893243896,0.24166666666666667,0.4583333333333333,2.2615,41.65023032723713,35.9420720100936,Wh,35.9420720100936,Wh
34,9fdd1217806fccce9a0d0a9faa608bf2,Ensemble,"{""model_name"": ""BestN"", ""model_count"": 3, ""model_metric"": ""best_score"", ""models"": {""927f8c402d93eba11011ff9ae8879530"": {""Model"": ""WindowRegression"", ""ModelParameters"": ""{\""window_size\"": 24, \""input_dim\"": \""univariate\"", \""output_dim\"": \""1step\"", \""normalize_window\"": false, \""max_windows\"": 5000000, \""fourier_encoding_components\"": null, \""scale\"": true, \""datepart_method\"": null, \""regression_type\"": null, \""regression_model\"": {\""model\"": \""ElasticNet\"", \""model_params\"": {\""l1_ratio\"": 0.5, \""fit_intercept\"": true, \""selection\"": \""cyclic\"", \""max_iter\"": 2000}}}"", ""TransformationParameters"": ""{\""fillna\"": \""akima\"", \""transformations\"": {\""0\"": \""DatepartRegression\"", \""1\"": \""Scaler\"", \""2\"": \""Scaler\""}, \""transformation_params\"": {\""0\"": {\""regression_model\"": {\""model\"": \""ElasticNet\"", \""model_params\"": {\""l1_ratio\"": 0.5, \""fit_intercept\"": true, \""selection\"": \""cyclic\"", \""max_iter\"": 1000}}, \""datepart_method\"": \""recurring\"", \""polynomial_degree\"": null, \""transform_dict\"": null, \""holiday_countries_used\"": false, \""lags\"": null, \""forward_lags\"": null}, \""1\"": {}, \""2\"": {}}}""}, ""4597814533265222b338e51fe9353b43"": {""Model"": ""DatepartRegression"", ""ModelParameters"": ""{\""regression_model\"": {\""model\"": \""ElasticNet\"", \""model_params\"": {\""l1_ratio\"": 0.1, \""fit_intercept\"": true, \""selection\"": \""cyclic\"", \""max_iter\"": 1000}}, \""datepart_method\"": \""anchored_warped_fourier:us_school\"", \""polynomial_degree\"": null, \""holiday_countries_used\"": true, \""lags\"": null, \""forward_lags\"": null, \""regression_type\"": null}"", ""TransformationParameters"": ""{\""fillna\"": \""linear\"", \""transformations\"": {}, \""transformation_params\"": {}}""}, ""4483a91438b744994df7703319d24419"": {""Model"": ""ARIMA"", ""ModelParameters"": ""{\""p\"": 4, \""d\"": 1, \""q\"": 4, \""regression_type\"": null}"", ""TransformationParameters"": ""{\""fillna\"": \""zero\"", \""transformations\"": {\""0\"": null}, \""transformation_params\"": {\""0\"": {}}}""}}, ""model_weights"": {}, ""point_method"": ""mean""}","{""fillna"": ""cubic"", ""transformations"": {""0"": ""ScipyFilter"", ""1"": ""DatepartRegression""}, ""transformation_params"": {""0"": {""method"": ""butter"", ""method_args"": {""N"": 1, ""btype"": ""highpass"", ""analog"": false, ""output"": ""sos"", ""Wn"": 0.024390243902439025}}, ""1"": {""regression_model"": {""model"": ""ElasticNet"", ""model_params"": {""l1_ratio"": 0.5, ""fit_intercept"": true, ""selection"": ""cyclic"", ""max_iter"": 1000}}, ""datepart_method"": [""weekdayofmonth"", ""common_fourier""], ""polynomial_degree"": null, ""transform_dict"": null, ""holiday_countries_used"": false, ""lags"": null, ""forward_lags"": null}}}",1,1,32.92242216372463,2.5505524461562747,2.7035950062360925,0.5264815652837594,2.5505524461562747,0.0,0.0,1.231413637600851,306.066293538753,2.5505524461562747,0.9556135435442389,0.24166666666666667,0.4583333333333333,4.748699582522466,0.025,2.8382998430446484,2.316756971672219,11.339233896411118,10.235587902591957,0.21217067586683555,306.066293538753,114.85462122791274,27.270865966350236,0.3857679893243896,32.92242216372463,2.5505524461562747,2.7035950062360925,0.5264815652837594,2.5505524461562747,0.0,1.231413637600851,2.5505524461562747,0.9556135435442389,4.748699582522466,0.025,2.8382998430446484,2.316756971672219,11.339233896411118,10.235587902591957,0.21217067586683555,306.066293538753,114.85462122791274,27.270865966350236,0.3857679893243896,0.24166666666666667,0.4583333333333333,2.2312,41.65023032723713,35.9420720100936,Wh,35.9420720100936,Wh
35,8c00507d0fadfdb025dea839ef4bd0f4,Ensemble,"{""model_name"": ""BestN"", ""model_count"": 5, ""model_metric"": ""bestn_horizontal"", ""models"": {""927f8c402d93eba11011ff9ae8879530"": {""Model"": ""WindowRegression"", ""ModelParameters"": ""{\""window_size\"": 24, \""input_dim\"": \""univariate\"", \""output_dim\"": \""1step\"", \""normalize_window\"": false, \""max_windows\"": 5000000, \""fourier_encoding_components\"": null, \""scale\"": true, \""datepart_method\"": null, \""regression_type\"": null, \""regression_model\"": {\""model\"": \""ElasticNet\"", \""model_params\"": {\""l1_ratio\"": 0.5, \""fit_intercept\"": true, \""selection\"": \""cyclic\"", \""max_iter\"": 2000}}}"", ""TransformationParameters"": ""{\""fillna\"": \""akima\"", \""transformations\"": {\""0\"": \""DatepartRegression\"", \""1\"": \""Scaler\"", \""2\"": \""Scaler\""}, \""transformation_params\"": {\""0\"": {\""regression_model\"": {\""model\"": \""ElasticNet\"", \""model_params\"": {\""l1_ratio\"": 0.5, \""fit_intercept\"": true, \""selection\"": \""cyclic\"", \""max_iter\"": 1000}}, \""datepart_method\"": \""recurring\"", \""polynomial_degree\"": null, \""transform_dict\"": null, \""holiday_countries_used\"": false, \""lags\"": null, \""forward_lags\"": null}, \""1\"": {}, \""2\"": {}}}""}, ""4597814533265222b338e51fe9353b43"": {""Model"": ""DatepartRegression"", ""ModelParameters"": ""{\""regression_model\"": {\""model\"": \""ElasticNet\"", \""model_params\"": {\""l1_ratio\"": 0.1, \""fit_intercept\"": true, \""selection\"": \""cyclic\"", \""max_iter\"": 1000}}, \""datepart_method\"": \""anchored_warped_fourier:us_school\"", \""polynomial_degree\"": null, \""holiday_countries_used\"": true, \""lags\"": null, \""forward_lags\"": null, \""regression_type\"": null}"", ""TransformationParameters"": ""{\""fillna\"": \""linear\"", \""transformations\"": {}, \""transformation_params\"": {}}""}, ""4483a91438b744994df7703319d24419"": {""Model"": ""ARIMA"", ""ModelParameters"": ""{\""p\"": 4, \""d\"": 1, \""q\"": 4, \""regression_type\"": null}"", ""TransformationParameters"": ""{\""fillna\"": \""zero\"", \""transformations\"": {\""0\"": null}, \""transformation_params\"": {\""0\"": {}}}""}, ""db0e41fb25290810d4a0fb21211c4c5d"": {""Model"": ""ARIMA"", ""ModelParameters"": ""{\""p\"": 4, \""d\"": 0, \""q\"": 12, \""regression_type\"": null}"", ""TransformationParameters"": ""{\""fillna\"": \""cubic\"", \""transformations\"": {}, \""transformation_params\"": {}}""}, ""b64de7c386a7fef4fbd9b08033fa98b2"": {""Model"": ""WindowRegression"", ""ModelParameters"": ""{\""window_size\"": 10, \""input_dim\"": \""univariate\"", \""output_dim\"": \""1step\"", \""normalize_window\"": false, \""max_windows\"": 5000000, \""fourier_encoding_components\"": null, \""scale\"": true, \""datepart_method\"": null, \""regression_type\"": null, \""regression_model\"": {\""model\"": \""SVM\"", \""model_params\"": {\""C\"": 0.1, \""tol\"": 0.001, \""epsilon\"": 0.0, \""loss\"": \""squared_epsilon_insensitive\"", \""max_iter\"": 50}}}"", ""TransformationParameters"": ""{\""fillna\"": \""ffill\"", \""transformations\"": {\""0\"": \""DatepartRegression\"", \""1\"": \""DatepartRegression\"", \""2\"": \""DatepartRegression\"", \""3\"": \""DatepartRegression\""}, \""transformation_params\"": {\""0\"": {\""regression_model\"": {\""model\"": \""ElasticNet\"", \""model_params\"": {\""l1_ratio\"": 0.9, \""fit_intercept\"": true, \""selection\"": \""cyclic\"", \""max_iter\"": 1000}}, \""datepart_method\"": \""common_fourier\"", \""polynomial_degree\"": null, \""transform_dict\"": null, \""holiday_countries_used\"": true, \""lags\"": null, \""forward_lags\"": null}, \""1\"": {\""regression_model\"": {\""model\"": \""DecisionTree\"", \""model_params\"": {\""max_depth\"": null, \""min_samples_split\"": 2}}, \""datepart_method\"": \""simple_binarized\"", \""polynomial_degree\"": null, \""transform_dict\"": {\""fillna\"": null, \""transformations\"": {\""0\"": \""ScipyFilter\""}, \""transformation_params\"": {\""0\"": {\""method\"": \""savgol_filter\"", \""method_args\"": {\""window_length\"": 31, \""polyorder\"": 3, \""deriv\"": 0, \""mode\"": \""interp\""}}}}, \""holiday_countries_used\"": false, \""lags\"": null, \""forward_lags\"": null}, \""2\"": {\""regression_model\"": {\""model\"": \""ElasticNet\"", \""model_params\"": {\""l1_ratio\"": 0.5, \""fit_intercept\"": true, \""selection\"": \""cyclic\"", \""max_iter\"": 1000}}, \""datepart_method\"": [\""dayofweek\"", [365.25, 14], [354.37, 10]], \""polynomial_degree\"": null, \""transform_dict\"": null, \""holiday_countries_used\"": true, \""lags\"": null, \""forward_lags\"": 1}, \""3\"": {\""regression_model\"": {\""model\"": \""ElasticNet\"", \""model_params\"": {\""l1_ratio\"": 0.5, \""fit_intercept\"": true, \""selection\"": \""random\"", \""max_iter\"": 1000}}, \""datepart_method\"": \""simple_binarized\"", \""polynomial_degree\"": null, \""transform_dict\"": {\""fillna\"": null, \""transformations\"": {\""0\"": \""ClipOutliers\""}, \""transformation_params\"": {\""0\"": {\""method\"": \""clip\"", \""std_threshold\"": 4}}}, \""holiday_countries_used\"": false, \""lags\"": null, \""forward_lags\"": null}}}""}}, ""point_method"": ""median"", ""model_weights"": {}}","{""fillna"": ""cubic"", ""transformations"": {""0"": ""ScipyFilter"", ""1"": ""DatepartRegression""}, ""transformation_params"": {""0"": {""method"": ""butter"", ""method_args"": {""N"": 1, ""btype"": ""highpass"", ""analog"": false, ""output"": ""sos"", ""Wn"": 0.024390243902439025}}, ""1"": {""regression_model"": {""model"": ""ElasticNet"", ""model_params"": {""l1_ratio"": 0.5, ""fit_intercept"": true, ""selection"": ""cyclic"", ""max_iter"": 1000}}, ""datepart_method"": [""weekdayofmonth"", ""common_fourier""], ""polynomial_degree"": null, ""transform_dict"": null, ""holiday_countries_used"": false, ""lags"": null, ""forward_lags"": null}}}",1,1,33.10645035261415,2.5672026261832945,2.716286856207987,0.5152725856409327,2.5672026261832945,0.0,0.0,1.2372659200879224,308.06431514199534,2.5672026261832945,0.9149682796595281,0.26666666666666666,0.4666666666666667,4.749997400323984,0.025,2.8485938583382695,2.334470110101695,11.39755590193942,10.771301729781221,0.04779561149059548,308.06431514199534,115.86845713392354,32.680374754947806,0.3882863090243402,33.10645035261415,2.5672026261832945,2.716286856207987,0.5152725856409327,2.5672026261832945,0.0,1.2372659200879224,2.5672026261832945,0.9149682796595281,4.749997400323984,0.025,2.8485938583382695,2.334470110101695,11.39755590193942,10.771301729781221,0.04779561149059548,308.06431514199534,115.86845713392354,32.680374754947806,0.3882863090243402,0.26666666666666666,0.4666666666666667,7.1198,41.49095442824787,36.176704303349915,Wh,36.176704303349915,Wh
36,85c62803b2125200317ce7f79b04818c,Ensemble,"{""model_name"": ""BestN"", ""model_count"": 5, ""model_metric"": ""mixed_metric"", ""models"": {""0a98a875055da5bcd734698018011f5e"": {""Model"": ""RollingRegression"", ""ModelParameters"": ""{\""regression_model\"": {\""model\"": \""BayesianRidge\"", \""model_params\"": {}}, \""holiday\"": false, \""mean_rolling_periods\"": 7, \""macd_periods\"": 63, \""std_rolling_periods\"": null, \""max_rolling_periods\"": null, \""min_rolling_periods\"": 2, \""ewm_var_alpha\"": null, \""quantile90_rolling_periods\"": null, \""quantile10_rolling_periods\"": null, \""ewm_alpha\"": null, \""additional_lag_periods\"": 3, \""abs_energy\"": false, \""rolling_autocorr_periods\"": null, \""nonzero_last_n\"": null, \""add_date_part\"": \""simple_2\"", \""polynomial_degree\"": null, \""x_transform\"": null, \""regression_type\"": null}"", ""TransformationParameters"": ""{\""fillna\"": \""KNNImputer\"", \""transformations\"": {\""0\"": \""DatepartRegression\"", \""1\"": \""Detrend\"", \""2\"": \""DifferencedTransformer\"", \""3\"": \""MinMaxScaler\""}, \""transformation_params\"": {\""0\"": {\""regression_model\"": {\""model\"": \""ElasticNet\"", \""model_params\"": {\""l1_ratio\"": 0.1, \""fit_intercept\"": true, \""selection\"": \""cyclic\"", \""max_iter\"": 1000}}, \""datepart_method\"": \""recurring\"", \""polynomial_degree\"": null, \""transform_dict\"": {\""fillna\"": null, \""transformations\"": {\""0\"": \""ClipOutliers\""}, \""transformation_params\"": {\""0\"": {\""method\"": \""clip\"", \""std_threshold\"": 4}}}, \""holiday_countries_used\"": true, \""lags\"": null, \""forward_lags\"": null}, \""1\"": {\""model\"": \""GLS\"", \""phi\"": 1, \""window\"": 10, \""transform_dict\"": {\""fillna\"": null, \""transformations\"": {\""0\"": \""Discretize\""}, \""transformation_params\"": {\""0\"": {\""discretization\"": \""center\"", \""n_bins\"": 20}}}}, \""2\"": {\""lag\"": 1, \""fill\"": \""bfill\""}, \""3\"": {}}}""}, ""927f8c402d93eba11011ff9ae8879530"": {""Model"": ""WindowRegression"", ""ModelParameters"": ""{\""window_size\"": 24, \""input_dim\"": \""univariate\"", \""output_dim\"": \""1step\"", \""normalize_window\"": false, \""max_windows\"": 5000000, \""fourier_encoding_components\"": null, \""scale\"": true, \""datepart_method\"": null, \""regression_type\"": null, \""regression_model\"": {\""model\"": \""ElasticNet\"", \""model_params\"": {\""l1_ratio\"": 0.5, \""fit_intercept\"": true, \""selection\"": \""cyclic\"", \""max_iter\"": 2000}}}"", ""TransformationParameters"": ""{\""fillna\"": \""akima\"", \""transformations\"": {\""0\"": \""DatepartRegression\"", \""1\"": \""Scaler\"", \""2\"": \""Scaler\""}, \""transformation_params\"": {\""0\"": {\""regression_model\"": {\""model\"": \""ElasticNet\"", \""model_params\"": {\""l1_ratio\"": 0.5, \""fit_intercept\"": true, \""selection\"": \""cyclic\"", \""max_iter\"": 1000}}, \""datepart_method\"": \""recurring\"", \""polynomial_degree\"": null, \""transform_dict\"": null, \""holiday_countries_used\"": false, \""lags\"": null, \""forward_lags\"": null}, \""1\"": {}, \""2\"": {}}}""}, ""b64de7c386a7fef4fbd9b08033fa98b2"": {""Model"": ""WindowRegression"", ""ModelParameters"": ""{\""window_size\"": 10, \""input_dim\"": \""univariate\"", \""output_dim\"": \""1step\"", \""normalize_window\"": false, \""max_windows\"": 5000000, \""fourier_encoding_components\"": null, \""scale\"": true, \""datepart_method\"": null, \""regression_type\"": null, \""regression_model\"": {\""model\"": \""SVM\"", \""model_params\"": {\""C\"": 0.1, \""tol\"": 0.001, \""epsilon\"": 0.0, \""loss\"": \""squared_epsilon_insensitive\"", \""max_iter\"": 50}}}"", ""TransformationParameters"": ""{\""fillna\"": \""ffill\"", \""transformations\"": {\""0\"": \""DatepartRegression\"", \""1\"": \""DatepartRegression\"", \""2\"": \""DatepartRegression\"", \""3\"": \""DatepartRegression\""}, \""transformation_params\"": {\""0\"": {\""regression_model\"": {\""model\"": \""ElasticNet\"", \""model_params\"": {\""l1_ratio\"": 0.9, \""fit_intercept\"": true, \""selection\"": \""cyclic\"", \""max_iter\"": 1000}}, \""datepart_method\"": \""common_fourier\"", \""polynomial_degree\"": null, \""transform_dict\"": null, \""holiday_countries_used\"": true, \""lags\"": null, \""forward_lags\"": null}, \""1\"": {\""regression_model\"": {\""model\"": \""DecisionTree\"", \""model_params\"": {\""max_depth\"": null, \""min_samples_split\"": 2}}, \""datepart_method\"": \""simple_binarized\"", \""polynomial_degree\"": null, \""transform_dict\"": {\""fillna\"": null, \""transformations\"": {\""0\"": \""ScipyFilter\""}, \""transformation_params\"": {\""0\"": {\""method\"": \""savgol_filter\"", \""method_args\"": {\""window_length\"": 31, \""polyorder\"": 3, \""deriv\"": 0, \""mode\"": \""interp\""}}}}, \""holiday_countries_used\"": false, \""lags\"": null, \""forward_lags\"": null}, \""2\"": {\""regression_model\"": {\""model\"": \""ElasticNet\"", \""model_params\"": {\""l1_ratio\"": 0.5, \""fit_intercept\"": true, \""selection\"": \""cyclic\"", \""max_iter\"": 1000}}, \""datepart_method\"": [\""dayofweek\"", [365.25, 14], [354.37, 10]], \""polynomial_degree\"": null, \""transform_dict\"": null, \""holiday_countries_used\"": true, \""lags\"": null, \""forward_lags\"": 1}, \""3\"": {\""regression_model\"": {\""model\"": \""ElasticNet\"", \""model_params\"": {\""l1_ratio\"": 0.5, \""fit_intercept\"": true, \""selection\"": \""random\"", \""max_iter\"": 1000}}, \""datepart_method\"": \""simple_binarized\"", \""polynomial_degree\"": null, \""transform_dict\"": {\""fillna\"": null, \""transformations\"": {\""0\"": \""ClipOutliers\""}, \""transformation_params\"": {\""0\"": {\""method\"": \""clip\"", \""std_threshold\"": 4}}}, \""holiday_countries_used\"": false, \""lags\"": null, \""forward_lags\"": null}}}""}, ""4597814533265222b338e51fe9353b43"": {""Model"": ""DatepartRegression"", ""ModelParameters"": ""{\""regression_model\"": {\""model\"": \""ElasticNet\"", \""model_params\"": {\""l1_ratio\"": 0.1, \""fit_intercept\"": true, \""selection\"": \""cyclic\"", \""max_iter\"": 1000}}, \""datepart_method\"": \""anchored_warped_fourier:us_school\"", \""polynomial_degree\"": null, \""holiday_countries_used\"": true, \""lags\"": null, \""forward_lags\"": null, \""regression_type\"": null}"", ""TransformationParameters"": ""{\""fillna\"": \""linear\"", \""transformations\"": {}, \""transformation_params\"": {}}""}, ""b8ca7c68f17113471e9165689e1f0c16"": {""Model"": ""WindowRegression"", ""ModelParameters"": ""{\""window_size\"": 16, \""input_dim\"": \""univariate\"", \""output_dim\"": \""1step\"", \""normalize_window\"": false, \""max_windows\"": 5000, \""fourier_encoding_components\"": null, \""scale\"": true, \""datepart_method\"": null, \""regression_type\"": null, \""regression_model\"": {\""model\"": \""KNN\"", \""model_params\"": {\""n_neighbors\"": 5, \""weights\"": \""uniform\"", \""p\"": 2, \""leaf_size\"": 30}}}"", ""TransformationParameters"": ""{\""fillna\"": \""ffill_mean_biased\"", \""transformations\"": {\""0\"": \""Scaler\"", \""1\"": \""DifferencedTransformer\"", \""2\"": \""Scaler\"", \""3\"": \""Detrend\"", \""4\"": \""MinMaxScaler\""}, \""transformation_params\"": {\""0\"": {}, \""1\"": {\""lag\"": 1, \""fill\"": \""bfill\""}, \""2\"": {}, \""3\"": {\""model\"": \""Linear\"", \""phi\"": 1, \""window\"": 900, \""transform_dict\"": null}, \""4\"": {}}}""}}, ""point_method"": ""median"", ""model_weights"": {}}","{""fillna"": ""cubic"", ""transformations"": {""0"": ""ScipyFilter"", ""1"": ""DatepartRegression""}, ""transformation_params"": {""0"": {""method"": ""butter"", ""method_args"": {""N"": 1, ""btype"": ""highpass"", ""analog"": false, ""output"": ""sos"", ""Wn"": 0.024390243902439025}}, ""1"": {""regression_model"": {""model"": ""ElasticNet"", ""model_params"": {""l1_ratio"": 0.5, ""fit_intercept"": true, ""selection"": ""cyclic"", ""max_iter"": 1000}}, ""datepart_method"": [""weekdayofmonth"", ""common_fourier""], ""polynomial_degree"": null, ""transform_dict"": null, ""holiday_countries_used"": false, ""lags"": null, ""forward_lags"": null}}}",1,1,32.20247655106825,2.481980092438031,2.6365975975963187,0.5141510483334307,2.481980092438031,0.0,0.0,1.2113620739478024,297.83761109256375,2.481980092438031,0.8891514048028121,0.2916666666666667,0.48333333333333334,4.701968246585102,0.025,2.7843182728999363,2.2468460424482912,11.05207539597475,10.257973430024128,0.03163073577492974,297.83761109256375,111.78370810696026,33.02626051551639,0.37539650331280305,32.20247655106825,2.481980092438031,2.6365975975963187,0.5141510483334307,2.481980092438031,0.0,1.2113620739478024,2.481980092438031,0.8891514048028121,4.701968246585102,0.025,2.7843182728999363,2.2468460424482912,11.05207539597475,10.257973430024128,0.03163073577492974,297.83761109256375,111.78370810696026,33.02626051551639,0.37539650331280305,0.2916666666666667,0.48333333333333334,5.4268,40.288874059242545,34.975758818237075,Wh,34.975758818237075,Wh
37,a14b55af0ad1ac2359309db85992b140,Ensemble,"{""model_name"": ""BestN"", ""model_count"": 5, ""model_metric"": ""mixed_metric"", ""models"": {""0a98a875055da5bcd734698018011f5e"": {""Model"": ""RollingRegression"", ""ModelParameters"": ""{\""regression_model\"": {\""model\"": \""BayesianRidge\"", \""model_params\"": {}}, \""holiday\"": false, \""mean_rolling_periods\"": 7, \""macd_periods\"": 63, \""std_rolling_periods\"": null, \""max_rolling_periods\"": null, \""min_rolling_periods\"": 2, \""ewm_var_alpha\"": null, \""quantile90_rolling_periods\"": null, \""quantile10_rolling_periods\"": null, \""ewm_alpha\"": null, \""additional_lag_periods\"": 3, \""abs_energy\"": false, \""rolling_autocorr_periods\"": null, \""nonzero_last_n\"": null, \""add_date_part\"": \""simple_2\"", \""polynomial_degree\"": null, \""x_transform\"": null, \""regression_type\"": null}"", ""TransformationParameters"": ""{\""fillna\"": \""KNNImputer\"", \""transformations\"": {\""0\"": \""DatepartRegression\"", \""1\"": \""Detrend\"", \""2\"": \""DifferencedTransformer\"", \""3\"": \""MinMaxScaler\""}, \""transformation_params\"": {\""0\"": {\""regression_model\"": {\""model\"": \""ElasticNet\"", \""model_params\"": {\""l1_ratio\"": 0.1, \""fit_intercept\"": true, \""selection\"": \""cyclic\"", \""max_iter\"": 1000}}, \""datepart_method\"": \""recurring\"", \""polynomial_degree\"": null, \""transform_dict\"": {\""fillna\"": null, \""transformations\"": {\""0\"": \""ClipOutliers\""}, \""transformation_params\"": {\""0\"": {\""method\"": \""clip\"", \""std_threshold\"": 4}}}, \""holiday_countries_used\"": true, \""lags\"": null, \""forward_lags\"": null}, \""1\"": {\""model\"": \""GLS\"", \""phi\"": 1, \""window\"": 10, \""transform_dict\"": {\""fillna\"": null, \""transformations\"": {\""0\"": \""Discretize\""}, \""transformation_params\"": {\""0\"": {\""discretization\"": \""center\"", \""n_bins\"": 20}}}}, \""2\"": {\""lag\"": 1, \""fill\"": \""bfill\""}, \""3\"": {}}}""}, ""927f8c402d93eba11011ff9ae8879530"": {""Model"": ""WindowRegression"", ""ModelParameters"": ""{\""window_size\"": 24, \""input_dim\"": \""univariate\"", \""output_dim\"": \""1step\"", \""normalize_window\"": false, \""max_windows\"": 5000000, \""fourier_encoding_components\"": null, \""scale\"": true, \""datepart_method\"": null, \""regression_type\"": null, \""regression_model\"": {\""model\"": \""ElasticNet\"", \""model_params\"": {\""l1_ratio\"": 0.5, \""fit_intercept\"": true, \""selection\"": \""cyclic\"", \""max_iter\"": 2000}}}"", ""TransformationParameters"": ""{\""fillna\"": \""akima\"", \""transformations\"": {\""0\"": \""DatepartRegression\"", \""1\"": \""Scaler\"", \""2\"": \""Scaler\""}, \""transformation_params\"": {\""0\"": {\""regression_model\"": {\""model\"": \""ElasticNet\"", \""model_params\"": {\""l1_ratio\"": 0.5, \""fit_intercept\"": true, \""selection\"": \""cyclic\"", \""max_iter\"": 1000}}, \""datepart_method\"": \""recurring\"", \""polynomial_degree\"": null, \""transform_dict\"": null, \""holiday_countries_used\"": false, \""lags\"": null, \""forward_lags\"": null}, \""1\"": {}, \""2\"": {}}}""}, ""b64de7c386a7fef4fbd9b08033fa98b2"": {""Model"": ""WindowRegression"", ""ModelParameters"": ""{\""window_size\"": 10, \""input_dim\"": \""univariate\"", \""output_dim\"": \""1step\"", \""normalize_window\"": false, \""max_windows\"": 5000000, \""fourier_encoding_components\"": null, \""scale\"": true, \""datepart_method\"": null, \""regression_type\"": null, \""regression_model\"": {\""model\"": \""SVM\"", \""model_params\"": {\""C\"": 0.1, \""tol\"": 0.001, \""epsilon\"": 0.0, \""loss\"": \""squared_epsilon_insensitive\"", \""max_iter\"": 50}}}"", ""TransformationParameters"": ""{\""fillna\"": \""ffill\"", \""transformations\"": {\""0\"": \""DatepartRegression\"", \""1\"": \""DatepartRegression\"", \""2\"": \""DatepartRegression\"", \""3\"": \""DatepartRegression\""}, \""transformation_params\"": {\""0\"": {\""regression_model\"": {\""model\"": \""ElasticNet\"", \""model_params\"": {\""l1_ratio\"": 0.9, \""fit_intercept\"": true, \""selection\"": \""cyclic\"", \""max_iter\"": 1000}}, \""datepart_method\"": \""common_fourier\"", \""polynomial_degree\"": null, \""transform_dict\"": null, \""holiday_countries_used\"": true, \""lags\"": null, \""forward_lags\"": null}, \""1\"": {\""regression_model\"": {\""model\"": \""DecisionTree\"", \""model_params\"": {\""max_depth\"": null, \""min_samples_split\"": 2}}, \""datepart_method\"": \""simple_binarized\"", \""polynomial_degree\"": null, \""transform_dict\"": {\""fillna\"": null, \""transformations\"": {\""0\"": \""ScipyFilter\""}, \""transformation_params\"": {\""0\"": {\""method\"": \""savgol_filter\"", \""method_args\"": {\""window_length\"": 31, \""polyorder\"": 3, \""deriv\"": 0, \""mode\"": \""interp\""}}}}, \""holiday_countries_used\"": false, \""lags\"": null, \""forward_lags\"": null}, \""2\"": {\""regression_model\"": {\""model\"": \""ElasticNet\"", \""model_params\"": {\""l1_ratio\"": 0.5, \""fit_intercept\"": true, \""selection\"": \""cyclic\"", \""max_iter\"": 1000}}, \""datepart_method\"": [\""dayofweek\"", [365.25, 14], [354.37, 10]], \""polynomial_degree\"": null, \""transform_dict\"": null, \""holiday_countries_used\"": true, \""lags\"": null, \""forward_lags\"": 1}, \""3\"": {\""regression_model\"": {\""model\"": \""ElasticNet\"", \""model_params\"": {\""l1_ratio\"": 0.5, \""fit_intercept\"": true, \""selection\"": \""random\"", \""max_iter\"": 1000}}, \""datepart_method\"": \""simple_binarized\"", \""polynomial_degree\"": null, \""transform_dict\"": {\""fillna\"": null, \""transformations\"": {\""0\"": \""ClipOutliers\""}, \""transformation_params\"": {\""0\"": {\""method\"": \""clip\"", \""std_threshold\"": 4}}}, \""holiday_countries_used\"": false, \""lags\"": null, \""forward_lags\"": null}}}""}, ""4597814533265222b338e51fe9353b43"": {""Model"": ""DatepartRegression"", ""ModelParameters"": ""{\""regression_model\"": {\""model\"": \""ElasticNet\"", \""model_params\"": {\""l1_ratio\"": 0.1, \""fit_intercept\"": true, \""selection\"": \""cyclic\"", \""max_iter\"": 1000}}, \""datepart_method\"": \""anchored_warped_fourier:us_school\"", \""polynomial_degree\"": null, \""holiday_countries_used\"": true, \""lags\"": null, \""forward_lags\"": null, \""regression_type\"": null}"", ""TransformationParameters"": ""{\""fillna\"": \""linear\"", \""transformations\"": {}, \""transformation_params\"": {}}""}, ""b8ca7c68f17113471e9165689e1f0c16"": {""Model"": ""WindowRegression"", ""ModelParameters"": ""{\""window_size\"": 16, \""input_dim\"": \""univariate\"", \""output_dim\"": \""1step\"", \""normalize_window\"": false, \""max_windows\"": 5000, \""fourier_encoding_components\"": null, \""scale\"": true, \""datepart_method\"": null, \""regression_type\"": null, \""regression_model\"": {\""model\"": \""KNN\"", \""model_params\"": {\""n_neighbors\"": 5, \""weights\"": \""uniform\"", \""p\"": 2, \""leaf_size\"": 30}}}"", ""TransformationParameters"": ""{\""fillna\"": \""ffill_mean_biased\"", \""transformations\"": {\""0\"": \""Scaler\"", \""1\"": \""DifferencedTransformer\"", \""2\"": \""Scaler\"", \""3\"": \""Detrend\"", \""4\"": \""MinMaxScaler\""}, \""transformation_params\"": {\""0\"": {}, \""1\"": {\""lag\"": 1, \""fill\"": \""bfill\""}, \""2\"": {}, \""3\"": {\""model\"": \""Linear\"", \""phi\"": 1, \""window\"": 900, \""transform_dict\"": null}, \""4\"": {}}}""}}, ""point_method"": ""kalman"", ""model_weights"": {}}","{""fillna"": ""ffill"", ""transformations"": {""0"": ""AlignLastValue"", ""1"": ""SeasonalDifference"", ""2"": ""AlignLastValue""}, ""transformation_params"": {""0"": {""rows"": 1, ""lag"": 1, ""method"": ""additive"", ""strength"": 0.7, ""first_value_only"": false, ""threshold"": 1, ""threshold_method"": ""max""}, ""1"": {""lag_1"": 7, ""method"": 20}, ""2"": {""rows"": 1, ""lag"": 28, ""method"": ""multiplicative"", ""strength"": 1.0, ""first_value_only"": false, ""threshold"": null, ""threshold_method"": ""mean""}}}",1,1,26.311149985583672,1.950398845252047,2.1243864576123013,0.5827229119835357,1.950398845252047,0.0,0.0,1.039068174657049,234.04786143024566,1.950398845252047,1.1443619676262564,0.10833333333333334,0.5166666666666667,4.987461690274687,0.13333333333333333,2.340420746445232,1.7147354092974862,8.52466248870693,7.754990410730612,0.3943714445499371,234.04786143024566,90.52759941572337,20.004363470409935,0.2949954791352654,26.311149985583672,1.950398845252047,2.1243864576123013,0.5827229119835357,1.950398845252047,0.0,1.039068174657049,1.950398845252047,1.1443619676262564,4.987461690274687,0.13333333333333333,2.340420746445232,1.7147354092974862,8.52466248870693,7.754990410730612,0.3943714445499371,234.04786143024566,90.52759941572337,20.004363470409935,0.2949954791352654,0.10833333333333334,0.5166666666666667,5.3976,36.180174007803664,27.48478113049446,Wh,27.48478113049446,Wh
38,3a767eef032615d12c1abef3601ff710,Ensemble,"{""model_name"": ""BestN"", ""model_count"": 5, ""model_metric"": ""bestn_horizontal"", ""models"": {""927f8c402d93eba11011ff9ae8879530"": {""Model"": ""WindowRegression"", ""ModelParameters"": ""{\""window_size\"": 24, \""input_dim\"": \""univariate\"", \""output_dim\"": \""1step\"", \""normalize_window\"": false, \""max_windows\"": 5000000, \""fourier_encoding_components\"": null, \""scale\"": true, \""datepart_method\"": null, \""regression_type\"": null, \""regression_model\"": {\""model\"": \""ElasticNet\"", \""model_params\"": {\""l1_ratio\"": 0.5, \""fit_intercept\"": true, \""selection\"": \""cyclic\"", \""max_iter\"": 2000}}}"", ""TransformationParameters"": ""{\""fillna\"": \""akima\"", \""transformations\"": {\""0\"": \""DatepartRegression\"", \""1\"": \""Scaler\"", \""2\"": \""Scaler\""}, \""transformation_params\"": {\""0\"": {\""regression_model\"": {\""model\"": \""ElasticNet\"", \""model_params\"": {\""l1_ratio\"": 0.5, \""fit_intercept\"": true, \""selection\"": \""cyclic\"", \""max_iter\"": 1000}}, \""datepart_method\"": \""recurring\"", \""polynomial_degree\"": null, \""transform_dict\"": null, \""holiday_countries_used\"": false, \""lags\"": null, \""forward_lags\"": null}, \""1\"": {}, \""2\"": {}}}""}, ""4597814533265222b338e51fe9353b43"": {""Model"": ""DatepartRegression"", ""ModelParameters"": ""{\""regression_model\"": {\""model\"": \""ElasticNet\"", \""model_params\"": {\""l1_ratio\"": 0.1, \""fit_intercept\"": true, \""selection\"": \""cyclic\"", \""max_iter\"": 1000}}, \""datepart_method\"": \""anchored_warped_fourier:us_school\"", \""polynomial_degree\"": null, \""holiday_countries_used\"": true, \""lags\"": null, \""forward_lags\"": null, \""regression_type\"": null}"", ""TransformationParameters"": ""{\""fillna\"": \""linear\"", \""transformations\"": {}, \""transformation_params\"": {}}""}, ""4483a91438b744994df7703319d24419"": {""Model"": ""ARIMA"", ""ModelParameters"": ""{\""p\"": 4, \""d\"": 1, \""q\"": 4, \""regression_type\"": null}"", ""TransformationParameters"": ""{\""fillna\"": \""zero\"", \""transformations\"": {\""0\"": null}, \""transformation_params\"": {\""0\"": {}}}""}, ""db0e41fb25290810d4a0fb21211c4c5d"": {""Model"": ""ARIMA"", ""ModelParameters"": ""{\""p\"": 4, \""d\"": 0, \""q\"": 12, \""regression_type\"": null}"", ""TransformationParameters"": ""{\""fillna\"": \""cubic\"", \""transformations\"": {}, \""transformation_params\"": {}}""}, ""b64de7c386a7fef4fbd9b08033fa98b2"": {""Model"": ""WindowRegression"", ""ModelParameters"": ""{\""window_size\"": 10, \""input_dim\"": \""univariate\"", \""output_dim\"": \""1step\"", \""normalize_window\"": false, \""max_windows\"": 5000000, \""fourier_encoding_components\"": null, \""scale\"": true, \""datepart_method\"": null, \""regression_type\"": null, \""regression_model\"": {\""model\"": \""SVM\"", \""model_params\"": {\""C\"": 0.1, \""tol\"": 0.001, \""epsilon\"": 0.0, \""loss\"": \""squared_epsilon_insensitive\"", \""max_iter\"": 50}}}"", ""TransformationParameters"": ""{\""fillna\"": \""ffill\"", \""transformations\"": {\""0\"": \""DatepartRegression\"", \""1\"": \""DatepartRegression\"", \""2\"": \""DatepartRegression\"", \""3\"": \""DatepartRegression\""}, \""transformation_params\"": {\""0\"": {\""regression_model\"": {\""model\"": \""ElasticNet\"", \""model_params\"": {\""l1_ratio\"": 0.9, \""fit_intercept\"": true, \""selection\"": \""cyclic\"", \""max_iter\"": 1000}}, \""datepart_method\"": \""common_fourier\"", \""polynomial_degree\"": null, \""transform_dict\"": null, \""holiday_countries_used\"": true, \""lags\"": null, \""forward_lags\"": null}, \""1\"": {\""regression_model\"": {\""model\"": \""DecisionTree\"", \""model_params\"": {\""max_depth\"": null, \""min_samples_split\"": 2}}, \""datepart_method\"": \""simple_binarized\"", \""polynomial_degree\"": null, \""transform_dict\"": {\""fillna\"": null, \""transformations\"": {\""0\"": \""ScipyFilter\""}, \""transformation_params\"": {\""0\"": {\""method\"": \""savgol_filter\"", \""method_args\"": {\""window_length\"": 31, \""polyorder\"": 3, \""deriv\"": 0, \""mode\"": \""interp\""}}}}, \""holiday_countries_used\"": false, \""lags\"": null, \""forward_lags\"": null}, \""2\"": {\""regression_model\"": {\""model\"": \""ElasticNet\"", \""model_params\"": {\""l1_ratio\"": 0.5, \""fit_intercept\"": true, \""selection\"": \""cyclic\"", \""max_iter\"": 1000}}, \""datepart_method\"": [\""dayofweek\"", [365.25, 14], [354.37, 10]], \""polynomial_degree\"": null, \""transform_dict\"": null, \""holiday_countries_used\"": true, \""lags\"": null, \""forward_lags\"": 1}, \""3\"": {\""regression_model\"": {\""model\"": \""ElasticNet\"", \""model_params\"": {\""l1_ratio\"": 0.5, \""fit_intercept\"": true, \""selection\"": \""random\"", \""max_iter\"": 1000}}, \""datepart_method\"": \""simple_binarized\"", \""polynomial_degree\"": null, \""transform_dict\"": {\""fillna\"": null, \""transformations\"": {\""0\"": \""ClipOutliers\""}, \""transformation_params\"": {\""0\"": {\""method\"": \""clip\"", \""std_threshold\"": 4}}}, \""holiday_countries_used\"": false, \""lags\"": null, \""forward_lags\"": null}}}""}}, ""point_method"": ""median"", ""model_weights"": {}}","{""fillna"": ""median"", ""transformations"": {""0"": ""DiffSmoother"", ""1"": ""AlignLastValue"", ""2"": ""HistoricValues""}, ""transformation_params"": {""0"": {""method"": ""med_diff"", ""method_params"": {""distribution"": ""norm"", ""alpha"": 0.05}, ""transform_dict"": null, ""reverse_alignment"": false, ""isolated_only"": false, ""fillna"": ""linear""}, ""1"": {""rows"": 1, ""lag"": 1, ""method"": ""additive"", ""strength"": 1.0, ""first_value_only"": false, ""threshold"": null, ""threshold_method"": ""mean""}, ""2"": {""window"": 10}}}",1,1,23.10861385913241,1.670520967245102,1.8563918412587503,0.5122439680458382,1.670520967245102,0.0,-0.0704507827758789,0.9312521052356286,200.39206528663635,1.6705012094892118,1.4253397710141582,0.0,0.5,4.381279706954956,0.025,2.1830217550970743,1.4509416888741886,7.576116647897894,5.810779308258568,0.0007275490569878588,200.32161450386047,73.97035588685189,34.68483201971746,0.25248669349336605,23.10861385913241,1.670520967245102,1.8563918412587503,0.5122439680458382,1.670520967245102,0.0,0.9312521052356286,1.6705012094892118,1.4253397710141582,4.381279706954956,0.025,2.1830217550970743,1.4509416888741886,7.576116647897894,5.810779308258568,0.0007275490569878588,200.32161450386047,73.97035588685189,34.68483201971746,0.25248669349336605,0.0,0.5,7.0381,35.20331277761556,23.540776426526314,Wh,23.540776426526314,Wh
39,bceb63b4a71a3876b1f079ce2765cbe9,Ensemble,"{""model_name"": ""BestN"", ""model_count"": 3, ""model_metric"": ""best_score_unique"", ""models"": {""927f8c402d93eba11011ff9ae8879530"": {""Model"": ""WindowRegression"", ""ModelParameters"": ""{\""window_size\"": 24, \""input_dim\"": \""univariate\"", \""output_dim\"": \""1step\"", \""normalize_window\"": false, \""max_windows\"": 5000000, \""fourier_encoding_components\"": null, \""scale\"": true, \""datepart_method\"": null, \""regression_type\"": null, \""regression_model\"": {\""model\"": \""ElasticNet\"", \""model_params\"": {\""l1_ratio\"": 0.5, \""fit_intercept\"": true, \""selection\"": \""cyclic\"", \""max_iter\"": 2000}}}"", ""TransformationParameters"": ""{\""fillna\"": \""akima\"", \""transformations\"": {\""0\"": \""DatepartRegression\"", \""1\"": \""Scaler\"", \""2\"": \""Scaler\""}, \""transformation_params\"": {\""0\"": {\""regression_model\"": {\""model\"": \""ElasticNet\"", \""model_params\"": {\""l1_ratio\"": 0.5, \""fit_intercept\"": true, \""selection\"": \""cyclic\"", \""max_iter\"": 1000}}, \""datepart_method\"": \""recurring\"", \""polynomial_degree\"": null, \""transform_dict\"": null, \""holiday_countries_used\"": false, \""lags\"": null, \""forward_lags\"": null}, \""1\"": {}, \""2\"": {}}}""}, ""4597814533265222b338e51fe9353b43"": {""Model"": ""DatepartRegression"", ""ModelParameters"": ""{\""regression_model\"": {\""model\"": \""ElasticNet\"", \""model_params\"": {\""l1_ratio\"": 0.1, \""fit_intercept\"": true, \""selection\"": \""cyclic\"", \""max_iter\"": 1000}}, \""datepart_method\"": \""anchored_warped_fourier:us_school\"", \""polynomial_degree\"": null, \""holiday_countries_used\"": true, \""lags\"": null, \""forward_lags\"": null, \""regression_type\"": null}"", ""TransformationParameters"": ""{\""fillna\"": \""linear\"", \""transformations\"": {}, \""transformation_params\"": {}}""}, ""4483a91438b744994df7703319d24419"": {""Model"": ""ARIMA"", ""ModelParameters"": ""{\""p\"": 4, \""d\"": 1, \""q\"": 4, \""regression_type\"": null}"", ""TransformationParameters"": ""{\""fillna\"": \""zero\"", \""transformations\"": {\""0\"": null}, \""transformation_params\"": {\""0\"": {}}}""}}, ""model_weights"": {}, ""point_method"": ""mean""}","{""fillna"": ""median"", ""transformations"": {""0"": ""DiffSmoother"", ""1"": ""AlignLastValue"", ""2"": ""HistoricValues""}, ""transformation_params"": {""0"": {""method"": ""med_diff"", ""method_params"": {""distribution"": ""norm"", ""alpha"": 0.05}, ""transform_dict"": null, ""reverse_alignment"": false, ""isolated_only"": false, ""fillna"": ""linear""}, ""1"": {""rows"": 1, ""lag"": 1, ""method"": ""additive"", ""strength"": 1.0, ""first_value_only"": false, ""threshold"": null, ""threshold_method"": ""mean""}, ""2"": {""window"": 10}}}",1,1,23.10861385913241,1.670520967245102,1.8563918412587503,0.5122439680458382,1.670520967245102,0.0,-0.0704507827758789,0.9312521052356286,200.39206528663635,1.6705012094892118,1.4253397710141582,0.0,0.5,4.381279706954956,0.025,2.1830217550970743,1.4509416888741886,7.576116647897894,5.810779308258568,0.0007275490569878588,200.32161450386047,73.97035588685189,34.68483201971746,0.25248669349336605,23.10861385913241,1.670520967245102,1.8563918412587503,0.5122439680458382,1.670520967245102,0.0,0.9312521052356286,1.6705012094892118,1.4253397710141582,4.381279706954956,0.025,2.1830217550970743,1.4509416888741886,7.576116647897894,5.810779308258568,0.0007275490569878588,200.32161450386047,73.97035588685189,34.68483201971746,0.25248669349336605,0.0,0.5,2.178,35.20331277761556,23.540776426526314,Wh,23.540776426526314,Wh
40,e7249d475da79d3ff7e5caff8ab395f2,Ensemble,"{""model_name"": ""BestN"", ""model_count"": 5, ""model_metric"": ""mixed_metric"", ""models"": {""0a98a875055da5bcd734698018011f5e"": {""Model"": ""RollingRegression"", ""ModelParameters"": ""{\""regression_model\"": {\""model\"": \""BayesianRidge\"", \""model_params\"": {}}, \""holiday\"": false, \""mean_rolling_periods\"": 7, \""macd_periods\"": 63, \""std_rolling_periods\"": null, \""max_rolling_periods\"": null, \""min_rolling_periods\"": 2, \""ewm_var_alpha\"": null, \""quantile90_rolling_periods\"": null, \""quantile10_rolling_periods\"": null, \""ewm_alpha\"": null, \""additional_lag_periods\"": 3, \""abs_energy\"": false, \""rolling_autocorr_periods\"": null, \""nonzero_last_n\"": null, \""add_date_part\"": \""simple_2\"", \""polynomial_degree\"": null, \""x_transform\"": null, \""regression_type\"": null}"", ""TransformationParameters"": ""{\""fillna\"": \""KNNImputer\"", \""transformations\"": {\""0\"": \""DatepartRegression\"", \""1\"": \""Detrend\"", \""2\"": \""DifferencedTransformer\"", \""3\"": \""MinMaxScaler\""}, \""transformation_params\"": {\""0\"": {\""regression_model\"": {\""model\"": \""ElasticNet\"", \""model_params\"": {\""l1_ratio\"": 0.1, \""fit_intercept\"": true, \""selection\"": \""cyclic\"", \""max_iter\"": 1000}}, \""datepart_method\"": \""recurring\"", \""polynomial_degree\"": null, \""transform_dict\"": {\""fillna\"": null, \""transformations\"": {\""0\"": \""ClipOutliers\""}, \""transformation_params\"": {\""0\"": {\""method\"": \""clip\"", \""std_threshold\"": 4}}}, \""holiday_countries_used\"": true, \""lags\"": null, \""forward_lags\"": null}, \""1\"": {\""model\"": \""GLS\"", \""phi\"": 1, \""window\"": 10, \""transform_dict\"": {\""fillna\"": null, \""transformations\"": {\""0\"": \""Discretize\""}, \""transformation_params\"": {\""0\"": {\""discretization\"": \""center\"", \""n_bins\"": 20}}}}, \""2\"": {\""lag\"": 1, \""fill\"": \""bfill\""}, \""3\"": {}}}""}, ""927f8c402d93eba11011ff9ae8879530"": {""Model"": ""WindowRegression"", ""ModelParameters"": ""{\""window_size\"": 24, \""input_dim\"": \""univariate\"", \""output_dim\"": \""1step\"", \""normalize_window\"": false, \""max_windows\"": 5000000, \""fourier_encoding_components\"": null, \""scale\"": true, \""datepart_method\"": null, \""regression_type\"": null, \""regression_model\"": {\""model\"": \""ElasticNet\"", \""model_params\"": {\""l1_ratio\"": 0.5, \""fit_intercept\"": true, \""selection\"": \""cyclic\"", \""max_iter\"": 2000}}}"", ""TransformationParameters"": ""{\""fillna\"": \""akima\"", \""transformations\"": {\""0\"": \""DatepartRegression\"", \""1\"": \""Scaler\"", \""2\"": \""Scaler\""}, \""transformation_params\"": {\""0\"": {\""regression_model\"": {\""model\"": \""ElasticNet\"", \""model_params\"": {\""l1_ratio\"": 0.5, \""fit_intercept\"": true, \""selection\"": \""cyclic\"", \""max_iter\"": 1000}}, \""datepart_method\"": \""recurring\"", \""polynomial_degree\"": null, \""transform_dict\"": null, \""holiday_countries_used\"": false, \""lags\"": null, \""forward_lags\"": null}, \""1\"": {}, \""2\"": {}}}""}, ""b64de7c386a7fef4fbd9b08033fa98b2"": {""Model"": ""WindowRegression"", ""ModelParameters"": ""{\""window_size\"": 10, \""input_dim\"": \""univariate\"", \""output_dim\"": \""1step\"", \""normalize_window\"": false, \""max_windows\"": 5000000, \""fourier_encoding_components\"": null, \""scale\"": true, \""datepart_method\"": null, \""regression_type\"": null, \""regression_model\"": {\""model\"": \""SVM\"", \""model_params\"": {\""C\"": 0.1, \""tol\"": 0.001, \""epsilon\"": 0.0, \""loss\"": \""squared_epsilon_insensitive\"", \""max_iter\"": 50}}}"", ""TransformationParameters"": ""{\""fillna\"": \""ffill\"", \""transformations\"": {\""0\"": \""DatepartRegression\"", \""1\"": \""DatepartRegression\"", \""2\"": \""DatepartRegression\"", \""3\"": \""DatepartRegression\""}, \""transformation_params\"": {\""0\"": {\""regression_model\"": {\""model\"": \""ElasticNet\"", \""model_params\"": {\""l1_ratio\"": 0.9, \""fit_intercept\"": true, \""selection\"": \""cyclic\"", \""max_iter\"": 1000}}, \""datepart_method\"": \""common_fourier\"", \""polynomial_degree\"": null, \""transform_dict\"": null, \""holiday_countries_used\"": true, \""lags\"": null, \""forward_lags\"": null}, \""1\"": {\""regression_model\"": {\""model\"": \""DecisionTree\"", \""model_params\"": {\""max_depth\"": null, \""min_samples_split\"": 2}}, \""datepart_method\"": \""simple_binarized\"", \""polynomial_degree\"": null, \""transform_dict\"": {\""fillna\"": null, \""transformations\"": {\""0\"": \""ScipyFilter\""}, \""transformation_params\"": {\""0\"": {\""method\"": \""savgol_filter\"", \""method_args\"": {\""window_length\"": 31, \""polyorder\"": 3, \""deriv\"": 0, \""mode\"": \""interp\""}}}}, \""holiday_countries_used\"": false, \""lags\"": null, \""forward_lags\"": null}, \""2\"": {\""regression_model\"": {\""model\"": \""ElasticNet\"", \""model_params\"": {\""l1_ratio\"": 0.5, \""fit_intercept\"": true, \""selection\"": \""cyclic\"", \""max_iter\"": 1000}}, \""datepart_method\"": [\""dayofweek\"", [365.25, 14], [354.37, 10]], \""polynomial_degree\"": null, \""transform_dict\"": null, \""holiday_countries_used\"": true, \""lags\"": null, \""forward_lags\"": 1}, \""3\"": {\""regression_model\"": {\""model\"": \""ElasticNet\"", \""model_params\"": {\""l1_ratio\"": 0.5, \""fit_intercept\"": true, \""selection\"": \""random\"", \""max_iter\"": 1000}}, \""datepart_method\"": \""simple_binarized\"", \""polynomial_degree\"": null, \""transform_dict\"": {\""fillna\"": null, \""transformations\"": {\""0\"": \""ClipOutliers\""}, \""transformation_params\"": {\""0\"": {\""method\"": \""clip\"", \""std_threshold\"": 4}}}, \""holiday_countries_used\"": false, \""lags\"": null, \""forward_lags\"": null}}}""}, ""4597814533265222b338e51fe9353b43"": {""Model"": ""DatepartRegression"", ""ModelParameters"": ""{\""regression_model\"": {\""model\"": \""ElasticNet\"", \""model_params\"": {\""l1_ratio\"": 0.1, \""fit_intercept\"": true, \""selection\"": \""cyclic\"", \""max_iter\"": 1000}}, \""datepart_method\"": \""anchored_warped_fourier:us_school\"", \""polynomial_degree\"": null, \""holiday_countries_used\"": true, \""lags\"": null, \""forward_lags\"": null, \""regression_type\"": null}"", ""TransformationParameters"": ""{\""fillna\"": \""linear\"", \""transformations\"": {}, \""transformation_params\"": {}}""}, ""b8ca7c68f17113471e9165689e1f0c16"": {""Model"": ""WindowRegression"", ""ModelParameters"": ""{\""window_size\"": 16, \""input_dim\"": \""univariate\"", \""output_dim\"": \""1step\"", \""normalize_window\"": false, \""max_windows\"": 5000, \""fourier_encoding_components\"": null, \""scale\"": true, \""datepart_method\"": null, \""regression_type\"": null, \""regression_model\"": {\""model\"": \""KNN\"", \""model_params\"": {\""n_neighbors\"": 5, \""weights\"": \""uniform\"", \""p\"": 2, \""leaf_size\"": 30}}}"", ""TransformationParameters"": ""{\""fillna\"": \""ffill_mean_biased\"", \""transformations\"": {\""0\"": \""Scaler\"", \""1\"": \""DifferencedTransformer\"", \""2\"": \""Scaler\"", \""3\"": \""Detrend\"", \""4\"": \""MinMaxScaler\""}, \""transformation_params\"": {\""0\"": {}, \""1\"": {\""lag\"": 1, \""fill\"": \""bfill\""}, \""2\"": {}, \""3\"": {\""model\"": \""Linear\"", \""phi\"": 1, \""window\"": 900, \""transform_dict\"": null}, \""4\"": {}}}""}}, ""point_method"": ""median"", ""model_weights"": {}}","{""fillna"": ""median"", ""transformations"": {""0"": ""DiffSmoother"", ""1"": ""AlignLastValue"", ""2"": ""HistoricValues""}, ""transformation_params"": {""0"": {""method"": ""med_diff"", ""method_params"": {""distribution"": ""norm"", ""alpha"": 0.05}, ""transform_dict"": null, ""reverse_alignment"": false, ""isolated_only"": false, ""fillna"": ""linear""}, ""1"": {""rows"": 1, ""lag"": 1, ""method"": ""additive"", ""strength"": 1.0, ""first_value_only"": false, ""threshold"": null, ""threshold_method"": ""mean""}, ""2"": {""window"": 10}}}",1,1,23.10861385913241,1.670520967245102,1.8563918412587503,0.5122439680458382,1.670520967245102,0.0,-0.0704507827758789,0.9312521052356286,200.39206528663635,1.6705012094892118,1.4253397710141582,0.0,0.5,4.381279706954956,0.025,2.1830217550970743,1.4509416888741886,7.576116647897894,5.810779308258568,0.0007275490569878588,200.32161450386047,73.97035588685189,34.68483201971746,0.25248669349336605,23.10861385913241,1.670520967245102,1.8563918412587503,0.5122439680458382,1.670520967245102,0.0,0.9312521052356286,1.6705012094892118,1.4253397710141582,4.381279706954956,0.025,2.1830217550970743,1.4509416888741886,7.576116647897894,5.810779308258568,0.0007275490569878588,200.32161450386047,73.97035588685189,34.68483201971746,0.25248669349336605,0.0,0.5,5.3314,35.20331277761556,23.540776426526314,Wh,23.540776426526314,Wh
41,65f3fdff0f317e2aae7a3e0bc974cf13,Ensemble,"{""model_name"": ""BestN"", ""model_count"": 3, ""model_metric"": ""best_score"", ""models"": {""927f8c402d93eba11011ff9ae8879530"": {""Model"": ""WindowRegression"", ""ModelParameters"": ""{\""window_size\"": 24, \""input_dim\"": \""univariate\"", \""output_dim\"": \""1step\"", \""normalize_window\"": false, \""max_windows\"": 5000000, \""fourier_encoding_components\"": null, \""scale\"": true, \""datepart_method\"": null, \""regression_type\"": null, \""regression_model\"": {\""model\"": \""ElasticNet\"", \""model_params\"": {\""l1_ratio\"": 0.5, \""fit_intercept\"": true, \""selection\"": \""cyclic\"", \""max_iter\"": 2000}}}"", ""TransformationParameters"": ""{\""fillna\"": \""akima\"", \""transformations\"": {\""0\"": \""DatepartRegression\"", \""1\"": \""Scaler\"", \""2\"": \""Scaler\""}, \""transformation_params\"": {\""0\"": {\""regression_model\"": {\""model\"": \""ElasticNet\"", \""model_params\"": {\""l1_ratio\"": 0.5, \""fit_intercept\"": true, \""selection\"": \""cyclic\"", \""max_iter\"": 1000}}, \""datepart_method\"": \""recurring\"", \""polynomial_degree\"": null, \""transform_dict\"": null, \""holiday_countries_used\"": false, \""lags\"": null, \""forward_lags\"": null}, \""1\"": {}, \""2\"": {}}}""}, ""4597814533265222b338e51fe9353b43"": {""Model"": ""DatepartRegression"", ""ModelParameters"": ""{\""regression_model\"": {\""model\"": \""ElasticNet\"", \""model_params\"": {\""l1_ratio\"": 0.1, \""fit_intercept\"": true, \""selection\"": \""cyclic\"", \""max_iter\"": 1000}}, \""datepart_method\"": \""anchored_warped_fourier:us_school\"", \""polynomial_degree\"": null, \""holiday_countries_used\"": true, \""lags\"": null, \""forward_lags\"": null, \""regression_type\"": null}"", ""TransformationParameters"": ""{\""fillna\"": \""linear\"", \""transformations\"": {}, \""transformation_params\"": {}}""}, ""4483a91438b744994df7703319d24419"": {""Model"": ""ARIMA"", ""ModelParameters"": ""{\""p\"": 4, \""d\"": 1, \""q\"": 4, \""regression_type\"": null}"", ""TransformationParameters"": ""{\""fillna\"": \""zero\"", \""transformations\"": {\""0\"": null}, \""transformation_params\"": {\""0\"": {}}}""}}, ""model_weights"": {}, ""point_method"": ""mean""}","{""fillna"": ""median"", ""transformations"": {""0"": ""DiffSmoother"", ""1"": ""AlignLastValue"", ""2"": ""HistoricValues""}, ""transformation_params"": {""0"": {""method"": ""med_diff"", ""method_params"": {""distribution"": ""norm"", ""alpha"": 0.05}, ""transform_dict"": null, ""reverse_alignment"": false, ""isolated_only"": false, ""fillna"": ""linear""}, ""1"": {""rows"": 1, ""lag"": 1, ""method"": ""additive"", ""strength"": 1.0, ""first_value_only"": false, ""threshold"": null, ""threshold_method"": ""mean""}, ""2"": {""window"": 10}}}",1,1,23.10861385913241,1.670520967245102,1.8563918412587503,0.5122439680458382,1.670520967245102,0.0,-0.0704507827758789,0.9312521052356286,200.39206528663635,1.6705012094892118,1.4253397710141582,0.0,0.5,4.381279706954956,0.025,2.1830217550970743,1.4509416888741886,7.576116647897894,5.810779308258568,0.0007275490569878588,200.32161450386047,73.97035588685189,34.68483201971746,0.25248669349336605,23.10861385913241,1.670520967245102,1.8563918412587503,0.5122439680458382,1.670520967245102,0.0,0.9312521052356286,1.6705012094892118,1.4253397710141582,4.381279706954956,0.025,2.1830217550970743,1.4509416888741886,7.576116647897894,5.810779308258568,0.0007275490569878588,200.32161450386047,73.97035588685189,34.68483201971746,0.25248669349336605,0.0,0.5,2.1366,35.20331277761556,23.540776426526314,Wh,23.540776426526314,Wh
42,f634fba8bbc345c2af7e7bfecd87ced4,Ensemble,"{""model_name"": ""BestN"", ""model_count"": 5, ""model_metric"": ""mixed_metric"", ""models"": {""0a98a875055da5bcd734698018011f5e"": {""Model"": ""RollingRegression"", ""ModelParameters"": ""{\""regression_model\"": {\""model\"": \""BayesianRidge\"", \""model_params\"": {}}, \""holiday\"": false, \""mean_rolling_periods\"": 7, \""macd_periods\"": 63, \""std_rolling_periods\"": null, \""max_rolling_periods\"": null, \""min_rolling_periods\"": 2, \""ewm_var_alpha\"": null, \""quantile90_rolling_periods\"": null, \""quantile10_rolling_periods\"": null, \""ewm_alpha\"": null, \""additional_lag_periods\"": 3, \""abs_energy\"": false, \""rolling_autocorr_periods\"": null, \""nonzero_last_n\"": null, \""add_date_part\"": \""simple_2\"", \""polynomial_degree\"": null, \""x_transform\"": null, \""regression_type\"": null}"", ""TransformationParameters"": ""{\""fillna\"": \""KNNImputer\"", \""transformations\"": {\""0\"": \""DatepartRegression\"", \""1\"": \""Detrend\"", \""2\"": \""DifferencedTransformer\"", \""3\"": \""MinMaxScaler\""}, \""transformation_params\"": {\""0\"": {\""regression_model\"": {\""model\"": \""ElasticNet\"", \""model_params\"": {\""l1_ratio\"": 0.1, \""fit_intercept\"": true, \""selection\"": \""cyclic\"", \""max_iter\"": 1000}}, \""datepart_method\"": \""recurring\"", \""polynomial_degree\"": null, \""transform_dict\"": {\""fillna\"": null, \""transformations\"": {\""0\"": \""ClipOutliers\""}, \""transformation_params\"": {\""0\"": {\""method\"": \""clip\"", \""std_threshold\"": 4}}}, \""holiday_countries_used\"": true, \""lags\"": null, \""forward_lags\"": null}, \""1\"": {\""model\"": \""GLS\"", \""phi\"": 1, \""window\"": 10, \""transform_dict\"": {\""fillna\"": null, \""transformations\"": {\""0\"": \""Discretize\""}, \""transformation_params\"": {\""0\"": {\""discretization\"": \""center\"", \""n_bins\"": 20}}}}, \""2\"": {\""lag\"": 1, \""fill\"": \""bfill\""}, \""3\"": {}}}""}, ""927f8c402d93eba11011ff9ae8879530"": {""Model"": ""WindowRegression"", ""ModelParameters"": ""{\""window_size\"": 24, \""input_dim\"": \""univariate\"", \""output_dim\"": \""1step\"", \""normalize_window\"": false, \""max_windows\"": 5000000, \""fourier_encoding_components\"": null, \""scale\"": true, \""datepart_method\"": null, \""regression_type\"": null, \""regression_model\"": {\""model\"": \""ElasticNet\"", \""model_params\"": {\""l1_ratio\"": 0.5, \""fit_intercept\"": true, \""selection\"": \""cyclic\"", \""max_iter\"": 2000}}}"", ""TransformationParameters"": ""{\""fillna\"": \""akima\"", \""transformations\"": {\""0\"": \""DatepartRegression\"", \""1\"": \""Scaler\"", \""2\"": \""Scaler\""}, \""transformation_params\"": {\""0\"": {\""regression_model\"": {\""model\"": \""ElasticNet\"", \""model_params\"": {\""l1_ratio\"": 0.5, \""fit_intercept\"": true, \""selection\"": \""cyclic\"", \""max_iter\"": 1000}}, \""datepart_method\"": \""recurring\"", \""polynomial_degree\"": null, \""transform_dict\"": null, \""holiday_countries_used\"": false, \""lags\"": null, \""forward_lags\"": null}, \""1\"": {}, \""2\"": {}}}""}, ""b64de7c386a7fef4fbd9b08033fa98b2"": {""Model"": ""WindowRegression"", ""ModelParameters"": ""{\""window_size\"": 10, \""input_dim\"": \""univariate\"", \""output_dim\"": \""1step\"", \""normalize_window\"": false, \""max_windows\"": 5000000, \""fourier_encoding_components\"": null, \""scale\"": true, \""datepart_method\"": null, \""regression_type\"": null, \""regression_model\"": {\""model\"": \""SVM\"", \""model_params\"": {\""C\"": 0.1, \""tol\"": 0.001, \""epsilon\"": 0.0, \""loss\"": \""squared_epsilon_insensitive\"", \""max_iter\"": 50}}}"", ""TransformationParameters"": ""{\""fillna\"": \""ffill\"", \""transformations\"": {\""0\"": \""DatepartRegression\"", \""1\"": \""DatepartRegression\"", \""2\"": \""DatepartRegression\"", \""3\"": \""DatepartRegression\""}, \""transformation_params\"": {\""0\"": {\""regression_model\"": {\""model\"": \""ElasticNet\"", \""model_params\"": {\""l1_ratio\"": 0.9, \""fit_intercept\"": true, \""selection\"": \""cyclic\"", \""max_iter\"": 1000}}, \""datepart_method\"": \""common_fourier\"", \""polynomial_degree\"": null, \""transform_dict\"": null, \""holiday_countries_used\"": true, \""lags\"": null, \""forward_lags\"": null}, \""1\"": {\""regression_model\"": {\""model\"": \""DecisionTree\"", \""model_params\"": {\""max_depth\"": null, \""min_samples_split\"": 2}}, \""datepart_method\"": \""simple_binarized\"", \""polynomial_degree\"": null, \""transform_dict\"": {\""fillna\"": null, \""transformations\"": {\""0\"": \""ScipyFilter\""}, \""transformation_params\"": {\""0\"": {\""method\"": \""savgol_filter\"", \""method_args\"": {\""window_length\"": 31, \""polyorder\"": 3, \""deriv\"": 0, \""mode\"": \""interp\""}}}}, \""holiday_countries_used\"": false, \""lags\"": null, \""forward_lags\"": null}, \""2\"": {\""regression_model\"": {\""model\"": \""ElasticNet\"", \""model_params\"": {\""l1_ratio\"": 0.5, \""fit_intercept\"": true, \""selection\"": \""cyclic\"", \""max_iter\"": 1000}}, \""datepart_method\"": [\""dayofweek\"", [365.25, 14], [354.37, 10]], \""polynomial_degree\"": null, \""transform_dict\"": null, \""holiday_countries_used\"": true, \""lags\"": null, \""forward_lags\"": 1}, \""3\"": {\""regression_model\"": {\""model\"": \""ElasticNet\"", \""model_params\"": {\""l1_ratio\"": 0.5, \""fit_intercept\"": true, \""selection\"": \""random\"", \""max_iter\"": 1000}}, \""datepart_method\"": \""simple_binarized\"", \""polynomial_degree\"": null, \""transform_dict\"": {\""fillna\"": null, \""transformations\"": {\""0\"": \""ClipOutliers\""}, \""transformation_params\"": {\""0\"": {\""method\"": \""clip\"", \""std_threshold\"": 4}}}, \""holiday_countries_used\"": false, \""lags\"": null, \""forward_lags\"": null}}}""}, ""4597814533265222b338e51fe9353b43"": {""Model"": ""DatepartRegression"", ""ModelParameters"": ""{\""regression_model\"": {\""model\"": \""ElasticNet\"", \""model_params\"": {\""l1_ratio\"": 0.1, \""fit_intercept\"": true, \""selection\"": \""cyclic\"", \""max_iter\"": 1000}}, \""datepart_method\"": \""anchored_warped_fourier:us_school\"", \""polynomial_degree\"": null, \""holiday_countries_used\"": true, \""lags\"": null, \""forward_lags\"": null, \""regression_type\"": null}"", ""TransformationParameters"": ""{\""fillna\"": \""linear\"", \""transformations\"": {}, \""transformation_params\"": {}}""}, ""b8ca7c68f17113471e9165689e1f0c16"": {""Model"": ""WindowRegression"", ""ModelParameters"": ""{\""window_size\"": 16, \""input_dim\"": \""univariate\"", \""output_dim\"": \""1step\"", \""normalize_window\"": false, \""max_windows\"": 5000, \""fourier_encoding_components\"": null, \""scale\"": true, \""datepart_method\"": null, \""regression_type\"": null, \""regression_model\"": {\""model\"": \""KNN\"", \""model_params\"": {\""n_neighbors\"": 5, \""weights\"": \""uniform\"", \""p\"": 2, \""leaf_size\"": 30}}}"", ""TransformationParameters"": ""{\""fillna\"": \""ffill_mean_biased\"", \""transformations\"": {\""0\"": \""Scaler\"", \""1\"": \""DifferencedTransformer\"", \""2\"": \""Scaler\"", \""3\"": \""Detrend\"", \""4\"": \""MinMaxScaler\""}, \""transformation_params\"": {\""0\"": {}, \""1\"": {\""lag\"": 1, \""fill\"": \""bfill\""}, \""2\"": {}, \""3\"": {\""model\"": \""Linear\"", \""phi\"": 1, \""window\"": 900, \""transform_dict\"": null}, \""4\"": {}}}""}}, ""point_method"": ""kalman"", ""model_weights"": {}}","{""fillna"": ""median"", ""transformations"": {""0"": ""DiffSmoother"", ""1"": ""AlignLastValue"", ""2"": ""HistoricValues""}, ""transformation_params"": {""0"": {""method"": ""med_diff"", ""method_params"": {""distribution"": ""norm"", ""alpha"": 0.05}, ""transform_dict"": null, ""reverse_alignment"": false, ""isolated_only"": false, ""fillna"": ""linear""}, ""1"": {""rows"": 1, ""lag"": 1, ""method"": ""additive"", ""strength"": 1.0, ""first_value_only"": false, ""threshold"": null, ""threshold_method"": ""mean""}, ""2"": {""window"": 10}}}",1,1,23.10861385913241,1.670520967245102,1.8563918412587503,0.5122439680458382,1.670520967245102,0.0,-0.0704507827758789,0.9312521052356286,200.39206528663635,1.6705012094892118,1.4253397710141582,0.0,0.5,4.381279706954956,0.025,2.1830217550970743,1.4509416888741886,7.576116647897894,5.810779308258568,0.0007275490569878588,200.32161450386047,73.97035588685189,34.68483201971746,0.25248669349336605,23.10861385913241,1.670520967245102,1.8563918412587503,0.5122439680458382,1.670520967245102,0.0,0.9312521052356286,1.6705012094892118,1.4253397710141582,4.381279706954956,0.025,2.1830217550970743,1.4509416888741886,7.576116647897894,5.810779308258568,0.0007275490569878588,200.32161450386047,73.97035588685189,34.68483201971746,0.25248669349336605,0.0,0.5,5.4191,35.20331277761556,23.540776426526314,Wh,23.540776426526314,Wh
43,74e4f986675318365afe8d5fa0c1b224,Ensemble,"{""model_name"": ""BestN"", ""model_count"": 3, ""model_metric"": ""horizontal"", ""models"": {""4597814533265222b338e51fe9353b43"": {""Model"": ""DatepartRegression"", ""ModelParameters"": ""{\""regression_model\"": {\""model\"": \""ElasticNet\"", \""model_params\"": {\""l1_ratio\"": 0.1, \""fit_intercept\"": true, \""selection\"": \""cyclic\"", \""max_iter\"": 1000}}, \""datepart_method\"": \""anchored_warped_fourier:us_school\"", \""polynomial_degree\"": null, \""holiday_countries_used\"": true, \""lags\"": null, \""forward_lags\"": null, \""regression_type\"": null}"", ""TransformationParameters"": ""{\""fillna\"": \""linear\"", \""transformations\"": {}, \""transformation_params\"": {}}""}, ""927f8c402d93eba11011ff9ae8879530"": {""Model"": ""WindowRegression"", ""ModelParameters"": ""{\""window_size\"": 24, \""input_dim\"": \""univariate\"", \""output_dim\"": \""1step\"", \""normalize_window\"": false, \""max_windows\"": 5000000, \""fourier_encoding_components\"": null, \""scale\"": true, \""datepart_method\"": null, \""regression_type\"": null, \""regression_model\"": {\""model\"": \""ElasticNet\"", \""model_params\"": {\""l1_ratio\"": 0.5, \""fit_intercept\"": true, \""selection\"": \""cyclic\"", \""max_iter\"": 2000}}}"", ""TransformationParameters"": ""{\""fillna\"": \""akima\"", \""transformations\"": {\""0\"": \""DatepartRegression\"", \""1\"": \""Scaler\"", \""2\"": \""Scaler\""}, \""transformation_params\"": {\""0\"": {\""regression_model\"": {\""model\"": \""ElasticNet\"", \""model_params\"": {\""l1_ratio\"": 0.5, \""fit_intercept\"": true, \""selection\"": \""cyclic\"", \""max_iter\"": 1000}}, \""datepart_method\"": \""recurring\"", \""polynomial_degree\"": null, \""transform_dict\"": null, \""holiday_countries_used\"": false, \""lags\"": null, \""forward_lags\"": null}, \""1\"": {}, \""2\"": {}}}""}, ""4483a91438b744994df7703319d24419"": {""Model"": ""ARIMA"", ""ModelParameters"": ""{\""p\"": 4, \""d\"": 1, \""q\"": 4, \""regression_type\"": null}"", ""TransformationParameters"": ""{\""fillna\"": \""zero\"", \""transformations\"": {\""0\"": null}, \""transformation_params\"": {\""0\"": {}}}""}}, ""model_weights"": {}, ""point_method"": ""mean""}","{""fillna"": ""median"", ""transformations"": {""0"": ""DiffSmoother"", ""1"": ""AlignLastValue"", ""2"": ""HistoricValues""}, ""transformation_params"": {""0"": {""method"": ""med_diff"", ""method_params"": {""distribution"": ""norm"", ""alpha"": 0.05}, ""transform_dict"": null, ""reverse_alignment"": false, ""isolated_only"": false, ""fillna"": ""linear""}, ""1"": {""rows"": 1, ""lag"": 1, ""method"": ""additive"", ""strength"": 1.0, ""first_value_only"": false, ""threshold"": null, ""threshold_method"": ""mean""}, ""2"": {""window"": 10}}}",1,1,23.10861385913241,1.670520967245102,1.8563918412587503,0.5122439680458382,1.670520967245102,0.0,-0.0704507827758789,0.9312521052356286,200.39206528663635,1.6705012094892118,1.4253397710141582,0.0,0.5,4.381279706954956,0.025,2.1830217550970743,1.4509416888741886,7.576116647897894,5.810779308258568,0.0007275490569878588,200.32161450386047,73.97035588685189,34.68483201971746,0.25248669349336605,23.10861385913241,1.670520967245102,1.8563918412587503,0.5122439680458382,1.670520967245102,0.0,0.9312521052356286,1.6705012094892118,1.4253397710141582,4.381279706954956,0.025,2.1830217550970743,1.4509416888741886,7.576116647897894,5.810779308258568,0.0007275490569878588,200.32161450386047,73.97035588685189,34.68483201971746,0.25248669349336605,0.0,0.5,2.0421,35.20331277761556,23.540776426526314,Wh,23.540776426526314,Wh
44,09ba9428f4a8a963d1a4100d0a4ea444,Ensemble,"{""model_name"": ""BestN"", ""model_count"": 3, ""model_metric"": ""bestn_horizontal"", ""models"": {""927f8c402d93eba11011ff9ae8879530"": {""Model"": ""WindowRegression"", ""ModelParameters"": ""{\""window_size\"": 24, \""input_dim\"": \""univariate\"", \""output_dim\"": \""1step\"", \""normalize_window\"": false, \""max_windows\"": 5000000, \""fourier_encoding_components\"": null, \""scale\"": true, \""datepart_method\"": null, \""regression_type\"": null, \""regression_model\"": {\""model\"": \""ElasticNet\"", \""model_params\"": {\""l1_ratio\"": 0.5, \""fit_intercept\"": true, \""selection\"": \""cyclic\"", \""max_iter\"": 2000}}}"", ""TransformationParameters"": ""{\""fillna\"": \""akima\"", \""transformations\"": {\""0\"": \""DatepartRegression\"", \""1\"": \""Scaler\"", \""2\"": \""Scaler\""}, \""transformation_params\"": {\""0\"": {\""regression_model\"": {\""model\"": \""ElasticNet\"", \""model_params\"": {\""l1_ratio\"": 0.5, \""fit_intercept\"": true, \""selection\"": \""cyclic\"", \""max_iter\"": 1000}}, \""datepart_method\"": \""recurring\"", \""polynomial_degree\"": null, \""transform_dict\"": null, \""holiday_countries_used\"": false, \""lags\"": null, \""forward_lags\"": null}, \""1\"": {}, \""2\"": {}}}""}, ""4597814533265222b338e51fe9353b43"": {""Model"": ""DatepartRegression"", ""ModelParameters"": ""{\""regression_model\"": {\""model\"": \""ElasticNet\"", \""model_params\"": {\""l1_ratio\"": 0.1, \""fit_intercept\"": true, \""selection\"": \""cyclic\"", \""max_iter\"": 1000}}, \""datepart_method\"": \""anchored_warped_fourier:us_school\"", \""polynomial_degree\"": null, \""holiday_countries_used\"": true, \""lags\"": null, \""forward_lags\"": null, \""regression_type\"": null}"", ""TransformationParameters"": ""{\""fillna\"": \""linear\"", \""transformations\"": {}, \""transformation_params\"": {}}""}, ""4483a91438b744994df7703319d24419"": {""Model"": ""ARIMA"", ""ModelParameters"": ""{\""p\"": 4, \""d\"": 1, \""q\"": 4, \""regression_type\"": null}"", ""TransformationParameters"": ""{\""fillna\"": \""zero\"", \""transformations\"": {\""0\"": null}, \""transformation_params\"": {\""0\"": {}}}""}}, ""model_weights"": {""927f8c402d93eba11011ff9ae8879530"": 4.0, ""4597814533265222b338e51fe9353b43"": 3.0, ""4483a91438b744994df7703319d24419"": 2.0}, ""point_method"": ""mean""}","{""fillna"": ""median"", ""transformations"": {""0"": ""DiffSmoother"", ""1"": ""AlignLastValue"", ""2"": ""HistoricValues""}, ""transformation_params"": {""0"": {""method"": ""med_diff"", ""method_params"": {""distribution"": ""norm"", ""alpha"": 0.05}, ""transform_dict"": null, ""reverse_alignment"": false, ""isolated_only"": false, ""fillna"": ""linear""}, ""1"": {""rows"": 1, ""lag"": 1, ""method"": ""additive"", ""strength"": 1.0, ""first_value_only"": false, ""threshold"": null, ""threshold_method"": ""mean""}, ""2"": {""window"": 10}}}",1,1,23.10861385913241,1.670520967245102,1.8563918412587503,0.5122439680458382,1.670520967245102,0.0,-0.0704507827758789,0.9312521052356286,200.39206528663635,1.6705012094892118,1.4253397710141582,0.0,0.5,4.381279706954956,0.025,2.1830217550970743,1.4509416888741886,7.576116647897894,5.810779308258568,0.0007275490569878588,200.32161450386047,73.97035588685189,34.68483201971746,0.25248669349336605,23.10861385913241,1.670520967245102,1.8563918412587503,0.5122439680458382,1.670520967245102,0.0,0.9312521052356286,1.6705012094892118,1.4253397710141582,4.381279706954956,0.025,2.1830217550970743,1.4509416888741886,7.576116647897894,5.810779308258568,0.0007275490569878588,200.32161450386047,73.97035588685189,34.68483201971746,0.25248669349336605,0.0,0.5,2.0329,35.20331277761556,23.540776426526314,Wh,23.540776426526314,Wh
45,310e398c9398f7d97d393328d1aba4d4,Ensemble,"{""model_name"": ""BestN"", ""model_count"": 3, ""model_metric"": ""mixed_metric"", ""models"": {""0a98a875055da5bcd734698018011f5e"": {""Model"": ""RollingRegression"", ""ModelParameters"": ""{\""regression_model\"": {\""model\"": \""BayesianRidge\"", \""model_params\"": {}}, \""holiday\"": false, \""mean_rolling_periods\"": 7, \""macd_periods\"": 63, \""std_rolling_periods\"": null, \""max_rolling_periods\"": null, \""min_rolling_periods\"": 2, \""ewm_var_alpha\"": null, \""quantile90_rolling_periods\"": null, \""quantile10_rolling_periods\"": null, \""ewm_alpha\"": null, \""additional_lag_periods\"": 3, \""abs_energy\"": false, \""rolling_autocorr_periods\"": null, \""nonzero_last_n\"": null, \""add_date_part\"": \""simple_2\"", \""polynomial_degree\"": null, \""x_transform\"": null, \""regression_type\"": null}"", ""TransformationParameters"": ""{\""fillna\"": \""KNNImputer\"", \""transformations\"": {\""0\"": \""DatepartRegression\"", \""1\"": \""Detrend\"", \""2\"": \""DifferencedTransformer\"", \""3\"": \""MinMaxScaler\""}, \""transformation_params\"": {\""0\"": {\""regression_model\"": {\""model\"": \""ElasticNet\"", \""model_params\"": {\""l1_ratio\"": 0.1, \""fit_intercept\"": true, \""selection\"": \""cyclic\"", \""max_iter\"": 1000}}, \""datepart_method\"": \""recurring\"", \""polynomial_degree\"": null, \""transform_dict\"": {\""fillna\"": null, \""transformations\"": {\""0\"": \""ClipOutliers\""}, \""transformation_params\"": {\""0\"": {\""method\"": \""clip\"", \""std_threshold\"": 4}}}, \""holiday_countries_used\"": true, \""lags\"": null, \""forward_lags\"": null}, \""1\"": {\""model\"": \""GLS\"", \""phi\"": 1, \""window\"": 10, \""transform_dict\"": {\""fillna\"": null, \""transformations\"": {\""0\"": \""Discretize\""}, \""transformation_params\"": {\""0\"": {\""discretization\"": \""center\"", \""n_bins\"": 20}}}}, \""2\"": {\""lag\"": 1, \""fill\"": \""bfill\""}, \""3\"": {}}}""}, ""927f8c402d93eba11011ff9ae8879530"": {""Model"": ""WindowRegression"", ""ModelParameters"": ""{\""window_size\"": 24, \""input_dim\"": \""univariate\"", \""output_dim\"": \""1step\"", \""normalize_window\"": false, \""max_windows\"": 5000000, \""fourier_encoding_components\"": null, \""scale\"": true, \""datepart_method\"": null, \""regression_type\"": null, \""regression_model\"": {\""model\"": \""ElasticNet\"", \""model_params\"": {\""l1_ratio\"": 0.5, \""fit_intercept\"": true, \""selection\"": \""cyclic\"", \""max_iter\"": 2000}}}"", ""TransformationParameters"": ""{\""fillna\"": \""akima\"", \""transformations\"": {\""0\"": \""DatepartRegression\"", \""1\"": \""Scaler\"", \""2\"": \""Scaler\""}, \""transformation_params\"": {\""0\"": {\""regression_model\"": {\""model\"": \""ElasticNet\"", \""model_params\"": {\""l1_ratio\"": 0.5, \""fit_intercept\"": true, \""selection\"": \""cyclic\"", \""max_iter\"": 1000}}, \""datepart_method\"": \""recurring\"", \""polynomial_degree\"": null, \""transform_dict\"": null, \""holiday_countries_used\"": false, \""lags\"": null, \""forward_lags\"": null}, \""1\"": {}, \""2\"": {}}}""}, ""b64de7c386a7fef4fbd9b08033fa98b2"": {""Model"": ""WindowRegression"", ""ModelParameters"": ""{\""window_size\"": 10, \""input_dim\"": \""univariate\"", \""output_dim\"": \""1step\"", \""normalize_window\"": false, \""max_windows\"": 5000000, \""fourier_encoding_components\"": null, \""scale\"": true, \""datepart_method\"": null, \""regression_type\"": null, \""regression_model\"": {\""model\"": \""SVM\"", \""model_params\"": {\""C\"": 0.1, \""tol\"": 0.001, \""epsilon\"": 0.0, \""loss\"": \""squared_epsilon_insensitive\"", \""max_iter\"": 50}}}"", ""TransformationParameters"": ""{\""fillna\"": \""ffill\"", \""transformations\"": {\""0\"": \""DatepartRegression\"", \""1\"": \""DatepartRegression\"", \""2\"": \""DatepartRegression\"", \""3\"": \""DatepartRegression\""}, \""transformation_params\"": {\""0\"": {\""regression_model\"": {\""model\"": \""ElasticNet\"", \""model_params\"": {\""l1_ratio\"": 0.9, \""fit_intercept\"": true, \""selection\"": \""cyclic\"", \""max_iter\"": 1000}}, \""datepart_method\"": \""common_fourier\"", \""polynomial_degree\"": null, \""transform_dict\"": null, \""holiday_countries_used\"": true, \""lags\"": null, \""forward_lags\"": null}, \""1\"": {\""regression_model\"": {\""model\"": \""DecisionTree\"", \""model_params\"": {\""max_depth\"": null, \""min_samples_split\"": 2}}, \""datepart_method\"": \""simple_binarized\"", \""polynomial_degree\"": null, \""transform_dict\"": {\""fillna\"": null, \""transformations\"": {\""0\"": \""ScipyFilter\""}, \""transformation_params\"": {\""0\"": {\""method\"": \""savgol_filter\"", \""method_args\"": {\""window_length\"": 31, \""polyorder\"": 3, \""deriv\"": 0, \""mode\"": \""interp\""}}}}, \""holiday_countries_used\"": false, \""lags\"": null, \""forward_lags\"": null}, \""2\"": {\""regression_model\"": {\""model\"": \""ElasticNet\"", \""model_params\"": {\""l1_ratio\"": 0.5, \""fit_intercept\"": true, \""selection\"": \""cyclic\"", \""max_iter\"": 1000}}, \""datepart_method\"": [\""dayofweek\"", [365.25, 14], [354.37, 10]], \""polynomial_degree\"": null, \""transform_dict\"": null, \""holiday_countries_used\"": true, \""lags\"": null, \""forward_lags\"": 1}, \""3\"": {\""regression_model\"": {\""model\"": \""ElasticNet\"", \""model_params\"": {\""l1_ratio\"": 0.5, \""fit_intercept\"": true, \""selection\"": \""random\"", \""max_iter\"": 1000}}, \""datepart_method\"": \""simple_binarized\"", \""polynomial_degree\"": null, \""transform_dict\"": {\""fillna\"": null, \""transformations\"": {\""0\"": \""ClipOutliers\""}, \""transformation_params\"": {\""0\"": {\""method\"": \""clip\"", \""std_threshold\"": 4}}}, \""holiday_countries_used\"": false, \""lags\"": null, \""forward_lags\"": null}}}""}}, ""model_weights"": {}, ""point_method"": ""mean""}","{""fillna"": ""median"", ""transformations"": {""0"": ""DiffSmoother"", ""1"": ""AlignLastValue"", ""2"": ""HistoricValues""}, ""transformation_params"": {""0"": {""method"": ""med_diff"", ""method_params"": {""distribution"": ""norm"", ""alpha"": 0.05}, ""transform_dict"": null, ""reverse_alignment"": false, ""isolated_only"": false, ""fillna"": ""linear""}, ""1"": {""rows"": 1, ""lag"": 1, ""method"": ""additive"", ""strength"": 1.0, ""first_value_only"": false, ""threshold"": null, ""threshold_method"": ""mean""}, ""2"": {""window"": 10}}}",1,1,22.658601141354886,1.6326883334060047,1.8218313245381683,0.5125192789801954,1.6326883334060047,0.0,-0.10925348414931157,0.9156399298514049,195.81334652457127,1.632641948140323,1.3928530807600097,0.0,0.5,4.342477005581523,0.025,2.158025481314309,1.4132802434235034,7.425455755344023,5.669392589680069,0.0013790087562056167,195.70409304042195,72.00463581554142,34.65207001852896,0.2466667387704284,22.658601141354886,1.6326883334060047,1.8218313245381683,0.5125192789801954,1.6326883334060047,0.0,0.9156399298514049,1.632641948140323,1.3928530807600097,4.342477005581523,0.025,2.158025481314309,1.4132802434235034,7.425455755344023,5.669392589680069,0.0013790087562056167,195.70409304042195,72.00463581554142,34.65207001852896,0.2466667387704284,0.0,0.5,2.55,34.46525224425596,23.007643594137175,Wh,23.007643594137175,Wh
46,85c19245dd82cbe2384ddbed17d95f2b,Ensemble,"{""model_name"": ""BestN"", ""model_count"": 3, ""model_metric"": ""best_score"", ""models"": {""927f8c402d93eba11011ff9ae8879530"": {""Model"": ""WindowRegression"", ""ModelParameters"": ""{\""window_size\"": 24, \""input_dim\"": \""univariate\"", \""output_dim\"": \""1step\"", \""normalize_window\"": false, \""max_windows\"": 5000000, \""fourier_encoding_components\"": null, \""scale\"": true, \""datepart_method\"": null, \""regression_type\"": null, \""regression_model\"": {\""model\"": \""ElasticNet\"", \""model_params\"": {\""l1_ratio\"": 0.5, \""fit_intercept\"": true, \""selection\"": \""cyclic\"", \""max_iter\"": 2000}}}"", ""TransformationParameters"": ""{\""fillna\"": \""akima\"", \""transformations\"": {\""0\"": \""DatepartRegression\"", \""1\"": \""Scaler\"", \""2\"": \""Scaler\""}, \""transformation_params\"": {\""0\"": {\""regression_model\"": {\""model\"": \""ElasticNet\"", \""model_params\"": {\""l1_ratio\"": 0.5, \""fit_intercept\"": true, \""selection\"": \""cyclic\"", \""max_iter\"": 1000}}, \""datepart_method\"": \""recurring\"", \""polynomial_degree\"": null, \""transform_dict\"": null, \""holiday_countries_used\"": false, \""lags\"": null, \""forward_lags\"": null}, \""1\"": {}, \""2\"": {}}}""}, ""4597814533265222b338e51fe9353b43"": {""Model"": ""DatepartRegression"", ""ModelParameters"": ""{\""regression_model\"": {\""model\"": \""ElasticNet\"", \""model_params\"": {\""l1_ratio\"": 0.1, \""fit_intercept\"": true, \""selection\"": \""cyclic\"", \""max_iter\"": 1000}}, \""datepart_method\"": \""anchored_warped_fourier:us_school\"", \""polynomial_degree\"": null, \""holiday_countries_used\"": true, \""lags\"": null, \""forward_lags\"": null, \""regression_type\"": null}"", ""TransformationParameters"": ""{\""fillna\"": \""linear\"", \""transformations\"": {}, \""transformation_params\"": {}}""}, ""4483a91438b744994df7703319d24419"": {""Model"": ""ARIMA"", ""ModelParameters"": ""{\""p\"": 4, \""d\"": 1, \""q\"": 4, \""regression_type\"": null}"", ""TransformationParameters"": ""{\""fillna\"": \""zero\"", \""transformations\"": {\""0\"": null}, \""transformation_params\"": {\""0\"": {}}}""}}, ""model_weights"": {}, ""point_method"": ""mean""}","{""fillna"": ""quadratic"", ""transformations"": {""0"": ""AlignLastValue"", ""1"": ""ChangepointDetrend""}, ""transformation_params"": {""0"": {""rows"": 1, ""lag"": 1, ""method"": ""multiplicative"", ""strength"": 1.0, ""first_value_only"": false, ""threshold"": null, ""threshold_method"": ""mean""}, ""1"": {""model"": ""Linear"", ""changepoint_spacing"": 180, ""changepoint_distance_end"": 360, ""datepart_method"": null}}}",1,1,24.47398866293889,1.7876606932509551,1.9832973973342425,0.5165855037632925,1.7876606932509551,0.0,0.0,0.9713055744415549,214.5192831901146,1.7876606932509551,0.9085336412604478,0.2,0.4583333333333333,4.395323529061022,0.03333333333333333,2.2748481935198615,1.5587746406059793,8.24141808313994,6.253040108771166,0.11557209489870202,214.5192831901146,77.57533467808594,30.903729582256798,0.2703815294090257,24.47398866293889,1.7876606932509551,1.9832973973342425,0.5165855037632925,1.7876606932509551,0.0,0.9713055744415549,1.7876606932509551,0.9085336412604478,4.395323529061022,0.03333333333333333,2.2748481935198615,1.5587746406059793,8.24141808313994,6.253040108771166,0.11557209489870202,214.5192831901146,77.57533467808594,30.903729582256798,0.2703815294090257,0.2,0.4583333333333333,2.2447,32.24927199662142,25.19149506737995,Wh,25.19149506737995,Wh
47,2729c1226a353cb26492068f83f565ea,Ensemble,"{""model_name"": ""BestN"", ""model_count"": 3, ""model_metric"": ""best_score_unique"", ""models"": {""927f8c402d93eba11011ff9ae8879530"": {""Model"": ""WindowRegression"", ""ModelParameters"": ""{\""window_size\"": 24, \""input_dim\"": \""univariate\"", \""output_dim\"": \""1step\"", \""normalize_window\"": false, \""max_windows\"": 5000000, \""fourier_encoding_components\"": null, \""scale\"": true, \""datepart_method\"": null, \""regression_type\"": null, \""regression_model\"": {\""model\"": \""ElasticNet\"", \""model_params\"": {\""l1_ratio\"": 0.5, \""fit_intercept\"": true, \""selection\"": \""cyclic\"", \""max_iter\"": 2000}}}"", ""TransformationParameters"": ""{\""fillna\"": \""akima\"", \""transformations\"": {\""0\"": \""DatepartRegression\"", \""1\"": \""Scaler\"", \""2\"": \""Scaler\""}, \""transformation_params\"": {\""0\"": {\""regression_model\"": {\""model\"": \""ElasticNet\"", \""model_params\"": {\""l1_ratio\"": 0.5, \""fit_intercept\"": true, \""selection\"": \""cyclic\"", \""max_iter\"": 1000}}, \""datepart_method\"": \""recurring\"", \""polynomial_degree\"": null, \""transform_dict\"": null, \""holiday_countries_used\"": false, \""lags\"": null, \""forward_lags\"": null}, \""1\"": {}, \""2\"": {}}}""}, ""4597814533265222b338e51fe9353b43"": {""Model"": ""DatepartRegression"", ""ModelParameters"": ""{\""regression_model\"": {\""model\"": \""ElasticNet\"", \""model_params\"": {\""l1_ratio\"": 0.1, \""fit_intercept\"": true, \""selection\"": \""cyclic\"", \""max_iter\"": 1000}}, \""datepart_method\"": \""anchored_warped_fourier:us_school\"", \""polynomial_degree\"": null, \""holiday_countries_used\"": true, \""lags\"": null, \""forward_lags\"": null, \""regression_type\"": null}"", ""TransformationParameters"": ""{\""fillna\"": \""linear\"", \""transformations\"": {}, \""transformation_params\"": {}}""}, ""4483a91438b744994df7703319d24419"": {""Model"": ""ARIMA"", ""ModelParameters"": ""{\""p\"": 4, \""d\"": 1, \""q\"": 4, \""regression_type\"": null}"", ""TransformationParameters"": ""{\""fillna\"": \""zero\"", \""transformations\"": {\""0\"": null}, \""transformation_params\"": {\""0\"": {}}}""}}, ""model_weights"": {}, ""point_method"": ""mean""}","{""fillna"": ""quadratic"", ""transformations"": {""0"": ""AlignLastValue"", ""1"": ""ChangepointDetrend""}, ""transformation_params"": {""0"": {""rows"": 1, ""lag"": 1, ""method"": ""multiplicative"", ""strength"": 1.0, ""first_value_only"": false, ""threshold"": null, ""threshold_method"": ""mean""}, ""1"": {""model"": ""Linear"", ""changepoint_spacing"": 180, ""changepoint_distance_end"": 360, ""datepart_method"": null}}}",1,1,24.47398866293889,1.7876606932509551,1.9832973973342425,0.5165855037632925,1.7876606932509551,0.0,0.0,0.9713055744415549,214.5192831901146,1.7876606932509551,0.9085336412604478,0.2,0.4583333333333333,4.395323529061022,0.03333333333333333,2.2748481935198615,1.5587746406059793,8.24141808313994,6.253040108771166,0.11557209489870202,214.5192831901146,77.57533467808594,30.903729582256798,0.2703815294090257,24.47398866293889,1.7876606932509551,1.9832973973342425,0.5165855037632925,1.7876606932509551,0.0,0.9713055744415549,1.7876606932509551,0.9085336412604478,4.395323529061022,0.03333333333333333,2.2748481935198615,1.5587746406059793,8.24141808313994,6.253040108771166,0.11557209489870202,214.5192831901146,77.57533467808594,30.903729582256798,0.2703815294090257,0.2,0.4583333333333333,2.2729,32.24927199662142,25.19149506737995,Wh,25.19149506737995,Wh
48,b2044cabd5e1eca75a6f354423008a53,Ensemble,"{""model_name"": ""BestN"", ""model_count"": 3, ""model_metric"": ""horizontal"", ""models"": {""4597814533265222b338e51fe9353b43"": {""Model"": ""DatepartRegression"", ""ModelParameters"": ""{\""regression_model\"": {\""model\"": \""ElasticNet\"", \""model_params\"": {\""l1_ratio\"": 0.1, \""fit_intercept\"": true, \""selection\"": \""cyclic\"", \""max_iter\"": 1000}}, \""datepart_method\"": \""anchored_warped_fourier:us_school\"", \""polynomial_degree\"": null, \""holiday_countries_used\"": true, \""lags\"": null, \""forward_lags\"": null, \""regression_type\"": null}"", ""TransformationParameters"": ""{\""fillna\"": \""linear\"", \""transformations\"": {}, \""transformation_params\"": {}}""}, ""927f8c402d93eba11011ff9ae8879530"": {""Model"": ""WindowRegression"", ""ModelParameters"": ""{\""window_size\"": 24, \""input_dim\"": \""univariate\"", \""output_dim\"": \""1step\"", \""normalize_window\"": false, \""max_windows\"": 5000000, \""fourier_encoding_components\"": null, \""scale\"": true, \""datepart_method\"": null, \""regression_type\"": null, \""regression_model\"": {\""model\"": \""ElasticNet\"", \""model_params\"": {\""l1_ratio\"": 0.5, \""fit_intercept\"": true, \""selection\"": \""cyclic\"", \""max_iter\"": 2000}}}"", ""TransformationParameters"": ""{\""fillna\"": \""akima\"", \""transformations\"": {\""0\"": \""DatepartRegression\"", \""1\"": \""Scaler\"", \""2\"": \""Scaler\""}, \""transformation_params\"": {\""0\"": {\""regression_model\"": {\""model\"": \""ElasticNet\"", \""model_params\"": {\""l1_ratio\"": 0.5, \""fit_intercept\"": true, \""selection\"": \""cyclic\"", \""max_iter\"": 1000}}, \""datepart_method\"": \""recurring\"", \""polynomial_degree\"": null, \""transform_dict\"": null, \""holiday_countries_used\"": false, \""lags\"": null, \""forward_lags\"": null}, \""1\"": {}, \""2\"": {}}}""}, ""4483a91438b744994df7703319d24419"": {""Model"": ""ARIMA"", ""ModelParameters"": ""{\""p\"": 4, \""d\"": 1, \""q\"": 4, \""regression_type\"": null}"", ""TransformationParameters"": ""{\""fillna\"": \""zero\"", \""transformations\"": {\""0\"": null}, \""transformation_params\"": {\""0\"": {}}}""}}, ""model_weights"": {}, ""point_method"": ""mean""}","{""fillna"": ""quadratic"", ""transformations"": {""0"": ""AlignLastValue"", ""1"": ""ChangepointDetrend""}, ""transformation_params"": {""0"": {""rows"": 1, ""lag"": 1, ""method"": ""multiplicative"", ""strength"": 1.0, ""first_value_only"": false, ""threshold"": null, ""threshold_method"": ""mean""}, ""1"": {""model"": ""Linear"", ""changepoint_spacing"": 180, ""changepoint_distance_end"": 360, ""datepart_method"": null}}}",1,1,24.47398866293889,1.7876606932509551,1.9832973973342425,0.5165855037632925,1.7876606932509551,0.0,0.0,0.9713055744415549,214.5192831901146,1.7876606932509551,0.9085336412604478,0.2,0.4583333333333333,4.395323529061022,0.03333333333333333,2.2748481935198615,1.5587746406059793,8.24141808313994,6.253040108771166,0.11557209489870202,214.5192831901146,77.57533467808594,30.903729582256798,0.2703815294090257,24.47398866293889,1.7876606932509551,1.9832973973342425,0.5165855037632925,1.7876606932509551,0.0,0.9713055744415549,1.7876606932509551,0.9085336412604478,4.395323529061022,0.03333333333333333,2.2748481935198615,1.5587746406059793,8.24141808313994,6.253040108771166,0.11557209489870202,214.5192831901146,77.57533467808594,30.903729582256798,0.2703815294090257,0.2,0.4583333333333333,2.1364,32.24927199662142,25.19149506737995,Wh,25.19149506737995,Wh
49,478d0285d56e359e23849b02f0a900a1,Ensemble,"{""model_name"": ""BestN"", ""model_count"": 3, ""model_metric"": ""bestn_horizontal"", ""models"": {""927f8c402d93eba11011ff9ae8879530"": {""Model"": ""WindowRegression"", ""ModelParameters"": ""{\""window_size\"": 24, \""input_dim\"": \""univariate\"", \""output_dim\"": \""1step\"", \""normalize_window\"": false, \""max_windows\"": 5000000, \""fourier_encoding_components\"": null, \""scale\"": true, \""datepart_method\"": null, \""regression_type\"": null, \""regression_model\"": {\""model\"": \""ElasticNet\"", \""model_params\"": {\""l1_ratio\"": 0.5, \""fit_intercept\"": true, \""selection\"": \""cyclic\"", \""max_iter\"": 2000}}}"", ""TransformationParameters"": ""{\""fillna\"": \""akima\"", \""transformations\"": {\""0\"": \""DatepartRegression\"", \""1\"": \""Scaler\"", \""2\"": \""Scaler\""}, \""transformation_params\"": {\""0\"": {\""regression_model\"": {\""model\"": \""ElasticNet\"", \""model_params\"": {\""l1_ratio\"": 0.5, \""fit_intercept\"": true, \""selection\"": \""cyclic\"", \""max_iter\"": 1000}}, \""datepart_method\"": \""recurring\"", \""polynomial_degree\"": null, \""transform_dict\"": null, \""holiday_countries_used\"": false, \""lags\"": null, \""forward_lags\"": null}, \""1\"": {}, \""2\"": {}}}""}, ""4597814533265222b338e51fe9353b43"": {""Model"": ""DatepartRegression"", ""ModelParameters"": ""{\""regression_model\"": {\""model\"": \""ElasticNet\"", \""model_params\"": {\""l1_ratio\"": 0.1, \""fit_intercept\"": true, \""selection\"": \""cyclic\"", \""max_iter\"": 1000}}, \""datepart_method\"": \""anchored_warped_fourier:us_school\"", \""polynomial_degree\"": null, \""holiday_countries_used\"": true, \""lags\"": null, \""forward_lags\"": null, \""regression_type\"": null}"", ""TransformationParameters"": ""{\""fillna\"": \""linear\"", \""transformations\"": {}, \""transformation_params\"": {}}""}, ""4483a91438b744994df7703319d24419"": {""Model"": ""ARIMA"", ""ModelParameters"": ""{\""p\"": 4, \""d\"": 1, \""q\"": 4, \""regression_type\"": null}"", ""TransformationParameters"": ""{\""fillna\"": \""zero\"", \""transformations\"": {\""0\"": null}, \""transformation_params\"": {\""0\"": {}}}""}}, ""model_weights"": {""927f8c402d93eba11011ff9ae8879530"": 4.0, ""4597814533265222b338e51fe9353b43"": 3.0, ""4483a91438b744994df7703319d24419"": 2.0}, ""point_method"": ""mean""}","{""fillna"": ""quadratic"", ""transformations"": {""0"": ""AlignLastValue"", ""1"": ""ChangepointDetrend""}, ""transformation_params"": {""0"": {""rows"": 1, ""lag"": 1, ""method"": ""multiplicative"", ""strength"": 1.0, ""first_value_only"": false, ""threshold"": null, ""threshold_method"": ""mean""}, ""1"": {""model"": ""Linear"", ""changepoint_spacing"": 180, ""changepoint_distance_end"": 360, ""datepart_method"": null}}}",1,1,24.16386359252577,1.7610608184387193,1.9587602979356231,0.5145672159378607,1.7610608184387193,0.0,-0.0007999373765645856,0.9607258081064297,211.32649827526976,1.7610608157738912,0.9157598175511517,0.19166666666666668,0.4583333333333333,4.362976125908839,0.03333333333333333,2.256551239907421,1.5320936038190023,8.134750423278225,6.126425786728775,0.07904869328149708,211.3256983378932,76.22998698732476,32.17362188894121,0.2663563138489128,24.16386359252577,1.7610608184387193,1.9587602979356231,0.5145672159378607,1.7610608184387193,0.0,0.9607258081064297,1.7610608157738912,0.9157598175511517,4.362976125908839,0.03333333333333333,2.256551239907421,1.5320936038190023,8.134750423278225,6.126425786728775,0.07904869328149708,211.3256983378932,76.22998698732476,32.17362188894121,0.2663563138489128,0.19166666666666668,0.4583333333333333,2.1285,31.989769700081954,24.81665289646061,Wh,24.81665289646061,Wh
50,6c5122ddeb9c1c266b410cd714eb6572,Ensemble,"{""model_name"": ""BestN"", ""model_count"": 5, ""model_metric"": ""bestn_horizontal"", ""models"": {""927f8c402d93eba11011ff9ae8879530"": {""Model"": ""WindowRegression"", ""ModelParameters"": ""{\""window_size\"": 24, \""input_dim\"": \""univariate\"", \""output_dim\"": \""1step\"", \""normalize_window\"": false, \""max_windows\"": 5000000, \""fourier_encoding_components\"": null, \""scale\"": true, \""datepart_method\"": null, \""regression_type\"": null, \""regression_model\"": {\""model\"": \""ElasticNet\"", \""model_params\"": {\""l1_ratio\"": 0.5, \""fit_intercept\"": true, \""selection\"": \""cyclic\"", \""max_iter\"": 2000}}}"", ""TransformationParameters"": ""{\""fillna\"": \""akima\"", \""transformations\"": {\""0\"": \""DatepartRegression\"", \""1\"": \""Scaler\"", \""2\"": \""Scaler\""}, \""transformation_params\"": {\""0\"": {\""regression_model\"": {\""model\"": \""ElasticNet\"", \""model_params\"": {\""l1_ratio\"": 0.5, \""fit_intercept\"": true, \""selection\"": \""cyclic\"", \""max_iter\"": 1000}}, \""datepart_method\"": \""recurring\"", \""polynomial_degree\"": null, \""transform_dict\"": null, \""holiday_countries_used\"": false, \""lags\"": null, \""forward_lags\"": null}, \""1\"": {}, \""2\"": {}}}""}, ""4597814533265222b338e51fe9353b43"": {""Model"": ""DatepartRegression"", ""ModelParameters"": ""{\""regression_model\"": {\""model\"": \""ElasticNet\"", \""model_params\"": {\""l1_ratio\"": 0.1, \""fit_intercept\"": true, \""selection\"": \""cyclic\"", \""max_iter\"": 1000}}, \""datepart_method\"": \""anchored_warped_fourier:us_school\"", \""polynomial_degree\"": null, \""holiday_countries_used\"": true, \""lags\"": null, \""forward_lags\"": null, \""regression_type\"": null}"", ""TransformationParameters"": ""{\""fillna\"": \""linear\"", \""transformations\"": {}, \""transformation_params\"": {}}""}, ""4483a91438b744994df7703319d24419"": {""Model"": ""ARIMA"", ""ModelParameters"": ""{\""p\"": 4, \""d\"": 1, \""q\"": 4, \""regression_type\"": null}"", ""TransformationParameters"": ""{\""fillna\"": \""zero\"", \""transformations\"": {\""0\"": null}, \""transformation_params\"": {\""0\"": {}}}""}, ""db0e41fb25290810d4a0fb21211c4c5d"": {""Model"": ""ARIMA"", ""ModelParameters"": ""{\""p\"": 4, \""d\"": 0, \""q\"": 12, \""regression_type\"": null}"", ""TransformationParameters"": ""{\""fillna\"": \""cubic\"", \""transformations\"": {}, \""transformation_params\"": {}}""}, ""b64de7c386a7fef4fbd9b08033fa98b2"": {""Model"": ""WindowRegression"", ""ModelParameters"": ""{\""window_size\"": 10, \""input_dim\"": \""univariate\"", \""output_dim\"": \""1step\"", \""normalize_window\"": false, \""max_windows\"": 5000000, \""fourier_encoding_components\"": null, \""scale\"": true, \""datepart_method\"": null, \""regression_type\"": null, \""regression_model\"": {\""model\"": \""SVM\"", \""model_params\"": {\""C\"": 0.1, \""tol\"": 0.001, \""epsilon\"": 0.0, \""loss\"": \""squared_epsilon_insensitive\"", \""max_iter\"": 50}}}"", ""TransformationParameters"": ""{\""fillna\"": \""ffill\"", \""transformations\"": {\""0\"": \""DatepartRegression\"", \""1\"": \""DatepartRegression\"", \""2\"": \""DatepartRegression\"", \""3\"": \""DatepartRegression\""}, \""transformation_params\"": {\""0\"": {\""regression_model\"": {\""model\"": \""ElasticNet\"", \""model_params\"": {\""l1_ratio\"": 0.9, \""fit_intercept\"": true, \""selection\"": \""cyclic\"", \""max_iter\"": 1000}}, \""datepart_method\"": \""common_fourier\"", \""polynomial_degree\"": null, \""transform_dict\"": null, \""holiday_countries_used\"": true, \""lags\"": null, \""forward_lags\"": null}, \""1\"": {\""regression_model\"": {\""model\"": \""DecisionTree\"", \""model_params\"": {\""max_depth\"": null, \""min_samples_split\"": 2}}, \""datepart_method\"": \""simple_binarized\"", \""polynomial_degree\"": null, \""transform_dict\"": {\""fillna\"": null, \""transformations\"": {\""0\"": \""ScipyFilter\""}, \""transformation_params\"": {\""0\"": {\""method\"": \""savgol_filter\"", \""method_args\"": {\""window_length\"": 31, \""polyorder\"": 3, \""deriv\"": 0, \""mode\"": \""interp\""}}}}, \""holiday_countries_used\"": false, \""lags\"": null, \""forward_lags\"": null}, \""2\"": {\""regression_model\"": {\""model\"": \""ElasticNet\"", \""model_params\"": {\""l1_ratio\"": 0.5, \""fit_intercept\"": true, \""selection\"": \""cyclic\"", \""max_iter\"": 1000}}, \""datepart_method\"": [\""dayofweek\"", [365.25, 14], [354.37, 10]], \""polynomial_degree\"": null, \""transform_dict\"": null, \""holiday_countries_used\"": true, \""lags\"": null, \""forward_lags\"": 1}, \""3\"": {\""regression_model\"": {\""model\"": \""ElasticNet\"", \""model_params\"": {\""l1_ratio\"": 0.5, \""fit_intercept\"": true, \""selection\"": \""random\"", \""max_iter\"": 1000}}, \""datepart_method\"": \""simple_binarized\"", \""polynomial_degree\"": null, \""transform_dict\"": {\""fillna\"": null, \""transformations\"": {\""0\"": \""ClipOutliers\""}, \""transformation_params\"": {\""0\"": {\""method\"": \""clip\"", \""std_threshold\"": 4}}}, \""holiday_countries_used\"": false, \""lags\"": null, \""forward_lags\"": null}}}""}}, ""point_method"": ""median"", ""model_weights"": {}}","{""fillna"": ""quadratic"", ""transformations"": {""0"": ""AlignLastValue"", ""1"": ""ChangepointDetrend""}, ""transformation_params"": {""0"": {""rows"": 1, ""lag"": 1, ""method"": ""multiplicative"", ""strength"": 1.0, ""first_value_only"": false, ""threshold"": null, ""threshold_method"": ""mean""}, ""1"": {""model"": ""Linear"", ""changepoint_spacing"": 180, ""changepoint_distance_end"": 360, ""datepart_method"": null}}}",1,1,23.614397593044835,1.7141673254118623,1.9138782232210754,0.5119709145131417,1.7141673254118623,0.0,-0.12049094044124153,0.9428727030882444,205.57958810898225,1.7141265203408094,0.836985921959532,0.24166666666666667,0.5416666666666666,4.2859444492220415,0.041666666666666664,2.199410507103334,1.4860518870182187,7.943183097797052,5.928742059717094,0.023782632300451287,205.459097168541,73.7910645843998,33.95684008812203,0.25896201076802633,23.614397593044835,1.7141673254118623,1.9138782232210754,0.5119709145131417,1.7141673254118623,0.0,0.9428727030882444,1.7141265203408094,0.836985921959532,4.2859444492220415,0.041666666666666664,2.199410507103334,1.4860518870182187,7.943183097797052,5.928742059717094,0.023782632300451287,205.459097168541,73.7910645843998,33.95684008812203,0.25896201076802633,0.24166666666666667,0.5416666666666666,7.1336,30.743720379950513,24.15583554854992,Wh,24.15583554854992,Wh
51,3d18e4b6be7847d96b55605cc7f421ba,Ensemble,"{""model_name"": ""BestN"", ""model_count"": 5, ""model_metric"": ""mixed_metric"", ""models"": {""0a98a875055da5bcd734698018011f5e"": {""Model"": ""RollingRegression"", ""ModelParameters"": ""{\""regression_model\"": {\""model\"": \""BayesianRidge\"", \""model_params\"": {}}, \""holiday\"": false, \""mean_rolling_periods\"": 7, \""macd_periods\"": 63, \""std_rolling_periods\"": null, \""max_rolling_periods\"": null, \""min_rolling_periods\"": 2, \""ewm_var_alpha\"": null, \""quantile90_rolling_periods\"": null, \""quantile10_rolling_periods\"": null, \""ewm_alpha\"": null, \""additional_lag_periods\"": 3, \""abs_energy\"": false, \""rolling_autocorr_periods\"": null, \""nonzero_last_n\"": null, \""add_date_part\"": \""simple_2\"", \""polynomial_degree\"": null, \""x_transform\"": null, \""regression_type\"": null}"", ""TransformationParameters"": ""{\""fillna\"": \""KNNImputer\"", \""transformations\"": {\""0\"": \""DatepartRegression\"", \""1\"": \""Detrend\"", \""2\"": \""DifferencedTransformer\"", \""3\"": \""MinMaxScaler\""}, \""transformation_params\"": {\""0\"": {\""regression_model\"": {\""model\"": \""ElasticNet\"", \""model_params\"": {\""l1_ratio\"": 0.1, \""fit_intercept\"": true, \""selection\"": \""cyclic\"", \""max_iter\"": 1000}}, \""datepart_method\"": \""recurring\"", \""polynomial_degree\"": null, \""transform_dict\"": {\""fillna\"": null, \""transformations\"": {\""0\"": \""ClipOutliers\""}, \""transformation_params\"": {\""0\"": {\""method\"": \""clip\"", \""std_threshold\"": 4}}}, \""holiday_countries_used\"": true, \""lags\"": null, \""forward_lags\"": null}, \""1\"": {\""model\"": \""GLS\"", \""phi\"": 1, \""window\"": 10, \""transform_dict\"": {\""fillna\"": null, \""transformations\"": {\""0\"": \""Discretize\""}, \""transformation_params\"": {\""0\"": {\""discretization\"": \""center\"", \""n_bins\"": 20}}}}, \""2\"": {\""lag\"": 1, \""fill\"": \""bfill\""}, \""3\"": {}}}""}, ""927f8c402d93eba11011ff9ae8879530"": {""Model"": ""WindowRegression"", ""ModelParameters"": ""{\""window_size\"": 24, \""input_dim\"": \""univariate\"", \""output_dim\"": \""1step\"", \""normalize_window\"": false, \""max_windows\"": 5000000, \""fourier_encoding_components\"": null, \""scale\"": true, \""datepart_method\"": null, \""regression_type\"": null, \""regression_model\"": {\""model\"": \""ElasticNet\"", \""model_params\"": {\""l1_ratio\"": 0.5, \""fit_intercept\"": true, \""selection\"": \""cyclic\"", \""max_iter\"": 2000}}}"", ""TransformationParameters"": ""{\""fillna\"": \""akima\"", \""transformations\"": {\""0\"": \""DatepartRegression\"", \""1\"": \""Scaler\"", \""2\"": \""Scaler\""}, \""transformation_params\"": {\""0\"": {\""regression_model\"": {\""model\"": \""ElasticNet\"", \""model_params\"": {\""l1_ratio\"": 0.5, \""fit_intercept\"": true, \""selection\"": \""cyclic\"", \""max_iter\"": 1000}}, \""datepart_method\"": \""recurring\"", \""polynomial_degree\"": null, \""transform_dict\"": null, \""holiday_countries_used\"": false, \""lags\"": null, \""forward_lags\"": null}, \""1\"": {}, \""2\"": {}}}""}, ""b64de7c386a7fef4fbd9b08033fa98b2"": {""Model"": ""WindowRegression"", ""ModelParameters"": ""{\""window_size\"": 10, \""input_dim\"": \""univariate\"", \""output_dim\"": \""1step\"", \""normalize_window\"": false, \""max_windows\"": 5000000, \""fourier_encoding_components\"": null, \""scale\"": true, \""datepart_method\"": null, \""regression_type\"": null, \""regression_model\"": {\""model\"": \""SVM\"", \""model_params\"": {\""C\"": 0.1, \""tol\"": 0.001, \""epsilon\"": 0.0, \""loss\"": \""squared_epsilon_insensitive\"", \""max_iter\"": 50}}}"", ""TransformationParameters"": ""{\""fillna\"": \""ffill\"", \""transformations\"": {\""0\"": \""DatepartRegression\"", \""1\"": \""DatepartRegression\"", \""2\"": \""DatepartRegression\"", \""3\"": \""DatepartRegression\""}, \""transformation_params\"": {\""0\"": {\""regression_model\"": {\""model\"": \""ElasticNet\"", \""model_params\"": {\""l1_ratio\"": 0.9, \""fit_intercept\"": true, \""selection\"": \""cyclic\"", \""max_iter\"": 1000}}, \""datepart_method\"": \""common_fourier\"", \""polynomial_degree\"": null, \""transform_dict\"": null, \""holiday_countries_used\"": true, \""lags\"": null, \""forward_lags\"": null}, \""1\"": {\""regression_model\"": {\""model\"": \""DecisionTree\"", \""model_params\"": {\""max_depth\"": null, \""min_samples_split\"": 2}}, \""datepart_method\"": \""simple_binarized\"", \""polynomial_degree\"": null, \""transform_dict\"": {\""fillna\"": null, \""transformations\"": {\""0\"": \""ScipyFilter\""}, \""transformation_params\"": {\""0\"": {\""method\"": \""savgol_filter\"", \""method_args\"": {\""window_length\"": 31, \""polyorder\"": 3, \""deriv\"": 0, \""mode\"": \""interp\""}}}}, \""holiday_countries_used\"": false, \""lags\"": null, \""forward_lags\"": null}, \""2\"": {\""regression_model\"": {\""model\"": \""ElasticNet\"", \""model_params\"": {\""l1_ratio\"": 0.5, \""fit_intercept\"": true, \""selection\"": \""cyclic\"", \""max_iter\"": 1000}}, \""datepart_method\"": [\""dayofweek\"", [365.25, 14], [354.37, 10]], \""polynomial_degree\"": null, \""transform_dict\"": null, \""holiday_countries_used\"": true, \""lags\"": null, \""forward_lags\"": 1}, \""3\"": {\""regression_model\"": {\""model\"": \""ElasticNet\"", \""model_params\"": {\""l1_ratio\"": 0.5, \""fit_intercept\"": true, \""selection\"": \""random\"", \""max_iter\"": 1000}}, \""datepart_method\"": \""simple_binarized\"", \""polynomial_degree\"": null, \""transform_dict\"": {\""fillna\"": null, \""transformations\"": {\""0\"": \""ClipOutliers\""}, \""transformation_params\"": {\""0\"": {\""method\"": \""clip\"", \""std_threshold\"": 4}}}, \""holiday_countries_used\"": false, \""lags\"": null, \""forward_lags\"": null}}}""}, ""4597814533265222b338e51fe9353b43"": {""Model"": ""DatepartRegression"", ""ModelParameters"": ""{\""regression_model\"": {\""model\"": \""ElasticNet\"", \""model_params\"": {\""l1_ratio\"": 0.1, \""fit_intercept\"": true, \""selection\"": \""cyclic\"", \""max_iter\"": 1000}}, \""datepart_method\"": \""anchored_warped_fourier:us_school\"", \""polynomial_degree\"": null, \""holiday_countries_used\"": true, \""lags\"": null, \""forward_lags\"": null, \""regression_type\"": null}"", ""TransformationParameters"": ""{\""fillna\"": \""linear\"", \""transformations\"": {}, \""transformation_params\"": {}}""}, ""b8ca7c68f17113471e9165689e1f0c16"": {""Model"": ""WindowRegression"", ""ModelParameters"": ""{\""window_size\"": 16, \""input_dim\"": \""univariate\"", \""output_dim\"": \""1step\"", \""normalize_window\"": false, \""max_windows\"": 5000, \""fourier_encoding_components\"": null, \""scale\"": true, \""datepart_method\"": null, \""regression_type\"": null, \""regression_model\"": {\""model\"": \""KNN\"", \""model_params\"": {\""n_neighbors\"": 5, \""weights\"": \""uniform\"", \""p\"": 2, \""leaf_size\"": 30}}}"", ""TransformationParameters"": ""{\""fillna\"": \""ffill_mean_biased\"", \""transformations\"": {\""0\"": \""Scaler\"", \""1\"": \""DifferencedTransformer\"", \""2\"": \""Scaler\"", \""3\"": \""Detrend\"", \""4\"": \""MinMaxScaler\""}, \""transformation_params\"": {\""0\"": {}, \""1\"": {\""lag\"": 1, \""fill\"": \""bfill\""}, \""2\"": {}, \""3\"": {\""model\"": \""Linear\"", \""phi\"": 1, \""window\"": 900, \""transform_dict\"": null}, \""4\"": {}}}""}}, ""point_method"": ""median"", ""model_weights"": {}}","{""fillna"": ""quadratic"", ""transformations"": {""0"": ""AlignLastValue"", ""1"": ""ChangepointDetrend""}, ""transformation_params"": {""0"": {""rows"": 1, ""lag"": 1, ""method"": ""multiplicative"", ""strength"": 1.0, ""first_value_only"": false, ""threshold"": null, ""threshold_method"": ""mean""}, ""1"": {""model"": ""Linear"", ""changepoint_spacing"": 180, ""changepoint_distance_end"": 360, ""datepart_method"": null}}}",1,1,23.11261471192852,1.6717916882519845,1.8758762964275937,0.5111386086446967,1.6717916882519845,0.0,-0.19627000044718734,0.9256036687768039,200.41873258979095,1.6716764321527355,0.8194329208670798,0.24166666666666667,0.5166666666666667,4.261372916464461,0.10833333333333334,2.1498646837164612,1.4426100956083716,7.768603844010838,5.750573390705474,0.015097184776507755,200.22246258934376,71.69944856632132,34.24607190518849,0.2523617217617241,23.11261471192852,1.6717916882519845,1.8758762964275937,0.5111386086446967,1.6717916882519845,0.0,0.9256036687768039,1.6716764321527355,0.8194329208670798,4.261372916464461,0.10833333333333334,2.1498646837164612,1.4426100956083716,7.768603844010838,5.750573390705474,0.015097184776507755,200.22246258934376,71.69944856632132,34.24607190518849,0.2523617217617241,0.24166666666666667,0.5166666666666667,5.4394,30.08117890253895,23.558683270983853,Wh,23.558683270983853,Wh
52,567f2cfde5d3d267b2bd14551b09a4a8,RollingRegression,"{""regression_model"": {""model"": ""ExtraTrees"", ""model_params"": {""n_estimators"": 100, ""min_samples_leaf"": 1, ""min_samples_split"": 2, ""max_depth"": null, ""criterion"": ""squared_error"", ""max_features"": 1}}, ""holiday"": true, ""mean_rolling_periods"": 12, ""macd_periods"": 24, ""std_rolling_periods"": 7, ""max_rolling_periods"": null, ""min_rolling_periods"": null, ""ewm_var_alpha"": null, ""quantile90_rolling_periods"": null, ""quantile10_rolling_periods"": null, ""ewm_alpha"": 0.8, ""additional_lag_periods"": 6, ""abs_energy"": false, ""rolling_autocorr_periods"": 7, ""nonzero_last_n"": null, ""add_date_part"": null, ""polynomial_degree"": null, ""x_transform"": null, ""regression_type"": null}","{""fillna"": ""ffill"", ""transformations"": {""0"": ""Scaler"", ""1"": ""Detrend"", ""2"": ""DatepartRegression""}, ""transformation_params"": {""0"": {}, ""1"": {""model"": ""Linear"", ""phi"": 1, ""window"": 30, ""transform_dict"": null}, ""2"": {""regression_model"": {""model"": ""ElasticNet"", ""model_params"": {""l1_ratio"": 0.5, ""fit_intercept"": true, ""selection"": ""cyclic"", ""max_iter"": 1000}}, ""datepart_method"": ""common_fourier"", ""polynomial_degree"": null, ""transform_dict"": null, ""holiday_countries_used"": false, ""lags"": null, ""forward_lags"": null}}}",0,1,24.999323151790296,1.8380039848166032,2.068466988643007,0.5569317850826604,1.8380039848166032,0.0,-0.4522380552758678,0.9762887802769467,220.10824012271652,1.8377268151450663,0.5713343806998988,0.5583333333333333,0.475,4.062548465352168,0.15833333333333333,2.286001347256605,1.5931445099301296,8.77089030777673,5.562098239506949,0.367069508719357,219.65600206744068,75.48330052071326,22.364227928967438,0.27685588400103117,24.999323151790296,1.8380039848166032,2.068466988643007,0.5569317850826604,1.8380039848166032,0.0,0.9762887802769467,1.8377268151450663,0.5713343806998988,4.062548465352168,0.15833333333333333,2.286001347256605,1.5931445099301296,8.77089030777673,5.562098239506949,0.367069508719357,219.65600206744068,75.48330052071326,22.364227928967438,0.27685588400103117,0.5583333333333333,0.475,12.7379,30.036778312008614,25.900926552862447,Wh,25.900926552862447,Wh
53,c3050183ca7e7698cece17ba2a42b329,Ensemble,"{""model_name"": ""BestN"", ""model_count"": 5, ""model_metric"": ""bestn_horizontal"", ""models"": {""927f8c402d93eba11011ff9ae8879530"": {""Model"": ""WindowRegression"", ""ModelParameters"": ""{\""window_size\"": 24, \""input_dim\"": \""univariate\"", \""output_dim\"": \""1step\"", \""normalize_window\"": false, \""max_windows\"": 5000000, \""fourier_encoding_components\"": null, \""scale\"": true, \""datepart_method\"": null, \""regression_type\"": null, \""regression_model\"": {\""model\"": \""ElasticNet\"", \""model_params\"": {\""l1_ratio\"": 0.5, \""fit_intercept\"": true, \""selection\"": \""cyclic\"", \""max_iter\"": 2000}}}"", ""TransformationParameters"": ""{\""fillna\"": \""akima\"", \""transformations\"": {\""0\"": \""DatepartRegression\"", \""1\"": \""Scaler\"", \""2\"": \""Scaler\""}, \""transformation_params\"": {\""0\"": {\""regression_model\"": {\""model\"": \""ElasticNet\"", \""model_params\"": {\""l1_ratio\"": 0.5, \""fit_intercept\"": true, \""selection\"": \""cyclic\"", \""max_iter\"": 1000}}, \""datepart_method\"": \""recurring\"", \""polynomial_degree\"": null, \""transform_dict\"": null, \""holiday_countries_used\"": false, \""lags\"": null, \""forward_lags\"": null}, \""1\"": {}, \""2\"": {}}}""}, ""4597814533265222b338e51fe9353b43"": {""Model"": ""DatepartRegression"", ""ModelParameters"": ""{\""regression_model\"": {\""model\"": \""ElasticNet\"", \""model_params\"": {\""l1_ratio\"": 0.1, \""fit_intercept\"": true, \""selection\"": \""cyclic\"", \""max_iter\"": 1000}}, \""datepart_method\"": \""anchored_warped_fourier:us_school\"", \""polynomial_degree\"": null, \""holiday_countries_used\"": true, \""lags\"": null, \""forward_lags\"": null, \""regression_type\"": null}"", ""TransformationParameters"": ""{\""fillna\"": \""linear\"", \""transformations\"": {}, \""transformation_params\"": {}}""}, ""4483a91438b744994df7703319d24419"": {""Model"": ""ARIMA"", ""ModelParameters"": ""{\""p\"": 4, \""d\"": 1, \""q\"": 4, \""regression_type\"": null}"", ""TransformationParameters"": ""{\""fillna\"": \""zero\"", \""transformations\"": {\""0\"": null}, \""transformation_params\"": {\""0\"": {}}}""}, ""db0e41fb25290810d4a0fb21211c4c5d"": {""Model"": ""ARIMA"", ""ModelParameters"": ""{\""p\"": 4, \""d\"": 0, \""q\"": 12, \""regression_type\"": null}"", ""TransformationParameters"": ""{\""fillna\"": \""cubic\"", \""transformations\"": {}, \""transformation_params\"": {}}""}, ""b64de7c386a7fef4fbd9b08033fa98b2"": {""Model"": ""WindowRegression"", ""ModelParameters"": ""{\""window_size\"": 10, \""input_dim\"": \""univariate\"", \""output_dim\"": \""1step\"", \""normalize_window\"": false, \""max_windows\"": 5000000, \""fourier_encoding_components\"": null, \""scale\"": true, \""datepart_method\"": null, \""regression_type\"": null, \""regression_model\"": {\""model\"": \""SVM\"", \""model_params\"": {\""C\"": 0.1, \""tol\"": 0.001, \""epsilon\"": 0.0, \""loss\"": \""squared_epsilon_insensitive\"", \""max_iter\"": 50}}}"", ""TransformationParameters"": ""{\""fillna\"": \""ffill\"", \""transformations\"": {\""0\"": \""DatepartRegression\"", \""1\"": \""DatepartRegression\"", \""2\"": \""DatepartRegression\"", \""3\"": \""DatepartRegression\""}, \""transformation_params\"": {\""0\"": {\""regression_model\"": {\""model\"": \""ElasticNet\"", \""model_params\"": {\""l1_ratio\"": 0.9, \""fit_intercept\"": true, \""selection\"": \""cyclic\"", \""max_iter\"": 1000}}, \""datepart_method\"": \""common_fourier\"", \""polynomial_degree\"": null, \""transform_dict\"": null, \""holiday_countries_used\"": true, \""lags\"": null, \""forward_lags\"": null}, \""1\"": {\""regression_model\"": {\""model\"": \""DecisionTree\"", \""model_params\"": {\""max_depth\"": null, \""min_samples_split\"": 2}}, \""datepart_method\"": \""simple_binarized\"", \""polynomial_degree\"": null, \""transform_dict\"": {\""fillna\"": null, \""transformations\"": {\""0\"": \""ScipyFilter\""}, \""transformation_params\"": {\""0\"": {\""method\"": \""savgol_filter\"", \""method_args\"": {\""window_length\"": 31, \""polyorder\"": 3, \""deriv\"": 0, \""mode\"": \""interp\""}}}}, \""holiday_countries_used\"": false, \""lags\"": null, \""forward_lags\"": null}, \""2\"": {\""regression_model\"": {\""model\"": \""ElasticNet\"", \""model_params\"": {\""l1_ratio\"": 0.5, \""fit_intercept\"": true, \""selection\"": \""cyclic\"", \""max_iter\"": 1000}}, \""datepart_method\"": [\""dayofweek\"", [365.25, 14], [354.37, 10]], \""polynomial_degree\"": null, \""transform_dict\"": null, \""holiday_countries_used\"": true, \""lags\"": null, \""forward_lags\"": 1}, \""3\"": {\""regression_model\"": {\""model\"": \""ElasticNet\"", \""model_params\"": {\""l1_ratio\"": 0.5, \""fit_intercept\"": true, \""selection\"": \""random\"", \""max_iter\"": 1000}}, \""datepart_method\"": \""simple_binarized\"", \""polynomial_degree\"": null, \""transform_dict\"": {\""fillna\"": null, \""transformations\"": {\""0\"": \""ClipOutliers\""}, \""transformation_params\"": {\""0\"": {\""method\"": \""clip\"", \""std_threshold\"": 4}}}, \""holiday_countries_used\"": false, \""lags\"": null, \""forward_lags\"": null}}}""}}, ""point_method"": ""median"", ""model_weights"": {}}","{""fillna"": ""linear"", ""transformations"": {""0"": ""Constraint""}, ""transformation_params"": {""0"": {""constraint_method"": ""quantile"", ""constraint_direction"": ""lower"", ""constraint_regularization"": 0.7, ""constraint_value"": 0.5, ""bounds_only"": false, ""fillna"": ""linear""}}}",1,1,20.003070473984575,1.4133508442878902,1.6175847890710144,0.5105486938143385,1.4133508442878902,0.0,-0.8011170827802676,0.8237809996874556,168.80098423176653,1.4126224456281122,0.9481547901736357,0.2,0.48333333333333334,4.108472061157226,0.975,1.4901981939451001,1.1964058334910157,6.538414317225617,4.197264244497597,0.01672674983840496,167.99986714898628,60.17120143240441,34.092695074740696,0.21174814844034154,20.003070473984575,1.4133508442878902,1.6175847890710144,0.5105486938143385,1.4133508442878902,0.0,0.8237809996874556,1.4126224456281122,0.9481547901736357,4.108472061157226,0.975,1.4901981939451001,1.1964058334910157,6.538414317225617,4.197264244497597,0.01672674983840496,167.99986714898628,60.17120143240441,34.092695074740696,0.21174814844034154,0.2,0.48333333333333334,7.0598,27.9600307160289,19.916766619512767,Wh,19.916766619512767,Wh
54,4db814f82b3dbfe6305c5ec5a1a0d358,Ensemble,"{""model_name"": ""BestN"", ""model_count"": 3, ""model_metric"": ""bestn_horizontal"", ""models"": {""927f8c402d93eba11011ff9ae8879530"": {""Model"": ""WindowRegression"", ""ModelParameters"": ""{\""window_size\"": 24, \""input_dim\"": \""univariate\"", \""output_dim\"": \""1step\"", \""normalize_window\"": false, \""max_windows\"": 5000000, \""fourier_encoding_components\"": null, \""scale\"": true, \""datepart_method\"": null, \""regression_type\"": null, \""regression_model\"": {\""model\"": \""ElasticNet\"", \""model_params\"": {\""l1_ratio\"": 0.5, \""fit_intercept\"": true, \""selection\"": \""cyclic\"", \""max_iter\"": 2000}}}"", ""TransformationParameters"": ""{\""fillna\"": \""akima\"", \""transformations\"": {\""0\"": \""DatepartRegression\"", \""1\"": \""Scaler\"", \""2\"": \""Scaler\""}, \""transformation_params\"": {\""0\"": {\""regression_model\"": {\""model\"": \""ElasticNet\"", \""model_params\"": {\""l1_ratio\"": 0.5, \""fit_intercept\"": true, \""selection\"": \""cyclic\"", \""max_iter\"": 1000}}, \""datepart_method\"": \""recurring\"", \""polynomial_degree\"": null, \""transform_dict\"": null, \""holiday_countries_used\"": false, \""lags\"": null, \""forward_lags\"": null}, \""1\"": {}, \""2\"": {}}}""}, ""4597814533265222b338e51fe9353b43"": {""Model"": ""DatepartRegression"", ""ModelParameters"": ""{\""regression_model\"": {\""model\"": \""ElasticNet\"", \""model_params\"": {\""l1_ratio\"": 0.1, \""fit_intercept\"": true, \""selection\"": \""cyclic\"", \""max_iter\"": 1000}}, \""datepart_method\"": \""anchored_warped_fourier:us_school\"", \""polynomial_degree\"": null, \""holiday_countries_used\"": true, \""lags\"": null, \""forward_lags\"": null, \""regression_type\"": null}"", ""TransformationParameters"": ""{\""fillna\"": \""linear\"", \""transformations\"": {}, \""transformation_params\"": {}}""}, ""4483a91438b744994df7703319d24419"": {""Model"": ""ARIMA"", ""ModelParameters"": ""{\""p\"": 4, \""d\"": 1, \""q\"": 4, \""regression_type\"": null}"", ""TransformationParameters"": ""{\""fillna\"": \""zero\"", \""transformations\"": {\""0\"": null}, \""transformation_params\"": {\""0\"": {}}}""}}, ""model_weights"": {""927f8c402d93eba11011ff9ae8879530"": 4.0, ""4597814533265222b338e51fe9353b43"": 3.0, ""4483a91438b744994df7703319d24419"": 2.0}, ""point_method"": ""mean""}","{""fillna"": ""linear"", ""transformations"": {""0"": ""Constraint""}, ""transformation_params"": {""0"": {""constraint_method"": ""quantile"", ""constraint_direction"": ""lower"", ""constraint_regularization"": 0.7, ""constraint_value"": 0.5, ""bounds_only"": false, ""fillna"": ""linear""}}}",1,1,19.937285232988145,1.4080343927301615,1.6133436312435898,0.5115149127775757,1.4080343927301615,0.0,-0.8295584225065422,0.8211325237896794,168.13456870511283,1.4073126515710908,0.9525550319405545,0.175,0.45,4.119944670748801,0.975,1.4886757589947648,1.1908745871306305,6.518813323312239,4.10278390711079,0.048397206984250374,167.3050102826063,59.822714024157776,33.08455378914069,0.21087234623059017,19.937285232988145,1.4080343927301615,1.6133436312435898,0.5115149127775757,1.4080343927301615,0.0,0.8211325237896794,1.4073126515710908,0.9525550319405545,4.119944670748801,0.975,1.4886757589947648,1.1908745871306305,6.518813323312239,4.10278390711079,0.048397206984250374,167.3050102826063,59.822714024157776,33.08455378914069,0.21087234623059017,0.175,0.45,2.0533,27.933703063374292,19.841847836715722,Wh,19.841847836715722,Wh
55,1a12680da0584d319dabdb49a914cc3a,Ensemble,"{""model_name"": ""BestN"", ""model_count"": 3, ""model_metric"": ""best_score"", ""models"": {""927f8c402d93eba11011ff9ae8879530"": {""Model"": ""WindowRegression"", ""ModelParameters"": ""{\""window_size\"": 24, \""input_dim\"": \""univariate\"", \""output_dim\"": \""1step\"", \""normalize_window\"": false, \""max_windows\"": 5000000, \""fourier_encoding_components\"": null, \""scale\"": true, \""datepart_method\"": null, \""regression_type\"": null, \""regression_model\"": {\""model\"": \""ElasticNet\"", \""model_params\"": {\""l1_ratio\"": 0.5, \""fit_intercept\"": true, \""selection\"": \""cyclic\"", \""max_iter\"": 2000}}}"", ""TransformationParameters"": ""{\""fillna\"": \""akima\"", \""transformations\"": {\""0\"": \""DatepartRegression\"", \""1\"": \""Scaler\"", \""2\"": \""Scaler\""}, \""transformation_params\"": {\""0\"": {\""regression_model\"": {\""model\"": \""ElasticNet\"", \""model_params\"": {\""l1_ratio\"": 0.5, \""fit_intercept\"": true, \""selection\"": \""cyclic\"", \""max_iter\"": 1000}}, \""datepart_method\"": \""recurring\"", \""polynomial_degree\"": null, \""transform_dict\"": null, \""holiday_countries_used\"": false, \""lags\"": null, \""forward_lags\"": null}, \""1\"": {}, \""2\"": {}}}""}, ""4597814533265222b338e51fe9353b43"": {""Model"": ""DatepartRegression"", ""ModelParameters"": ""{\""regression_model\"": {\""model\"": \""ElasticNet\"", \""model_params\"": {\""l1_ratio\"": 0.1, \""fit_intercept\"": true, \""selection\"": \""cyclic\"", \""max_iter\"": 1000}}, \""datepart_method\"": \""anchored_warped_fourier:us_school\"", \""polynomial_degree\"": null, \""holiday_countries_used\"": true, \""lags\"": null, \""forward_lags\"": null, \""regression_type\"": null}"", ""TransformationParameters"": ""{\""fillna\"": \""linear\"", \""transformations\"": {}, \""transformation_params\"": {}}""}, ""4483a91438b744994df7703319d24419"": {""Model"": ""ARIMA"", ""ModelParameters"": ""{\""p\"": 4, \""d\"": 1, \""q\"": 4, \""regression_type\"": null}"", ""TransformationParameters"": ""{\""fillna\"": \""zero\"", \""transformations\"": {\""0\"": null}, \""transformation_params\"": {\""0\"": {}}}""}}, ""model_weights"": {}, ""point_method"": ""mean""}","{""fillna"": ""linear"", ""transformations"": {""0"": ""Constraint""}, ""transformation_params"": {""0"": {""constraint_method"": ""quantile"", ""constraint_direction"": ""lower"", ""constraint_regularization"": 0.7, ""constraint_value"": 0.5, ""bounds_only"": false, ""fillna"": ""linear""}}}",1,1,19.943959891753952,1.408601690011029,1.614008788717294,0.512291334746359,1.408601690011029,0.0,-0.8354618035471741,0.8213369403898255,168.19674099777632,1.4078820494165005,0.9466127392131153,0.19166666666666668,0.45,4.123936134477239,0.975,1.488844153960171,1.1915666339723165,6.521881739415915,4.078220459818949,0.07037826715145444,167.36127919422913,59.83647083869999,32.34012122172198,0.21094326794054793,19.943959891753952,1.408601690011029,1.614008788717294,0.512291334746359,1.408601690011029,0.0,0.8213369403898255,1.4078820494165005,0.9466127392131153,4.123936134477239,0.975,1.488844153960171,1.1915666339723165,6.521881739415915,4.078220459818949,0.07037826715145444,167.36127919422913,59.83647083869999,32.34012122172198,0.21094326794054793,0.19166666666666668,0.45,2.1594,27.890255668414266,19.84984212036623,Wh,19.84984212036623,Wh
56,82c432a3f5ed2abbfafcf671bb85f623,Ensemble,"{""model_name"": ""BestN"", ""model_count"": 3, ""model_metric"": ""horizontal"", ""models"": {""4597814533265222b338e51fe9353b43"": {""Model"": ""DatepartRegression"", ""ModelParameters"": ""{\""regression_model\"": {\""model\"": \""ElasticNet\"", \""model_params\"": {\""l1_ratio\"": 0.1, \""fit_intercept\"": true, \""selection\"": \""cyclic\"", \""max_iter\"": 1000}}, \""datepart_method\"": \""anchored_warped_fourier:us_school\"", \""polynomial_degree\"": null, \""holiday_countries_used\"": true, \""lags\"": null, \""forward_lags\"": null, \""regression_type\"": null}"", ""TransformationParameters"": ""{\""fillna\"": \""linear\"", \""transformations\"": {}, \""transformation_params\"": {}}""}, ""927f8c402d93eba11011ff9ae8879530"": {""Model"": ""WindowRegression"", ""ModelParameters"": ""{\""window_size\"": 24, \""input_dim\"": \""univariate\"", \""output_dim\"": \""1step\"", \""normalize_window\"": false, \""max_windows\"": 5000000, \""fourier_encoding_components\"": null, \""scale\"": true, \""datepart_method\"": null, \""regression_type\"": null, \""regression_model\"": {\""model\"": \""ElasticNet\"", \""model_params\"": {\""l1_ratio\"": 0.5, \""fit_intercept\"": true, \""selection\"": \""cyclic\"", \""max_iter\"": 2000}}}"", ""TransformationParameters"": ""{\""fillna\"": \""akima\"", \""transformations\"": {\""0\"": \""DatepartRegression\"", \""1\"": \""Scaler\"", \""2\"": \""Scaler\""}, \""transformation_params\"": {\""0\"": {\""regression_model\"": {\""model\"": \""ElasticNet\"", \""model_params\"": {\""l1_ratio\"": 0.5, \""fit_intercept\"": true, \""selection\"": \""cyclic\"", \""max_iter\"": 1000}}, \""datepart_method\"": \""recurring\"", \""polynomial_degree\"": null, \""transform_dict\"": null, \""holiday_countries_used\"": false, \""lags\"": null, \""forward_lags\"": null}, \""1\"": {}, \""2\"": {}}}""}, ""4483a91438b744994df7703319d24419"": {""Model"": ""ARIMA"", ""ModelParameters"": ""{\""p\"": 4, \""d\"": 1, \""q\"": 4, \""regression_type\"": null}"", ""TransformationParameters"": ""{\""fillna\"": \""zero\"", \""transformations\"": {\""0\"": null}, \""transformation_params\"": {\""0\"": {}}}""}}, ""model_weights"": {}, ""point_method"": ""mean""}","{""fillna"": ""linear"", ""transformations"": {""0"": ""Constraint""}, ""transformation_params"": {""0"": {""constraint_method"": ""quantile"", ""constraint_direction"": ""lower"", ""constraint_regularization"": 0.7, ""constraint_value"": 0.5, ""bounds_only"": false, ""fillna"": ""linear""}}}",1,1,19.943959891753952,1.408601690011029,1.614008788717294,0.512291334746359,1.408601690011029,0.0,-0.8354618035471741,0.8213369403898255,168.19674099777632,1.4078820494165005,0.9466127392131153,0.19166666666666668,0.45,4.123936134477239,0.975,1.488844153960171,1.1915666339723165,6.521881739415915,4.078220459818949,0.07037826715145444,167.36127919422913,59.83647083869999,32.34012122172198,0.21094326794054793,19.943959891753952,1.408601690011029,1.614008788717294,0.512291334746359,1.408601690011029,0.0,0.8213369403898255,1.4078820494165005,0.9466127392131153,4.123936134477239,0.975,1.488844153960171,1.1915666339723165,6.521881739415915,4.078220459818949,0.07037826715145444,167.36127919422913,59.83647083869999,32.34012122172198,0.21094326794054793,0.19166666666666668,0.45,2.0623,27.890255668414266,19.84984212036623,Wh,19.84984212036623,Wh
57,6e3c7e5c599dd887c47653212768ac1d,Ensemble,"{""model_name"": ""BestN"", ""model_count"": 3, ""model_metric"": ""best_score_unique"", ""models"": {""927f8c402d93eba11011ff9ae8879530"": {""Model"": ""WindowRegression"", ""ModelParameters"": ""{\""window_size\"": 24, \""input_dim\"": \""univariate\"", \""output_dim\"": \""1step\"", \""normalize_window\"": false, \""max_windows\"": 5000000, \""fourier_encoding_components\"": null, \""scale\"": true, \""datepart_method\"": null, \""regression_type\"": null, \""regression_model\"": {\""model\"": \""ElasticNet\"", \""model_params\"": {\""l1_ratio\"": 0.5, \""fit_intercept\"": true, \""selection\"": \""cyclic\"", \""max_iter\"": 2000}}}"", ""TransformationParameters"": ""{\""fillna\"": \""akima\"", \""transformations\"": {\""0\"": \""DatepartRegression\"", \""1\"": \""Scaler\"", \""2\"": \""Scaler\""}, \""transformation_params\"": {\""0\"": {\""regression_model\"": {\""model\"": \""ElasticNet\"", \""model_params\"": {\""l1_ratio\"": 0.5, \""fit_intercept\"": true, \""selection\"": \""cyclic\"", \""max_iter\"": 1000}}, \""datepart_method\"": \""recurring\"", \""polynomial_degree\"": null, \""transform_dict\"": null, \""holiday_countries_used\"": false, \""lags\"": null, \""forward_lags\"": null}, \""1\"": {}, \""2\"": {}}}""}, ""4597814533265222b338e51fe9353b43"": {""Model"": ""DatepartRegression"", ""ModelParameters"": ""{\""regression_model\"": {\""model\"": \""ElasticNet\"", \""model_params\"": {\""l1_ratio\"": 0.1, \""fit_intercept\"": true, \""selection\"": \""cyclic\"", \""max_iter\"": 1000}}, \""datepart_method\"": \""anchored_warped_fourier:us_school\"", \""polynomial_degree\"": null, \""holiday_countries_used\"": true, \""lags\"": null, \""forward_lags\"": null, \""regression_type\"": null}"", ""TransformationParameters"": ""{\""fillna\"": \""linear\"", \""transformations\"": {}, \""transformation_params\"": {}}""}, ""4483a91438b744994df7703319d24419"": {""Model"": ""ARIMA"", ""ModelParameters"": ""{\""p\"": 4, \""d\"": 1, \""q\"": 4, \""regression_type\"": null}"", ""TransformationParameters"": ""{\""fillna\"": \""zero\"", \""transformations\"": {\""0\"": null}, \""transformation_params\"": {\""0\"": {}}}""}}, ""model_weights"": {}, ""point_method"": ""mean""}","{""fillna"": ""linear"", ""transformations"": {""0"": ""Constraint""}, ""transformation_params"": {""0"": {""constraint_method"": ""quantile"", ""constraint_direction"": ""lower"", ""constraint_regularization"": 0.7, ""constraint_value"": 0.5, ""bounds_only"": false, ""fillna"": ""linear""}}}",1,1,19.943959891753952,1.408601690011029,1.614008788717294,0.512291334746359,1.408601690011029,0.0,-0.8354618035471741,0.8213369403898255,168.19674099777632,1.4078820494165005,0.9466127392131153,0.19166666666666668,0.45,4.123936134477239,0.975,1.488844153960171,1.1915666339723165,6.521881739415915,4.078220459818949,0.07037826715145444,167.36127919422913,59.83647083869999,32.34012122172198,0.21094326794054793,19.943959891753952,1.408601690011029,1.614008788717294,0.512291334746359,1.408601690011029,0.0,0.8213369403898255,1.4078820494165005,0.9466127392131153,4.123936134477239,0.975,1.488844153960171,1.1915666339723165,6.521881739415915,4.078220459818949,0.07037826715145444,167.36127919422913,59.83647083869999,32.34012122172198,0.21094326794054793,0.19166666666666668,0.45,2.1986,27.890255668414266,19.84984212036623,Wh,19.84984212036623,Wh
58,b7028a7e9d8f454f0637d12194c01411,DatepartRegression,"{""regression_model"": {""model"": ""RandomForest"", ""model_params"": {""n_estimators"": 100, ""min_samples_leaf"": 2, ""bootstrap"": true}}, ""datepart_method"": ""expanded"", ""polynomial_degree"": null, ""holiday_countries_used"": false, ""lags"": null, ""forward_lags"": null, ""regression_type"": null}","{""fillna"": ""ffill"", ""transformations"": {""1"": ""Detrend""}, ""transformation_params"": {""1"": {""model"": ""Linear"", ""phi"": 1, ""window"": null}}}",0,1,23.202316061161095,1.6857784606169721,1.9209938973666665,0.5701615207372068,1.6857784606169721,0.0,-0.38820885772748337,0.9246372959878284,201.90520641630917,1.6855481177216427,0.5243464689664669,0.7083333333333334,0.525,4.22931640977515,0.35833333333333334,2.098292138219195,1.42221819345179,7.954437300674879,4.49317073037833,0.3846127984331484,201.5169975585817,70.30977987306113,20.0841604112035,0.25399336223548896,23.202316061161095,1.6857784606169721,1.9209938973666665,0.5701615207372068,1.6857784606169721,0.0,0.9246372959878284,1.6855481177216427,0.5243464689664669,4.22931640977515,0.35833333333333334,2.098292138219195,1.42221819345179,7.954437300674879,4.49317073037833,0.3846127984331484,201.5169975585817,70.30977987306113,20.0841604112035,0.25399336223548896,0.7083333333333334,0.525,0.658,27.768639141650787,23.755783150380083,Wh,23.755783150380083,Wh
59,75011ea5e4dc23f73dda038798280668,Ensemble,"{""model_name"": ""BestN"", ""model_count"": 5, ""model_metric"": ""mixed_metric"", ""models"": {""0a98a875055da5bcd734698018011f5e"": {""Model"": ""RollingRegression"", ""ModelParameters"": ""{\""regression_model\"": {\""model\"": \""BayesianRidge\"", \""model_params\"": {}}, \""holiday\"": false, \""mean_rolling_periods\"": 7, \""macd_periods\"": 63, \""std_rolling_periods\"": null, \""max_rolling_periods\"": null, \""min_rolling_periods\"": 2, \""ewm_var_alpha\"": null, \""quantile90_rolling_periods\"": null, \""quantile10_rolling_periods\"": null, \""ewm_alpha\"": null, \""additional_lag_periods\"": 3, \""abs_energy\"": false, \""rolling_autocorr_periods\"": null, \""nonzero_last_n\"": null, \""add_date_part\"": \""simple_2\"", \""polynomial_degree\"": null, \""x_transform\"": null, \""regression_type\"": null}"", ""TransformationParameters"": ""{\""fillna\"": \""KNNImputer\"", \""transformations\"": {\""0\"": \""DatepartRegression\"", \""1\"": \""Detrend\"", \""2\"": \""DifferencedTransformer\"", \""3\"": \""MinMaxScaler\""}, \""transformation_params\"": {\""0\"": {\""regression_model\"": {\""model\"": \""ElasticNet\"", \""model_params\"": {\""l1_ratio\"": 0.1, \""fit_intercept\"": true, \""selection\"": \""cyclic\"", \""max_iter\"": 1000}}, \""datepart_method\"": \""recurring\"", \""polynomial_degree\"": null, \""transform_dict\"": {\""fillna\"": null, \""transformations\"": {\""0\"": \""ClipOutliers\""}, \""transformation_params\"": {\""0\"": {\""method\"": \""clip\"", \""std_threshold\"": 4}}}, \""holiday_countries_used\"": true, \""lags\"": null, \""forward_lags\"": null}, \""1\"": {\""model\"": \""GLS\"", \""phi\"": 1, \""window\"": 10, \""transform_dict\"": {\""fillna\"": null, \""transformations\"": {\""0\"": \""Discretize\""}, \""transformation_params\"": {\""0\"": {\""discretization\"": \""center\"", \""n_bins\"": 20}}}}, \""2\"": {\""lag\"": 1, \""fill\"": \""bfill\""}, \""3\"": {}}}""}, ""927f8c402d93eba11011ff9ae8879530"": {""Model"": ""WindowRegression"", ""ModelParameters"": ""{\""window_size\"": 24, \""input_dim\"": \""univariate\"", \""output_dim\"": \""1step\"", \""normalize_window\"": false, \""max_windows\"": 5000000, \""fourier_encoding_components\"": null, \""scale\"": true, \""datepart_method\"": null, \""regression_type\"": null, \""regression_model\"": {\""model\"": \""ElasticNet\"", \""model_params\"": {\""l1_ratio\"": 0.5, \""fit_intercept\"": true, \""selection\"": \""cyclic\"", \""max_iter\"": 2000}}}"", ""TransformationParameters"": ""{\""fillna\"": \""akima\"", \""transformations\"": {\""0\"": \""DatepartRegression\"", \""1\"": \""Scaler\"", \""2\"": \""Scaler\""}, \""transformation_params\"": {\""0\"": {\""regression_model\"": {\""model\"": \""ElasticNet\"", \""model_params\"": {\""l1_ratio\"": 0.5, \""fit_intercept\"": true, \""selection\"": \""cyclic\"", \""max_iter\"": 1000}}, \""datepart_method\"": \""recurring\"", \""polynomial_degree\"": null, \""transform_dict\"": null, \""holiday_countries_used\"": false, \""lags\"": null, \""forward_lags\"": null}, \""1\"": {}, \""2\"": {}}}""}, ""b64de7c386a7fef4fbd9b08033fa98b2"": {""Model"": ""WindowRegression"", ""ModelParameters"": ""{\""window_size\"": 10, \""input_dim\"": \""univariate\"", \""output_dim\"": \""1step\"", \""normalize_window\"": false, \""max_windows\"": 5000000, \""fourier_encoding_components\"": null, \""scale\"": true, \""datepart_method\"": null, \""regression_type\"": null, \""regression_model\"": {\""model\"": \""SVM\"", \""model_params\"": {\""C\"": 0.1, \""tol\"": 0.001, \""epsilon\"": 0.0, \""loss\"": \""squared_epsilon_insensitive\"", \""max_iter\"": 50}}}"", ""TransformationParameters"": ""{\""fillna\"": \""ffill\"", \""transformations\"": {\""0\"": \""DatepartRegression\"", \""1\"": \""DatepartRegression\"", \""2\"": \""DatepartRegression\"", \""3\"": \""DatepartRegression\""}, \""transformation_params\"": {\""0\"": {\""regression_model\"": {\""model\"": \""ElasticNet\"", \""model_params\"": {\""l1_ratio\"": 0.9, \""fit_intercept\"": true, \""selection\"": \""cyclic\"", \""max_iter\"": 1000}}, \""datepart_method\"": \""common_fourier\"", \""polynomial_degree\"": null, \""transform_dict\"": null, \""holiday_countries_used\"": true, \""lags\"": null, \""forward_lags\"": null}, \""1\"": {\""regression_model\"": {\""model\"": \""DecisionTree\"", \""model_params\"": {\""max_depth\"": null, \""min_samples_split\"": 2}}, \""datepart_method\"": \""simple_binarized\"", \""polynomial_degree\"": null, \""transform_dict\"": {\""fillna\"": null, \""transformations\"": {\""0\"": \""ScipyFilter\""}, \""transformation_params\"": {\""0\"": {\""method\"": \""savgol_filter\"", \""method_args\"": {\""window_length\"": 31, \""polyorder\"": 3, \""deriv\"": 0, \""mode\"": \""interp\""}}}}, \""holiday_countries_used\"": false, \""lags\"": null, \""forward_lags\"": null}, \""2\"": {\""regression_model\"": {\""model\"": \""ElasticNet\"", \""model_params\"": {\""l1_ratio\"": 0.5, \""fit_intercept\"": true, \""selection\"": \""cyclic\"", \""max_iter\"": 1000}}, \""datepart_method\"": [\""dayofweek\"", [365.25, 14], [354.37, 10]], \""polynomial_degree\"": null, \""transform_dict\"": null, \""holiday_countries_used\"": true, \""lags\"": null, \""forward_lags\"": 1}, \""3\"": {\""regression_model\"": {\""model\"": \""ElasticNet\"", \""model_params\"": {\""l1_ratio\"": 0.5, \""fit_intercept\"": true, \""selection\"": \""random\"", \""max_iter\"": 1000}}, \""datepart_method\"": \""simple_binarized\"", \""polynomial_degree\"": null, \""transform_dict\"": {\""fillna\"": null, \""transformations\"": {\""0\"": \""ClipOutliers\""}, \""transformation_params\"": {\""0\"": {\""method\"": \""clip\"", \""std_threshold\"": 4}}}, \""holiday_countries_used\"": false, \""lags\"": null, \""forward_lags\"": null}}}""}, ""4597814533265222b338e51fe9353b43"": {""Model"": ""DatepartRegression"", ""ModelParameters"": ""{\""regression_model\"": {\""model\"": \""ElasticNet\"", \""model_params\"": {\""l1_ratio\"": 0.1, \""fit_intercept\"": true, \""selection\"": \""cyclic\"", \""max_iter\"": 1000}}, \""datepart_method\"": \""anchored_warped_fourier:us_school\"", \""polynomial_degree\"": null, \""holiday_countries_used\"": true, \""lags\"": null, \""forward_lags\"": null, \""regression_type\"": null}"", ""TransformationParameters"": ""{\""fillna\"": \""linear\"", \""transformations\"": {}, \""transformation_params\"": {}}""}, ""b8ca7c68f17113471e9165689e1f0c16"": {""Model"": ""WindowRegression"", ""ModelParameters"": ""{\""window_size\"": 16, \""input_dim\"": \""univariate\"", \""output_dim\"": \""1step\"", \""normalize_window\"": false, \""max_windows\"": 5000, \""fourier_encoding_components\"": null, \""scale\"": true, \""datepart_method\"": null, \""regression_type\"": null, \""regression_model\"": {\""model\"": \""KNN\"", \""model_params\"": {\""n_neighbors\"": 5, \""weights\"": \""uniform\"", \""p\"": 2, \""leaf_size\"": 30}}}"", ""TransformationParameters"": ""{\""fillna\"": \""ffill_mean_biased\"", \""transformations\"": {\""0\"": \""Scaler\"", \""1\"": \""DifferencedTransformer\"", \""2\"": \""Scaler\"", \""3\"": \""Detrend\"", \""4\"": \""MinMaxScaler\""}, \""transformation_params\"": {\""0\"": {}, \""1\"": {\""lag\"": 1, \""fill\"": \""bfill\""}, \""2\"": {}, \""3\"": {\""model\"": \""Linear\"", \""phi\"": 1, \""window\"": 900, \""transform_dict\"": null}, \""4\"": {}}}""}}, ""point_method"": ""median"", ""model_weights"": {}}","{""fillna"": ""linear"", ""transformations"": {""0"": ""Constraint""}, ""transformation_params"": {""0"": {""constraint_method"": ""quantile"", ""constraint_direction"": ""lower"", ""constraint_regularization"": 0.7, ""constraint_value"": 0.5, ""bounds_only"": false, ""fillna"": ""linear""}}}",1,1,19.701302639579062,1.388915652412301,1.5962235134944514,0.5100898826121086,1.388915652412301,0.0,-0.8886019145518818,0.8125228417846546,165.78127637492423,1.3880565920346233,0.9403182035173722,0.21666666666666667,0.475,4.094076224112327,0.975,1.4831452534455007,1.171789061665314,6.437151596770158,4.113933108086656,0.010308595414299983,164.89267446037235,58.915196902414245,34.29029078465412,0.20783182213707196,19.701302639579062,1.388915652412301,1.5962235134944514,0.5100898826121086,1.388915652412301,0.0,0.8125228417846546,1.3880565920346233,0.9403182035173722,4.094076224112327,0.975,1.4831452534455007,1.171789061665314,6.437151596770158,4.113933108086656,0.010308595414299983,164.89267446037235,58.915196902414245,34.29029078465412,0.20783182213707196,0.21666666666666667,0.475,5.3631,27.59185526382351,19.57242889483809,Wh,19.57242889483809,Wh
60,34c37fd273b1873858cd6ac057528219,Ensemble,"{""model_name"": ""BestN"", ""model_count"": 3, ""model_metric"": ""best_score"", ""models"": {""927f8c402d93eba11011ff9ae8879530"": {""Model"": ""WindowRegression"", ""ModelParameters"": ""{\""window_size\"": 24, \""input_dim\"": \""univariate\"", \""output_dim\"": \""1step\"", \""normalize_window\"": false, \""max_windows\"": 5000000, \""fourier_encoding_components\"": null, \""scale\"": true, \""datepart_method\"": null, \""regression_type\"": null, \""regression_model\"": {\""model\"": \""ElasticNet\"", \""model_params\"": {\""l1_ratio\"": 0.5, \""fit_intercept\"": true, \""selection\"": \""cyclic\"", \""max_iter\"": 2000}}}"", ""TransformationParameters"": ""{\""fillna\"": \""akima\"", \""transformations\"": {\""0\"": \""DatepartRegression\"", \""1\"": \""Scaler\"", \""2\"": \""Scaler\""}, \""transformation_params\"": {\""0\"": {\""regression_model\"": {\""model\"": \""ElasticNet\"", \""model_params\"": {\""l1_ratio\"": 0.5, \""fit_intercept\"": true, \""selection\"": \""cyclic\"", \""max_iter\"": 1000}}, \""datepart_method\"": \""recurring\"", \""polynomial_degree\"": null, \""transform_dict\"": null, \""holiday_countries_used\"": false, \""lags\"": null, \""forward_lags\"": null}, \""1\"": {}, \""2\"": {}}}""}, ""4597814533265222b338e51fe9353b43"": {""Model"": ""DatepartRegression"", ""ModelParameters"": ""{\""regression_model\"": {\""model\"": \""ElasticNet\"", \""model_params\"": {\""l1_ratio\"": 0.1, \""fit_intercept\"": true, \""selection\"": \""cyclic\"", \""max_iter\"": 1000}}, \""datepart_method\"": \""anchored_warped_fourier:us_school\"", \""polynomial_degree\"": null, \""holiday_countries_used\"": true, \""lags\"": null, \""forward_lags\"": null, \""regression_type\"": null}"", ""TransformationParameters"": ""{\""fillna\"": \""linear\"", \""transformations\"": {}, \""transformation_params\"": {}}""}, ""4483a91438b744994df7703319d24419"": {""Model"": ""ARIMA"", ""ModelParameters"": ""{\""p\"": 4, \""d\"": 1, \""q\"": 4, \""regression_type\"": null}"", ""TransformationParameters"": ""{\""fillna\"": \""zero\"", \""transformations\"": {\""0\"": null}, \""transformation_params\"": {\""0\"": {}}}""}}, ""model_weights"": {}, ""point_method"": ""mean""}","{""fillna"": ""zero"", ""transformations"": {""0"": ""AnomalyRemoval"", ""1"": ""EWMAFilter"", ""2"": ""AlignLastValue""}, ""transformation_params"": {""0"": {""method"": ""med_diff"", ""method_params"": {""distribution"": ""norm"", ""alpha"": 0.05}, ""fillna"": ""rolling_mean_24"", ""transform_dict"": {""fillna"": null, ""transformations"": {""0"": ""EWMAFilter""}, ""transformation_params"": {""0"": {""span"": 7}}}, ""isolated_only"": false, ""on_inverse"": false}, ""1"": {""span"": 7}, ""2"": {""rows"": 1, ""lag"": 1, ""method"": ""multiplicative"", ""strength"": 1.0, ""first_value_only"": false, ""threshold"": 1, ""threshold_method"": ""max""}}}",1,1,21.81052342891709,1.5624624042487818,1.7591066464137621,0.5252750139734217,1.5624624042487818,0.0,-0.26890932110434385,0.8859126279562505,187.22657918874947,1.5623290081039978,0.44483754932479325,0.7583333333333333,0.45,4.329737453683821,0.5583333333333333,1.8181243026793987,1.3422741953396342,7.1423484594790105,4.846084052724468,0.22035036452708487,186.95766986764514,68.28404510678533,26.939770743606104,0.23564268890812254,21.81052342891709,1.5624624042487818,1.7591066464137621,0.5252750139734217,1.5624624042487818,0.0,0.8859126279562505,1.5623290081039978,0.44483754932479325,4.329737453683821,0.5583333333333333,1.8181243026793987,1.3422741953396342,7.1423484594790105,4.846084052724468,0.22035036452708487,186.95766986764514,68.28404510678533,26.939770743606104,0.23564268890812254,0.7583333333333333,0.45,2.1972,25.513576229995238,22.018028420158515,Wh,22.018028420158515,Wh
61,586a86b6534220bd8f21bb99ef014d7e,Ensemble,"{""model_name"": ""BestN"", ""model_count"": 3, ""model_metric"": ""best_score_unique"", ""models"": {""927f8c402d93eba11011ff9ae8879530"": {""Model"": ""WindowRegression"", ""ModelParameters"": ""{\""window_size\"": 24, \""input_dim\"": \""univariate\"", \""output_dim\"": \""1step\"", \""normalize_window\"": false, \""max_windows\"": 5000000, \""fourier_encoding_components\"": null, \""scale\"": true, \""datepart_method\"": null, \""regression_type\"": null, \""regression_model\"": {\""model\"": \""ElasticNet\"", \""model_params\"": {\""l1_ratio\"": 0.5, \""fit_intercept\"": true, \""selection\"": \""cyclic\"", \""max_iter\"": 2000}}}"", ""TransformationParameters"": ""{\""fillna\"": \""akima\"", \""transformations\"": {\""0\"": \""DatepartRegression\"", \""1\"": \""Scaler\"", \""2\"": \""Scaler\""}, \""transformation_params\"": {\""0\"": {\""regression_model\"": {\""model\"": \""ElasticNet\"", \""model_params\"": {\""l1_ratio\"": 0.5, \""fit_intercept\"": true, \""selection\"": \""cyclic\"", \""max_iter\"": 1000}}, \""datepart_method\"": \""recurring\"", \""polynomial_degree\"": null, \""transform_dict\"": null, \""holiday_countries_used\"": false, \""lags\"": null, \""forward_lags\"": null}, \""1\"": {}, \""2\"": {}}}""}, ""4597814533265222b338e51fe9353b43"": {""Model"": ""DatepartRegression"", ""ModelParameters"": ""{\""regression_model\"": {\""model\"": \""ElasticNet\"", \""model_params\"": {\""l1_ratio\"": 0.1, \""fit_intercept\"": true, \""selection\"": \""cyclic\"", \""max_iter\"": 1000}}, \""datepart_method\"": \""anchored_warped_fourier:us_school\"", \""polynomial_degree\"": null, \""holiday_countries_used\"": true, \""lags\"": null, \""forward_lags\"": null, \""regression_type\"": null}"", ""TransformationParameters"": ""{\""fillna\"": \""linear\"", \""transformations\"": {}, \""transformation_params\"": {}}""}, ""4483a91438b744994df7703319d24419"": {""Model"": ""ARIMA"", ""ModelParameters"": ""{\""p\"": 4, \""d\"": 1, \""q\"": 4, \""regression_type\"": null}"", ""TransformationParameters"": ""{\""fillna\"": \""zero\"", \""transformations\"": {\""0\"": null}, \""transformation_params\"": {\""0\"": {}}}""}}, ""model_weights"": {}, ""point_method"": ""mean""}","{""fillna"": ""zero"", ""transformations"": {""0"": ""AnomalyRemoval"", ""1"": ""EWMAFilter"", ""2"": ""AlignLastValue""}, ""transformation_params"": {""0"": {""method"": ""med_diff"", ""method_params"": {""distribution"": ""norm"", ""alpha"": 0.05}, ""fillna"": ""rolling_mean_24"", ""transform_dict"": {""fillna"": null, ""transformations"": {""0"": ""EWMAFilter""}, ""transformation_params"": {""0"": {""span"": 7}}}, ""isolated_only"": false, ""on_inverse"": false}, ""1"": {""span"": 7}, ""2"": {""rows"": 1, ""lag"": 1, ""method"": ""multiplicative"", ""strength"": 1.0, ""first_value_only"": false, ""threshold"": 1, ""threshold_method"": ""max""}}}",1,1,21.81052342891709,1.5624624042487818,1.7591066464137621,0.5252750139734217,1.5624624042487818,0.0,-0.26890932110434385,0.8859126279562505,187.22657918874947,1.5623290081039978,0.44483754932479325,0.7583333333333333,0.45,4.329737453683821,0.5583333333333333,1.8181243026793987,1.3422741953396342,7.1423484594790105,4.846084052724468,0.22035036452708487,186.95766986764514,68.28404510678533,26.939770743606104,0.23564268890812254,21.81052342891709,1.5624624042487818,1.7591066464137621,0.5252750139734217,1.5624624042487818,0.0,0.8859126279562505,1.5623290081039978,0.44483754932479325,4.329737453683821,0.5583333333333333,1.8181243026793987,1.3422741953396342,7.1423484594790105,4.846084052724468,0.22035036452708487,186.95766986764514,68.28404510678533,26.939770743606104,0.23564268890812254,0.7583333333333333,0.45,2.2339,25.513576229995238,22.018028420158515,Wh,22.018028420158515,Wh
62,e4fee798b0e6dbde10dc6351e5724666,Ensemble,"{""model_name"": ""BestN"", ""model_count"": 3, ""model_metric"": ""horizontal"", ""models"": {""4597814533265222b338e51fe9353b43"": {""Model"": ""DatepartRegression"", ""ModelParameters"": ""{\""regression_model\"": {\""model\"": \""ElasticNet\"", \""model_params\"": {\""l1_ratio\"": 0.1, \""fit_intercept\"": true, \""selection\"": \""cyclic\"", \""max_iter\"": 1000}}, \""datepart_method\"": \""anchored_warped_fourier:us_school\"", \""polynomial_degree\"": null, \""holiday_countries_used\"": true, \""lags\"": null, \""forward_lags\"": null, \""regression_type\"": null}"", ""TransformationParameters"": ""{\""fillna\"": \""linear\"", \""transformations\"": {}, \""transformation_params\"": {}}""}, ""927f8c402d93eba11011ff9ae8879530"": {""Model"": ""WindowRegression"", ""ModelParameters"": ""{\""window_size\"": 24, \""input_dim\"": \""univariate\"", \""output_dim\"": \""1step\"", \""normalize_window\"": false, \""max_windows\"": 5000000, \""fourier_encoding_components\"": null, \""scale\"": true, \""datepart_method\"": null, \""regression_type\"": null, \""regression_model\"": {\""model\"": \""ElasticNet\"", \""model_params\"": {\""l1_ratio\"": 0.5, \""fit_intercept\"": true, \""selection\"": \""cyclic\"", \""max_iter\"": 2000}}}"", ""TransformationParameters"": ""{\""fillna\"": \""akima\"", \""transformations\"": {\""0\"": \""DatepartRegression\"", \""1\"": \""Scaler\"", \""2\"": \""Scaler\""}, \""transformation_params\"": {\""0\"": {\""regression_model\"": {\""model\"": \""ElasticNet\"", \""model_params\"": {\""l1_ratio\"": 0.5, \""fit_intercept\"": true, \""selection\"": \""cyclic\"", \""max_iter\"": 1000}}, \""datepart_method\"": \""recurring\"", \""polynomial_degree\"": null, \""transform_dict\"": null, \""holiday_countries_used\"": false, \""lags\"": null, \""forward_lags\"": null}, \""1\"": {}, \""2\"": {}}}""}, ""4483a91438b744994df7703319d24419"": {""Model"": ""ARIMA"", ""ModelParameters"": ""{\""p\"": 4, \""d\"": 1, \""q\"": 4, \""regression_type\"": null}"", ""TransformationParameters"": ""{\""fillna\"": \""zero\"", \""transformations\"": {\""0\"": null}, \""transformation_params\"": {\""0\"": {}}}""}}, ""model_weights"": {}, ""point_method"": ""mean""}","{""fillna"": ""zero"", ""transformations"": {""0"": ""AnomalyRemoval"", ""1"": ""EWMAFilter"", ""2"": ""AlignLastValue""}, ""transformation_params"": {""0"": {""method"": ""med_diff"", ""method_params"": {""distribution"": ""norm"", ""alpha"": 0.05}, ""fillna"": ""rolling_mean_24"", ""transform_dict"": {""fillna"": null, ""transformations"": {""0"": ""EWMAFilter""}, ""transformation_params"": {""0"": {""span"": 7}}}, ""isolated_only"": false, ""on_inverse"": false}, ""1"": {""span"": 7}, ""2"": {""rows"": 1, ""lag"": 1, ""method"": ""multiplicative"", ""strength"": 1.0, ""first_value_only"": false, ""threshold"": 1, ""threshold_method"": ""max""}}}",1,1,21.81052342891709,1.5624624042487818,1.7591066464137621,0.5252750139734217,1.5624624042487818,0.0,-0.26890932110434385,0.8859126279562505,187.22657918874947,1.5623290081039978,0.44483754932479325,0.7583333333333333,0.45,4.329737453683821,0.5583333333333333,1.8181243026793987,1.3422741953396342,7.1423484594790105,4.846084052724468,0.22035036452708487,186.95766986764514,68.28404510678533,26.939770743606104,0.23564268890812254,21.81052342891709,1.5624624042487818,1.7591066464137621,0.5252750139734217,1.5624624042487818,0.0,0.8859126279562505,1.5623290081039978,0.44483754932479325,4.329737453683821,0.5583333333333333,1.8181243026793987,1.3422741953396342,7.1423484594790105,4.846084052724468,0.22035036452708487,186.95766986764514,68.28404510678533,26.939770743606104,0.23564268890812254,0.7583333333333333,0.45,2.0934,25.513576229995238,22.018028420158515,Wh,22.018028420158515,Wh
63,ff6107b7b5d6d679a9003693d0e404df,Ensemble,"{""model_name"": ""BestN"", ""model_count"": 3, ""model_metric"": ""horizontal"", ""models"": {""4597814533265222b338e51fe9353b43"": {""Model"": ""DatepartRegression"", ""ModelParameters"": ""{\""regression_model\"": {\""model\"": \""ElasticNet\"", \""model_params\"": {\""l1_ratio\"": 0.1, \""fit_intercept\"": true, \""selection\"": \""cyclic\"", \""max_iter\"": 1000}}, \""datepart_method\"": \""anchored_warped_fourier:us_school\"", \""polynomial_degree\"": null, \""holiday_countries_used\"": true, \""lags\"": null, \""forward_lags\"": null, \""regression_type\"": null}"", ""TransformationParameters"": ""{\""fillna\"": \""linear\"", \""transformations\"": {}, \""transformation_params\"": {}}""}, ""927f8c402d93eba11011ff9ae8879530"": {""Model"": ""WindowRegression"", ""ModelParameters"": ""{\""window_size\"": 24, \""input_dim\"": \""univariate\"", \""output_dim\"": \""1step\"", \""normalize_window\"": false, \""max_windows\"": 5000000, \""fourier_encoding_components\"": null, \""scale\"": true, \""datepart_method\"": null, \""regression_type\"": null, \""regression_model\"": {\""model\"": \""ElasticNet\"", \""model_params\"": {\""l1_ratio\"": 0.5, \""fit_intercept\"": true, \""selection\"": \""cyclic\"", \""max_iter\"": 2000}}}"", ""TransformationParameters"": ""{\""fillna\"": \""akima\"", \""transformations\"": {\""0\"": \""DatepartRegression\"", \""1\"": \""Scaler\"", \""2\"": \""Scaler\""}, \""transformation_params\"": {\""0\"": {\""regression_model\"": {\""model\"": \""ElasticNet\"", \""model_params\"": {\""l1_ratio\"": 0.5, \""fit_intercept\"": true, \""selection\"": \""cyclic\"", \""max_iter\"": 1000}}, \""datepart_method\"": \""recurring\"", \""polynomial_degree\"": null, \""transform_dict\"": null, \""holiday_countries_used\"": false, \""lags\"": null, \""forward_lags\"": null}, \""1\"": {}, \""2\"": {}}}""}, ""4483a91438b744994df7703319d24419"": {""Model"": ""ARIMA"", ""ModelParameters"": ""{\""p\"": 4, \""d\"": 1, \""q\"": 4, \""regression_type\"": null}"", ""TransformationParameters"": ""{\""fillna\"": \""zero\"", \""transformations\"": {\""0\"": null}, \""transformation_params\"": {\""0\"": {}}}""}}, ""model_weights"": {}, ""point_method"": ""mean""}","{""fillna"": ""fake_date"", ""transformations"": {""0"": ""AlignLastValue"", ""1"": ""AlignLastValue""}, ""transformation_params"": {""0"": {""rows"": 4, ""lag"": 28, ""method"": ""additive"", ""strength"": 0.2, ""first_value_only"": false, ""threshold"": 1, ""threshold_method"": ""max""}, ""1"": {""rows"": 1, ""lag"": 1, ""method"": ""additive"", ""strength"": 1.0, ""first_value_only"": false, ""threshold"": 1, ""threshold_method"": ""mean""}}}",1,1,21.690102683420783,1.5524287084103265,1.7496848478123306,0.5243783782945635,1.5524287084103265,0.0,-0.2948327963134769,0.8817722171420417,185.9966122129257,1.552278129922855,0.4461132329277413,0.725,0.45,4.317200709347478,0.5833333333333334,1.8027884330335062,1.3324195160777423,7.1023437738326765,4.791789256301463,0.21355752494772715,185.70177941661223,67.7432064434306,27.200802290979414,0.2340597562417872,21.690102683420783,1.5524287084103265,1.7496848478123306,0.5243783782945635,1.5524287084103265,0.0,0.8817722171420417,1.552278129922855,0.4461132329277413,4.317200709347478,0.5833333333333334,1.8027884330335062,1.3324195160777423,7.1023437738326765,4.791789256301463,0.21355752494772715,185.70177941661223,67.7432064434306,27.200802290979414,0.2340597562417872,0.725,0.45,2.0124,25.400908999747884,21.876634809963747,Wh,21.876634809963747,Wh
64,205f93d04b15a6bb947fa8cd382971df,Ensemble,"{""model_name"": ""BestN"", ""model_count"": 3, ""model_metric"": ""best_score_unique"", ""models"": {""927f8c402d93eba11011ff9ae8879530"": {""Model"": ""WindowRegression"", ""ModelParameters"": ""{\""window_size\"": 24, \""input_dim\"": \""univariate\"", \""output_dim\"": \""1step\"", \""normalize_window\"": false, \""max_windows\"": 5000000, \""fourier_encoding_components\"": null, \""scale\"": true, \""datepart_method\"": null, \""regression_type\"": null, \""regression_model\"": {\""model\"": \""ElasticNet\"", \""model_params\"": {\""l1_ratio\"": 0.5, \""fit_intercept\"": true, \""selection\"": \""cyclic\"", \""max_iter\"": 2000}}}"", ""TransformationParameters"": ""{\""fillna\"": \""akima\"", \""transformations\"": {\""0\"": \""DatepartRegression\"", \""1\"": \""Scaler\"", \""2\"": \""Scaler\""}, \""transformation_params\"": {\""0\"": {\""regression_model\"": {\""model\"": \""ElasticNet\"", \""model_params\"": {\""l1_ratio\"": 0.5, \""fit_intercept\"": true, \""selection\"": \""cyclic\"", \""max_iter\"": 1000}}, \""datepart_method\"": \""recurring\"", \""polynomial_degree\"": null, \""transform_dict\"": null, \""holiday_countries_used\"": false, \""lags\"": null, \""forward_lags\"": null}, \""1\"": {}, \""2\"": {}}}""}, ""4597814533265222b338e51fe9353b43"": {""Model"": ""DatepartRegression"", ""ModelParameters"": ""{\""regression_model\"": {\""model\"": \""ElasticNet\"", \""model_params\"": {\""l1_ratio\"": 0.1, \""fit_intercept\"": true, \""selection\"": \""cyclic\"", \""max_iter\"": 1000}}, \""datepart_method\"": \""anchored_warped_fourier:us_school\"", \""polynomial_degree\"": null, \""holiday_countries_used\"": true, \""lags\"": null, \""forward_lags\"": null, \""regression_type\"": null}"", ""TransformationParameters"": ""{\""fillna\"": \""linear\"", \""transformations\"": {}, \""transformation_params\"": {}}""}, ""4483a91438b744994df7703319d24419"": {""Model"": ""ARIMA"", ""ModelParameters"": ""{\""p\"": 4, \""d\"": 1, \""q\"": 4, \""regression_type\"": null}"", ""TransformationParameters"": ""{\""fillna\"": \""zero\"", \""transformations\"": {\""0\"": null}, \""transformation_params\"": {\""0\"": {}}}""}}, ""model_weights"": {}, ""point_method"": ""mean""}","{""fillna"": ""fake_date"", ""transformations"": {""0"": ""AlignLastValue"", ""1"": ""AlignLastValue""}, ""transformation_params"": {""0"": {""rows"": 4, ""lag"": 28, ""method"": ""additive"", ""strength"": 0.2, ""first_value_only"": false, ""threshold"": 1, ""threshold_method"": ""max""}, ""1"": {""rows"": 1, ""lag"": 1, ""method"": ""additive"", ""strength"": 1.0, ""first_value_only"": false, ""threshold"": 1, ""threshold_method"": ""mean""}}}",1,1,21.690102683420783,1.5524287084103265,1.7496848478123306,0.5243783782945635,1.5524287084103265,0.0,-0.2948327963134769,0.8817722171420417,185.9966122129257,1.552278129922855,0.4461132329277413,0.725,0.45,4.317200709347478,0.5833333333333334,1.8027884330335062,1.3324195160777423,7.1023437738326765,4.791789256301463,0.21355752494772715,185.70177941661223,67.7432064434306,27.200802290979414,0.2340597562417872,21.690102683420783,1.5524287084103265,1.7496848478123306,0.5243783782945635,1.5524287084103265,0.0,0.8817722171420417,1.552278129922855,0.4461132329277413,4.317200709347478,0.5833333333333334,1.8027884330335062,1.3324195160777423,7.1023437738326765,4.791789256301463,0.21355752494772715,185.70177941661223,67.7432064434306,27.200802290979414,0.2340597562417872,0.725,0.45,2.1468,25.400908999747884,21.876634809963747,Wh,21.876634809963747,Wh
65,239a9af2c53a0dced560495c0a34934f,Ensemble,"{""model_name"": ""BestN"", ""model_count"": 3, ""model_metric"": ""best_score"", ""models"": {""927f8c402d93eba11011ff9ae8879530"": {""Model"": ""WindowRegression"", ""ModelParameters"": ""{\""window_size\"": 24, \""input_dim\"": \""univariate\"", \""output_dim\"": \""1step\"", \""normalize_window\"": false, \""max_windows\"": 5000000, \""fourier_encoding_components\"": null, \""scale\"": true, \""datepart_method\"": null, \""regression_type\"": null, \""regression_model\"": {\""model\"": \""ElasticNet\"", \""model_params\"": {\""l1_ratio\"": 0.5, \""fit_intercept\"": true, \""selection\"": \""cyclic\"", \""max_iter\"": 2000}}}"", ""TransformationParameters"": ""{\""fillna\"": \""akima\"", \""transformations\"": {\""0\"": \""DatepartRegression\"", \""1\"": \""Scaler\"", \""2\"": \""Scaler\""}, \""transformation_params\"": {\""0\"": {\""regression_model\"": {\""model\"": \""ElasticNet\"", \""model_params\"": {\""l1_ratio\"": 0.5, \""fit_intercept\"": true, \""selection\"": \""cyclic\"", \""max_iter\"": 1000}}, \""datepart_method\"": \""recurring\"", \""polynomial_degree\"": null, \""transform_dict\"": null, \""holiday_countries_used\"": false, \""lags\"": null, \""forward_lags\"": null}, \""1\"": {}, \""2\"": {}}}""}, ""4597814533265222b338e51fe9353b43"": {""Model"": ""DatepartRegression"", ""ModelParameters"": ""{\""regression_model\"": {\""model\"": \""ElasticNet\"", \""model_params\"": {\""l1_ratio\"": 0.1, \""fit_intercept\"": true, \""selection\"": \""cyclic\"", \""max_iter\"": 1000}}, \""datepart_method\"": \""anchored_warped_fourier:us_school\"", \""polynomial_degree\"": null, \""holiday_countries_used\"": true, \""lags\"": null, \""forward_lags\"": null, \""regression_type\"": null}"", ""TransformationParameters"": ""{\""fillna\"": \""linear\"", \""transformations\"": {}, \""transformation_params\"": {}}""}, ""4483a91438b744994df7703319d24419"": {""Model"": ""ARIMA"", ""ModelParameters"": ""{\""p\"": 4, \""d\"": 1, \""q\"": 4, \""regression_type\"": null}"", ""TransformationParameters"": ""{\""fillna\"": \""zero\"", \""transformations\"": {\""0\"": null}, \""transformation_params\"": {\""0\"": {}}}""}}, ""model_weights"": {}, ""point_method"": ""mean""}","{""fillna"": ""fake_date"", ""transformations"": {""0"": ""AlignLastValue"", ""1"": ""AlignLastValue""}, ""transformation_params"": {""0"": {""rows"": 4, ""lag"": 28, ""method"": ""additive"", ""strength"": 0.2, ""first_value_only"": false, ""threshold"": 1, ""threshold_method"": ""max""}, ""1"": {""rows"": 1, ""lag"": 1, ""method"": ""additive"", ""strength"": 1.0, ""first_value_only"": false, ""threshold"": 1, ""threshold_method"": ""mean""}}}",1,1,21.690102683420783,1.5524287084103265,1.7496848478123306,0.5243783782945635,1.5524287084103265,0.0,-0.2948327963134769,0.8817722171420417,185.9966122129257,1.552278129922855,0.4461132329277413,0.725,0.45,4.317200709347478,0.5833333333333334,1.8027884330335062,1.3324195160777423,7.1023437738326765,4.791789256301463,0.21355752494772715,185.70177941661223,67.7432064434306,27.200802290979414,0.2340597562417872,21.690102683420783,1.5524287084103265,1.7496848478123306,0.5243783782945635,1.5524287084103265,0.0,0.8817722171420417,1.552278129922855,0.4461132329277413,4.317200709347478,0.5833333333333334,1.8027884330335062,1.3324195160777423,7.1023437738326765,4.791789256301463,0.21355752494772715,185.70177941661223,67.7432064434306,27.200802290979414,0.2340597562417872,0.725,0.45,2.1023,25.400908999747884,21.876634809963747,Wh,21.876634809963747,Wh
66,67efcc9a4e1982bce5f954db0fdd3a0d,Ensemble,"{""model_name"": ""BestN"", ""model_count"": 3, ""model_metric"": ""bestn_horizontal"", ""models"": {""927f8c402d93eba11011ff9ae8879530"": {""Model"": ""WindowRegression"", ""ModelParameters"": ""{\""window_size\"": 24, \""input_dim\"": \""univariate\"", \""output_dim\"": \""1step\"", \""normalize_window\"": false, \""max_windows\"": 5000000, \""fourier_encoding_components\"": null, \""scale\"": true, \""datepart_method\"": null, \""regression_type\"": null, \""regression_model\"": {\""model\"": \""ElasticNet\"", \""model_params\"": {\""l1_ratio\"": 0.5, \""fit_intercept\"": true, \""selection\"": \""cyclic\"", \""max_iter\"": 2000}}}"", ""TransformationParameters"": ""{\""fillna\"": \""akima\"", \""transformations\"": {\""0\"": \""DatepartRegression\"", \""1\"": \""Scaler\"", \""2\"": \""Scaler\""}, \""transformation_params\"": {\""0\"": {\""regression_model\"": {\""model\"": \""ElasticNet\"", \""model_params\"": {\""l1_ratio\"": 0.5, \""fit_intercept\"": true, \""selection\"": \""cyclic\"", \""max_iter\"": 1000}}, \""datepart_method\"": \""recurring\"", \""polynomial_degree\"": null, \""transform_dict\"": null, \""holiday_countries_used\"": false, \""lags\"": null, \""forward_lags\"": null}, \""1\"": {}, \""2\"": {}}}""}, ""4597814533265222b338e51fe9353b43"": {""Model"": ""DatepartRegression"", ""ModelParameters"": ""{\""regression_model\"": {\""model\"": \""ElasticNet\"", \""model_params\"": {\""l1_ratio\"": 0.1, \""fit_intercept\"": true, \""selection\"": \""cyclic\"", \""max_iter\"": 1000}}, \""datepart_method\"": \""anchored_warped_fourier:us_school\"", \""polynomial_degree\"": null, \""holiday_countries_used\"": true, \""lags\"": null, \""forward_lags\"": null, \""regression_type\"": null}"", ""TransformationParameters"": ""{\""fillna\"": \""linear\"", \""transformations\"": {}, \""transformation_params\"": {}}""}, ""4483a91438b744994df7703319d24419"": {""Model"": ""ARIMA"", ""ModelParameters"": ""{\""p\"": 4, \""d\"": 1, \""q\"": 4, \""regression_type\"": null}"", ""TransformationParameters"": ""{\""fillna\"": \""zero\"", \""transformations\"": {\""0\"": null}, \""transformation_params\"": {\""0\"": {}}}""}}, ""model_weights"": {""927f8c402d93eba11011ff9ae8879530"": 4.0, ""4597814533265222b338e51fe9353b43"": 3.0, ""4483a91438b744994df7703319d24419"": 2.0}, ""point_method"": ""mean""}","{""fillna"": ""zero"", ""transformations"": {""0"": ""AnomalyRemoval"", ""1"": ""EWMAFilter"", ""2"": ""AlignLastValue""}, ""transformation_params"": {""0"": {""method"": ""med_diff"", ""method_params"": {""distribution"": ""norm"", ""alpha"": 0.05}, ""fillna"": ""rolling_mean_24"", ""transform_dict"": {""fillna"": null, ""transformations"": {""0"": ""EWMAFilter""}, ""transformation_params"": {""0"": {""span"": 7}}}, ""isolated_only"": false, ""on_inverse"": false}, ""1"": {""span"": 7}, ""2"": {""rows"": 1, ""lag"": 1, ""method"": ""multiplicative"", ""strength"": 1.0, ""first_value_only"": false, ""threshold"": 1, ""threshold_method"": ""max""}}}",1,1,21.208543145559368,1.5123362017316864,1.7108940648164968,0.5179424638504508,1.5123362017316864,0.0,-0.41752052882920765,0.8656273962398892,181.0628236789732,1.5121020150313713,0.4354477605827025,0.7416666666666667,0.45,4.2646739904261235,0.8583333333333333,1.598837337812036,1.2933557263255964,6.937148026462179,4.632549800042019,0.15303353762049088,180.645303150144,65.60978234192642,29.499406983161347,0.22768653996949306,21.208543145559368,1.5123362017316864,1.7108940648164968,0.5179424638504508,1.5123362017316864,0.0,0.8656273962398892,1.5121020150313713,0.4354477605827025,4.2646739904261235,0.8583333333333333,1.598837337812036,1.2933557263255964,6.937148026462179,4.632549800042019,0.15303353762049088,180.645303150144,65.60978234192642,29.499406983161347,0.22768653996949306,0.7416666666666667,0.45,2.0882,24.812520140780794,21.311656126902175,Wh,21.311656126902175,Wh
67,f6e7b1e0ee407b4a5df2481f2b07af46,Ensemble,"{""model_name"": ""BestN"", ""model_count"": 3, ""model_metric"": ""bestn_horizontal"", ""models"": {""927f8c402d93eba11011ff9ae8879530"": {""Model"": ""WindowRegression"", ""ModelParameters"": ""{\""window_size\"": 24, \""input_dim\"": \""univariate\"", \""output_dim\"": \""1step\"", \""normalize_window\"": false, \""max_windows\"": 5000000, \""fourier_encoding_components\"": null, \""scale\"": true, \""datepart_method\"": null, \""regression_type\"": null, \""regression_model\"": {\""model\"": \""ElasticNet\"", \""model_params\"": {\""l1_ratio\"": 0.5, \""fit_intercept\"": true, \""selection\"": \""cyclic\"", \""max_iter\"": 2000}}}"", ""TransformationParameters"": ""{\""fillna\"": \""akima\"", \""transformations\"": {\""0\"": \""DatepartRegression\"", \""1\"": \""Scaler\"", \""2\"": \""Scaler\""}, \""transformation_params\"": {\""0\"": {\""regression_model\"": {\""model\"": \""ElasticNet\"", \""model_params\"": {\""l1_ratio\"": 0.5, \""fit_intercept\"": true, \""selection\"": \""cyclic\"", \""max_iter\"": 1000}}, \""datepart_method\"": \""recurring\"", \""polynomial_degree\"": null, \""transform_dict\"": null, \""holiday_countries_used\"": false, \""lags\"": null, \""forward_lags\"": null}, \""1\"": {}, \""2\"": {}}}""}, ""4597814533265222b338e51fe9353b43"": {""Model"": ""DatepartRegression"", ""ModelParameters"": ""{\""regression_model\"": {\""model\"": \""ElasticNet\"", \""model_params\"": {\""l1_ratio\"": 0.1, \""fit_intercept\"": true, \""selection\"": \""cyclic\"", \""max_iter\"": 1000}}, \""datepart_method\"": \""anchored_warped_fourier:us_school\"", \""polynomial_degree\"": null, \""holiday_countries_used\"": true, \""lags\"": null, \""forward_lags\"": null, \""regression_type\"": null}"", ""TransformationParameters"": ""{\""fillna\"": \""linear\"", \""transformations\"": {}, \""transformation_params\"": {}}""}, ""4483a91438b744994df7703319d24419"": {""Model"": ""ARIMA"", ""ModelParameters"": ""{\""p\"": 4, \""d\"": 1, \""q\"": 4, \""regression_type\"": null}"", ""TransformationParameters"": ""{\""fillna\"": \""zero\"", \""transformations\"": {\""0\"": null}, \""transformation_params\"": {\""0\"": {}}}""}}, ""model_weights"": {""927f8c402d93eba11011ff9ae8879530"": 4.0, ""4597814533265222b338e51fe9353b43"": 3.0, ""4483a91438b744994df7703319d24419"": 2.0}, ""point_method"": ""mean""}","{""fillna"": ""fake_date"", ""transformations"": {""0"": ""AlignLastValue"", ""1"": ""AlignLastValue""}, ""transformation_params"": {""0"": {""rows"": 4, ""lag"": 28, ""method"": ""additive"", ""strength"": 0.2, ""first_value_only"": false, ""threshold"": 1, ""threshold_method"": ""max""}, ""1"": {""rows"": 1, ""lag"": 1, ""method"": ""additive"", ""strength"": 1.0, ""first_value_only"": false, ""threshold"": 1, ""threshold_method"": ""mean""}}}",1,1,21.114992649778852,1.5046087080060138,1.7035899075066852,0.5175631250104994,1.5046087080060138,0.0,-0.449086273054915,0.862434042206804,180.10395868766676,1.5043495897624248,0.43729497037272475,0.6916666666666667,0.45,4.2550679638922055,0.9,1.5783608526067339,1.2857838375287582,6.905930638569624,4.588494235903644,0.14904921455552544,179.65487241461182,65.182188951271,29.640671265950576,0.2264381944918067,21.114992649778852,1.5046087080060138,1.7035899075066852,0.5175631250104994,1.5046087080060138,0.0,0.862434042206804,1.5043495897624248,0.43729497037272475,4.2550679638922055,0.9,1.5783608526067339,1.2857838375287582,6.905930638569624,4.588494235903644,0.14904921455552544,179.65487241461182,65.182188951271,29.640671265950576,0.2264381944918067,0.6916666666666667,0.45,1.9972,24.732541784356194,21.202761233811763,Wh,21.202761233811763,Wh
68,cc511346b891dd65f9b8f97f25ef2b77,ARIMA,"{""p"": 4, ""d"": 0, ""q"": 1, ""regression_type"": null}","{""fillna"": ""zero"", ""transformations"": {""0"": ""DatepartRegression"", ""1"": ""Detrend"", ""2"": ""Detrend"", ""3"": ""DatepartRegression"", ""4"": ""Detrend""}, ""transformation_params"": {""0"": {""regression_model"": {""model"": ""DecisionTree"", ""model_params"": {""max_depth"": 3, ""min_samples_split"": 0.05}}, ""datepart_method"": ""simple_2"", ""polynomial_degree"": null, ""transform_dict"": null, ""holiday_countries_used"": false, ""lags"": null, ""forward_lags"": null}, ""1"": {""model"": ""GLS"", ""phi"": 1, ""window"": null, ""transform_dict"": {""fillna"": null, ""transformations"": {""0"": ""ScipyFilter""}, ""transformation_params"": {""0"": {""method"": ""savgol_filter"", ""method_args"": {""window_length"": 31, ""polyorder"": 3, ""deriv"": 0, ""mode"": ""interp""}}}}}, ""2"": {""model"": ""GLS"", ""phi"": 0.998, ""window"": null, ""transform_dict"": null}, ""3"": {""regression_model"": {""model"": ""ElasticNet"", ""model_params"": {""l1_ratio"": 0.1, ""fit_intercept"": true, ""selection"": ""cyclic"", ""max_iter"": 1000}}, ""datepart_method"": ""expanded"", ""polynomial_degree"": null, ""transform_dict"": null, ""holiday_countries_used"": true, ""lags"": 2, ""forward_lags"": null}, ""4"": {""model"": ""GLS"", ""phi"": 1, ""window"": null, ""transform_dict"": null}}}",0,1,19.74115895634719,1.3934755630994557,1.6088921240307106,0.5269256037574424,1.3934755630994557,0.0,-1.350033120269674,0.812462477061533,165.867034451665,1.3921168291419126,0.49682666434072276,0.4666666666666667,0.475,3.9803049088292353,0.925,1.5355155228324482,1.1648876790789109,6.515936664958419,3.813222016600558,0.06656079130705836,164.51700133139536,57.558378463107346,32.6618148813102,0.20735832123001993,19.74115895634719,1.3934755630994557,1.6088921240307106,0.5269256037574424,1.3934755630994557,0.0,0.812462477061533,1.3921168291419126,0.49682666434072276,3.9803049088292353,0.925,1.5355155228324482,1.1648876790789109,6.515936664958419,3.813222016600558,0.06656079130705836,164.51700133139536,57.558378463107346,32.6618148813102,0.20735832123001993,0.4666666666666667,0.475,0.5311,23.87400437431875,19.636686596546717,Wh,19.636686596546717,Wh
69,c9365d61c78c414a2d25b6f810b48d4f,DatepartRegression,"{""regression_model"": {""model"": ""DecisionTree"", ""model_params"": {""max_depth"": 3, ""min_samples_split"": 2}}, ""datepart_method"": ""recurring"", ""polynomial_degree"": null, ""holiday_countries_used"": false, ""lags"": null, ""forward_lags"": null, ""regression_type"": null}","{""fillna"": ""akima"", ""transformations"": {""0"": ""DatepartRegression"", ""1"": ""Scaler""}, ""transformation_params"": {""0"": {""regression_model"": {""model"": ""ElasticNet"", ""model_params"": {""l1_ratio"": 0.5, ""fit_intercept"": true, ""selection"": ""cyclic"", ""max_iter"": 1000}}, ""datepart_method"": ""recurring"", ""polynomial_degree"": null, ""transform_dict"": null, ""holiday_countries_used"": false, ""lags"": null, ""forward_lags"": null}, ""1"": {}}}",0,1,19.906196582529855,1.4144191145331029,1.6535246431323412,0.5703164689836042,1.4144191145331029,0.0,-1.3235568984749877,0.8191002209126232,168.40673684549736,1.4126972163008196,0.44897127008105026,0.8416666666666667,0.525,4.4091005706423765,0.7083333333333334,1.7453126557415046,1.1573631766064547,6.407492377173644,3.8240441665046743,0.33703421557859664,167.08317994702236,61.06634956383096,22.52465544313343,0.21059274980218262,19.906196582529855,1.4144191145331029,1.6535246431323412,0.5703164689836042,1.4144191145331029,0.0,0.8191002209126232,1.4126972163008196,0.44897127008105026,4.4091005706423765,0.7083333333333334,1.7453126557415046,1.1573631766064547,6.407492377173644,3.8240441665046743,0.33703421557859664,167.08317994702236,61.06634956383096,22.52465544313343,0.21059274980218262,0.8416666666666667,0.525,0.185,23.74081122241474,19.931820552686162,Wh,19.931820552686162,Wh
70,7711527cbb83bbee36b27f3c959d0eb8,Ensemble,"{""model_name"": ""BestN"", ""model_count"": 5, ""model_metric"": ""bestn_horizontal"", ""models"": {""927f8c402d93eba11011ff9ae8879530"": {""Model"": ""WindowRegression"", ""ModelParameters"": ""{\""window_size\"": 24, \""input_dim\"": \""univariate\"", \""output_dim\"": \""1step\"", \""normalize_window\"": false, \""max_windows\"": 5000000, \""fourier_encoding_components\"": null, \""scale\"": true, \""datepart_method\"": null, \""regression_type\"": null, \""regression_model\"": {\""model\"": \""ElasticNet\"", \""model_params\"": {\""l1_ratio\"": 0.5, \""fit_intercept\"": true, \""selection\"": \""cyclic\"", \""max_iter\"": 2000}}}"", ""TransformationParameters"": ""{\""fillna\"": \""akima\"", \""transformations\"": {\""0\"": \""DatepartRegression\"", \""1\"": \""Scaler\"", \""2\"": \""Scaler\""}, \""transformation_params\"": {\""0\"": {\""regression_model\"": {\""model\"": \""ElasticNet\"", \""model_params\"": {\""l1_ratio\"": 0.5, \""fit_intercept\"": true, \""selection\"": \""cyclic\"", \""max_iter\"": 1000}}, \""datepart_method\"": \""recurring\"", \""polynomial_degree\"": null, \""transform_dict\"": null, \""holiday_countries_used\"": false, \""lags\"": null, \""forward_lags\"": null}, \""1\"": {}, \""2\"": {}}}""}, ""4597814533265222b338e51fe9353b43"": {""Model"": ""DatepartRegression"", ""ModelParameters"": ""{\""regression_model\"": {\""model\"": \""ElasticNet\"", \""model_params\"": {\""l1_ratio\"": 0.1, \""fit_intercept\"": true, \""selection\"": \""cyclic\"", \""max_iter\"": 1000}}, \""datepart_method\"": \""anchored_warped_fourier:us_school\"", \""polynomial_degree\"": null, \""holiday_countries_used\"": true, \""lags\"": null, \""forward_lags\"": null, \""regression_type\"": null}"", ""TransformationParameters"": ""{\""fillna\"": \""linear\"", \""transformations\"": {}, \""transformation_params\"": {}}""}, ""4483a91438b744994df7703319d24419"": {""Model"": ""ARIMA"", ""ModelParameters"": ""{\""p\"": 4, \""d\"": 1, \""q\"": 4, \""regression_type\"": null}"", ""TransformationParameters"": ""{\""fillna\"": \""zero\"", \""transformations\"": {\""0\"": null}, \""transformation_params\"": {\""0\"": {}}}""}, ""db0e41fb25290810d4a0fb21211c4c5d"": {""Model"": ""ARIMA"", ""ModelParameters"": ""{\""p\"": 4, \""d\"": 0, \""q\"": 12, \""regression_type\"": null}"", ""TransformationParameters"": ""{\""fillna\"": \""cubic\"", \""transformations\"": {}, \""transformation_params\"": {}}""}, ""b64de7c386a7fef4fbd9b08033fa98b2"": {""Model"": ""WindowRegression"", ""ModelParameters"": ""{\""window_size\"": 10, \""input_dim\"": \""univariate\"", \""output_dim\"": \""1step\"", \""normalize_window\"": false, \""max_windows\"": 5000000, \""fourier_encoding_components\"": null, \""scale\"": true, \""datepart_method\"": null, \""regression_type\"": null, \""regression_model\"": {\""model\"": \""SVM\"", \""model_params\"": {\""C\"": 0.1, \""tol\"": 0.001, \""epsilon\"": 0.0, \""loss\"": \""squared_epsilon_insensitive\"", \""max_iter\"": 50}}}"", ""TransformationParameters"": ""{\""fillna\"": \""ffill\"", \""transformations\"": {\""0\"": \""DatepartRegression\"", \""1\"": \""DatepartRegression\"", \""2\"": \""DatepartRegression\"", \""3\"": \""DatepartRegression\""}, \""transformation_params\"": {\""0\"": {\""regression_model\"": {\""model\"": \""ElasticNet\"", \""model_params\"": {\""l1_ratio\"": 0.9, \""fit_intercept\"": true, \""selection\"": \""cyclic\"", \""max_iter\"": 1000}}, \""datepart_method\"": \""common_fourier\"", \""polynomial_degree\"": null, \""transform_dict\"": null, \""holiday_countries_used\"": true, \""lags\"": null, \""forward_lags\"": null}, \""1\"": {\""regression_model\"": {\""model\"": \""DecisionTree\"", \""model_params\"": {\""max_depth\"": null, \""min_samples_split\"": 2}}, \""datepart_method\"": \""simple_binarized\"", \""polynomial_degree\"": null, \""transform_dict\"": {\""fillna\"": null, \""transformations\"": {\""0\"": \""ScipyFilter\""}, \""transformation_params\"": {\""0\"": {\""method\"": \""savgol_filter\"", \""method_args\"": {\""window_length\"": 31, \""polyorder\"": 3, \""deriv\"": 0, \""mode\"": \""interp\""}}}}, \""holiday_countries_used\"": false, \""lags\"": null, \""forward_lags\"": null}, \""2\"": {\""regression_model\"": {\""model\"": \""ElasticNet\"", \""model_params\"": {\""l1_ratio\"": 0.5, \""fit_intercept\"": true, \""selection\"": \""cyclic\"", \""max_iter\"": 1000}}, \""datepart_method\"": [\""dayofweek\"", [365.25, 14], [354.37, 10]], \""polynomial_degree\"": null, \""transform_dict\"": null, \""holiday_countries_used\"": true, \""lags\"": null, \""forward_lags\"": 1}, \""3\"": {\""regression_model\"": {\""model\"": \""ElasticNet\"", \""model_params\"": {\""l1_ratio\"": 0.5, \""fit_intercept\"": true, \""selection\"": \""random\"", \""max_iter\"": 1000}}, \""datepart_method\"": \""simple_binarized\"", \""polynomial_degree\"": null, \""transform_dict\"": {\""fillna\"": null, \""transformations\"": {\""0\"": \""ClipOutliers\""}, \""transformation_params\"": {\""0\"": {\""method\"": \""clip\"", \""std_threshold\"": 4}}}, \""holiday_countries_used\"": false, \""lags\"": null, \""forward_lags\"": null}}}""}}, ""point_method"": ""median"", ""model_weights"": {}}","{""fillna"": ""zero"", ""transformations"": {""0"": ""AnomalyRemoval"", ""1"": ""EWMAFilter"", ""2"": ""AlignLastValue""}, ""transformation_params"": {""0"": {""method"": ""med_diff"", ""method_params"": {""distribution"": ""norm"", ""alpha"": 0.05}, ""fillna"": ""rolling_mean_24"", ""transform_dict"": {""fillna"": null, ""transformations"": {""0"": ""EWMAFilter""}, ""transformation_params"": {""0"": {""span"": 7}}}, ""isolated_only"": false, ""on_inverse"": false}, ""1"": {""span"": 7}, ""2"": {""rows"": 1, ""lag"": 1, ""method"": ""multiplicative"", ""strength"": 1.0, ""first_value_only"": false, ""threshold"": 1, ""threshold_method"": ""max""}}}",1,1,20.12333811792915,1.4231461366851288,1.6252502250087746,0.5120571476629101,1.4231461366851288,0.0,-0.7871219027604539,0.8286831769202235,169.99041449945497,1.4224364496829505,0.42307995426015943,0.8583333333333333,0.48333333333333334,4.111360013952517,0.9666666666666667,1.494993939557639,1.207121465660688,6.569361147659595,4.314203175031859,0.04770076184614565,169.20329259669452,60.82035745415672,33.09202606530865,0.21326495386800431,20.12333811792915,1.4231461366851288,1.6252502250087746,0.5120571476629101,1.4231461366851288,0.0,0.8286831769202235,1.4224364496829505,0.42307995426015943,4.111360013952517,0.9666666666666667,1.494993939557639,1.207121465660688,6.569361147659595,4.314203175031859,0.04770076184614565,169.20329259669452,60.82035745415672,33.09202606530865,0.21326495386800431,0.8583333333333333,0.48333333333333334,7.0958,23.59559394386337,20.05480067767614,Wh,20.05480067767614,Wh
71,8acaf75bd9f6a320f487d6f9ae62fbae,Ensemble,"{""model_name"": ""BestN"", ""model_count"": 5, ""model_metric"": ""bestn_horizontal"", ""models"": {""927f8c402d93eba11011ff9ae8879530"": {""Model"": ""WindowRegression"", ""ModelParameters"": ""{\""window_size\"": 24, \""input_dim\"": \""univariate\"", \""output_dim\"": \""1step\"", \""normalize_window\"": false, \""max_windows\"": 5000000, \""fourier_encoding_components\"": null, \""scale\"": true, \""datepart_method\"": null, \""regression_type\"": null, \""regression_model\"": {\""model\"": \""ElasticNet\"", \""model_params\"": {\""l1_ratio\"": 0.5, \""fit_intercept\"": true, \""selection\"": \""cyclic\"", \""max_iter\"": 2000}}}"", ""TransformationParameters"": ""{\""fillna\"": \""akima\"", \""transformations\"": {\""0\"": \""DatepartRegression\"", \""1\"": \""Scaler\"", \""2\"": \""Scaler\""}, \""transformation_params\"": {\""0\"": {\""regression_model\"": {\""model\"": \""ElasticNet\"", \""model_params\"": {\""l1_ratio\"": 0.5, \""fit_intercept\"": true, \""selection\"": \""cyclic\"", \""max_iter\"": 1000}}, \""datepart_method\"": \""recurring\"", \""polynomial_degree\"": null, \""transform_dict\"": null, \""holiday_countries_used\"": false, \""lags\"": null, \""forward_lags\"": null}, \""1\"": {}, \""2\"": {}}}""}, ""4597814533265222b338e51fe9353b43"": {""Model"": ""DatepartRegression"", ""ModelParameters"": ""{\""regression_model\"": {\""model\"": \""ElasticNet\"", \""model_params\"": {\""l1_ratio\"": 0.1, \""fit_intercept\"": true, \""selection\"": \""cyclic\"", \""max_iter\"": 1000}}, \""datepart_method\"": \""anchored_warped_fourier:us_school\"", \""polynomial_degree\"": null, \""holiday_countries_used\"": true, \""lags\"": null, \""forward_lags\"": null, \""regression_type\"": null}"", ""TransformationParameters"": ""{\""fillna\"": \""linear\"", \""transformations\"": {}, \""transformation_params\"": {}}""}, ""4483a91438b744994df7703319d24419"": {""Model"": ""ARIMA"", ""ModelParameters"": ""{\""p\"": 4, \""d\"": 1, \""q\"": 4, \""regression_type\"": null}"", ""TransformationParameters"": ""{\""fillna\"": \""zero\"", \""transformations\"": {\""0\"": null}, \""transformation_params\"": {\""0\"": {}}}""}, ""db0e41fb25290810d4a0fb21211c4c5d"": {""Model"": ""ARIMA"", ""ModelParameters"": ""{\""p\"": 4, \""d\"": 0, \""q\"": 12, \""regression_type\"": null}"", ""TransformationParameters"": ""{\""fillna\"": \""cubic\"", \""transformations\"": {}, \""transformation_params\"": {}}""}, ""b64de7c386a7fef4fbd9b08033fa98b2"": {""Model"": ""WindowRegression"", ""ModelParameters"": ""{\""window_size\"": 10, \""input_dim\"": \""univariate\"", \""output_dim\"": \""1step\"", \""normalize_window\"": false, \""max_windows\"": 5000000, \""fourier_encoding_components\"": null, \""scale\"": true, \""datepart_method\"": null, \""regression_type\"": null, \""regression_model\"": {\""model\"": \""SVM\"", \""model_params\"": {\""C\"": 0.1, \""tol\"": 0.001, \""epsilon\"": 0.0, \""loss\"": \""squared_epsilon_insensitive\"", \""max_iter\"": 50}}}"", ""TransformationParameters"": ""{\""fillna\"": \""ffill\"", \""transformations\"": {\""0\"": \""DatepartRegression\"", \""1\"": \""DatepartRegression\"", \""2\"": \""DatepartRegression\"", \""3\"": \""DatepartRegression\""}, \""transformation_params\"": {\""0\"": {\""regression_model\"": {\""model\"": \""ElasticNet\"", \""model_params\"": {\""l1_ratio\"": 0.9, \""fit_intercept\"": true, \""selection\"": \""cyclic\"", \""max_iter\"": 1000}}, \""datepart_method\"": \""common_fourier\"", \""polynomial_degree\"": null, \""transform_dict\"": null, \""holiday_countries_used\"": true, \""lags\"": null, \""forward_lags\"": null}, \""1\"": {\""regression_model\"": {\""model\"": \""DecisionTree\"", \""model_params\"": {\""max_depth\"": null, \""min_samples_split\"": 2}}, \""datepart_method\"": \""simple_binarized\"", \""polynomial_degree\"": null, \""transform_dict\"": {\""fillna\"": null, \""transformations\"": {\""0\"": \""ScipyFilter\""}, \""transformation_params\"": {\""0\"": {\""method\"": \""savgol_filter\"", \""method_args\"": {\""window_length\"": 31, \""polyorder\"": 3, \""deriv\"": 0, \""mode\"": \""interp\""}}}}, \""holiday_countries_used\"": false, \""lags\"": null, \""forward_lags\"": null}, \""2\"": {\""regression_model\"": {\""model\"": \""ElasticNet\"", \""model_params\"": {\""l1_ratio\"": 0.5, \""fit_intercept\"": true, \""selection\"": \""cyclic\"", \""max_iter\"": 1000}}, \""datepart_method\"": [\""dayofweek\"", [365.25, 14], [354.37, 10]], \""polynomial_degree\"": null, \""transform_dict\"": null, \""holiday_countries_used\"": true, \""lags\"": null, \""forward_lags\"": 1}, \""3\"": {\""regression_model\"": {\""model\"": \""ElasticNet\"", \""model_params\"": {\""l1_ratio\"": 0.5, \""fit_intercept\"": true, \""selection\"": \""random\"", \""max_iter\"": 1000}}, \""datepart_method\"": \""simple_binarized\"", \""polynomial_degree\"": null, \""transform_dict\"": {\""fillna\"": null, \""transformations\"": {\""0\"": \""ClipOutliers\""}, \""transformation_params\"": {\""0\"": {\""method\"": \""clip\"", \""std_threshold\"": 4}}}, \""holiday_countries_used\"": false, \""lags\"": null, \""forward_lags\"": null}}}""}}, ""point_method"": ""median"", ""model_weights"": {}}","{""fillna"": ""fake_date"", ""transformations"": {""0"": ""AlignLastValue"", ""1"": ""AlignLastValue""}, ""transformation_params"": {""0"": {""rows"": 4, ""lag"": 28, ""method"": ""additive"", ""strength"": 0.2, ""first_value_only"": false, ""threshold"": 1, ""threshold_method"": ""max""}, ""1"": {""rows"": 1, ""lag"": 1, ""method"": ""additive"", ""strength"": 1.0, ""first_value_only"": false, ""threshold"": 1, ""threshold_method"": ""mean""}}}",1,1,20.05492159783684,1.4175766013475917,1.62010904699428,0.5119704906491922,1.4175766013475917,0.0,-0.8103766179442324,0.8262501685325738,169.29881554376678,1.4168360072416604,0.42132719489225257,0.825,0.48333333333333334,4.105559114163837,0.9666666666666667,1.4933995665625097,1.2015990062004738,6.546866361222589,4.279548995476911,0.04708224045866562,168.48843892582255,60.51044042223096,33.10934648257486,0.21236394755304883,20.05492159783684,1.4175766013475917,1.62010904699428,0.5119704906491922,1.4175766013475917,0.0,0.8262501685325738,1.4168360072416604,0.42132719489225257,4.105559114163837,0.9666666666666667,1.4933995665625097,1.2015990062004738,6.546866361222589,4.279548995476911,0.04708224045866562,168.48843892582255,60.51044042223096,33.10934648257486,0.21236394755304883,0.825,0.48333333333333334,7.0011,23.51144971517828,19.976315469318166,Wh,19.976315469318166,Wh
72,f35b128a207ce709972c167568d19770,RollingRegression,"{""regression_model"": {""model"": ""ExtraTrees"", ""model_params"": {""n_estimators"": 100, ""min_samples_leaf"": 1, ""max_depth"": 10}}, ""holiday"": false, ""mean_rolling_periods"": null, ""macd_periods"": null, ""std_rolling_periods"": null, ""max_rolling_periods"": 420, ""min_rolling_periods"": 7, ""ewm_var_alpha"": null, ""quantile90_rolling_periods"": null, ""quantile10_rolling_periods"": null, ""ewm_alpha"": null, ""additional_lag_periods"": 363, ""abs_energy"": false, ""rolling_autocorr_periods"": null, ""nonzero_last_n"": null, ""add_date_part"": ""expanded"", ""polynomial_degree"": null, ""x_transform"": null, ""regression_type"": null}","{""fillna"": ""ffill_mean_biased"", ""transformations"": {}, ""transformation_params"": {}}",0,1,19.529944722963542,1.3854235930325307,1.6216970024166812,0.631178971276363,1.3854235930325307,0.0,-1.7815945474509727,0.8075344621276053,164.4692366164527,1.3830780526662794,0.4407280084942983,0.85,0.49166666666666664,4.35886783740173,0.7666666666666667,1.7001853548811068,1.1384417193447984,6.309015373249025,2.639743577017086,0.5852605983201565,162.68764206900173,58.65294440514501,10.337927050403364,0.20505258466476112,19.529944722963542,1.3854235930325307,1.6216970024166812,0.631178971276363,1.3854235930325307,0.0,0.8075344621276053,1.3830780526662794,0.4407280084942983,4.35886783740173,0.7666666666666667,1.7001853548811068,1.1384417193447984,6.309015373249025,2.639743577017086,0.5852605983201565,162.68764206900173,58.65294440514501,10.337927050403364,0.20505258466476112,0.85,0.49166666666666664,4.5558,23.291450585389136,19.523219222682407,Wh,19.523219222682407,Wh
73,95e42465bb666bec4b0281ba8c168de9,Ensemble,"{""model_name"": ""BestN"", ""model_count"": 5, ""model_metric"": ""bestn_horizontal"", ""models"": {""927f8c402d93eba11011ff9ae8879530"": {""Model"": ""WindowRegression"", ""ModelParameters"": ""{\""window_size\"": 24, \""input_dim\"": \""univariate\"", \""output_dim\"": \""1step\"", \""normalize_window\"": false, \""max_windows\"": 5000000, \""fourier_encoding_components\"": null, \""scale\"": true, \""datepart_method\"": null, \""regression_type\"": null, \""regression_model\"": {\""model\"": \""ElasticNet\"", \""model_params\"": {\""l1_ratio\"": 0.5, \""fit_intercept\"": true, \""selection\"": \""cyclic\"", \""max_iter\"": 2000}}}"", ""TransformationParameters"": ""{\""fillna\"": \""akima\"", \""transformations\"": {\""0\"": \""DatepartRegression\"", \""1\"": \""Scaler\"", \""2\"": \""Scaler\""}, \""transformation_params\"": {\""0\"": {\""regression_model\"": {\""model\"": \""ElasticNet\"", \""model_params\"": {\""l1_ratio\"": 0.5, \""fit_intercept\"": true, \""selection\"": \""cyclic\"", \""max_iter\"": 1000}}, \""datepart_method\"": \""recurring\"", \""polynomial_degree\"": null, \""transform_dict\"": null, \""holiday_countries_used\"": false, \""lags\"": null, \""forward_lags\"": null}, \""1\"": {}, \""2\"": {}}}""}, ""4597814533265222b338e51fe9353b43"": {""Model"": ""DatepartRegression"", ""ModelParameters"": ""{\""regression_model\"": {\""model\"": \""ElasticNet\"", \""model_params\"": {\""l1_ratio\"": 0.1, \""fit_intercept\"": true, \""selection\"": \""cyclic\"", \""max_iter\"": 1000}}, \""datepart_method\"": \""anchored_warped_fourier:us_school\"", \""polynomial_degree\"": null, \""holiday_countries_used\"": true, \""lags\"": null, \""forward_lags\"": null, \""regression_type\"": null}"", ""TransformationParameters"": ""{\""fillna\"": \""linear\"", \""transformations\"": {}, \""transformation_params\"": {}}""}, ""4483a91438b744994df7703319d24419"": {""Model"": ""ARIMA"", ""ModelParameters"": ""{\""p\"": 4, \""d\"": 1, \""q\"": 4, \""regression_type\"": null}"", ""TransformationParameters"": ""{\""fillna\"": \""zero\"", \""transformations\"": {\""0\"": null}, \""transformation_params\"": {\""0\"": {}}}""}, ""db0e41fb25290810d4a0fb21211c4c5d"": {""Model"": ""ARIMA"", ""ModelParameters"": ""{\""p\"": 4, \""d\"": 0, \""q\"": 12, \""regression_type\"": null}"", ""TransformationParameters"": ""{\""fillna\"": \""cubic\"", \""transformations\"": {}, \""transformation_params\"": {}}""}, ""b64de7c386a7fef4fbd9b08033fa98b2"": {""Model"": ""WindowRegression"", ""ModelParameters"": ""{\""window_size\"": 10, \""input_dim\"": \""univariate\"", \""output_dim\"": \""1step\"", \""normalize_window\"": false, \""max_windows\"": 5000000, \""fourier_encoding_components\"": null, \""scale\"": true, \""datepart_method\"": null, \""regression_type\"": null, \""regression_model\"": {\""model\"": \""SVM\"", \""model_params\"": {\""C\"": 0.1, \""tol\"": 0.001, \""epsilon\"": 0.0, \""loss\"": \""squared_epsilon_insensitive\"", \""max_iter\"": 50}}}"", ""TransformationParameters"": ""{\""fillna\"": \""ffill\"", \""transformations\"": {\""0\"": \""DatepartRegression\"", \""1\"": \""DatepartRegression\"", \""2\"": \""DatepartRegression\"", \""3\"": \""DatepartRegression\""}, \""transformation_params\"": {\""0\"": {\""regression_model\"": {\""model\"": \""ElasticNet\"", \""model_params\"": {\""l1_ratio\"": 0.9, \""fit_intercept\"": true, \""selection\"": \""cyclic\"", \""max_iter\"": 1000}}, \""datepart_method\"": \""common_fourier\"", \""polynomial_degree\"": null, \""transform_dict\"": null, \""holiday_countries_used\"": true, \""lags\"": null, \""forward_lags\"": null}, \""1\"": {\""regression_model\"": {\""model\"": \""DecisionTree\"", \""model_params\"": {\""max_depth\"": null, \""min_samples_split\"": 2}}, \""datepart_method\"": \""simple_binarized\"", \""polynomial_degree\"": null, \""transform_dict\"": {\""fillna\"": null, \""transformations\"": {\""0\"": \""ScipyFilter\""}, \""transformation_params\"": {\""0\"": {\""method\"": \""savgol_filter\"", \""method_args\"": {\""window_length\"": 31, \""polyorder\"": 3, \""deriv\"": 0, \""mode\"": \""interp\""}}}}, \""holiday_countries_used\"": false, \""lags\"": null, \""forward_lags\"": null}, \""2\"": {\""regression_model\"": {\""model\"": \""ElasticNet\"", \""model_params\"": {\""l1_ratio\"": 0.5, \""fit_intercept\"": true, \""selection\"": \""cyclic\"", \""max_iter\"": 1000}}, \""datepart_method\"": [\""dayofweek\"", [365.25, 14], [354.37, 10]], \""polynomial_degree\"": null, \""transform_dict\"": null, \""holiday_countries_used\"": true, \""lags\"": null, \""forward_lags\"": 1}, \""3\"": {\""regression_model\"": {\""model\"": \""ElasticNet\"", \""model_params\"": {\""l1_ratio\"": 0.5, \""fit_intercept\"": true, \""selection\"": \""random\"", \""max_iter\"": 1000}}, \""datepart_method\"": \""simple_binarized\"", \""polynomial_degree\"": null, \""transform_dict\"": {\""fillna\"": null, \""transformations\"": {\""0\"": \""ClipOutliers\""}, \""transformation_params\"": {\""0\"": {\""method\"": \""clip\"", \""std_threshold\"": 4}}}, \""holiday_countries_used\"": false, \""lags\"": null, \""forward_lags\"": null}}}""}}, ""point_method"": ""median"", ""model_weights"": {}}","{""fillna"": ""ffill"", ""transformations"": {""0"": ""RegressionFilter"", ""1"": ""HistoricValues""}, ""transformation_params"": {""0"": {""sigma"": 1, ""rolling_window"": 90, ""run_order"": ""season_first"", ""regression_params"": {""regression_model"": {""model"": ""ElasticNet"", ""model_params"": {""l1_ratio"": 0.5, ""fit_intercept"": false, ""selection"": ""cyclic"", ""max_iter"": 2000}}, ""datepart_method"": ""simple"", ""polynomial_degree"": null, ""transform_dict"": {""fillna"": null, ""transformations"": {""0"": ""ScipyFilter""}, ""transformation_params"": {""0"": {""method"": ""savgol_filter"", ""method_args"": {""window_length"": 31, ""polyorder"": 3, ""deriv"": 0, ""mode"": ""interp""}}}}, ""holiday_countries_used"": false, ""lags"": null, ""forward_lags"": null}, ""holiday_params"": null, ""trend_method"": ""rolling_mean""}, ""1"": {""window"": 28}}}",1,1,19.22586745726587,1.3505285441875459,1.5590072011679725,0.5123818313063145,1.3505285441875459,0.0,-1.0729198455810547,0.7964461294500229,160.99050545692444,1.3494268220410375,0.4525994434462756,0.5333333333333333,0.49166666666666664,4.047330141067505,0.975,1.4719504819902758,1.134000820272109,6.276963217139189,3.817587993534532,0.03359910530105389,159.91758561134338,56.78634496712014,33.63453655762347,0.20156118710630833,19.22586745726587,1.3505285441875459,1.5590072011679725,0.5123818313063145,1.3505285441875459,0.0,0.7964461294500229,1.3494268220410375,0.4525994434462756,4.047330141067505,0.975,1.4719504819902758,1.134000820272109,6.276963217139189,3.817587993534532,0.03359910530105389,159.91758561134338,56.78634496712014,33.63453655762347,0.20156118710630833,0.5333333333333333,0.49166666666666664,7.0817,22.944476903478513,19.031482477463825,Wh,19.031482477463825,Wh
74,b64de7c386a7fef4fbd9b08033fa98b2,WindowRegression,"{""window_size"": 10, ""input_dim"": ""univariate"", ""output_dim"": ""1step"", ""normalize_window"": false, ""max_windows"": 5000000, ""fourier_encoding_components"": null, ""scale"": true, ""datepart_method"": null, ""regression_type"": null, ""regression_model"": {""model"": ""SVM"", ""model_params"": {""C"": 0.1, ""tol"": 0.001, ""epsilon"": 0.0, ""loss"": ""squared_epsilon_insensitive"", ""max_iter"": 50}}}","{""fillna"": ""ffill"", ""transformations"": {""0"": ""DatepartRegression"", ""1"": ""DatepartRegression"", ""2"": ""DatepartRegression"", ""3"": ""DatepartRegression""}, ""transformation_params"": {""0"": {""regression_model"": {""model"": ""ElasticNet"", ""model_params"": {""l1_ratio"": 0.9, ""fit_intercept"": true, ""selection"": ""cyclic"", ""max_iter"": 1000}}, ""datepart_method"": ""common_fourier"", ""polynomial_degree"": null, ""transform_dict"": null, ""holiday_countries_used"": true, ""lags"": null, ""forward_lags"": null}, ""1"": {""regression_model"": {""model"": ""DecisionTree"", ""model_params"": {""max_depth"": null, ""min_samples_split"": 2}}, ""datepart_method"": ""simple_binarized"", ""polynomial_degree"": null, ""transform_dict"": {""fillna"": null, ""transformations"": {""0"": ""ScipyFilter""}, ""transformation_params"": {""0"": {""method"": ""savgol_filter"", ""method_args"": {""window_length"": 31, ""polyorder"": 3, ""deriv"": 0, ""mode"": ""interp""}}}}, ""holiday_countries_used"": false, ""lags"": null, ""forward_lags"": null}, ""2"": {""regression_model"": {""model"": ""ElasticNet"", ""model_params"": {""l1_ratio"": 0.5, ""fit_intercept"": true, ""selection"": ""cyclic"", ""max_iter"": 1000}}, ""datepart_method"": [""dayofweek"", [365.25, 14], [354.37, 10]], ""polynomial_degree"": null, ""transform_dict"": null, ""holiday_countries_used"": true, ""lags"": null, ""forward_lags"": 1}, ""3"": {""regression_model"": {""model"": ""ElasticNet"", ""model_params"": {""l1_ratio"": 0.5, ""fit_intercept"": true, ""selection"": ""random"", ""max_iter"": 1000}}, ""datepart_method"": ""simple_binarized"", ""polynomial_degree"": null, ""transform_dict"": {""fillna"": null, ""transformations"": {""0"": ""ClipOutliers""}, ""transformation_params"": {""0"": {""method"": ""clip"", ""std_threshold"": 4}}}, ""holiday_countries_used"": false, ""lags"": null, ""forward_lags"": null}}}",0,1,19.55877024666809,1.3812053963028252,1.5747250891803908,0.5374193596743766,1.3812053963028252,0.0,-1.5453271554394634,0.8148617414183735,164.19932040089958,1.3795054992197842,0.40420366138431274,0.575,0.43333333333333335,3.9453174138857774,0.7916666666666666,1.5935859762300986,1.1735937237031917,6.137229137785956,6.92987626119136,0.14473937512214743,162.6539932454601,62.03334487719805,27.4701434210364,0.20501017346406764,19.55877024666809,1.3812053963028252,1.5747250891803908,0.5374193596743766,1.3812053963028252,0.0,0.8148617414183735,1.3795054992197842,0.40420366138431274,3.9453174138857774,0.7916666666666666,1.5935859762300986,1.1735937237031917,6.137229137785956,6.92987626119136,0.14473937512214743,162.6539932454601,62.03334487719805,27.4701434210364,0.20501017346406764,0.575,0.43333333333333335,0.97,22.86217285110488,19.46377691211934,Wh,19.46377691211934,Wh
75,a393cfbb7a2e80708f8a63e01a8758e0,Ensemble,"{""model_name"": ""BestN"", ""model_count"": 5, ""model_metric"": ""mixed_metric"", ""models"": {""0a98a875055da5bcd734698018011f5e"": {""Model"": ""RollingRegression"", ""ModelParameters"": ""{\""regression_model\"": {\""model\"": \""BayesianRidge\"", \""model_params\"": {}}, \""holiday\"": false, \""mean_rolling_periods\"": 7, \""macd_periods\"": 63, \""std_rolling_periods\"": null, \""max_rolling_periods\"": null, \""min_rolling_periods\"": 2, \""ewm_var_alpha\"": null, \""quantile90_rolling_periods\"": null, \""quantile10_rolling_periods\"": null, \""ewm_alpha\"": null, \""additional_lag_periods\"": 3, \""abs_energy\"": false, \""rolling_autocorr_periods\"": null, \""nonzero_last_n\"": null, \""add_date_part\"": \""simple_2\"", \""polynomial_degree\"": null, \""x_transform\"": null, \""regression_type\"": null}"", ""TransformationParameters"": ""{\""fillna\"": \""KNNImputer\"", \""transformations\"": {\""0\"": \""DatepartRegression\"", \""1\"": \""Detrend\"", \""2\"": \""DifferencedTransformer\"", \""3\"": \""MinMaxScaler\""}, \""transformation_params\"": {\""0\"": {\""regression_model\"": {\""model\"": \""ElasticNet\"", \""model_params\"": {\""l1_ratio\"": 0.1, \""fit_intercept\"": true, \""selection\"": \""cyclic\"", \""max_iter\"": 1000}}, \""datepart_method\"": \""recurring\"", \""polynomial_degree\"": null, \""transform_dict\"": {\""fillna\"": null, \""transformations\"": {\""0\"": \""ClipOutliers\""}, \""transformation_params\"": {\""0\"": {\""method\"": \""clip\"", \""std_threshold\"": 4}}}, \""holiday_countries_used\"": true, \""lags\"": null, \""forward_lags\"": null}, \""1\"": {\""model\"": \""GLS\"", \""phi\"": 1, \""window\"": 10, \""transform_dict\"": {\""fillna\"": null, \""transformations\"": {\""0\"": \""Discretize\""}, \""transformation_params\"": {\""0\"": {\""discretization\"": \""center\"", \""n_bins\"": 20}}}}, \""2\"": {\""lag\"": 1, \""fill\"": \""bfill\""}, \""3\"": {}}}""}, ""927f8c402d93eba11011ff9ae8879530"": {""Model"": ""WindowRegression"", ""ModelParameters"": ""{\""window_size\"": 24, \""input_dim\"": \""univariate\"", \""output_dim\"": \""1step\"", \""normalize_window\"": false, \""max_windows\"": 5000000, \""fourier_encoding_components\"": null, \""scale\"": true, \""datepart_method\"": null, \""regression_type\"": null, \""regression_model\"": {\""model\"": \""ElasticNet\"", \""model_params\"": {\""l1_ratio\"": 0.5, \""fit_intercept\"": true, \""selection\"": \""cyclic\"", \""max_iter\"": 2000}}}"", ""TransformationParameters"": ""{\""fillna\"": \""akima\"", \""transformations\"": {\""0\"": \""DatepartRegression\"", \""1\"": \""Scaler\"", \""2\"": \""Scaler\""}, \""transformation_params\"": {\""0\"": {\""regression_model\"": {\""model\"": \""ElasticNet\"", \""model_params\"": {\""l1_ratio\"": 0.5, \""fit_intercept\"": true, \""selection\"": \""cyclic\"", \""max_iter\"": 1000}}, \""datepart_method\"": \""recurring\"", \""polynomial_degree\"": null, \""transform_dict\"": null, \""holiday_countries_used\"": false, \""lags\"": null, \""forward_lags\"": null}, \""1\"": {}, \""2\"": {}}}""}, ""b64de7c386a7fef4fbd9b08033fa98b2"": {""Model"": ""WindowRegression"", ""ModelParameters"": ""{\""window_size\"": 10, \""input_dim\"": \""univariate\"", \""output_dim\"": \""1step\"", \""normalize_window\"": false, \""max_windows\"": 5000000, \""fourier_encoding_components\"": null, \""scale\"": true, \""datepart_method\"": null, \""regression_type\"": null, \""regression_model\"": {\""model\"": \""SVM\"", \""model_params\"": {\""C\"": 0.1, \""tol\"": 0.001, \""epsilon\"": 0.0, \""loss\"": \""squared_epsilon_insensitive\"", \""max_iter\"": 50}}}"", ""TransformationParameters"": ""{\""fillna\"": \""ffill\"", \""transformations\"": {\""0\"": \""DatepartRegression\"", \""1\"": \""DatepartRegression\"", \""2\"": \""DatepartRegression\"", \""3\"": \""DatepartRegression\""}, \""transformation_params\"": {\""0\"": {\""regression_model\"": {\""model\"": \""ElasticNet\"", \""model_params\"": {\""l1_ratio\"": 0.9, \""fit_intercept\"": true, \""selection\"": \""cyclic\"", \""max_iter\"": 1000}}, \""datepart_method\"": \""common_fourier\"", \""polynomial_degree\"": null, \""transform_dict\"": null, \""holiday_countries_used\"": true, \""lags\"": null, \""forward_lags\"": null}, \""1\"": {\""regression_model\"": {\""model\"": \""DecisionTree\"", \""model_params\"": {\""max_depth\"": null, \""min_samples_split\"": 2}}, \""datepart_method\"": \""simple_binarized\"", \""polynomial_degree\"": null, \""transform_dict\"": {\""fillna\"": null, \""transformations\"": {\""0\"": \""ScipyFilter\""}, \""transformation_params\"": {\""0\"": {\""method\"": \""savgol_filter\"", \""method_args\"": {\""window_length\"": 31, \""polyorder\"": 3, \""deriv\"": 0, \""mode\"": \""interp\""}}}}, \""holiday_countries_used\"": false, \""lags\"": null, \""forward_lags\"": null}, \""2\"": {\""regression_model\"": {\""model\"": \""ElasticNet\"", \""model_params\"": {\""l1_ratio\"": 0.5, \""fit_intercept\"": true, \""selection\"": \""cyclic\"", \""max_iter\"": 1000}}, \""datepart_method\"": [\""dayofweek\"", [365.25, 14], [354.37, 10]], \""polynomial_degree\"": null, \""transform_dict\"": null, \""holiday_countries_used\"": true, \""lags\"": null, \""forward_lags\"": 1}, \""3\"": {\""regression_model\"": {\""model\"": \""ElasticNet\"", \""model_params\"": {\""l1_ratio\"": 0.5, \""fit_intercept\"": true, \""selection\"": \""random\"", \""max_iter\"": 1000}}, \""datepart_method\"": \""simple_binarized\"", \""polynomial_degree\"": null, \""transform_dict\"": {\""fillna\"": null, \""transformations\"": {\""0\"": \""ClipOutliers\""}, \""transformation_params\"": {\""0\"": {\""method\"": \""clip\"", \""std_threshold\"": 4}}}, \""holiday_countries_used\"": false, \""lags\"": null, \""forward_lags\"": null}}}""}, ""4597814533265222b338e51fe9353b43"": {""Model"": ""DatepartRegression"", ""ModelParameters"": ""{\""regression_model\"": {\""model\"": \""ElasticNet\"", \""model_params\"": {\""l1_ratio\"": 0.1, \""fit_intercept\"": true, \""selection\"": \""cyclic\"", \""max_iter\"": 1000}}, \""datepart_method\"": \""anchored_warped_fourier:us_school\"", \""polynomial_degree\"": null, \""holiday_countries_used\"": true, \""lags\"": null, \""forward_lags\"": null, \""regression_type\"": null}"", ""TransformationParameters"": ""{\""fillna\"": \""linear\"", \""transformations\"": {}, \""transformation_params\"": {}}""}, ""b8ca7c68f17113471e9165689e1f0c16"": {""Model"": ""WindowRegression"", ""ModelParameters"": ""{\""window_size\"": 16, \""input_dim\"": \""univariate\"", \""output_dim\"": \""1step\"", \""normalize_window\"": false, \""max_windows\"": 5000, \""fourier_encoding_components\"": null, \""scale\"": true, \""datepart_method\"": null, \""regression_type\"": null, \""regression_model\"": {\""model\"": \""KNN\"", \""model_params\"": {\""n_neighbors\"": 5, \""weights\"": \""uniform\"", \""p\"": 2, \""leaf_size\"": 30}}}"", ""TransformationParameters"": ""{\""fillna\"": \""ffill_mean_biased\"", \""transformations\"": {\""0\"": \""Scaler\"", \""1\"": \""DifferencedTransformer\"", \""2\"": \""Scaler\"", \""3\"": \""Detrend\"", \""4\"": \""MinMaxScaler\""}, \""transformation_params\"": {\""0\"": {}, \""1\"": {\""lag\"": 1, \""fill\"": \""bfill\""}, \""2\"": {}, \""3\"": {\""model\"": \""Linear\"", \""phi\"": 1, \""window\"": 900, \""transform_dict\"": null}, \""4\"": {}}}""}}, ""point_method"": ""median"", ""model_weights"": {}}","{""fillna"": ""zero"", ""transformations"": {""0"": ""AnomalyRemoval"", ""1"": ""EWMAFilter"", ""2"": ""AlignLastValue""}, ""transformation_params"": {""0"": {""method"": ""med_diff"", ""method_params"": {""distribution"": ""norm"", ""alpha"": 0.05}, ""fillna"": ""rolling_mean_24"", ""transform_dict"": {""fillna"": null, ""transformations"": {""0"": ""EWMAFilter""}, ""transformation_params"": {""0"": {""span"": 7}}}, ""isolated_only"": false, ""on_inverse"": false}, ""1"": {""span"": 7}, ""2"": {""rows"": 1, ""lag"": 1, ""method"": ""multiplicative"", ""strength"": 1.0, ""first_value_only"": false, ""threshold"": 1, ""threshold_method"": ""max""}}}",1,1,19.117169418255468,1.3420947058419799,1.5543202667010596,0.5100710269506175,1.3420947058419799,0.0,-1.1138691138198231,0.7914127484208141,159.93749558721777,1.3408967969263872,0.43118355585313317,0.8916666666666667,0.475,4.0626561561018075,0.975,1.4695651590231695,1.1243729221650045,6.229806176345479,4.039007321892719,0.030823152920053387,158.82362647339795,56.674512332169606,33.55455577736715,0.20018235374256577,19.117169418255468,1.3420947058419799,1.5543202667010596,0.5100710269506175,1.3420947058419799,0.0,0.7914127484208141,1.3408967969263872,0.43118355585313317,4.0626561561018075,0.975,1.4695651590231695,1.1243729221650045,6.229806176345479,4.039007321892719,0.030823152920053387,158.82362647339795,56.674512332169606,33.55455577736715,0.20018235374256577,0.8916666666666667,0.475,5.3967,22.66193547897238,18.91263386268837,Wh,18.91263386268837,Wh
76,fd8f36859319742a5cc64ada46de2131,Ensemble,"{""model_name"": ""BestN"", ""model_count"": 5, ""model_metric"": ""mixed_metric"", ""models"": {""0a98a875055da5bcd734698018011f5e"": {""Model"": ""RollingRegression"", ""ModelParameters"": ""{\""regression_model\"": {\""model\"": \""BayesianRidge\"", \""model_params\"": {}}, \""holiday\"": false, \""mean_rolling_periods\"": 7, \""macd_periods\"": 63, \""std_rolling_periods\"": null, \""max_rolling_periods\"": null, \""min_rolling_periods\"": 2, \""ewm_var_alpha\"": null, \""quantile90_rolling_periods\"": null, \""quantile10_rolling_periods\"": null, \""ewm_alpha\"": null, \""additional_lag_periods\"": 3, \""abs_energy\"": false, \""rolling_autocorr_periods\"": null, \""nonzero_last_n\"": null, \""add_date_part\"": \""simple_2\"", \""polynomial_degree\"": null, \""x_transform\"": null, \""regression_type\"": null}"", ""TransformationParameters"": ""{\""fillna\"": \""KNNImputer\"", \""transformations\"": {\""0\"": \""DatepartRegression\"", \""1\"": \""Detrend\"", \""2\"": \""DifferencedTransformer\"", \""3\"": \""MinMaxScaler\""}, \""transformation_params\"": {\""0\"": {\""regression_model\"": {\""model\"": \""ElasticNet\"", \""model_params\"": {\""l1_ratio\"": 0.1, \""fit_intercept\"": true, \""selection\"": \""cyclic\"", \""max_iter\"": 1000}}, \""datepart_method\"": \""recurring\"", \""polynomial_degree\"": null, \""transform_dict\"": {\""fillna\"": null, \""transformations\"": {\""0\"": \""ClipOutliers\""}, \""transformation_params\"": {\""0\"": {\""method\"": \""clip\"", \""std_threshold\"": 4}}}, \""holiday_countries_used\"": true, \""lags\"": null, \""forward_lags\"": null}, \""1\"": {\""model\"": \""GLS\"", \""phi\"": 1, \""window\"": 10, \""transform_dict\"": {\""fillna\"": null, \""transformations\"": {\""0\"": \""Discretize\""}, \""transformation_params\"": {\""0\"": {\""discretization\"": \""center\"", \""n_bins\"": 20}}}}, \""2\"": {\""lag\"": 1, \""fill\"": \""bfill\""}, \""3\"": {}}}""}, ""927f8c402d93eba11011ff9ae8879530"": {""Model"": ""WindowRegression"", ""ModelParameters"": ""{\""window_size\"": 24, \""input_dim\"": \""univariate\"", \""output_dim\"": \""1step\"", \""normalize_window\"": false, \""max_windows\"": 5000000, \""fourier_encoding_components\"": null, \""scale\"": true, \""datepart_method\"": null, \""regression_type\"": null, \""regression_model\"": {\""model\"": \""ElasticNet\"", \""model_params\"": {\""l1_ratio\"": 0.5, \""fit_intercept\"": true, \""selection\"": \""cyclic\"", \""max_iter\"": 2000}}}"", ""TransformationParameters"": ""{\""fillna\"": \""akima\"", \""transformations\"": {\""0\"": \""DatepartRegression\"", \""1\"": \""Scaler\"", \""2\"": \""Scaler\""}, \""transformation_params\"": {\""0\"": {\""regression_model\"": {\""model\"": \""ElasticNet\"", \""model_params\"": {\""l1_ratio\"": 0.5, \""fit_intercept\"": true, \""selection\"": \""cyclic\"", \""max_iter\"": 1000}}, \""datepart_method\"": \""recurring\"", \""polynomial_degree\"": null, \""transform_dict\"": null, \""holiday_countries_used\"": false, \""lags\"": null, \""forward_lags\"": null}, \""1\"": {}, \""2\"": {}}}""}, ""b64de7c386a7fef4fbd9b08033fa98b2"": {""Model"": ""WindowRegression"", ""ModelParameters"": ""{\""window_size\"": 10, \""input_dim\"": \""univariate\"", \""output_dim\"": \""1step\"", \""normalize_window\"": false, \""max_windows\"": 5000000, \""fourier_encoding_components\"": null, \""scale\"": true, \""datepart_method\"": null, \""regression_type\"": null, \""regression_model\"": {\""model\"": \""SVM\"", \""model_params\"": {\""C\"": 0.1, \""tol\"": 0.001, \""epsilon\"": 0.0, \""loss\"": \""squared_epsilon_insensitive\"", \""max_iter\"": 50}}}"", ""TransformationParameters"": ""{\""fillna\"": \""ffill\"", \""transformations\"": {\""0\"": \""DatepartRegression\"", \""1\"": \""DatepartRegression\"", \""2\"": \""DatepartRegression\"", \""3\"": \""DatepartRegression\""}, \""transformation_params\"": {\""0\"": {\""regression_model\"": {\""model\"": \""ElasticNet\"", \""model_params\"": {\""l1_ratio\"": 0.9, \""fit_intercept\"": true, \""selection\"": \""cyclic\"", \""max_iter\"": 1000}}, \""datepart_method\"": \""common_fourier\"", \""polynomial_degree\"": null, \""transform_dict\"": null, \""holiday_countries_used\"": true, \""lags\"": null, \""forward_lags\"": null}, \""1\"": {\""regression_model\"": {\""model\"": \""DecisionTree\"", \""model_params\"": {\""max_depth\"": null, \""min_samples_split\"": 2}}, \""datepart_method\"": \""simple_binarized\"", \""polynomial_degree\"": null, \""transform_dict\"": {\""fillna\"": null, \""transformations\"": {\""0\"": \""ScipyFilter\""}, \""transformation_params\"": {\""0\"": {\""method\"": \""savgol_filter\"", \""method_args\"": {\""window_length\"": 31, \""polyorder\"": 3, \""deriv\"": 0, \""mode\"": \""interp\""}}}}, \""holiday_countries_used\"": false, \""lags\"": null, \""forward_lags\"": null}, \""2\"": {\""regression_model\"": {\""model\"": \""ElasticNet\"", \""model_params\"": {\""l1_ratio\"": 0.5, \""fit_intercept\"": true, \""selection\"": \""cyclic\"", \""max_iter\"": 1000}}, \""datepart_method\"": [\""dayofweek\"", [365.25, 14], [354.37, 10]], \""polynomial_degree\"": null, \""transform_dict\"": null, \""holiday_countries_used\"": true, \""lags\"": null, \""forward_lags\"": 1}, \""3\"": {\""regression_model\"": {\""model\"": \""ElasticNet\"", \""model_params\"": {\""l1_ratio\"": 0.5, \""fit_intercept\"": true, \""selection\"": \""random\"", \""max_iter\"": 1000}}, \""datepart_method\"": \""simple_binarized\"", \""polynomial_degree\"": null, \""transform_dict\"": {\""fillna\"": null, \""transformations\"": {\""0\"": \""ClipOutliers\""}, \""transformation_params\"": {\""0\"": {\""method\"": \""clip\"", \""std_threshold\"": 4}}}, \""holiday_countries_used\"": false, \""lags\"": null, \""forward_lags\"": null}}}""}, ""4597814533265222b338e51fe9353b43"": {""Model"": ""DatepartRegression"", ""ModelParameters"": ""{\""regression_model\"": {\""model\"": \""ElasticNet\"", \""model_params\"": {\""l1_ratio\"": 0.1, \""fit_intercept\"": true, \""selection\"": \""cyclic\"", \""max_iter\"": 1000}}, \""datepart_method\"": \""anchored_warped_fourier:us_school\"", \""polynomial_degree\"": null, \""holiday_countries_used\"": true, \""lags\"": null, \""forward_lags\"": null, \""regression_type\"": null}"", ""TransformationParameters"": ""{\""fillna\"": \""linear\"", \""transformations\"": {}, \""transformation_params\"": {}}""}, ""b8ca7c68f17113471e9165689e1f0c16"": {""Model"": ""WindowRegression"", ""ModelParameters"": ""{\""window_size\"": 16, \""input_dim\"": \""univariate\"", \""output_dim\"": \""1step\"", \""normalize_window\"": false, \""max_windows\"": 5000, \""fourier_encoding_components\"": null, \""scale\"": true, \""datepart_method\"": null, \""regression_type\"": null, \""regression_model\"": {\""model\"": \""KNN\"", \""model_params\"": {\""n_neighbors\"": 5, \""weights\"": \""uniform\"", \""p\"": 2, \""leaf_size\"": 30}}}"", ""TransformationParameters"": ""{\""fillna\"": \""ffill_mean_biased\"", \""transformations\"": {\""0\"": \""Scaler\"", \""1\"": \""DifferencedTransformer\"", \""2\"": \""Scaler\"", \""3\"": \""Detrend\"", \""4\"": \""MinMaxScaler\""}, \""transformation_params\"": {\""0\"": {}, \""1\"": {\""lag\"": 1, \""fill\"": \""bfill\""}, \""2\"": {}, \""3\"": {\""model\"": \""Linear\"", \""phi\"": 1, \""window\"": 900, \""transform_dict\"": null}, \""4\"": {}}}""}}, ""point_method"": ""median"", ""model_weights"": {}}","{""fillna"": ""fake_date"", ""transformations"": {""0"": ""AlignLastValue"", ""1"": ""AlignLastValue""}, ""transformation_params"": {""0"": {""rows"": 4, ""lag"": 28, ""method"": ""additive"", ""strength"": 0.2, ""first_value_only"": false, ""threshold"": 1, ""threshold_method"": ""max""}, ""1"": {""rows"": 1, ""lag"": 1, ""method"": ""additive"", ""strength"": 1.0, ""first_value_only"": false, ""threshold"": 1, ""threshold_method"": ""mean""}}}",1,1,19.067040720302302,1.3380486953827935,1.5502879272509342,0.5100262402373021,1.3380486953827935,0.0,-1.152054284772138,0.7897504644074658,159.4137891611631,1.3368175847441,0.4285465509147526,0.8666666666666667,0.475,4.057572990680841,0.975,1.4683791085485667,1.1204817972819592,6.212892186103414,4.009431925331247,0.030445057907743753,158.26173487639096,56.42569139526746,33.56506003088198,0.1994741418415117,19.067040720302302,1.3380486953827935,1.5502879272509342,0.5100262402373021,1.3380486953827935,0.0,0.7897504644074658,1.3368175847441,0.4285465509147526,4.057572990680841,0.975,1.4683791085485667,1.1204817972819592,6.212892186103414,4.009431925331247,0.030445057907743753,158.26173487639096,56.42569139526746,33.56506003088198,0.1994741418415117,0.8666666666666667,0.475,5.2983,22.588196076744026,18.85561797991489,Wh,18.85561797991489,Wh
77,db0e41fb25290810d4a0fb21211c4c5d,ARIMA,"{""p"": 4, ""d"": 0, ""q"": 12, ""regression_type"": null}","{""fillna"": ""cubic"", ""transformations"": {}, ""transformation_params"": {}}",0,1,18.974245140766396,1.3309935830352246,1.5373556307573983,0.5203019270809907,1.3309935830352246,0.0,-1.459648562649111,0.7871115078543341,158.25958140157786,1.3294334565604085,0.43781938359337724,0.9166666666666666,0.55,3.42599152398671,0.95,1.4837695820989345,1.1202261556971587,6.206156684451156,4.349978205993155,0.18105567668654327,156.79993283892875,55.107859370880796,25.187479557075147,0.19763167684393856,18.974245140766396,1.3309935830352246,1.5373556307573983,0.5203019270809907,1.3309935830352246,0.0,0.7871115078543341,1.3294334565604085,0.43781938359337724,3.42599152398671,0.95,1.4837695820989345,1.1202261556971587,6.206156684451156,4.349978205993155,0.18105567668654327,156.79993283892875,55.107859370880796,25.187479557075147,0.19763167684393856,0.9166666666666666,0.55,4.468,22.55798248575204,18.756198202674955,Wh,18.756198202674955,Wh
78,4483a91438b744994df7703319d24419,ARIMA,"{""p"": 4, ""d"": 1, ""q"": 4, ""regression_type"": null}","{""fillna"": ""zero"", ""transformations"": {""0"": null}, ""transformation_params"": {""0"": {}}}",0,1,18.94435013005097,1.3310338926931928,1.5399789813131717,0.6088704099027111,1.3310338926931928,0.0,-3.116324182420562,0.7938616904697772,156.6077429407626,1.326780531787668,0.43280339356563796,0.9166666666666666,0.45,4.130495859895401,0.7916666666666666,1.5804219996194504,1.1103625484846518,6.149493461811087,3.0821048009909235,0.5360113625246894,153.49141875834204,53.785000107267784,12.035896862453448,0.19346160372101312,18.94435013005097,1.3310338926931928,1.5399789813131717,0.6088704099027111,1.3310338926931928,0.0,0.7938616904697772,1.326780531787668,0.43280339356563796,4.130495859895401,0.7916666666666666,1.5804219996194504,1.1103625484846518,6.149493461811087,3.0821048009909235,0.5360113625246894,153.49141875834204,53.785000107267784,12.035896862453448,0.19346160372101312,0.9166666666666666,0.45,0.997,22.517005931413326,18.756766241427336,Wh,18.756766241427336,Wh
79,d30a029b40b15b19e455086cb87a8171,Ensemble,"{""model_name"": ""BestN"", ""model_count"": 3, ""model_metric"": ""horizontal"", ""models"": {""4597814533265222b338e51fe9353b43"": {""Model"": ""DatepartRegression"", ""ModelParameters"": ""{\""regression_model\"": {\""model\"": \""ElasticNet\"", \""model_params\"": {\""l1_ratio\"": 0.1, \""fit_intercept\"": true, \""selection\"": \""cyclic\"", \""max_iter\"": 1000}}, \""datepart_method\"": \""anchored_warped_fourier:us_school\"", \""polynomial_degree\"": null, \""holiday_countries_used\"": true, \""lags\"": null, \""forward_lags\"": null, \""regression_type\"": null}"", ""TransformationParameters"": ""{\""fillna\"": \""linear\"", \""transformations\"": {}, \""transformation_params\"": {}}""}, ""927f8c402d93eba11011ff9ae8879530"": {""Model"": ""WindowRegression"", ""ModelParameters"": ""{\""window_size\"": 24, \""input_dim\"": \""univariate\"", \""output_dim\"": \""1step\"", \""normalize_window\"": false, \""max_windows\"": 5000000, \""fourier_encoding_components\"": null, \""scale\"": true, \""datepart_method\"": null, \""regression_type\"": null, \""regression_model\"": {\""model\"": \""ElasticNet\"", \""model_params\"": {\""l1_ratio\"": 0.5, \""fit_intercept\"": true, \""selection\"": \""cyclic\"", \""max_iter\"": 2000}}}"", ""TransformationParameters"": ""{\""fillna\"": \""akima\"", \""transformations\"": {\""0\"": \""DatepartRegression\"", \""1\"": \""Scaler\"", \""2\"": \""Scaler\""}, \""transformation_params\"": {\""0\"": {\""regression_model\"": {\""model\"": \""ElasticNet\"", \""model_params\"": {\""l1_ratio\"": 0.5, \""fit_intercept\"": true, \""selection\"": \""cyclic\"", \""max_iter\"": 1000}}, \""datepart_method\"": \""recurring\"", \""polynomial_degree\"": null, \""transform_dict\"": null, \""holiday_countries_used\"": false, \""lags\"": null, \""forward_lags\"": null}, \""1\"": {}, \""2\"": {}}}""}, ""4483a91438b744994df7703319d24419"": {""Model"": ""ARIMA"", ""ModelParameters"": ""{\""p\"": 4, \""d\"": 1, \""q\"": 4, \""regression_type\"": null}"", ""TransformationParameters"": ""{\""fillna\"": \""zero\"", \""transformations\"": {\""0\"": null}, \""transformation_params\"": {\""0\"": {}}}""}}, ""model_weights"": {}, ""point_method"": ""mean""}","{""fillna"": ""ffill"", ""transformations"": {""0"": ""RegressionFilter"", ""1"": ""HistoricValues""}, ""transformation_params"": {""0"": {""sigma"": 1, ""rolling_window"": 90, ""run_order"": ""season_first"", ""regression_params"": {""regression_model"": {""model"": ""ElasticNet"", ""model_params"": {""l1_ratio"": 0.5, ""fit_intercept"": false, ""selection"": ""cyclic"", ""max_iter"": 2000}}, ""datepart_method"": ""simple"", ""polynomial_degree"": null, ""transform_dict"": {""fillna"": null, ""transformations"": {""0"": ""ScipyFilter""}, ""transformation_params"": {""0"": {""method"": ""savgol_filter"", ""method_args"": {""window_length"": 31, ""polyorder"": 3, ""deriv"": 0, ""mode"": ""interp""}}}}, ""holiday_countries_used"": false, ""lags"": null, ""forward_lags"": null}, ""holiday_params"": null, ""trend_method"": ""rolling_mean""}, ""1"": {""window"": 28}}}",1,1,18.634523013446973,1.303528223435084,1.513945796247094,0.5321222438486795,1.303528223435084,0.0,-1.791640281677246,0.777059520009378,154.63174653053284,1.3017153172593168,0.4529264855946042,0.5333333333333333,0.475,4.047330141067505,0.975,1.4581797614701426,1.0849714325923545,6.084084009819414,3.3630541966849155,0.22767353771750096,152.8401062488556,53.57123526056924,27.423446847127224,0.1926406851079199,18.634523013446973,1.303528223435084,1.513945796247094,0.5321222438486795,1.303528223435084,0.0,0.777059520009378,1.3017153172593168,0.4529264855946042,4.047330141067505,0.975,1.4581797614701426,1.0849714325923545,6.084084009819414,3.3630541966849155,0.22767353771750096,152.8401062488556,53.57123526056924,27.423446847127224,0.1926406851079199,0.5333333333333333,0.475,2.081,22.353630637764063,18.36915972635621,Wh,18.36915972635621,Wh
80,ad417343af58267b2420bcb44c202655,Ensemble,"{""model_name"": ""BestN"", ""model_count"": 3, ""model_metric"": ""best_score_unique"", ""models"": {""927f8c402d93eba11011ff9ae8879530"": {""Model"": ""WindowRegression"", ""ModelParameters"": ""{\""window_size\"": 24, \""input_dim\"": \""univariate\"", \""output_dim\"": \""1step\"", \""normalize_window\"": false, \""max_windows\"": 5000000, \""fourier_encoding_components\"": null, \""scale\"": true, \""datepart_method\"": null, \""regression_type\"": null, \""regression_model\"": {\""model\"": \""ElasticNet\"", \""model_params\"": {\""l1_ratio\"": 0.5, \""fit_intercept\"": true, \""selection\"": \""cyclic\"", \""max_iter\"": 2000}}}"", ""TransformationParameters"": ""{\""fillna\"": \""akima\"", \""transformations\"": {\""0\"": \""DatepartRegression\"", \""1\"": \""Scaler\"", \""2\"": \""Scaler\""}, \""transformation_params\"": {\""0\"": {\""regression_model\"": {\""model\"": \""ElasticNet\"", \""model_params\"": {\""l1_ratio\"": 0.5, \""fit_intercept\"": true, \""selection\"": \""cyclic\"", \""max_iter\"": 1000}}, \""datepart_method\"": \""recurring\"", \""polynomial_degree\"": null, \""transform_dict\"": null, \""holiday_countries_used\"": false, \""lags\"": null, \""forward_lags\"": null}, \""1\"": {}, \""2\"": {}}}""}, ""4597814533265222b338e51fe9353b43"": {""Model"": ""DatepartRegression"", ""ModelParameters"": ""{\""regression_model\"": {\""model\"": \""ElasticNet\"", \""model_params\"": {\""l1_ratio\"": 0.1, \""fit_intercept\"": true, \""selection\"": \""cyclic\"", \""max_iter\"": 1000}}, \""datepart_method\"": \""anchored_warped_fourier:us_school\"", \""polynomial_degree\"": null, \""holiday_countries_used\"": true, \""lags\"": null, \""forward_lags\"": null, \""regression_type\"": null}"", ""TransformationParameters"": ""{\""fillna\"": \""linear\"", \""transformations\"": {}, \""transformation_params\"": {}}""}, ""4483a91438b744994df7703319d24419"": {""Model"": ""ARIMA"", ""ModelParameters"": ""{\""p\"": 4, \""d\"": 1, \""q\"": 4, \""regression_type\"": null}"", ""TransformationParameters"": ""{\""fillna\"": \""zero\"", \""transformations\"": {\""0\"": null}, \""transformation_params\"": {\""0\"": {}}}""}}, ""model_weights"": {}, ""point_method"": ""mean""}","{""fillna"": ""ffill"", ""transformations"": {""0"": ""RegressionFilter"", ""1"": ""HistoricValues""}, ""transformation_params"": {""0"": {""sigma"": 1, ""rolling_window"": 90, ""run_order"": ""season_first"", ""regression_params"": {""regression_model"": {""model"": ""ElasticNet"", ""model_params"": {""l1_ratio"": 0.5, ""fit_intercept"": false, ""selection"": ""cyclic"", ""max_iter"": 2000}}, ""datepart_method"": ""simple"", ""polynomial_degree"": null, ""transform_dict"": {""fillna"": null, ""transformations"": {""0"": ""ScipyFilter""}, ""transformation_params"": {""0"": {""method"": ""savgol_filter"", ""method_args"": {""window_length"": 31, ""polyorder"": 3, ""deriv"": 0, ""mode"": ""interp""}}}}, ""holiday_countries_used"": false, ""lags"": null, ""forward_lags"": null}, ""holiday_params"": null, ""trend_method"": ""rolling_mean""}, ""1"": {""window"": 28}}}",1,1,18.634523013446973,1.303528223435084,1.513945796247094,0.5321222438486795,1.303528223435084,0.0,-1.791640281677246,0.777059520009378,154.63174653053284,1.3017153172593168,0.4529264855946042,0.5333333333333333,0.475,4.047330141067505,0.975,1.4581797614701426,1.0849714325923545,6.084084009819414,3.3630541966849155,0.22767353771750096,152.8401062488556,53.57123526056924,27.423446847127224,0.1926406851079199,18.634523013446973,1.303528223435084,1.513945796247094,0.5321222438486795,1.303528223435084,0.0,0.777059520009378,1.3017153172593168,0.4529264855946042,4.047330141067505,0.975,1.4581797614701426,1.0849714325923545,6.084084009819414,3.3630541966849155,0.22767353771750096,152.8401062488556,53.57123526056924,27.423446847127224,0.1926406851079199,0.5333333333333333,0.475,2.2219,22.353630637764063,18.36915972635621,Wh,18.36915972635621,Wh
81,0a0a4ab1c552822ad75e5280cf0b6d38,Ensemble,"{""model_name"": ""BestN"", ""model_count"": 3, ""model_metric"": ""best_score"", ""models"": {""927f8c402d93eba11011ff9ae8879530"": {""Model"": ""WindowRegression"", ""ModelParameters"": ""{\""window_size\"": 24, \""input_dim\"": \""univariate\"", \""output_dim\"": \""1step\"", \""normalize_window\"": false, \""max_windows\"": 5000000, \""fourier_encoding_components\"": null, \""scale\"": true, \""datepart_method\"": null, \""regression_type\"": null, \""regression_model\"": {\""model\"": \""ElasticNet\"", \""model_params\"": {\""l1_ratio\"": 0.5, \""fit_intercept\"": true, \""selection\"": \""cyclic\"", \""max_iter\"": 2000}}}"", ""TransformationParameters"": ""{\""fillna\"": \""akima\"", \""transformations\"": {\""0\"": \""DatepartRegression\"", \""1\"": \""Scaler\"", \""2\"": \""Scaler\""}, \""transformation_params\"": {\""0\"": {\""regression_model\"": {\""model\"": \""ElasticNet\"", \""model_params\"": {\""l1_ratio\"": 0.5, \""fit_intercept\"": true, \""selection\"": \""cyclic\"", \""max_iter\"": 1000}}, \""datepart_method\"": \""recurring\"", \""polynomial_degree\"": null, \""transform_dict\"": null, \""holiday_countries_used\"": false, \""lags\"": null, \""forward_lags\"": null}, \""1\"": {}, \""2\"": {}}}""}, ""4597814533265222b338e51fe9353b43"": {""Model"": ""DatepartRegression"", ""ModelParameters"": ""{\""regression_model\"": {\""model\"": \""ElasticNet\"", \""model_params\"": {\""l1_ratio\"": 0.1, \""fit_intercept\"": true, \""selection\"": \""cyclic\"", \""max_iter\"": 1000}}, \""datepart_method\"": \""anchored_warped_fourier:us_school\"", \""polynomial_degree\"": null, \""holiday_countries_used\"": true, \""lags\"": null, \""forward_lags\"": null, \""regression_type\"": null}"", ""TransformationParameters"": ""{\""fillna\"": \""linear\"", \""transformations\"": {}, \""transformation_params\"": {}}""}, ""4483a91438b744994df7703319d24419"": {""Model"": ""ARIMA"", ""ModelParameters"": ""{\""p\"": 4, \""d\"": 1, \""q\"": 4, \""regression_type\"": null}"", ""TransformationParameters"": ""{\""fillna\"": \""zero\"", \""transformations\"": {\""0\"": null}, \""transformation_params\"": {\""0\"": {}}}""}}, ""model_weights"": {}, ""point_method"": ""mean""}","{""fillna"": ""ffill"", ""transformations"": {""0"": ""RegressionFilter"", ""1"": ""HistoricValues""}, ""transformation_params"": {""0"": {""sigma"": 1, ""rolling_window"": 90, ""run_order"": ""season_first"", ""regression_params"": {""regression_model"": {""model"": ""ElasticNet"", ""model_params"": {""l1_ratio"": 0.5, ""fit_intercept"": false, ""selection"": ""cyclic"", ""max_iter"": 2000}}, ""datepart_method"": ""simple"", ""polynomial_degree"": null, ""transform_dict"": {""fillna"": null, ""transformations"": {""0"": ""ScipyFilter""}, ""transformation_params"": {""0"": {""method"": ""savgol_filter"", ""method_args"": {""window_length"": 31, ""polyorder"": 3, ""deriv"": 0, ""mode"": ""interp""}}}}, ""holiday_countries_used"": false, ""lags"": null, ""forward_lags"": null}, ""holiday_params"": null, ""trend_method"": ""rolling_mean""}, ""1"": {""window"": 28}}}",1,1,18.634523013446973,1.303528223435084,1.513945796247094,0.5321222438486795,1.303528223435084,0.0,-1.791640281677246,0.777059520009378,154.63174653053284,1.3017153172593168,0.4529264855946042,0.5333333333333333,0.475,4.047330141067505,0.975,1.4581797614701426,1.0849714325923545,6.084084009819414,3.3630541966849155,0.22767353771750096,152.8401062488556,53.57123526056924,27.423446847127224,0.1926406851079199,18.634523013446973,1.303528223435084,1.513945796247094,0.5321222438486795,1.303528223435084,0.0,0.777059520009378,1.3017153172593168,0.4529264855946042,4.047330141067505,0.975,1.4581797614701426,1.0849714325923545,6.084084009819414,3.3630541966849155,0.22767353771750096,152.8401062488556,53.57123526056924,27.423446847127224,0.1926406851079199,0.5333333333333333,0.475,2.1801,22.353630637764063,18.36915972635621,Wh,18.36915972635621,Wh
82,f4a4faeb26c6003a0970dafd511cc1ad,Ensemble,"{""model_name"": ""BestN"", ""model_count"": 3, ""model_metric"": ""bestn_horizontal"", ""models"": {""927f8c402d93eba11011ff9ae8879530"": {""Model"": ""WindowRegression"", ""ModelParameters"": ""{\""window_size\"": 24, \""input_dim\"": \""univariate\"", \""output_dim\"": \""1step\"", \""normalize_window\"": false, \""max_windows\"": 5000000, \""fourier_encoding_components\"": null, \""scale\"": true, \""datepart_method\"": null, \""regression_type\"": null, \""regression_model\"": {\""model\"": \""ElasticNet\"", \""model_params\"": {\""l1_ratio\"": 0.5, \""fit_intercept\"": true, \""selection\"": \""cyclic\"", \""max_iter\"": 2000}}}"", ""TransformationParameters"": ""{\""fillna\"": \""akima\"", \""transformations\"": {\""0\"": \""DatepartRegression\"", \""1\"": \""Scaler\"", \""2\"": \""Scaler\""}, \""transformation_params\"": {\""0\"": {\""regression_model\"": {\""model\"": \""ElasticNet\"", \""model_params\"": {\""l1_ratio\"": 0.5, \""fit_intercept\"": true, \""selection\"": \""cyclic\"", \""max_iter\"": 1000}}, \""datepart_method\"": \""recurring\"", \""polynomial_degree\"": null, \""transform_dict\"": null, \""holiday_countries_used\"": false, \""lags\"": null, \""forward_lags\"": null}, \""1\"": {}, \""2\"": {}}}""}, ""4597814533265222b338e51fe9353b43"": {""Model"": ""DatepartRegression"", ""ModelParameters"": ""{\""regression_model\"": {\""model\"": \""ElasticNet\"", \""model_params\"": {\""l1_ratio\"": 0.1, \""fit_intercept\"": true, \""selection\"": \""cyclic\"", \""max_iter\"": 1000}}, \""datepart_method\"": \""anchored_warped_fourier:us_school\"", \""polynomial_degree\"": null, \""holiday_countries_used\"": true, \""lags\"": null, \""forward_lags\"": null, \""regression_type\"": null}"", ""TransformationParameters"": ""{\""fillna\"": \""linear\"", \""transformations\"": {}, \""transformation_params\"": {}}""}, ""4483a91438b744994df7703319d24419"": {""Model"": ""ARIMA"", ""ModelParameters"": ""{\""p\"": 4, \""d\"": 1, \""q\"": 4, \""regression_type\"": null}"", ""TransformationParameters"": ""{\""fillna\"": \""zero\"", \""transformations\"": {\""0\"": null}, \""transformation_params\"": {\""0\"": {}}}""}}, ""model_weights"": {""927f8c402d93eba11011ff9ae8879530"": 4.0, ""4597814533265222b338e51fe9353b43"": 3.0, ""4483a91438b744994df7703319d24419"": 2.0}, ""point_method"": ""mean""}","{""fillna"": ""ffill"", ""transformations"": {""0"": ""RegressionFilter"", ""1"": ""HistoricValues""}, ""transformation_params"": {""0"": {""sigma"": 1, ""rolling_window"": 90, ""run_order"": ""season_first"", ""regression_params"": {""regression_model"": {""model"": ""ElasticNet"", ""model_params"": {""l1_ratio"": 0.5, ""fit_intercept"": false, ""selection"": ""cyclic"", ""max_iter"": 2000}}, ""datepart_method"": ""simple"", ""polynomial_degree"": null, ""transform_dict"": {""fillna"": null, ""transformations"": {""0"": ""ScipyFilter""}, ""transformation_params"": {""0"": {""method"": ""savgol_filter"", ""method_args"": {""window_length"": 31, ""polyorder"": 3, ""deriv"": 0, ""mode"": ""interp""}}}}, ""holiday_countries_used"": false, ""lags"": null, ""forward_lags"": null}, ""holiday_params"": null, ""trend_method"": ""rolling_mean""}, ""1"": {""window"": 28}}}",1,1,18.556192052344485,1.2969901502132415,1.5053768109008299,0.5125421829000602,1.2969901502132415,0.0,-1.7105803489685059,0.7744163641990163,153.92823767662048,1.2952032269847644,0.4529264855946042,0.5333333333333333,0.5333333333333333,4.047330141067505,0.975,1.4562697499405983,1.081649093066945,6.042929537501042,3.341025862119916,0.19054929851196897,152.21765732765198,53.50715550430423,29.083027150110745,0.1918561463532156,18.556192052344485,1.2969901502132415,1.5053768109008299,0.5125421829000602,1.2969901502132415,0.0,0.7744163641990163,1.2952032269847644,0.4529264855946042,4.047330141067505,0.975,1.4562697499405983,1.081649093066945,6.042929537501042,3.341025862119916,0.19054929851196897,152.21765732765198,53.50715550430423,29.083027150110745,0.1918561463532156,0.5333333333333333,0.5333333333333333,2.0741,22.26442511261596,18.27702600101335,Wh,18.27702600101335,Wh
83,6e703bf6add7ae3bcf0127758c55d98a,Ensemble,"{""model_name"": ""BestN"", ""model_count"": 5, ""model_metric"": ""bestn_horizontal"", ""models"": {""927f8c402d93eba11011ff9ae8879530"": {""Model"": ""WindowRegression"", ""ModelParameters"": ""{\""window_size\"": 24, \""input_dim\"": \""univariate\"", \""output_dim\"": \""1step\"", \""normalize_window\"": false, \""max_windows\"": 5000000, \""fourier_encoding_components\"": null, \""scale\"": true, \""datepart_method\"": null, \""regression_type\"": null, \""regression_model\"": {\""model\"": \""ElasticNet\"", \""model_params\"": {\""l1_ratio\"": 0.5, \""fit_intercept\"": true, \""selection\"": \""cyclic\"", \""max_iter\"": 2000}}}"", ""TransformationParameters"": ""{\""fillna\"": \""akima\"", \""transformations\"": {\""0\"": \""DatepartRegression\"", \""1\"": \""Scaler\"", \""2\"": \""Scaler\""}, \""transformation_params\"": {\""0\"": {\""regression_model\"": {\""model\"": \""ElasticNet\"", \""model_params\"": {\""l1_ratio\"": 0.5, \""fit_intercept\"": true, \""selection\"": \""cyclic\"", \""max_iter\"": 1000}}, \""datepart_method\"": \""recurring\"", \""polynomial_degree\"": null, \""transform_dict\"": null, \""holiday_countries_used\"": false, \""lags\"": null, \""forward_lags\"": null}, \""1\"": {}, \""2\"": {}}}""}, ""4597814533265222b338e51fe9353b43"": {""Model"": ""DatepartRegression"", ""ModelParameters"": ""{\""regression_model\"": {\""model\"": \""ElasticNet\"", \""model_params\"": {\""l1_ratio\"": 0.1, \""fit_intercept\"": true, \""selection\"": \""cyclic\"", \""max_iter\"": 1000}}, \""datepart_method\"": \""anchored_warped_fourier:us_school\"", \""polynomial_degree\"": null, \""holiday_countries_used\"": true, \""lags\"": null, \""forward_lags\"": null, \""regression_type\"": null}"", ""TransformationParameters"": ""{\""fillna\"": \""linear\"", \""transformations\"": {}, \""transformation_params\"": {}}""}, ""4483a91438b744994df7703319d24419"": {""Model"": ""ARIMA"", ""ModelParameters"": ""{\""p\"": 4, \""d\"": 1, \""q\"": 4, \""regression_type\"": null}"", ""TransformationParameters"": ""{\""fillna\"": \""zero\"", \""transformations\"": {\""0\"": null}, \""transformation_params\"": {\""0\"": {}}}""}, ""db0e41fb25290810d4a0fb21211c4c5d"": {""Model"": ""ARIMA"", ""ModelParameters"": ""{\""p\"": 4, \""d\"": 0, \""q\"": 12, \""regression_type\"": null}"", ""TransformationParameters"": ""{\""fillna\"": \""cubic\"", \""transformations\"": {}, \""transformation_params\"": {}}""}, ""b64de7c386a7fef4fbd9b08033fa98b2"": {""Model"": ""WindowRegression"", ""ModelParameters"": ""{\""window_size\"": 10, \""input_dim\"": \""univariate\"", \""output_dim\"": \""1step\"", \""normalize_window\"": false, \""max_windows\"": 5000000, \""fourier_encoding_components\"": null, \""scale\"": true, \""datepart_method\"": null, \""regression_type\"": null, \""regression_model\"": {\""model\"": \""SVM\"", \""model_params\"": {\""C\"": 0.1, \""tol\"": 0.001, \""epsilon\"": 0.0, \""loss\"": \""squared_epsilon_insensitive\"", \""max_iter\"": 50}}}"", ""TransformationParameters"": ""{\""fillna\"": \""ffill\"", \""transformations\"": {\""0\"": \""DatepartRegression\"", \""1\"": \""DatepartRegression\"", \""2\"": \""DatepartRegression\"", \""3\"": \""DatepartRegression\""}, \""transformation_params\"": {\""0\"": {\""regression_model\"": {\""model\"": \""ElasticNet\"", \""model_params\"": {\""l1_ratio\"": 0.9, \""fit_intercept\"": true, \""selection\"": \""cyclic\"", \""max_iter\"": 1000}}, \""datepart_method\"": \""common_fourier\"", \""polynomial_degree\"": null, \""transform_dict\"": null, \""holiday_countries_used\"": true, \""lags\"": null, \""forward_lags\"": null}, \""1\"": {\""regression_model\"": {\""model\"": \""DecisionTree\"", \""model_params\"": {\""max_depth\"": null, \""min_samples_split\"": 2}}, \""datepart_method\"": \""simple_binarized\"", \""polynomial_degree\"": null, \""transform_dict\"": {\""fillna\"": null, \""transformations\"": {\""0\"": \""ScipyFilter\""}, \""transformation_params\"": {\""0\"": {\""method\"": \""savgol_filter\"", \""method_args\"": {\""window_length\"": 31, \""polyorder\"": 3, \""deriv\"": 0, \""mode\"": \""interp\""}}}}, \""holiday_countries_used\"": false, \""lags\"": null, \""forward_lags\"": null}, \""2\"": {\""regression_model\"": {\""model\"": \""ElasticNet\"", \""model_params\"": {\""l1_ratio\"": 0.5, \""fit_intercept\"": true, \""selection\"": \""cyclic\"", \""max_iter\"": 1000}}, \""datepart_method\"": [\""dayofweek\"", [365.25, 14], [354.37, 10]], \""polynomial_degree\"": null, \""transform_dict\"": null, \""holiday_countries_used\"": true, \""lags\"": null, \""forward_lags\"": 1}, \""3\"": {\""regression_model\"": {\""model\"": \""ElasticNet\"", \""model_params\"": {\""l1_ratio\"": 0.5, \""fit_intercept\"": true, \""selection\"": \""random\"", \""max_iter\"": 1000}}, \""datepart_method\"": \""simple_binarized\"", \""polynomial_degree\"": null, \""transform_dict\"": {\""fillna\"": null, \""transformations\"": {\""0\"": \""ClipOutliers\""}, \""transformation_params\"": {\""0\"": {\""method\"": \""clip\"", \""std_threshold\"": 4}}}, \""holiday_countries_used\"": false, \""lags\"": null, \""forward_lags\"": null}}}""}}, ""point_method"": ""median"", ""model_weights"": {}}","{""fillna"": ""fake_date"", ""transformations"": {""0"": ""FIRFilter"", ""1"": ""AlignLastValue"", ""2"": ""AlignLastValue""}, ""transformation_params"": {""0"": {""numtaps"": 32, ""cutoff_hz"": 0.1, ""window"": ""triang"", ""sampling_frequency"": 12, ""on_transform"": false, ""on_inverse"": true, ""bounds_only"": true}, ""1"": {""rows"": 1, ""lag"": 1, ""method"": ""multiplicative"", ""strength"": 1.0, ""first_value_only"": false, ""threshold"": null, ""threshold_method"": ""mean""}, ""2"": {""rows"": 1, ""lag"": 1, ""method"": ""multiplicative"", ""strength"": 1.0, ""first_value_only"": true, ""threshold"": 10, ""threshold_method"": ""max""}}}",1,1,18.811244683089907,1.3171432701363903,1.5256040147663577,0.5148710624237717,1.3171432701363903,0.0,-1.3894448159325892,0.7823630530689869,156.6677476004342,1.3156278946976832,0.41039099141789454,0.9,0.48333333333333334,3.9933035373687744,0.9666666666666667,1.4657544055770675,1.103251953621718,6.125909058514574,4.33340453923704,0.05014114919330314,155.27830278450165,54.949890696909996,33.01561860293443,0.19571380421639428,18.811244683089907,1.3171432701363903,1.5256040147663577,0.5148710624237717,1.3171432701363903,0.0,0.7823630530689869,1.3156278946976832,0.41039099141789454,3.9933035373687744,0.9666666666666667,1.4657544055770675,1.103251953621718,6.125909058514574,4.33340453923704,0.05014114919330314,155.27830278450165,54.949890696909996,33.01561860293443,0.19571380421639428,0.9,0.48333333333333334,7.1432,22.16121804653024,18.56102129332638,Wh,18.56102129332638,Wh
84,41b7cf413e2cd2002d2e6de4b292e1d2,Ensemble,"{""model_name"": ""BestN"", ""model_count"": 5, ""model_metric"": ""bestn_horizontal"", ""models"": {""927f8c402d93eba11011ff9ae8879530"": {""Model"": ""WindowRegression"", ""ModelParameters"": ""{\""window_size\"": 24, \""input_dim\"": \""univariate\"", \""output_dim\"": \""1step\"", \""normalize_window\"": false, \""max_windows\"": 5000000, \""fourier_encoding_components\"": null, \""scale\"": true, \""datepart_method\"": null, \""regression_type\"": null, \""regression_model\"": {\""model\"": \""ElasticNet\"", \""model_params\"": {\""l1_ratio\"": 0.5, \""fit_intercept\"": true, \""selection\"": \""cyclic\"", \""max_iter\"": 2000}}}"", ""TransformationParameters"": ""{\""fillna\"": \""akima\"", \""transformations\"": {\""0\"": \""DatepartRegression\"", \""1\"": \""Scaler\"", \""2\"": \""Scaler\""}, \""transformation_params\"": {\""0\"": {\""regression_model\"": {\""model\"": \""ElasticNet\"", \""model_params\"": {\""l1_ratio\"": 0.5, \""fit_intercept\"": true, \""selection\"": \""cyclic\"", \""max_iter\"": 1000}}, \""datepart_method\"": \""recurring\"", \""polynomial_degree\"": null, \""transform_dict\"": null, \""holiday_countries_used\"": false, \""lags\"": null, \""forward_lags\"": null}, \""1\"": {}, \""2\"": {}}}""}, ""4597814533265222b338e51fe9353b43"": {""Model"": ""DatepartRegression"", ""ModelParameters"": ""{\""regression_model\"": {\""model\"": \""ElasticNet\"", \""model_params\"": {\""l1_ratio\"": 0.1, \""fit_intercept\"": true, \""selection\"": \""cyclic\"", \""max_iter\"": 1000}}, \""datepart_method\"": \""anchored_warped_fourier:us_school\"", \""polynomial_degree\"": null, \""holiday_countries_used\"": true, \""lags\"": null, \""forward_lags\"": null, \""regression_type\"": null}"", ""TransformationParameters"": ""{\""fillna\"": \""linear\"", \""transformations\"": {}, \""transformation_params\"": {}}""}, ""4483a91438b744994df7703319d24419"": {""Model"": ""ARIMA"", ""ModelParameters"": ""{\""p\"": 4, \""d\"": 1, \""q\"": 4, \""regression_type\"": null}"", ""TransformationParameters"": ""{\""fillna\"": \""zero\"", \""transformations\"": {\""0\"": null}, \""transformation_params\"": {\""0\"": {}}}""}, ""db0e41fb25290810d4a0fb21211c4c5d"": {""Model"": ""ARIMA"", ""ModelParameters"": ""{\""p\"": 4, \""d\"": 0, \""q\"": 12, \""regression_type\"": null}"", ""TransformationParameters"": ""{\""fillna\"": \""cubic\"", \""transformations\"": {}, \""transformation_params\"": {}}""}, ""b64de7c386a7fef4fbd9b08033fa98b2"": {""Model"": ""WindowRegression"", ""ModelParameters"": ""{\""window_size\"": 10, \""input_dim\"": \""univariate\"", \""output_dim\"": \""1step\"", \""normalize_window\"": false, \""max_windows\"": 5000000, \""fourier_encoding_components\"": null, \""scale\"": true, \""datepart_method\"": null, \""regression_type\"": null, \""regression_model\"": {\""model\"": \""SVM\"", \""model_params\"": {\""C\"": 0.1, \""tol\"": 0.001, \""epsilon\"": 0.0, \""loss\"": \""squared_epsilon_insensitive\"", \""max_iter\"": 50}}}"", ""TransformationParameters"": ""{\""fillna\"": \""ffill\"", \""transformations\"": {\""0\"": \""DatepartRegression\"", \""1\"": \""DatepartRegression\"", \""2\"": \""DatepartRegression\"", \""3\"": \""DatepartRegression\""}, \""transformation_params\"": {\""0\"": {\""regression_model\"": {\""model\"": \""ElasticNet\"", \""model_params\"": {\""l1_ratio\"": 0.9, \""fit_intercept\"": true, \""selection\"": \""cyclic\"", \""max_iter\"": 1000}}, \""datepart_method\"": \""common_fourier\"", \""polynomial_degree\"": null, \""transform_dict\"": null, \""holiday_countries_used\"": true, \""lags\"": null, \""forward_lags\"": null}, \""1\"": {\""regression_model\"": {\""model\"": \""DecisionTree\"", \""model_params\"": {\""max_depth\"": null, \""min_samples_split\"": 2}}, \""datepart_method\"": \""simple_binarized\"", \""polynomial_degree\"": null, \""transform_dict\"": {\""fillna\"": null, \""transformations\"": {\""0\"": \""ScipyFilter\""}, \""transformation_params\"": {\""0\"": {\""method\"": \""savgol_filter\"", \""method_args\"": {\""window_length\"": 31, \""polyorder\"": 3, \""deriv\"": 0, \""mode\"": \""interp\""}}}}, \""holiday_countries_used\"": false, \""lags\"": null, \""forward_lags\"": null}, \""2\"": {\""regression_model\"": {\""model\"": \""ElasticNet\"", \""model_params\"": {\""l1_ratio\"": 0.5, \""fit_intercept\"": true, \""selection\"": \""cyclic\"", \""max_iter\"": 1000}}, \""datepart_method\"": [\""dayofweek\"", [365.25, 14], [354.37, 10]], \""polynomial_degree\"": null, \""transform_dict\"": null, \""holiday_countries_used\"": true, \""lags\"": null, \""forward_lags\"": 1}, \""3\"": {\""regression_model\"": {\""model\"": \""ElasticNet\"", \""model_params\"": {\""l1_ratio\"": 0.5, \""fit_intercept\"": true, \""selection\"": \""random\"", \""max_iter\"": 1000}}, \""datepart_method\"": \""simple_binarized\"", \""polynomial_degree\"": null, \""transform_dict\"": {\""fillna\"": null, \""transformations\"": {\""0\"": \""ClipOutliers\""}, \""transformation_params\"": {\""0\"": {\""method\"": \""clip\"", \""std_threshold\"": 4}}}, \""holiday_countries_used\"": false, \""lags\"": null, \""forward_lags\"": null}}}""}}, ""point_method"": ""median"", ""model_weights"": {}}","{""fillna"": ""fake_date"", ""transformations"": {""0"": ""AlignLastValue"", ""1"": ""AlignLastValue""}, ""transformation_params"": {""0"": {""rows"": 1, ""lag"": 1, ""method"": ""multiplicative"", ""strength"": 1.0, ""first_value_only"": false, ""threshold"": null, ""threshold_method"": ""mean""}, ""1"": {""rows"": 1, ""lag"": 1, ""method"": ""multiplicative"", ""strength"": 1.0, ""first_value_only"": true, ""threshold"": 10, ""threshold_method"": ""max""}}}",1,1,18.811244683089907,1.3171432701363903,1.5256040147663577,0.5148710624237717,1.3171432701363903,0.0,-1.3894448159325892,0.7823630530689869,156.6677476004342,1.3156278946976832,0.4088223679886811,0.8833333333333333,0.48333333333333334,3.9933035373687744,0.9666666666666667,1.4657544055770675,1.103251953621718,6.125909058514574,4.33340453923704,0.05014114919330314,155.27830278450165,54.949890696909996,33.01561860293443,0.19571380421639428,18.811244683089907,1.3171432701363903,1.5256040147663577,0.5148710624237717,1.3171432701363903,0.0,0.7823630530689869,1.3156278946976832,0.4088223679886811,3.9933035373687744,0.9666666666666667,1.4657544055770675,1.103251953621718,6.125909058514574,4.33340453923704,0.05014114919330314,155.27830278450165,54.949890696909996,33.01561860293443,0.19571380421639428,0.8833333333333333,0.48333333333333334,6.9778,22.1478254330941,18.56102129332638,Wh,18.56102129332638,Wh
85,92d9ff7a1d8954f517092856c85aa6bf,Ensemble,"{""model_name"": ""BestN"", ""model_count"": 5, ""model_metric"": ""bestn_horizontal"", ""models"": {""927f8c402d93eba11011ff9ae8879530"": {""Model"": ""WindowRegression"", ""ModelParameters"": ""{\""window_size\"": 24, \""input_dim\"": \""univariate\"", \""output_dim\"": \""1step\"", \""normalize_window\"": false, \""max_windows\"": 5000000, \""fourier_encoding_components\"": null, \""scale\"": true, \""datepart_method\"": null, \""regression_type\"": null, \""regression_model\"": {\""model\"": \""ElasticNet\"", \""model_params\"": {\""l1_ratio\"": 0.5, \""fit_intercept\"": true, \""selection\"": \""cyclic\"", \""max_iter\"": 2000}}}"", ""TransformationParameters"": ""{\""fillna\"": \""akima\"", \""transformations\"": {\""0\"": \""DatepartRegression\"", \""1\"": \""Scaler\"", \""2\"": \""Scaler\""}, \""transformation_params\"": {\""0\"": {\""regression_model\"": {\""model\"": \""ElasticNet\"", \""model_params\"": {\""l1_ratio\"": 0.5, \""fit_intercept\"": true, \""selection\"": \""cyclic\"", \""max_iter\"": 1000}}, \""datepart_method\"": \""recurring\"", \""polynomial_degree\"": null, \""transform_dict\"": null, \""holiday_countries_used\"": false, \""lags\"": null, \""forward_lags\"": null}, \""1\"": {}, \""2\"": {}}}""}, ""4597814533265222b338e51fe9353b43"": {""Model"": ""DatepartRegression"", ""ModelParameters"": ""{\""regression_model\"": {\""model\"": \""ElasticNet\"", \""model_params\"": {\""l1_ratio\"": 0.1, \""fit_intercept\"": true, \""selection\"": \""cyclic\"", \""max_iter\"": 1000}}, \""datepart_method\"": \""anchored_warped_fourier:us_school\"", \""polynomial_degree\"": null, \""holiday_countries_used\"": true, \""lags\"": null, \""forward_lags\"": null, \""regression_type\"": null}"", ""TransformationParameters"": ""{\""fillna\"": \""linear\"", \""transformations\"": {}, \""transformation_params\"": {}}""}, ""4483a91438b744994df7703319d24419"": {""Model"": ""ARIMA"", ""ModelParameters"": ""{\""p\"": 4, \""d\"": 1, \""q\"": 4, \""regression_type\"": null}"", ""TransformationParameters"": ""{\""fillna\"": \""zero\"", \""transformations\"": {\""0\"": null}, \""transformation_params\"": {\""0\"": {}}}""}, ""db0e41fb25290810d4a0fb21211c4c5d"": {""Model"": ""ARIMA"", ""ModelParameters"": ""{\""p\"": 4, \""d\"": 0, \""q\"": 12, \""regression_type\"": null}"", ""TransformationParameters"": ""{\""fillna\"": \""cubic\"", \""transformations\"": {}, \""transformation_params\"": {}}""}, ""b64de7c386a7fef4fbd9b08033fa98b2"": {""Model"": ""WindowRegression"", ""ModelParameters"": ""{\""window_size\"": 10, \""input_dim\"": \""univariate\"", \""output_dim\"": \""1step\"", \""normalize_window\"": false, \""max_windows\"": 5000000, \""fourier_encoding_components\"": null, \""scale\"": true, \""datepart_method\"": null, \""regression_type\"": null, \""regression_model\"": {\""model\"": \""SVM\"", \""model_params\"": {\""C\"": 0.1, \""tol\"": 0.001, \""epsilon\"": 0.0, \""loss\"": \""squared_epsilon_insensitive\"", \""max_iter\"": 50}}}"", ""TransformationParameters"": ""{\""fillna\"": \""ffill\"", \""transformations\"": {\""0\"": \""DatepartRegression\"", \""1\"": \""DatepartRegression\"", \""2\"": \""DatepartRegression\"", \""3\"": \""DatepartRegression\""}, \""transformation_params\"": {\""0\"": {\""regression_model\"": {\""model\"": \""ElasticNet\"", \""model_params\"": {\""l1_ratio\"": 0.9, \""fit_intercept\"": true, \""selection\"": \""cyclic\"", \""max_iter\"": 1000}}, \""datepart_method\"": \""common_fourier\"", \""polynomial_degree\"": null, \""transform_dict\"": null, \""holiday_countries_used\"": true, \""lags\"": null, \""forward_lags\"": null}, \""1\"": {\""regression_model\"": {\""model\"": \""DecisionTree\"", \""model_params\"": {\""max_depth\"": null, \""min_samples_split\"": 2}}, \""datepart_method\"": \""simple_binarized\"", \""polynomial_degree\"": null, \""transform_dict\"": {\""fillna\"": null, \""transformations\"": {\""0\"": \""ScipyFilter\""}, \""transformation_params\"": {\""0\"": {\""method\"": \""savgol_filter\"", \""method_args\"": {\""window_length\"": 31, \""polyorder\"": 3, \""deriv\"": 0, \""mode\"": \""interp\""}}}}, \""holiday_countries_used\"": false, \""lags\"": null, \""forward_lags\"": null}, \""2\"": {\""regression_model\"": {\""model\"": \""ElasticNet\"", \""model_params\"": {\""l1_ratio\"": 0.5, \""fit_intercept\"": true, \""selection\"": \""cyclic\"", \""max_iter\"": 1000}}, \""datepart_method\"": [\""dayofweek\"", [365.25, 14], [354.37, 10]], \""polynomial_degree\"": null, \""transform_dict\"": null, \""holiday_countries_used\"": true, \""lags\"": null, \""forward_lags\"": 1}, \""3\"": {\""regression_model\"": {\""model\"": \""ElasticNet\"", \""model_params\"": {\""l1_ratio\"": 0.5, \""fit_intercept\"": true, \""selection\"": \""random\"", \""max_iter\"": 1000}}, \""datepart_method\"": \""simple_binarized\"", \""polynomial_degree\"": null, \""transform_dict\"": {\""fillna\"": null, \""transformations\"": {\""0\"": \""ClipOutliers\""}, \""transformation_params\"": {\""0\"": {\""method\"": \""clip\"", \""std_threshold\"": 4}}}, \""holiday_countries_used\"": false, \""lags\"": null, \""forward_lags\"": null}}}""}}, ""point_method"": ""median"", ""model_weights"": {}}",{},1,1,18.784503100808937,1.3149721611856682,1.5238520894186796,0.511174020644776,1.3149721611856682,0.0,-1.3894448159325892,0.7813885023661854,156.4072145263476,1.3134567857469612,0.40874180864842025,0.8833333333333333,0.48333333333333334,3.9933035373687744,0.975,1.4615098618127247,1.1006977077973394,6.123737949563851,3.6784016442010277,0.04798177544748777,155.017769710415,54.72806819017024,33.01377008204493,0.19538542659930727,18.784503100808937,1.3149721611856682,1.5238520894186796,0.511174020644776,1.3149721611856682,0.0,0.7813885023661854,1.3134567857469612,0.40874180864842025,3.9933035373687744,0.975,1.4615098618127247,1.1006977077973394,6.123737949563851,3.6784016442010277,0.04798177544748777,155.017769710415,54.72806819017024,33.01377008204493,0.19538542659930727,0.8833333333333333,0.48333333333333334,6.9651,22.120278144365255,18.530426292480108,Wh,18.530426292480108,Wh
86,4597814533265222b338e51fe9353b43,DatepartRegression,"{""regression_model"": {""model"": ""ElasticNet"", ""model_params"": {""l1_ratio"": 0.1, ""fit_intercept"": true, ""selection"": ""cyclic"", ""max_iter"": 1000}}, ""datepart_method"": ""anchored_warped_fourier:us_school"", ""polynomial_degree"": null, ""holiday_countries_used"": true, ""lags"": null, ""forward_lags"": null, ""regression_type"": null}","{""fillna"": ""linear"", ""transformations"": {}, ""transformation_params"": {}}",0,1,18.683206514467994,1.3068529307842254,1.5170308605243867,0.5094912194490555,1.3068529307842254,0.0,-1.5289387702941895,0.777552265298825,155.29341292381287,1.3052598447195083,0.4183422682097511,0.9,0.5083333333333333,3.9933035373687744,0.975,1.459139990905616,1.0915633229648365,6.098018242462911,3.551568538263376,0.002529288811577041,153.76447415351868,53.98540107420998,34.50198451426634,0.1938057645547775,18.683206514467994,1.3068529307842254,1.5170308605243867,0.5094912194490555,1.3068529307842254,0.0,0.777552265298825,1.3052598447195083,0.4183422682097511,3.9933035373687744,0.975,1.459139990905616,1.0915633229648365,6.098018242462911,3.551568538263376,0.002529288811577041,153.76447415351868,53.98540107420998,34.50198451426634,0.1938057645547775,0.9,0.5083333333333333,0.6264,22.098851871976382,18.416011094237476,Wh,18.416011094237476,Wh
87,b1125b2745a264b79f350dd679eaeedf,Ensemble,"{""model_name"": ""BestN"", ""model_count"": 5, ""model_metric"": ""bestn_horizontal"", ""models"": {""927f8c402d93eba11011ff9ae8879530"": {""Model"": ""WindowRegression"", ""ModelParameters"": ""{\""window_size\"": 24, \""input_dim\"": \""univariate\"", \""output_dim\"": \""1step\"", \""normalize_window\"": false, \""max_windows\"": 5000000, \""fourier_encoding_components\"": null, \""scale\"": true, \""datepart_method\"": null, \""regression_type\"": null, \""regression_model\"": {\""model\"": \""ElasticNet\"", \""model_params\"": {\""l1_ratio\"": 0.5, \""fit_intercept\"": true, \""selection\"": \""cyclic\"", \""max_iter\"": 2000}}}"", ""TransformationParameters"": ""{\""fillna\"": \""akima\"", \""transformations\"": {\""0\"": \""DatepartRegression\"", \""1\"": \""Scaler\"", \""2\"": \""Scaler\""}, \""transformation_params\"": {\""0\"": {\""regression_model\"": {\""model\"": \""ElasticNet\"", \""model_params\"": {\""l1_ratio\"": 0.5, \""fit_intercept\"": true, \""selection\"": \""cyclic\"", \""max_iter\"": 1000}}, \""datepart_method\"": \""recurring\"", \""polynomial_degree\"": null, \""transform_dict\"": null, \""holiday_countries_used\"": false, \""lags\"": null, \""forward_lags\"": null}, \""1\"": {}, \""2\"": {}}}""}, ""4597814533265222b338e51fe9353b43"": {""Model"": ""DatepartRegression"", ""ModelParameters"": ""{\""regression_model\"": {\""model\"": \""ElasticNet\"", \""model_params\"": {\""l1_ratio\"": 0.1, \""fit_intercept\"": true, \""selection\"": \""cyclic\"", \""max_iter\"": 1000}}, \""datepart_method\"": \""anchored_warped_fourier:us_school\"", \""polynomial_degree\"": null, \""holiday_countries_used\"": true, \""lags\"": null, \""forward_lags\"": null, \""regression_type\"": null}"", ""TransformationParameters"": ""{\""fillna\"": \""linear\"", \""transformations\"": {}, \""transformation_params\"": {}}""}, ""4483a91438b744994df7703319d24419"": {""Model"": ""ARIMA"", ""ModelParameters"": ""{\""p\"": 4, \""d\"": 1, \""q\"": 4, \""regression_type\"": null}"", ""TransformationParameters"": ""{\""fillna\"": \""zero\"", \""transformations\"": {\""0\"": null}, \""transformation_params\"": {\""0\"": {}}}""}, ""db0e41fb25290810d4a0fb21211c4c5d"": {""Model"": ""ARIMA"", ""ModelParameters"": ""{\""p\"": 4, \""d\"": 0, \""q\"": 12, \""regression_type\"": null}"", ""TransformationParameters"": ""{\""fillna\"": \""cubic\"", \""transformations\"": {}, \""transformation_params\"": {}}""}, ""b64de7c386a7fef4fbd9b08033fa98b2"": {""Model"": ""WindowRegression"", ""ModelParameters"": ""{\""window_size\"": 10, \""input_dim\"": \""univariate\"", \""output_dim\"": \""1step\"", \""normalize_window\"": false, \""max_windows\"": 5000000, \""fourier_encoding_components\"": null, \""scale\"": true, \""datepart_method\"": null, \""regression_type\"": null, \""regression_model\"": {\""model\"": \""SVM\"", \""model_params\"": {\""C\"": 0.1, \""tol\"": 0.001, \""epsilon\"": 0.0, \""loss\"": \""squared_epsilon_insensitive\"", \""max_iter\"": 50}}}"", ""TransformationParameters"": ""{\""fillna\"": \""ffill\"", \""transformations\"": {\""0\"": \""DatepartRegression\"", \""1\"": \""DatepartRegression\"", \""2\"": \""DatepartRegression\"", \""3\"": \""DatepartRegression\""}, \""transformation_params\"": {\""0\"": {\""regression_model\"": {\""model\"": \""ElasticNet\"", \""model_params\"": {\""l1_ratio\"": 0.9, \""fit_intercept\"": true, \""selection\"": \""cyclic\"", \""max_iter\"": 1000}}, \""datepart_method\"": \""common_fourier\"", \""polynomial_degree\"": null, \""transform_dict\"": null, \""holiday_countries_used\"": true, \""lags\"": null, \""forward_lags\"": null}, \""1\"": {\""regression_model\"": {\""model\"": \""DecisionTree\"", \""model_params\"": {\""max_depth\"": null, \""min_samples_split\"": 2}}, \""datepart_method\"": \""simple_binarized\"", \""polynomial_degree\"": null, \""transform_dict\"": {\""fillna\"": null, \""transformations\"": {\""0\"": \""ScipyFilter\""}, \""transformation_params\"": {\""0\"": {\""method\"": \""savgol_filter\"", \""method_args\"": {\""window_length\"": 31, \""polyorder\"": 3, \""deriv\"": 0, \""mode\"": \""interp\""}}}}, \""holiday_countries_used\"": false, \""lags\"": null, \""forward_lags\"": null}, \""2\"": {\""regression_model\"": {\""model\"": \""ElasticNet\"", \""model_params\"": {\""l1_ratio\"": 0.5, \""fit_intercept\"": true, \""selection\"": \""cyclic\"", \""max_iter\"": 1000}}, \""datepart_method\"": [\""dayofweek\"", [365.25, 14], [354.37, 10]], \""polynomial_degree\"": null, \""transform_dict\"": null, \""holiday_countries_used\"": true, \""lags\"": null, \""forward_lags\"": 1}, \""3\"": {\""regression_model\"": {\""model\"": \""ElasticNet\"", \""model_params\"": {\""l1_ratio\"": 0.5, \""fit_intercept\"": true, \""selection\"": \""random\"", \""max_iter\"": 1000}}, \""datepart_method\"": \""simple_binarized\"", \""polynomial_degree\"": null, \""transform_dict\"": {\""fillna\"": null, \""transformations\"": {\""0\"": \""ClipOutliers\""}, \""transformation_params\"": {\""0\"": {\""method\"": \""clip\"", \""std_threshold\"": 4}}}, \""holiday_countries_used\"": false, \""lags\"": null, \""forward_lags\"": null}}}""}}, ""point_method"": ""median"", ""model_weights"": {}}","{""fillna"": ""ffill"", ""transformations"": {""0"": ""FFTFilter"", ""1"": ""HistoricValues""}, ""transformation_params"": {""0"": {""cutoff"": 0.01, ""reverse"": false, ""on_transform"": false, ""on_inverse"": true}, ""1"": {""window"": null}}}",1,1,18.8236926506583,1.3181254745898159,1.5282037381389766,0.5096333607266381,1.3181254745898159,0.0,-1.3748258434385727,0.7822589833859408,156.8002311073393,1.3166990006565527,0.39388885943812696,0.9,0.5166666666666667,4.016259978206652,0.975,1.4624572332981152,1.102136398141075,6.145792249406347,3.6430380604711923,0.002363042466657653,155.42540526390076,54.77917318326262,34.506373684420616,0.19589921315851044,18.8236926506583,1.3181254745898159,1.5282037381389766,0.5096333607266381,1.3181254745898159,0.0,0.7822589833859408,1.3166990006565527,0.39388885943812696,4.016259978206652,0.975,1.4624572332981152,1.102136398141075,6.145792249406347,3.6430380604711923,0.002363042466657653,155.42540526390076,54.77917318326262,34.506373684420616,0.19589921315851044,0.9,0.5166666666666667,7.0515,22.03536573798836,18.57486239792584,Wh,18.57486239792584,Wh
88,2f4cfa62f771bbbded10b24ba8aac50b,Ensemble,"{""model_name"": ""BestN"", ""model_count"": 3, ""model_metric"": ""best_score"", ""models"": {""927f8c402d93eba11011ff9ae8879530"": {""Model"": ""WindowRegression"", ""ModelParameters"": ""{\""window_size\"": 24, \""input_dim\"": \""univariate\"", \""output_dim\"": \""1step\"", \""normalize_window\"": false, \""max_windows\"": 5000000, \""fourier_encoding_components\"": null, \""scale\"": true, \""datepart_method\"": null, \""regression_type\"": null, \""regression_model\"": {\""model\"": \""ElasticNet\"", \""model_params\"": {\""l1_ratio\"": 0.5, \""fit_intercept\"": true, \""selection\"": \""cyclic\"", \""max_iter\"": 2000}}}"", ""TransformationParameters"": ""{\""fillna\"": \""akima\"", \""transformations\"": {\""0\"": \""DatepartRegression\"", \""1\"": \""Scaler\"", \""2\"": \""Scaler\""}, \""transformation_params\"": {\""0\"": {\""regression_model\"": {\""model\"": \""ElasticNet\"", \""model_params\"": {\""l1_ratio\"": 0.5, \""fit_intercept\"": true, \""selection\"": \""cyclic\"", \""max_iter\"": 1000}}, \""datepart_method\"": \""recurring\"", \""polynomial_degree\"": null, \""transform_dict\"": null, \""holiday_countries_used\"": false, \""lags\"": null, \""forward_lags\"": null}, \""1\"": {}, \""2\"": {}}}""}, ""4597814533265222b338e51fe9353b43"": {""Model"": ""DatepartRegression"", ""ModelParameters"": ""{\""regression_model\"": {\""model\"": \""ElasticNet\"", \""model_params\"": {\""l1_ratio\"": 0.1, \""fit_intercept\"": true, \""selection\"": \""cyclic\"", \""max_iter\"": 1000}}, \""datepart_method\"": \""anchored_warped_fourier:us_school\"", \""polynomial_degree\"": null, \""holiday_countries_used\"": true, \""lags\"": null, \""forward_lags\"": null, \""regression_type\"": null}"", ""TransformationParameters"": ""{\""fillna\"": \""linear\"", \""transformations\"": {}, \""transformation_params\"": {}}""}, ""4483a91438b744994df7703319d24419"": {""Model"": ""ARIMA"", ""ModelParameters"": ""{\""p\"": 4, \""d\"": 1, \""q\"": 4, \""regression_type\"": null}"", ""TransformationParameters"": ""{\""fillna\"": \""zero\"", \""transformations\"": {\""0\"": null}, \""transformation_params\"": {\""0\"": {}}}""}}, ""model_weights"": {}, ""point_method"": ""mean""}","{""fillna"": ""fake_date"", ""transformations"": {""0"": ""AlignLastValue"", ""1"": ""AlignLastValue""}, ""transformation_params"": {""0"": {""rows"": 1, ""lag"": 1, ""method"": ""multiplicative"", ""strength"": 1.0, ""first_value_only"": false, ""threshold"": null, ""threshold_method"": ""mean""}, ""1"": {""rows"": 1, ""lag"": 1, ""method"": ""multiplicative"", ""strength"": 1.0, ""first_value_only"": true, ""threshold"": 10, ""threshold_method"": ""max""}}}",1,1,18.68553937176175,1.307465726326461,1.5168070756422665,0.5284148456514036,1.307465726326461,0.0,-1.7277556468995519,0.7785408010998227,155.16813151227575,1.3056598644160204,0.39606467927177097,0.8333333333333334,0.44166666666666665,4.044850448435482,0.9666666666666667,1.4629824183896714,1.0922895831988404,6.08030275197207,4.323489045271928,0.2108941729234993,153.4403758653762,54.072362260770554,27.377138234467548,0.19339726891968279,18.68553937176175,1.307465726326461,1.5168070756422665,0.5284148456514036,1.307465726326461,0.0,0.7785408010998227,1.3056598644160204,0.39606467927177097,4.044850448435482,0.9666666666666667,1.4629824183896714,1.0922895831988404,6.08030275197207,4.323489045271928,0.2108941729234993,153.4403758653762,54.072362260770554,27.377138234467548,0.19339726891968279,0.8333333333333334,0.44166666666666665,2.0842,21.91726408058166,18.424646533802612,Wh,18.424646533802612,Wh
89,59d49f295c25a65cbdc422b6d4863d74,Ensemble,"{""model_name"": ""BestN"", ""model_count"": 3, ""model_metric"": ""horizontal"", ""models"": {""4597814533265222b338e51fe9353b43"": {""Model"": ""DatepartRegression"", ""ModelParameters"": ""{\""regression_model\"": {\""model\"": \""ElasticNet\"", \""model_params\"": {\""l1_ratio\"": 0.1, \""fit_intercept\"": true, \""selection\"": \""cyclic\"", \""max_iter\"": 1000}}, \""datepart_method\"": \""anchored_warped_fourier:us_school\"", \""polynomial_degree\"": null, \""holiday_countries_used\"": true, \""lags\"": null, \""forward_lags\"": null, \""regression_type\"": null}"", ""TransformationParameters"": ""{\""fillna\"": \""linear\"", \""transformations\"": {}, \""transformation_params\"": {}}""}, ""927f8c402d93eba11011ff9ae8879530"": {""Model"": ""WindowRegression"", ""ModelParameters"": ""{\""window_size\"": 24, \""input_dim\"": \""univariate\"", \""output_dim\"": \""1step\"", \""normalize_window\"": false, \""max_windows\"": 5000000, \""fourier_encoding_components\"": null, \""scale\"": true, \""datepart_method\"": null, \""regression_type\"": null, \""regression_model\"": {\""model\"": \""ElasticNet\"", \""model_params\"": {\""l1_ratio\"": 0.5, \""fit_intercept\"": true, \""selection\"": \""cyclic\"", \""max_iter\"": 2000}}}"", ""TransformationParameters"": ""{\""fillna\"": \""akima\"", \""transformations\"": {\""0\"": \""DatepartRegression\"", \""1\"": \""Scaler\"", \""2\"": \""Scaler\""}, \""transformation_params\"": {\""0\"": {\""regression_model\"": {\""model\"": \""ElasticNet\"", \""model_params\"": {\""l1_ratio\"": 0.5, \""fit_intercept\"": true, \""selection\"": \""cyclic\"", \""max_iter\"": 1000}}, \""datepart_method\"": \""recurring\"", \""polynomial_degree\"": null, \""transform_dict\"": null, \""holiday_countries_used\"": false, \""lags\"": null, \""forward_lags\"": null}, \""1\"": {}, \""2\"": {}}}""}, ""4483a91438b744994df7703319d24419"": {""Model"": ""ARIMA"", ""ModelParameters"": ""{\""p\"": 4, \""d\"": 1, \""q\"": 4, \""regression_type\"": null}"", ""TransformationParameters"": ""{\""fillna\"": \""zero\"", \""transformations\"": {\""0\"": null}, \""transformation_params\"": {\""0\"": {}}}""}}, ""model_weights"": {}, ""point_method"": ""mean""}","{""fillna"": ""fake_date"", ""transformations"": {""0"": ""AlignLastValue"", ""1"": ""AlignLastValue""}, ""transformation_params"": {""0"": {""rows"": 1, ""lag"": 1, ""method"": ""multiplicative"", ""strength"": 1.0, ""first_value_only"": false, ""threshold"": null, ""threshold_method"": ""mean""}, ""1"": {""rows"": 1, ""lag"": 1, ""method"": ""multiplicative"", ""strength"": 1.0, ""first_value_only"": true, ""threshold"": 10, ""threshold_method"": ""max""}}}",1,1,18.68553937176175,1.307465726326461,1.5168070756422665,0.5284148456514036,1.307465726326461,0.0,-1.7277556468995519,0.7785408010998227,155.16813151227575,1.3056598644160204,0.39606467927177097,0.8333333333333334,0.44166666666666665,4.044850448435482,0.9666666666666667,1.4629824183896714,1.0922895831988404,6.08030275197207,4.323489045271928,0.2108941729234993,153.4403758653762,54.072362260770554,27.377138234467548,0.19339726891968279,18.68553937176175,1.307465726326461,1.5168070756422665,0.5284148456514036,1.307465726326461,0.0,0.7785408010998227,1.3056598644160204,0.39606467927177097,4.044850448435482,0.9666666666666667,1.4629824183896714,1.0922895831988404,6.08030275197207,4.323489045271928,0.2108941729234993,153.4403758653762,54.072362260770554,27.377138234467548,0.19339726891968279,0.8333333333333334,0.44166666666666665,1.9958,21.91726408058166,18.424646533802612,Wh,18.424646533802612,Wh
90,c623535b27631b484b6decac9ba796a1,Ensemble,"{""model_name"": ""BestN"", ""model_count"": 3, ""model_metric"": ""best_score_unique"", ""models"": {""927f8c402d93eba11011ff9ae8879530"": {""Model"": ""WindowRegression"", ""ModelParameters"": ""{\""window_size\"": 24, \""input_dim\"": \""univariate\"", \""output_dim\"": \""1step\"", \""normalize_window\"": false, \""max_windows\"": 5000000, \""fourier_encoding_components\"": null, \""scale\"": true, \""datepart_method\"": null, \""regression_type\"": null, \""regression_model\"": {\""model\"": \""ElasticNet\"", \""model_params\"": {\""l1_ratio\"": 0.5, \""fit_intercept\"": true, \""selection\"": \""cyclic\"", \""max_iter\"": 2000}}}"", ""TransformationParameters"": ""{\""fillna\"": \""akima\"", \""transformations\"": {\""0\"": \""DatepartRegression\"", \""1\"": \""Scaler\"", \""2\"": \""Scaler\""}, \""transformation_params\"": {\""0\"": {\""regression_model\"": {\""model\"": \""ElasticNet\"", \""model_params\"": {\""l1_ratio\"": 0.5, \""fit_intercept\"": true, \""selection\"": \""cyclic\"", \""max_iter\"": 1000}}, \""datepart_method\"": \""recurring\"", \""polynomial_degree\"": null, \""transform_dict\"": null, \""holiday_countries_used\"": false, \""lags\"": null, \""forward_lags\"": null}, \""1\"": {}, \""2\"": {}}}""}, ""4597814533265222b338e51fe9353b43"": {""Model"": ""DatepartRegression"", ""ModelParameters"": ""{\""regression_model\"": {\""model\"": \""ElasticNet\"", \""model_params\"": {\""l1_ratio\"": 0.1, \""fit_intercept\"": true, \""selection\"": \""cyclic\"", \""max_iter\"": 1000}}, \""datepart_method\"": \""anchored_warped_fourier:us_school\"", \""polynomial_degree\"": null, \""holiday_countries_used\"": true, \""lags\"": null, \""forward_lags\"": null, \""regression_type\"": null}"", ""TransformationParameters"": ""{\""fillna\"": \""linear\"", \""transformations\"": {}, \""transformation_params\"": {}}""}, ""4483a91438b744994df7703319d24419"": {""Model"": ""ARIMA"", ""ModelParameters"": ""{\""p\"": 4, \""d\"": 1, \""q\"": 4, \""regression_type\"": null}"", ""TransformationParameters"": ""{\""fillna\"": \""zero\"", \""transformations\"": {\""0\"": null}, \""transformation_params\"": {\""0\"": {}}}""}}, ""model_weights"": {}, ""point_method"": ""mean""}","{""fillna"": ""fake_date"", ""transformations"": {""0"": ""AlignLastValue"", ""1"": ""AlignLastValue""}, ""transformation_params"": {""0"": {""rows"": 1, ""lag"": 1, ""method"": ""multiplicative"", ""strength"": 1.0, ""first_value_only"": false, ""threshold"": null, ""threshold_method"": ""mean""}, ""1"": {""rows"": 1, ""lag"": 1, ""method"": ""multiplicative"", ""strength"": 1.0, ""first_value_only"": true, ""threshold"": 10, ""threshold_method"": ""max""}}}",1,1,18.68553937176175,1.307465726326461,1.5168070756422665,0.5284148456514036,1.307465726326461,0.0,-1.7277556468995519,0.7785408010998227,155.16813151227575,1.3056598644160204,0.39606467927177097,0.8333333333333334,0.44166666666666665,4.044850448435482,0.9666666666666667,1.4629824183896714,1.0922895831988404,6.08030275197207,4.323489045271928,0.2108941729234993,153.4403758653762,54.072362260770554,27.377138234467548,0.19339726891968279,18.68553937176175,1.307465726326461,1.5168070756422665,0.5284148456514036,1.307465726326461,0.0,0.7785408010998227,1.3056598644160204,0.39606467927177097,4.044850448435482,0.9666666666666667,1.4629824183896714,1.0922895831988404,6.08030275197207,4.323489045271928,0.2108941729234993,153.4403758653762,54.072362260770554,27.377138234467548,0.19339726891968279,0.8333333333333334,0.44166666666666665,2.1312,21.91726408058166,18.424646533802612,Wh,18.424646533802612,Wh
91,ac0e12b28e59f37b96fadeb1718d350c,Ensemble,"{""model_name"": ""BestN"", ""model_count"": 3, ""model_metric"": ""best_score"", ""models"": {""927f8c402d93eba11011ff9ae8879530"": {""Model"": ""WindowRegression"", ""ModelParameters"": ""{\""window_size\"": 24, \""input_dim\"": \""univariate\"", \""output_dim\"": \""1step\"", \""normalize_window\"": false, \""max_windows\"": 5000000, \""fourier_encoding_components\"": null, \""scale\"": true, \""datepart_method\"": null, \""regression_type\"": null, \""regression_model\"": {\""model\"": \""ElasticNet\"", \""model_params\"": {\""l1_ratio\"": 0.5, \""fit_intercept\"": true, \""selection\"": \""cyclic\"", \""max_iter\"": 2000}}}"", ""TransformationParameters"": ""{\""fillna\"": \""akima\"", \""transformations\"": {\""0\"": \""DatepartRegression\"", \""1\"": \""Scaler\"", \""2\"": \""Scaler\""}, \""transformation_params\"": {\""0\"": {\""regression_model\"": {\""model\"": \""ElasticNet\"", \""model_params\"": {\""l1_ratio\"": 0.5, \""fit_intercept\"": true, \""selection\"": \""cyclic\"", \""max_iter\"": 1000}}, \""datepart_method\"": \""recurring\"", \""polynomial_degree\"": null, \""transform_dict\"": null, \""holiday_countries_used\"": false, \""lags\"": null, \""forward_lags\"": null}, \""1\"": {}, \""2\"": {}}}""}, ""4597814533265222b338e51fe9353b43"": {""Model"": ""DatepartRegression"", ""ModelParameters"": ""{\""regression_model\"": {\""model\"": \""ElasticNet\"", \""model_params\"": {\""l1_ratio\"": 0.1, \""fit_intercept\"": true, \""selection\"": \""cyclic\"", \""max_iter\"": 1000}}, \""datepart_method\"": \""anchored_warped_fourier:us_school\"", \""polynomial_degree\"": null, \""holiday_countries_used\"": true, \""lags\"": null, \""forward_lags\"": null, \""regression_type\"": null}"", ""TransformationParameters"": ""{\""fillna\"": \""linear\"", \""transformations\"": {}, \""transformation_params\"": {}}""}, ""4483a91438b744994df7703319d24419"": {""Model"": ""ARIMA"", ""ModelParameters"": ""{\""p\"": 4, \""d\"": 1, \""q\"": 4, \""regression_type\"": null}"", ""TransformationParameters"": ""{\""fillna\"": \""zero\"", \""transformations\"": {\""0\"": null}, \""transformation_params\"": {\""0\"": {}}}""}}, ""model_weights"": {}, ""point_method"": ""mean""}","{""fillna"": ""fake_date"", ""transformations"": {""0"": ""FIRFilter"", ""1"": ""AlignLastValue"", ""2"": ""AlignLastValue""}, ""transformation_params"": {""0"": {""numtaps"": 32, ""cutoff_hz"": 0.1, ""window"": ""triang"", ""sampling_frequency"": 12, ""on_transform"": false, ""on_inverse"": true, ""bounds_only"": true}, ""1"": {""rows"": 1, ""lag"": 1, ""method"": ""multiplicative"", ""strength"": 1.0, ""first_value_only"": false, ""threshold"": null, ""threshold_method"": ""mean""}, ""2"": {""rows"": 1, ""lag"": 1, ""method"": ""multiplicative"", ""strength"": 1.0, ""first_value_only"": true, ""threshold"": 10, ""threshold_method"": ""max""}}}",1,1,18.68553937176175,1.307465726326461,1.5168070756422665,0.5284148456514036,1.307465726326461,0.0,-1.7277556468995519,0.7785408010998227,155.16813151227575,1.3056598644160204,0.3951212062139887,0.8416666666666667,0.44166666666666665,4.044850448435482,0.9666666666666667,1.4629824183896714,1.0922895831988404,6.08030275197207,4.323489045271928,0.2108941729234993,153.4403758653762,54.072362260770554,27.377138234467548,0.19339726891968279,18.68553937176175,1.307465726326461,1.5168070756422665,0.5284148456514036,1.307465726326461,0.0,0.7785408010998227,1.3056598644160204,0.3951212062139887,4.044850448435482,0.9666666666666667,1.4629824183896714,1.0922895831988404,6.08030275197207,4.323489045271928,0.2108941729234993,153.4403758653762,54.072362260770554,27.377138234467548,0.19339726891968279,0.8416666666666667,0.44166666666666665,2.2575,21.90920888408582,18.424646533802612,Wh,18.424646533802612,Wh
92,de0a517e6fbe0832bcbcd2be5ab65fa5,Ensemble,"{""model_name"": ""BestN"", ""model_count"": 3, ""model_metric"": ""best_score_unique"", ""models"": {""927f8c402d93eba11011ff9ae8879530"": {""Model"": ""WindowRegression"", ""ModelParameters"": ""{\""window_size\"": 24, \""input_dim\"": \""univariate\"", \""output_dim\"": \""1step\"", \""normalize_window\"": false, \""max_windows\"": 5000000, \""fourier_encoding_components\"": null, \""scale\"": true, \""datepart_method\"": null, \""regression_type\"": null, \""regression_model\"": {\""model\"": \""ElasticNet\"", \""model_params\"": {\""l1_ratio\"": 0.5, \""fit_intercept\"": true, \""selection\"": \""cyclic\"", \""max_iter\"": 2000}}}"", ""TransformationParameters"": ""{\""fillna\"": \""akima\"", \""transformations\"": {\""0\"": \""DatepartRegression\"", \""1\"": \""Scaler\"", \""2\"": \""Scaler\""}, \""transformation_params\"": {\""0\"": {\""regression_model\"": {\""model\"": \""ElasticNet\"", \""model_params\"": {\""l1_ratio\"": 0.5, \""fit_intercept\"": true, \""selection\"": \""cyclic\"", \""max_iter\"": 1000}}, \""datepart_method\"": \""recurring\"", \""polynomial_degree\"": null, \""transform_dict\"": null, \""holiday_countries_used\"": false, \""lags\"": null, \""forward_lags\"": null}, \""1\"": {}, \""2\"": {}}}""}, ""4597814533265222b338e51fe9353b43"": {""Model"": ""DatepartRegression"", ""ModelParameters"": ""{\""regression_model\"": {\""model\"": \""ElasticNet\"", \""model_params\"": {\""l1_ratio\"": 0.1, \""fit_intercept\"": true, \""selection\"": \""cyclic\"", \""max_iter\"": 1000}}, \""datepart_method\"": \""anchored_warped_fourier:us_school\"", \""polynomial_degree\"": null, \""holiday_countries_used\"": true, \""lags\"": null, \""forward_lags\"": null, \""regression_type\"": null}"", ""TransformationParameters"": ""{\""fillna\"": \""linear\"", \""transformations\"": {}, \""transformation_params\"": {}}""}, ""4483a91438b744994df7703319d24419"": {""Model"": ""ARIMA"", ""ModelParameters"": ""{\""p\"": 4, \""d\"": 1, \""q\"": 4, \""regression_type\"": null}"", ""TransformationParameters"": ""{\""fillna\"": \""zero\"", \""transformations\"": {\""0\"": null}, \""transformation_params\"": {\""0\"": {}}}""}}, ""model_weights"": {}, ""point_method"": ""mean""}","{""fillna"": ""fake_date"", ""transformations"": {""0"": ""FIRFilter"", ""1"": ""AlignLastValue"", ""2"": ""AlignLastValue""}, ""transformation_params"": {""0"": {""numtaps"": 32, ""cutoff_hz"": 0.1, ""window"": ""triang"", ""sampling_frequency"": 12, ""on_transform"": false, ""on_inverse"": true, ""bounds_only"": true}, ""1"": {""rows"": 1, ""lag"": 1, ""method"": ""multiplicative"", ""strength"": 1.0, ""first_value_only"": false, ""threshold"": null, ""threshold_method"": ""mean""}, ""2"": {""rows"": 1, ""lag"": 1, ""method"": ""multiplicative"", ""strength"": 1.0, ""first_value_only"": true, ""threshold"": 10, ""threshold_method"": ""max""}}}",1,1,18.68553937176175,1.307465726326461,1.5168070756422665,0.5284148456514036,1.307465726326461,0.0,-1.7277556468995519,0.7785408010998227,155.16813151227575,1.3056598644160204,0.3951212062139887,0.8416666666666667,0.44166666666666665,4.044850448435482,0.9666666666666667,1.4629824183896714,1.0922895831988404,6.08030275197207,4.323489045271928,0.2108941729234993,153.4403758653762,54.072362260770554,27.377138234467548,0.19339726891968279,18.68553937176175,1.307465726326461,1.5168070756422665,0.5284148456514036,1.307465726326461,0.0,0.7785408010998227,1.3056598644160204,0.3951212062139887,4.044850448435482,0.9666666666666667,1.4629824183896714,1.0922895831988404,6.08030275197207,4.323489045271928,0.2108941729234993,153.4403758653762,54.072362260770554,27.377138234467548,0.19339726891968279,0.8416666666666667,0.44166666666666665,2.2856,21.90920888408582,18.424646533802612,Wh,18.424646533802612,Wh
93,d7e502b1297d079ecb80d4860f8adb3c,Ensemble,"{""model_name"": ""BestN"", ""model_count"": 3, ""model_metric"": ""horizontal"", ""models"": {""4597814533265222b338e51fe9353b43"": {""Model"": ""DatepartRegression"", ""ModelParameters"": ""{\""regression_model\"": {\""model\"": \""ElasticNet\"", \""model_params\"": {\""l1_ratio\"": 0.1, \""fit_intercept\"": true, \""selection\"": \""cyclic\"", \""max_iter\"": 1000}}, \""datepart_method\"": \""anchored_warped_fourier:us_school\"", \""polynomial_degree\"": null, \""holiday_countries_used\"": true, \""lags\"": null, \""forward_lags\"": null, \""regression_type\"": null}"", ""TransformationParameters"": ""{\""fillna\"": \""linear\"", \""transformations\"": {}, \""transformation_params\"": {}}""}, ""927f8c402d93eba11011ff9ae8879530"": {""Model"": ""WindowRegression"", ""ModelParameters"": ""{\""window_size\"": 24, \""input_dim\"": \""univariate\"", \""output_dim\"": \""1step\"", \""normalize_window\"": false, \""max_windows\"": 5000000, \""fourier_encoding_components\"": null, \""scale\"": true, \""datepart_method\"": null, \""regression_type\"": null, \""regression_model\"": {\""model\"": \""ElasticNet\"", \""model_params\"": {\""l1_ratio\"": 0.5, \""fit_intercept\"": true, \""selection\"": \""cyclic\"", \""max_iter\"": 2000}}}"", ""TransformationParameters"": ""{\""fillna\"": \""akima\"", \""transformations\"": {\""0\"": \""DatepartRegression\"", \""1\"": \""Scaler\"", \""2\"": \""Scaler\""}, \""transformation_params\"": {\""0\"": {\""regression_model\"": {\""model\"": \""ElasticNet\"", \""model_params\"": {\""l1_ratio\"": 0.5, \""fit_intercept\"": true, \""selection\"": \""cyclic\"", \""max_iter\"": 1000}}, \""datepart_method\"": \""recurring\"", \""polynomial_degree\"": null, \""transform_dict\"": null, \""holiday_countries_used\"": false, \""lags\"": null, \""forward_lags\"": null}, \""1\"": {}, \""2\"": {}}}""}, ""4483a91438b744994df7703319d24419"": {""Model"": ""ARIMA"", ""ModelParameters"": ""{\""p\"": 4, \""d\"": 1, \""q\"": 4, \""regression_type\"": null}"", ""TransformationParameters"": ""{\""fillna\"": \""zero\"", \""transformations\"": {\""0\"": null}, \""transformation_params\"": {\""0\"": {}}}""}}, ""model_weights"": {}, ""point_method"": ""mean""}","{""fillna"": ""fake_date"", ""transformations"": {""0"": ""FIRFilter"", ""1"": ""AlignLastValue"", ""2"": ""AlignLastValue""}, ""transformation_params"": {""0"": {""numtaps"": 32, ""cutoff_hz"": 0.1, ""window"": ""triang"", ""sampling_frequency"": 12, ""on_transform"": false, ""on_inverse"": true, ""bounds_only"": true}, ""1"": {""rows"": 1, ""lag"": 1, ""method"": ""multiplicative"", ""strength"": 1.0, ""first_value_only"": false, ""threshold"": null, ""threshold_method"": ""mean""}, ""2"": {""rows"": 1, ""lag"": 1, ""method"": ""multiplicative"", ""strength"": 1.0, ""first_value_only"": true, ""threshold"": 10, ""threshold_method"": ""max""}}}",1,1,18.68553937176175,1.307465726326461,1.5168070756422665,0.5284148456514036,1.307465726326461,0.0,-1.7277556468995519,0.7785408010998227,155.16813151227575,1.3056598644160204,0.3951212062139887,0.8416666666666667,0.44166666666666665,4.044850448435482,0.9666666666666667,1.4629824183896714,1.0922895831988404,6.08030275197207,4.323489045271928,0.2108941729234993,153.4403758653762,54.072362260770554,27.377138234467548,0.19339726891968279,18.68553937176175,1.307465726326461,1.5168070756422665,0.5284148456514036,1.307465726326461,0.0,0.7785408010998227,1.3056598644160204,0.3951212062139887,4.044850448435482,0.9666666666666667,1.4629824183896714,1.0922895831988404,6.08030275197207,4.323489045271928,0.2108941729234993,153.4403758653762,54.072362260770554,27.377138234467548,0.19339726891968279,0.8416666666666667,0.44166666666666665,2.1455,21.90920888408582,18.424646533802612,Wh,18.424646533802612,Wh
94,4ff154b887f3331ea76d9e7d05f710a9,Ensemble,"{""model_name"": ""BestN"", ""model_count"": 3, ""model_metric"": ""bestn_horizontal"", ""models"": {""927f8c402d93eba11011ff9ae8879530"": {""Model"": ""WindowRegression"", ""ModelParameters"": ""{\""window_size\"": 24, \""input_dim\"": \""univariate\"", \""output_dim\"": \""1step\"", \""normalize_window\"": false, \""max_windows\"": 5000000, \""fourier_encoding_components\"": null, \""scale\"": true, \""datepart_method\"": null, \""regression_type\"": null, \""regression_model\"": {\""model\"": \""ElasticNet\"", \""model_params\"": {\""l1_ratio\"": 0.5, \""fit_intercept\"": true, \""selection\"": \""cyclic\"", \""max_iter\"": 2000}}}"", ""TransformationParameters"": ""{\""fillna\"": \""akima\"", \""transformations\"": {\""0\"": \""DatepartRegression\"", \""1\"": \""Scaler\"", \""2\"": \""Scaler\""}, \""transformation_params\"": {\""0\"": {\""regression_model\"": {\""model\"": \""ElasticNet\"", \""model_params\"": {\""l1_ratio\"": 0.5, \""fit_intercept\"": true, \""selection\"": \""cyclic\"", \""max_iter\"": 1000}}, \""datepart_method\"": \""recurring\"", \""polynomial_degree\"": null, \""transform_dict\"": null, \""holiday_countries_used\"": false, \""lags\"": null, \""forward_lags\"": null}, \""1\"": {}, \""2\"": {}}}""}, ""4597814533265222b338e51fe9353b43"": {""Model"": ""DatepartRegression"", ""ModelParameters"": ""{\""regression_model\"": {\""model\"": \""ElasticNet\"", \""model_params\"": {\""l1_ratio\"": 0.1, \""fit_intercept\"": true, \""selection\"": \""cyclic\"", \""max_iter\"": 1000}}, \""datepart_method\"": \""anchored_warped_fourier:us_school\"", \""polynomial_degree\"": null, \""holiday_countries_used\"": true, \""lags\"": null, \""forward_lags\"": null, \""regression_type\"": null}"", ""TransformationParameters"": ""{\""fillna\"": \""linear\"", \""transformations\"": {}, \""transformation_params\"": {}}""}, ""4483a91438b744994df7703319d24419"": {""Model"": ""ARIMA"", ""ModelParameters"": ""{\""p\"": 4, \""d\"": 1, \""q\"": 4, \""regression_type\"": null}"", ""TransformationParameters"": ""{\""fillna\"": \""zero\"", \""transformations\"": {\""0\"": null}, \""transformation_params\"": {\""0\"": {}}}""}}, ""model_weights"": {""927f8c402d93eba11011ff9ae8879530"": 4.0, ""4597814533265222b338e51fe9353b43"": 3.0, ""4483a91438b744994df7703319d24419"": 2.0}, ""point_method"": ""mean""}","{""fillna"": ""ffill"", ""transformations"": {""0"": ""FFTFilter"", ""1"": ""HistoricValues""}, ""transformation_params"": {""0"": {""cutoff"": 0.01, ""reverse"": false, ""on_transform"": false, ""on_inverse"": true}, ""1"": {""window"": null}}}",1,1,18.626558927388565,1.3023091925863335,1.5123025407728437,0.5094267852539289,1.3023091925863335,0.0,-1.5931324582333017,0.7757273760094034,154.68397065212673,1.3006457955180233,0.4000878076591285,0.7583333333333333,0.49166666666666664,3.982955921552537,0.975,1.4578026260120343,1.0874122075075976,6.0770230386627455,3.5107218631065518,0.0026226138399162847,153.09083819389343,53.67634723547466,34.485783165206335,0.1929567093168529,18.626558927388565,1.3023091925863335,1.5123025407728437,0.5094267852539289,1.3023091925863335,0.0,0.7757273760094034,1.3006457955180233,0.4000878076591285,3.982955921552537,0.975,1.4578026260120343,1.0874122075075976,6.0770230386627455,3.5107218631065518,0.0026226138399162847,153.09083819389343,53.67634723547466,34.485783165206335,0.1929567093168529,0.7583333333333333,0.49166666666666664,2.0459,21.887511514310635,18.351981293262494,Wh,18.351981293262494,Wh
95,1007e089558f3d69f9824e72517dba7e,Ensemble,"{""model_name"": ""BestN"", ""model_count"": 3, ""model_metric"": ""horizontal"", ""models"": {""4597814533265222b338e51fe9353b43"": {""Model"": ""DatepartRegression"", ""ModelParameters"": ""{\""regression_model\"": {\""model\"": \""ElasticNet\"", \""model_params\"": {\""l1_ratio\"": 0.1, \""fit_intercept\"": true, \""selection\"": \""cyclic\"", \""max_iter\"": 1000}}, \""datepart_method\"": \""anchored_warped_fourier:us_school\"", \""polynomial_degree\"": null, \""holiday_countries_used\"": true, \""lags\"": null, \""forward_lags\"": null, \""regression_type\"": null}"", ""TransformationParameters"": ""{\""fillna\"": \""linear\"", \""transformations\"": {}, \""transformation_params\"": {}}""}, ""927f8c402d93eba11011ff9ae8879530"": {""Model"": ""WindowRegression"", ""ModelParameters"": ""{\""window_size\"": 24, \""input_dim\"": \""univariate\"", \""output_dim\"": \""1step\"", \""normalize_window\"": false, \""max_windows\"": 5000000, \""fourier_encoding_components\"": null, \""scale\"": true, \""datepart_method\"": null, \""regression_type\"": null, \""regression_model\"": {\""model\"": \""ElasticNet\"", \""model_params\"": {\""l1_ratio\"": 0.5, \""fit_intercept\"": true, \""selection\"": \""cyclic\"", \""max_iter\"": 2000}}}"", ""TransformationParameters"": ""{\""fillna\"": \""akima\"", \""transformations\"": {\""0\"": \""DatepartRegression\"", \""1\"": \""Scaler\"", \""2\"": \""Scaler\""}, \""transformation_params\"": {\""0\"": {\""regression_model\"": {\""model\"": \""ElasticNet\"", \""model_params\"": {\""l1_ratio\"": 0.5, \""fit_intercept\"": true, \""selection\"": \""cyclic\"", \""max_iter\"": 1000}}, \""datepart_method\"": \""recurring\"", \""polynomial_degree\"": null, \""transform_dict\"": null, \""holiday_countries_used\"": false, \""lags\"": null, \""forward_lags\"": null}, \""1\"": {}, \""2\"": {}}}""}, ""4483a91438b744994df7703319d24419"": {""Model"": ""ARIMA"", ""ModelParameters"": ""{\""p\"": 4, \""d\"": 1, \""q\"": 4, \""regression_type\"": null}"", ""TransformationParameters"": ""{\""fillna\"": \""zero\"", \""transformations\"": {\""0\"": null}, \""transformation_params\"": {\""0\"": {}}}""}}, ""model_weights"": {}, ""point_method"": ""mean""}",{},1,1,18.641892206688237,1.303960495008098,1.5141464911572964,0.5224460127078872,1.303960495008098,0.0,-1.7277556468995519,0.776905457432006,154.7475037540722,1.3021546330976572,0.3959270779938188,0.8333333333333334,0.45,4.044850448435482,0.975,1.4583404128125566,1.0881657816478252,6.076797520653708,3.3347957832945836,0.2154043802824127,153.01974810717263,53.71423228415958,26.96891842057824,0.19286710689935668,18.641892206688237,1.303960495008098,1.5141464911572964,0.5224460127078872,1.303960495008098,0.0,0.776905457432006,1.3021546330976572,0.3959270779938188,4.044850448435482,0.975,1.4583404128125566,1.0881657816478252,6.076797520653708,3.3347957832945836,0.2154043802824127,153.01974810717263,53.71423228415958,26.96891842057824,0.19286710689935668,0.8333333333333334,0.45,1.9855,21.87269420998406,18.375251244305037,Wh,18.375251244305037,Wh
96,380af932a7fe9c6af9c28546cb7b96f6,Ensemble,"{""model_name"": ""BestN"", ""model_count"": 3, ""model_metric"": ""best_score_unique"", ""models"": {""927f8c402d93eba11011ff9ae8879530"": {""Model"": ""WindowRegression"", ""ModelParameters"": ""{\""window_size\"": 24, \""input_dim\"": \""univariate\"", \""output_dim\"": \""1step\"", \""normalize_window\"": false, \""max_windows\"": 5000000, \""fourier_encoding_components\"": null, \""scale\"": true, \""datepart_method\"": null, \""regression_type\"": null, \""regression_model\"": {\""model\"": \""ElasticNet\"", \""model_params\"": {\""l1_ratio\"": 0.5, \""fit_intercept\"": true, \""selection\"": \""cyclic\"", \""max_iter\"": 2000}}}"", ""TransformationParameters"": ""{\""fillna\"": \""akima\"", \""transformations\"": {\""0\"": \""DatepartRegression\"", \""1\"": \""Scaler\"", \""2\"": \""Scaler\""}, \""transformation_params\"": {\""0\"": {\""regression_model\"": {\""model\"": \""ElasticNet\"", \""model_params\"": {\""l1_ratio\"": 0.5, \""fit_intercept\"": true, \""selection\"": \""cyclic\"", \""max_iter\"": 1000}}, \""datepart_method\"": \""recurring\"", \""polynomial_degree\"": null, \""transform_dict\"": null, \""holiday_countries_used\"": false, \""lags\"": null, \""forward_lags\"": null}, \""1\"": {}, \""2\"": {}}}""}, ""4597814533265222b338e51fe9353b43"": {""Model"": ""DatepartRegression"", ""ModelParameters"": ""{\""regression_model\"": {\""model\"": \""ElasticNet\"", \""model_params\"": {\""l1_ratio\"": 0.1, \""fit_intercept\"": true, \""selection\"": \""cyclic\"", \""max_iter\"": 1000}}, \""datepart_method\"": \""anchored_warped_fourier:us_school\"", \""polynomial_degree\"": null, \""holiday_countries_used\"": true, \""lags\"": null, \""forward_lags\"": null, \""regression_type\"": null}"", ""TransformationParameters"": ""{\""fillna\"": \""linear\"", \""transformations\"": {}, \""transformation_params\"": {}}""}, ""4483a91438b744994df7703319d24419"": {""Model"": ""ARIMA"", ""ModelParameters"": ""{\""p\"": 4, \""d\"": 1, \""q\"": 4, \""regression_type\"": null}"", ""TransformationParameters"": ""{\""fillna\"": \""zero\"", \""transformations\"": {\""0\"": null}, \""transformation_params\"": {\""0\"": {}}}""}}, ""model_weights"": {}, ""point_method"": ""mean""}",{},1,1,18.641892206688237,1.303960495008098,1.5141464911572964,0.5224460127078872,1.303960495008098,0.0,-1.7277556468995519,0.776905457432006,154.7475037540722,1.3021546330976572,0.3959270779938188,0.8333333333333334,0.45,4.044850448435482,0.975,1.4583404128125566,1.0881657816478252,6.076797520653708,3.3347957832945836,0.2154043802824127,153.01974810717263,53.71423228415958,26.96891842057824,0.19286710689935668,18.641892206688237,1.303960495008098,1.5141464911572964,0.5224460127078872,1.303960495008098,0.0,0.776905457432006,1.3021546330976572,0.3959270779938188,4.044850448435482,0.975,1.4583404128125566,1.0881657816478252,6.076797520653708,3.3347957832945836,0.2154043802824127,153.01974810717263,53.71423228415958,26.96891842057824,0.19286710689935668,0.8333333333333334,0.45,2.123,21.87269420998406,18.375251244305037,Wh,18.375251244305037,Wh
97,ca85d9c3df2e2122906d9b1fa9a68e90,Ensemble,"{""model_name"": ""BestN"", ""model_count"": 3, ""model_metric"": ""best_score"", ""models"": {""927f8c402d93eba11011ff9ae8879530"": {""Model"": ""WindowRegression"", ""ModelParameters"": ""{\""window_size\"": 24, \""input_dim\"": \""univariate\"", \""output_dim\"": \""1step\"", \""normalize_window\"": false, \""max_windows\"": 5000000, \""fourier_encoding_components\"": null, \""scale\"": true, \""datepart_method\"": null, \""regression_type\"": null, \""regression_model\"": {\""model\"": \""ElasticNet\"", \""model_params\"": {\""l1_ratio\"": 0.5, \""fit_intercept\"": true, \""selection\"": \""cyclic\"", \""max_iter\"": 2000}}}"", ""TransformationParameters"": ""{\""fillna\"": \""akima\"", \""transformations\"": {\""0\"": \""DatepartRegression\"", \""1\"": \""Scaler\"", \""2\"": \""Scaler\""}, \""transformation_params\"": {\""0\"": {\""regression_model\"": {\""model\"": \""ElasticNet\"", \""model_params\"": {\""l1_ratio\"": 0.5, \""fit_intercept\"": true, \""selection\"": \""cyclic\"", \""max_iter\"": 1000}}, \""datepart_method\"": \""recurring\"", \""polynomial_degree\"": null, \""transform_dict\"": null, \""holiday_countries_used\"": false, \""lags\"": null, \""forward_lags\"": null}, \""1\"": {}, \""2\"": {}}}""}, ""4597814533265222b338e51fe9353b43"": {""Model"": ""DatepartRegression"", ""ModelParameters"": ""{\""regression_model\"": {\""model\"": \""ElasticNet\"", \""model_params\"": {\""l1_ratio\"": 0.1, \""fit_intercept\"": true, \""selection\"": \""cyclic\"", \""max_iter\"": 1000}}, \""datepart_method\"": \""anchored_warped_fourier:us_school\"", \""polynomial_degree\"": null, \""holiday_countries_used\"": true, \""lags\"": null, \""forward_lags\"": null, \""regression_type\"": null}"", ""TransformationParameters"": ""{\""fillna\"": \""linear\"", \""transformations\"": {}, \""transformation_params\"": {}}""}, ""4483a91438b744994df7703319d24419"": {""Model"": ""ARIMA"", ""ModelParameters"": ""{\""p\"": 4, \""d\"": 1, \""q\"": 4, \""regression_type\"": null}"", ""TransformationParameters"": ""{\""fillna\"": \""zero\"", \""transformations\"": {\""0\"": null}, \""transformation_params\"": {\""0\"": {}}}""}}, ""model_weights"": {}, ""point_method"": ""mean""}",{},1,1,18.641892206688237,1.303960495008098,1.5141464911572964,0.5224460127078872,1.303960495008098,0.0,-1.7277556468995519,0.776905457432006,154.7475037540722,1.3021546330976572,0.3959270779938188,0.8333333333333334,0.45,4.044850448435482,0.975,1.4583404128125566,1.0881657816478252,6.076797520653708,3.3347957832945836,0.2154043802824127,153.01974810717263,53.71423228415958,26.96891842057824,0.19286710689935668,18.641892206688237,1.303960495008098,1.5141464911572964,0.5224460127078872,1.303960495008098,0.0,0.776905457432006,1.3021546330976572,0.3959270779938188,4.044850448435482,0.975,1.4583404128125566,1.0881657816478252,6.076797520653708,3.3347957832945836,0.2154043802824127,153.01974810717263,53.71423228415958,26.96891842057824,0.19286710689935668,0.8333333333333334,0.45,2.076,21.87269420998406,18.375251244305037,Wh,18.375251244305037,Wh
98,927f8c402d93eba11011ff9ae8879530,WindowRegression,"{""window_size"": 24, ""input_dim"": ""univariate"", ""output_dim"": ""1step"", ""normalize_window"": false, ""max_windows"": 5000000, ""fourier_encoding_components"": null, ""scale"": true, ""datepart_method"": null, ""regression_type"": null, ""regression_model"": {""model"": ""ElasticNet"", ""model_params"": {""l1_ratio"": 0.5, ""fit_intercept"": true, ""selection"": ""cyclic"", ""max_iter"": 2000}}}","{""fillna"": ""akima"", ""transformations"": {""0"": ""DatepartRegression"", ""1"": ""Scaler"", ""2"": ""Scaler""}, ""transformation_params"": {""0"": {""regression_model"": {""model"": ""ElasticNet"", ""model_params"": {""l1_ratio"": 0.5, ""fit_intercept"": true, ""selection"": ""cyclic"", ""max_iter"": 1000}}, ""datepart_method"": ""recurring"", ""polynomial_degree"": null, ""transform_dict"": null, ""holiday_countries_used"": false, ""lags"": null, ""forward_lags"": null}, ""1"": {}, ""2"": {}}}",0,1,18.480902465092022,1.2907704903332349,1.501007973188118,0.5107901948957025,1.2907704903332349,0.0,-1.5445537151654758,0.7708077381740279,153.34790512482272,1.2891269179053098,0.4117817463079671,0.55,0.5,4.01075194804227,0.975,1.4544085567930505,1.0744807614027445,6.01226668433499,3.54430524477928,0.009337932545894006,151.80335140965724,53.37229567100087,34.123778415820915,0.19133395242227957,18.480902465092022,1.2907704903332349,1.501007973188118,0.5107901948957025,1.2907704903332349,0.0,0.7708077381740279,1.2891269179053098,0.4117817463079671,4.01075194804227,0.975,1.4544085567930505,1.0744807614027445,6.01226668433499,3.54430524477928,0.009337932545894006,151.80335140965724,53.37229567100087,34.123778415820915,0.19133395242227957,0.55,0.5,0.3659,21.838115754293018,18.189379317400796,Wh,18.189379317400796,Wh
99,4d91cc9ec192699c5429a61231b799a0,Ensemble,"{""model_name"": ""BestN"", ""model_count"": 3, ""model_metric"": ""bestn_horizontal"", ""models"": {""927f8c402d93eba11011ff9ae8879530"": {""Model"": ""WindowRegression"", ""ModelParameters"": ""{\""window_size\"": 24, \""input_dim\"": \""univariate\"", \""output_dim\"": \""1step\"", \""normalize_window\"": false, \""max_windows\"": 5000000, \""fourier_encoding_components\"": null, \""scale\"": true, \""datepart_method\"": null, \""regression_type\"": null, \""regression_model\"": {\""model\"": \""ElasticNet\"", \""model_params\"": {\""l1_ratio\"": 0.5, \""fit_intercept\"": true, \""selection\"": \""cyclic\"", \""max_iter\"": 2000}}}"", ""TransformationParameters"": ""{\""fillna\"": \""akima\"", \""transformations\"": {\""0\"": \""DatepartRegression\"", \""1\"": \""Scaler\"", \""2\"": \""Scaler\""}, \""transformation_params\"": {\""0\"": {\""regression_model\"": {\""model\"": \""ElasticNet\"", \""model_params\"": {\""l1_ratio\"": 0.5, \""fit_intercept\"": true, \""selection\"": \""cyclic\"", \""max_iter\"": 1000}}, \""datepart_method\"": \""recurring\"", \""polynomial_degree\"": null, \""transform_dict\"": null, \""holiday_countries_used\"": false, \""lags\"": null, \""forward_lags\"": null}, \""1\"": {}, \""2\"": {}}}""}, ""4597814533265222b338e51fe9353b43"": {""Model"": ""DatepartRegression"", ""ModelParameters"": ""{\""regression_model\"": {\""model\"": \""ElasticNet\"", \""model_params\"": {\""l1_ratio\"": 0.1, \""fit_intercept\"": true, \""selection\"": \""cyclic\"", \""max_iter\"": 1000}}, \""datepart_method\"": \""anchored_warped_fourier:us_school\"", \""polynomial_degree\"": null, \""holiday_countries_used\"": true, \""lags\"": null, \""forward_lags\"": null, \""regression_type\"": null}"", ""TransformationParameters"": ""{\""fillna\"": \""linear\"", \""transformations\"": {}, \""transformation_params\"": {}}""}, ""4483a91438b744994df7703319d24419"": {""Model"": ""ARIMA"", ""ModelParameters"": ""{\""p\"": 4, \""d\"": 1, \""q\"": 4, \""regression_type\"": null}"", ""TransformationParameters"": ""{\""fillna\"": \""zero\"", \""transformations\"": {\""0\"": null}, \""transformation_params\"": {\""0\"": {}}}""}}, ""model_weights"": {""927f8c402d93eba11011ff9ae8879530"": 4.0, ""4597814533265222b338e51fe9353b43"": 3.0, ""4483a91438b744994df7703319d24419"": 2.0}, ""point_method"": ""mean""}","{""fillna"": ""fake_date"", ""transformations"": {""0"": ""AlignLastValue"", ""1"": ""AlignLastValue""}, ""transformation_params"": {""0"": {""rows"": 1, ""lag"": 1, ""method"": ""multiplicative"", ""strength"": 1.0, ""first_value_only"": false, ""threshold"": null, ""threshold_method"": ""mean""}, ""1"": {""rows"": 1, ""lag"": 1, ""method"": ""multiplicative"", ""strength"": 1.0, ""first_value_only"": true, ""threshold"": 10, ""threshold_method"": ""max""}}}",1,1,18.63770563991899,1.303442326495251,1.5133336260754295,0.5212531513971349,1.303442326495251,0.0,-1.6045471095785784,0.7762636019663406,154.80853206985154,1.3017690434537537,0.3916199541406102,0.7916666666666666,0.44166666666666665,4.03154556934069,0.9666666666666667,1.4617791657022472,1.088562634789893,6.066368683549217,4.29058306318114,0.14813780816652766,153.20398496027298,53.98493329587179,29.721400165331804,0.19309932025273915,18.63770563991899,1.303442326495251,1.5133336260754295,0.5212531513971349,1.303442326495251,0.0,0.7762636019663406,1.3017690434537537,0.3916199541406102,4.03154556934069,0.9666666666666667,1.4617791657022472,1.088562634789893,6.066368683549217,4.29058306318114,0.14813780816652766,153.20398496027298,53.98493329587179,29.721400165331804,0.19309932025273915,0.7916666666666666,0.44166666666666665,1.9797,21.830200274965613,18.36794927722329,Wh,18.36794927722329,Wh
100,488a6feb8436e1fa5d15673ea9579915,Ensemble,"{""model_name"": ""BestN"", ""model_count"": 3, ""model_metric"": ""bestn_horizontal"", ""models"": {""927f8c402d93eba11011ff9ae8879530"": {""Model"": ""WindowRegression"", ""ModelParameters"": ""{\""window_size\"": 24, \""input_dim\"": \""univariate\"", \""output_dim\"": \""1step\"", \""normalize_window\"": false, \""max_windows\"": 5000000, \""fourier_encoding_components\"": null, \""scale\"": true, \""datepart_method\"": null, \""regression_type\"": null, \""regression_model\"": {\""model\"": \""ElasticNet\"", \""model_params\"": {\""l1_ratio\"": 0.5, \""fit_intercept\"": true, \""selection\"": \""cyclic\"", \""max_iter\"": 2000}}}"", ""TransformationParameters"": ""{\""fillna\"": \""akima\"", \""transformations\"": {\""0\"": \""DatepartRegression\"", \""1\"": \""Scaler\"", \""2\"": \""Scaler\""}, \""transformation_params\"": {\""0\"": {\""regression_model\"": {\""model\"": \""ElasticNet\"", \""model_params\"": {\""l1_ratio\"": 0.5, \""fit_intercept\"": true, \""selection\"": \""cyclic\"", \""max_iter\"": 1000}}, \""datepart_method\"": \""recurring\"", \""polynomial_degree\"": null, \""transform_dict\"": null, \""holiday_countries_used\"": false, \""lags\"": null, \""forward_lags\"": null}, \""1\"": {}, \""2\"": {}}}""}, ""4597814533265222b338e51fe9353b43"": {""Model"": ""DatepartRegression"", ""ModelParameters"": ""{\""regression_model\"": {\""model\"": \""ElasticNet\"", \""model_params\"": {\""l1_ratio\"": 0.1, \""fit_intercept\"": true, \""selection\"": \""cyclic\"", \""max_iter\"": 1000}}, \""datepart_method\"": \""anchored_warped_fourier:us_school\"", \""polynomial_degree\"": null, \""holiday_countries_used\"": true, \""lags\"": null, \""forward_lags\"": null, \""regression_type\"": null}"", ""TransformationParameters"": ""{\""fillna\"": \""linear\"", \""transformations\"": {}, \""transformation_params\"": {}}""}, ""4483a91438b744994df7703319d24419"": {""Model"": ""ARIMA"", ""ModelParameters"": ""{\""p\"": 4, \""d\"": 1, \""q\"": 4, \""regression_type\"": null}"", ""TransformationParameters"": ""{\""fillna\"": \""zero\"", \""transformations\"": {\""0\"": null}, \""transformation_params\"": {\""0\"": {}}}""}}, ""model_weights"": {""927f8c402d93eba11011ff9ae8879530"": 4.0, ""4597814533265222b338e51fe9353b43"": 3.0, ""4483a91438b744994df7703319d24419"": 2.0}, ""point_method"": ""mean""}","{""fillna"": ""fake_date"", ""transformations"": {""0"": ""FIRFilter"", ""1"": ""AlignLastValue"", ""2"": ""AlignLastValue""}, ""transformation_params"": {""0"": {""numtaps"": 32, ""cutoff_hz"": 0.1, ""window"": ""triang"", ""sampling_frequency"": 12, ""on_transform"": false, ""on_inverse"": true, ""bounds_only"": true}, ""1"": {""rows"": 1, ""lag"": 1, ""method"": ""multiplicative"", ""strength"": 1.0, ""first_value_only"": false, ""threshold"": null, ""threshold_method"": ""mean""}, ""2"": {""rows"": 1, ""lag"": 1, ""method"": ""multiplicative"", ""strength"": 1.0, ""first_value_only"": true, ""threshold"": 10, ""threshold_method"": ""max""}}}",1,1,18.63770563991899,1.303442326495251,1.5133336260754295,0.5212531513971349,1.303442326495251,0.0,-1.6045471095785784,0.7762636019663406,154.80853206985154,1.3017690434537537,0.3905434885961447,0.8083333333333333,0.44166666666666665,4.03154556934069,0.9666666666666667,1.4617791657022472,1.088562634789893,6.066368683549217,4.29058306318114,0.14813780816652766,153.20398496027298,53.98493329587179,29.721400165331804,0.19309932025273915,18.63770563991899,1.303442326495251,1.5133336260754295,0.5212531513971349,1.303442326495251,0.0,0.7762636019663406,1.3017690434537537,0.3905434885961447,4.03154556934069,0.9666666666666667,1.4617791657022472,1.088562634789893,6.066368683549217,4.29058306318114,0.14813780816652766,153.20398496027298,53.98493329587179,29.721400165331804,0.19309932025273915,0.8083333333333333,0.44166666666666665,2.1406,21.82100961349399,18.36794927722329,Wh,18.36794927722329,Wh
101,8568d33c8670615dad38e53868285947,Ensemble,"{""model_name"": ""BestN"", ""model_count"": 3, ""model_metric"": ""horizontal"", ""models"": {""4597814533265222b338e51fe9353b43"": {""Model"": ""DatepartRegression"", ""ModelParameters"": ""{\""regression_model\"": {\""model\"": \""ElasticNet\"", \""model_params\"": {\""l1_ratio\"": 0.1, \""fit_intercept\"": true, \""selection\"": \""cyclic\"", \""max_iter\"": 1000}}, \""datepart_method\"": \""anchored_warped_fourier:us_school\"", \""polynomial_degree\"": null, \""holiday_countries_used\"": true, \""lags\"": null, \""forward_lags\"": null, \""regression_type\"": null}"", ""TransformationParameters"": ""{\""fillna\"": \""linear\"", \""transformations\"": {}, \""transformation_params\"": {}}""}, ""927f8c402d93eba11011ff9ae8879530"": {""Model"": ""WindowRegression"", ""ModelParameters"": ""{\""window_size\"": 24, \""input_dim\"": \""univariate\"", \""output_dim\"": \""1step\"", \""normalize_window\"": false, \""max_windows\"": 5000000, \""fourier_encoding_components\"": null, \""scale\"": true, \""datepart_method\"": null, \""regression_type\"": null, \""regression_model\"": {\""model\"": \""ElasticNet\"", \""model_params\"": {\""l1_ratio\"": 0.5, \""fit_intercept\"": true, \""selection\"": \""cyclic\"", \""max_iter\"": 2000}}}"", ""TransformationParameters"": ""{\""fillna\"": \""akima\"", \""transformations\"": {\""0\"": \""DatepartRegression\"", \""1\"": \""Scaler\"", \""2\"": \""Scaler\""}, \""transformation_params\"": {\""0\"": {\""regression_model\"": {\""model\"": \""ElasticNet\"", \""model_params\"": {\""l1_ratio\"": 0.5, \""fit_intercept\"": true, \""selection\"": \""cyclic\"", \""max_iter\"": 1000}}, \""datepart_method\"": \""recurring\"", \""polynomial_degree\"": null, \""transform_dict\"": null, \""holiday_countries_used\"": false, \""lags\"": null, \""forward_lags\"": null}, \""1\"": {}, \""2\"": {}}}""}, ""4483a91438b744994df7703319d24419"": {""Model"": ""ARIMA"", ""ModelParameters"": ""{\""p\"": 4, \""d\"": 1, \""q\"": 4, \""regression_type\"": null}"", ""TransformationParameters"": ""{\""fillna\"": \""zero\"", \""transformations\"": {\""0\"": null}, \""transformation_params\"": {\""0\"": {}}}""}}, ""model_weights"": {}, ""point_method"": ""mean""}","{""fillna"": ""ffill"", ""transformations"": {""0"": ""FFTFilter"", ""1"": ""HistoricValues""}, ""transformation_params"": {""0"": {""cutoff"": 0.01, ""reverse"": false, ""on_transform"": false, ""on_inverse"": true}, ""1"": {""window"": null}}}",1,1,18.612730799536923,1.301195644502149,1.5106695541522506,0.5094432762191777,1.301195644502149,0.0,-1.5396903255168342,0.7753826126605651,154.60378701474107,1.2995854307882952,0.39132298250195124,0.8666666666666667,0.48333333333333334,3.9879647342732314,0.975,1.4574832601893366,1.0863039651164634,6.065600270949219,3.514615700265308,0.00260557532646922,153.06409668922424,53.79953404701203,34.48320286695917,0.19292300414674593,18.612730799536923,1.301195644502149,1.5106695541522506,0.5094432762191777,1.301195644502149,0.0,0.7753826126605651,1.2995854307882952,0.39132298250195124,3.9879647342732314,0.975,1.4574832601893366,1.0863039651164634,6.065600270949219,3.514615700265308,0.00260557532646922,153.06409668922424,53.79953404701203,34.48320286695917,0.19292300414674593,0.8666666666666667,0.48333333333333334,2.0545,21.79763701473915,18.336289310339822,Wh,18.336289310339822,Wh
102,f4e7b44f13959d1c1e1a695b0594ad35,Ensemble,"{""model_name"": ""BestN"", ""model_count"": 3, ""model_metric"": ""best_score"", ""models"": {""927f8c402d93eba11011ff9ae8879530"": {""Model"": ""WindowRegression"", ""ModelParameters"": ""{\""window_size\"": 24, \""input_dim\"": \""univariate\"", \""output_dim\"": \""1step\"", \""normalize_window\"": false, \""max_windows\"": 5000000, \""fourier_encoding_components\"": null, \""scale\"": true, \""datepart_method\"": null, \""regression_type\"": null, \""regression_model\"": {\""model\"": \""ElasticNet\"", \""model_params\"": {\""l1_ratio\"": 0.5, \""fit_intercept\"": true, \""selection\"": \""cyclic\"", \""max_iter\"": 2000}}}"", ""TransformationParameters"": ""{\""fillna\"": \""akima\"", \""transformations\"": {\""0\"": \""DatepartRegression\"", \""1\"": \""Scaler\"", \""2\"": \""Scaler\""}, \""transformation_params\"": {\""0\"": {\""regression_model\"": {\""model\"": \""ElasticNet\"", \""model_params\"": {\""l1_ratio\"": 0.5, \""fit_intercept\"": true, \""selection\"": \""cyclic\"", \""max_iter\"": 1000}}, \""datepart_method\"": \""recurring\"", \""polynomial_degree\"": null, \""transform_dict\"": null, \""holiday_countries_used\"": false, \""lags\"": null, \""forward_lags\"": null}, \""1\"": {}, \""2\"": {}}}""}, ""4597814533265222b338e51fe9353b43"": {""Model"": ""DatepartRegression"", ""ModelParameters"": ""{\""regression_model\"": {\""model\"": \""ElasticNet\"", \""model_params\"": {\""l1_ratio\"": 0.1, \""fit_intercept\"": true, \""selection\"": \""cyclic\"", \""max_iter\"": 1000}}, \""datepart_method\"": \""anchored_warped_fourier:us_school\"", \""polynomial_degree\"": null, \""holiday_countries_used\"": true, \""lags\"": null, \""forward_lags\"": null, \""regression_type\"": null}"", ""TransformationParameters"": ""{\""fillna\"": \""linear\"", \""transformations\"": {}, \""transformation_params\"": {}}""}, ""4483a91438b744994df7703319d24419"": {""Model"": ""ARIMA"", ""ModelParameters"": ""{\""p\"": 4, \""d\"": 1, \""q\"": 4, \""regression_type\"": null}"", ""TransformationParameters"": ""{\""fillna\"": \""zero\"", \""transformations\"": {\""0\"": null}, \""transformation_params\"": {\""0\"": {}}}""}}, ""model_weights"": {}, ""point_method"": ""mean""}","{""fillna"": ""ffill"", ""transformations"": {""0"": ""FFTFilter"", ""1"": ""HistoricValues""}, ""transformation_params"": {""0"": {""cutoff"": 0.01, ""reverse"": false, ""on_transform"": false, ""on_inverse"": true}, ""1"": {""window"": null}}}",1,1,18.612730799536923,1.301195644502149,1.5106695541522506,0.5094432762191777,1.301195644502149,0.0,-1.5396903255168342,0.7753826126605651,154.60378701474107,1.2995854307882952,0.39132298250195124,0.8666666666666667,0.48333333333333334,3.9879647342732314,0.975,1.4574832601893366,1.0863039651164634,6.065600270949219,3.514615700265308,0.00260557532646922,153.06409668922424,53.79953404701203,34.48320286695917,0.19292300414674593,18.612730799536923,1.301195644502149,1.5106695541522506,0.5094432762191777,1.301195644502149,0.0,0.7753826126605651,1.2995854307882952,0.39132298250195124,3.9879647342732314,0.975,1.4574832601893366,1.0863039651164634,6.065600270949219,3.514615700265308,0.00260557532646922,153.06409668922424,53.79953404701203,34.48320286695917,0.19292300414674593,0.8666666666666667,0.48333333333333334,2.1496,21.79763701473915,18.336289310339822,Wh,18.336289310339822,Wh
103,d4f6bc5455c3abc6162936e3f4914a3e,Ensemble,"{""model_name"": ""BestN"", ""model_count"": 3, ""model_metric"": ""best_score_unique"", ""models"": {""927f8c402d93eba11011ff9ae8879530"": {""Model"": ""WindowRegression"", ""ModelParameters"": ""{\""window_size\"": 24, \""input_dim\"": \""univariate\"", \""output_dim\"": \""1step\"", \""normalize_window\"": false, \""max_windows\"": 5000000, \""fourier_encoding_components\"": null, \""scale\"": true, \""datepart_method\"": null, \""regression_type\"": null, \""regression_model\"": {\""model\"": \""ElasticNet\"", \""model_params\"": {\""l1_ratio\"": 0.5, \""fit_intercept\"": true, \""selection\"": \""cyclic\"", \""max_iter\"": 2000}}}"", ""TransformationParameters"": ""{\""fillna\"": \""akima\"", \""transformations\"": {\""0\"": \""DatepartRegression\"", \""1\"": \""Scaler\"", \""2\"": \""Scaler\""}, \""transformation_params\"": {\""0\"": {\""regression_model\"": {\""model\"": \""ElasticNet\"", \""model_params\"": {\""l1_ratio\"": 0.5, \""fit_intercept\"": true, \""selection\"": \""cyclic\"", \""max_iter\"": 1000}}, \""datepart_method\"": \""recurring\"", \""polynomial_degree\"": null, \""transform_dict\"": null, \""holiday_countries_used\"": false, \""lags\"": null, \""forward_lags\"": null}, \""1\"": {}, \""2\"": {}}}""}, ""4597814533265222b338e51fe9353b43"": {""Model"": ""DatepartRegression"", ""ModelParameters"": ""{\""regression_model\"": {\""model\"": \""ElasticNet\"", \""model_params\"": {\""l1_ratio\"": 0.1, \""fit_intercept\"": true, \""selection\"": \""cyclic\"", \""max_iter\"": 1000}}, \""datepart_method\"": \""anchored_warped_fourier:us_school\"", \""polynomial_degree\"": null, \""holiday_countries_used\"": true, \""lags\"": null, \""forward_lags\"": null, \""regression_type\"": null}"", ""TransformationParameters"": ""{\""fillna\"": \""linear\"", \""transformations\"": {}, \""transformation_params\"": {}}""}, ""4483a91438b744994df7703319d24419"": {""Model"": ""ARIMA"", ""ModelParameters"": ""{\""p\"": 4, \""d\"": 1, \""q\"": 4, \""regression_type\"": null}"", ""TransformationParameters"": ""{\""fillna\"": \""zero\"", \""transformations\"": {\""0\"": null}, \""transformation_params\"": {\""0\"": {}}}""}}, ""model_weights"": {}, ""point_method"": ""mean""}","{""fillna"": ""ffill"", ""transformations"": {""0"": ""FFTFilter"", ""1"": ""HistoricValues""}, ""transformation_params"": {""0"": {""cutoff"": 0.01, ""reverse"": false, ""on_transform"": false, ""on_inverse"": true}, ""1"": {""window"": null}}}",1,1,18.612730799536923,1.301195644502149,1.5106695541522506,0.5094432762191777,1.301195644502149,0.0,-1.5396903255168342,0.7753826126605651,154.60378701474107,1.2995854307882952,0.39132298250195124,0.8666666666666667,0.48333333333333334,3.9879647342732314,0.975,1.4574832601893366,1.0863039651164634,6.065600270949219,3.514615700265308,0.00260557532646922,153.06409668922424,53.79953404701203,34.48320286695917,0.19292300414674593,18.612730799536923,1.301195644502149,1.5106695541522506,0.5094432762191777,1.301195644502149,0.0,0.7753826126605651,1.2995854307882952,0.39132298250195124,3.9879647342732314,0.975,1.4574832601893366,1.0863039651164634,6.065600270949219,3.514615700265308,0.00260557532646922,153.06409668922424,53.79953404701203,34.48320286695917,0.19292300414674593,0.8666666666666667,0.48333333333333334,2.1904,21.79763701473915,18.336289310339822,Wh,18.336289310339822,Wh
104,02ff2dccf438073571590bafc43b87c0,Ensemble,"{""model_name"": ""BestN"", ""model_count"": 3, ""model_metric"": ""bestn_horizontal"", ""models"": {""927f8c402d93eba11011ff9ae8879530"": {""Model"": ""WindowRegression"", ""ModelParameters"": ""{\""window_size\"": 24, \""input_dim\"": \""univariate\"", \""output_dim\"": \""1step\"", \""normalize_window\"": false, \""max_windows\"": 5000000, \""fourier_encoding_components\"": null, \""scale\"": true, \""datepart_method\"": null, \""regression_type\"": null, \""regression_model\"": {\""model\"": \""ElasticNet\"", \""model_params\"": {\""l1_ratio\"": 0.5, \""fit_intercept\"": true, \""selection\"": \""cyclic\"", \""max_iter\"": 2000}}}"", ""TransformationParameters"": ""{\""fillna\"": \""akima\"", \""transformations\"": {\""0\"": \""DatepartRegression\"", \""1\"": \""Scaler\"", \""2\"": \""Scaler\""}, \""transformation_params\"": {\""0\"": {\""regression_model\"": {\""model\"": \""ElasticNet\"", \""model_params\"": {\""l1_ratio\"": 0.5, \""fit_intercept\"": true, \""selection\"": \""cyclic\"", \""max_iter\"": 1000}}, \""datepart_method\"": \""recurring\"", \""polynomial_degree\"": null, \""transform_dict\"": null, \""holiday_countries_used\"": false, \""lags\"": null, \""forward_lags\"": null}, \""1\"": {}, \""2\"": {}}}""}, ""4597814533265222b338e51fe9353b43"": {""Model"": ""DatepartRegression"", ""ModelParameters"": ""{\""regression_model\"": {\""model\"": \""ElasticNet\"", \""model_params\"": {\""l1_ratio\"": 0.1, \""fit_intercept\"": true, \""selection\"": \""cyclic\"", \""max_iter\"": 1000}}, \""datepart_method\"": \""anchored_warped_fourier:us_school\"", \""polynomial_degree\"": null, \""holiday_countries_used\"": true, \""lags\"": null, \""forward_lags\"": null, \""regression_type\"": null}"", ""TransformationParameters"": ""{\""fillna\"": \""linear\"", \""transformations\"": {}, \""transformation_params\"": {}}""}, ""4483a91438b744994df7703319d24419"": {""Model"": ""ARIMA"", ""ModelParameters"": ""{\""p\"": 4, \""d\"": 1, \""q\"": 4, \""regression_type\"": null}"", ""TransformationParameters"": ""{\""fillna\"": \""zero\"", \""transformations\"": {\""0\"": null}, \""transformation_params\"": {\""0\"": {}}}""}}, ""model_weights"": {""927f8c402d93eba11011ff9ae8879530"": 4.0, ""4597814533265222b338e51fe9353b43"": 3.0, ""4483a91438b744994df7703319d24419"": 2.0}, ""point_method"": ""mean""}",{},1,1,18.5992537144144,1.3003439940632255,1.5109266624300446,0.5159772003940276,1.3003439940632255,0.0,-1.6045471095785784,0.7748354058391708,154.43673217800847,1.2986707110217282,0.3915044024153773,0.7916666666666666,0.45,4.03154556934069,0.975,1.4572521996471197,1.0849175378110392,6.063270351117192,3.3981124298238288,0.1506661462311625,152.8321850684299,53.668376235685386,29.45036031197396,0.19263070119949746,18.5992537144144,1.3003439940632255,1.5109266624300446,0.5159772003940276,1.3003439940632255,0.0,0.7748354058391708,1.2986707110217282,0.3915044024153773,4.03154556934069,0.975,1.4572521996471197,1.0849175378110392,6.063270351117192,3.3981124298238288,0.1506661462311625,152.8321850684299,53.668376235685386,29.45036031197396,0.19263070119949746,0.7916666666666666,0.45,1.9715,21.79077085713374,18.324287956888202,Wh,18.324287956888202,Wh
105,60a6c75a9ec3d86ab2e055511e603e06,Ensemble,"{""model_name"": ""BestN"", ""model_count"": 5, ""model_metric"": ""mixed_metric"", ""models"": {""0a98a875055da5bcd734698018011f5e"": {""Model"": ""RollingRegression"", ""ModelParameters"": ""{\""regression_model\"": {\""model\"": \""BayesianRidge\"", \""model_params\"": {}}, \""holiday\"": false, \""mean_rolling_periods\"": 7, \""macd_periods\"": 63, \""std_rolling_periods\"": null, \""max_rolling_periods\"": null, \""min_rolling_periods\"": 2, \""ewm_var_alpha\"": null, \""quantile90_rolling_periods\"": null, \""quantile10_rolling_periods\"": null, \""ewm_alpha\"": null, \""additional_lag_periods\"": 3, \""abs_energy\"": false, \""rolling_autocorr_periods\"": null, \""nonzero_last_n\"": null, \""add_date_part\"": \""simple_2\"", \""polynomial_degree\"": null, \""x_transform\"": null, \""regression_type\"": null}"", ""TransformationParameters"": ""{\""fillna\"": \""KNNImputer\"", \""transformations\"": {\""0\"": \""DatepartRegression\"", \""1\"": \""Detrend\"", \""2\"": \""DifferencedTransformer\"", \""3\"": \""MinMaxScaler\""}, \""transformation_params\"": {\""0\"": {\""regression_model\"": {\""model\"": \""ElasticNet\"", \""model_params\"": {\""l1_ratio\"": 0.1, \""fit_intercept\"": true, \""selection\"": \""cyclic\"", \""max_iter\"": 1000}}, \""datepart_method\"": \""recurring\"", \""polynomial_degree\"": null, \""transform_dict\"": {\""fillna\"": null, \""transformations\"": {\""0\"": \""ClipOutliers\""}, \""transformation_params\"": {\""0\"": {\""method\"": \""clip\"", \""std_threshold\"": 4}}}, \""holiday_countries_used\"": true, \""lags\"": null, \""forward_lags\"": null}, \""1\"": {\""model\"": \""GLS\"", \""phi\"": 1, \""window\"": 10, \""transform_dict\"": {\""fillna\"": null, \""transformations\"": {\""0\"": \""Discretize\""}, \""transformation_params\"": {\""0\"": {\""discretization\"": \""center\"", \""n_bins\"": 20}}}}, \""2\"": {\""lag\"": 1, \""fill\"": \""bfill\""}, \""3\"": {}}}""}, ""927f8c402d93eba11011ff9ae8879530"": {""Model"": ""WindowRegression"", ""ModelParameters"": ""{\""window_size\"": 24, \""input_dim\"": \""univariate\"", \""output_dim\"": \""1step\"", \""normalize_window\"": false, \""max_windows\"": 5000000, \""fourier_encoding_components\"": null, \""scale\"": true, \""datepart_method\"": null, \""regression_type\"": null, \""regression_model\"": {\""model\"": \""ElasticNet\"", \""model_params\"": {\""l1_ratio\"": 0.5, \""fit_intercept\"": true, \""selection\"": \""cyclic\"", \""max_iter\"": 2000}}}"", ""TransformationParameters"": ""{\""fillna\"": \""akima\"", \""transformations\"": {\""0\"": \""DatepartRegression\"", \""1\"": \""Scaler\"", \""2\"": \""Scaler\""}, \""transformation_params\"": {\""0\"": {\""regression_model\"": {\""model\"": \""ElasticNet\"", \""model_params\"": {\""l1_ratio\"": 0.5, \""fit_intercept\"": true, \""selection\"": \""cyclic\"", \""max_iter\"": 1000}}, \""datepart_method\"": \""recurring\"", \""polynomial_degree\"": null, \""transform_dict\"": null, \""holiday_countries_used\"": false, \""lags\"": null, \""forward_lags\"": null}, \""1\"": {}, \""2\"": {}}}""}, ""b64de7c386a7fef4fbd9b08033fa98b2"": {""Model"": ""WindowRegression"", ""ModelParameters"": ""{\""window_size\"": 10, \""input_dim\"": \""univariate\"", \""output_dim\"": \""1step\"", \""normalize_window\"": false, \""max_windows\"": 5000000, \""fourier_encoding_components\"": null, \""scale\"": true, \""datepart_method\"": null, \""regression_type\"": null, \""regression_model\"": {\""model\"": \""SVM\"", \""model_params\"": {\""C\"": 0.1, \""tol\"": 0.001, \""epsilon\"": 0.0, \""loss\"": \""squared_epsilon_insensitive\"", \""max_iter\"": 50}}}"", ""TransformationParameters"": ""{\""fillna\"": \""ffill\"", \""transformations\"": {\""0\"": \""DatepartRegression\"", \""1\"": \""DatepartRegression\"", \""2\"": \""DatepartRegression\"", \""3\"": \""DatepartRegression\""}, \""transformation_params\"": {\""0\"": {\""regression_model\"": {\""model\"": \""ElasticNet\"", \""model_params\"": {\""l1_ratio\"": 0.9, \""fit_intercept\"": true, \""selection\"": \""cyclic\"", \""max_iter\"": 1000}}, \""datepart_method\"": \""common_fourier\"", \""polynomial_degree\"": null, \""transform_dict\"": null, \""holiday_countries_used\"": true, \""lags\"": null, \""forward_lags\"": null}, \""1\"": {\""regression_model\"": {\""model\"": \""DecisionTree\"", \""model_params\"": {\""max_depth\"": null, \""min_samples_split\"": 2}}, \""datepart_method\"": \""simple_binarized\"", \""polynomial_degree\"": null, \""transform_dict\"": {\""fillna\"": null, \""transformations\"": {\""0\"": \""ScipyFilter\""}, \""transformation_params\"": {\""0\"": {\""method\"": \""savgol_filter\"", \""method_args\"": {\""window_length\"": 31, \""polyorder\"": 3, \""deriv\"": 0, \""mode\"": \""interp\""}}}}, \""holiday_countries_used\"": false, \""lags\"": null, \""forward_lags\"": null}, \""2\"": {\""regression_model\"": {\""model\"": \""ElasticNet\"", \""model_params\"": {\""l1_ratio\"": 0.5, \""fit_intercept\"": true, \""selection\"": \""cyclic\"", \""max_iter\"": 1000}}, \""datepart_method\"": [\""dayofweek\"", [365.25, 14], [354.37, 10]], \""polynomial_degree\"": null, \""transform_dict\"": null, \""holiday_countries_used\"": true, \""lags\"": null, \""forward_lags\"": 1}, \""3\"": {\""regression_model\"": {\""model\"": \""ElasticNet\"", \""model_params\"": {\""l1_ratio\"": 0.5, \""fit_intercept\"": true, \""selection\"": \""random\"", \""max_iter\"": 1000}}, \""datepart_method\"": \""simple_binarized\"", \""polynomial_degree\"": null, \""transform_dict\"": {\""fillna\"": null, \""transformations\"": {\""0\"": \""ClipOutliers\""}, \""transformation_params\"": {\""0\"": {\""method\"": \""clip\"", \""std_threshold\"": 4}}}, \""holiday_countries_used\"": false, \""lags\"": null, \""forward_lags\"": null}}}""}, ""4597814533265222b338e51fe9353b43"": {""Model"": ""DatepartRegression"", ""ModelParameters"": ""{\""regression_model\"": {\""model\"": \""ElasticNet\"", \""model_params\"": {\""l1_ratio\"": 0.1, \""fit_intercept\"": true, \""selection\"": \""cyclic\"", \""max_iter\"": 1000}}, \""datepart_method\"": \""anchored_warped_fourier:us_school\"", \""polynomial_degree\"": null, \""holiday_countries_used\"": true, \""lags\"": null, \""forward_lags\"": null, \""regression_type\"": null}"", ""TransformationParameters"": ""{\""fillna\"": \""linear\"", \""transformations\"": {}, \""transformation_params\"": {}}""}, ""b8ca7c68f17113471e9165689e1f0c16"": {""Model"": ""WindowRegression"", ""ModelParameters"": ""{\""window_size\"": 16, \""input_dim\"": \""univariate\"", \""output_dim\"": \""1step\"", \""normalize_window\"": false, \""max_windows\"": 5000, \""fourier_encoding_components\"": null, \""scale\"": true, \""datepart_method\"": null, \""regression_type\"": null, \""regression_model\"": {\""model\"": \""KNN\"", \""model_params\"": {\""n_neighbors\"": 5, \""weights\"": \""uniform\"", \""p\"": 2, \""leaf_size\"": 30}}}"", ""TransformationParameters"": ""{\""fillna\"": \""ffill_mean_biased\"", \""transformations\"": {\""0\"": \""Scaler\"", \""1\"": \""DifferencedTransformer\"", \""2\"": \""Scaler\"", \""3\"": \""Detrend\"", \""4\"": \""MinMaxScaler\""}, \""transformation_params\"": {\""0\"": {}, \""1\"": {\""lag\"": 1, \""fill\"": \""bfill\""}, \""2\"": {}, \""3\"": {\""model\"": \""Linear\"", \""phi\"": 1, \""window\"": 900, \""transform_dict\"": null}, \""4\"": {}}}""}}, ""point_method"": ""median"", ""model_weights"": {}}","{""fillna"": ""ffill"", ""transformations"": {""0"": ""RegressionFilter"", ""1"": ""HistoricValues""}, ""transformation_params"": {""0"": {""sigma"": 1, ""rolling_window"": 90, ""run_order"": ""season_first"", ""regression_params"": {""regression_model"": {""model"": ""ElasticNet"", ""model_params"": {""l1_ratio"": 0.5, ""fit_intercept"": false, ""selection"": ""cyclic"", ""max_iter"": 2000}}, ""datepart_method"": ""simple"", ""polynomial_degree"": null, ""transform_dict"": {""fillna"": null, ""transformations"": {""0"": ""ScipyFilter""}, ""transformation_params"": {""0"": {""method"": ""savgol_filter"", ""method_args"": {""window_length"": 31, ""polyorder"": 3, ""deriv"": 0, ""mode"": ""interp""}}}}, ""holiday_countries_used"": false, ""lags"": null, ""forward_lags"": null}, ""holiday_params"": null, ""trend_method"": ""rolling_mean""}, ""1"": {""window"": 28}}}",1,1,17.709410049317114,1.2298638602097829,1.4438818432005398,0.5032503804851087,1.2298638602097829,0.0,-1.9456005096435547,0.7434561450990425,145.6380627155304,1.2276995945190767,0.4529264855946042,0.5333333333333333,0.525,3.8867299556732178,0.975,1.4365006775899183,1.0148620979458678,5.74754122341795,3.417521779844814,0.051616592811232744,143.69246220588684,50.40857427123874,33.11629603339018,0.18111093379584192,17.709410049317114,1.2298638602097829,1.4438818432005398,0.5032503804851087,1.2298638602097829,0.0,0.7434561450990425,1.2276995945190767,0.4529264855946042,3.8867299556732178,0.975,1.4365006775899183,1.0148620979458678,5.74754122341795,3.417521779844814,0.051616592811232744,143.69246220588684,50.40857427123874,33.11629603339018,0.18111093379584192,0.5333333333333333,0.525,5.383,21.41932355698336,17.33109056153213,Wh,17.33109056153213,Wh
106,13ddf6958dd91096dd57188b79e83b04,Ensemble,"{""model_name"": ""BestN"", ""model_count"": 5, ""model_metric"": ""mixed_metric"", ""models"": {""0a98a875055da5bcd734698018011f5e"": {""Model"": ""RollingRegression"", ""ModelParameters"": ""{\""regression_model\"": {\""model\"": \""BayesianRidge\"", \""model_params\"": {}}, \""holiday\"": false, \""mean_rolling_periods\"": 7, \""macd_periods\"": 63, \""std_rolling_periods\"": null, \""max_rolling_periods\"": null, \""min_rolling_periods\"": 2, \""ewm_var_alpha\"": null, \""quantile90_rolling_periods\"": null, \""quantile10_rolling_periods\"": null, \""ewm_alpha\"": null, \""additional_lag_periods\"": 3, \""abs_energy\"": false, \""rolling_autocorr_periods\"": null, \""nonzero_last_n\"": null, \""add_date_part\"": \""simple_2\"", \""polynomial_degree\"": null, \""x_transform\"": null, \""regression_type\"": null}"", ""TransformationParameters"": ""{\""fillna\"": \""KNNImputer\"", \""transformations\"": {\""0\"": \""DatepartRegression\"", \""1\"": \""Detrend\"", \""2\"": \""DifferencedTransformer\"", \""3\"": \""MinMaxScaler\""}, \""transformation_params\"": {\""0\"": {\""regression_model\"": {\""model\"": \""ElasticNet\"", \""model_params\"": {\""l1_ratio\"": 0.1, \""fit_intercept\"": true, \""selection\"": \""cyclic\"", \""max_iter\"": 1000}}, \""datepart_method\"": \""recurring\"", \""polynomial_degree\"": null, \""transform_dict\"": {\""fillna\"": null, \""transformations\"": {\""0\"": \""ClipOutliers\""}, \""transformation_params\"": {\""0\"": {\""method\"": \""clip\"", \""std_threshold\"": 4}}}, \""holiday_countries_used\"": true, \""lags\"": null, \""forward_lags\"": null}, \""1\"": {\""model\"": \""GLS\"", \""phi\"": 1, \""window\"": 10, \""transform_dict\"": {\""fillna\"": null, \""transformations\"": {\""0\"": \""Discretize\""}, \""transformation_params\"": {\""0\"": {\""discretization\"": \""center\"", \""n_bins\"": 20}}}}, \""2\"": {\""lag\"": 1, \""fill\"": \""bfill\""}, \""3\"": {}}}""}, ""927f8c402d93eba11011ff9ae8879530"": {""Model"": ""WindowRegression"", ""ModelParameters"": ""{\""window_size\"": 24, \""input_dim\"": \""univariate\"", \""output_dim\"": \""1step\"", \""normalize_window\"": false, \""max_windows\"": 5000000, \""fourier_encoding_components\"": null, \""scale\"": true, \""datepart_method\"": null, \""regression_type\"": null, \""regression_model\"": {\""model\"": \""ElasticNet\"", \""model_params\"": {\""l1_ratio\"": 0.5, \""fit_intercept\"": true, \""selection\"": \""cyclic\"", \""max_iter\"": 2000}}}"", ""TransformationParameters"": ""{\""fillna\"": \""akima\"", \""transformations\"": {\""0\"": \""DatepartRegression\"", \""1\"": \""Scaler\"", \""2\"": \""Scaler\""}, \""transformation_params\"": {\""0\"": {\""regression_model\"": {\""model\"": \""ElasticNet\"", \""model_params\"": {\""l1_ratio\"": 0.5, \""fit_intercept\"": true, \""selection\"": \""cyclic\"", \""max_iter\"": 1000}}, \""datepart_method\"": \""recurring\"", \""polynomial_degree\"": null, \""transform_dict\"": null, \""holiday_countries_used\"": false, \""lags\"": null, \""forward_lags\"": null}, \""1\"": {}, \""2\"": {}}}""}, ""b64de7c386a7fef4fbd9b08033fa98b2"": {""Model"": ""WindowRegression"", ""ModelParameters"": ""{\""window_size\"": 10, \""input_dim\"": \""univariate\"", \""output_dim\"": \""1step\"", \""normalize_window\"": false, \""max_windows\"": 5000000, \""fourier_encoding_components\"": null, \""scale\"": true, \""datepart_method\"": null, \""regression_type\"": null, \""regression_model\"": {\""model\"": \""SVM\"", \""model_params\"": {\""C\"": 0.1, \""tol\"": 0.001, \""epsilon\"": 0.0, \""loss\"": \""squared_epsilon_insensitive\"", \""max_iter\"": 50}}}"", ""TransformationParameters"": ""{\""fillna\"": \""ffill\"", \""transformations\"": {\""0\"": \""DatepartRegression\"", \""1\"": \""DatepartRegression\"", \""2\"": \""DatepartRegression\"", \""3\"": \""DatepartRegression\""}, \""transformation_params\"": {\""0\"": {\""regression_model\"": {\""model\"": \""ElasticNet\"", \""model_params\"": {\""l1_ratio\"": 0.9, \""fit_intercept\"": true, \""selection\"": \""cyclic\"", \""max_iter\"": 1000}}, \""datepart_method\"": \""common_fourier\"", \""polynomial_degree\"": null, \""transform_dict\"": null, \""holiday_countries_used\"": true, \""lags\"": null, \""forward_lags\"": null}, \""1\"": {\""regression_model\"": {\""model\"": \""DecisionTree\"", \""model_params\"": {\""max_depth\"": null, \""min_samples_split\"": 2}}, \""datepart_method\"": \""simple_binarized\"", \""polynomial_degree\"": null, \""transform_dict\"": {\""fillna\"": null, \""transformations\"": {\""0\"": \""ScipyFilter\""}, \""transformation_params\"": {\""0\"": {\""method\"": \""savgol_filter\"", \""method_args\"": {\""window_length\"": 31, \""polyorder\"": 3, \""deriv\"": 0, \""mode\"": \""interp\""}}}}, \""holiday_countries_used\"": false, \""lags\"": null, \""forward_lags\"": null}, \""2\"": {\""regression_model\"": {\""model\"": \""ElasticNet\"", \""model_params\"": {\""l1_ratio\"": 0.5, \""fit_intercept\"": true, \""selection\"": \""cyclic\"", \""max_iter\"": 1000}}, \""datepart_method\"": [\""dayofweek\"", [365.25, 14], [354.37, 10]], \""polynomial_degree\"": null, \""transform_dict\"": null, \""holiday_countries_used\"": true, \""lags\"": null, \""forward_lags\"": 1}, \""3\"": {\""regression_model\"": {\""model\"": \""ElasticNet\"", \""model_params\"": {\""l1_ratio\"": 0.5, \""fit_intercept\"": true, \""selection\"": \""random\"", \""max_iter\"": 1000}}, \""datepart_method\"": \""simple_binarized\"", \""polynomial_degree\"": null, \""transform_dict\"": {\""fillna\"": null, \""transformations\"": {\""0\"": \""ClipOutliers\""}, \""transformation_params\"": {\""0\"": {\""method\"": \""clip\"", \""std_threshold\"": 4}}}, \""holiday_countries_used\"": false, \""lags\"": null, \""forward_lags\"": null}}}""}, ""4597814533265222b338e51fe9353b43"": {""Model"": ""DatepartRegression"", ""ModelParameters"": ""{\""regression_model\"": {\""model\"": \""ElasticNet\"", \""model_params\"": {\""l1_ratio\"": 0.1, \""fit_intercept\"": true, \""selection\"": \""cyclic\"", \""max_iter\"": 1000}}, \""datepart_method\"": \""anchored_warped_fourier:us_school\"", \""polynomial_degree\"": null, \""holiday_countries_used\"": true, \""lags\"": null, \""forward_lags\"": null, \""regression_type\"": null}"", ""TransformationParameters"": ""{\""fillna\"": \""linear\"", \""transformations\"": {}, \""transformation_params\"": {}}""}, ""b8ca7c68f17113471e9165689e1f0c16"": {""Model"": ""WindowRegression"", ""ModelParameters"": ""{\""window_size\"": 16, \""input_dim\"": \""univariate\"", \""output_dim\"": \""1step\"", \""normalize_window\"": false, \""max_windows\"": 5000, \""fourier_encoding_components\"": null, \""scale\"": true, \""datepart_method\"": null, \""regression_type\"": null, \""regression_model\"": {\""model\"": \""KNN\"", \""model_params\"": {\""n_neighbors\"": 5, \""weights\"": \""uniform\"", \""p\"": 2, \""leaf_size\"": 30}}}"", ""TransformationParameters"": ""{\""fillna\"": \""ffill_mean_biased\"", \""transformations\"": {\""0\"": \""Scaler\"", \""1\"": \""DifferencedTransformer\"", \""2\"": \""Scaler\"", \""3\"": \""Detrend\"", \""4\"": \""MinMaxScaler\""}, \""transformation_params\"": {\""0\"": {}, \""1\"": {\""lag\"": 1, \""fill\"": \""bfill\""}, \""2\"": {}, \""3\"": {\""model\"": \""Linear\"", \""phi\"": 1, \""window\"": 900, \""transform_dict\"": null}, \""4\"": {}}}""}}, ""point_method"": ""median"", ""model_weights"": {}}","{""fillna"": ""fake_date"", ""transformations"": {""0"": ""FIRFilter"", ""1"": ""AlignLastValue"", ""2"": ""AlignLastValue""}, ""transformation_params"": {""0"": {""numtaps"": 32, ""cutoff_hz"": 0.1, ""window"": ""triang"", ""sampling_frequency"": 12, ""on_transform"": false, ""on_inverse"": true, ""bounds_only"": true}, ""1"": {""rows"": 1, ""lag"": 1, ""method"": ""multiplicative"", ""strength"": 1.0, ""first_value_only"": false, ""threshold"": null, ""threshold_method"": ""mean""}, ""2"": {""rows"": 1, ""lag"": 1, ""method"": ""multiplicative"", ""strength"": 1.0, ""first_value_only"": true, ""threshold"": 10, ""threshold_method"": ""max""}}}",1,1,17.90372524736649,1.2451636149480374,1.4578204115944924,0.5129268120118816,1.2451636149480374,0.0,-2.1840175293472033,0.751050179225373,147.23561626441727,1.2427532158277323,0.418453416561269,0.9,0.475,3.9453174138857774,0.9666666666666667,1.4446708350497075,1.0310150397343159,5.805386700368833,4.085961435080154,0.03304346748665681,145.05159873507006,50.8651416699467,33.47133215124155,0.18282399850485717,17.90372524736649,1.2451636149480374,1.4578204115944924,0.5129268120118816,1.2451636149480374,0.0,0.751050179225373,1.2427532158277323,0.418453416561269,3.9453174138857774,0.9666666666666667,1.4446708350497075,1.0310150397343159,5.805386700368833,4.085961435080154,0.03304346748665681,145.05159873507006,50.8651416699467,33.47133215124155,0.18282399850485717,0.9,0.475,5.4503,21.31988337696502,17.546692827373725,Wh,17.546692827373725,Wh
107,fee7b281a7e93199e932c0f35ad2c2a6,Ensemble,"{""model_name"": ""BestN"", ""model_count"": 5, ""model_metric"": ""mixed_metric"", ""models"": {""0a98a875055da5bcd734698018011f5e"": {""Model"": ""RollingRegression"", ""ModelParameters"": ""{\""regression_model\"": {\""model\"": \""BayesianRidge\"", \""model_params\"": {}}, \""holiday\"": false, \""mean_rolling_periods\"": 7, \""macd_periods\"": 63, \""std_rolling_periods\"": null, \""max_rolling_periods\"": null, \""min_rolling_periods\"": 2, \""ewm_var_alpha\"": null, \""quantile90_rolling_periods\"": null, \""quantile10_rolling_periods\"": null, \""ewm_alpha\"": null, \""additional_lag_periods\"": 3, \""abs_energy\"": false, \""rolling_autocorr_periods\"": null, \""nonzero_last_n\"": null, \""add_date_part\"": \""simple_2\"", \""polynomial_degree\"": null, \""x_transform\"": null, \""regression_type\"": null}"", ""TransformationParameters"": ""{\""fillna\"": \""KNNImputer\"", \""transformations\"": {\""0\"": \""DatepartRegression\"", \""1\"": \""Detrend\"", \""2\"": \""DifferencedTransformer\"", \""3\"": \""MinMaxScaler\""}, \""transformation_params\"": {\""0\"": {\""regression_model\"": {\""model\"": \""ElasticNet\"", \""model_params\"": {\""l1_ratio\"": 0.1, \""fit_intercept\"": true, \""selection\"": \""cyclic\"", \""max_iter\"": 1000}}, \""datepart_method\"": \""recurring\"", \""polynomial_degree\"": null, \""transform_dict\"": {\""fillna\"": null, \""transformations\"": {\""0\"": \""ClipOutliers\""}, \""transformation_params\"": {\""0\"": {\""method\"": \""clip\"", \""std_threshold\"": 4}}}, \""holiday_countries_used\"": true, \""lags\"": null, \""forward_lags\"": null}, \""1\"": {\""model\"": \""GLS\"", \""phi\"": 1, \""window\"": 10, \""transform_dict\"": {\""fillna\"": null, \""transformations\"": {\""0\"": \""Discretize\""}, \""transformation_params\"": {\""0\"": {\""discretization\"": \""center\"", \""n_bins\"": 20}}}}, \""2\"": {\""lag\"": 1, \""fill\"": \""bfill\""}, \""3\"": {}}}""}, ""927f8c402d93eba11011ff9ae8879530"": {""Model"": ""WindowRegression"", ""ModelParameters"": ""{\""window_size\"": 24, \""input_dim\"": \""univariate\"", \""output_dim\"": \""1step\"", \""normalize_window\"": false, \""max_windows\"": 5000000, \""fourier_encoding_components\"": null, \""scale\"": true, \""datepart_method\"": null, \""regression_type\"": null, \""regression_model\"": {\""model\"": \""ElasticNet\"", \""model_params\"": {\""l1_ratio\"": 0.5, \""fit_intercept\"": true, \""selection\"": \""cyclic\"", \""max_iter\"": 2000}}}"", ""TransformationParameters"": ""{\""fillna\"": \""akima\"", \""transformations\"": {\""0\"": \""DatepartRegression\"", \""1\"": \""Scaler\"", \""2\"": \""Scaler\""}, \""transformation_params\"": {\""0\"": {\""regression_model\"": {\""model\"": \""ElasticNet\"", \""model_params\"": {\""l1_ratio\"": 0.5, \""fit_intercept\"": true, \""selection\"": \""cyclic\"", \""max_iter\"": 1000}}, \""datepart_method\"": \""recurring\"", \""polynomial_degree\"": null, \""transform_dict\"": null, \""holiday_countries_used\"": false, \""lags\"": null, \""forward_lags\"": null}, \""1\"": {}, \""2\"": {}}}""}, ""b64de7c386a7fef4fbd9b08033fa98b2"": {""Model"": ""WindowRegression"", ""ModelParameters"": ""{\""window_size\"": 10, \""input_dim\"": \""univariate\"", \""output_dim\"": \""1step\"", \""normalize_window\"": false, \""max_windows\"": 5000000, \""fourier_encoding_components\"": null, \""scale\"": true, \""datepart_method\"": null, \""regression_type\"": null, \""regression_model\"": {\""model\"": \""SVM\"", \""model_params\"": {\""C\"": 0.1, \""tol\"": 0.001, \""epsilon\"": 0.0, \""loss\"": \""squared_epsilon_insensitive\"", \""max_iter\"": 50}}}"", ""TransformationParameters"": ""{\""fillna\"": \""ffill\"", \""transformations\"": {\""0\"": \""DatepartRegression\"", \""1\"": \""DatepartRegression\"", \""2\"": \""DatepartRegression\"", \""3\"": \""DatepartRegression\""}, \""transformation_params\"": {\""0\"": {\""regression_model\"": {\""model\"": \""ElasticNet\"", \""model_params\"": {\""l1_ratio\"": 0.9, \""fit_intercept\"": true, \""selection\"": \""cyclic\"", \""max_iter\"": 1000}}, \""datepart_method\"": \""common_fourier\"", \""polynomial_degree\"": null, \""transform_dict\"": null, \""holiday_countries_used\"": true, \""lags\"": null, \""forward_lags\"": null}, \""1\"": {\""regression_model\"": {\""model\"": \""DecisionTree\"", \""model_params\"": {\""max_depth\"": null, \""min_samples_split\"": 2}}, \""datepart_method\"": \""simple_binarized\"", \""polynomial_degree\"": null, \""transform_dict\"": {\""fillna\"": null, \""transformations\"": {\""0\"": \""ScipyFilter\""}, \""transformation_params\"": {\""0\"": {\""method\"": \""savgol_filter\"", \""method_args\"": {\""window_length\"": 31, \""polyorder\"": 3, \""deriv\"": 0, \""mode\"": \""interp\""}}}}, \""holiday_countries_used\"": false, \""lags\"": null, \""forward_lags\"": null}, \""2\"": {\""regression_model\"": {\""model\"": \""ElasticNet\"", \""model_params\"": {\""l1_ratio\"": 0.5, \""fit_intercept\"": true, \""selection\"": \""cyclic\"", \""max_iter\"": 1000}}, \""datepart_method\"": [\""dayofweek\"", [365.25, 14], [354.37, 10]], \""polynomial_degree\"": null, \""transform_dict\"": null, \""holiday_countries_used\"": true, \""lags\"": null, \""forward_lags\"": 1}, \""3\"": {\""regression_model\"": {\""model\"": \""ElasticNet\"", \""model_params\"": {\""l1_ratio\"": 0.5, \""fit_intercept\"": true, \""selection\"": \""random\"", \""max_iter\"": 1000}}, \""datepart_method\"": \""simple_binarized\"", \""polynomial_degree\"": null, \""transform_dict\"": {\""fillna\"": null, \""transformations\"": {\""0\"": \""ClipOutliers\""}, \""transformation_params\"": {\""0\"": {\""method\"": \""clip\"", \""std_threshold\"": 4}}}, \""holiday_countries_used\"": false, \""lags\"": null, \""forward_lags\"": null}}}""}, ""4597814533265222b338e51fe9353b43"": {""Model"": ""DatepartRegression"", ""ModelParameters"": ""{\""regression_model\"": {\""model\"": \""ElasticNet\"", \""model_params\"": {\""l1_ratio\"": 0.1, \""fit_intercept\"": true, \""selection\"": \""cyclic\"", \""max_iter\"": 1000}}, \""datepart_method\"": \""anchored_warped_fourier:us_school\"", \""polynomial_degree\"": null, \""holiday_countries_used\"": true, \""lags\"": null, \""forward_lags\"": null, \""regression_type\"": null}"", ""TransformationParameters"": ""{\""fillna\"": \""linear\"", \""transformations\"": {}, \""transformation_params\"": {}}""}, ""b8ca7c68f17113471e9165689e1f0c16"": {""Model"": ""WindowRegression"", ""ModelParameters"": ""{\""window_size\"": 16, \""input_dim\"": \""univariate\"", \""output_dim\"": \""1step\"", \""normalize_window\"": false, \""max_windows\"": 5000, \""fourier_encoding_components\"": null, \""scale\"": true, \""datepart_method\"": null, \""regression_type\"": null, \""regression_model\"": {\""model\"": \""KNN\"", \""model_params\"": {\""n_neighbors\"": 5, \""weights\"": \""uniform\"", \""p\"": 2, \""leaf_size\"": 30}}}"", ""TransformationParameters"": ""{\""fillna\"": \""ffill_mean_biased\"", \""transformations\"": {\""0\"": \""Scaler\"", \""1\"": \""DifferencedTransformer\"", \""2\"": \""Scaler\"", \""3\"": \""Detrend\"", \""4\"": \""MinMaxScaler\""}, \""transformation_params\"": {\""0\"": {}, \""1\"": {\""lag\"": 1, \""fill\"": \""bfill\""}, \""2\"": {}, \""3\"": {\""model\"": \""Linear\"", \""phi\"": 1, \""window\"": 900, \""transform_dict\"": null}, \""4\"": {}}}""}}, ""point_method"": ""median"", ""model_weights"": {}}","{""fillna"": ""fake_date"", ""transformations"": {""0"": ""AlignLastValue"", ""1"": ""AlignLastValue""}, ""transformation_params"": {""0"": {""rows"": 1, ""lag"": 1, ""method"": ""multiplicative"", ""strength"": 1.0, ""first_value_only"": false, ""threshold"": null, ""threshold_method"": ""mean""}, ""1"": {""rows"": 1, ""lag"": 1, ""method"": ""multiplicative"", ""strength"": 1.0, ""first_value_only"": true, ""threshold"": 10, ""threshold_method"": ""max""}}}",1,1,17.90372524736649,1.2451636149480374,1.4578204115944924,0.5129268120118816,1.2451636149480374,0.0,-2.1840175293472033,0.751050179225373,147.23561626441727,1.2427532158277323,0.41843194848158083,0.9,0.475,3.9453174138857774,0.9666666666666667,1.4446708350497075,1.0310150397343159,5.805386700368833,4.085961435080154,0.03304346748665681,145.05159873507006,50.8651416699467,33.47133215124155,0.18282399850485717,17.90372524736649,1.2451636149480374,1.4578204115944924,0.5129268120118816,1.2451636149480374,0.0,0.751050179225373,1.2427532158277323,0.41843194848158083,3.9453174138857774,0.9666666666666667,1.4446708350497075,1.0310150397343159,5.805386700368833,4.085961435080154,0.03304346748665681,145.05159873507006,50.8651416699467,33.47133215124155,0.18282399850485717,0.9,0.475,5.2818,21.319700086516132,17.546692827373725,Wh,17.546692827373725,Wh
108,4b5747dddf8b95405114414a8579e223,Ensemble,"{""model_name"": ""BestN"", ""model_count"": 5, ""model_metric"": ""mixed_metric"", ""models"": {""0a98a875055da5bcd734698018011f5e"": {""Model"": ""RollingRegression"", ""ModelParameters"": ""{\""regression_model\"": {\""model\"": \""BayesianRidge\"", \""model_params\"": {}}, \""holiday\"": false, \""mean_rolling_periods\"": 7, \""macd_periods\"": 63, \""std_rolling_periods\"": null, \""max_rolling_periods\"": null, \""min_rolling_periods\"": 2, \""ewm_var_alpha\"": null, \""quantile90_rolling_periods\"": null, \""quantile10_rolling_periods\"": null, \""ewm_alpha\"": null, \""additional_lag_periods\"": 3, \""abs_energy\"": false, \""rolling_autocorr_periods\"": null, \""nonzero_last_n\"": null, \""add_date_part\"": \""simple_2\"", \""polynomial_degree\"": null, \""x_transform\"": null, \""regression_type\"": null}"", ""TransformationParameters"": ""{\""fillna\"": \""KNNImputer\"", \""transformations\"": {\""0\"": \""DatepartRegression\"", \""1\"": \""Detrend\"", \""2\"": \""DifferencedTransformer\"", \""3\"": \""MinMaxScaler\""}, \""transformation_params\"": {\""0\"": {\""regression_model\"": {\""model\"": \""ElasticNet\"", \""model_params\"": {\""l1_ratio\"": 0.1, \""fit_intercept\"": true, \""selection\"": \""cyclic\"", \""max_iter\"": 1000}}, \""datepart_method\"": \""recurring\"", \""polynomial_degree\"": null, \""transform_dict\"": {\""fillna\"": null, \""transformations\"": {\""0\"": \""ClipOutliers\""}, \""transformation_params\"": {\""0\"": {\""method\"": \""clip\"", \""std_threshold\"": 4}}}, \""holiday_countries_used\"": true, \""lags\"": null, \""forward_lags\"": null}, \""1\"": {\""model\"": \""GLS\"", \""phi\"": 1, \""window\"": 10, \""transform_dict\"": {\""fillna\"": null, \""transformations\"": {\""0\"": \""Discretize\""}, \""transformation_params\"": {\""0\"": {\""discretization\"": \""center\"", \""n_bins\"": 20}}}}, \""2\"": {\""lag\"": 1, \""fill\"": \""bfill\""}, \""3\"": {}}}""}, ""927f8c402d93eba11011ff9ae8879530"": {""Model"": ""WindowRegression"", ""ModelParameters"": ""{\""window_size\"": 24, \""input_dim\"": \""univariate\"", \""output_dim\"": \""1step\"", \""normalize_window\"": false, \""max_windows\"": 5000000, \""fourier_encoding_components\"": null, \""scale\"": true, \""datepart_method\"": null, \""regression_type\"": null, \""regression_model\"": {\""model\"": \""ElasticNet\"", \""model_params\"": {\""l1_ratio\"": 0.5, \""fit_intercept\"": true, \""selection\"": \""cyclic\"", \""max_iter\"": 2000}}}"", ""TransformationParameters"": ""{\""fillna\"": \""akima\"", \""transformations\"": {\""0\"": \""DatepartRegression\"", \""1\"": \""Scaler\"", \""2\"": \""Scaler\""}, \""transformation_params\"": {\""0\"": {\""regression_model\"": {\""model\"": \""ElasticNet\"", \""model_params\"": {\""l1_ratio\"": 0.5, \""fit_intercept\"": true, \""selection\"": \""cyclic\"", \""max_iter\"": 1000}}, \""datepart_method\"": \""recurring\"", \""polynomial_degree\"": null, \""transform_dict\"": null, \""holiday_countries_used\"": false, \""lags\"": null, \""forward_lags\"": null}, \""1\"": {}, \""2\"": {}}}""}, ""b64de7c386a7fef4fbd9b08033fa98b2"": {""Model"": ""WindowRegression"", ""ModelParameters"": ""{\""window_size\"": 10, \""input_dim\"": \""univariate\"", \""output_dim\"": \""1step\"", \""normalize_window\"": false, \""max_windows\"": 5000000, \""fourier_encoding_components\"": null, \""scale\"": true, \""datepart_method\"": null, \""regression_type\"": null, \""regression_model\"": {\""model\"": \""SVM\"", \""model_params\"": {\""C\"": 0.1, \""tol\"": 0.001, \""epsilon\"": 0.0, \""loss\"": \""squared_epsilon_insensitive\"", \""max_iter\"": 50}}}"", ""TransformationParameters"": ""{\""fillna\"": \""ffill\"", \""transformations\"": {\""0\"": \""DatepartRegression\"", \""1\"": \""DatepartRegression\"", \""2\"": \""DatepartRegression\"", \""3\"": \""DatepartRegression\""}, \""transformation_params\"": {\""0\"": {\""regression_model\"": {\""model\"": \""ElasticNet\"", \""model_params\"": {\""l1_ratio\"": 0.9, \""fit_intercept\"": true, \""selection\"": \""cyclic\"", \""max_iter\"": 1000}}, \""datepart_method\"": \""common_fourier\"", \""polynomial_degree\"": null, \""transform_dict\"": null, \""holiday_countries_used\"": true, \""lags\"": null, \""forward_lags\"": null}, \""1\"": {\""regression_model\"": {\""model\"": \""DecisionTree\"", \""model_params\"": {\""max_depth\"": null, \""min_samples_split\"": 2}}, \""datepart_method\"": \""simple_binarized\"", \""polynomial_degree\"": null, \""transform_dict\"": {\""fillna\"": null, \""transformations\"": {\""0\"": \""ScipyFilter\""}, \""transformation_params\"": {\""0\"": {\""method\"": \""savgol_filter\"", \""method_args\"": {\""window_length\"": 31, \""polyorder\"": 3, \""deriv\"": 0, \""mode\"": \""interp\""}}}}, \""holiday_countries_used\"": false, \""lags\"": null, \""forward_lags\"": null}, \""2\"": {\""regression_model\"": {\""model\"": \""ElasticNet\"", \""model_params\"": {\""l1_ratio\"": 0.5, \""fit_intercept\"": true, \""selection\"": \""cyclic\"", \""max_iter\"": 1000}}, \""datepart_method\"": [\""dayofweek\"", [365.25, 14], [354.37, 10]], \""polynomial_degree\"": null, \""transform_dict\"": null, \""holiday_countries_used\"": true, \""lags\"": null, \""forward_lags\"": 1}, \""3\"": {\""regression_model\"": {\""model\"": \""ElasticNet\"", \""model_params\"": {\""l1_ratio\"": 0.5, \""fit_intercept\"": true, \""selection\"": \""random\"", \""max_iter\"": 1000}}, \""datepart_method\"": \""simple_binarized\"", \""polynomial_degree\"": null, \""transform_dict\"": {\""fillna\"": null, \""transformations\"": {\""0\"": \""ClipOutliers\""}, \""transformation_params\"": {\""0\"": {\""method\"": \""clip\"", \""std_threshold\"": 4}}}, \""holiday_countries_used\"": false, \""lags\"": null, \""forward_lags\"": null}}}""}, ""4597814533265222b338e51fe9353b43"": {""Model"": ""DatepartRegression"", ""ModelParameters"": ""{\""regression_model\"": {\""model\"": \""ElasticNet\"", \""model_params\"": {\""l1_ratio\"": 0.1, \""fit_intercept\"": true, \""selection\"": \""cyclic\"", \""max_iter\"": 1000}}, \""datepart_method\"": \""anchored_warped_fourier:us_school\"", \""polynomial_degree\"": null, \""holiday_countries_used\"": true, \""lags\"": null, \""forward_lags\"": null, \""regression_type\"": null}"", ""TransformationParameters"": ""{\""fillna\"": \""linear\"", \""transformations\"": {}, \""transformation_params\"": {}}""}, ""b8ca7c68f17113471e9165689e1f0c16"": {""Model"": ""WindowRegression"", ""ModelParameters"": ""{\""window_size\"": 16, \""input_dim\"": \""univariate\"", \""output_dim\"": \""1step\"", \""normalize_window\"": false, \""max_windows\"": 5000, \""fourier_encoding_components\"": null, \""scale\"": true, \""datepart_method\"": null, \""regression_type\"": null, \""regression_model\"": {\""model\"": \""KNN\"", \""model_params\"": {\""n_neighbors\"": 5, \""weights\"": \""uniform\"", \""p\"": 2, \""leaf_size\"": 30}}}"", ""TransformationParameters"": ""{\""fillna\"": \""ffill_mean_biased\"", \""transformations\"": {\""0\"": \""Scaler\"", \""1\"": \""DifferencedTransformer\"", \""2\"": \""Scaler\"", \""3\"": \""Detrend\"", \""4\"": \""MinMaxScaler\""}, \""transformation_params\"": {\""0\"": {}, \""1\"": {\""lag\"": 1, \""fill\"": \""bfill\""}, \""2\"": {}, \""3\"": {\""model\"": \""Linear\"", \""phi\"": 1, \""window\"": 900, \""transform_dict\"": null}, \""4\"": {}}}""}}, ""point_method"": ""median"", ""model_weights"": {}}",{},1,1,17.876983665085522,1.2429925059973153,1.455986927488012,0.509229770232886,1.2429925059973153,0.0,-2.1840175293472033,0.7500756285225715,146.97508319033065,1.2405821068770104,0.41833230320212994,0.9,0.475,3.9453174138857774,0.975,1.4403641624084118,1.0284607939099373,5.803215591418111,3.4309585400441387,0.031359676912315906,144.79106566098343,50.64331916320693,33.46948363035205,0.1824956208877702,17.876983665085522,1.2429925059973153,1.455986927488012,0.509229770232886,1.2429925059973153,0.0,0.7500756285225715,1.2405821068770104,0.41833230320212994,3.9453174138857774,0.975,1.4403641624084118,1.0284607939099373,5.803215591418111,3.4309585400441387,0.031359676912315906,144.79106566098343,50.64331916320693,33.46948363035205,0.1824956208877702,0.9,0.475,5.2734,21.291793468733506,17.516097826527453,Wh,17.516097826527453,Wh
109,ab3a8e887877916eb117f8c837f3fa74,Ensemble,"{""model_name"": ""BestN"", ""model_count"": 5, ""model_metric"": ""mixed_metric"", ""models"": {""0a98a875055da5bcd734698018011f5e"": {""Model"": ""RollingRegression"", ""ModelParameters"": ""{\""regression_model\"": {\""model\"": \""BayesianRidge\"", \""model_params\"": {}}, \""holiday\"": false, \""mean_rolling_periods\"": 7, \""macd_periods\"": 63, \""std_rolling_periods\"": null, \""max_rolling_periods\"": null, \""min_rolling_periods\"": 2, \""ewm_var_alpha\"": null, \""quantile90_rolling_periods\"": null, \""quantile10_rolling_periods\"": null, \""ewm_alpha\"": null, \""additional_lag_periods\"": 3, \""abs_energy\"": false, \""rolling_autocorr_periods\"": null, \""nonzero_last_n\"": null, \""add_date_part\"": \""simple_2\"", \""polynomial_degree\"": null, \""x_transform\"": null, \""regression_type\"": null}"", ""TransformationParameters"": ""{\""fillna\"": \""KNNImputer\"", \""transformations\"": {\""0\"": \""DatepartRegression\"", \""1\"": \""Detrend\"", \""2\"": \""DifferencedTransformer\"", \""3\"": \""MinMaxScaler\""}, \""transformation_params\"": {\""0\"": {\""regression_model\"": {\""model\"": \""ElasticNet\"", \""model_params\"": {\""l1_ratio\"": 0.1, \""fit_intercept\"": true, \""selection\"": \""cyclic\"", \""max_iter\"": 1000}}, \""datepart_method\"": \""recurring\"", \""polynomial_degree\"": null, \""transform_dict\"": {\""fillna\"": null, \""transformations\"": {\""0\"": \""ClipOutliers\""}, \""transformation_params\"": {\""0\"": {\""method\"": \""clip\"", \""std_threshold\"": 4}}}, \""holiday_countries_used\"": true, \""lags\"": null, \""forward_lags\"": null}, \""1\"": {\""model\"": \""GLS\"", \""phi\"": 1, \""window\"": 10, \""transform_dict\"": {\""fillna\"": null, \""transformations\"": {\""0\"": \""Discretize\""}, \""transformation_params\"": {\""0\"": {\""discretization\"": \""center\"", \""n_bins\"": 20}}}}, \""2\"": {\""lag\"": 1, \""fill\"": \""bfill\""}, \""3\"": {}}}""}, ""927f8c402d93eba11011ff9ae8879530"": {""Model"": ""WindowRegression"", ""ModelParameters"": ""{\""window_size\"": 24, \""input_dim\"": \""univariate\"", \""output_dim\"": \""1step\"", \""normalize_window\"": false, \""max_windows\"": 5000000, \""fourier_encoding_components\"": null, \""scale\"": true, \""datepart_method\"": null, \""regression_type\"": null, \""regression_model\"": {\""model\"": \""ElasticNet\"", \""model_params\"": {\""l1_ratio\"": 0.5, \""fit_intercept\"": true, \""selection\"": \""cyclic\"", \""max_iter\"": 2000}}}"", ""TransformationParameters"": ""{\""fillna\"": \""akima\"", \""transformations\"": {\""0\"": \""DatepartRegression\"", \""1\"": \""Scaler\"", \""2\"": \""Scaler\""}, \""transformation_params\"": {\""0\"": {\""regression_model\"": {\""model\"": \""ElasticNet\"", \""model_params\"": {\""l1_ratio\"": 0.5, \""fit_intercept\"": true, \""selection\"": \""cyclic\"", \""max_iter\"": 1000}}, \""datepart_method\"": \""recurring\"", \""polynomial_degree\"": null, \""transform_dict\"": null, \""holiday_countries_used\"": false, \""lags\"": null, \""forward_lags\"": null}, \""1\"": {}, \""2\"": {}}}""}, ""b64de7c386a7fef4fbd9b08033fa98b2"": {""Model"": ""WindowRegression"", ""ModelParameters"": ""{\""window_size\"": 10, \""input_dim\"": \""univariate\"", \""output_dim\"": \""1step\"", \""normalize_window\"": false, \""max_windows\"": 5000000, \""fourier_encoding_components\"": null, \""scale\"": true, \""datepart_method\"": null, \""regression_type\"": null, \""regression_model\"": {\""model\"": \""SVM\"", \""model_params\"": {\""C\"": 0.1, \""tol\"": 0.001, \""epsilon\"": 0.0, \""loss\"": \""squared_epsilon_insensitive\"", \""max_iter\"": 50}}}"", ""TransformationParameters"": ""{\""fillna\"": \""ffill\"", \""transformations\"": {\""0\"": \""DatepartRegression\"", \""1\"": \""DatepartRegression\"", \""2\"": \""DatepartRegression\"", \""3\"": \""DatepartRegression\""}, \""transformation_params\"": {\""0\"": {\""regression_model\"": {\""model\"": \""ElasticNet\"", \""model_params\"": {\""l1_ratio\"": 0.9, \""fit_intercept\"": true, \""selection\"": \""cyclic\"", \""max_iter\"": 1000}}, \""datepart_method\"": \""common_fourier\"", \""polynomial_degree\"": null, \""transform_dict\"": null, \""holiday_countries_used\"": true, \""lags\"": null, \""forward_lags\"": null}, \""1\"": {\""regression_model\"": {\""model\"": \""DecisionTree\"", \""model_params\"": {\""max_depth\"": null, \""min_samples_split\"": 2}}, \""datepart_method\"": \""simple_binarized\"", \""polynomial_degree\"": null, \""transform_dict\"": {\""fillna\"": null, \""transformations\"": {\""0\"": \""ScipyFilter\""}, \""transformation_params\"": {\""0\"": {\""method\"": \""savgol_filter\"", \""method_args\"": {\""window_length\"": 31, \""polyorder\"": 3, \""deriv\"": 0, \""mode\"": \""interp\""}}}}, \""holiday_countries_used\"": false, \""lags\"": null, \""forward_lags\"": null}, \""2\"": {\""regression_model\"": {\""model\"": \""ElasticNet\"", \""model_params\"": {\""l1_ratio\"": 0.5, \""fit_intercept\"": true, \""selection\"": \""cyclic\"", \""max_iter\"": 1000}}, \""datepart_method\"": [\""dayofweek\"", [365.25, 14], [354.37, 10]], \""polynomial_degree\"": null, \""transform_dict\"": null, \""holiday_countries_used\"": true, \""lags\"": null, \""forward_lags\"": 1}, \""3\"": {\""regression_model\"": {\""model\"": \""ElasticNet\"", \""model_params\"": {\""l1_ratio\"": 0.5, \""fit_intercept\"": true, \""selection\"": \""random\"", \""max_iter\"": 1000}}, \""datepart_method\"": \""simple_binarized\"", \""polynomial_degree\"": null, \""transform_dict\"": {\""fillna\"": null, \""transformations\"": {\""0\"": \""ClipOutliers\""}, \""transformation_params\"": {\""0\"": {\""method\"": \""clip\"", \""std_threshold\"": 4}}}, \""holiday_countries_used\"": false, \""lags\"": null, \""forward_lags\"": null}}}""}, ""4597814533265222b338e51fe9353b43"": {""Model"": ""DatepartRegression"", ""ModelParameters"": ""{\""regression_model\"": {\""model\"": \""ElasticNet\"", \""model_params\"": {\""l1_ratio\"": 0.1, \""fit_intercept\"": true, \""selection\"": \""cyclic\"", \""max_iter\"": 1000}}, \""datepart_method\"": \""anchored_warped_fourier:us_school\"", \""polynomial_degree\"": null, \""holiday_countries_used\"": true, \""lags\"": null, \""forward_lags\"": null, \""regression_type\"": null}"", ""TransformationParameters"": ""{\""fillna\"": \""linear\"", \""transformations\"": {}, \""transformation_params\"": {}}""}, ""b8ca7c68f17113471e9165689e1f0c16"": {""Model"": ""WindowRegression"", ""ModelParameters"": ""{\""window_size\"": 16, \""input_dim\"": \""univariate\"", \""output_dim\"": \""1step\"", \""normalize_window\"": false, \""max_windows\"": 5000, \""fourier_encoding_components\"": null, \""scale\"": true, \""datepart_method\"": null, \""regression_type\"": null, \""regression_model\"": {\""model\"": \""KNN\"", \""model_params\"": {\""n_neighbors\"": 5, \""weights\"": \""uniform\"", \""p\"": 2, \""leaf_size\"": 30}}}"", ""TransformationParameters"": ""{\""fillna\"": \""ffill_mean_biased\"", \""transformations\"": {\""0\"": \""Scaler\"", \""1\"": \""DifferencedTransformer\"", \""2\"": \""Scaler\"", \""3\"": \""Detrend\"", \""4\"": \""MinMaxScaler\""}, \""transformation_params\"": {\""0\"": {}, \""1\"": {\""lag\"": 1, \""fill\"": \""bfill\""}, \""2\"": {}, \""3\"": {\""model\"": \""Linear\"", \""phi\"": 1, \""window\"": 900, \""transform_dict\"": null}, \""4\"": {}}}""}}, ""point_method"": ""median"", ""model_weights"": {}}","{""fillna"": ""ffill"", ""transformations"": {""0"": ""FFTFilter"", ""1"": ""HistoricValues""}, ""transformation_params"": {""0"": {""cutoff"": 0.01, ""reverse"": false, ""on_transform"": false, ""on_inverse"": true}, ""1"": {""window"": null}}}",1,1,17.882926971444814,1.2431932267952226,1.455183733199164,0.5091696280339854,1.2431932267952226,0.0,-2.0748743856445735,0.7504973528084629,147.10831282978214,1.240915823909412,0.39510222482206403,0.9,0.5333333333333333,3.959051444079778,0.975,1.440355931512726,1.028139885789478,5.827933528379142,3.2927504368757274,0.002908918776338924,145.03343844413757,50.48317104645912,34.41088928786086,0.1828011091535419,17.882926971444814,1.2431932267952226,1.455183733199164,0.5091696280339854,1.2431932267952226,0.0,0.7504973528084629,1.240915823909412,0.39510222482206403,3.959051444079778,0.975,1.440355931512726,1.028139885789478,5.827933528379142,3.2927504368757274,0.002908918776338924,145.03343844413757,50.48317104645912,34.41088928786086,0.1828011091535419,0.9,0.5333333333333333,5.3518,21.094074405168946,17.518926359374593,Wh,17.518926359374593,Wh
110,c1305a3676c3091fef59ccd85bfc28c8,Ensemble,"{""model_name"": ""BestN"", ""model_count"": 5, ""model_metric"": ""mixed_metric"", ""models"": {""0a98a875055da5bcd734698018011f5e"": {""Model"": ""RollingRegression"", ""ModelParameters"": ""{\""regression_model\"": {\""model\"": \""BayesianRidge\"", \""model_params\"": {}}, \""holiday\"": false, \""mean_rolling_periods\"": 7, \""macd_periods\"": 63, \""std_rolling_periods\"": null, \""max_rolling_periods\"": null, \""min_rolling_periods\"": 2, \""ewm_var_alpha\"": null, \""quantile90_rolling_periods\"": null, \""quantile10_rolling_periods\"": null, \""ewm_alpha\"": null, \""additional_lag_periods\"": 3, \""abs_energy\"": false, \""rolling_autocorr_periods\"": null, \""nonzero_last_n\"": null, \""add_date_part\"": \""simple_2\"", \""polynomial_degree\"": null, \""x_transform\"": null, \""regression_type\"": null}"", ""TransformationParameters"": ""{\""fillna\"": \""KNNImputer\"", \""transformations\"": {\""0\"": \""DatepartRegression\"", \""1\"": \""Detrend\"", \""2\"": \""DifferencedTransformer\"", \""3\"": \""MinMaxScaler\""}, \""transformation_params\"": {\""0\"": {\""regression_model\"": {\""model\"": \""ElasticNet\"", \""model_params\"": {\""l1_ratio\"": 0.1, \""fit_intercept\"": true, \""selection\"": \""cyclic\"", \""max_iter\"": 1000}}, \""datepart_method\"": \""recurring\"", \""polynomial_degree\"": null, \""transform_dict\"": {\""fillna\"": null, \""transformations\"": {\""0\"": \""ClipOutliers\""}, \""transformation_params\"": {\""0\"": {\""method\"": \""clip\"", \""std_threshold\"": 4}}}, \""holiday_countries_used\"": true, \""lags\"": null, \""forward_lags\"": null}, \""1\"": {\""model\"": \""GLS\"", \""phi\"": 1, \""window\"": 10, \""transform_dict\"": {\""fillna\"": null, \""transformations\"": {\""0\"": \""Discretize\""}, \""transformation_params\"": {\""0\"": {\""discretization\"": \""center\"", \""n_bins\"": 20}}}}, \""2\"": {\""lag\"": 1, \""fill\"": \""bfill\""}, \""3\"": {}}}""}, ""927f8c402d93eba11011ff9ae8879530"": {""Model"": ""WindowRegression"", ""ModelParameters"": ""{\""window_size\"": 24, \""input_dim\"": \""univariate\"", \""output_dim\"": \""1step\"", \""normalize_window\"": false, \""max_windows\"": 5000000, \""fourier_encoding_components\"": null, \""scale\"": true, \""datepart_method\"": null, \""regression_type\"": null, \""regression_model\"": {\""model\"": \""ElasticNet\"", \""model_params\"": {\""l1_ratio\"": 0.5, \""fit_intercept\"": true, \""selection\"": \""cyclic\"", \""max_iter\"": 2000}}}"", ""TransformationParameters"": ""{\""fillna\"": \""akima\"", \""transformations\"": {\""0\"": \""DatepartRegression\"", \""1\"": \""Scaler\"", \""2\"": \""Scaler\""}, \""transformation_params\"": {\""0\"": {\""regression_model\"": {\""model\"": \""ElasticNet\"", \""model_params\"": {\""l1_ratio\"": 0.5, \""fit_intercept\"": true, \""selection\"": \""cyclic\"", \""max_iter\"": 1000}}, \""datepart_method\"": \""recurring\"", \""polynomial_degree\"": null, \""transform_dict\"": null, \""holiday_countries_used\"": false, \""lags\"": null, \""forward_lags\"": null}, \""1\"": {}, \""2\"": {}}}""}, ""b64de7c386a7fef4fbd9b08033fa98b2"": {""Model"": ""WindowRegression"", ""ModelParameters"": ""{\""window_size\"": 10, \""input_dim\"": \""univariate\"", \""output_dim\"": \""1step\"", \""normalize_window\"": false, \""max_windows\"": 5000000, \""fourier_encoding_components\"": null, \""scale\"": true, \""datepart_method\"": null, \""regression_type\"": null, \""regression_model\"": {\""model\"": \""SVM\"", \""model_params\"": {\""C\"": 0.1, \""tol\"": 0.001, \""epsilon\"": 0.0, \""loss\"": \""squared_epsilon_insensitive\"", \""max_iter\"": 50}}}"", ""TransformationParameters"": ""{\""fillna\"": \""ffill\"", \""transformations\"": {\""0\"": \""DatepartRegression\"", \""1\"": \""DatepartRegression\"", \""2\"": \""DatepartRegression\"", \""3\"": \""DatepartRegression\""}, \""transformation_params\"": {\""0\"": {\""regression_model\"": {\""model\"": \""ElasticNet\"", \""model_params\"": {\""l1_ratio\"": 0.9, \""fit_intercept\"": true, \""selection\"": \""cyclic\"", \""max_iter\"": 1000}}, \""datepart_method\"": \""common_fourier\"", \""polynomial_degree\"": null, \""transform_dict\"": null, \""holiday_countries_used\"": true, \""lags\"": null, \""forward_lags\"": null}, \""1\"": {\""regression_model\"": {\""model\"": \""DecisionTree\"", \""model_params\"": {\""max_depth\"": null, \""min_samples_split\"": 2}}, \""datepart_method\"": \""simple_binarized\"", \""polynomial_degree\"": null, \""transform_dict\"": {\""fillna\"": null, \""transformations\"": {\""0\"": \""ScipyFilter\""}, \""transformation_params\"": {\""0\"": {\""method\"": \""savgol_filter\"", \""method_args\"": {\""window_length\"": 31, \""polyorder\"": 3, \""deriv\"": 0, \""mode\"": \""interp\""}}}}, \""holiday_countries_used\"": false, \""lags\"": null, \""forward_lags\"": null}, \""2\"": {\""regression_model\"": {\""model\"": \""ElasticNet\"", \""model_params\"": {\""l1_ratio\"": 0.5, \""fit_intercept\"": true, \""selection\"": \""cyclic\"", \""max_iter\"": 1000}}, \""datepart_method\"": [\""dayofweek\"", [365.25, 14], [354.37, 10]], \""polynomial_degree\"": null, \""transform_dict\"": null, \""holiday_countries_used\"": true, \""lags\"": null, \""forward_lags\"": 1}, \""3\"": {\""regression_model\"": {\""model\"": \""ElasticNet\"", \""model_params\"": {\""l1_ratio\"": 0.5, \""fit_intercept\"": true, \""selection\"": \""random\"", \""max_iter\"": 1000}}, \""datepart_method\"": \""simple_binarized\"", \""polynomial_degree\"": null, \""transform_dict\"": {\""fillna\"": null, \""transformations\"": {\""0\"": \""ClipOutliers\""}, \""transformation_params\"": {\""0\"": {\""method\"": \""clip\"", \""std_threshold\"": 4}}}, \""holiday_countries_used\"": false, \""lags\"": null, \""forward_lags\"": null}}}""}, ""4597814533265222b338e51fe9353b43"": {""Model"": ""DatepartRegression"", ""ModelParameters"": ""{\""regression_model\"": {\""model\"": \""ElasticNet\"", \""model_params\"": {\""l1_ratio\"": 0.1, \""fit_intercept\"": true, \""selection\"": \""cyclic\"", \""max_iter\"": 1000}}, \""datepart_method\"": \""anchored_warped_fourier:us_school\"", \""polynomial_degree\"": null, \""holiday_countries_used\"": true, \""lags\"": null, \""forward_lags\"": null, \""regression_type\"": null}"", ""TransformationParameters"": ""{\""fillna\"": \""linear\"", \""transformations\"": {}, \""transformation_params\"": {}}""}, ""b8ca7c68f17113471e9165689e1f0c16"": {""Model"": ""WindowRegression"", ""ModelParameters"": ""{\""window_size\"": 16, \""input_dim\"": \""univariate\"", \""output_dim\"": \""1step\"", \""normalize_window\"": false, \""max_windows\"": 5000, \""fourier_encoding_components\"": null, \""scale\"": true, \""datepart_method\"": null, \""regression_type\"": null, \""regression_model\"": {\""model\"": \""KNN\"", \""model_params\"": {\""n_neighbors\"": 5, \""weights\"": \""uniform\"", \""p\"": 2, \""leaf_size\"": 30}}}"", ""TransformationParameters"": ""{\""fillna\"": \""ffill_mean_biased\"", \""transformations\"": {\""0\"": \""Scaler\"", \""1\"": \""DifferencedTransformer\"", \""2\"": \""Scaler\"", \""3\"": \""Detrend\"", \""4\"": \""MinMaxScaler\""}, \""transformation_params\"": {\""0\"": {}, \""1\"": {\""lag\"": 1, \""fill\"": \""bfill\""}, \""2\"": {}, \""3\"": {\""model\"": \""Linear\"", \""phi\"": 1, \""window\"": 900, \""transform_dict\"": null}, \""4\"": {}}}""}}, ""point_method"": ""kalman"", ""model_weights"": {}}","{""fillna"": ""cubic"", ""transformations"": {""0"": ""ScipyFilter"", ""1"": ""DatepartRegression""}, ""transformation_params"": {""0"": {""method"": ""butter"", ""method_args"": {""N"": 1, ""btype"": ""highpass"", ""analog"": false, ""output"": ""sos"", ""Wn"": 0.024390243902439025}}, ""1"": {""regression_model"": {""model"": ""ElasticNet"", ""model_params"": {""l1_ratio"": 0.5, ""fit_intercept"": true, ""selection"": ""cyclic"", ""max_iter"": 1000}}, ""datepart_method"": [""weekdayofmonth"", ""common_fourier""], ""polynomial_degree"": null, ""transform_dict"": null, ""holiday_countries_used"": false, ""lags"": null, ""forward_lags"": null}}}",1,1,14.405414552213852,0.9763183149738175,1.170687571017258,0.5189308058773587,0.9763183149738175,0.0,-8.14425958387761,0.6464188011518014,109.01393821298049,0.9618934979581172,0.5478427062561105,0.9583333333333334,0.45,3.8827862368531614,0.9416666666666667,1.3722119581380985,0.7786486110239973,4.3646614430921575,3.962007561959241,0.037644514659637904,100.86967862910289,34.04891198820166,32.299487580690865,0.12713681293892443,14.405414552213852,0.9763183149738175,1.170687571017258,0.5189308058773587,0.9763183149738175,0.0,0.6464188011518014,0.9618934979581172,0.5478427062561105,3.8827862368531614,0.9416666666666667,1.3722119581380985,0.7786486110239973,4.3646614430921575,3.962007561959241,0.037644514659637904,100.86967862910289,34.04891198820166,32.299487580690865,0.12713681293892443,0.9583333333333334,0.45,5.5199,18.883113913647065,13.758157858876718,Wh,13.758157858876718,Wh
111,c59335ace5299cb7b883077214b12fb5,Ensemble,"{""model_name"": ""BestN"", ""model_count"": 3, ""model_metric"": ""mixed_metric"", ""models"": {""0a98a875055da5bcd734698018011f5e"": {""Model"": ""RollingRegression"", ""ModelParameters"": ""{\""regression_model\"": {\""model\"": \""BayesianRidge\"", \""model_params\"": {}}, \""holiday\"": false, \""mean_rolling_periods\"": 7, \""macd_periods\"": 63, \""std_rolling_periods\"": null, \""max_rolling_periods\"": null, \""min_rolling_periods\"": 2, \""ewm_var_alpha\"": null, \""quantile90_rolling_periods\"": null, \""quantile10_rolling_periods\"": null, \""ewm_alpha\"": null, \""additional_lag_periods\"": 3, \""abs_energy\"": false, \""rolling_autocorr_periods\"": null, \""nonzero_last_n\"": null, \""add_date_part\"": \""simple_2\"", \""polynomial_degree\"": null, \""x_transform\"": null, \""regression_type\"": null}"", ""TransformationParameters"": ""{\""fillna\"": \""KNNImputer\"", \""transformations\"": {\""0\"": \""DatepartRegression\"", \""1\"": \""Detrend\"", \""2\"": \""DifferencedTransformer\"", \""3\"": \""MinMaxScaler\""}, \""transformation_params\"": {\""0\"": {\""regression_model\"": {\""model\"": \""ElasticNet\"", \""model_params\"": {\""l1_ratio\"": 0.1, \""fit_intercept\"": true, \""selection\"": \""cyclic\"", \""max_iter\"": 1000}}, \""datepart_method\"": \""recurring\"", \""polynomial_degree\"": null, \""transform_dict\"": {\""fillna\"": null, \""transformations\"": {\""0\"": \""ClipOutliers\""}, \""transformation_params\"": {\""0\"": {\""method\"": \""clip\"", \""std_threshold\"": 4}}}, \""holiday_countries_used\"": true, \""lags\"": null, \""forward_lags\"": null}, \""1\"": {\""model\"": \""GLS\"", \""phi\"": 1, \""window\"": 10, \""transform_dict\"": {\""fillna\"": null, \""transformations\"": {\""0\"": \""Discretize\""}, \""transformation_params\"": {\""0\"": {\""discretization\"": \""center\"", \""n_bins\"": 20}}}}, \""2\"": {\""lag\"": 1, \""fill\"": \""bfill\""}, \""3\"": {}}}""}, ""927f8c402d93eba11011ff9ae8879530"": {""Model"": ""WindowRegression"", ""ModelParameters"": ""{\""window_size\"": 24, \""input_dim\"": \""univariate\"", \""output_dim\"": \""1step\"", \""normalize_window\"": false, \""max_windows\"": 5000000, \""fourier_encoding_components\"": null, \""scale\"": true, \""datepart_method\"": null, \""regression_type\"": null, \""regression_model\"": {\""model\"": \""ElasticNet\"", \""model_params\"": {\""l1_ratio\"": 0.5, \""fit_intercept\"": true, \""selection\"": \""cyclic\"", \""max_iter\"": 2000}}}"", ""TransformationParameters"": ""{\""fillna\"": \""akima\"", \""transformations\"": {\""0\"": \""DatepartRegression\"", \""1\"": \""Scaler\"", \""2\"": \""Scaler\""}, \""transformation_params\"": {\""0\"": {\""regression_model\"": {\""model\"": \""ElasticNet\"", \""model_params\"": {\""l1_ratio\"": 0.5, \""fit_intercept\"": true, \""selection\"": \""cyclic\"", \""max_iter\"": 1000}}, \""datepart_method\"": \""recurring\"", \""polynomial_degree\"": null, \""transform_dict\"": null, \""holiday_countries_used\"": false, \""lags\"": null, \""forward_lags\"": null}, \""1\"": {}, \""2\"": {}}}""}, ""b64de7c386a7fef4fbd9b08033fa98b2"": {""Model"": ""WindowRegression"", ""ModelParameters"": ""{\""window_size\"": 10, \""input_dim\"": \""univariate\"", \""output_dim\"": \""1step\"", \""normalize_window\"": false, \""max_windows\"": 5000000, \""fourier_encoding_components\"": null, \""scale\"": true, \""datepart_method\"": null, \""regression_type\"": null, \""regression_model\"": {\""model\"": \""SVM\"", \""model_params\"": {\""C\"": 0.1, \""tol\"": 0.001, \""epsilon\"": 0.0, \""loss\"": \""squared_epsilon_insensitive\"", \""max_iter\"": 50}}}"", ""TransformationParameters"": ""{\""fillna\"": \""ffill\"", \""transformations\"": {\""0\"": \""DatepartRegression\"", \""1\"": \""DatepartRegression\"", \""2\"": \""DatepartRegression\"", \""3\"": \""DatepartRegression\""}, \""transformation_params\"": {\""0\"": {\""regression_model\"": {\""model\"": \""ElasticNet\"", \""model_params\"": {\""l1_ratio\"": 0.9, \""fit_intercept\"": true, \""selection\"": \""cyclic\"", \""max_iter\"": 1000}}, \""datepart_method\"": \""common_fourier\"", \""polynomial_degree\"": null, \""transform_dict\"": null, \""holiday_countries_used\"": true, \""lags\"": null, \""forward_lags\"": null}, \""1\"": {\""regression_model\"": {\""model\"": \""DecisionTree\"", \""model_params\"": {\""max_depth\"": null, \""min_samples_split\"": 2}}, \""datepart_method\"": \""simple_binarized\"", \""polynomial_degree\"": null, \""transform_dict\"": {\""fillna\"": null, \""transformations\"": {\""0\"": \""ScipyFilter\""}, \""transformation_params\"": {\""0\"": {\""method\"": \""savgol_filter\"", \""method_args\"": {\""window_length\"": 31, \""polyorder\"": 3, \""deriv\"": 0, \""mode\"": \""interp\""}}}}, \""holiday_countries_used\"": false, \""lags\"": null, \""forward_lags\"": null}, \""2\"": {\""regression_model\"": {\""model\"": \""ElasticNet\"", \""model_params\"": {\""l1_ratio\"": 0.5, \""fit_intercept\"": true, \""selection\"": \""cyclic\"", \""max_iter\"": 1000}}, \""datepart_method\"": [\""dayofweek\"", [365.25, 14], [354.37, 10]], \""polynomial_degree\"": null, \""transform_dict\"": null, \""holiday_countries_used\"": true, \""lags\"": null, \""forward_lags\"": 1}, \""3\"": {\""regression_model\"": {\""model\"": \""ElasticNet\"", \""model_params\"": {\""l1_ratio\"": 0.5, \""fit_intercept\"": true, \""selection\"": \""random\"", \""max_iter\"": 1000}}, \""datepart_method\"": \""simple_binarized\"", \""polynomial_degree\"": null, \""transform_dict\"": {\""fillna\"": null, \""transformations\"": {\""0\"": \""ClipOutliers\""}, \""transformation_params\"": {\""0\"": {\""method\"": \""clip\"", \""std_threshold\"": 4}}}, \""holiday_countries_used\"": false, \""lags\"": null, \""forward_lags\"": null}}}""}}, ""model_weights"": {}, ""point_method"": ""mean""}","{""fillna"": ""ffill"", ""transformations"": {""0"": ""FFTFilter"", ""1"": ""HistoricValues""}, ""transformation_params"": {""0"": {""cutoff"": 0.01, ""reverse"": false, ""on_transform"": false, ""on_inverse"": true}, ""1"": {""window"": null}}}",1,1,14.667083952771396,0.9955641200354055,1.2037691684773195,0.507639154895048,0.9955641200354055,0.0,-3.24723929292176,0.6406907192923748,116.2204551113269,0.9914367461802812,0.4921080648830918,0.9,0.5,3.8141679605902317,0.975,1.3652409381607469,0.7877116979094196,4.54205653279808,2.2142115370975217,0.005112478659302357,112.97321581840514,40.56078139232788,33.87466827740412,0.14239219160622257,14.667083952771396,0.9955641200354055,1.2037691684773195,0.507639154895048,0.9955641200354055,0.0,0.6406907192923748,0.9914367461802812,0.4921080648830918,3.8141679605902317,0.975,1.3652409381607469,0.7877116979094196,4.54205653279808,2.2142115370975217,0.005112478659302357,112.97321581840514,40.56078139232788,33.87466827740412,0.14239219160622257,0.9,0.5,2.5652,18.699020553877755,14.029367381526711,Wh,14.029367381526711,Wh
112,e85d904907d9391ba2d04a099e36e306,Ensemble,"{""model_name"": ""BestN"", ""model_count"": 3, ""model_metric"": ""mixed_metric"", ""models"": {""0a98a875055da5bcd734698018011f5e"": {""Model"": ""RollingRegression"", ""ModelParameters"": ""{\""regression_model\"": {\""model\"": \""BayesianRidge\"", \""model_params\"": {}}, \""holiday\"": false, \""mean_rolling_periods\"": 7, \""macd_periods\"": 63, \""std_rolling_periods\"": null, \""max_rolling_periods\"": null, \""min_rolling_periods\"": 2, \""ewm_var_alpha\"": null, \""quantile90_rolling_periods\"": null, \""quantile10_rolling_periods\"": null, \""ewm_alpha\"": null, \""additional_lag_periods\"": 3, \""abs_energy\"": false, \""rolling_autocorr_periods\"": null, \""nonzero_last_n\"": null, \""add_date_part\"": \""simple_2\"", \""polynomial_degree\"": null, \""x_transform\"": null, \""regression_type\"": null}"", ""TransformationParameters"": ""{\""fillna\"": \""KNNImputer\"", \""transformations\"": {\""0\"": \""DatepartRegression\"", \""1\"": \""Detrend\"", \""2\"": \""DifferencedTransformer\"", \""3\"": \""MinMaxScaler\""}, \""transformation_params\"": {\""0\"": {\""regression_model\"": {\""model\"": \""ElasticNet\"", \""model_params\"": {\""l1_ratio\"": 0.1, \""fit_intercept\"": true, \""selection\"": \""cyclic\"", \""max_iter\"": 1000}}, \""datepart_method\"": \""recurring\"", \""polynomial_degree\"": null, \""transform_dict\"": {\""fillna\"": null, \""transformations\"": {\""0\"": \""ClipOutliers\""}, \""transformation_params\"": {\""0\"": {\""method\"": \""clip\"", \""std_threshold\"": 4}}}, \""holiday_countries_used\"": true, \""lags\"": null, \""forward_lags\"": null}, \""1\"": {\""model\"": \""GLS\"", \""phi\"": 1, \""window\"": 10, \""transform_dict\"": {\""fillna\"": null, \""transformations\"": {\""0\"": \""Discretize\""}, \""transformation_params\"": {\""0\"": {\""discretization\"": \""center\"", \""n_bins\"": 20}}}}, \""2\"": {\""lag\"": 1, \""fill\"": \""bfill\""}, \""3\"": {}}}""}, ""927f8c402d93eba11011ff9ae8879530"": {""Model"": ""WindowRegression"", ""ModelParameters"": ""{\""window_size\"": 24, \""input_dim\"": \""univariate\"", \""output_dim\"": \""1step\"", \""normalize_window\"": false, \""max_windows\"": 5000000, \""fourier_encoding_components\"": null, \""scale\"": true, \""datepart_method\"": null, \""regression_type\"": null, \""regression_model\"": {\""model\"": \""ElasticNet\"", \""model_params\"": {\""l1_ratio\"": 0.5, \""fit_intercept\"": true, \""selection\"": \""cyclic\"", \""max_iter\"": 2000}}}"", ""TransformationParameters"": ""{\""fillna\"": \""akima\"", \""transformations\"": {\""0\"": \""DatepartRegression\"", \""1\"": \""Scaler\"", \""2\"": \""Scaler\""}, \""transformation_params\"": {\""0\"": {\""regression_model\"": {\""model\"": \""ElasticNet\"", \""model_params\"": {\""l1_ratio\"": 0.5, \""fit_intercept\"": true, \""selection\"": \""cyclic\"", \""max_iter\"": 1000}}, \""datepart_method\"": \""recurring\"", \""polynomial_degree\"": null, \""transform_dict\"": null, \""holiday_countries_used\"": false, \""lags\"": null, \""forward_lags\"": null}, \""1\"": {}, \""2\"": {}}}""}, ""b64de7c386a7fef4fbd9b08033fa98b2"": {""Model"": ""WindowRegression"", ""ModelParameters"": ""{\""window_size\"": 10, \""input_dim\"": \""univariate\"", \""output_dim\"": \""1step\"", \""normalize_window\"": false, \""max_windows\"": 5000000, \""fourier_encoding_components\"": null, \""scale\"": true, \""datepart_method\"": null, \""regression_type\"": null, \""regression_model\"": {\""model\"": \""SVM\"", \""model_params\"": {\""C\"": 0.1, \""tol\"": 0.001, \""epsilon\"": 0.0, \""loss\"": \""squared_epsilon_insensitive\"", \""max_iter\"": 50}}}"", ""TransformationParameters"": ""{\""fillna\"": \""ffill\"", \""transformations\"": {\""0\"": \""DatepartRegression\"", \""1\"": \""DatepartRegression\"", \""2\"": \""DatepartRegression\"", \""3\"": \""DatepartRegression\""}, \""transformation_params\"": {\""0\"": {\""regression_model\"": {\""model\"": \""ElasticNet\"", \""model_params\"": {\""l1_ratio\"": 0.9, \""fit_intercept\"": true, \""selection\"": \""cyclic\"", \""max_iter\"": 1000}}, \""datepart_method\"": \""common_fourier\"", \""polynomial_degree\"": null, \""transform_dict\"": null, \""holiday_countries_used\"": true, \""lags\"": null, \""forward_lags\"": null}, \""1\"": {\""regression_model\"": {\""model\"": \""DecisionTree\"", \""model_params\"": {\""max_depth\"": null, \""min_samples_split\"": 2}}, \""datepart_method\"": \""simple_binarized\"", \""polynomial_degree\"": null, \""transform_dict\"": {\""fillna\"": null, \""transformations\"": {\""0\"": \""ScipyFilter\""}, \""transformation_params\"": {\""0\"": {\""method\"": \""savgol_filter\"", \""method_args\"": {\""window_length\"": 31, \""polyorder\"": 3, \""deriv\"": 0, \""mode\"": \""interp\""}}}}, \""holiday_countries_used\"": false, \""lags\"": null, \""forward_lags\"": null}, \""2\"": {\""regression_model\"": {\""model\"": \""ElasticNet\"", \""model_params\"": {\""l1_ratio\"": 0.5, \""fit_intercept\"": true, \""selection\"": \""cyclic\"", \""max_iter\"": 1000}}, \""datepart_method\"": [\""dayofweek\"", [365.25, 14], [354.37, 10]], \""polynomial_degree\"": null, \""transform_dict\"": null, \""holiday_countries_used\"": true, \""lags\"": null, \""forward_lags\"": 1}, \""3\"": {\""regression_model\"": {\""model\"": \""ElasticNet\"", \""model_params\"": {\""l1_ratio\"": 0.5, \""fit_intercept\"": true, \""selection\"": \""random\"", \""max_iter\"": 1000}}, \""datepart_method\"": \""simple_binarized\"", \""polynomial_degree\"": null, \""transform_dict\"": {\""fillna\"": null, \""transformations\"": {\""0\"": \""ClipOutliers\""}, \""transformation_params\"": {\""0\"": {\""method\"": \""clip\"", \""std_threshold\"": 4}}}, \""holiday_countries_used\"": false, \""lags\"": null, \""forward_lags\"": null}}}""}}, ""model_weights"": {}, ""point_method"": ""mean""}","{""fillna"": ""ffill"", ""transformations"": {""0"": ""RegressionFilter"", ""1"": ""HistoricValues""}, ""transformation_params"": {""0"": {""sigma"": 1, ""rolling_window"": 90, ""run_order"": ""season_first"", ""regression_params"": {""regression_model"": {""model"": ""ElasticNet"", ""model_params"": {""l1_ratio"": 0.5, ""fit_intercept"": false, ""selection"": ""cyclic"", ""max_iter"": 2000}}, ""datepart_method"": ""simple"", ""polynomial_degree"": null, ""transform_dict"": {""fillna"": null, ""transformations"": {""0"": ""ScipyFilter""}, ""transformation_params"": {""0"": {""method"": ""savgol_filter"", ""method_args"": {""window_length"": 31, ""polyorder"": 3, ""deriv"": 0, ""mode"": ""interp""}}}}, ""holiday_countries_used"": false, ""lags"": null, ""forward_lags"": null}, ""holiday_params"": null, ""trend_method"": ""rolling_mean""}, ""1"": {""window"": 28}}}",1,1,14.86205108199946,1.0128227849801381,1.2210390366520907,0.5267392094502616,1.0128227849801381,0.0,-3.603300094604492,0.6500368171076896,117.93543410301208,1.008011685446102,0.4529264855946042,0.5333333333333333,0.49166666666666664,3.8867299556732178,0.9583333333333334,1.3774093802747298,0.8132610087301216,4.374449516756855,3.6080978711400853,0.09736068046837669,114.33213400840759,43.67129646262786,31.912233654232356,0.14410498111908412,14.86205108199946,1.0128227849801381,1.2210390366520907,0.5267392094502616,1.0128227849801381,0.0,0.6500368171076896,1.008011685446102,0.4529264855946042,3.8867299556732178,0.9583333333333334,1.3774093802747298,0.8132610087301216,4.374449516756855,3.6080978711400853,0.09736068046837669,114.33213400840759,43.67129646262786,31.912233654232356,0.14410498111908412,0.5333333333333333,0.49166666666666664,2.594,18.576382876820574,14.272574369556493,Wh,14.272574369556493,Wh
113,850ec475e355ad708e6d3f35bab0d4eb,Ensemble,"{""model_name"": ""BestN"", ""model_count"": 5, ""model_metric"": ""mixed_metric"", ""models"": {""0a98a875055da5bcd734698018011f5e"": {""Model"": ""RollingRegression"", ""ModelParameters"": ""{\""regression_model\"": {\""model\"": \""BayesianRidge\"", \""model_params\"": {}}, \""holiday\"": false, \""mean_rolling_periods\"": 7, \""macd_periods\"": 63, \""std_rolling_periods\"": null, \""max_rolling_periods\"": null, \""min_rolling_periods\"": 2, \""ewm_var_alpha\"": null, \""quantile90_rolling_periods\"": null, \""quantile10_rolling_periods\"": null, \""ewm_alpha\"": null, \""additional_lag_periods\"": 3, \""abs_energy\"": false, \""rolling_autocorr_periods\"": null, \""nonzero_last_n\"": null, \""add_date_part\"": \""simple_2\"", \""polynomial_degree\"": null, \""x_transform\"": null, \""regression_type\"": null}"", ""TransformationParameters"": ""{\""fillna\"": \""KNNImputer\"", \""transformations\"": {\""0\"": \""DatepartRegression\"", \""1\"": \""Detrend\"", \""2\"": \""DifferencedTransformer\"", \""3\"": \""MinMaxScaler\""}, \""transformation_params\"": {\""0\"": {\""regression_model\"": {\""model\"": \""ElasticNet\"", \""model_params\"": {\""l1_ratio\"": 0.1, \""fit_intercept\"": true, \""selection\"": \""cyclic\"", \""max_iter\"": 1000}}, \""datepart_method\"": \""recurring\"", \""polynomial_degree\"": null, \""transform_dict\"": {\""fillna\"": null, \""transformations\"": {\""0\"": \""ClipOutliers\""}, \""transformation_params\"": {\""0\"": {\""method\"": \""clip\"", \""std_threshold\"": 4}}}, \""holiday_countries_used\"": true, \""lags\"": null, \""forward_lags\"": null}, \""1\"": {\""model\"": \""GLS\"", \""phi\"": 1, \""window\"": 10, \""transform_dict\"": {\""fillna\"": null, \""transformations\"": {\""0\"": \""Discretize\""}, \""transformation_params\"": {\""0\"": {\""discretization\"": \""center\"", \""n_bins\"": 20}}}}, \""2\"": {\""lag\"": 1, \""fill\"": \""bfill\""}, \""3\"": {}}}""}, ""927f8c402d93eba11011ff9ae8879530"": {""Model"": ""WindowRegression"", ""ModelParameters"": ""{\""window_size\"": 24, \""input_dim\"": \""univariate\"", \""output_dim\"": \""1step\"", \""normalize_window\"": false, \""max_windows\"": 5000000, \""fourier_encoding_components\"": null, \""scale\"": true, \""datepart_method\"": null, \""regression_type\"": null, \""regression_model\"": {\""model\"": \""ElasticNet\"", \""model_params\"": {\""l1_ratio\"": 0.5, \""fit_intercept\"": true, \""selection\"": \""cyclic\"", \""max_iter\"": 2000}}}"", ""TransformationParameters"": ""{\""fillna\"": \""akima\"", \""transformations\"": {\""0\"": \""DatepartRegression\"", \""1\"": \""Scaler\"", \""2\"": \""Scaler\""}, \""transformation_params\"": {\""0\"": {\""regression_model\"": {\""model\"": \""ElasticNet\"", \""model_params\"": {\""l1_ratio\"": 0.5, \""fit_intercept\"": true, \""selection\"": \""cyclic\"", \""max_iter\"": 1000}}, \""datepart_method\"": \""recurring\"", \""polynomial_degree\"": null, \""transform_dict\"": null, \""holiday_countries_used\"": false, \""lags\"": null, \""forward_lags\"": null}, \""1\"": {}, \""2\"": {}}}""}, ""b64de7c386a7fef4fbd9b08033fa98b2"": {""Model"": ""WindowRegression"", ""ModelParameters"": ""{\""window_size\"": 10, \""input_dim\"": \""univariate\"", \""output_dim\"": \""1step\"", \""normalize_window\"": false, \""max_windows\"": 5000000, \""fourier_encoding_components\"": null, \""scale\"": true, \""datepart_method\"": null, \""regression_type\"": null, \""regression_model\"": {\""model\"": \""SVM\"", \""model_params\"": {\""C\"": 0.1, \""tol\"": 0.001, \""epsilon\"": 0.0, \""loss\"": \""squared_epsilon_insensitive\"", \""max_iter\"": 50}}}"", ""TransformationParameters"": ""{\""fillna\"": \""ffill\"", \""transformations\"": {\""0\"": \""DatepartRegression\"", \""1\"": \""DatepartRegression\"", \""2\"": \""DatepartRegression\"", \""3\"": \""DatepartRegression\""}, \""transformation_params\"": {\""0\"": {\""regression_model\"": {\""model\"": \""ElasticNet\"", \""model_params\"": {\""l1_ratio\"": 0.9, \""fit_intercept\"": true, \""selection\"": \""cyclic\"", \""max_iter\"": 1000}}, \""datepart_method\"": \""common_fourier\"", \""polynomial_degree\"": null, \""transform_dict\"": null, \""holiday_countries_used\"": true, \""lags\"": null, \""forward_lags\"": null}, \""1\"": {\""regression_model\"": {\""model\"": \""DecisionTree\"", \""model_params\"": {\""max_depth\"": null, \""min_samples_split\"": 2}}, \""datepart_method\"": \""simple_binarized\"", \""polynomial_degree\"": null, \""transform_dict\"": {\""fillna\"": null, \""transformations\"": {\""0\"": \""ScipyFilter\""}, \""transformation_params\"": {\""0\"": {\""method\"": \""savgol_filter\"", \""method_args\"": {\""window_length\"": 31, \""polyorder\"": 3, \""deriv\"": 0, \""mode\"": \""interp\""}}}}, \""holiday_countries_used\"": false, \""lags\"": null, \""forward_lags\"": null}, \""2\"": {\""regression_model\"": {\""model\"": \""ElasticNet\"", \""model_params\"": {\""l1_ratio\"": 0.5, \""fit_intercept\"": true, \""selection\"": \""cyclic\"", \""max_iter\"": 1000}}, \""datepart_method\"": [\""dayofweek\"", [365.25, 14], [354.37, 10]], \""polynomial_degree\"": null, \""transform_dict\"": null, \""holiday_countries_used\"": true, \""lags\"": null, \""forward_lags\"": 1}, \""3\"": {\""regression_model\"": {\""model\"": \""ElasticNet\"", \""model_params\"": {\""l1_ratio\"": 0.5, \""fit_intercept\"": true, \""selection\"": \""random\"", \""max_iter\"": 1000}}, \""datepart_method\"": \""simple_binarized\"", \""polynomial_degree\"": null, \""transform_dict\"": {\""fillna\"": null, \""transformations\"": {\""0\"": \""ClipOutliers\""}, \""transformation_params\"": {\""0\"": {\""method\"": \""clip\"", \""std_threshold\"": 4}}}, \""holiday_countries_used\"": false, \""lags\"": null, \""forward_lags\"": null}}}""}, ""4597814533265222b338e51fe9353b43"": {""Model"": ""DatepartRegression"", ""ModelParameters"": ""{\""regression_model\"": {\""model\"": \""ElasticNet\"", \""model_params\"": {\""l1_ratio\"": 0.1, \""fit_intercept\"": true, \""selection\"": \""cyclic\"", \""max_iter\"": 1000}}, \""datepart_method\"": \""anchored_warped_fourier:us_school\"", \""polynomial_degree\"": null, \""holiday_countries_used\"": true, \""lags\"": null, \""forward_lags\"": null, \""regression_type\"": null}"", ""TransformationParameters"": ""{\""fillna\"": \""linear\"", \""transformations\"": {}, \""transformation_params\"": {}}""}, ""b8ca7c68f17113471e9165689e1f0c16"": {""Model"": ""WindowRegression"", ""ModelParameters"": ""{\""window_size\"": 16, \""input_dim\"": \""univariate\"", \""output_dim\"": \""1step\"", \""normalize_window\"": false, \""max_windows\"": 5000, \""fourier_encoding_components\"": null, \""scale\"": true, \""datepart_method\"": null, \""regression_type\"": null, \""regression_model\"": {\""model\"": \""KNN\"", \""model_params\"": {\""n_neighbors\"": 5, \""weights\"": \""uniform\"", \""p\"": 2, \""leaf_size\"": 30}}}"", ""TransformationParameters"": ""{\""fillna\"": \""ffill_mean_biased\"", \""transformations\"": {\""0\"": \""Scaler\"", \""1\"": \""DifferencedTransformer\"", \""2\"": \""Scaler\"", \""3\"": \""Detrend\"", \""4\"": \""MinMaxScaler\""}, \""transformation_params\"": {\""0\"": {}, \""1\"": {\""lag\"": 1, \""fill\"": \""bfill\""}, \""2\"": {}, \""3\"": {\""model\"": \""Linear\"", \""phi\"": 1, \""window\"": 900, \""transform_dict\"": null}, \""4\"": {}}}""}}, ""point_method"": ""kalman"", ""model_weights"": {}}","{""fillna"": ""linear"", ""transformations"": {""0"": ""Constraint""}, ""transformation_params"": {""0"": {""constraint_method"": ""quantile"", ""constraint_direction"": ""lower"", ""constraint_regularization"": 0.7, ""constraint_value"": 0.5, ""bounds_only"": false, ""fillna"": ""linear""}}}",1,1,14.643109433498564,0.992651250292393,1.187458390656877,0.511547584303777,0.992651250292393,0.0,-6.65792765687653,0.6495187574089747,112.46022237821063,0.9824243542962482,0.4717131872016064,0.48333333333333334,0.4666666666666667,3.864162130776447,0.975,1.3647700773430436,0.7964717015072873,4.534352746163708,2.8236332059420817,0.011710019443149514,105.80229472133408,35.59475806678656,33.88195657254554,0.13335391502490837,14.643109433498564,0.992651250292393,1.187458390656877,0.511547584303777,0.992651250292393,0.0,0.6495187574089747,0.9824243542962482,0.4717131872016064,3.864162130776447,0.975,1.3647700773430436,0.7964717015072873,4.534352746163708,2.8236332059420817,0.011710019443149514,105.80229472133408,35.59475806678656,33.88195657254554,0.13335391502490837,0.48333333333333334,0.4666666666666667,5.4451,18.45991074994429,13.988319578641045,Wh,13.988319578641045,Wh
114,25a8d3a296d58246de9010545c5bbe27,Ensemble,"{""model_name"": ""BestN"", ""model_count"": 5, ""model_metric"": ""mixed_metric"", ""models"": {""0a98a875055da5bcd734698018011f5e"": {""Model"": ""RollingRegression"", ""ModelParameters"": ""{\""regression_model\"": {\""model\"": \""BayesianRidge\"", \""model_params\"": {}}, \""holiday\"": false, \""mean_rolling_periods\"": 7, \""macd_periods\"": 63, \""std_rolling_periods\"": null, \""max_rolling_periods\"": null, \""min_rolling_periods\"": 2, \""ewm_var_alpha\"": null, \""quantile90_rolling_periods\"": null, \""quantile10_rolling_periods\"": null, \""ewm_alpha\"": null, \""additional_lag_periods\"": 3, \""abs_energy\"": false, \""rolling_autocorr_periods\"": null, \""nonzero_last_n\"": null, \""add_date_part\"": \""simple_2\"", \""polynomial_degree\"": null, \""x_transform\"": null, \""regression_type\"": null}"", ""TransformationParameters"": ""{\""fillna\"": \""KNNImputer\"", \""transformations\"": {\""0\"": \""DatepartRegression\"", \""1\"": \""Detrend\"", \""2\"": \""DifferencedTransformer\"", \""3\"": \""MinMaxScaler\""}, \""transformation_params\"": {\""0\"": {\""regression_model\"": {\""model\"": \""ElasticNet\"", \""model_params\"": {\""l1_ratio\"": 0.1, \""fit_intercept\"": true, \""selection\"": \""cyclic\"", \""max_iter\"": 1000}}, \""datepart_method\"": \""recurring\"", \""polynomial_degree\"": null, \""transform_dict\"": {\""fillna\"": null, \""transformations\"": {\""0\"": \""ClipOutliers\""}, \""transformation_params\"": {\""0\"": {\""method\"": \""clip\"", \""std_threshold\"": 4}}}, \""holiday_countries_used\"": true, \""lags\"": null, \""forward_lags\"": null}, \""1\"": {\""model\"": \""GLS\"", \""phi\"": 1, \""window\"": 10, \""transform_dict\"": {\""fillna\"": null, \""transformations\"": {\""0\"": \""Discretize\""}, \""transformation_params\"": {\""0\"": {\""discretization\"": \""center\"", \""n_bins\"": 20}}}}, \""2\"": {\""lag\"": 1, \""fill\"": \""bfill\""}, \""3\"": {}}}""}, ""927f8c402d93eba11011ff9ae8879530"": {""Model"": ""WindowRegression"", ""ModelParameters"": ""{\""window_size\"": 24, \""input_dim\"": \""univariate\"", \""output_dim\"": \""1step\"", \""normalize_window\"": false, \""max_windows\"": 5000000, \""fourier_encoding_components\"": null, \""scale\"": true, \""datepart_method\"": null, \""regression_type\"": null, \""regression_model\"": {\""model\"": \""ElasticNet\"", \""model_params\"": {\""l1_ratio\"": 0.5, \""fit_intercept\"": true, \""selection\"": \""cyclic\"", \""max_iter\"": 2000}}}"", ""TransformationParameters"": ""{\""fillna\"": \""akima\"", \""transformations\"": {\""0\"": \""DatepartRegression\"", \""1\"": \""Scaler\"", \""2\"": \""Scaler\""}, \""transformation_params\"": {\""0\"": {\""regression_model\"": {\""model\"": \""ElasticNet\"", \""model_params\"": {\""l1_ratio\"": 0.5, \""fit_intercept\"": true, \""selection\"": \""cyclic\"", \""max_iter\"": 1000}}, \""datepart_method\"": \""recurring\"", \""polynomial_degree\"": null, \""transform_dict\"": null, \""holiday_countries_used\"": false, \""lags\"": null, \""forward_lags\"": null}, \""1\"": {}, \""2\"": {}}}""}, ""b64de7c386a7fef4fbd9b08033fa98b2"": {""Model"": ""WindowRegression"", ""ModelParameters"": ""{\""window_size\"": 10, \""input_dim\"": \""univariate\"", \""output_dim\"": \""1step\"", \""normalize_window\"": false, \""max_windows\"": 5000000, \""fourier_encoding_components\"": null, \""scale\"": true, \""datepart_method\"": null, \""regression_type\"": null, \""regression_model\"": {\""model\"": \""SVM\"", \""model_params\"": {\""C\"": 0.1, \""tol\"": 0.001, \""epsilon\"": 0.0, \""loss\"": \""squared_epsilon_insensitive\"", \""max_iter\"": 50}}}"", ""TransformationParameters"": ""{\""fillna\"": \""ffill\"", \""transformations\"": {\""0\"": \""DatepartRegression\"", \""1\"": \""DatepartRegression\"", \""2\"": \""DatepartRegression\"", \""3\"": \""DatepartRegression\""}, \""transformation_params\"": {\""0\"": {\""regression_model\"": {\""model\"": \""ElasticNet\"", \""model_params\"": {\""l1_ratio\"": 0.9, \""fit_intercept\"": true, \""selection\"": \""cyclic\"", \""max_iter\"": 1000}}, \""datepart_method\"": \""common_fourier\"", \""polynomial_degree\"": null, \""transform_dict\"": null, \""holiday_countries_used\"": true, \""lags\"": null, \""forward_lags\"": null}, \""1\"": {\""regression_model\"": {\""model\"": \""DecisionTree\"", \""model_params\"": {\""max_depth\"": null, \""min_samples_split\"": 2}}, \""datepart_method\"": \""simple_binarized\"", \""polynomial_degree\"": null, \""transform_dict\"": {\""fillna\"": null, \""transformations\"": {\""0\"": \""ScipyFilter\""}, \""transformation_params\"": {\""0\"": {\""method\"": \""savgol_filter\"", \""method_args\"": {\""window_length\"": 31, \""polyorder\"": 3, \""deriv\"": 0, \""mode\"": \""interp\""}}}}, \""holiday_countries_used\"": false, \""lags\"": null, \""forward_lags\"": null}, \""2\"": {\""regression_model\"": {\""model\"": \""ElasticNet\"", \""model_params\"": {\""l1_ratio\"": 0.5, \""fit_intercept\"": true, \""selection\"": \""cyclic\"", \""max_iter\"": 1000}}, \""datepart_method\"": [\""dayofweek\"", [365.25, 14], [354.37, 10]], \""polynomial_degree\"": null, \""transform_dict\"": null, \""holiday_countries_used\"": true, \""lags\"": null, \""forward_lags\"": 1}, \""3\"": {\""regression_model\"": {\""model\"": \""ElasticNet\"", \""model_params\"": {\""l1_ratio\"": 0.5, \""fit_intercept\"": true, \""selection\"": \""random\"", \""max_iter\"": 1000}}, \""datepart_method\"": \""simple_binarized\"", \""polynomial_degree\"": null, \""transform_dict\"": {\""fillna\"": null, \""transformations\"": {\""0\"": \""ClipOutliers\""}, \""transformation_params\"": {\""0\"": {\""method\"": \""clip\"", \""std_threshold\"": 4}}}, \""holiday_countries_used\"": false, \""lags\"": null, \""forward_lags\"": null}}}""}, ""4597814533265222b338e51fe9353b43"": {""Model"": ""DatepartRegression"", ""ModelParameters"": ""{\""regression_model\"": {\""model\"": \""ElasticNet\"", \""model_params\"": {\""l1_ratio\"": 0.1, \""fit_intercept\"": true, \""selection\"": \""cyclic\"", \""max_iter\"": 1000}}, \""datepart_method\"": \""anchored_warped_fourier:us_school\"", \""polynomial_degree\"": null, \""holiday_countries_used\"": true, \""lags\"": null, \""forward_lags\"": null, \""regression_type\"": null}"", ""TransformationParameters"": ""{\""fillna\"": \""linear\"", \""transformations\"": {}, \""transformation_params\"": {}}""}, ""b8ca7c68f17113471e9165689e1f0c16"": {""Model"": ""WindowRegression"", ""ModelParameters"": ""{\""window_size\"": 16, \""input_dim\"": \""univariate\"", \""output_dim\"": \""1step\"", \""normalize_window\"": false, \""max_windows\"": 5000, \""fourier_encoding_components\"": null, \""scale\"": true, \""datepart_method\"": null, \""regression_type\"": null, \""regression_model\"": {\""model\"": \""KNN\"", \""model_params\"": {\""n_neighbors\"": 5, \""weights\"": \""uniform\"", \""p\"": 2, \""leaf_size\"": 30}}}"", ""TransformationParameters"": ""{\""fillna\"": \""ffill_mean_biased\"", \""transformations\"": {\""0\"": \""Scaler\"", \""1\"": \""DifferencedTransformer\"", \""2\"": \""Scaler\"", \""3\"": \""Detrend\"", \""4\"": \""MinMaxScaler\""}, \""transformation_params\"": {\""0\"": {}, \""1\"": {\""lag\"": 1, \""fill\"": \""bfill\""}, \""2\"": {}, \""3\"": {\""model\"": \""Linear\"", \""phi\"": 1, \""window\"": 900, \""transform_dict\"": null}, \""4\"": {}}}""}}, ""point_method"": ""kalman"", ""model_weights"": {}}","{""fillna"": ""quadratic"", ""transformations"": {""0"": ""AlignLastValue"", ""1"": ""ChangepointDetrend""}, ""transformation_params"": {""0"": {""rows"": 1, ""lag"": 1, ""method"": ""multiplicative"", ""strength"": 1.0, ""first_value_only"": false, ""threshold"": null, ""threshold_method"": ""mean""}, ""1"": {""model"": ""Linear"", ""changepoint_spacing"": 180, ""changepoint_distance_end"": 360, ""datepart_method"": null}}}",1,1,14.508781188645308,0.9829737317927283,1.1749102919292622,0.5138228825090178,0.9829737317927283,0.0,-8.870017385799297,0.651047644678704,109.08683042932807,0.9678549213123404,0.3513780420885234,0.8583333333333333,0.43333333333333335,3.8763646284467708,0.9666666666666667,1.366101814765794,0.7886434686205845,4.5126232160387625,3.290996790550601,0.01852026168832641,100.21681304352879,32.26221703892026,33.546472708442366,0.12631393681841455,14.508781188645308,0.9829737317927283,1.1749102919292622,0.5138228825090178,0.9829737317927283,0.0,0.651047644678704,0.9678549213123404,0.3513780420885234,3.8763646284467708,0.9666666666666667,1.366101814765794,0.7886434686205845,4.5126232160387625,3.290996790550601,0.01852026168832641,100.21681304352879,32.26221703892026,33.546472708442366,0.12631393681841455,0.8583333333333333,0.43333333333333335,5.5366,17.29389936766698,13.85194517578642,Wh,13.85194517578642,Wh
115,03d472824f9d33529a9fe627b834d0d5,Ensemble,"{""model_name"": ""BestN"", ""model_count"": 5, ""model_metric"": ""mixed_metric"", ""models"": {""0a98a875055da5bcd734698018011f5e"": {""Model"": ""RollingRegression"", ""ModelParameters"": ""{\""regression_model\"": {\""model\"": \""BayesianRidge\"", \""model_params\"": {}}, \""holiday\"": false, \""mean_rolling_periods\"": 7, \""macd_periods\"": 63, \""std_rolling_periods\"": null, \""max_rolling_periods\"": null, \""min_rolling_periods\"": 2, \""ewm_var_alpha\"": null, \""quantile90_rolling_periods\"": null, \""quantile10_rolling_periods\"": null, \""ewm_alpha\"": null, \""additional_lag_periods\"": 3, \""abs_energy\"": false, \""rolling_autocorr_periods\"": null, \""nonzero_last_n\"": null, \""add_date_part\"": \""simple_2\"", \""polynomial_degree\"": null, \""x_transform\"": null, \""regression_type\"": null}"", ""TransformationParameters"": ""{\""fillna\"": \""KNNImputer\"", \""transformations\"": {\""0\"": \""DatepartRegression\"", \""1\"": \""Detrend\"", \""2\"": \""DifferencedTransformer\"", \""3\"": \""MinMaxScaler\""}, \""transformation_params\"": {\""0\"": {\""regression_model\"": {\""model\"": \""ElasticNet\"", \""model_params\"": {\""l1_ratio\"": 0.1, \""fit_intercept\"": true, \""selection\"": \""cyclic\"", \""max_iter\"": 1000}}, \""datepart_method\"": \""recurring\"", \""polynomial_degree\"": null, \""transform_dict\"": {\""fillna\"": null, \""transformations\"": {\""0\"": \""ClipOutliers\""}, \""transformation_params\"": {\""0\"": {\""method\"": \""clip\"", \""std_threshold\"": 4}}}, \""holiday_countries_used\"": true, \""lags\"": null, \""forward_lags\"": null}, \""1\"": {\""model\"": \""GLS\"", \""phi\"": 1, \""window\"": 10, \""transform_dict\"": {\""fillna\"": null, \""transformations\"": {\""0\"": \""Discretize\""}, \""transformation_params\"": {\""0\"": {\""discretization\"": \""center\"", \""n_bins\"": 20}}}}, \""2\"": {\""lag\"": 1, \""fill\"": \""bfill\""}, \""3\"": {}}}""}, ""927f8c402d93eba11011ff9ae8879530"": {""Model"": ""WindowRegression"", ""ModelParameters"": ""{\""window_size\"": 24, \""input_dim\"": \""univariate\"", \""output_dim\"": \""1step\"", \""normalize_window\"": false, \""max_windows\"": 5000000, \""fourier_encoding_components\"": null, \""scale\"": true, \""datepart_method\"": null, \""regression_type\"": null, \""regression_model\"": {\""model\"": \""ElasticNet\"", \""model_params\"": {\""l1_ratio\"": 0.5, \""fit_intercept\"": true, \""selection\"": \""cyclic\"", \""max_iter\"": 2000}}}"", ""TransformationParameters"": ""{\""fillna\"": \""akima\"", \""transformations\"": {\""0\"": \""DatepartRegression\"", \""1\"": \""Scaler\"", \""2\"": \""Scaler\""}, \""transformation_params\"": {\""0\"": {\""regression_model\"": {\""model\"": \""ElasticNet\"", \""model_params\"": {\""l1_ratio\"": 0.5, \""fit_intercept\"": true, \""selection\"": \""cyclic\"", \""max_iter\"": 1000}}, \""datepart_method\"": \""recurring\"", \""polynomial_degree\"": null, \""transform_dict\"": null, \""holiday_countries_used\"": false, \""lags\"": null, \""forward_lags\"": null}, \""1\"": {}, \""2\"": {}}}""}, ""b64de7c386a7fef4fbd9b08033fa98b2"": {""Model"": ""WindowRegression"", ""ModelParameters"": ""{\""window_size\"": 10, \""input_dim\"": \""univariate\"", \""output_dim\"": \""1step\"", \""normalize_window\"": false, \""max_windows\"": 5000000, \""fourier_encoding_components\"": null, \""scale\"": true, \""datepart_method\"": null, \""regression_type\"": null, \""regression_model\"": {\""model\"": \""SVM\"", \""model_params\"": {\""C\"": 0.1, \""tol\"": 0.001, \""epsilon\"": 0.0, \""loss\"": \""squared_epsilon_insensitive\"", \""max_iter\"": 50}}}"", ""TransformationParameters"": ""{\""fillna\"": \""ffill\"", \""transformations\"": {\""0\"": \""DatepartRegression\"", \""1\"": \""DatepartRegression\"", \""2\"": \""DatepartRegression\"", \""3\"": \""DatepartRegression\""}, \""transformation_params\"": {\""0\"": {\""regression_model\"": {\""model\"": \""ElasticNet\"", \""model_params\"": {\""l1_ratio\"": 0.9, \""fit_intercept\"": true, \""selection\"": \""cyclic\"", \""max_iter\"": 1000}}, \""datepart_method\"": \""common_fourier\"", \""polynomial_degree\"": null, \""transform_dict\"": null, \""holiday_countries_used\"": true, \""lags\"": null, \""forward_lags\"": null}, \""1\"": {\""regression_model\"": {\""model\"": \""DecisionTree\"", \""model_params\"": {\""max_depth\"": null, \""min_samples_split\"": 2}}, \""datepart_method\"": \""simple_binarized\"", \""polynomial_degree\"": null, \""transform_dict\"": {\""fillna\"": null, \""transformations\"": {\""0\"": \""ScipyFilter\""}, \""transformation_params\"": {\""0\"": {\""method\"": \""savgol_filter\"", \""method_args\"": {\""window_length\"": 31, \""polyorder\"": 3, \""deriv\"": 0, \""mode\"": \""interp\""}}}}, \""holiday_countries_used\"": false, \""lags\"": null, \""forward_lags\"": null}, \""2\"": {\""regression_model\"": {\""model\"": \""ElasticNet\"", \""model_params\"": {\""l1_ratio\"": 0.5, \""fit_intercept\"": true, \""selection\"": \""cyclic\"", \""max_iter\"": 1000}}, \""datepart_method\"": [\""dayofweek\"", [365.25, 14], [354.37, 10]], \""polynomial_degree\"": null, \""transform_dict\"": null, \""holiday_countries_used\"": true, \""lags\"": null, \""forward_lags\"": 1}, \""3\"": {\""regression_model\"": {\""model\"": \""ElasticNet\"", \""model_params\"": {\""l1_ratio\"": 0.5, \""fit_intercept\"": true, \""selection\"": \""random\"", \""max_iter\"": 1000}}, \""datepart_method\"": \""simple_binarized\"", \""polynomial_degree\"": null, \""transform_dict\"": {\""fillna\"": null, \""transformations\"": {\""0\"": \""ClipOutliers\""}, \""transformation_params\"": {\""0\"": {\""method\"": \""clip\"", \""std_threshold\"": 4}}}, \""holiday_countries_used\"": false, \""lags\"": null, \""forward_lags\"": null}}}""}, ""4597814533265222b338e51fe9353b43"": {""Model"": ""DatepartRegression"", ""ModelParameters"": ""{\""regression_model\"": {\""model\"": \""ElasticNet\"", \""model_params\"": {\""l1_ratio\"": 0.1, \""fit_intercept\"": true, \""selection\"": \""cyclic\"", \""max_iter\"": 1000}}, \""datepart_method\"": \""anchored_warped_fourier:us_school\"", \""polynomial_degree\"": null, \""holiday_countries_used\"": true, \""lags\"": null, \""forward_lags\"": null, \""regression_type\"": null}"", ""TransformationParameters"": ""{\""fillna\"": \""linear\"", \""transformations\"": {}, \""transformation_params\"": {}}""}, ""b8ca7c68f17113471e9165689e1f0c16"": {""Model"": ""WindowRegression"", ""ModelParameters"": ""{\""window_size\"": 16, \""input_dim\"": \""univariate\"", \""output_dim\"": \""1step\"", \""normalize_window\"": false, \""max_windows\"": 5000, \""fourier_encoding_components\"": null, \""scale\"": true, \""datepart_method\"": null, \""regression_type\"": null, \""regression_model\"": {\""model\"": \""KNN\"", \""model_params\"": {\""n_neighbors\"": 5, \""weights\"": \""uniform\"", \""p\"": 2, \""leaf_size\"": 30}}}"", ""TransformationParameters"": ""{\""fillna\"": \""ffill_mean_biased\"", \""transformations\"": {\""0\"": \""Scaler\"", \""1\"": \""DifferencedTransformer\"", \""2\"": \""Scaler\"", \""3\"": \""Detrend\"", \""4\"": \""MinMaxScaler\""}, \""transformation_params\"": {\""0\"": {}, \""1\"": {\""lag\"": 1, \""fill\"": \""bfill\""}, \""2\"": {}, \""3\"": {\""model\"": \""Linear\"", \""phi\"": 1, \""window\"": 900, \""transform_dict\"": null}, \""4\"": {}}}""}}, ""point_method"": ""kalman"", ""model_weights"": {}}","{""fillna"": ""ffill"", ""transformations"": {""0"": ""FFTFilter"", ""1"": ""HistoricValues""}, ""transformation_params"": {""0"": {""cutoff"": 0.01, ""reverse"": false, ""on_transform"": false, ""on_inverse"": true}, ""1"": {""window"": null}}}",1,1,10.503280349741054,0.6848861226062171,0.8835107738231284,0.505078502565401,0.6848861226062171,0.0,-65.57145302665349,0.6422194794087619,16.614881686092563,0.513096146612235,0.6272524382110451,0.9916666666666667,0.5333333333333333,2.5007593809426307,0.975,1.282911469527919,0.5134142121215397,2.1430181387696403,0.8959283669942478,0.015705701232114948,48.95657134056091,30.39856144613047,32.866437081097196,0.061705187696119046,10.503280349741054,0.6848861226062171,0.8835107738231284,0.505078502565401,0.6848861226062171,0.0,0.6422194794087619,0.513096146612235,0.6272524382110451,2.5007593809426307,0.975,1.282911469527919,0.5134142121215397,2.1430181387696403,0.8959283669942478,0.015705701232114948,48.95657134056091,30.39856144613047,32.866437081097196,0.061705187696119046,0.9916666666666667,0.5333333333333333,5.4359,15.725715072236726,9.65133117514345,Wh,9.65133117514345,Wh
116,67b80e5d732ca89f7702f293b7e28680,Ensemble,"{""model_name"": ""BestN"", ""model_count"": 5, ""model_metric"": ""mixed_metric"", ""models"": {""0a98a875055da5bcd734698018011f5e"": {""Model"": ""RollingRegression"", ""ModelParameters"": ""{\""regression_model\"": {\""model\"": \""BayesianRidge\"", \""model_params\"": {}}, \""holiday\"": false, \""mean_rolling_periods\"": 7, \""macd_periods\"": 63, \""std_rolling_periods\"": null, \""max_rolling_periods\"": null, \""min_rolling_periods\"": 2, \""ewm_var_alpha\"": null, \""quantile90_rolling_periods\"": null, \""quantile10_rolling_periods\"": null, \""ewm_alpha\"": null, \""additional_lag_periods\"": 3, \""abs_energy\"": false, \""rolling_autocorr_periods\"": null, \""nonzero_last_n\"": null, \""add_date_part\"": \""simple_2\"", \""polynomial_degree\"": null, \""x_transform\"": null, \""regression_type\"": null}"", ""TransformationParameters"": ""{\""fillna\"": \""KNNImputer\"", \""transformations\"": {\""0\"": \""DatepartRegression\"", \""1\"": \""Detrend\"", \""2\"": \""DifferencedTransformer\"", \""3\"": \""MinMaxScaler\""}, \""transformation_params\"": {\""0\"": {\""regression_model\"": {\""model\"": \""ElasticNet\"", \""model_params\"": {\""l1_ratio\"": 0.1, \""fit_intercept\"": true, \""selection\"": \""cyclic\"", \""max_iter\"": 1000}}, \""datepart_method\"": \""recurring\"", \""polynomial_degree\"": null, \""transform_dict\"": {\""fillna\"": null, \""transformations\"": {\""0\"": \""ClipOutliers\""}, \""transformation_params\"": {\""0\"": {\""method\"": \""clip\"", \""std_threshold\"": 4}}}, \""holiday_countries_used\"": true, \""lags\"": null, \""forward_lags\"": null}, \""1\"": {\""model\"": \""GLS\"", \""phi\"": 1, \""window\"": 10, \""transform_dict\"": {\""fillna\"": null, \""transformations\"": {\""0\"": \""Discretize\""}, \""transformation_params\"": {\""0\"": {\""discretization\"": \""center\"", \""n_bins\"": 20}}}}, \""2\"": {\""lag\"": 1, \""fill\"": \""bfill\""}, \""3\"": {}}}""}, ""927f8c402d93eba11011ff9ae8879530"": {""Model"": ""WindowRegression"", ""ModelParameters"": ""{\""window_size\"": 24, \""input_dim\"": \""univariate\"", \""output_dim\"": \""1step\"", \""normalize_window\"": false, \""max_windows\"": 5000000, \""fourier_encoding_components\"": null, \""scale\"": true, \""datepart_method\"": null, \""regression_type\"": null, \""regression_model\"": {\""model\"": \""ElasticNet\"", \""model_params\"": {\""l1_ratio\"": 0.5, \""fit_intercept\"": true, \""selection\"": \""cyclic\"", \""max_iter\"": 2000}}}"", ""TransformationParameters"": ""{\""fillna\"": \""akima\"", \""transformations\"": {\""0\"": \""DatepartRegression\"", \""1\"": \""Scaler\"", \""2\"": \""Scaler\""}, \""transformation_params\"": {\""0\"": {\""regression_model\"": {\""model\"": \""ElasticNet\"", \""model_params\"": {\""l1_ratio\"": 0.5, \""fit_intercept\"": true, \""selection\"": \""cyclic\"", \""max_iter\"": 1000}}, \""datepart_method\"": \""recurring\"", \""polynomial_degree\"": null, \""transform_dict\"": null, \""holiday_countries_used\"": false, \""lags\"": null, \""forward_lags\"": null}, \""1\"": {}, \""2\"": {}}}""}, ""b64de7c386a7fef4fbd9b08033fa98b2"": {""Model"": ""WindowRegression"", ""ModelParameters"": ""{\""window_size\"": 10, \""input_dim\"": \""univariate\"", \""output_dim\"": \""1step\"", \""normalize_window\"": false, \""max_windows\"": 5000000, \""fourier_encoding_components\"": null, \""scale\"": true, \""datepart_method\"": null, \""regression_type\"": null, \""regression_model\"": {\""model\"": \""SVM\"", \""model_params\"": {\""C\"": 0.1, \""tol\"": 0.001, \""epsilon\"": 0.0, \""loss\"": \""squared_epsilon_insensitive\"", \""max_iter\"": 50}}}"", ""TransformationParameters"": ""{\""fillna\"": \""ffill\"", \""transformations\"": {\""0\"": \""DatepartRegression\"", \""1\"": \""DatepartRegression\"", \""2\"": \""DatepartRegression\"", \""3\"": \""DatepartRegression\""}, \""transformation_params\"": {\""0\"": {\""regression_model\"": {\""model\"": \""ElasticNet\"", \""model_params\"": {\""l1_ratio\"": 0.9, \""fit_intercept\"": true, \""selection\"": \""cyclic\"", \""max_iter\"": 1000}}, \""datepart_method\"": \""common_fourier\"", \""polynomial_degree\"": null, \""transform_dict\"": null, \""holiday_countries_used\"": true, \""lags\"": null, \""forward_lags\"": null}, \""1\"": {\""regression_model\"": {\""model\"": \""DecisionTree\"", \""model_params\"": {\""max_depth\"": null, \""min_samples_split\"": 2}}, \""datepart_method\"": \""simple_binarized\"", \""polynomial_degree\"": null, \""transform_dict\"": {\""fillna\"": null, \""transformations\"": {\""0\"": \""ScipyFilter\""}, \""transformation_params\"": {\""0\"": {\""method\"": \""savgol_filter\"", \""method_args\"": {\""window_length\"": 31, \""polyorder\"": 3, \""deriv\"": 0, \""mode\"": \""interp\""}}}}, \""holiday_countries_used\"": false, \""lags\"": null, \""forward_lags\"": null}, \""2\"": {\""regression_model\"": {\""model\"": \""ElasticNet\"", \""model_params\"": {\""l1_ratio\"": 0.5, \""fit_intercept\"": true, \""selection\"": \""cyclic\"", \""max_iter\"": 1000}}, \""datepart_method\"": [\""dayofweek\"", [365.25, 14], [354.37, 10]], \""polynomial_degree\"": null, \""transform_dict\"": null, \""holiday_countries_used\"": true, \""lags\"": null, \""forward_lags\"": 1}, \""3\"": {\""regression_model\"": {\""model\"": \""ElasticNet\"", \""model_params\"": {\""l1_ratio\"": 0.5, \""fit_intercept\"": true, \""selection\"": \""random\"", \""max_iter\"": 1000}}, \""datepart_method\"": \""simple_binarized\"", \""polynomial_degree\"": null, \""transform_dict\"": {\""fillna\"": null, \""transformations\"": {\""0\"": \""ClipOutliers\""}, \""transformation_params\"": {\""0\"": {\""method\"": \""clip\"", \""std_threshold\"": 4}}}, \""holiday_countries_used\"": false, \""lags\"": null, \""forward_lags\"": null}}}""}, ""4597814533265222b338e51fe9353b43"": {""Model"": ""DatepartRegression"", ""ModelParameters"": ""{\""regression_model\"": {\""model\"": \""ElasticNet\"", \""model_params\"": {\""l1_ratio\"": 0.1, \""fit_intercept\"": true, \""selection\"": \""cyclic\"", \""max_iter\"": 1000}}, \""datepart_method\"": \""anchored_warped_fourier:us_school\"", \""polynomial_degree\"": null, \""holiday_countries_used\"": true, \""lags\"": null, \""forward_lags\"": null, \""regression_type\"": null}"", ""TransformationParameters"": ""{\""fillna\"": \""linear\"", \""transformations\"": {}, \""transformation_params\"": {}}""}, ""b8ca7c68f17113471e9165689e1f0c16"": {""Model"": ""WindowRegression"", ""ModelParameters"": ""{\""window_size\"": 16, \""input_dim\"": \""univariate\"", \""output_dim\"": \""1step\"", \""normalize_window\"": false, \""max_windows\"": 5000, \""fourier_encoding_components\"": null, \""scale\"": true, \""datepart_method\"": null, \""regression_type\"": null, \""regression_model\"": {\""model\"": \""KNN\"", \""model_params\"": {\""n_neighbors\"": 5, \""weights\"": \""uniform\"", \""p\"": 2, \""leaf_size\"": 30}}}"", ""TransformationParameters"": ""{\""fillna\"": \""ffill_mean_biased\"", \""transformations\"": {\""0\"": \""Scaler\"", \""1\"": \""DifferencedTransformer\"", \""2\"": \""Scaler\"", \""3\"": \""Detrend\"", \""4\"": \""MinMaxScaler\""}, \""transformation_params\"": {\""0\"": {}, \""1\"": {\""lag\"": 1, \""fill\"": \""bfill\""}, \""2\"": {}, \""3\"": {\""model\"": \""Linear\"", \""phi\"": 1, \""window\"": 900, \""transform_dict\"": null}, \""4\"": {}}}""}}, ""point_method"": ""kalman"", ""model_weights"": {}}","{""fillna"": ""fake_date"", ""transformations"": {""0"": ""AlignLastValue"", ""1"": ""AlignLastValue""}, ""transformation_params"": {""0"": {""rows"": 1, ""lag"": 1, ""method"": ""multiplicative"", ""strength"": 1.0, ""first_value_only"": false, ""threshold"": null, ""threshold_method"": ""mean""}, ""1"": {""rows"": 1, ""lag"": 1, ""method"": ""multiplicative"", ""strength"": 1.0, ""first_value_only"": true, ""threshold"": 10, ""threshold_method"": ""max""}}}",1,1,10.97411974846136,0.7159818228953848,0.9271872689328456,0.5183111254895244,0.7159818228953848,0.0,-68.9094405962076,0.670086105707674,17.008378151238595,0.5328256860699453,0.5378385402603565,0.9833333333333333,0.4666666666666667,3.1789371027661764,0.9666666666666667,1.2984647268702147,0.529794749541029,2.2299533589965024,2.673996937972287,0.04032205365032175,51.901062444969,27.374931125885382,32.11032646290562,0.06541644384196196,10.97411974846136,0.7159818228953848,0.9271872689328456,0.5183111254895244,0.7159818228953848,0.0,0.670086105707674,0.5328256860699453,0.5378385402603565,3.1789371027661764,0.9666666666666667,1.2984647268702147,0.529794749541029,2.2299533589965024,2.673996937972287,0.04032205365032175,51.901062444969,27.374931125885382,32.11032646290562,0.06541644384196196,0.9833333333333333,0.4666666666666667,5.3644,15.432972545190784,10.089527966854934,Wh,10.089527966854934,Wh
117,65db1353981ccbf471946362fa7315d9,Ensemble,"{""model_name"": ""BestN"", ""model_count"": 5, ""model_metric"": ""mixed_metric"", ""models"": {""0a98a875055da5bcd734698018011f5e"": {""Model"": ""RollingRegression"", ""ModelParameters"": ""{\""regression_model\"": {\""model\"": \""BayesianRidge\"", \""model_params\"": {}}, \""holiday\"": false, \""mean_rolling_periods\"": 7, \""macd_periods\"": 63, \""std_rolling_periods\"": null, \""max_rolling_periods\"": null, \""min_rolling_periods\"": 2, \""ewm_var_alpha\"": null, \""quantile90_rolling_periods\"": null, \""quantile10_rolling_periods\"": null, \""ewm_alpha\"": null, \""additional_lag_periods\"": 3, \""abs_energy\"": false, \""rolling_autocorr_periods\"": null, \""nonzero_last_n\"": null, \""add_date_part\"": \""simple_2\"", \""polynomial_degree\"": null, \""x_transform\"": null, \""regression_type\"": null}"", ""TransformationParameters"": ""{\""fillna\"": \""KNNImputer\"", \""transformations\"": {\""0\"": \""DatepartRegression\"", \""1\"": \""Detrend\"", \""2\"": \""DifferencedTransformer\"", \""3\"": \""MinMaxScaler\""}, \""transformation_params\"": {\""0\"": {\""regression_model\"": {\""model\"": \""ElasticNet\"", \""model_params\"": {\""l1_ratio\"": 0.1, \""fit_intercept\"": true, \""selection\"": \""cyclic\"", \""max_iter\"": 1000}}, \""datepart_method\"": \""recurring\"", \""polynomial_degree\"": null, \""transform_dict\"": {\""fillna\"": null, \""transformations\"": {\""0\"": \""ClipOutliers\""}, \""transformation_params\"": {\""0\"": {\""method\"": \""clip\"", \""std_threshold\"": 4}}}, \""holiday_countries_used\"": true, \""lags\"": null, \""forward_lags\"": null}, \""1\"": {\""model\"": \""GLS\"", \""phi\"": 1, \""window\"": 10, \""transform_dict\"": {\""fillna\"": null, \""transformations\"": {\""0\"": \""Discretize\""}, \""transformation_params\"": {\""0\"": {\""discretization\"": \""center\"", \""n_bins\"": 20}}}}, \""2\"": {\""lag\"": 1, \""fill\"": \""bfill\""}, \""3\"": {}}}""}, ""927f8c402d93eba11011ff9ae8879530"": {""Model"": ""WindowRegression"", ""ModelParameters"": ""{\""window_size\"": 24, \""input_dim\"": \""univariate\"", \""output_dim\"": \""1step\"", \""normalize_window\"": false, \""max_windows\"": 5000000, \""fourier_encoding_components\"": null, \""scale\"": true, \""datepart_method\"": null, \""regression_type\"": null, \""regression_model\"": {\""model\"": \""ElasticNet\"", \""model_params\"": {\""l1_ratio\"": 0.5, \""fit_intercept\"": true, \""selection\"": \""cyclic\"", \""max_iter\"": 2000}}}"", ""TransformationParameters"": ""{\""fillna\"": \""akima\"", \""transformations\"": {\""0\"": \""DatepartRegression\"", \""1\"": \""Scaler\"", \""2\"": \""Scaler\""}, \""transformation_params\"": {\""0\"": {\""regression_model\"": {\""model\"": \""ElasticNet\"", \""model_params\"": {\""l1_ratio\"": 0.5, \""fit_intercept\"": true, \""selection\"": \""cyclic\"", \""max_iter\"": 1000}}, \""datepart_method\"": \""recurring\"", \""polynomial_degree\"": null, \""transform_dict\"": null, \""holiday_countries_used\"": false, \""lags\"": null, \""forward_lags\"": null}, \""1\"": {}, \""2\"": {}}}""}, ""b64de7c386a7fef4fbd9b08033fa98b2"": {""Model"": ""WindowRegression"", ""ModelParameters"": ""{\""window_size\"": 10, \""input_dim\"": \""univariate\"", \""output_dim\"": \""1step\"", \""normalize_window\"": false, \""max_windows\"": 5000000, \""fourier_encoding_components\"": null, \""scale\"": true, \""datepart_method\"": null, \""regression_type\"": null, \""regression_model\"": {\""model\"": \""SVM\"", \""model_params\"": {\""C\"": 0.1, \""tol\"": 0.001, \""epsilon\"": 0.0, \""loss\"": \""squared_epsilon_insensitive\"", \""max_iter\"": 50}}}"", ""TransformationParameters"": ""{\""fillna\"": \""ffill\"", \""transformations\"": {\""0\"": \""DatepartRegression\"", \""1\"": \""DatepartRegression\"", \""2\"": \""DatepartRegression\"", \""3\"": \""DatepartRegression\""}, \""transformation_params\"": {\""0\"": {\""regression_model\"": {\""model\"": \""ElasticNet\"", \""model_params\"": {\""l1_ratio\"": 0.9, \""fit_intercept\"": true, \""selection\"": \""cyclic\"", \""max_iter\"": 1000}}, \""datepart_method\"": \""common_fourier\"", \""polynomial_degree\"": null, \""transform_dict\"": null, \""holiday_countries_used\"": true, \""lags\"": null, \""forward_lags\"": null}, \""1\"": {\""regression_model\"": {\""model\"": \""DecisionTree\"", \""model_params\"": {\""max_depth\"": null, \""min_samples_split\"": 2}}, \""datepart_method\"": \""simple_binarized\"", \""polynomial_degree\"": null, \""transform_dict\"": {\""fillna\"": null, \""transformations\"": {\""0\"": \""ScipyFilter\""}, \""transformation_params\"": {\""0\"": {\""method\"": \""savgol_filter\"", \""method_args\"": {\""window_length\"": 31, \""polyorder\"": 3, \""deriv\"": 0, \""mode\"": \""interp\""}}}}, \""holiday_countries_used\"": false, \""lags\"": null, \""forward_lags\"": null}, \""2\"": {\""regression_model\"": {\""model\"": \""ElasticNet\"", \""model_params\"": {\""l1_ratio\"": 0.5, \""fit_intercept\"": true, \""selection\"": \""cyclic\"", \""max_iter\"": 1000}}, \""datepart_method\"": [\""dayofweek\"", [365.25, 14], [354.37, 10]], \""polynomial_degree\"": null, \""transform_dict\"": null, \""holiday_countries_used\"": true, \""lags\"": null, \""forward_lags\"": 1}, \""3\"": {\""regression_model\"": {\""model\"": \""ElasticNet\"", \""model_params\"": {\""l1_ratio\"": 0.5, \""fit_intercept\"": true, \""selection\"": \""random\"", \""max_iter\"": 1000}}, \""datepart_method\"": \""simple_binarized\"", \""polynomial_degree\"": null, \""transform_dict\"": {\""fillna\"": null, \""transformations\"": {\""0\"": \""ClipOutliers\""}, \""transformation_params\"": {\""0\"": {\""method\"": \""clip\"", \""std_threshold\"": 4}}}, \""holiday_countries_used\"": false, \""lags\"": null, \""forward_lags\"": null}}}""}, ""4597814533265222b338e51fe9353b43"": {""Model"": ""DatepartRegression"", ""ModelParameters"": ""{\""regression_model\"": {\""model\"": \""ElasticNet\"", \""model_params\"": {\""l1_ratio\"": 0.1, \""fit_intercept\"": true, \""selection\"": \""cyclic\"", \""max_iter\"": 1000}}, \""datepart_method\"": \""anchored_warped_fourier:us_school\"", \""polynomial_degree\"": null, \""holiday_countries_used\"": true, \""lags\"": null, \""forward_lags\"": null, \""regression_type\"": null}"", ""TransformationParameters"": ""{\""fillna\"": \""linear\"", \""transformations\"": {}, \""transformation_params\"": {}}""}, ""b8ca7c68f17113471e9165689e1f0c16"": {""Model"": ""WindowRegression"", ""ModelParameters"": ""{\""window_size\"": 16, \""input_dim\"": \""univariate\"", \""output_dim\"": \""1step\"", \""normalize_window\"": false, \""max_windows\"": 5000, \""fourier_encoding_components\"": null, \""scale\"": true, \""datepart_method\"": null, \""regression_type\"": null, \""regression_model\"": {\""model\"": \""KNN\"", \""model_params\"": {\""n_neighbors\"": 5, \""weights\"": \""uniform\"", \""p\"": 2, \""leaf_size\"": 30}}}"", ""TransformationParameters"": ""{\""fillna\"": \""ffill_mean_biased\"", \""transformations\"": {\""0\"": \""Scaler\"", \""1\"": \""DifferencedTransformer\"", \""2\"": \""Scaler\"", \""3\"": \""Detrend\"", \""4\"": \""MinMaxScaler\""}, \""transformation_params\"": {\""0\"": {}, \""1\"": {\""lag\"": 1, \""fill\"": \""bfill\""}, \""2\"": {}, \""3\"": {\""model\"": \""Linear\"", \""phi\"": 1, \""window\"": 900, \""transform_dict\"": null}, \""4\"": {}}}""}}, ""point_method"": ""kalman"", ""model_weights"": {}}",{},1,1,10.945781389292245,0.7136834532494812,0.9241513742612475,0.5143973796585487,0.7136834532494812,0.0,-68.9094405962076,0.6690507354920252,16.732573793730147,0.5305273164240415,0.5360361338296595,0.9833333333333333,0.4666666666666667,3.1789371027661764,0.975,1.2936295426463555,0.5271136767995668,2.227654989350599,1.98490399347065,0.035926542479826594,52.17686680247744,27.566704671603212,32.10836958999013,0.06576406948610844,10.945781389292245,0.7136834532494812,0.9241513742612475,0.5143973796585487,0.7136834532494812,0.0,0.6690507354920252,0.5305273164240415,0.5360361338296595,3.1789371027661764,0.975,1.2936295426463555,0.5271136767995668,2.227654989350599,1.98490399347065,0.035926542479826594,52.17686680247744,27.566704671603212,32.10836958999013,0.06576406948610844,0.9833333333333333,0.4666666666666667,5.352,15.386616948974453,10.057139623912459,Wh,10.057139623912459,Wh
118,c53d5d169c54fbcba6876b2ae6a94971,Ensemble,"{""model_name"": ""BestN"", ""model_count"": 5, ""model_metric"": ""mixed_metric"", ""models"": {""0a98a875055da5bcd734698018011f5e"": {""Model"": ""RollingRegression"", ""ModelParameters"": ""{\""regression_model\"": {\""model\"": \""BayesianRidge\"", \""model_params\"": {}}, \""holiday\"": false, \""mean_rolling_periods\"": 7, \""macd_periods\"": 63, \""std_rolling_periods\"": null, \""max_rolling_periods\"": null, \""min_rolling_periods\"": 2, \""ewm_var_alpha\"": null, \""quantile90_rolling_periods\"": null, \""quantile10_rolling_periods\"": null, \""ewm_alpha\"": null, \""additional_lag_periods\"": 3, \""abs_energy\"": false, \""rolling_autocorr_periods\"": null, \""nonzero_last_n\"": null, \""add_date_part\"": \""simple_2\"", \""polynomial_degree\"": null, \""x_transform\"": null, \""regression_type\"": null}"", ""TransformationParameters"": ""{\""fillna\"": \""KNNImputer\"", \""transformations\"": {\""0\"": \""DatepartRegression\"", \""1\"": \""Detrend\"", \""2\"": \""DifferencedTransformer\"", \""3\"": \""MinMaxScaler\""}, \""transformation_params\"": {\""0\"": {\""regression_model\"": {\""model\"": \""ElasticNet\"", \""model_params\"": {\""l1_ratio\"": 0.1, \""fit_intercept\"": true, \""selection\"": \""cyclic\"", \""max_iter\"": 1000}}, \""datepart_method\"": \""recurring\"", \""polynomial_degree\"": null, \""transform_dict\"": {\""fillna\"": null, \""transformations\"": {\""0\"": \""ClipOutliers\""}, \""transformation_params\"": {\""0\"": {\""method\"": \""clip\"", \""std_threshold\"": 4}}}, \""holiday_countries_used\"": true, \""lags\"": null, \""forward_lags\"": null}, \""1\"": {\""model\"": \""GLS\"", \""phi\"": 1, \""window\"": 10, \""transform_dict\"": {\""fillna\"": null, \""transformations\"": {\""0\"": \""Discretize\""}, \""transformation_params\"": {\""0\"": {\""discretization\"": \""center\"", \""n_bins\"": 20}}}}, \""2\"": {\""lag\"": 1, \""fill\"": \""bfill\""}, \""3\"": {}}}""}, ""927f8c402d93eba11011ff9ae8879530"": {""Model"": ""WindowRegression"", ""ModelParameters"": ""{\""window_size\"": 24, \""input_dim\"": \""univariate\"", \""output_dim\"": \""1step\"", \""normalize_window\"": false, \""max_windows\"": 5000000, \""fourier_encoding_components\"": null, \""scale\"": true, \""datepart_method\"": null, \""regression_type\"": null, \""regression_model\"": {\""model\"": \""ElasticNet\"", \""model_params\"": {\""l1_ratio\"": 0.5, \""fit_intercept\"": true, \""selection\"": \""cyclic\"", \""max_iter\"": 2000}}}"", ""TransformationParameters"": ""{\""fillna\"": \""akima\"", \""transformations\"": {\""0\"": \""DatepartRegression\"", \""1\"": \""Scaler\"", \""2\"": \""Scaler\""}, \""transformation_params\"": {\""0\"": {\""regression_model\"": {\""model\"": \""ElasticNet\"", \""model_params\"": {\""l1_ratio\"": 0.5, \""fit_intercept\"": true, \""selection\"": \""cyclic\"", \""max_iter\"": 1000}}, \""datepart_method\"": \""recurring\"", \""polynomial_degree\"": null, \""transform_dict\"": null, \""holiday_countries_used\"": false, \""lags\"": null, \""forward_lags\"": null}, \""1\"": {}, \""2\"": {}}}""}, ""b64de7c386a7fef4fbd9b08033fa98b2"": {""Model"": ""WindowRegression"", ""ModelParameters"": ""{\""window_size\"": 10, \""input_dim\"": \""univariate\"", \""output_dim\"": \""1step\"", \""normalize_window\"": false, \""max_windows\"": 5000000, \""fourier_encoding_components\"": null, \""scale\"": true, \""datepart_method\"": null, \""regression_type\"": null, \""regression_model\"": {\""model\"": \""SVM\"", \""model_params\"": {\""C\"": 0.1, \""tol\"": 0.001, \""epsilon\"": 0.0, \""loss\"": \""squared_epsilon_insensitive\"", \""max_iter\"": 50}}}"", ""TransformationParameters"": ""{\""fillna\"": \""ffill\"", \""transformations\"": {\""0\"": \""DatepartRegression\"", \""1\"": \""DatepartRegression\"", \""2\"": \""DatepartRegression\"", \""3\"": \""DatepartRegression\""}, \""transformation_params\"": {\""0\"": {\""regression_model\"": {\""model\"": \""ElasticNet\"", \""model_params\"": {\""l1_ratio\"": 0.9, \""fit_intercept\"": true, \""selection\"": \""cyclic\"", \""max_iter\"": 1000}}, \""datepart_method\"": \""common_fourier\"", \""polynomial_degree\"": null, \""transform_dict\"": null, \""holiday_countries_used\"": true, \""lags\"": null, \""forward_lags\"": null}, \""1\"": {\""regression_model\"": {\""model\"": \""DecisionTree\"", \""model_params\"": {\""max_depth\"": null, \""min_samples_split\"": 2}}, \""datepart_method\"": \""simple_binarized\"", \""polynomial_degree\"": null, \""transform_dict\"": {\""fillna\"": null, \""transformations\"": {\""0\"": \""ScipyFilter\""}, \""transformation_params\"": {\""0\"": {\""method\"": \""savgol_filter\"", \""method_args\"": {\""window_length\"": 31, \""polyorder\"": 3, \""deriv\"": 0, \""mode\"": \""interp\""}}}}, \""holiday_countries_used\"": false, \""lags\"": null, \""forward_lags\"": null}, \""2\"": {\""regression_model\"": {\""model\"": \""ElasticNet\"", \""model_params\"": {\""l1_ratio\"": 0.5, \""fit_intercept\"": true, \""selection\"": \""cyclic\"", \""max_iter\"": 1000}}, \""datepart_method\"": [\""dayofweek\"", [365.25, 14], [354.37, 10]], \""polynomial_degree\"": null, \""transform_dict\"": null, \""holiday_countries_used\"": true, \""lags\"": null, \""forward_lags\"": 1}, \""3\"": {\""regression_model\"": {\""model\"": \""ElasticNet\"", \""model_params\"": {\""l1_ratio\"": 0.5, \""fit_intercept\"": true, \""selection\"": \""random\"", \""max_iter\"": 1000}}, \""datepart_method\"": \""simple_binarized\"", \""polynomial_degree\"": null, \""transform_dict\"": {\""fillna\"": null, \""transformations\"": {\""0\"": \""ClipOutliers\""}, \""transformation_params\"": {\""0\"": {\""method\"": \""clip\"", \""std_threshold\"": 4}}}, \""holiday_countries_used\"": false, \""lags\"": null, \""forward_lags\"": null}}}""}, ""4597814533265222b338e51fe9353b43"": {""Model"": ""DatepartRegression"", ""ModelParameters"": ""{\""regression_model\"": {\""model\"": \""ElasticNet\"", \""model_params\"": {\""l1_ratio\"": 0.1, \""fit_intercept\"": true, \""selection\"": \""cyclic\"", \""max_iter\"": 1000}}, \""datepart_method\"": \""anchored_warped_fourier:us_school\"", \""polynomial_degree\"": null, \""holiday_countries_used\"": true, \""lags\"": null, \""forward_lags\"": null, \""regression_type\"": null}"", ""TransformationParameters"": ""{\""fillna\"": \""linear\"", \""transformations\"": {}, \""transformation_params\"": {}}""}, ""b8ca7c68f17113471e9165689e1f0c16"": {""Model"": ""WindowRegression"", ""ModelParameters"": ""{\""window_size\"": 16, \""input_dim\"": \""univariate\"", \""output_dim\"": \""1step\"", \""normalize_window\"": false, \""max_windows\"": 5000, \""fourier_encoding_components\"": null, \""scale\"": true, \""datepart_method\"": null, \""regression_type\"": null, \""regression_model\"": {\""model\"": \""KNN\"", \""model_params\"": {\""n_neighbors\"": 5, \""weights\"": \""uniform\"", \""p\"": 2, \""leaf_size\"": 30}}}"", ""TransformationParameters"": ""{\""fillna\"": \""ffill_mean_biased\"", \""transformations\"": {\""0\"": \""Scaler\"", \""1\"": \""DifferencedTransformer\"", \""2\"": \""Scaler\"", \""3\"": \""Detrend\"", \""4\"": \""MinMaxScaler\""}, \""transformation_params\"": {\""0\"": {}, \""1\"": {\""lag\"": 1, \""fill\"": \""bfill\""}, \""2\"": {}, \""3\"": {\""model\"": \""Linear\"", \""phi\"": 1, \""window\"": 900, \""transform_dict\"": null}, \""4\"": {}}}""}}, ""point_method"": ""kalman"", ""model_weights"": {}}","{""fillna"": ""fake_date"", ""transformations"": {""0"": ""FIRFilter"", ""1"": ""AlignLastValue"", ""2"": ""AlignLastValue""}, ""transformation_params"": {""0"": {""numtaps"": 32, ""cutoff_hz"": 0.1, ""window"": ""triang"", ""sampling_frequency"": 12, ""on_transform"": false, ""on_inverse"": true, ""bounds_only"": true}, ""1"": {""rows"": 1, ""lag"": 1, ""method"": ""multiplicative"", ""strength"": 1.0, ""first_value_only"": false, ""threshold"": null, ""threshold_method"": ""mean""}, ""2"": {""rows"": 1, ""lag"": 1, ""method"": ""multiplicative"", ""strength"": 1.0, ""first_value_only"": true, ""threshold"": 10, ""threshold_method"": ""max""}}}",1,1,10.97411974846136,0.7159818228953848,0.9271872689328456,0.5183111254895244,0.7159818228953848,0.0,-68.9094405962076,0.670086105707674,17.008378151238595,0.5328256860699453,0.5308134287637583,0.9916666666666667,0.4666666666666667,3.1789371027661764,0.9666666666666667,1.2984647268702147,0.529794749541029,2.2299533589965024,2.673996937972287,0.04032205365032175,51.901062444969,27.374931125885382,32.11032646290562,0.06541644384196196,10.97411974846136,0.7159818228953848,0.9271872689328456,0.5183111254895244,0.7159818228953848,0.0,0.670086105707674,0.5328256860699453,0.5308134287637583,3.1789371027661764,0.9666666666666667,1.2984647268702147,0.529794749541029,2.2299533589965024,2.673996937972287,0.04032205365032175,51.901062444969,27.374931125885382,32.11032646290562,0.06541644384196196,0.9916666666666667,0.4666666666666667,5.5498,15.372993457241728,10.089527966854934,Wh,10.089527966854934,Wh
119,5e25f7be966d07cbc293cdaf177240d1,Ensemble,"{""model_name"": ""BestN"", ""model_count"": 5, ""model_metric"": ""mixed_metric"", ""models"": {""0a98a875055da5bcd734698018011f5e"": {""Model"": ""RollingRegression"", ""ModelParameters"": ""{\""regression_model\"": {\""model\"": \""BayesianRidge\"", \""model_params\"": {}}, \""holiday\"": false, \""mean_rolling_periods\"": 7, \""macd_periods\"": 63, \""std_rolling_periods\"": null, \""max_rolling_periods\"": null, \""min_rolling_periods\"": 2, \""ewm_var_alpha\"": null, \""quantile90_rolling_periods\"": null, \""quantile10_rolling_periods\"": null, \""ewm_alpha\"": null, \""additional_lag_periods\"": 3, \""abs_energy\"": false, \""rolling_autocorr_periods\"": null, \""nonzero_last_n\"": null, \""add_date_part\"": \""simple_2\"", \""polynomial_degree\"": null, \""x_transform\"": null, \""regression_type\"": null}"", ""TransformationParameters"": ""{\""fillna\"": \""KNNImputer\"", \""transformations\"": {\""0\"": \""DatepartRegression\"", \""1\"": \""Detrend\"", \""2\"": \""DifferencedTransformer\"", \""3\"": \""MinMaxScaler\""}, \""transformation_params\"": {\""0\"": {\""regression_model\"": {\""model\"": \""ElasticNet\"", \""model_params\"": {\""l1_ratio\"": 0.1, \""fit_intercept\"": true, \""selection\"": \""cyclic\"", \""max_iter\"": 1000}}, \""datepart_method\"": \""recurring\"", \""polynomial_degree\"": null, \""transform_dict\"": {\""fillna\"": null, \""transformations\"": {\""0\"": \""ClipOutliers\""}, \""transformation_params\"": {\""0\"": {\""method\"": \""clip\"", \""std_threshold\"": 4}}}, \""holiday_countries_used\"": true, \""lags\"": null, \""forward_lags\"": null}, \""1\"": {\""model\"": \""GLS\"", \""phi\"": 1, \""window\"": 10, \""transform_dict\"": {\""fillna\"": null, \""transformations\"": {\""0\"": \""Discretize\""}, \""transformation_params\"": {\""0\"": {\""discretization\"": \""center\"", \""n_bins\"": 20}}}}, \""2\"": {\""lag\"": 1, \""fill\"": \""bfill\""}, \""3\"": {}}}""}, ""927f8c402d93eba11011ff9ae8879530"": {""Model"": ""WindowRegression"", ""ModelParameters"": ""{\""window_size\"": 24, \""input_dim\"": \""univariate\"", \""output_dim\"": \""1step\"", \""normalize_window\"": false, \""max_windows\"": 5000000, \""fourier_encoding_components\"": null, \""scale\"": true, \""datepart_method\"": null, \""regression_type\"": null, \""regression_model\"": {\""model\"": \""ElasticNet\"", \""model_params\"": {\""l1_ratio\"": 0.5, \""fit_intercept\"": true, \""selection\"": \""cyclic\"", \""max_iter\"": 2000}}}"", ""TransformationParameters"": ""{\""fillna\"": \""akima\"", \""transformations\"": {\""0\"": \""DatepartRegression\"", \""1\"": \""Scaler\"", \""2\"": \""Scaler\""}, \""transformation_params\"": {\""0\"": {\""regression_model\"": {\""model\"": \""ElasticNet\"", \""model_params\"": {\""l1_ratio\"": 0.5, \""fit_intercept\"": true, \""selection\"": \""cyclic\"", \""max_iter\"": 1000}}, \""datepart_method\"": \""recurring\"", \""polynomial_degree\"": null, \""transform_dict\"": null, \""holiday_countries_used\"": false, \""lags\"": null, \""forward_lags\"": null}, \""1\"": {}, \""2\"": {}}}""}, ""b64de7c386a7fef4fbd9b08033fa98b2"": {""Model"": ""WindowRegression"", ""ModelParameters"": ""{\""window_size\"": 10, \""input_dim\"": \""univariate\"", \""output_dim\"": \""1step\"", \""normalize_window\"": false, \""max_windows\"": 5000000, \""fourier_encoding_components\"": null, \""scale\"": true, \""datepart_method\"": null, \""regression_type\"": null, \""regression_model\"": {\""model\"": \""SVM\"", \""model_params\"": {\""C\"": 0.1, \""tol\"": 0.001, \""epsilon\"": 0.0, \""loss\"": \""squared_epsilon_insensitive\"", \""max_iter\"": 50}}}"", ""TransformationParameters"": ""{\""fillna\"": \""ffill\"", \""transformations\"": {\""0\"": \""DatepartRegression\"", \""1\"": \""DatepartRegression\"", \""2\"": \""DatepartRegression\"", \""3\"": \""DatepartRegression\""}, \""transformation_params\"": {\""0\"": {\""regression_model\"": {\""model\"": \""ElasticNet\"", \""model_params\"": {\""l1_ratio\"": 0.9, \""fit_intercept\"": true, \""selection\"": \""cyclic\"", \""max_iter\"": 1000}}, \""datepart_method\"": \""common_fourier\"", \""polynomial_degree\"": null, \""transform_dict\"": null, \""holiday_countries_used\"": true, \""lags\"": null, \""forward_lags\"": null}, \""1\"": {\""regression_model\"": {\""model\"": \""DecisionTree\"", \""model_params\"": {\""max_depth\"": null, \""min_samples_split\"": 2}}, \""datepart_method\"": \""simple_binarized\"", \""polynomial_degree\"": null, \""transform_dict\"": {\""fillna\"": null, \""transformations\"": {\""0\"": \""ScipyFilter\""}, \""transformation_params\"": {\""0\"": {\""method\"": \""savgol_filter\"", \""method_args\"": {\""window_length\"": 31, \""polyorder\"": 3, \""deriv\"": 0, \""mode\"": \""interp\""}}}}, \""holiday_countries_used\"": false, \""lags\"": null, \""forward_lags\"": null}, \""2\"": {\""regression_model\"": {\""model\"": \""ElasticNet\"", \""model_params\"": {\""l1_ratio\"": 0.5, \""fit_intercept\"": true, \""selection\"": \""cyclic\"", \""max_iter\"": 1000}}, \""datepart_method\"": [\""dayofweek\"", [365.25, 14], [354.37, 10]], \""polynomial_degree\"": null, \""transform_dict\"": null, \""holiday_countries_used\"": true, \""lags\"": null, \""forward_lags\"": 1}, \""3\"": {\""regression_model\"": {\""model\"": \""ElasticNet\"", \""model_params\"": {\""l1_ratio\"": 0.5, \""fit_intercept\"": true, \""selection\"": \""random\"", \""max_iter\"": 1000}}, \""datepart_method\"": \""simple_binarized\"", \""polynomial_degree\"": null, \""transform_dict\"": {\""fillna\"": null, \""transformations\"": {\""0\"": \""ClipOutliers\""}, \""transformation_params\"": {\""0\"": {\""method\"": \""clip\"", \""std_threshold\"": 4}}}, \""holiday_countries_used\"": false, \""lags\"": null, \""forward_lags\"": null}}}""}, ""4597814533265222b338e51fe9353b43"": {""Model"": ""DatepartRegression"", ""ModelParameters"": ""{\""regression_model\"": {\""model\"": \""ElasticNet\"", \""model_params\"": {\""l1_ratio\"": 0.1, \""fit_intercept\"": true, \""selection\"": \""cyclic\"", \""max_iter\"": 1000}}, \""datepart_method\"": \""anchored_warped_fourier:us_school\"", \""polynomial_degree\"": null, \""holiday_countries_used\"": true, \""lags\"": null, \""forward_lags\"": null, \""regression_type\"": null}"", ""TransformationParameters"": ""{\""fillna\"": \""linear\"", \""transformations\"": {}, \""transformation_params\"": {}}""}, ""b8ca7c68f17113471e9165689e1f0c16"": {""Model"": ""WindowRegression"", ""ModelParameters"": ""{\""window_size\"": 16, \""input_dim\"": \""univariate\"", \""output_dim\"": \""1step\"", \""normalize_window\"": false, \""max_windows\"": 5000, \""fourier_encoding_components\"": null, \""scale\"": true, \""datepart_method\"": null, \""regression_type\"": null, \""regression_model\"": {\""model\"": \""KNN\"", \""model_params\"": {\""n_neighbors\"": 5, \""weights\"": \""uniform\"", \""p\"": 2, \""leaf_size\"": 30}}}"", ""TransformationParameters"": ""{\""fillna\"": \""ffill_mean_biased\"", \""transformations\"": {\""0\"": \""Scaler\"", \""1\"": \""DifferencedTransformer\"", \""2\"": \""Scaler\"", \""3\"": \""Detrend\"", \""4\"": \""MinMaxScaler\""}, \""transformation_params\"": {\""0\"": {}, \""1\"": {\""lag\"": 1, \""fill\"": \""bfill\""}, \""2\"": {}, \""3\"": {\""model\"": \""Linear\"", \""phi\"": 1, \""window\"": 900, \""transform_dict\"": null}, \""4\"": {}}}""}}, ""point_method"": ""kalman"", ""model_weights"": {}}","{""fillna"": ""zero"", ""transformations"": {""0"": ""AnomalyRemoval"", ""1"": ""EWMAFilter"", ""2"": ""AlignLastValue""}, ""transformation_params"": {""0"": {""method"": ""med_diff"", ""method_params"": {""distribution"": ""norm"", ""alpha"": 0.05}, ""fillna"": ""rolling_mean_24"", ""transform_dict"": {""fillna"": null, ""transformations"": {""0"": ""EWMAFilter""}, ""transformation_params"": {""0"": {""span"": 7}}}, ""isolated_only"": false, ""on_inverse"": false}, ""1"": {""span"": 7}, ""2"": {""rows"": 1, ""lag"": 1, ""method"": ""multiplicative"", ""strength"": 1.0, ""first_value_only"": false, ""threshold"": 1, ""threshold_method"": ""max""}}}",1,1,10.13747996826354,0.664437672076168,0.8812145439451935,0.5154407977368423,0.664437672076168,0.0,-59.686024078321466,0.6114015618230775,20.04649657081868,0.5090122791710211,0.5463910545979622,0.9833333333333333,0.4666666666666667,3.298668630919763,0.975,1.2747368111488073,0.48128883447450643,2.0701042424928744,2.2088463016324345,0.03539966332976241,39.63952750750279,22.205509087314812,32.181552268306696,0.049961923763428104,10.13747996826354,0.664437672076168,0.8812145439451935,0.5154407977368423,0.664437672076168,0.0,0.6114015618230775,0.5090122791710211,0.5463910545979622,3.298668630919763,0.975,1.2747368111488073,0.48128883447450643,2.0701042424928744,2.2088463016324345,0.03539966332976241,39.63952750750279,22.205509087314812,32.181552268306696,0.049961923763428104,0.9833333333333333,0.4666666666666667,5.4931,14.754884853211854,9.363174120167594,Wh,9.363174120167594,Wh
120,ac5d7ddf0687860aca2261b649ef6152,Ensemble,"{""model_name"": ""BestN"", ""model_count"": 5, ""model_metric"": ""mixed_metric"", ""models"": {""0a98a875055da5bcd734698018011f5e"": {""Model"": ""RollingRegression"", ""ModelParameters"": ""{\""regression_model\"": {\""model\"": \""BayesianRidge\"", \""model_params\"": {}}, \""holiday\"": false, \""mean_rolling_periods\"": 7, \""macd_periods\"": 63, \""std_rolling_periods\"": null, \""max_rolling_periods\"": null, \""min_rolling_periods\"": 2, \""ewm_var_alpha\"": null, \""quantile90_rolling_periods\"": null, \""quantile10_rolling_periods\"": null, \""ewm_alpha\"": null, \""additional_lag_periods\"": 3, \""abs_energy\"": false, \""rolling_autocorr_periods\"": null, \""nonzero_last_n\"": null, \""add_date_part\"": \""simple_2\"", \""polynomial_degree\"": null, \""x_transform\"": null, \""regression_type\"": null}"", ""TransformationParameters"": ""{\""fillna\"": \""KNNImputer\"", \""transformations\"": {\""0\"": \""DatepartRegression\"", \""1\"": \""Detrend\"", \""2\"": \""DifferencedTransformer\"", \""3\"": \""MinMaxScaler\""}, \""transformation_params\"": {\""0\"": {\""regression_model\"": {\""model\"": \""ElasticNet\"", \""model_params\"": {\""l1_ratio\"": 0.1, \""fit_intercept\"": true, \""selection\"": \""cyclic\"", \""max_iter\"": 1000}}, \""datepart_method\"": \""recurring\"", \""polynomial_degree\"": null, \""transform_dict\"": {\""fillna\"": null, \""transformations\"": {\""0\"": \""ClipOutliers\""}, \""transformation_params\"": {\""0\"": {\""method\"": \""clip\"", \""std_threshold\"": 4}}}, \""holiday_countries_used\"": true, \""lags\"": null, \""forward_lags\"": null}, \""1\"": {\""model\"": \""GLS\"", \""phi\"": 1, \""window\"": 10, \""transform_dict\"": {\""fillna\"": null, \""transformations\"": {\""0\"": \""Discretize\""}, \""transformation_params\"": {\""0\"": {\""discretization\"": \""center\"", \""n_bins\"": 20}}}}, \""2\"": {\""lag\"": 1, \""fill\"": \""bfill\""}, \""3\"": {}}}""}, ""927f8c402d93eba11011ff9ae8879530"": {""Model"": ""WindowRegression"", ""ModelParameters"": ""{\""window_size\"": 24, \""input_dim\"": \""univariate\"", \""output_dim\"": \""1step\"", \""normalize_window\"": false, \""max_windows\"": 5000000, \""fourier_encoding_components\"": null, \""scale\"": true, \""datepart_method\"": null, \""regression_type\"": null, \""regression_model\"": {\""model\"": \""ElasticNet\"", \""model_params\"": {\""l1_ratio\"": 0.5, \""fit_intercept\"": true, \""selection\"": \""cyclic\"", \""max_iter\"": 2000}}}"", ""TransformationParameters"": ""{\""fillna\"": \""akima\"", \""transformations\"": {\""0\"": \""DatepartRegression\"", \""1\"": \""Scaler\"", \""2\"": \""Scaler\""}, \""transformation_params\"": {\""0\"": {\""regression_model\"": {\""model\"": \""ElasticNet\"", \""model_params\"": {\""l1_ratio\"": 0.5, \""fit_intercept\"": true, \""selection\"": \""cyclic\"", \""max_iter\"": 1000}}, \""datepart_method\"": \""recurring\"", \""polynomial_degree\"": null, \""transform_dict\"": null, \""holiday_countries_used\"": false, \""lags\"": null, \""forward_lags\"": null}, \""1\"": {}, \""2\"": {}}}""}, ""b64de7c386a7fef4fbd9b08033fa98b2"": {""Model"": ""WindowRegression"", ""ModelParameters"": ""{\""window_size\"": 10, \""input_dim\"": \""univariate\"", \""output_dim\"": \""1step\"", \""normalize_window\"": false, \""max_windows\"": 5000000, \""fourier_encoding_components\"": null, \""scale\"": true, \""datepart_method\"": null, \""regression_type\"": null, \""regression_model\"": {\""model\"": \""SVM\"", \""model_params\"": {\""C\"": 0.1, \""tol\"": 0.001, \""epsilon\"": 0.0, \""loss\"": \""squared_epsilon_insensitive\"", \""max_iter\"": 50}}}"", ""TransformationParameters"": ""{\""fillna\"": \""ffill\"", \""transformations\"": {\""0\"": \""DatepartRegression\"", \""1\"": \""DatepartRegression\"", \""2\"": \""DatepartRegression\"", \""3\"": \""DatepartRegression\""}, \""transformation_params\"": {\""0\"": {\""regression_model\"": {\""model\"": \""ElasticNet\"", \""model_params\"": {\""l1_ratio\"": 0.9, \""fit_intercept\"": true, \""selection\"": \""cyclic\"", \""max_iter\"": 1000}}, \""datepart_method\"": \""common_fourier\"", \""polynomial_degree\"": null, \""transform_dict\"": null, \""holiday_countries_used\"": true, \""lags\"": null, \""forward_lags\"": null}, \""1\"": {\""regression_model\"": {\""model\"": \""DecisionTree\"", \""model_params\"": {\""max_depth\"": null, \""min_samples_split\"": 2}}, \""datepart_method\"": \""simple_binarized\"", \""polynomial_degree\"": null, \""transform_dict\"": {\""fillna\"": null, \""transformations\"": {\""0\"": \""ScipyFilter\""}, \""transformation_params\"": {\""0\"": {\""method\"": \""savgol_filter\"", \""method_args\"": {\""window_length\"": 31, \""polyorder\"": 3, \""deriv\"": 0, \""mode\"": \""interp\""}}}}, \""holiday_countries_used\"": false, \""lags\"": null, \""forward_lags\"": null}, \""2\"": {\""regression_model\"": {\""model\"": \""ElasticNet\"", \""model_params\"": {\""l1_ratio\"": 0.5, \""fit_intercept\"": true, \""selection\"": \""cyclic\"", \""max_iter\"": 1000}}, \""datepart_method\"": [\""dayofweek\"", [365.25, 14], [354.37, 10]], \""polynomial_degree\"": null, \""transform_dict\"": null, \""holiday_countries_used\"": true, \""lags\"": null, \""forward_lags\"": 1}, \""3\"": {\""regression_model\"": {\""model\"": \""ElasticNet\"", \""model_params\"": {\""l1_ratio\"": 0.5, \""fit_intercept\"": true, \""selection\"": \""random\"", \""max_iter\"": 1000}}, \""datepart_method\"": \""simple_binarized\"", \""polynomial_degree\"": null, \""transform_dict\"": {\""fillna\"": null, \""transformations\"": {\""0\"": \""ClipOutliers\""}, \""transformation_params\"": {\""0\"": {\""method\"": \""clip\"", \""std_threshold\"": 4}}}, \""holiday_countries_used\"": false, \""lags\"": null, \""forward_lags\"": null}}}""}, ""4597814533265222b338e51fe9353b43"": {""Model"": ""DatepartRegression"", ""ModelParameters"": ""{\""regression_model\"": {\""model\"": \""ElasticNet\"", \""model_params\"": {\""l1_ratio\"": 0.1, \""fit_intercept\"": true, \""selection\"": \""cyclic\"", \""max_iter\"": 1000}}, \""datepart_method\"": \""anchored_warped_fourier:us_school\"", \""polynomial_degree\"": null, \""holiday_countries_used\"": true, \""lags\"": null, \""forward_lags\"": null, \""regression_type\"": null}"", ""TransformationParameters"": ""{\""fillna\"": \""linear\"", \""transformations\"": {}, \""transformation_params\"": {}}""}, ""b8ca7c68f17113471e9165689e1f0c16"": {""Model"": ""WindowRegression"", ""ModelParameters"": ""{\""window_size\"": 16, \""input_dim\"": \""univariate\"", \""output_dim\"": \""1step\"", \""normalize_window\"": false, \""max_windows\"": 5000, \""fourier_encoding_components\"": null, \""scale\"": true, \""datepart_method\"": null, \""regression_type\"": null, \""regression_model\"": {\""model\"": \""KNN\"", \""model_params\"": {\""n_neighbors\"": 5, \""weights\"": \""uniform\"", \""p\"": 2, \""leaf_size\"": 30}}}"", ""TransformationParameters"": ""{\""fillna\"": \""ffill_mean_biased\"", \""transformations\"": {\""0\"": \""Scaler\"", \""1\"": \""DifferencedTransformer\"", \""2\"": \""Scaler\"", \""3\"": \""Detrend\"", \""4\"": \""MinMaxScaler\""}, \""transformation_params\"": {\""0\"": {}, \""1\"": {\""lag\"": 1, \""fill\"": \""bfill\""}, \""2\"": {}, \""3\"": {\""model\"": \""Linear\"", \""phi\"": 1, \""window\"": 900, \""transform_dict\"": null}, \""4\"": {}}}""}}, ""point_method"": ""kalman"", ""model_weights"": {}}","{""fillna"": ""fake_date"", ""transformations"": {""0"": ""AlignLastValue"", ""1"": ""AlignLastValue""}, ""transformation_params"": {""0"": {""rows"": 4, ""lag"": 28, ""method"": ""additive"", ""strength"": 0.2, ""first_value_only"": false, ""threshold"": 1, ""threshold_method"": ""max""}, ""1"": {""rows"": 1, ""lag"": 1, ""method"": ""additive"", ""strength"": 1.0, ""first_value_only"": false, ""threshold"": 1, ""threshold_method"": ""mean""}}}",1,1,9.960744435910987,0.6533502965910412,0.8714468788387629,0.5153022016889548,0.6533502965910412,0.0,-57.63783958368826,0.5987085373306097,20.764196007236684,0.5037902758425947,0.5378457778904716,0.9833333333333333,0.4666666666666667,3.3064639629830586,0.975,1.2705056878271792,0.4705546324299811,2.037494533807072,2.1735012514415675,0.03489217085470883,36.873643576451585,21.14928981466395,32.21694823363887,0.04647578528522562,9.960744435910987,0.6533502965910412,0.8714468788387629,0.5153022016889548,0.6533502965910412,0.0,0.5987085373306097,0.5037902758425947,0.5378457778904716,3.3064639629830586,0.975,1.2705056878271792,0.4705546324299811,2.037494533807072,2.1735012514415675,0.03489217085470883,36.873643576451585,21.14928981466395,32.21694823363887,0.04647578528522562,0.9833333333333333,0.4666666666666667,5.3784,14.522536206209118,9.206932185723185,Wh,9.206932185723185,Wh
121,827446c4664b3df552a3b5bcc50d8d2e,Ensemble,"{""model_name"": ""BestN"", ""model_count"": 5, ""model_metric"": ""mixed_metric"", ""models"": {""0a98a875055da5bcd734698018011f5e"": {""Model"": ""RollingRegression"", ""ModelParameters"": ""{\""regression_model\"": {\""model\"": \""BayesianRidge\"", \""model_params\"": {}}, \""holiday\"": false, \""mean_rolling_periods\"": 7, \""macd_periods\"": 63, \""std_rolling_periods\"": null, \""max_rolling_periods\"": null, \""min_rolling_periods\"": 2, \""ewm_var_alpha\"": null, \""quantile90_rolling_periods\"": null, \""quantile10_rolling_periods\"": null, \""ewm_alpha\"": null, \""additional_lag_periods\"": 3, \""abs_energy\"": false, \""rolling_autocorr_periods\"": null, \""nonzero_last_n\"": null, \""add_date_part\"": \""simple_2\"", \""polynomial_degree\"": null, \""x_transform\"": null, \""regression_type\"": null}"", ""TransformationParameters"": ""{\""fillna\"": \""KNNImputer\"", \""transformations\"": {\""0\"": \""DatepartRegression\"", \""1\"": \""Detrend\"", \""2\"": \""DifferencedTransformer\"", \""3\"": \""MinMaxScaler\""}, \""transformation_params\"": {\""0\"": {\""regression_model\"": {\""model\"": \""ElasticNet\"", \""model_params\"": {\""l1_ratio\"": 0.1, \""fit_intercept\"": true, \""selection\"": \""cyclic\"", \""max_iter\"": 1000}}, \""datepart_method\"": \""recurring\"", \""polynomial_degree\"": null, \""transform_dict\"": {\""fillna\"": null, \""transformations\"": {\""0\"": \""ClipOutliers\""}, \""transformation_params\"": {\""0\"": {\""method\"": \""clip\"", \""std_threshold\"": 4}}}, \""holiday_countries_used\"": true, \""lags\"": null, \""forward_lags\"": null}, \""1\"": {\""model\"": \""GLS\"", \""phi\"": 1, \""window\"": 10, \""transform_dict\"": {\""fillna\"": null, \""transformations\"": {\""0\"": \""Discretize\""}, \""transformation_params\"": {\""0\"": {\""discretization\"": \""center\"", \""n_bins\"": 20}}}}, \""2\"": {\""lag\"": 1, \""fill\"": \""bfill\""}, \""3\"": {}}}""}, ""927f8c402d93eba11011ff9ae8879530"": {""Model"": ""WindowRegression"", ""ModelParameters"": ""{\""window_size\"": 24, \""input_dim\"": \""univariate\"", \""output_dim\"": \""1step\"", \""normalize_window\"": false, \""max_windows\"": 5000000, \""fourier_encoding_components\"": null, \""scale\"": true, \""datepart_method\"": null, \""regression_type\"": null, \""regression_model\"": {\""model\"": \""ElasticNet\"", \""model_params\"": {\""l1_ratio\"": 0.5, \""fit_intercept\"": true, \""selection\"": \""cyclic\"", \""max_iter\"": 2000}}}"", ""TransformationParameters"": ""{\""fillna\"": \""akima\"", \""transformations\"": {\""0\"": \""DatepartRegression\"", \""1\"": \""Scaler\"", \""2\"": \""Scaler\""}, \""transformation_params\"": {\""0\"": {\""regression_model\"": {\""model\"": \""ElasticNet\"", \""model_params\"": {\""l1_ratio\"": 0.5, \""fit_intercept\"": true, \""selection\"": \""cyclic\"", \""max_iter\"": 1000}}, \""datepart_method\"": \""recurring\"", \""polynomial_degree\"": null, \""transform_dict\"": null, \""holiday_countries_used\"": false, \""lags\"": null, \""forward_lags\"": null}, \""1\"": {}, \""2\"": {}}}""}, ""b64de7c386a7fef4fbd9b08033fa98b2"": {""Model"": ""WindowRegression"", ""ModelParameters"": ""{\""window_size\"": 10, \""input_dim\"": \""univariate\"", \""output_dim\"": \""1step\"", \""normalize_window\"": false, \""max_windows\"": 5000000, \""fourier_encoding_components\"": null, \""scale\"": true, \""datepart_method\"": null, \""regression_type\"": null, \""regression_model\"": {\""model\"": \""SVM\"", \""model_params\"": {\""C\"": 0.1, \""tol\"": 0.001, \""epsilon\"": 0.0, \""loss\"": \""squared_epsilon_insensitive\"", \""max_iter\"": 50}}}"", ""TransformationParameters"": ""{\""fillna\"": \""ffill\"", \""transformations\"": {\""0\"": \""DatepartRegression\"", \""1\"": \""DatepartRegression\"", \""2\"": \""DatepartRegression\"", \""3\"": \""DatepartRegression\""}, \""transformation_params\"": {\""0\"": {\""regression_model\"": {\""model\"": \""ElasticNet\"", \""model_params\"": {\""l1_ratio\"": 0.9, \""fit_intercept\"": true, \""selection\"": \""cyclic\"", \""max_iter\"": 1000}}, \""datepart_method\"": \""common_fourier\"", \""polynomial_degree\"": null, \""transform_dict\"": null, \""holiday_countries_used\"": true, \""lags\"": null, \""forward_lags\"": null}, \""1\"": {\""regression_model\"": {\""model\"": \""DecisionTree\"", \""model_params\"": {\""max_depth\"": null, \""min_samples_split\"": 2}}, \""datepart_method\"": \""simple_binarized\"", \""polynomial_degree\"": null, \""transform_dict\"": {\""fillna\"": null, \""transformations\"": {\""0\"": \""ScipyFilter\""}, \""transformation_params\"": {\""0\"": {\""method\"": \""savgol_filter\"", \""method_args\"": {\""window_length\"": 31, \""polyorder\"": 3, \""deriv\"": 0, \""mode\"": \""interp\""}}}}, \""holiday_countries_used\"": false, \""lags\"": null, \""forward_lags\"": null}, \""2\"": {\""regression_model\"": {\""model\"": \""ElasticNet\"", \""model_params\"": {\""l1_ratio\"": 0.5, \""fit_intercept\"": true, \""selection\"": \""cyclic\"", \""max_iter\"": 1000}}, \""datepart_method\"": [\""dayofweek\"", [365.25, 14], [354.37, 10]], \""polynomial_degree\"": null, \""transform_dict\"": null, \""holiday_countries_used\"": true, \""lags\"": null, \""forward_lags\"": 1}, \""3\"": {\""regression_model\"": {\""model\"": \""ElasticNet\"", \""model_params\"": {\""l1_ratio\"": 0.5, \""fit_intercept\"": true, \""selection\"": \""random\"", \""max_iter\"": 1000}}, \""datepart_method\"": \""simple_binarized\"", \""polynomial_degree\"": null, \""transform_dict\"": {\""fillna\"": null, \""transformations\"": {\""0\"": \""ClipOutliers\""}, \""transformation_params\"": {\""0\"": {\""method\"": \""clip\"", \""std_threshold\"": 4}}}, \""holiday_countries_used\"": false, \""lags\"": null, \""forward_lags\"": null}}}""}, ""4597814533265222b338e51fe9353b43"": {""Model"": ""DatepartRegression"", ""ModelParameters"": ""{\""regression_model\"": {\""model\"": \""ElasticNet\"", \""model_params\"": {\""l1_ratio\"": 0.1, \""fit_intercept\"": true, \""selection\"": \""cyclic\"", \""max_iter\"": 1000}}, \""datepart_method\"": \""anchored_warped_fourier:us_school\"", \""polynomial_degree\"": null, \""holiday_countries_used\"": true, \""lags\"": null, \""forward_lags\"": null, \""regression_type\"": null}"", ""TransformationParameters"": ""{\""fillna\"": \""linear\"", \""transformations\"": {}, \""transformation_params\"": {}}""}, ""b8ca7c68f17113471e9165689e1f0c16"": {""Model"": ""WindowRegression"", ""ModelParameters"": ""{\""window_size\"": 16, \""input_dim\"": \""univariate\"", \""output_dim\"": \""1step\"", \""normalize_window\"": false, \""max_windows\"": 5000, \""fourier_encoding_components\"": null, \""scale\"": true, \""datepart_method\"": null, \""regression_type\"": null, \""regression_model\"": {\""model\"": \""KNN\"", \""model_params\"": {\""n_neighbors\"": 5, \""weights\"": \""uniform\"", \""p\"": 2, \""leaf_size\"": 30}}}"", ""TransformationParameters"": ""{\""fillna\"": \""ffill_mean_biased\"", \""transformations\"": {\""0\"": \""Scaler\"", \""1\"": \""DifferencedTransformer\"", \""2\"": \""Scaler\"", \""3\"": \""Detrend\"", \""4\"": \""MinMaxScaler\""}, \""transformation_params\"": {\""0\"": {}, \""1\"": {\""lag\"": 1, \""fill\"": \""bfill\""}, \""2\"": {}, \""3\"": {\""model\"": \""Linear\"", \""phi\"": 1, \""window\"": 900, \""transform_dict\"": null}, \""4\"": {}}}""}}, ""point_method"": ""kalman"", ""model_weights"": {}}","{""fillna"": ""ffill"", ""transformations"": {""0"": ""RegressionFilter"", ""1"": ""HistoricValues""}, ""transformation_params"": {""0"": {""sigma"": 1, ""rolling_window"": 90, ""run_order"": ""season_first"", ""regression_params"": {""regression_model"": {""model"": ""ElasticNet"", ""model_params"": {""l1_ratio"": 0.5, ""fit_intercept"": false, ""selection"": ""cyclic"", ""max_iter"": 2000}}, ""datepart_method"": ""simple"", ""polynomial_degree"": null, ""transform_dict"": {""fillna"": null, ""transformations"": {""0"": ""ScipyFilter""}, ""transformation_params"": {""0"": {""method"": ""savgol_filter"", ""method_args"": {""window_length"": 31, ""polyorder"": 3, ""deriv"": 0, ""mode"": ""interp""}}}}, ""holiday_countries_used"": false, ""lags"": null, ""forward_lags"": null}, ""holiday_params"": null, ""trend_method"": ""rolling_mean""}, ""1"": {""window"": 28}}}",1,1,9.487347773494728,0.6227949027503178,0.8323542135197601,0.510330214720056,0.6227949027503178,0.0,-41.48972587155887,0.5418331179559515,33.245662458479266,0.514175157313975,0.442070750620829,0.525,0.5083333333333333,3.089550256729126,0.975,1.2574705252870713,0.4480203346715719,2.1031474693181513,1.8482351856559263,0.013166954762177467,8.244063413079603,13.07277245502898,33.352509857281774,0.010390872284418363,9.487347773494728,0.6227949027503178,0.8323542135197601,0.510330214720056,0.6227949027503178,0.0,0.5418331179559515,0.514175157313975,0.442070750620829,3.089550256729126,0.975,1.2574705252870713,0.4480203346715719,2.1031474693181513,1.8482351856559263,0.013166954762177467,8.244063413079603,13.07277245502898,33.352509857281774,0.010390872284418363,0.525,0.5083333333333333,5.4715,13.238498351919818,8.776349326164626,Wh,8.776349326164626,Wh
