rank,ID,Model,ModelParameters,TransformationParameters,Ensemble,Runs,smape,mae,rmse,made,mage,custom,underestimate,mle,overestimate,imle,spl,containment,contour,maxe,oda,dwae,mqae,ewmae,uwmse,smoothness,mate,wasserstein,dwd,matse,smape_weighted,mae_weighted,rmse_weighted,made_weighted,mage_weighted,custom_weighted,mle_weighted,imle_weighted,spl_weighted,maxe_weighted,oda_weighted,dwae_weighted,mqae_weighted,ewmae_weighted,uwmse_weighted,smoothness_weighted,mate_weighted,wasserstein_weighted,dwd_weighted,matse_weighted,containment_weighted,contour_weighted,TotalRuntimeSeconds,Score,lowest_series_mape,lowest_series_mape_name,highest_series_mape,highest_series_mape_name
0,93fed29107884e221250cf0d95310a57,WindowRegression,"{""window_size"": 20, ""input_dim"": ""univariate"", ""output_dim"": ""forecast_length"", ""normalize_window"": false, ""max_windows"": 50000, ""fourier_encoding_components"": null, ""scale"": true, ""datepart_method"": null, ""regression_type"": null, ""regression_model"": {""model"": ""BayesianRidge"", ""model_params"": {}}}","{""fillna"": ""ffill"", ""transformations"": {""0"": ""DifferencedTransformer""}, ""transformation_params"": {""0"": {""lag"": 1, ""fill"": ""bfill""}}}",0,1,191.4732700463184,9.039140635042419e+37,4.195005085448429e+38,2.371636755428009e+38,9.039140635042419e+37,0.0,-438.1872073939959,12.96844566759019,8.135226571538176e+39,9.039140635042419e+37,1.1858183777140045e+38,0.044444444444444446,0.4666666666666667,2.6737462709446046e+39,0.6111111111111112,4.7005151523030235e+38,5.7009341792620445,3.821900718879432e+38,2.308638939725046e+77,88.79468020988776,8.135226571538176e+39,4.557201170269747e+39,8.995820502768095e+39,1.49830611460696e+37,191.4732700463184,9.039140635042419e+37,4.195005085448429e+38,2.371636755428009e+38,9.039140635042419e+37,0.0,12.96844566759019,9.039140635042419e+37,1.1858183777140045e+38,2.6737462709446046e+39,0.6111111111111112,4.7005151523030235e+38,5.7009341792620445,3.821900718879432e+38,2.308638939725046e+77,88.79468020988776,8.135226571538176e+39,4.557201170269747e+39,8.995820502768095e+39,1.49830611460696e+37,0.044444444444444446,0.4666666666666667,0.2662,3.210628019993738e+39,1.309654841562027e+39,Wh,1.309654841562027e+39,Wh
1,4bc2abee68b23e67f758107b8286b6ed,DatepartRegression,"{""regression_model"": {""model"": ""RandomForest"", ""model_params"": {""n_estimators"": 100, ""min_samples_leaf"": 2, ""bootstrap"": true}}, ""datepart_method"": ""expanded"", ""polynomial_degree"": null, ""holiday_countries_used"": false, ""lags"": null, ""forward_lags"": null, ""regression_type"": null}","{""fillna"": ""mean"", ""transformations"": {""0"": ""DifferencedTransformer"", ""1"": ""DifferencedTransformer"", ""2"": ""Scaler"", ""3"": ""DifferencedTransformer"", ""4"": ""Scaler"", ""5"": ""DifferencedTransformer""}, ""transformation_params"": {""0"": {""lag"": 7, ""fill"": ""bfill""}, ""1"": {""lag"": 1, ""fill"": ""bfill""}, ""2"": {}, ""3"": {""lag"": 1, ""fill"": ""zero""}, ""4"": {}, ""5"": {""lag"": 1, ""fill"": ""bfill""}}}",0,1,197.1402355773448,145712.86214399716,232185.2366296674,9535.487227736712,145712.86214399716,0.0,0.0,10.265166059808045,13114157.592959745,145712.86214399716,734320.8750768502,0.9888888888888889,0.4666666666666667,654175.6353716735,0.3,221197.93212279628,80091.79123001618,1021029.8995868446,190802186233.4523,5.699735965728311,13114157.592959745,3234091.7863365095,191128.4804283365,24153.01201099273,197.1402355773448,145712.86214399716,232185.2366296674,9535.487227736712,145712.86214399716,0.0,10.265166059808045,145712.86214399716,734320.8750768502,654175.6353716735,0.3,221197.93212279628,80091.79123001618,1021029.8995868446,190802186233.4523,5.699735965728311,13114157.592959745,3234091.7863365095,191128.4804283365,24153.01201099273,0.9888888888888889,0.4666666666666667,0.2877,9775151.212710932,2111191.3520289036,Wh,2111191.3520289036,Wh
2,f68d8d8185bfcb793c5454fef6680de7,RollingRegression,"{""regression_model"": {""model"": ""ExtraTrees"", ""model_params"": {""n_estimators"": 100, ""min_samples_leaf"": 1, ""max_depth"": 10}}, ""holiday"": false, ""mean_rolling_periods"": null, ""macd_periods"": null, ""std_rolling_periods"": null, ""max_rolling_periods"": null, ""min_rolling_periods"": null, ""ewm_var_alpha"": null, ""quantile90_rolling_periods"": null, ""quantile10_rolling_periods"": null, ""ewm_alpha"": null, ""additional_lag_periods"": 90, ""abs_energy"": false, ""rolling_autocorr_periods"": null, ""nonzero_last_n"": null, ""add_date_part"": null, ""polynomial_degree"": null, ""x_transform"": null, ""regression_type"": null}","{""fillna"": ""nearest"", ""transformations"": {""0"": ""DifferencedTransformer"", ""1"": ""Scaler"", ""2"": ""DifferencedTransformer"", ""3"": ""DifferencedTransformer"", ""4"": ""DifferencedTransformer""}, ""transformation_params"": {""0"": {""lag"": 1, ""fill"": ""bfill""}, ""1"": {}, ""2"": {""lag"": 1, ""fill"": ""bfill""}, ""3"": {""lag"": 7, ""fill"": ""bfill""}, ""4"": {""lag"": 1, ""fill"": ""bfill""}}}",0,1,190.00991130783632,5.750259351911134,5.879340027878327,0.740448217065496,5.750259351911134,0.0,-513.6825392964232,5.7357901597435825,3.840802375578903,1.8931863728134228,699948.6966617532,1.0,0.5222222222222223,6.759950160980225,0.7,4.6516525495522645,5.599330676443468,23.210340345884198,56.19227146557146,0.10348509363690757,509.8417369208443,320.4393114972944,17.132783753551998,0.9390014957701406,190.00991130783632,5.750259351911134,5.879340027878327,0.740448217065496,5.750259351911134,0.0,5.7357901597435825,1.8931863728134228,699948.6966617532,6.759950160980225,0.7,4.6516525495522645,5.599330676443468,23.210340345884198,56.19227146557146,0.10348509363690757,509.8417369208443,320.4393114972944,17.132783753551998,0.9390014957701406,1.0,0.5222222222222223,2.7216,7914686.218520648,83.31383816811694,Wh,83.31383816811694,Wh
3,4975ae2a054cc1b48ce6396893a93190,ARIMA,"{""p"": 0, ""d"": 0, ""q"": 3, ""regression_type"": null}","{""fillna"": ""ffill"", ""transformations"": {""0"": ""DifferencedTransformer"", ""1"": ""DifferencedTransformer"", ""2"": ""DifferencedTransformer"", ""3"": ""DifferencedTransformer"", ""4"": ""Scaler""}, ""transformation_params"": {""0"": {""lag"": 1, ""fill"": ""bfill""}, ""1"": {""lag"": 7, ""fill"": ""bfill""}, ""2"": {""lag"": 1, ""fill"": ""bfill""}, ""3"": {""lag"": 1, ""fill"": ""zero""}, ""4"": {}}}",0,1,193.02620791460285,5.857060997823234,5.9303061579144964,0.6858393245944392,5.857060997823234,0.0,-527.1354898040911,5.857060997823234,0.0,1.9117711858051194,665702.0606803258,1.0,0.5333333333333333,6.759950160980225,0.7,4.712344229727499,5.725806309760427,23.325105080033527,58.456616404381315,0.016238064040321104,527.1354898040911,342.2539137141151,20.140707396911107,0.970852281315713,193.02620791460285,5.857060997823234,5.9303061579144964,0.6858393245944392,5.857060997823234,0.0,5.857060997823234,1.9117711858051194,665702.0606803258,6.759950160980225,0.7,4.712344229727499,5.725806309760427,23.325105080033527,58.456616404381315,0.016238064040321104,527.1354898040911,342.2539137141151,20.140707396911107,0.970852281315713,1.0,0.5333333333333333,0.0786,7527453.100873678,84.86125620599239,Wh,84.86125620599239,Wh
4,43ae8b8ebb83c1e42c356ecdc3957550,WindowRegression,"{""window_size"": 16, ""input_dim"": ""univariate"", ""output_dim"": ""1step"", ""normalize_window"": false, ""max_windows"": 5000, ""fourier_encoding_components"": null, ""scale"": true, ""datepart_method"": null, ""regression_type"": null, ""regression_model"": {""model"": ""KNN"", ""model_params"": {""n_neighbors"": 5, ""weights"": ""uniform"", ""p"": 2, ""leaf_size"": 30}}}","{""fillna"": ""zero"", ""transformations"": {""0"": ""DifferencedTransformer"", ""1"": ""DifferencedTransformer"", ""2"": ""DifferencedTransformer"", ""3"": ""Scaler"", ""4"": ""DifferencedTransformer""}, ""transformation_params"": {""0"": {""lag"": 1, ""fill"": ""bfill""}, ""1"": {""lag"": 1, ""fill"": ""zero""}, ""2"": {""lag"": 1, ""fill"": ""bfill""}, ""3"": {}, ""4"": {""lag"": 1, ""fill"": ""zero""}}}",0,1,182.6123895173023,5.6602034200396805,5.8028187291206885,1.0561030410765606,5.6602034200396805,0.0,-486.41234297305346,5.517972430189912,23.00596483051777,2.0048696395088177,593361.1092220257,1.0,0.5111111111111111,6.759950160980225,0.6777777777777778,4.704164039590602,5.492685493964114,23.02752400217197,55.70667082267207,0.3953128669136685,463.4063781425357,269.06295113295516,11.597223109843398,0.8534791303145551,182.6123895173023,5.6602034200396805,5.8028187291206885,1.0561030410765606,5.6602034200396805,0.0,5.517972430189912,2.0048696395088177,593361.1092220257,6.759950160980225,0.6777777777777778,4.704164039590602,5.492685493964114,23.02752400217197,55.70667082267207,0.3953128669136685,463.4063781425357,269.06295113295516,11.597223109843398,0.8534791303145551,1.0,0.5111111111111111,1.5725,6709465.791379121,82.00904391887607,Wh,82.00904391887607,Wh
5,bb410e8921c4f132e47329dc6338d22b,RollingRegression,"{""regression_model"": {""model"": ""ExtraTrees"", ""model_params"": {""n_estimators"": 100, ""min_samples_leaf"": 1, ""max_depth"": 10}}, ""holiday"": false, ""mean_rolling_periods"": null, ""macd_periods"": null, ""std_rolling_periods"": null, ""max_rolling_periods"": 28, ""min_rolling_periods"": 7, ""ewm_var_alpha"": null, ""quantile90_rolling_periods"": null, ""quantile10_rolling_periods"": null, ""ewm_alpha"": null, ""additional_lag_periods"": 90, ""abs_energy"": false, ""rolling_autocorr_periods"": null, ""nonzero_last_n"": null, ""add_date_part"": ""expanded"", ""polynomial_degree"": null, ""x_transform"": null, ""regression_type"": null}","{""fillna"": ""time"", ""transformations"": {""0"": ""DifferencedTransformer"", ""1"": ""DifferencedTransformer"", ""2"": ""DifferencedTransformer"", ""3"": ""DifferencedTransformer""}, ""transformation_params"": {""0"": {""lag"": 1, ""fill"": ""zero""}, ""1"": {""lag"": 2, ""fill"": ""bfill""}, ""2"": {""lag"": 7, ""fill"": ""bfill""}, ""3"": {""lag"": 1, ""fill"": ""bfill""}}}",0,1,199.22215390483706,6.017424179956245,6.042997899356685,0.7262373707088782,6.017424179956245,0.0,-541.568176196062,6.017424179956245,0.0,1.9450463405719585,497259.1877660864,1.0,0.5333333333333333,7.003119945526123,0.7,4.832893258578989,5.908892053340133,23.49147021938357,89.84061054961771,0.0546449536979113,541.568176196062,360.89283701591836,20.351083157351002,0.9974336949753525,199.22215390483706,6.017424179956245,6.042997899356685,0.7262373707088782,6.017424179956245,0.0,6.017424179956245,1.9450463405719585,497259.1877660864,7.003119945526123,0.7,4.832893258578989,5.908892053340133,23.49147021938357,89.84061054961771,0.0546449536979113,541.568176196062,360.89283701591836,20.351083157351002,0.9974336949753525,1.0,0.5333333333333333,3.1927,5622829.666075351,87.1847117906372,Wh,87.1847117906372,Wh
6,7112f2ea6e278f1cc74bf0d10462bc8f,RollingRegression,"{""regression_model"": {""model"": ""ExtraTrees"", ""model_params"": {""n_estimators"": 100, ""min_samples_leaf"": 1, ""max_depth"": 10}}, ""holiday"": false, ""mean_rolling_periods"": null, ""macd_periods"": null, ""std_rolling_periods"": null, ""max_rolling_periods"": 28, ""min_rolling_periods"": null, ""ewm_var_alpha"": null, ""quantile90_rolling_periods"": null, ""quantile10_rolling_periods"": null, ""ewm_alpha"": null, ""additional_lag_periods"": 90, ""abs_energy"": false, ""rolling_autocorr_periods"": null, ""nonzero_last_n"": null, ""add_date_part"": null, ""polynomial_degree"": null, ""x_transform"": null, ""regression_type"": null}","{""fillna"": ""cubic"", ""transformations"": {""0"": ""Scaler"", ""1"": ""DifferencedTransformer"", ""2"": ""Scaler"", ""3"": ""DifferencedTransformer"", ""4"": ""DifferencedTransformer""}, ""transformation_params"": {""0"": {}, ""1"": {""lag"": 1, ""fill"": ""bfill""}, ""2"": {}, ""3"": {""lag"": 1, ""fill"": ""bfill""}, ""4"": {""lag"": 2, ""fill"": ""bfill""}}}",0,1,187.8569449283846,17593.814090048396,27928.23135043407,1107.753637604426,17593.814090048396,0.0,-50.785723852194096,8.15581611150183,1583392.4823805033,17593.444138497845,22317.082407118174,1.0,0.5,75981.8693953134,0.32222222222222224,26447.124451700798,9822.905220141727,123146.59550580879,2643181957.378767,3.4631895815453797,1583341.6966566513,388098.5287437227,23067.846202458262,2916.121050534267,187.8569449283846,17593.814090048396,27928.23135043407,1107.753637604426,17593.814090048396,0.0,8.15581611150183,17593.444138497845,22317.082407118174,75981.8693953134,0.32222222222222224,26447.124451700798,9822.905220141727,123146.59550580879,2643181957.378767,3.4631895815453797,1583341.6966566513,388098.5287437227,23067.846202458262,2916.121050534267,1.0,0.5,2.7528,429818.94981472933,254911.66400539092,Wh,254911.66400539092,Wh
7,93f58bcdcb9210108f1c3de0934b9c49,RollingRegression,"{""regression_model"": {""model"": ""ExtraTrees"", ""model_params"": {""n_estimators"": 100, ""min_samples_leaf"": 1, ""max_depth"": 10}}, ""holiday"": false, ""mean_rolling_periods"": null, ""macd_periods"": null, ""std_rolling_periods"": null, ""max_rolling_periods"": null, ""min_rolling_periods"": 7, ""ewm_var_alpha"": null, ""quantile90_rolling_periods"": null, ""quantile10_rolling_periods"": null, ""ewm_alpha"": 0.5, ""additional_lag_periods"": 2, ""abs_energy"": false, ""rolling_autocorr_periods"": null, ""nonzero_last_n"": null, ""add_date_part"": ""simple_binarized"", ""polynomial_degree"": null, ""x_transform"": null, ""regression_type"": null}","{""fillna"": ""ffill"", ""transformations"": {""0"": ""DifferencedTransformer"", ""1"": ""DifferencedTransformer"", ""2"": ""DifferencedTransformer""}, ""transformation_params"": {""0"": {""lag"": 1, ""fill"": ""bfill""}, ""1"": {""lag"": 1, ""fill"": ""zero""}, ""2"": {""lag"": 1, ""fill"": ""bfill""}}}",0,1,153.0730689861405,96.25038384974074,124.23503370403708,4.069883497353559,96.25038384974074,0.0,-0.26841940007496845,4.042513375930241,8662.266127076593,96.2500433181675,27012.506386533543,1.0,0.45555555555555555,275.9727282617792,0.28888888888888886,115.50219492123706,70.53062093809042,576.3538575326718,41618.29507335629,0.4010466581496252,8661.997707676517,3153.9135335580936,98.55054255716593,15.95324237868068,153.0730689861405,96.25038384974074,124.23503370403708,4.069883497353559,96.25038384974074,0.0,4.042513375930241,96.2500433181675,27012.506386533543,275.9727282617792,0.28888888888888886,115.50219492123706,70.53062093809042,576.3538575326718,41618.29507335629,0.4010466581496252,8661.997707676517,3153.9135335580936,98.55054255716593,15.95324237868068,1.0,0.45555555555555555,3.1764,306420.30476908555,1394.5438654017019,Wh,1394.5438654017019,Wh
8,9d9fc5b9171ea91ddf441fa9058c96b5,RollingRegression,"{""regression_model"": {""model"": ""ExtraTrees"", ""model_params"": {""n_estimators"": 100, ""min_samples_leaf"": 1, ""max_depth"": 10}}, ""holiday"": false, ""mean_rolling_periods"": null, ""macd_periods"": null, ""std_rolling_periods"": null, ""max_rolling_periods"": 28, ""min_rolling_periods"": null, ""ewm_var_alpha"": null, ""quantile90_rolling_periods"": null, ""quantile10_rolling_periods"": null, ""ewm_alpha"": null, ""additional_lag_periods"": 90, ""abs_energy"": false, ""rolling_autocorr_periods"": null, ""nonzero_last_n"": null, ""add_date_part"": null, ""polynomial_degree"": null, ""x_transform"": null, ""regression_type"": null}","{""fillna"": ""ffill"", ""transformations"": {""0"": ""DifferencedTransformer"", ""1"": ""DifferencedTransformer"", ""2"": ""DifferencedTransformer""}, ""transformation_params"": {""0"": {""lag"": 1, ""fill"": ""bfill""}, ""1"": {""lag"": 1, ""fill"": ""bfill""}, ""2"": {""lag"": 1, ""fill"": ""zero""}}}",0,1,198.46722762055623,5.994488017371338,6.027253881302953,0.7262373707088782,5.994488017371338,0.0,-539.5039215634204,5.994488017371338,0.0,1.940525003163048,23146.637863046628,1.0,0.5333333333333333,7.003119945526123,0.7,4.8070320227818755,5.881730808173796,23.46853405679866,69.64727970742325,0.04375707088799822,539.5039215634204,358.18480184034183,20.320993877622374,0.9936318520752254,198.46722762055623,5.994488017371338,6.027253881302953,0.7262373707088782,5.994488017371338,0.0,5.994488017371338,1.940525003163048,23146.637863046628,7.003119945526123,0.7,4.8070320227818755,5.881730808173796,23.46853405679866,69.64727970742325,0.04375707088799822,539.5039215634204,358.18480184034183,20.320993877622374,0.9936318520752254,1.0,0.5333333333333333,2.725,261910.8362788247,86.85239639043503,Wh,86.85239639043503,Wh
9,6e3447dc264ee84ad62e45d4a348eacc,RollingRegression,"{""regression_model"": {""model"": ""ExtraTrees"", ""model_params"": {""n_estimators"": 100, ""min_samples_leaf"": 1, ""max_depth"": 10}}, ""holiday"": false, ""mean_rolling_periods"": null, ""macd_periods"": null, ""std_rolling_periods"": null, ""max_rolling_periods"": 28, ""min_rolling_periods"": null, ""ewm_var_alpha"": null, ""quantile90_rolling_periods"": null, ""quantile10_rolling_periods"": null, ""ewm_alpha"": null, ""additional_lag_periods"": 90, ""abs_energy"": false, ""rolling_autocorr_periods"": null, ""nonzero_last_n"": null, ""add_date_part"": null, ""polynomial_degree"": null, ""x_transform"": null, ""regression_type"": null}","{""fillna"": ""rolling_mean"", ""transformations"": {""0"": ""DifferencedTransformer"", ""1"": ""Scaler"", ""2"": ""DifferencedTransformer"", ""3"": ""DifferencedTransformer""}, ""transformation_params"": {""0"": {""lag"": 1, ""fill"": ""bfill""}, ""1"": {}, ""2"": {""lag"": 1, ""fill"": ""zero""}, ""3"": {""lag"": 1, ""fill"": ""bfill""}}}",0,1,198.46722762055623,5.994488017371338,6.027253881302953,0.7262373707088782,5.994488017371338,0.0,-539.5039215634204,5.994488017371338,0.0,1.940525003163048,23146.63786304662,1.0,0.5333333333333333,7.003119945526123,0.7,4.8070320227818755,5.881730808173796,23.46853405679866,69.64727970742325,0.04375707088799822,539.5039215634204,358.18480184034183,20.320993877622374,0.9936318520752254,198.46722762055623,5.994488017371338,6.027253881302953,0.7262373707088782,5.994488017371338,0.0,5.994488017371338,1.940525003163048,23146.63786304662,7.003119945526123,0.7,4.8070320227818755,5.881730808173796,23.46853405679866,69.64727970742325,0.04375707088799822,539.5039215634204,358.18480184034183,20.320993877622374,0.9936318520752254,1.0,0.5333333333333333,2.7241,261910.83627857457,86.85239639043503,Wh,86.85239639043503,Wh
10,424b62e013259a8db60fd3201408d1e2,RollingRegression,"{""regression_model"": {""model"": ""ExtraTrees"", ""model_params"": {""n_estimators"": 100, ""min_samples_leaf"": 1, ""max_depth"": 10}}, ""holiday"": false, ""mean_rolling_periods"": null, ""macd_periods"": null, ""std_rolling_periods"": null, ""max_rolling_periods"": 28, ""min_rolling_periods"": 7, ""ewm_var_alpha"": null, ""quantile90_rolling_periods"": null, ""quantile10_rolling_periods"": null, ""ewm_alpha"": null, ""additional_lag_periods"": 27, ""abs_energy"": false, ""rolling_autocorr_periods"": 7, ""nonzero_last_n"": null, ""add_date_part"": null, ""polynomial_degree"": null, ""x_transform"": null, ""regression_type"": null}","{""fillna"": ""ffill"", ""transformations"": {""0"": ""DifferencedTransformer"", ""1"": ""DifferencedTransformer"", ""2"": ""DifferencedTransformer""}, ""transformation_params"": {""0"": {""lag"": 1, ""fill"": ""bfill""}, ""1"": {""lag"": 1, ""fill"": ""bfill""}, ""2"": {""lag"": 1, ""fill"": ""bfill""}}}",0,1,197.1627216241877,5.95826643299104,6.0031568024810085,0.7133530553883565,5.95826643299104,0.0,-536.2439789691937,5.95826643299104,0.0,1.9322335001055029,22303.970390327224,1.0,0.5333333333333333,7.003119945526123,0.7,4.767310404947352,5.838836826670812,23.431832084102947,60.60874768444643,0.060097391220924744,536.2439789691937,353.93222381975613,20.273475842266713,0.98762784975366,197.1627216241877,5.95826643299104,6.0031568024810085,0.7133530553883565,5.95826643299104,0.0,5.95826643299104,1.9322335001055029,22303.970390327224,7.003119945526123,0.7,4.767310404947352,5.838836826670812,23.431832084102947,60.60874768444643,0.060097391220924744,536.2439789691937,353.93222381975613,20.273475842266713,0.98762784975366,1.0,0.5333333333333333,7.5966,252381.40995238652,86.32759237124765,Wh,86.32759237124765,Wh
11,f7115b8bcd391d036c20af3d2f30a8e5,DatepartRegression,"{""regression_model"": {""model"": ""DecisionTree"", ""model_params"": {""max_depth"": 9, ""min_samples_split"": 1.0}}, ""datepart_method"": [168, ""hour""], ""polynomial_degree"": null, ""holiday_countries_used"": true, ""lags"": 2, ""forward_lags"": null, ""regression_type"": null}","{""fillna"": ""ffill"", ""transformations"": {""0"": ""DifferencedTransformer"", ""1"": ""DifferencedTransformer"", ""2"": ""DifferencedTransformer""}, ""transformation_params"": {""0"": {""lag"": 1, ""fill"": ""zero""}, ""1"": {""lag"": 1, ""fill"": ""bfill""}, ""2"": {""lag"": 1, ""fill"": ""bfill""}}}",0,1,182.43089924076497,9.854273031376026,16.119641200052385,2.5440191801414938,9.854273031376026,0.0,-440.4177672295344,5.398565389099324,446.4668055943079,6.54922423520063,22124.730495908,1.0,0.5111111111111111,66.59298472177413,0.6111111111111112,17.667219904511313,5.749939218200838,28.71806250839198,351.669829791717,0.7867675184371218,6.049038364773523,274.3068593362072,130.06886654201668,0.011140822065289572,182.43089924076497,9.854273031376026,16.119641200052385,2.5440191801414938,9.854273031376026,0.0,5.398565389099324,6.54922423520063,22124.730495908,66.59298472177413,0.6111111111111112,17.667219904511313,5.749939218200838,28.71806250839198,351.669829791717,0.7867675184371218,6.049038364773523,274.3068593362072,130.06886654201668,0.011140822065289572,1.0,0.5111111111111111,0.7902,250396.6456505837,142.77570077385084,Wh,142.77570077385084,Wh
12,422aee3953cb04a593a5aacfca5e55c3,WindowRegression,"{""window_size"": 10, ""input_dim"": ""univariate"", ""output_dim"": ""1step"", ""normalize_window"": false, ""max_windows"": 5000000, ""fourier_encoding_components"": null, ""scale"": true, ""datepart_method"": null, ""regression_type"": null, ""regression_model"": {""model"": ""HistGradientBoost"", ""model_params"": {""loss"": ""squared_error"", ""learning_rate"": 0.01, ""max_depth"": 20, ""min_samples_leaf"": 20, ""max_iter"": 250, ""l2_regularization"": 0}}}","{""fillna"": ""cubic"", ""transformations"": {""0"": ""Scaler"", ""1"": ""DifferencedTransformer"", ""2"": ""DifferencedTransformer"", ""3"": ""DifferencedTransformer""}, ""transformation_params"": {""0"": {}, ""1"": {""lag"": 1, ""fill"": ""zero""}, ""2"": {""lag"": 1, ""fill"": ""bfill""}, ""3"": {""lag"": 1, ""fill"": ""bfill""}}}",0,1,176.885815046083,1208.87220041802,1916.3653999503988,74.573349202077,1208.87220041802,0.0,-124.95228413475019,6.094475709551665,108673.54575348704,1207.9349753533381,20343.481336853605,1.0,0.43333333333333335,5083.164757387227,0.5111111111111111,1807.2853471654155,686.1375918361522,8461.164844016686,12067948.555550246,1.155557349693706,108548.59346935229,26191.99005502098,1583.806583418507,199.91947353515994,176.885815046083,1208.87220041802,1916.3653999503988,74.573349202077,1208.87220041802,0.0,6.094475709551665,1207.9349753533381,20343.481336853605,5083.164757387227,0.5111111111111111,1807.2853471654155,686.1375918361522,8461.164844016686,12067948.555550246,1.155557349693706,108548.59346935229,26191.99005502098,1583.806583418507,199.91947353515994,1.0,0.43333333333333335,1.0603,242325.29682526673,17514.99831709136,Wh,17514.99831709136,Wh
13,db7e295368697a24469ab834ffe75e82,RollingRegression,"{""regression_model"": {""model"": ""ExtraTrees"", ""model_params"": {""n_estimators"": 100, ""min_samples_leaf"": 1, ""max_depth"": 10}}, ""holiday"": false, ""mean_rolling_periods"": null, ""macd_periods"": null, ""std_rolling_periods"": null, ""max_rolling_periods"": 364, ""min_rolling_periods"": 7, ""ewm_var_alpha"": null, ""quantile90_rolling_periods"": null, ""quantile10_rolling_periods"": null, ""ewm_alpha"": null, ""additional_lag_periods"": 90, ""abs_energy"": false, ""rolling_autocorr_periods"": null, ""nonzero_last_n"": null, ""add_date_part"": ""simple_2"", ""polynomial_degree"": null, ""x_transform"": null, ""regression_type"": null}","{""fillna"": ""time"", ""transformations"": {""0"": ""Scaler"", ""1"": ""Scaler"", ""2"": ""DifferencedTransformer"", ""3"": ""DifferencedTransformer"", ""4"": ""DifferencedTransformer""}, ""transformation_params"": {""0"": {}, ""1"": {}, ""2"": {""lag"": 1, ""fill"": ""bfill""}, ""3"": {""lag"": 7, ""fill"": ""zero""}, ""4"": {""lag"": 1, ""fill"": ""zero""}}}",0,1,180.48589385225506,45.5849428407687,76.21127774901602,5.889721645709144,45.5849428407687,0.0,-314.29434381980775,5.218866696833141,3788.350511849375,43.2451015223835,20908.01814514476,1.0,0.5555555555555556,179.49680914767734,0.4888888888888889,74.18877591408902,23.628694190155244,118.64384222554986,7632.53983175259,0.5905936897329459,3474.0561680295673,2998.275881443169,285.34174682907104,6.398346196352521,180.48589385225506,45.5849428407687,76.21127774901602,5.889721645709144,45.5849428407687,0.0,5.218866696833141,43.2451015223835,20908.01814514476,179.49680914767734,0.4888888888888889,74.18877591408902,23.628694190155244,118.64384222554986,7632.53983175259,0.5905936897329459,3474.0561680295673,2998.275881443169,285.34174682907104,6.398346196352521,1.0,0.5555555555555556,2.8422,237016.2567089309,660.4670012799377,Wh,660.4670012799377,Wh
14,4e3bf125dd71b59250430fd199b82cc9,RollingRegression,"{""regression_model"": {""model"": ""ExtraTrees"", ""model_params"": {""n_estimators"": 100, ""min_samples_leaf"": 1, ""max_depth"": 10}}, ""holiday"": false, ""mean_rolling_periods"": null, ""macd_periods"": null, ""std_rolling_periods"": null, ""max_rolling_periods"": null, ""min_rolling_periods"": null, ""ewm_var_alpha"": null, ""quantile90_rolling_periods"": null, ""quantile10_rolling_periods"": null, ""ewm_alpha"": 0.5, ""additional_lag_periods"": 59, ""abs_energy"": false, ""rolling_autocorr_periods"": null, ""nonzero_last_n"": null, ""add_date_part"": null, ""polynomial_degree"": null, ""x_transform"": null, ""regression_type"": null}","{""fillna"": ""ffill"", ""transformations"": {""0"": ""DifferencedTransformer"", ""1"": ""DifferencedTransformer"", ""2"": ""Scaler"", ""3"": ""DifferencedTransformer""}, ""transformation_params"": {""0"": {""lag"": 1, ""fill"": ""zero""}, ""1"": {""lag"": 7, ""fill"": ""bfill""}, ""2"": {}, ""3"": {""lag"": 7, ""fill"": ""bfill""}}}",0,1,197.54135245108162,5.970939440850182,6.010023982254267,0.7133530553883565,5.970939440850182,0.0,-537.3845496765164,5.970939440850182,0.0,1.935679078680775,20731.694016761758,1.0,0.5333333333333333,7.003119945526123,0.7,4.778647660616777,5.853844335977691,23.444651132010417,63.42928241533133,0.05037664345016978,537.3845496765164,355.4211952859046,20.29010118999283,0.9897284969205159,197.54135245108162,5.970939440850182,6.010023982254267,0.7133530553883565,5.970939440850182,0.0,5.970939440850182,1.935679078680775,20731.694016761758,7.003119945526123,0.7,4.778647660616777,5.853844335977691,23.444651132010417,63.42928241533133,0.05037664345016978,537.3845496765164,355.4211952859046,20.29010118999283,0.9897284969205159,1.0,0.5333333333333333,2.7128,234603.6035481398,86.5112079025243,Wh,86.5112079025243,Wh
15,3408c3d83fb1144516076b7543861a0d,DatepartRegression,"{""regression_model"": {""model"": ""RandomForest"", ""model_params"": {""n_estimators"": 100, ""min_samples_leaf"": 2, ""bootstrap"": true}}, ""datepart_method"": ""expanded"", ""polynomial_degree"": null, ""holiday_countries_used"": false, ""lags"": null, ""forward_lags"": null, ""regression_type"": null}","{""fillna"": ""rolling_mean_24"", ""transformations"": {""0"": ""DifferencedTransformer"", ""1"": ""DifferencedTransformer"", ""2"": ""DifferencedTransformer""}, ""transformation_params"": {""0"": {""lag"": 2, ""fill"": ""zero""}, ""1"": {""lag"": 1, ""fill"": ""bfill""}, ""2"": {""lag"": 1, ""fill"": ""bfill""}}}",0,1,194.4910300890715,5.912553411862987,5.973547838764921,0.8458511612912596,5.912553411862987,0.0,-524.9777986068359,5.865948367272381,7.152008460832883,1.968521522789407,19366.527240009003,0.9888888888888889,0.5444444444444444,7.003119945526123,0.7222222222222222,4.728337513292685,5.7847029858612755,23.38246375420005,85.23928280935074,0.15496408948390855,517.825790146003,330.55398894292705,14.673623536303955,0.9537061332641408,194.4910300890715,5.912553411862987,5.973547838764921,0.8458511612912596,5.912553411862987,0.0,5.865948367272381,1.968521522789407,19366.527240009003,7.003119945526123,0.7222222222222222,4.728337513292685,5.7847029858612755,23.38246375420005,85.23928280935074,0.15496408948390855,517.825790146003,330.55398894292705,14.673623536303955,0.9537061332641408,0.9888888888888889,0.5444444444444444,0.2639,219164.73190481708,85.66526968085063,Wh,85.66526968085063,Wh
16,90e55164eef40484c2c0885ca839f94d,WindowRegression,"{""window_size"": 20, ""input_dim"": ""univariate"", ""output_dim"": ""1step"", ""normalize_window"": false, ""max_windows"": 5000, ""fourier_encoding_components"": null, ""scale"": true, ""datepart_method"": null, ""regression_type"": null, ""regression_model"": {""model"": ""KNN"", ""model_params"": {""n_neighbors"": 5, ""weights"": ""uniform"", ""p"": 1, ""leaf_size"": 30}}}","{""fillna"": ""ffill"", ""transformations"": {""0"": ""Scaler"", ""1"": ""DifferencedTransformer"", ""2"": ""Scaler"", ""3"": ""DifferencedTransformer"", ""4"": ""Scaler"", ""5"": ""DifferencedTransformer""}, ""transformation_params"": {""0"": {}, ""1"": {""lag"": 1, ""fill"": ""bfill""}, ""2"": {}, ""3"": {""lag"": 2, ""fill"": ""bfill""}, ""4"": {}, ""5"": {""lag"": 1, ""fill"": ""bfill""}}}",0,1,180.98094821627495,5262.946200141435,7990.89317847598,303.71817590160646,5262.946200141435,0.0,-19.408776000142097,7.197224772058073,473645.749236729,5262.827115356097,14090.375384405837,1.0,0.4888888888888889,20826.608206138015,0.3111111111111111,7520.327507819207,3147.9211403157956,35754.08766813899,205475906.68160123,2.1702820641858014,473626.34046072885,126756.6150936607,6886.866837023533,872.3017554716395,180.98094821627495,5262.946200141435,7990.89317847598,303.71817590160646,5262.946200141435,0.0,7.197224772058073,5262.827115356097,14090.375384405837,20826.608206138015,0.3111111111111111,7520.327507819207,3147.9211403157956,35754.08766813899,205475906.68160123,2.1702820641858014,473626.34046072885,126756.6150936607,6886.866837023533,872.3017554716395,1.0,0.4888888888888889,1.5652,211311.2056482322,76253.29940298421,Wh,76253.29940298421,Wh
17,273ecdc8a83bbd1863fa9591a6cb0a78,ARIMA,"{""p"": 4, ""d"": 1, ""q"": 12, ""regression_type"": null}","{""fillna"": ""ffill_mean_biased"", ""transformations"": {""0"": ""DifferencedTransformer"", ""1"": ""Scaler"", ""2"": ""Scaler"", ""3"": ""DifferencedTransformer"", ""4"": ""DifferencedTransformer""}, ""transformation_params"": {""0"": {""lag"": 2, ""fill"": ""bfill""}, ""1"": {}, ""2"": {}, ""3"": {""lag"": 1, ""fill"": ""zero""}, ""4"": {""lag"": 1, ""fill"": ""bfill""}}}",0,1,111.8809721148126,34.88073604032279,51.79565414025376,2.217308592284626,34.88073604032279,0.0,0.0,2.9415543315589896,3139.266243629051,34.88073604032279,16730.18897971726,0.9888888888888889,0.5,136.7984300095307,0.3,49.23951278781977,21.209756066730098,232.36450785459323,8809.597161251671,0.16770495489202256,3139.266243629051,914.5106519209753,25.26260543194714,5.7817465399974655,111.8809721148126,34.88073604032279,51.79565414025376,2.217308592284626,34.88073604032279,0.0,2.9415543315589896,34.88073604032279,16730.18897971726,136.7984300095307,0.3,49.23951278781977,21.209756066730098,232.36450785459323,8809.597161251671,0.16770495489202256,3139.266243629051,914.5106519209753,25.26260543194714,5.7817465399974655,0.9888888888888889,0.5,3.8665,189589.56918074505,505.37685690340464,Wh,505.37685690340464,Wh
18,df7014358193e669ee1fc99e83f8b6e6,ARIMA,"{""p"": 2, ""d"": 1, ""q"": 1, ""regression_type"": null}","{""fillna"": ""akima"", ""transformations"": {""0"": ""Scaler"", ""1"": ""DifferencedTransformer"", ""2"": ""Scaler"", ""3"": ""DifferencedTransformer""}, ""transformation_params"": {""0"": {}, ""1"": {""lag"": 1, ""fill"": ""bfill""}, ""2"": {}, ""3"": {""lag"": 2, ""fill"": ""bfill""}}}",0,1,157.6329693279994,153.06040024980013,202.70900135122076,6.478337096492386,153.06040024980013,0.0,-0.20388441473382724,4.3548013440154865,13775.232138067278,153.0601965712056,1175.5768124406795,1.0,0.45555555555555555,442.3583899818344,0.28888888888888886,187.7844424394915,110.69619470091027,936.6229917673091,108813.05787691873,0.10599454549402362,13775.028253652545,4736.4689311829015,172.9152764366447,25.370171168359803,157.6329693279994,153.06040024980013,202.70900135122076,6.478337096492386,153.06040024980013,0.0,4.3548013440154865,153.0601965712056,1175.5768124406795,442.3583899818344,0.28888888888888886,187.7844424394915,110.69619470091027,936.6229917673091,108813.05787691873,0.10599454549402362,13775.028253652545,4736.4689311829015,172.9152764366447,25.370171168359803,1.0,0.45555555555555555,0.0534,14812.658591725589,2217.647698293962,Wh,2217.647698293962,Wh
19,415feb1eccb04ddb2b298fc8dd51ed6d,RollingRegression,"{""regression_model"": {""model"": ""DecisionTree"", ""model_params"": {""max_depth"": null, ""min_samples_split"": 2}}, ""holiday"": false, ""mean_rolling_periods"": 7, ""macd_periods"": 2, ""std_rolling_periods"": 30, ""max_rolling_periods"": null, ""min_rolling_periods"": null, ""ewm_var_alpha"": null, ""quantile90_rolling_periods"": null, ""quantile10_rolling_periods"": null, ""ewm_alpha"": null, ""additional_lag_periods"": 90, ""abs_energy"": false, ""rolling_autocorr_periods"": 2, ""nonzero_last_n"": null, ""add_date_part"": ""simple_binarized"", ""polynomial_degree"": null, ""x_transform"": null, ""regression_type"": null}","{""fillna"": ""ffill"", ""transformations"": {""0"": ""DifferencedTransformer"", ""1"": ""Scaler"", ""2"": ""DifferencedTransformer"", ""3"": ""Scaler""}, ""transformation_params"": {""0"": {""lag"": 1, ""fill"": ""bfill""}, ""1"": {}, ""2"": {""lag"": 1, ""fill"": ""zero""}, ""3"": {}}}",0,1,169.63951900212882,257.1858828438653,338.15932106493807,10.688569023864748,257.1858828438653,0.0,0.0,4.906891988310755,23146.729455947876,257.1858828438653,674.5580815980971,1.0,0.4666666666666667,732.1767501831055,0.3,312.8340916995375,187.46104428015258,1564.1221304825378,300439.6943917278,0.5415021154300361,23146.729455947876,8072.247724442134,309.44019278779,42.63051062195851,169.63951900212882,257.1858828438653,338.15932106493807,10.688569023864748,257.1858828438653,0.0,4.906891988310755,257.1858828438653,674.5580815980971,732.1767501831055,0.3,312.8340916995375,187.46104428015258,1564.1221304825378,300439.6943917278,0.5415021154300361,23146.729455947876,8072.247724442134,309.44019278779,42.63051062195851,1.0,0.4666666666666667,6.4712,10108.469460326638,3726.291582875586,Wh,3726.291582875586,Wh
20,0973255a764b3e28e4a2a78fb6fa8f42,DatepartRegression,"{""regression_model"": {""model"": ""Adaboost"", ""model_params"": {""n_estimators"": 50, ""loss"": ""linear"", ""estimator"": null, ""learning_rate"": 0.5, ""max_depth"": 2}}, ""datepart_method"": [""weekdayofmonth"", ""common_fourier""], ""polynomial_degree"": null, ""holiday_countries_used"": false, ""lags"": 2, ""forward_lags"": null, ""regression_type"": null}","{""fillna"": ""quadratic"", ""transformations"": {""0"": ""DifferencedTransformer"", ""1"": ""DifferencedTransformer"", ""2"": ""Scaler""}, ""transformation_params"": {""0"": {""lag"": 1, ""fill"": ""bfill""}, ""1"": {""lag"": 1, ""fill"": ""bfill""}, ""2"": {}}}",0,1,171.39767631389392,238.32814643642985,303.6941863285043,9.712056152074942,238.32814643642985,0.0,0.0,4.917161489357729,21449.533179278686,238.32814643642985,672.4984473427537,1.0,0.4666666666666667,666.289026696856,0.3,282.33652752598437,177.9090844238301,1411.187498569322,245561.49583744537,0.29596024861316955,21449.533179278686,7969.0714016386755,284.7012808747124,39.50469779221109,171.39767631389392,238.32814643642985,303.6941863285043,9.712056152074942,238.32814643642985,0.0,4.917161489357729,238.32814643642985,672.4984473427537,666.289026696856,0.3,282.33652752598437,177.9090844238301,1411.187498569322,245561.49583744537,0.29596024861316955,21449.533179278686,7969.0714016386755,284.7012808747124,39.50469779221109,1.0,0.4666666666666667,0.2798,9882.206375962827,3453.0673153920825,Wh,3453.0673153920825,Wh
21,e07b51b9392388e3b6f09eb764d4a9c2,RollingRegression,"{""regression_model"": {""model"": ""SVM"", ""model_params"": {""C"": 0.25, ""tol"": 0.001, ""epsilon"": 0.05, ""loss"": ""squared_epsilon_insensitive"", ""max_iter"": 100}}, ""holiday"": false, ""mean_rolling_periods"": 30, ""macd_periods"": 7, ""std_rolling_periods"": null, ""max_rolling_periods"": 28, ""min_rolling_periods"": null, ""ewm_var_alpha"": null, ""quantile90_rolling_periods"": null, ""quantile10_rolling_periods"": null, ""ewm_alpha"": 0.2, ""additional_lag_periods"": 27, ""abs_energy"": true, ""rolling_autocorr_periods"": null, ""nonzero_last_n"": null, ""add_date_part"": ""simple_2"", ""polynomial_degree"": null, ""x_transform"": null, ""regression_type"": null}","{""fillna"": ""ffill"", ""transformations"": {""0"": ""Scaler"", ""1"": ""DifferencedTransformer"", ""2"": ""DifferencedTransformer""}, ""transformation_params"": {""0"": {}, ""1"": {""lag"": 2, ""fill"": ""zero""}, ""2"": {""lag"": 2, ""fill"": ""zero""}}}",0,1,150.1836354230749,118.29777254373887,168.24842553253018,6.081279232716952,118.29777254373887,0.0,0.0,4.071404705418317,10646.799528936499,118.29777254373887,699.292256782331,0.9888888888888889,0.4777777777777778,409.91628477944175,0.3,157.60441276203233,77.34785958137682,766.2059823599515,84324.50557202315,0.3616368018780608,10646.799528936499,3254.77631662091,129.79890463859562,19.608752989142484,150.1836354230749,118.29777254373887,168.24842553253018,6.081279232716952,118.29777254373887,0.0,4.071404705418317,118.29777254373887,699.292256782331,409.91628477944175,0.3,157.60441276203233,77.34785958137682,766.2059823599515,84324.50557202315,0.3616368018780608,10646.799528936499,3254.77631662091,129.79890463859562,19.608752989142484,0.9888888888888889,0.4777777777777778,0.6758,9138.96460669989,1713.982078753043,Wh,1713.982078753043,Wh
22,5e761cc7db1b65a19f9a4b2353782e16,DatepartRegression,"{""regression_model"": {""model"": ""RandomForest"", ""model_params"": {""n_estimators"": 100, ""min_samples_leaf"": 2, ""bootstrap"": true}}, ""datepart_method"": ""expanded"", ""polynomial_degree"": null, ""holiday_countries_used"": false, ""lags"": null, ""forward_lags"": null, ""regression_type"": null}","{""fillna"": ""ffill"", ""transformations"": {""0"": ""Scaler"", ""1"": ""DifferencedTransformer"", ""2"": ""DifferencedTransformer""}, ""transformation_params"": {""0"": {}, ""1"": {""lag"": 1, ""fill"": ""zero""}, ""2"": {""lag"": 1, ""fill"": ""zero""}}}",0,1,154.107177663504,115.44821020818338,153.3646353958345,4.947534843133884,115.44821020818338,0.0,0.0,4.138493847530029,10390.338918736505,115.44821020818338,692.3322423653128,1.0,0.4777777777777778,337.37160374872735,0.3,142.2758168678202,82.57204132618601,708.5219217776381,62793.415366479,0.38440678182590277,10390.338918736505,3571.679163557383,124.03347746944591,19.136416420468613,154.107177663504,115.44821020818338,153.3646353958345,4.947534843133884,115.44821020818338,0.0,4.138493847530029,115.44821020818338,692.3322423653128,337.37160374872735,0.3,142.2758168678202,82.57204132618601,708.5219217776381,62793.415366479,0.38440678182590277,10390.338918736505,3571.679163557383,124.03347746944591,19.136416420468613,1.0,0.4777777777777778,0.2877,9000.660047948008,1672.6955974405914,Wh,1672.6955974405914,Wh
23,d0ecc32baa310ac8814ec54d57293042,RollingRegression,"{""regression_model"": {""model"": ""ExtraTrees"", ""model_params"": {""n_estimators"": 100, ""min_samples_leaf"": 1, ""max_depth"": 10}}, ""holiday"": false, ""mean_rolling_periods"": null, ""macd_periods"": null, ""std_rolling_periods"": null, ""max_rolling_periods"": 28, ""min_rolling_periods"": 7, ""ewm_var_alpha"": null, ""quantile90_rolling_periods"": null, ""quantile10_rolling_periods"": null, ""ewm_alpha"": null, ""additional_lag_periods"": 90, ""abs_energy"": false, ""rolling_autocorr_periods"": null, ""nonzero_last_n"": null, ""add_date_part"": null, ""polynomial_degree"": null, ""x_transform"": null, ""regression_type"": null}","{""fillna"": ""ffill"", ""transformations"": {""0"": ""DifferencedTransformer"", ""1"": ""DifferencedTransformer""}, ""transformation_params"": {""0"": {""lag"": 1, ""fill"": ""zero""}, ""1"": {""lag"": 1, ""fill"": ""bfill""}}}",0,1,149.7301879012489,82.45013275891868,103.97928639758189,3.121074827065774,82.45013275891868,0.0,-0.11010137897252115,3.909655291515372,7420.401846923709,82.45006998074746,720.1805517274552,1.0,0.4666666666666667,211.92192773626442,0.3,96.26191371955238,63.19039281804353,482.7298892282375,26785.311625159604,0.291356519001747,7420.291745544737,2792.1477486054578,80.22484205453638,13.666329261700094,149.7301879012489,82.45013275891868,103.97928639758189,3.121074827065774,82.45013275891868,0.0,3.909655291515372,82.45006998074746,720.1805517274552,211.92192773626442,0.3,96.26191371955238,63.19039281804353,482.7298892282375,26785.311625159604,0.291356519001747,7420.291745544737,2792.1477486054578,80.22484205453638,13.666329261700094,1.0,0.4666666666666667,2.7403,8989.846356852457,1194.5960342350952,Wh,1194.5960342350952,Wh
24,796c4e1970595d8ab3c6c9f402562475,RollingRegression,"{""regression_model"": {""model"": ""ExtraTrees"", ""model_params"": {""n_estimators"": 100, ""min_samples_leaf"": 1, ""max_depth"": 10}}, ""holiday"": false, ""mean_rolling_periods"": null, ""macd_periods"": null, ""std_rolling_periods"": null, ""max_rolling_periods"": 28, ""min_rolling_periods"": 7, ""ewm_var_alpha"": null, ""quantile90_rolling_periods"": null, ""quantile10_rolling_periods"": null, ""ewm_alpha"": null, ""additional_lag_periods"": 90, ""abs_energy"": false, ""rolling_autocorr_periods"": null, ""nonzero_last_n"": null, ""add_date_part"": null, ""polynomial_degree"": null, ""x_transform"": null, ""regression_type"": null}","{""fillna"": ""rolling_mean"", ""transformations"": {""0"": ""DifferencedTransformer"", ""1"": ""DifferencedTransformer""}, ""transformation_params"": {""0"": {""lag"": 1, ""fill"": ""zero""}, ""1"": {""lag"": 1, ""fill"": ""bfill""}}}",0,1,149.7301879012489,82.45013275891868,103.97928639758189,3.121074827065774,82.45013275891868,0.0,-0.11010137897252115,3.909655291515372,7420.401846923709,82.45006998074746,720.1805517274552,1.0,0.4666666666666667,211.92192773626442,0.3,96.26191371955238,63.19039281804353,482.7298892282375,26785.311625159604,0.291356519001747,7420.291745544737,2792.1477486054578,80.22484205453638,13.666329261700094,149.7301879012489,82.45013275891868,103.97928639758189,3.121074827065774,82.45013275891868,0.0,3.909655291515372,82.45006998074746,720.1805517274552,211.92192773626442,0.3,96.26191371955238,63.19039281804353,482.7298892282375,26785.311625159604,0.291356519001747,7420.291745544737,2792.1477486054578,80.22484205453638,13.666329261700094,1.0,0.4666666666666667,2.7266,8989.846353046993,1194.5960342350952,Wh,1194.5960342350952,Wh
25,c8b65b82eeb829ecdd91990b03e30445,RollingRegression,"{""regression_model"": {""model"": ""ExtraTrees"", ""model_params"": {""n_estimators"": 100, ""min_samples_leaf"": 1, ""max_depth"": 10}}, ""holiday"": false, ""mean_rolling_periods"": 12, ""macd_periods"": null, ""std_rolling_periods"": null, ""max_rolling_periods"": 28, ""min_rolling_periods"": null, ""ewm_var_alpha"": null, ""quantile90_rolling_periods"": null, ""quantile10_rolling_periods"": null, ""ewm_alpha"": null, ""additional_lag_periods"": 27, ""abs_energy"": false, ""rolling_autocorr_periods"": null, ""nonzero_last_n"": null, ""add_date_part"": null, ""polynomial_degree"": null, ""x_transform"": null, ""regression_type"": null}","{""fillna"": ""ffill"", ""transformations"": {""0"": ""DifferencedTransformer"", ""1"": ""DifferencedTransformer""}, ""transformation_params"": {""0"": {""lag"": 1, ""fill"": ""zero""}, ""1"": {""lag"": 1, ""fill"": ""zero""}}}",0,1,154.8169444235779,108.09738911566293,136.02788326851675,3.9430731148195703,108.09738911566293,0.0,0.0,4.140936629493219,9728.765020409664,108.09738911566293,691.528961687715,1.0,0.4666666666666667,268.67530182361924,0.3,125.41480018969953,83.7464503431489,630.4897637839437,44529.43089026129,0.2718249064723465,9728.765020409664,3665.889508352572,113.85536574878488,17.91796207453139,154.8169444235779,108.09738911566293,136.02788326851675,3.9430731148195703,108.09738911566293,0.0,4.140936629493219,108.09738911566293,691.528961687715,268.67530182361924,0.3,125.41480018969953,83.7464503431489,630.4897637839437,44529.43089026129,0.2718249064723465,9728.765020409664,3665.889508352572,113.85536574878488,17.91796207453139,1.0,0.4666666666666667,2.7424,8899.776974017863,1566.1916849341947,Wh,1566.1916849341947,Wh
26,9c3b201f54f063eca6bacbe7b9ef2d16,DatepartRegression,"{""regression_model"": {""model"": ""RandomForest"", ""model_params"": {""n_estimators"": 100, ""min_samples_leaf"": 2, ""bootstrap"": true}}, ""datepart_method"": ""expanded"", ""polynomial_degree"": null, ""holiday_countries_used"": false, ""lags"": null, ""forward_lags"": null, ""regression_type"": null}","{""fillna"": ""mean"", ""transformations"": {""0"": ""Scaler"", ""1"": ""Scaler"", ""2"": ""Scaler"", ""3"": ""DifferencedTransformer"", ""4"": ""DifferencedTransformer""}, ""transformation_params"": {""0"": {}, ""1"": {}, ""2"": {}, ""3"": {""lag"": 1, ""fill"": ""zero""}, ""4"": {""lag"": 1, ""fill"": ""bfill""}}}",0,1,145.62743552141276,70.73654217855787,92.69713091570902,3.004622746970925,70.73654217855787,0.0,0.0,3.7652507000587883,6366.288796070208,70.73654217855787,718.8997335461387,1.0,0.4666666666666667,201.46846045272596,0.3,86.10739665760788,51.0081858020886,429.1259405581506,22661.91372317094,0.3781261850365196,6366.288796070208,2259.6212179941535,65.36302265278034,11.725118343817982,145.62743552141276,70.73654217855787,92.69713091570902,3.004622746970925,70.73654217855787,0.0,3.7652507000587883,70.73654217855787,718.8997335461387,201.46846045272596,0.3,86.10739665760788,51.0081858020886,429.1259405581506,22661.91372317094,0.3781261850365196,6366.288796070208,2259.6212179941535,65.36302265278034,11.725118343817982,1.0,0.4666666666666667,0.2785,8878.14517044206,1024.8812213448896,Wh,1024.8812213448896,Wh
27,ba5887fae84d2e081f8fbb1469a1f288,DatepartRegression,"{""regression_model"": {""model"": ""RandomForest"", ""model_params"": {""n_estimators"": 100, ""min_samples_leaf"": 2, ""bootstrap"": true}}, ""datepart_method"": ""expanded"", ""polynomial_degree"": null, ""holiday_countries_used"": false, ""lags"": null, ""forward_lags"": null, ""regression_type"": null}","{""fillna"": ""akima"", ""transformations"": {""0"": ""DifferencedTransformer"", ""1"": ""Scaler"", ""2"": ""DifferencedTransformer""}, ""transformation_params"": {""0"": {""lag"": 1, ""fill"": ""one""}, ""1"": {}, ""2"": {""lag"": 1, ""fill"": ""bfill""}}}",0,1,147.6976261518196,83.72828906689458,111.57283982849228,3.6557532668335084,83.72828906689458,0.0,0.0,3.8695321021362266,7535.546016020511,83.72828906689458,706.2150879225466,1.0,0.4777777777777778,247.35735894352953,0.3,103.68029731886169,59.34548233503646,515.1758057798984,33499.27737870642,0.38132726137297235,7535.546016020511,2589.076329403335,82.35060365874143,13.878598922132877,147.6976261518196,83.72828906689458,111.57283982849228,3.6557532668335084,83.72828906689458,0.0,3.8695321021362266,83.72828906689458,706.2150879225466,247.35735894352953,0.3,103.68029731886169,59.34548233503646,515.1758057798984,33499.27737870642,0.38132726137297235,7535.546016020511,2589.076329403335,82.35060365874143,13.878598922132877,1.0,0.4777777777777778,0.2674,8861.351812230392,1213.1148698700254,Wh,1213.1148698700254,Wh
28,d3b6839f6de87ac653c67ca7dd015654,DatepartRegression,"{""regression_model"": {""model"": ""RandomForest"", ""model_params"": {""n_estimators"": 100, ""min_samples_leaf"": 2, ""bootstrap"": true}}, ""datepart_method"": ""expanded"", ""polynomial_degree"": null, ""holiday_countries_used"": false, ""lags"": null, ""forward_lags"": null, ""regression_type"": null}","{""fillna"": ""ffill"", ""transformations"": {""0"": ""Scaler"", ""1"": ""Scaler"", ""2"": ""DifferencedTransformer"", ""3"": ""DifferencedTransformer""}, ""transformation_params"": {""0"": {}, ""1"": {}, ""2"": {""lag"": 1, ""fill"": ""zero""}, ""3"": {""lag"": 1, ""fill"": ""one""}}}",0,1,150.7042529413698,100.02909294368376,132.66237530799103,4.2910525153988335,100.02909294368376,0.0,0.0,4.004489172877397,9002.618364931539,100.02909294368376,691.3263912248052,1.0,0.4777777777777778,291.5207180795074,0.3,123.14662292809223,71.64906677431446,613.053318109755,46934.225913825874,0.3777286074819469,9002.618364931539,3103.872361763087,104.07131490369505,16.58058079272333,150.7042529413698,100.02909294368376,132.66237530799103,4.2910525153988335,100.02909294368376,0.0,4.004489172877397,100.02909294368376,691.3263912248052,291.5207180795074,0.3,123.14662292809223,71.64906677431446,613.053318109755,46934.225913825874,0.3777286074819469,9002.618364931539,3103.872361763087,104.07131490369505,16.58058079272333,1.0,0.4777777777777778,0.2698,8843.79522431092,1449.292484319652,Wh,1449.292484319652,Wh
29,037a9418ab8de74253151bb10702cd7f,DatepartRegression,"{""regression_model"": {""model"": ""RandomForest"", ""model_params"": {""n_estimators"": 100, ""min_samples_leaf"": 2, ""bootstrap"": true}}, ""datepart_method"": ""expanded"", ""polynomial_degree"": null, ""holiday_countries_used"": false, ""lags"": null, ""forward_lags"": null, ""regression_type"": null}","{""fillna"": ""ffill"", ""transformations"": {""0"": ""DifferencedTransformer"", ""1"": ""DifferencedTransformer""}, ""transformation_params"": {""0"": {""lag"": 2, ""fill"": ""zero""}, ""1"": {""lag"": 1, ""fill"": ""zero""}}}",0,1,172.57797417648834,230.27741916228499,299.0476757209427,9.404596172601357,230.27741916228499,0.0,0.0,4.905284183982328,20724.96772460565,230.27741916228499,574.8940307599124,0.9888888888888889,0.4666666666666667,644.6943200792983,0.3,276.9101610896652,169.29547607909151,1386.0577889996748,233993.47682705589,0.3422688131710076,20724.96772460565,7422.165490467827,274.1397676279396,38.17022868846452,172.57797417648834,230.27741916228499,299.0476757209427,9.404596172601357,230.27741916228499,0.0,4.905284183982328,230.27741916228499,574.8940307599124,644.6943200792983,0.3,276.9101610896652,169.29547607909151,1386.0577889996748,233993.47682705589,0.3422688131710076,20724.96772460565,7422.165490467827,274.1397676279396,38.17022868846452,0.9888888888888889,0.4666666666666667,0.2664,8724.270604725052,3336.42266543715,Wh,3336.42266543715,Wh
30,81fae184f004f63619632b72bec269e9,RollingRegression,"{""regression_model"": {""model"": ""ExtraTrees"", ""model_params"": {""n_estimators"": 100, ""min_samples_leaf"": 1, ""max_depth"": 10}}, ""holiday"": false, ""mean_rolling_periods"": 12, ""macd_periods"": null, ""std_rolling_periods"": 7, ""max_rolling_periods"": 420, ""min_rolling_periods"": 7, ""ewm_var_alpha"": null, ""quantile90_rolling_periods"": null, ""quantile10_rolling_periods"": null, ""ewm_alpha"": null, ""additional_lag_periods"": 2, ""abs_energy"": false, ""rolling_autocorr_periods"": null, ""nonzero_last_n"": null, ""add_date_part"": ""simple_2"", ""polynomial_degree"": null, ""x_transform"": null, ""regression_type"": null}","{""fillna"": ""ffill"", ""transformations"": {""0"": ""Scaler"", ""1"": ""DifferencedTransformer"", ""2"": ""Scaler"", ""3"": ""DifferencedTransformer"", ""4"": ""Scaler"", ""5"": ""Scaler""}, ""transformation_params"": {""0"": {}, ""1"": {""lag"": 1, ""fill"": ""zero""}, ""2"": {}, ""3"": {""lag"": 1, ""fill"": ""bfill""}, ""4"": {}, ""5"": {}}}",0,1,127.59662076191809,42.5754703397144,56.5570356603455,2.0249937356395717,42.5754703397144,0.0,-0.16952358432499626,3.252390405314305,3831.6228069899717,42.575326705144114,715.8212794301138,1.0,0.4777777777777778,130.8296210269198,0.3,53.07299852639957,30.195877888770532,261.389041156029,8999.078042621235,0.23987468496265588,3831.4532834056463,1326.2978425329004,28.443599677317344,7.056582667828717,127.59662076191809,42.5754703397144,56.5570356603455,2.0249937356395717,42.5754703397144,0.0,3.252390405314305,42.575326705144114,715.8212794301138,130.8296210269198,0.3,53.07299852639957,30.195877888770532,261.389041156029,8999.078042621235,0.23987468496265588,3831.4532834056463,1326.2978425329004,28.443599677317344,7.056582667828717,1.0,0.4777777777777778,2.9218,8574.872859780324,616.863628009321,Wh,616.863628009321,Wh
31,84bc17f1ea3f3923d7a2960c047946a7,DatepartRegression,"{""regression_model"": {""model"": ""RandomForest"", ""model_params"": {""n_estimators"": 100, ""min_samples_leaf"": 2, ""bootstrap"": true}}, ""datepart_method"": ""expanded"", ""polynomial_degree"": null, ""holiday_countries_used"": false, ""lags"": null, ""forward_lags"": null, ""regression_type"": null}","{""fillna"": ""quadratic"", ""transformations"": {""0"": ""DifferencedTransformer"", ""1"": ""DifferencedTransformer"", ""2"": ""Scaler""}, ""transformation_params"": {""0"": {""lag"": 1, ""fill"": ""bfill""}, ""1"": {""lag"": 1, ""fill"": ""zero""}, ""2"": {}}}",0,1,147.5375463577936,94.45453330830894,127.64291925594117,4.2469818361646325,94.45453330830894,0.0,0.0,3.9147761763239766,8500.907997747805,94.45453330830894,656.7694933151682,1.0,0.4777777777777778,288.0329096840525,0.3,118.71272151492157,66.11698739778949,587.9686934728987,44652.992605576066,0.3633394611626443,8500.907997747805,2835.6786569420515,96.59281241382266,15.656555254770845,147.5375463577936,94.45453330830894,127.64291925594117,4.2469818361646325,94.45453330830894,0.0,3.9147761763239766,94.45453330830894,656.7694933151682,288.0329096840525,0.3,118.71272151492157,66.11698739778949,587.9686934728987,44652.992605576066,0.3633394611626443,8500.907997747805,2835.6786569420515,96.59281241382266,15.656555254770845,1.0,0.4777777777777778,0.2693,8407.077215646854,1368.5243083302025,Wh,1368.5243083302025,Wh
32,29693c15dea9a32fbadab96206568ab2,DatepartRegression,"{""regression_model"": {""model"": ""RandomForest"", ""model_params"": {""n_estimators"": 100, ""min_samples_leaf"": 2, ""bootstrap"": true}}, ""datepart_method"": ""expanded"", ""polynomial_degree"": null, ""holiday_countries_used"": false, ""lags"": null, ""forward_lags"": null, ""regression_type"": null}","{""fillna"": ""quadratic"", ""transformations"": {""0"": ""DifferencedTransformer"", ""1"": ""DifferencedTransformer""}, ""transformation_params"": {""0"": {""lag"": 1, ""fill"": ""bfill""}, ""1"": {""lag"": 1, ""fill"": ""bfill""}}}",0,1,147.53754635779362,94.45453330830894,127.64291925594117,4.2469818361646325,94.45453330830894,0.0,0.0,3.914776176323977,8500.907997747805,94.45453330830894,656.7694933151682,1.0,0.4777777777777778,288.0329096840525,0.3,118.71272151492157,66.11698739778949,587.9686934728987,44652.992605576066,0.3633394611626443,8500.907997747805,2835.6786569420515,96.59281241382266,15.656555254770845,147.53754635779362,94.45453330830894,127.64291925594117,4.2469818361646325,94.45453330830894,0.0,3.914776176323977,94.45453330830894,656.7694933151682,288.0329096840525,0.3,118.71272151492157,66.11698739778949,587.9686934728987,44652.992605576066,0.3633394611626443,8500.907997747805,2835.6786569420515,96.59281241382266,15.656555254770845,1.0,0.4777777777777778,0.2613,8407.077213424684,1368.5243083302025,Wh,1368.5243083302025,Wh
33,b1e01142951d02068254eb20d4ea9804,DatepartRegression,"{""regression_model"": {""model"": ""RandomForest"", ""model_params"": {""n_estimators"": 100, ""min_samples_leaf"": 2, ""bootstrap"": true}}, ""datepart_method"": ""expanded"", ""polynomial_degree"": null, ""holiday_countries_used"": false, ""lags"": null, ""forward_lags"": null, ""regression_type"": null}","{""fillna"": ""pchip"", ""transformations"": {""0"": ""DifferencedTransformer"", ""1"": ""DifferencedTransformer""}, ""transformation_params"": {""0"": {""lag"": 1, ""fill"": ""bfill""}, ""1"": {""lag"": 1, ""fill"": ""bfill""}}}",0,1,147.5375463577936,94.45453330830894,127.64291925594114,4.246981836164631,94.45453330830894,0.0,0.0,3.9147761763239766,8500.907997747805,94.45453330830894,656.7694933151682,1.0,0.4777777777777778,288.0329096840524,0.3,118.71272151492154,66.11698739778949,587.9686934728985,44652.99260557604,0.3633394611626443,8500.907997747805,2835.6786569420515,96.59281241382261,15.656555254770845,147.5375463577936,94.45453330830894,127.64291925594114,4.246981836164631,94.45453330830894,0.0,3.9147761763239766,94.45453330830894,656.7694933151682,288.0329096840524,0.3,118.71272151492154,66.11698739778949,587.9686934728985,44652.99260557604,0.3633394611626443,8500.907997747805,2835.6786569420515,96.59281241382261,15.656555254770845,1.0,0.4777777777777778,0.2535,8407.077211258069,1368.5243083302025,Wh,1368.5243083302025,Wh
34,ea1c72424454c402f368e824b8ceaff3,RollingRegression,"{""regression_model"": {""model"": ""BayesianRidge"", ""model_params"": {}}, ""holiday"": false, ""mean_rolling_periods"": 30, ""macd_periods"": 60, ""std_rolling_periods"": null, ""max_rolling_periods"": 364, ""min_rolling_periods"": 7, ""ewm_var_alpha"": null, ""quantile90_rolling_periods"": null, ""quantile10_rolling_periods"": null, ""ewm_alpha"": null, ""additional_lag_periods"": 27, ""abs_energy"": false, ""rolling_autocorr_periods"": 7, ""nonzero_last_n"": null, ""add_date_part"": null, ""polynomial_degree"": null, ""x_transform"": null, ""regression_type"": null}","{""fillna"": ""ffill"", ""transformations"": {""0"": ""Scaler"", ""1"": ""DifferencedTransformer"", ""2"": ""DifferencedTransformer""}, ""transformation_params"": {""0"": {}, ""1"": {""lag"": 1, ""fill"": ""one""}, ""2"": {""lag"": 1, ""fill"": ""bfill""}}}",0,1,185.05158897933268,5.629212987694022,5.787802494601496,0.661079177406605,5.629212987694022,0.0,-506.62916889246196,5.629212987694022,0.0,1.8537103218177957,674.9575178761276,1.0,0.5333333333333333,6.759950160980225,0.7,4.614930128747571,5.455986297765308,23.07026356789925,54.91663734056569,0.021088055153216802,506.62916889246196,316.62974280301586,19.85755178997275,0.933084745599523,185.05158897933268,5.629212987694022,5.787802494601496,0.661079177406605,5.629212987694022,0.0,5.629212987694022,1.8537103218177957,674.9575178761276,6.759950160980225,0.7,4.614930128747571,5.455986297765308,23.07026356789925,54.91663734056569,0.021088055153216802,506.62916889246196,316.62974280301586,19.85755178997275,0.933084745599523,1.0,0.5333333333333333,5.4459,7805.649639902486,81.56003254265909,Wh,81.56003254265909,Wh
35,42d4ddcfd7e17a25a421b17c1f45bdca,DatepartRegression,"{""regression_model"": {""model"": ""ElasticNet"", ""model_params"": {""l1_ratio"": 0.5, ""fit_intercept"": false, ""selection"": ""cyclic"", ""max_iter"": 1000}}, ""datepart_method"": ""anchored_warped_fourier:us_school"", ""polynomial_degree"": null, ""holiday_countries_used"": true, ""lags"": null, ""forward_lags"": null, ""regression_type"": null}","{""fillna"": ""ffill"", ""transformations"": {""0"": ""Scaler"", ""1"": ""DifferencedTransformer"", ""2"": ""DifferencedTransformer""}, ""transformation_params"": {""0"": {}, ""1"": {""lag"": 1, ""fill"": ""zero""}, ""2"": {""lag"": 1, ""fill"": ""zero""}}}",0,1,40.49511077314632,3.206688732571072,3.660986339075524,0.6467644738383529,3.206688732571072,0.0,-0.41277122497558594,1.331796316452782,288.1892147064209,3.2062061205057666,680.0612404131962,1.0,0.4666666666666667,7.03075647354126,0.3,4.008156168441855,2.704664763651396,16.68098453727597,27.1317525763044,0.0,287.7764434814453,133.01850031144744,23.759704462992985,0.5300125339060697,40.49511077314632,3.206688732571072,3.660986339075524,0.6467644738383529,3.206688732571072,0.0,1.331796316452782,3.2062061205057666,680.0612404131962,7.03075647354126,0.3,4.008156168441855,2.704664763651396,16.68098453727597,27.1317525763044,0.0,287.7764434814453,133.01850031144744,23.759704462992985,0.5300125339060697,1.0,0.4666666666666667,1.0211,7745.232422853657,46.46078198753897,Wh,46.46078198753897,Wh
36,73d28bba98e02d814c696a2d14c734d4,RollingRegression,"{""regression_model"": {""model"": ""ExtraTrees"", ""model_params"": {""n_estimators"": 100, ""min_samples_leaf"": 1, ""max_depth"": 10}}, ""holiday"": false, ""mean_rolling_periods"": null, ""macd_periods"": null, ""std_rolling_periods"": null, ""max_rolling_periods"": 420, ""min_rolling_periods"": null, ""ewm_var_alpha"": null, ""quantile90_rolling_periods"": null, ""quantile10_rolling_periods"": null, ""ewm_alpha"": null, ""additional_lag_periods"": 90, ""abs_energy"": false, ""rolling_autocorr_periods"": null, ""nonzero_last_n"": null, ""add_date_part"": null, ""polynomial_degree"": null, ""x_transform"": null, ""regression_type"": null}","{""fillna"": ""ffill"", ""transformations"": {""0"": ""Scaler"", ""1"": ""DifferencedTransformer"", ""2"": ""DifferencedTransformer""}, ""transformation_params"": {""0"": {}, ""1"": {""lag"": 1, ""fill"": ""bfill""}, ""2"": {""lag"": 7, ""fill"": ""bfill""}}}",0,1,193.32075633854794,5.865195839132025,5.935855559668651,0.6869788888866178,5.865195839132025,0.0,-527.8676255218822,5.865195839132025,0.0,1.9136468725940277,659.3488044557413,1.0,0.5333333333333333,6.759950160980225,0.7,4.718247541264702,5.735439674468206,23.333823873590173,58.82379114918643,0.021079372101730737,527.8676255218822,343.18602503044497,20.151379256895623,0.9722006929586369,193.32075633854794,5.865195839132025,5.935855559668651,0.6869788888866178,5.865195839132025,0.0,5.865195839132025,1.9136468725940277,659.3488044557413,6.759950160980225,0.7,4.718247541264702,5.735439674468206,23.333823873590173,58.82379114918643,0.021079372101730737,527.8676255218822,343.18602503044497,20.151379256895623,0.9722006929586369,1.0,0.5333333333333333,2.7193,7636.516814204776,84.9791195597729,Wh,84.9791195597729,Wh
37,6dd422209055541c56e123dcec0fabdb,WindowRegression,"{""window_size"": 10, ""input_dim"": ""univariate"", ""output_dim"": ""1step"", ""normalize_window"": false, ""max_windows"": 5000000, ""fourier_encoding_components"": null, ""scale"": true, ""datepart_method"": null, ""regression_type"": null, ""regression_model"": {""model"": ""HistGradientBoost"", ""model_params"": {""loss"": ""squared_error"", ""learning_rate"": 0.01, ""max_depth"": 20, ""min_samples_leaf"": 20, ""max_iter"": 250, ""l2_regularization"": 0}}}","{""fillna"": ""seasonal_linear_window_3"", ""transformations"": {""0"": ""DifferencedTransformer"", ""1"": ""DifferencedTransformer""}, ""transformation_params"": {""0"": {""lag"": 1, ""fill"": ""bfill""}, ""1"": {""lag"": 1, ""fill"": ""zero""}}}",0,1,145.11532538009698,118.66121071659265,160.30856405665747,5.219670288673147,118.66121071659265,0.0,-0.3471188890203436,3.957102819380291,10679.161845604316,118.66066459733256,552.8486397568257,1.0,0.5,353.07607162773627,0.3,148.59647920954603,84.29344773813985,738.0489931238308,68693.23248792317,0.12510845157022427,10678.814726715296,3522.4414116126063,129.84969880479733,19.667717009591705,145.11532538009698,118.66121071659265,160.30856405665747,5.219670288673147,118.66121071659265,0.0,3.957102819380291,118.66066459733256,552.8486397568257,353.07607162773627,0.3,148.59647920954603,84.29344773813985,738.0489931238308,68693.23248792317,0.12510845157022427,10678.814726715296,3522.4414116126063,129.84969880479733,19.667717009591705,1.0,0.5,1.2573,7455.482171171915,1719.247828915632,Wh,1719.247828915632,Wh
38,89438b7ea5f7a49bdad61c493d0d2edb,WindowRegression,"{""window_size"": 10, ""input_dim"": ""univariate"", ""output_dim"": ""1step"", ""normalize_window"": false, ""max_windows"": 5000000, ""fourier_encoding_components"": null, ""scale"": true, ""datepart_method"": null, ""regression_type"": null, ""regression_model"": {""model"": ""HistGradientBoost"", ""model_params"": {""loss"": ""squared_error"", ""learning_rate"": 0.01, ""max_depth"": 20, ""min_samples_leaf"": 20, ""max_iter"": 250, ""l2_regularization"": 0}}}","{""fillna"": ""ffill"", ""transformations"": {""0"": ""Scaler"", ""1"": ""DifferencedTransformer"", ""2"": ""Scaler"", ""3"": ""DifferencedTransformer""}, ""transformation_params"": {""0"": {}, ""1"": {""lag"": 1, ""fill"": ""bfill""}, ""2"": {}, ""3"": {""lag"": 1, ""fill"": ""bfill""}}}",0,1,145.11532538009698,118.66121071659265,160.30856405665747,5.219670288673147,118.66121071659265,0.0,-0.3471188890203436,3.957102819380291,10679.161845604316,118.66066459733256,552.8486397568257,1.0,0.5,353.07607162773627,0.3,148.59647920954603,84.29344773813985,738.0489931238308,68693.23248792317,0.12510845157022427,10678.814726715296,3522.4414116126063,129.84969880479733,19.667717009591705,145.11532538009698,118.66121071659265,160.30856405665747,5.219670288673147,118.66121071659265,0.0,3.957102819380291,118.66066459733256,552.8486397568257,353.07607162773627,0.3,148.59647920954603,84.29344773813985,738.0489931238308,68693.23248792317,0.12510845157022427,10678.814726715296,3522.4414116126063,129.84969880479733,19.667717009591705,1.0,0.5,1.0268,7455.482107145656,1719.247828915632,Wh,1719.247828915632,Wh
39,594089729de9f72e71dd115edd4b042e,DatepartRegression,"{""regression_model"": {""model"": ""DecisionTree"", ""model_params"": {""max_depth"": 3, ""min_samples_split"": 2}}, ""datepart_method"": ""recurring"", ""polynomial_degree"": null, ""holiday_countries_used"": false, ""lags"": null, ""forward_lags"": null, ""regression_type"": null}","{""fillna"": ""ffill"", ""transformations"": {""0"": ""DifferencedTransformer"", ""1"": ""DifferencedTransformer"", ""2"": ""Scaler""}, ""transformation_params"": {""0"": {""lag"": 1, ""fill"": ""bfill""}, ""1"": {""lag"": 1, ""fill"": ""bfill""}, ""2"": {}}}",0,1,168.04576530757086,5.160758087143222,5.501017319667985,0.6725017621872575,5.160758087143222,0.0,-461.51645742108025,5.151477847977689,2.951770421809681,1.7375864331121083,642.8349842226844,1.0,0.5444444444444444,6.759950160980225,0.7,4.5028692254079905,4.901237073428834,22.461022553175077,50.43261853612642,0.06383730153868916,458.5646869992706,260.2487041872896,17.106964656073153,0.8445619411235713,168.04576530757086,5.160758087143222,5.501017319667985,0.6725017621872575,5.160758087143222,0.0,5.151477847977689,1.7375864331121083,642.8349842226844,6.759950160980225,0.7,4.5028692254079905,4.901237073428834,22.461022553175077,50.43261853612642,0.06383730153868916,458.5646869992706,260.2487041872896,17.106964656073153,0.8445619411235713,1.0,0.5444444444444444,0.1317,7427.431197177995,74.77272550396367,Wh,74.77272550396367,Wh
40,596609568300aae01ffeb7ac8d2c9f98,RollingRegression,"{""regression_model"": {""model"": ""ExtraTrees"", ""model_params"": {""n_estimators"": 100, ""min_samples_leaf"": 1, ""max_depth"": 10}}, ""holiday"": false, ""mean_rolling_periods"": null, ""macd_periods"": null, ""std_rolling_periods"": null, ""max_rolling_periods"": 420, ""min_rolling_periods"": null, ""ewm_var_alpha"": null, ""quantile90_rolling_periods"": null, ""quantile10_rolling_periods"": null, ""ewm_alpha"": null, ""additional_lag_periods"": 363, ""abs_energy"": false, ""rolling_autocorr_periods"": null, ""nonzero_last_n"": null, ""add_date_part"": null, ""polynomial_degree"": null, ""x_transform"": null, ""regression_type"": null}","{""fillna"": ""ffill"", ""transformations"": {""0"": ""DifferencedTransformer"", ""1"": ""Scaler"", ""2"": ""DifferencedTransformer""}, ""transformation_params"": {""0"": {""lag"": 1, ""fill"": ""bfill""}, ""1"": {}, ""2"": {""lag"": 1, ""fill"": ""bfill""}}}",0,1,138.9461082066282,4.73033512124847,5.118221926901555,0.7357776939384202,4.73033512124847,0.0,-350.1837435149645,4.258120342831963,75.54641739739782,2.1227675498012917,642.0727332519615,1.0,0.5222222222222223,6.759950160980225,0.4888888888888889,4.700248721965406,4.393404480141605,21.484900324904746,45.082755889390846,0.060088931256805436,274.63732611756666,118.97129420805142,12.13878211496062,0.5058135522136451,138.9461082066282,4.73033512124847,5.118221926901555,0.7357776939384202,4.73033512124847,0.0,4.258120342831963,2.1227675498012917,642.0727332519615,6.759950160980225,0.4888888888888889,4.700248721965406,4.393404480141605,21.484900324904746,45.082755889390846,0.060088931256805436,274.63732611756666,118.97129420805142,12.13878211496062,0.5058135522136451,1.0,0.5222222222222223,2.7216,7395.080737539439,68.53645212396769,Wh,68.53645212396769,Wh
41,11248521af6a4b409267345cc30652e8,DatepartRegression,"{""regression_model"": {""model"": ""ElasticNet"", ""model_params"": {""l1_ratio"": 0.5, ""fit_intercept"": true, ""selection"": ""cyclic"", ""max_iter"": 1000}}, ""datepart_method"": ""common_fourier"", ""polynomial_degree"": null, ""holiday_countries_used"": false, ""lags"": 4, ""forward_lags"": 1, ""regression_type"": null}","{""fillna"": ""ffill"", ""transformations"": {""0"": ""DifferencedTransformer"", ""1"": ""Scaler"", ""2"": ""DifferencedTransformer""}, ""transformation_params"": {""0"": {""lag"": 1, ""fill"": ""bfill""}, ""1"": {}, ""2"": {""lag"": 1, ""fill"": ""zero""}}}",0,1,173.94766433304045,5.320097861025069,5.6061969870111685,0.6652557307053296,5.320097861025069,0.0,-478.2339609861374,5.319276930300233,0.5748465061187744,1.7690009462103014,638.2546069131553,1.0,0.5444444444444444,6.759950160980225,0.7111111111111111,4.5283177528785235,5.089928910920494,22.686100867969472,51.972154799140455,0.01738717127476501,477.6591144800186,282.03604286668815,20.032578087512494,0.8797291207930548,173.94766433304045,5.320097861025069,5.6061969870111685,0.6652557307053296,5.320097861025069,0.0,5.319276930300233,1.7690009462103014,638.2546069131553,6.759950160980225,0.7111111111111111,4.5283177528785235,5.089928910920494,22.686100867969472,51.972154799140455,0.01738717127476501,477.6591144800186,282.03604286668815,20.032578087512494,0.8797291207930548,1.0,0.5444444444444444,0.1715,7380.8565971546695,77.08135322360286,Wh,77.08135322360286,Wh
42,00aa254472569c6561f72aef80356b46,RollingRegression,"{""regression_model"": {""model"": ""ElasticNet"", ""model_params"": {""l1_ratio"": 0.5, ""fit_intercept"": false, ""selection"": ""cyclic"", ""max_iter"": 1000}}, ""holiday"": false, ""mean_rolling_periods"": null, ""macd_periods"": null, ""std_rolling_periods"": 30, ""max_rolling_periods"": null, ""min_rolling_periods"": null, ""ewm_var_alpha"": null, ""quantile90_rolling_periods"": null, ""quantile10_rolling_periods"": null, ""ewm_alpha"": null, ""additional_lag_periods"": 90, ""abs_energy"": false, ""rolling_autocorr_periods"": null, ""nonzero_last_n"": null, ""add_date_part"": null, ""polynomial_degree"": null, ""x_transform"": null, ""regression_type"": null}","{""fillna"": ""ffill"", ""transformations"": {""0"": ""Scaler"", ""1"": ""DifferencedTransformer"", ""2"": ""DifferencedTransformer""}, ""transformation_params"": {""0"": {}, ""1"": {""lag"": 1, ""fill"": ""bfill""}, ""2"": {""lag"": 1, ""fill"": ""bfill""}}}",0,1,24.565074629666157,1.277023793003928,1.5607290590767875,0.6355736018378069,1.277023793003928,0.0,-112.33139759577415,1.269271242840546,2.6007437745793816,0.7488482356978003,646.3108606854668,1.0,0.5333333333333333,3.1252627344423214,0.7,2.009177581774369,1.0161802307106718,6.8298171461638715,5.5944734967001954,0.0012928416699406742,109.73065382119475,45.282960313751104,25.412424945626746,0.20209653429361052,24.565074629666157,1.277023793003928,1.5607290590767875,0.6355736018378069,1.277023793003928,0.0,1.269271242840546,0.7488482356978003,646.3108606854668,3.1252627344423214,0.7,2.009177581774369,1.0161802307106718,6.8298171461638715,5.5944734967001954,0.0012928416699406742,109.73065382119475,45.282960313751104,25.412424945626746,0.20209653429361052,1.0,0.5333333333333333,0.3593,7336.326379758259,18.502426954325728,Wh,18.502426954325728,Wh
43,a19f7776fb433544742888159a1556f9,WindowRegression,"{""window_size"": 10, ""input_dim"": ""univariate"", ""output_dim"": ""1step"", ""normalize_window"": false, ""max_windows"": 5000000, ""fourier_encoding_components"": null, ""scale"": true, ""datepart_method"": null, ""regression_type"": null, ""regression_model"": {""model"": ""HistGradientBoost"", ""model_params"": {""loss"": ""squared_error"", ""learning_rate"": 0.01, ""max_depth"": 20, ""min_samples_leaf"": 20, ""max_iter"": 250, ""l2_regularization"": 0}}}","{""fillna"": ""zero"", ""transformations"": {""0"": ""DifferencedTransformer"", ""1"": ""DifferencedTransformer""}, ""transformation_params"": {""0"": {""lag"": 2, ""fill"": ""bfill""}, ""1"": {""lag"": 1, ""fill"": ""bfill""}}}",0,1,164.48018954928932,253.0198955620097,347.16590817784555,11.588092289225244,253.0198955620097,0.0,0.0,4.7667656078990746,22771.790600580873,253.0198955620097,390.7167407697726,0.9888888888888889,0.5,790.5546609204258,0.3,322.213349837408,175.30012871396235,1594.3638436504248,333517.3589589182,0.33432263208884,22771.790600580873,7338.045989393907,308.05557879147096,41.93996663444926,164.48018954928932,253.0198955620097,347.16590817784555,11.588092289225244,253.0198955620097,0.0,4.7667656078990746,253.0198955620097,390.7167407697726,790.5546609204258,0.3,322.213349837408,175.30012871396235,1594.3638436504248,333517.3589589182,0.33432263208884,22771.790600580873,7338.045989393907,308.05557879147096,41.93996663444926,0.9888888888888889,0.5,1.0064,6903.802494493769,3665.9318027387835,Wh,3665.9318027387835,Wh
44,f22f137bb10da727729208ba70bb1985,RollingRegression,"{""regression_model"": {""model"": ""RANSAC"", ""model_params"": {}}, ""holiday"": false, ""mean_rolling_periods"": null, ""macd_periods"": null, ""std_rolling_periods"": null, ""max_rolling_periods"": null, ""min_rolling_periods"": 7, ""ewm_var_alpha"": null, ""quantile90_rolling_periods"": null, ""quantile10_rolling_periods"": null, ""ewm_alpha"": null, ""additional_lag_periods"": 3, ""abs_energy"": false, ""rolling_autocorr_periods"": null, ""nonzero_last_n"": null, ""add_date_part"": null, ""polynomial_degree"": null, ""x_transform"": null, ""regression_type"": null}","{""fillna"": ""ffill_mean_biased"", ""transformations"": {""0"": ""Scaler"", ""1"": ""DifferencedTransformer"", ""2"": ""DifferencedTransformer"", ""3"": ""Scaler""}, ""transformation_params"": {""0"": {}, ""1"": {""lag"": 7, ""fill"": ""bfill""}, ""2"": {""lag"": 2, ""fill"": ""bfill""}, ""3"": {}}}",0,1,176.90956105724885,10.72479607821388,14.411530381327042,1.6561300773119203,10.72479607821388,0.0,-389.7702594717125,5.150435550288254,575.4613875675367,7.802872573389818,588.8611681698983,0.9555555555555556,0.5444444444444444,36.5950859303141,0.5222222222222223,13.872974890641247,6.886375301946074,29.239712574810255,1844.8237916747905,0.409779912587689,185.69112809582413,494.1940951753557,66.75941128255367,0.3419968088259801,176.90956105724885,10.72479607821388,14.411530381327042,1.6561300773119203,10.72479607821388,0.0,5.150435550288254,7.802872573389818,588.8611681698983,36.5950859303141,0.5222222222222223,13.872974890641247,6.886375301946074,29.239712574810255,1844.8237916747905,0.409779912587689,185.69112809582413,494.1940951753557,66.75941128255367,0.3419968088259801,0.9555555555555556,0.5444444444444444,0.4655,6880.016012610569,155.38845644403818,Wh,155.38845644403818,Wh
45,2ac9fd451ebbb752f7df580e1e2191e9,WindowRegression,"{""window_size"": 10, ""input_dim"": ""univariate"", ""output_dim"": ""1step"", ""normalize_window"": false, ""max_windows"": 5000000, ""fourier_encoding_components"": null, ""scale"": true, ""datepart_method"": null, ""regression_type"": null, ""regression_model"": {""model"": ""HistGradientBoost"", ""model_params"": {""loss"": ""squared_error"", ""learning_rate"": 0.01, ""max_depth"": 20, ""min_samples_leaf"": 20, ""max_iter"": 250, ""l2_regularization"": 0}}}","{""fillna"": ""quadratic"", ""transformations"": {""0"": ""DifferencedTransformer"", ""1"": ""Scaler"", ""2"": ""DifferencedTransformer""}, ""transformation_params"": {""0"": {""lag"": 1, ""fill"": ""zero""}, ""1"": {}, ""2"": {""lag"": 1, ""fill"": ""bfill""}}}",0,1,115.55582127093243,25.72150391506881,30.60659830042058,1.0216751523042893,25.72150391506881,0.0,-2.307117163490375,2.8748774401173716,2312.6282351927025,25.715129055501492,574.1590531347811,1.0,0.5,50.63363737367585,0.32222222222222224,28.43083683244034,21.659436398195098,140.12621840616112,1927.9124176986165,0.048091450337193094,2310.3211180292114,967.7851657176255,9.419195824283507,4.255036079707189,115.55582127093243,25.72150391506881,30.60659830042058,1.0216751523042893,25.72150391506881,0.0,2.8748774401173716,25.715129055501492,574.1590531347811,50.63363737367585,0.32222222222222224,28.43083683244034,21.659436398195098,140.12621840616112,1927.9124176986165,0.048091450337193094,2310.3211180292114,967.7851657176255,9.419195824283507,4.255036079707189,1.0,0.5,1.1159,6797.679284626575,372.6714020139638,Wh,372.6714020139638,Wh
46,6ac62d3e02a8800b12f114b5f2ec5311,DatepartRegression,"{""regression_model"": {""model"": ""Adaboost"", ""model_params"": {""n_estimators"": 50, ""loss"": ""linear"", ""estimator"": null, ""learning_rate"": 1, ""max_depth"": 3}}, ""datepart_method"": ""recurring"", ""polynomial_degree"": 2, ""holiday_countries_used"": false, ""lags"": null, ""forward_lags"": 2, ""regression_type"": null}","{""fillna"": ""ffill"", ""transformations"": {""0"": ""Scaler"", ""1"": ""DifferencedTransformer"", ""2"": ""DifferencedTransformer""}, ""transformation_params"": {""0"": {}, ""1"": {""lag"": 2, ""fill"": ""bfill""}, ""2"": {""lag"": 1, ""fill"": ""bfill""}}}",0,1,159.21528339366753,34.98653727721905,61.66414920068746,3.3613230202237343,34.98653727721905,0.0,-258.8981342283117,4.604437817385219,2889.890220721403,33.05541815465228,523.61146741996,0.9888888888888889,0.45555555555555555,182.5626760080703,0.5555555555555556,59.32377156194266,15.670476304991404,255.62427059774734,14382.828585593408,0.27795522277855855,2630.992086493091,452.50839548642097,41.16598650876234,4.845632135762112,159.21528339366753,34.98653727721905,61.66414920068746,3.3613230202237343,34.98653727721905,0.0,4.604437817385219,33.05541815465228,523.61146741996,182.5626760080703,0.5555555555555556,59.32377156194266,15.670476304991404,255.62427059774734,14382.828585593408,0.27795522277855855,2630.992086493091,452.50839548642097,41.16598650876234,4.845632135762112,0.9888888888888889,0.45555555555555555,0.1766,6401.990066231858,506.9097803055173,Wh,506.9097803055173,Wh
47,b99461ee7123ba10f868ff876555ef30,WindowRegression,"{""window_size"": 10, ""input_dim"": ""univariate"", ""output_dim"": ""forecast_length"", ""normalize_window"": false, ""max_windows"": 50000, ""fourier_encoding_components"": null, ""scale"": true, ""datepart_method"": null, ""regression_type"": null, ""regression_model"": {""model"": ""KNN"", ""model_params"": {""n_neighbors"": 10, ""weights"": ""uniform"", ""p"": 2, ""leaf_size"": 30}}}","{""fillna"": ""ffill"", ""transformations"": {""0"": ""DifferencedTransformer"", ""1"": ""Scaler"", ""2"": ""DifferencedTransformer""}, ""transformation_params"": {""0"": {""lag"": 1, ""fill"": ""zero""}, ""1"": {}, ""2"": {""lag"": 1, ""fill"": ""one""}}}",0,1,175.5880565166229,5.429704371260272,5.622345400153477,0.7045751082301925,5.429704371260272,0.0,-488.6733934134245,5.429704371260272,0.0,1.82025000972085,550.3447056116509,1.0,0.5111111111111111,6.759950160980225,0.7,4.5631364168987005,5.219726094093762,22.8047229350936,52.42934161940739,0.11145713073904352,488.6733934134245,295.96138149051404,19.29174874867355,0.9000146793190399,175.5880565166229,5.429704371260272,5.622345400153477,0.7045751082301925,5.429704371260272,0.0,5.429704371260272,1.82025000972085,550.3447056116509,6.759950160980225,0.7,4.5631364168987005,5.219726094093762,22.8047229350936,52.42934161940739,0.11145713073904352,488.6733934134245,295.96138149051404,19.29174874867355,0.9000146793190399,1.0,0.5111111111111111,0.1472,6388.578769916875,78.66941012626634,Wh,78.66941012626634,Wh
48,6650c93875584468f1e10785d8b1604a,WindowRegression,"{""window_size"": 28, ""input_dim"": ""univariate"", ""output_dim"": ""forecast_length"", ""normalize_window"": false, ""max_windows"": 5000000, ""fourier_encoding_components"": null, ""scale"": true, ""datepart_method"": null, ""regression_type"": null, ""regression_model"": {""model"": ""KNN"", ""model_params"": {""n_neighbors"": 5, ""weights"": ""uniform"", ""p"": 2, ""leaf_size"": 30}}}","{""fillna"": ""ffill"", ""transformations"": {""0"": ""DifferencedTransformer"", ""1"": ""DifferencedTransformer"", ""2"": ""Scaler"", ""3"": ""Scaler""}, ""transformation_params"": {""0"": {""lag"": 1, ""fill"": ""bfill""}, ""1"": {""lag"": 1, ""fill"": ""bfill""}, ""2"": {}, ""3"": {}}}",0,1,108.51635219059072,17.57487755557134,19.991789935537117,0.987413334576092,17.57487755557134,0.0,0.0,2.7382922287271767,1581.7389800014207,17.57487755557134,539.5854110215471,1.0,0.4444444444444444,34.17631527723279,0.3,18.91889537731654,14.98648969516829,92.1607960378871,836.9862351954266,0.4598122039484249,1581.7389800014207,725.3147478776747,3.6605401478713886,2.91316924563566,108.51635219059072,17.57487755557134,19.991789935537117,0.987413334576092,17.57487755557134,0.0,2.7382922287271767,17.57487755557134,539.5854110215471,34.17631527723279,0.3,18.91889537731654,14.98648969516829,92.1607960378871,836.9862351954266,0.4598122039484249,1581.7389800014207,725.3147478776747,3.6605401478713886,2.91316924563566,1.0,0.4444444444444444,5.0939,6327.420063651612,254.63729805555562,Wh,254.63729805555562,Wh
49,b0c9fbdcadda205647359b446da80b0d,DatepartRegression,"{""regression_model"": {""model"": ""ElasticNet"", ""model_params"": {""l1_ratio"": 0.5, ""fit_intercept"": true, ""selection"": ""cyclic"", ""max_iter"": 1000}}, ""datepart_method"": ""anchored_segment_fourier:us_school"", ""polynomial_degree"": null, ""holiday_countries_used"": false, ""lags"": null, ""forward_lags"": 3, ""regression_type"": null}","{""fillna"": ""ffill"", ""transformations"": {""0"": ""Scaler"", ""1"": ""DifferencedTransformer"", ""2"": ""DifferencedTransformer""}, ""transformation_params"": {""0"": {}, ""1"": {""lag"": 7, ""fill"": ""bfill""}, ""2"": {""lag"": 1, ""fill"": ""bfill""}}}",0,1,175.7637890367688,10.015709583792422,13.518152360358826,1.6697916948505842,10.015709583792422,0.0,-395.16224075853825,5.1385111096578475,506.2516217827797,7.054205634101411,535.9146890637164,0.9555555555555556,0.5444444444444444,37.529932007193565,0.5333333333333333,12.617436869307214,6.351600873823228,28.185521632438505,1892.8962696610188,0.3929022838472245,111.08938102424145,414.2926056468028,70.29962615730854,0.20459897139048264,175.7637890367688,10.015709583792422,13.518152360358826,1.6697916948505842,10.015709583792422,0.0,5.1385111096578475,7.054205634101411,535.9146890637164,37.529932007193565,0.5333333333333333,12.617436869307214,6.351600873823228,28.185521632438505,1892.8962696610188,0.3929022838472245,111.08938102424145,414.2926056468028,70.29962615730854,0.20459897139048264,0.9555555555555556,0.5444444444444444,2.6566,6273.957383426918,145.11470810887968,Wh,145.11470810887968,Wh
50,43773451abf07a8d0bf81f943bbe5e2e,DatepartRegression,"{""regression_model"": {""model"": ""ElasticNet"", ""model_params"": {""l1_ratio"": 0.5, ""fit_intercept"": true, ""selection"": ""cyclic"", ""max_iter"": 1000}}, ""datepart_method"": [""constant"", ""year"", ""hour""], ""polynomial_degree"": null, ""holiday_countries_used"": false, ""lags"": null, ""forward_lags"": null, ""regression_type"": null}","{""fillna"": ""fake_date"", ""transformations"": {""0"": ""Scaler"", ""1"": ""DifferencedTransformer"", ""2"": ""DifferencedTransformer"", ""3"": ""Scaler"", ""4"": ""Scaler"", ""5"": ""Scaler""}, ""transformation_params"": {""0"": {}, ""1"": {""lag"": 7, ""fill"": ""bfill""}, ""2"": {""lag"": 1, ""fill"": ""bfill""}, ""3"": {}, ""4"": {}, ""5"": {}}}",0,1,175.7637890367688,10.015709583792422,13.518152360358826,1.6697916948505842,10.015709583792422,0.0,-395.16224075853825,5.1385111096578475,506.2516217827797,7.054205634101411,535.9146890637164,0.9555555555555556,0.5444444444444444,37.529932007193565,0.5333333333333333,12.617436869307214,6.351600873823228,28.185521632438505,1892.8962696610188,0.3929022838472245,111.08938102424145,414.2926056468028,70.29962615730854,0.20459897139048264,175.7637890367688,10.015709583792422,13.518152360358826,1.6697916948505842,10.015709583792422,0.0,5.1385111096578475,7.054205634101411,535.9146890637164,37.529932007193565,0.5333333333333333,12.617436869307214,6.351600873823228,28.185521632438505,1892.8962696610188,0.3929022838472245,111.08938102424145,414.2926056468028,70.29962615730854,0.20459897139048264,0.9555555555555556,0.5444444444444444,0.1413,6273.956684749051,145.11470810887968,Wh,145.11470810887968,Wh
51,1b094f76631fb2f50cda07dd2123b3d2,WindowRegression,"{""window_size"": 20, ""input_dim"": ""univariate"", ""output_dim"": ""forecast_length"", ""normalize_window"": false, ""max_windows"": 50000, ""fourier_encoding_components"": null, ""scale"": false, ""datepart_method"": null, ""regression_type"": null, ""regression_model"": {""model"": ""ElasticNet"", ""model_params"": {""l1_ratio"": 0.5, ""fit_intercept"": true, ""selection"": ""cyclic"", ""max_iter"": 200}}}","{""fillna"": ""zero"", ""transformations"": {""0"": ""Scaler"", ""1"": ""DifferencedTransformer"", ""2"": ""DifferencedTransformer""}, ""transformation_params"": {""0"": {}, ""1"": {""lag"": 1, ""fill"": ""bfill""}, ""2"": {""lag"": 1, ""fill"": ""bfill""}}}",0,1,73.04142619791807,7.782306874389549,8.830496155289566,0.7183569527942202,7.782306874389549,0.0,-0.1369477810541202,2.0224515920400847,700.2706709140054,7.7822113133418425,538.3037276305196,1.0,0.5111111111111111,15.58590900392231,0.3,8.650205750649713,6.629063510183857,40.64574187354312,164.609868973783,0.4330478199996894,700.1337231329512,323.44097279986215,6.271276644815967,1.2894719393344365,73.04142619791807,7.782306874389549,8.830496155289566,0.7183569527942202,7.782306874389549,0.0,2.0224515920400847,7.7822113133418425,538.3037276305196,15.58590900392231,0.3,8.650205750649713,6.629063510183857,40.64574187354312,164.609868973783,0.4330478199996894,700.1337231329512,323.44097279986215,6.271276644815967,1.2894719393344365,1.0,0.5111111111111111,0.0164,6204.019218007202,112.7555847184569,Wh,112.7555847184569,Wh
52,259f8ccbf86b6a65963683c7aeb41fb9,RollingRegression,"{""regression_model"": {""model"": ""ExtraTrees"", ""model_params"": {""n_estimators"": 100, ""min_samples_leaf"": 1, ""max_depth"": 10}}, ""holiday"": false, ""mean_rolling_periods"": null, ""macd_periods"": null, ""std_rolling_periods"": null, ""max_rolling_periods"": 28, ""min_rolling_periods"": null, ""ewm_var_alpha"": null, ""quantile90_rolling_periods"": null, ""quantile10_rolling_periods"": null, ""ewm_alpha"": null, ""additional_lag_periods"": 90, ""abs_energy"": false, ""rolling_autocorr_periods"": null, ""nonzero_last_n"": null, ""add_date_part"": null, ""polynomial_degree"": null, ""x_transform"": null, ""regression_type"": null}","{""fillna"": ""zero"", ""transformations"": {""0"": ""DifferencedTransformer"", ""1"": ""DifferencedTransformer""}, ""transformation_params"": {""0"": {""lag"": 1, ""fill"": ""zero""}, ""1"": {""lag"": 7, ""fill"": ""zero""}}}",0,1,194.43215039790226,5.89243453449688,5.955696751854039,0.7037140033056773,5.89243453449688,0.0,-530.3191081047192,5.89243453449688,0.0,1.9192781903686387,517.1875502240608,1.0,0.5333333333333333,7.003119945526123,0.7,4.734293592095699,5.7608779995066755,23.363034736307174,59.55263942708152,0.02908401023691912,530.3191081047192,346.3060332938188,20.187112903325875,0.9767157132981659,194.43215039790226,5.89243453449688,5.955696751854039,0.7037140033056773,5.89243453449688,0.0,5.89243453449688,1.9192781903686387,517.1875502240608,7.003119945526123,0.7,4.734293592095699,5.7608779995066755,23.363034736307174,59.55263942708152,0.02908401023691912,530.3191081047192,346.3060332938188,20.187112903325875,0.9767157132981659,1.0,0.5333333333333333,2.7173,6030.028967469383,85.37377310818788,Wh,85.37377310818788,Wh
53,3f1df5a54195ef044753814fd81383ca,RollingRegression,"{""regression_model"": {""model"": ""ExtraTrees"", ""model_params"": {""n_estimators"": 100, ""min_samples_leaf"": 1, ""max_depth"": 10}}, ""holiday"": false, ""mean_rolling_periods"": null, ""macd_periods"": null, ""std_rolling_periods"": null, ""max_rolling_periods"": 28, ""min_rolling_periods"": null, ""ewm_var_alpha"": null, ""quantile90_rolling_periods"": null, ""quantile10_rolling_periods"": null, ""ewm_alpha"": null, ""additional_lag_periods"": 90, ""abs_energy"": false, ""rolling_autocorr_periods"": null, ""nonzero_last_n"": null, ""add_date_part"": null, ""polynomial_degree"": null, ""x_transform"": null, ""regression_type"": null}","{""fillna"": ""rolling_mean"", ""transformations"": {""0"": ""Scaler"", ""1"": ""Scaler"", ""2"": ""DifferencedTransformer"", ""3"": ""DifferencedTransformer""}, ""transformation_params"": {""0"": {}, ""1"": {}, ""2"": {""lag"": 2, ""fill"": ""bfill""}, ""3"": {""lag"": 1, ""fill"": ""zero""}}}",0,1,171.02745860783543,6.4054749272847475,6.698311939422192,0.9787156794474454,6.4054749272847475,0.0,-419.81930815513135,5.107231123738044,156.6734353004959,3.259291992635965,508.64406648100686,0.9888888888888889,0.4888888888888889,11.960507516247397,0.5888888888888889,6.136076882998861,5.753194481435411,23.880215307351463,127.1668147324451,0.17175504813339326,263.1458728546355,143.20648006116903,12.296439793504376,0.4846491574200108,171.02745860783543,6.4054749272847475,6.698311939422192,0.9787156794474454,6.4054749272847475,0.0,5.107231123738044,3.259291992635965,508.64406648100686,11.960507516247397,0.5888888888888889,6.136076882998861,5.753194481435411,23.880215307351463,127.1668147324451,0.17175504813339326,263.1458728546355,143.20648006116903,12.296439793504376,0.4846491574200108,0.9888888888888889,0.4888888888888889,2.7493,5921.566212194783,92.80706639855565,Wh,92.80706639855565,Wh
54,4f3a34f9a29766d6a9a23b04c2f14c31,WindowRegression,"{""window_size"": 10, ""input_dim"": ""univariate"", ""output_dim"": ""1step"", ""normalize_window"": false, ""max_windows"": 5000000, ""fourier_encoding_components"": null, ""scale"": true, ""datepart_method"": null, ""regression_type"": null, ""regression_model"": {""model"": ""HistGradientBoost"", ""model_params"": {""loss"": ""squared_error"", ""learning_rate"": 0.01, ""max_depth"": 20, ""min_samples_leaf"": 20, ""max_iter"": 250, ""l2_regularization"": 0}}}","{""fillna"": ""ffill"", ""transformations"": {""0"": ""Scaler"", ""1"": ""DifferencedTransformer"", ""2"": ""DifferencedTransformer""}, ""transformation_params"": {""0"": {}, ""1"": {""lag"": 7, ""fill"": ""bfill""}, ""2"": {""lag"": 7, ""fill"": ""zero""}}}",0,1,185.4636403462036,7.161159565225541,8.530469302852534,1.5900462393028019,7.161159565225541,0.0,-469.2608742227951,5.537726131911604,175.24348664750357,3.6368285133146285,498.19634569515335,0.9666666666666667,0.5444444444444444,33.73774103274672,0.6666666666666666,6.5365392915258775,5.8504916486716425,24.68424651914016,1433.474945424675,0.4862136140837775,294.01738757529154,165.82907133358577,66.25487213799708,0.5415067985273463,185.4636403462036,7.161159565225541,8.530469302852534,1.5900462393028019,7.161159565225541,0.0,5.537726131911604,3.6368285133146285,498.19634569515335,33.73774103274672,0.6666666666666666,6.5365392915258775,5.8504916486716425,24.68424651914016,1433.474945424675,0.4862136140837775,294.01738757529154,165.82907133358577,66.25487213799708,0.5415067985273463,0.9666666666666667,0.5444444444444444,0.9702,5823.13628925966,103.7559617054441,Wh,103.7559617054441,Wh
55,0c6bae450f4a652b0035de128ca5c902,RollingRegression,"{""regression_model"": {""model"": ""ExtraTrees"", ""model_params"": {""n_estimators"": 100, ""min_samples_leaf"": 1, ""max_depth"": 10}}, ""holiday"": false, ""mean_rolling_periods"": null, ""macd_periods"": null, ""std_rolling_periods"": null, ""max_rolling_periods"": 28, ""min_rolling_periods"": null, ""ewm_var_alpha"": null, ""quantile90_rolling_periods"": null, ""quantile10_rolling_periods"": null, ""ewm_alpha"": null, ""additional_lag_periods"": 90, ""abs_energy"": false, ""rolling_autocorr_periods"": null, ""nonzero_last_n"": null, ""add_date_part"": null, ""polynomial_degree"": null, ""x_transform"": null, ""regression_type"": null}","{""fillna"": ""ffill"", ""transformations"": {""0"": ""Scaler"", ""1"": ""DifferencedTransformer"", ""2"": ""Scaler"", ""3"": ""DifferencedTransformer""}, ""transformation_params"": {""0"": {}, ""1"": {""lag"": 1, ""fill"": ""bfill""}, ""2"": {}, ""3"": {""lag"": 1, ""fill"": ""zero""}}}",0,1,196.8790750326292,5.953000014621738,5.996407147019344,0.7133530553883565,5.953000014621738,0.0,-535.7700013159564,5.953000014621738,0.0,1.932445765863221,496.93927516619175,1.0,0.5333333333333333,7.003119945526123,0.7,4.756153514675401,5.832600278601901,23.426232544288343,63.369788483723674,0.047954475797249874,535.7700013159564,353.32710034809924,20.266566982299604,0.9867549009675537,196.8790750326292,5.953000014621738,5.996407147019344,0.7133530553883565,5.953000014621738,0.0,5.953000014621738,1.932445765863221,496.93927516619175,7.003119945526123,0.7,4.756153514675401,5.832600278601901,23.426232544288343,63.369788483723674,0.047954475797249874,535.7700013159564,353.32710034809924,20.266566982299604,0.9867549009675537,1.0,0.5333333333333333,2.7292,5803.1977309225485,86.25128876459382,Wh,86.25128876459382,Wh
56,7431e1c51080854ca2c791cddb28effb,RollingRegression,"{""regression_model"": {""model"": ""ExtraTrees"", ""model_params"": {""n_estimators"": 100, ""min_samples_leaf"": 1, ""max_depth"": 10}}, ""holiday"": false, ""mean_rolling_periods"": null, ""macd_periods"": null, ""std_rolling_periods"": null, ""max_rolling_periods"": 28, ""min_rolling_periods"": null, ""ewm_var_alpha"": null, ""quantile90_rolling_periods"": null, ""quantile10_rolling_periods"": null, ""ewm_alpha"": null, ""additional_lag_periods"": 90, ""abs_energy"": false, ""rolling_autocorr_periods"": null, ""nonzero_last_n"": null, ""add_date_part"": null, ""polynomial_degree"": null, ""x_transform"": null, ""regression_type"": null}","{""fillna"": ""ffill_mean_biased"", ""transformations"": {""0"": ""Scaler"", ""1"": ""DifferencedTransformer"", ""2"": ""DifferencedTransformer""}, ""transformation_params"": {""0"": {}, ""1"": {""lag"": 1, ""fill"": ""bfill""}, ""2"": {""lag"": 1, ""fill"": ""zero""}}}",0,1,196.8790750326292,5.953000014621738,5.996407147019344,0.7133530553883565,5.953000014621738,0.0,-535.7700013159564,5.953000014621738,0.0,1.932445765863221,496.93927516619175,1.0,0.5333333333333333,7.003119945526123,0.7,4.756153514675401,5.832600278601901,23.426232544288343,63.369788483723674,0.047954475797249874,535.7700013159564,353.32710034809924,20.266566982299604,0.9867549009675537,196.8790750326292,5.953000014621738,5.996407147019344,0.7133530553883565,5.953000014621738,0.0,5.953000014621738,1.932445765863221,496.93927516619175,7.003119945526123,0.7,4.756153514675401,5.832600278601901,23.426232544288343,63.369788483723674,0.047954475797249874,535.7700013159564,353.32710034809924,20.266566982299604,0.9867549009675537,1.0,0.5333333333333333,2.7143,5803.197726783758,86.25128876459382,Wh,86.25128876459382,Wh
57,35562edeefe3f58a64b420f6aa122a68,RollingRegression,"{""regression_model"": {""model"": ""ExtraTrees"", ""model_params"": {""n_estimators"": 100, ""min_samples_leaf"": 1, ""max_depth"": 10}}, ""holiday"": false, ""mean_rolling_periods"": null, ""macd_periods"": null, ""std_rolling_periods"": null, ""max_rolling_periods"": 28, ""min_rolling_periods"": null, ""ewm_var_alpha"": null, ""quantile90_rolling_periods"": null, ""quantile10_rolling_periods"": null, ""ewm_alpha"": null, ""additional_lag_periods"": 90, ""abs_energy"": false, ""rolling_autocorr_periods"": null, ""nonzero_last_n"": null, ""add_date_part"": null, ""polynomial_degree"": null, ""x_transform"": null, ""regression_type"": null}","{""fillna"": ""ffill_mean_biased"", ""transformations"": {""0"": ""Scaler"", ""1"": ""DifferencedTransformer"", ""2"": ""DifferencedTransformer""}, ""transformation_params"": {""0"": {}, ""1"": {""lag"": 1, ""fill"": ""bfill""}, ""2"": {""lag"": 1, ""fill"": ""bfill""}}}",0,1,196.8790750326292,5.953000014621738,5.996407147019344,0.7133530553883565,5.953000014621738,0.0,-535.7700013159564,5.953000014621738,0.0,1.932445765863221,496.93927516619175,1.0,0.5333333333333333,7.003119945526123,0.7,4.756153514675401,5.832600278601901,23.426232544288343,63.369788483723674,0.047954475797249874,535.7700013159564,353.32710034809924,20.266566982299604,0.9867549009675537,196.8790750326292,5.953000014621738,5.996407147019344,0.7133530553883565,5.953000014621738,0.0,5.953000014621738,1.932445765863221,496.93927516619175,7.003119945526123,0.7,4.756153514675401,5.832600278601901,23.426232544288343,63.369788483723674,0.047954475797249874,535.7700013159564,353.32710034809924,20.266566982299604,0.9867549009675537,1.0,0.5333333333333333,2.7044,5803.197724033823,86.25128876459382,Wh,86.25128876459382,Wh
58,1f8a458409ec8d86f32453325ff44686,RollingRegression,"{""regression_model"": {""model"": ""ExtraTrees"", ""model_params"": {""n_estimators"": 100, ""min_samples_leaf"": 1, ""max_depth"": 10}}, ""holiday"": false, ""mean_rolling_periods"": null, ""macd_periods"": null, ""std_rolling_periods"": null, ""max_rolling_periods"": 28, ""min_rolling_periods"": 7, ""ewm_var_alpha"": null, ""quantile90_rolling_periods"": null, ""quantile10_rolling_periods"": null, ""ewm_alpha"": null, ""additional_lag_periods"": 90, ""abs_energy"": false, ""rolling_autocorr_periods"": null, ""nonzero_last_n"": null, ""add_date_part"": null, ""polynomial_degree"": null, ""x_transform"": null, ""regression_type"": null}","{""fillna"": ""fake_date"", ""transformations"": {""0"": ""Scaler"", ""1"": ""DifferencedTransformer"", ""2"": ""Scaler"", ""3"": ""DifferencedTransformer""}, ""transformation_params"": {""0"": {}, ""1"": {""lag"": 1, ""fill"": ""bfill""}, ""2"": {}, ""3"": {""lag"": 1, ""fill"": ""zero""}}}",0,1,196.62403153370533,5.941366556097854,5.992383849933762,0.7133530553883565,5.941366556097854,0.0,-534.7229900488069,5.941366556097854,0.0,1.928478978593279,450.095130260997,1.0,0.5333333333333333,7.003119945526123,0.7,4.749496696481399,5.81882381456046,23.414544407700475,59.81859750058062,0.05282391407884696,534.7229900488069,351.9562937748615,20.25130538889048,0.9848265669871321,196.62403153370533,5.941366556097854,5.992383849933762,0.7133530553883565,5.941366556097854,0.0,5.941366556097854,1.928478978593279,450.095130260997,7.003119945526123,0.7,4.749496696481399,5.81882381456046,23.414544407700475,59.81859750058062,0.05282391407884696,534.7229900488069,351.9562937748615,20.25130538889048,0.9848265669871321,1.0,0.5333333333333333,2.7834,5273.271033425332,86.08273496180365,Wh,86.08273496180365,Wh
59,5ebe179e24b74fb3c6a7069fc9717f34,RollingRegression,"{""regression_model"": {""model"": ""ExtraTrees"", ""model_params"": {""n_estimators"": 100, ""min_samples_leaf"": 1, ""max_depth"": 10}}, ""holiday"": false, ""mean_rolling_periods"": null, ""macd_periods"": null, ""std_rolling_periods"": null, ""max_rolling_periods"": 28, ""min_rolling_periods"": 7, ""ewm_var_alpha"": null, ""quantile90_rolling_periods"": null, ""quantile10_rolling_periods"": null, ""ewm_alpha"": null, ""additional_lag_periods"": 90, ""abs_energy"": false, ""rolling_autocorr_periods"": null, ""nonzero_last_n"": null, ""add_date_part"": null, ""polynomial_degree"": null, ""x_transform"": null, ""regression_type"": null}","{""fillna"": ""quadratic"", ""transformations"": {""0"": ""DifferencedTransformer"", ""1"": ""DifferencedTransformer""}, ""transformation_params"": {""0"": {""lag"": 1, ""fill"": ""bfill""}, ""1"": {""lag"": 1, ""fill"": ""zero""}}}",0,1,196.62403153370533,5.941366556097854,5.992383849933762,0.7133530553883565,5.941366556097854,0.0,-534.7229900488069,5.941366556097854,0.0,1.928478978593279,450.095130260997,1.0,0.5333333333333333,7.003119945526123,0.7,4.749496696481399,5.81882381456046,23.414544407700475,59.81859750058062,0.05282391407884696,534.7229900488069,351.9562937748615,20.25130538889048,0.9848265669871321,196.62403153370533,5.941366556097854,5.992383849933762,0.7133530553883565,5.941366556097854,0.0,5.941366556097854,1.928478978593279,450.095130260997,7.003119945526123,0.7,4.749496696481399,5.81882381456046,23.414544407700475,59.81859750058062,0.05282391407884696,534.7229900488069,351.9562937748615,20.25130538889048,0.9848265669871321,1.0,0.5333333333333333,2.7542,5273.271025314412,86.08273496180365,Wh,86.08273496180365,Wh
60,61a26c62cef83e1f53e17bfc1abcbf8e,RollingRegression,"{""regression_model"": {""model"": ""ExtraTrees"", ""model_params"": {""n_estimators"": 100, ""min_samples_leaf"": 1, ""max_depth"": 10}}, ""holiday"": false, ""mean_rolling_periods"": null, ""macd_periods"": null, ""std_rolling_periods"": null, ""max_rolling_periods"": 28, ""min_rolling_periods"": 7, ""ewm_var_alpha"": null, ""quantile90_rolling_periods"": null, ""quantile10_rolling_periods"": null, ""ewm_alpha"": null, ""additional_lag_periods"": 90, ""abs_energy"": false, ""rolling_autocorr_periods"": null, ""nonzero_last_n"": null, ""add_date_part"": null, ""polynomial_degree"": null, ""x_transform"": null, ""regression_type"": null}","{""fillna"": ""akima"", ""transformations"": {""0"": ""Scaler"", ""1"": ""DifferencedTransformer"", ""2"": ""DifferencedTransformer""}, ""transformation_params"": {""0"": {}, ""1"": {""lag"": 1, ""fill"": ""bfill""}, ""2"": {""lag"": 1, ""fill"": ""bfill""}}}",0,1,196.62403153370533,5.941366556097854,5.992383849933762,0.7133530553883565,5.941366556097854,0.0,-534.7229900488069,5.941366556097854,0.0,1.928478978593279,450.0951302609969,1.0,0.5333333333333333,7.003119945526123,0.7,4.749496696481399,5.81882381456046,23.414544407700475,59.81859750058062,0.05282391407884696,534.7229900488069,351.9562937748615,20.25130538889048,0.9848265669871321,196.62403153370533,5.941366556097854,5.992383849933762,0.7133530553883565,5.941366556097854,0.0,5.941366556097854,1.928478978593279,450.0951302609969,7.003119945526123,0.7,4.749496696481399,5.81882381456046,23.414544407700475,59.81859750058062,0.05282391407884696,534.7229900488069,351.9562937748615,20.25130538889048,0.9848265669871321,1.0,0.5333333333333333,2.7504,5273.27102425888,86.08273496180365,Wh,86.08273496180365,Wh
61,889a0d5ceac9e26e64342cbd98292ca5,RollingRegression,"{""regression_model"": {""model"": ""ExtraTrees"", ""model_params"": {""n_estimators"": 100, ""min_samples_leaf"": 1, ""max_depth"": 10}}, ""holiday"": false, ""mean_rolling_periods"": null, ""macd_periods"": null, ""std_rolling_periods"": null, ""max_rolling_periods"": 28, ""min_rolling_periods"": 7, ""ewm_var_alpha"": null, ""quantile90_rolling_periods"": null, ""quantile10_rolling_periods"": null, ""ewm_alpha"": null, ""additional_lag_periods"": 90, ""abs_energy"": false, ""rolling_autocorr_periods"": null, ""nonzero_last_n"": null, ""add_date_part"": null, ""polynomial_degree"": null, ""x_transform"": null, ""regression_type"": null}","{""fillna"": ""ffill"", ""transformations"": {""0"": ""DifferencedTransformer"", ""1"": ""DifferencedTransformer"", ""2"": ""Scaler""}, ""transformation_params"": {""0"": {""lag"": 1, ""fill"": ""bfill""}, ""1"": {""lag"": 1, ""fill"": ""bfill""}, ""2"": {}}}",0,1,196.62403153370533,5.941366556097854,5.992383849933762,0.7133530553883565,5.941366556097854,0.0,-534.7229900488069,5.941366556097854,0.0,1.928478978593279,450.095130260997,1.0,0.5333333333333333,7.003119945526123,0.7,4.749496696481399,5.81882381456046,23.414544407700475,59.81859750058062,0.05282391407884696,534.7229900488069,351.9562937748615,20.25130538889048,0.9848265669871321,196.62403153370533,5.941366556097854,5.992383849933762,0.7133530553883565,5.941366556097854,0.0,5.941366556097854,1.928478978593279,450.095130260997,7.003119945526123,0.7,4.749496696481399,5.81882381456046,23.414544407700475,59.81859750058062,0.05282391407884696,534.7229900488069,351.9562937748615,20.25130538889048,0.9848265669871321,1.0,0.5333333333333333,2.7406,5273.271021536724,86.08273496180365,Wh,86.08273496180365,Wh
62,fd1905b20cfa6cf67427584d4b987ee1,RollingRegression,"{""regression_model"": {""model"": ""ExtraTrees"", ""model_params"": {""n_estimators"": 100, ""min_samples_leaf"": 1, ""max_depth"": 10}}, ""holiday"": false, ""mean_rolling_periods"": null, ""macd_periods"": null, ""std_rolling_periods"": null, ""max_rolling_periods"": 28, ""min_rolling_periods"": 7, ""ewm_var_alpha"": null, ""quantile90_rolling_periods"": null, ""quantile10_rolling_periods"": null, ""ewm_alpha"": null, ""additional_lag_periods"": 90, ""abs_energy"": false, ""rolling_autocorr_periods"": null, ""nonzero_last_n"": null, ""add_date_part"": null, ""polynomial_degree"": null, ""x_transform"": null, ""regression_type"": null}","{""fillna"": ""ffill_mean_biased"", ""transformations"": {""0"": ""DifferencedTransformer"", ""1"": ""DifferencedTransformer"", ""2"": ""Scaler""}, ""transformation_params"": {""0"": {""lag"": 1, ""fill"": ""bfill""}, ""1"": {""lag"": 1, ""fill"": ""bfill""}, ""2"": {}}}",0,1,196.62403153370533,5.941366556097854,5.992383849933762,0.7133530553883565,5.941366556097854,0.0,-534.7229900488069,5.941366556097854,0.0,1.928478978593279,450.095130260997,1.0,0.5333333333333333,7.003119945526123,0.7,4.749496696481399,5.81882381456046,23.414544407700475,59.81859750058062,0.05282391407884696,534.7229900488069,351.9562937748615,20.25130538889048,0.9848265669871321,196.62403153370533,5.941366556097854,5.992383849933762,0.7133530553883565,5.941366556097854,0.0,5.941366556097854,1.928478978593279,450.095130260997,7.003119945526123,0.7,4.749496696481399,5.81882381456046,23.414544407700475,59.81859750058062,0.05282391407884696,534.7229900488069,351.9562937748615,20.25130538889048,0.9848265669871321,1.0,0.5333333333333333,2.7359,5273.2710202312,86.08273496180365,Wh,86.08273496180365,Wh
63,8422455a038ed828076e2e86be777fa8,WindowRegression,"{""window_size"": 10, ""input_dim"": ""univariate"", ""output_dim"": ""1step"", ""normalize_window"": false, ""max_windows"": 5000000, ""fourier_encoding_components"": null, ""scale"": true, ""datepart_method"": null, ""regression_type"": null, ""regression_model"": {""model"": ""HistGradientBoost"", ""model_params"": {""loss"": ""squared_error"", ""learning_rate"": 0.01, ""max_depth"": 20, ""min_samples_leaf"": 20, ""max_iter"": 250, ""l2_regularization"": 0}}}","{""fillna"": ""zero"", ""transformations"": {""0"": ""Scaler"", ""1"": ""DifferencedTransformer"", ""2"": ""Scaler"", ""3"": ""DifferencedTransformer""}, ""transformation_params"": {""0"": {}, ""1"": {""lag"": 1, ""fill"": ""bfill""}, ""2"": {}, ""3"": {""lag"": 2, ""fill"": ""bfill""}}}",0,1,135.03550943692687,72.30691681738557,97.97516534132863,3.248561836424015,72.30691681738557,0.0,-3.907430640898279,3.5596106347628242,6503.7150829238035,72.29493246215063,372.3006565659137,1.0,0.4888888888888889,217.51503240618175,0.3111111111111111,91.0458533153281,51.049466376414706,450.9275930022605,25868.649365981142,0.39677260360247824,6499.807652282906,2130.7213813378444,70.74544887663873,11.971026822112506,135.03550943692687,72.30691681738557,97.97516534132863,3.248561836424015,72.30691681738557,0.0,3.5596106347628242,72.29493246215063,372.3006565659137,217.51503240618175,0.3111111111111111,91.0458533153281,51.049466376414706,450.9275930022605,25868.649365981142,0.39677260360247824,6499.807652282906,2130.7213813378444,70.74544887663873,11.971026822112506,1.0,0.4888888888888889,1.0285,4976.4206431711,1047.6339235302469,Wh,1047.6339235302469,Wh
64,e4d4330b1f0177210d95c87df1761fba,ARIMA,"{""p"": 1, ""d"": 2, ""q"": 2, ""regression_type"": null}","{""fillna"": ""rolling_mean"", ""transformations"": {""0"": ""Scaler"", ""1"": ""Scaler"", ""2"": ""DifferencedTransformer""}, ""transformation_params"": {""0"": {}, ""1"": {}, ""2"": {""lag"": 1, ""fill"": ""bfill""}}}",0,1,173.91056431231777,5.353927956820601,5.598015579432937,0.6649997933024073,5.353927956820601,0.0,-481.8535161138541,5.353927956820601,0.0,1.7901870588844762,91.31139860411552,1.0,0.5333333333333333,6.759950160980225,0.7,4.540079588853792,5.1299908664678355,22.71848902996715,52.032193615687206,0.009315563701417597,481.8535161138541,287.5047877875965,19.996792015104656,0.8874541639247114,173.91056431231777,5.353927956820601,5.598015579432937,0.6649997933024073,5.353927956820601,0.0,5.353927956820601,1.7901870588844762,91.31139860411552,6.759950160980225,0.7,4.540079588853792,5.1299908664678355,22.71848902996715,52.032193615687206,0.009315563701417597,481.8535161138541,287.5047877875965,19.996792015104656,0.8874541639247114,1.0,0.5333333333333333,0.092,1196.547202097955,77.57150765905178,Wh,77.57150765905178,Wh
65,59a46f79881678efbff66389a55d2a32,DatepartRegression,"{""regression_model"": {""model"": ""Adaboost"", ""model_params"": {""n_estimators"": 100, ""loss"": ""linear"", ""estimator"": ""ExtraTree"", ""learning_rate"": 1, ""max_depth"": 3}}, ""datepart_method"": ""anchored_segment_fourier:us_school"", ""polynomial_degree"": null, ""holiday_countries_used"": true, ""lags"": null, ""forward_lags"": null, ""regression_type"": null}","{""fillna"": ""rolling_mean_24"", ""transformations"": {""0"": ""DifferencedTransformer""}, ""transformation_params"": {""0"": {""lag"": 7, ""fill"": ""bfill""}}}",0,1,150.33786401498568,36.50661155933212,36.53401530485065,1.1938637582506706,36.50661155933212,0.0,0.0,3.6238043134692433,3285.595040339891,36.50661155933212,32.69516729722854,0.9,0.5444444444444444,39.80307694462151,0.3,35.57019647108717,36.141572140387495,140.2018068854182,3796.981828928889,0.3832442915535789,3285.595040339891,2223.5124481045436,26.284457754955415,6.051247738184102,150.33786401498568,36.50661155933212,36.53401530485065,1.1938637582506706,36.50661155933212,0.0,3.6238043134692433,36.50661155933212,32.69516729722854,39.80307694462151,0.3,35.57019647108717,36.141572140387495,140.2018068854182,3796.981828928889,0.3832442915535789,3285.595040339891,2223.5124481045436,26.284457754955415,6.051247738184102,0.9,0.5444444444444444,0.9636,773.7265963240895,528.9336952270928,Wh,528.9336952270928,Wh
66,108567c6e1e9212e93d373fab0450c06,RollingRegression,"{""regression_model"": {""model"": ""DecisionTree"", ""model_params"": {""max_depth"": null, ""min_samples_split"": 1.0}}, ""holiday"": true, ""mean_rolling_periods"": null, ""macd_periods"": null, ""std_rolling_periods"": null, ""max_rolling_periods"": null, ""min_rolling_periods"": null, ""ewm_var_alpha"": null, ""quantile90_rolling_periods"": null, ""quantile10_rolling_periods"": null, ""ewm_alpha"": null, ""additional_lag_periods"": 90, ""abs_energy"": false, ""rolling_autocorr_periods"": null, ""nonzero_last_n"": null, ""add_date_part"": null, ""polynomial_degree"": null, ""x_transform"": null, ""regression_type"": null}","{""fillna"": ""ffill"", ""transformations"": {""0"": ""Scaler"", ""1"": ""Scaler"", ""2"": ""DifferencedTransformer""}, ""transformation_params"": {""0"": {}, ""1"": {}, ""2"": {""lag"": 7, ""fill"": ""zero""}}}",0,1,155.49450187517334,42.19264376651907,42.24005720999761,1.208663502879903,42.19264376651907,0.0,0.0,3.764596893197697,3797.337938986716,42.19264376651907,24.832502601876325,0.8333333333333334,0.4666666666666667,46.3456946842945,0.3,40.75373098827194,41.63174696194557,170.33993423989787,4641.993952204771,0.3602362567933094,3797.337938986716,2452.8787663751978,27.396861153110287,6.993750700341005,155.49450187517334,42.19264376651907,42.24005720999761,1.208663502879903,42.19264376651907,0.0,3.764596893197697,42.19264376651907,24.832502601876325,46.3456946842945,0.3,40.75373098827194,41.63174696194557,170.33993423989787,4641.993952204771,0.3602362567933094,3797.337938986716,2452.8787663751978,27.396861153110287,6.993750700341005,0.8333333333333334,0.4666666666666667,9.8064,734.848629261512,611.3169649435847,Wh,611.3169649435847,Wh
67,e28c22809722f41bb1156063cbd6686a,RollingRegression,"{""regression_model"": {""model"": ""ExtraTrees"", ""model_params"": {""n_estimators"": 100, ""min_samples_leaf"": 1, ""max_depth"": 10}}, ""holiday"": false, ""mean_rolling_periods"": null, ""macd_periods"": null, ""std_rolling_periods"": null, ""max_rolling_periods"": 420, ""min_rolling_periods"": 7, ""ewm_var_alpha"": null, ""quantile90_rolling_periods"": null, ""quantile10_rolling_periods"": null, ""ewm_alpha"": 0.5, ""additional_lag_periods"": 2, ""abs_energy"": false, ""rolling_autocorr_periods"": null, ""nonzero_last_n"": null, ""add_date_part"": ""expanded"", ""polynomial_degree"": null, ""x_transform"": null, ""regression_type"": null}","{""fillna"": ""cubic"", ""transformations"": {""0"": ""Scaler"", ""1"": ""DifferencedTransformer""}, ""transformation_params"": {""0"": {}, ""1"": {""lag"": 7, ""fill"": ""bfill""}}}",0,1,135.9202067823974,26.95238308321336,27.951659172566266,1.3821092914542747,26.95238308321336,0.0,0.0,3.2929695008015005,2425.714477489202,26.95238308321336,31.596365722739712,0.9,0.5222222222222223,38.61881593462192,0.3,27.886310764167064,25.00299622095271,87.98167527245594,2812.111524134099,0.5380517414154474,2425.714477489202,1859.605258170738,43.491739575287475,4.467561907406727,135.9202067823974,26.95238308321336,27.951659172566266,1.3821092914542747,26.95238308321336,0.0,3.2929695008015005,26.95238308321336,31.596365722739712,38.61881593462192,0.3,27.886310764167064,25.00299622095271,87.98167527245594,2812.111524134099,0.5380517414154474,2425.714477489202,1859.605258170738,43.491739575287475,4.467561907406727,0.9,0.5222222222222223,3.2096,676.789675850324,390.50525289674505,Wh,390.50525289674505,Wh
68,5879cecc1617eec3500f4eeed69d7522,RollingRegression,"{""regression_model"": {""model"": ""ExtraTrees"", ""model_params"": {""n_estimators"": 100, ""min_samples_leaf"": 1, ""max_depth"": 10}}, ""holiday"": false, ""mean_rolling_periods"": 7, ""macd_periods"": null, ""std_rolling_periods"": 10, ""max_rolling_periods"": 364, ""min_rolling_periods"": 7, ""ewm_var_alpha"": null, ""quantile90_rolling_periods"": null, ""quantile10_rolling_periods"": null, ""ewm_alpha"": null, ""additional_lag_periods"": 90, ""abs_energy"": false, ""rolling_autocorr_periods"": null, ""nonzero_last_n"": null, ""add_date_part"": null, ""polynomial_degree"": null, ""x_transform"": null, ""regression_type"": null}","{""fillna"": ""seasonal_linear"", ""transformations"": {""0"": ""Scaler"", ""1"": ""Scaler"", ""2"": ""DifferencedTransformer""}, ""transformation_params"": {""0"": {}, ""1"": {}, ""2"": {""lag"": 7, ""fill"": ""zero""}}}",0,1,135.9455864024628,27.097586000187643,28.17678105207429,1.2956725998380703,27.097586000187643,0.0,0.0,3.294772767901407,2438.782740016888,27.097586000187643,23.005693123890076,0.8444444444444444,0.5222222222222223,40.15592881116328,0.3,28.023817036257523,25.029718064106873,87.65258330412495,2914.3238267243414,0.49239686161937357,2438.782740016888,1879.945118176897,42.777541026372944,4.491630392138331,135.9455864024628,27.097586000187643,28.17678105207429,1.2956725998380703,27.097586000187643,0.0,3.294772767901407,27.097586000187643,23.005693123890076,40.15592881116328,0.3,28.023817036257523,25.029718064106873,87.65258330412495,2914.3238267243414,0.49239686161937357,2438.782740016888,1879.945118176897,42.777541026372944,4.491630392138331,0.8444444444444444,0.5222222222222223,2.7852,581.1691810972071,392.60905580127206,Wh,392.60905580127206,Wh
69,108b5d9465704c677654ef0f2c2d9325,DatepartRegression,"{""regression_model"": {""model"": ""RandomForest"", ""model_params"": {""n_estimators"": 100, ""min_samples_leaf"": 2, ""bootstrap"": true}}, ""datepart_method"": ""expanded"", ""polynomial_degree"": null, ""holiday_countries_used"": false, ""lags"": null, ""forward_lags"": null, ""regression_type"": null}","{""fillna"": ""ffill"", ""transformations"": {""0"": ""DifferencedTransformer""}, ""transformation_params"": {""0"": {""lag"": 7, ""fill"": ""bfill""}}}",0,1,116.69351867437467,15.645671073995732,19.381243129279916,1.4456138789365072,15.645671073995732,0.0,-95.76486872210558,3.169137206678422,1312.3455279375103,14.970799193257335,29.882612824286078,0.9111111111111111,0.5444444444444444,37.78332854491188,0.3333333333333333,19.698239488045576,12.24541018361114,37.382471323269606,2168.1999503997035,0.47565004325708765,1216.5806592154047,1278.5418685124048,54.8504551452908,2.2406385668375517,116.69351867437467,15.645671073995732,19.381243129279916,1.4456138789365072,15.645671073995732,0.0,3.169137206678422,14.970799193257335,29.882612824286078,37.78332854491188,0.3333333333333333,19.698239488045576,12.24541018361114,37.382471323269606,2168.1999503997035,0.47565004325708765,1216.5806592154047,1278.5418685124048,54.8504551452908,2.2406385668375517,0.9111111111111111,0.5444444444444444,0.268,560.689361722928,226.68558548706895,Wh,226.68558548706895,Wh
70,eccc59dd3fc218d2a28ff48fa91890f9,ARIMA,"{""p"": 2, ""d"": 1, ""q"": 12, ""regression_type"": null}","{""fillna"": ""akima"", ""transformations"": {""0"": ""Scaler"", ""1"": ""Scaler"", ""2"": ""DifferencedTransformer"", ""3"": ""Scaler""}, ""transformation_params"": {""0"": {}, ""1"": {}, ""2"": {""lag"": 2, ""fill"": ""bfill""}, ""3"": {}}}",0,1,54.05278630878006,4.458307310619213,4.527849959638146,0.7137528916888591,4.458307310619213,0.0,0.0,1.686503562509964,401.24765795572915,4.458307310619213,41.404268104457365,0.9777777777777777,0.6,6.7123704758282905,0.3,4.9337362158090485,4.2439349540456694,16.13115625409597,68.3901801574293,0.14615102737715926,401.24765795572915,285.6849024458693,16.767929050737365,0.7389982492806221,54.05278630878006,4.458307310619213,4.527849959638146,0.7137528916888591,4.458307310619213,0.0,1.686503562509964,4.458307310619213,41.404268104457365,6.7123704758282905,0.3,4.9337362158090485,4.2439349540456694,16.13115625409597,68.3901801574293,0.14615102737715926,401.24765795572915,285.6849024458693,16.767929050737365,0.7389982492806221,0.9777777777777777,0.6,1.6073,542.3511325996791,64.5951201587476,Wh,64.5951201587476,Wh
71,b32d96ead06abe4ae6854a66e92edb35,DatepartRegression,"{""regression_model"": {""model"": ""ElasticNet"", ""model_params"": {""l1_ratio"": 0.5, ""fit_intercept"": true, ""selection"": ""cyclic"", ""max_iter"": 1000}}, ""datepart_method"": ""simple_binarized"", ""polynomial_degree"": null, ""holiday_countries_used"": false, ""lags"": null, ""forward_lags"": null, ""regression_type"": null}","{""fillna"": ""ffill"", ""transformations"": {""0"": ""DifferencedTransformer""}, ""transformation_params"": {""0"": {""lag"": 7, ""fill"": ""zero""}}}",0,1,123.81259417317277,23.109636783229913,25.311684735782205,1.3288223929361558,23.109636783229913,0.0,0.0,3.0553466789593697,2079.867310490692,23.109636783229913,22.347673908566975,0.8444444444444444,0.5444444444444444,38.25125727802515,0.3,25.477122451380726,20.577518778369075,65.1305755977857,2542.065266095717,0.3624972103565488,2079.867310490692,1729.2124148450753,43.27721364745211,3.830597564156253,123.81259417317277,23.109636783229913,25.311684735782205,1.3288223929361558,23.109636783229913,0.0,3.0553466789593697,23.109636783229913,22.347673908566975,38.25125727802515,0.3,25.477122451380726,20.577518778369075,65.1305755977857,2542.065266095717,0.3624972103565488,2079.867310490692,1729.2124148450753,43.27721364745211,3.830597564156253,0.8444444444444444,0.5444444444444444,0.1346,536.675601663218,334.8288174936104,Wh,334.8288174936104,Wh
72,97eea5e477cee75873a9c2e1a17b161f,RollingRegression,"{""regression_model"": {""model"": ""ExtraTrees"", ""model_params"": {""n_estimators"": 100, ""min_samples_leaf"": 1, ""max_depth"": 10}}, ""holiday"": false, ""mean_rolling_periods"": null, ""macd_periods"": null, ""std_rolling_periods"": null, ""max_rolling_periods"": 28, ""min_rolling_periods"": null, ""ewm_var_alpha"": null, ""quantile90_rolling_periods"": null, ""quantile10_rolling_periods"": null, ""ewm_alpha"": null, ""additional_lag_periods"": 90, ""abs_energy"": false, ""rolling_autocorr_periods"": null, ""nonzero_last_n"": null, ""add_date_part"": null, ""polynomial_degree"": null, ""x_transform"": null, ""regression_type"": null}","{""fillna"": ""piecewise_polynomial"", ""transformations"": {""0"": ""Scaler"", ""1"": ""Scaler"", ""2"": ""Scaler"", ""3"": ""DifferencedTransformer""}, ""transformation_params"": {""0"": {}, ""1"": {}, ""2"": {}, ""3"": {""lag"": 7, ""fill"": ""bfill""}}}",0,1,151.71009358843307,12.051199795203674,15.945233773775183,1.5656140475493068,12.051199795203674,0.0,-276.2278724040069,4.338376150973445,808.3801091643238,9.999224815929075,27.95442789137629,0.9111111111111111,0.5555555555555556,38.62393689612548,0.43333333333333335,15.768526154731786,8.230645066821628,31.13011174824542,2083.859744607773,0.4587740314939946,532.1522367603169,809.646655682657,67.37841360204352,0.9800918797139266,151.71009358843307,12.051199795203674,15.945233773775183,1.5656140475493068,12.051199795203674,0.0,4.338376150973445,9.999224815929075,27.95442789137629,38.62393689612548,0.43333333333333335,15.768526154731786,8.230645066821628,31.13011174824542,2083.859744607773,0.4587740314939946,532.1522367603169,809.646655682657,67.37841360204352,0.9800918797139266,0.9111111111111111,0.5555555555555556,2.7225,532.8987356043167,174.60633477958643,Wh,174.60633477958643,Wh
73,f51f6cfd5dd1775bd57ff72bcf135278,RollingRegression,"{""regression_model"": {""model"": ""BayesianRidge"", ""model_params"": {}}, ""holiday"": false, ""mean_rolling_periods"": 30, ""macd_periods"": 7, ""std_rolling_periods"": null, ""max_rolling_periods"": 28, ""min_rolling_periods"": 50, ""ewm_var_alpha"": null, ""quantile90_rolling_periods"": null, ""quantile10_rolling_periods"": null, ""ewm_alpha"": 0.5, ""additional_lag_periods"": 11, ""abs_energy"": false, ""rolling_autocorr_periods"": 12, ""nonzero_last_n"": null, ""add_date_part"": null, ""polynomial_degree"": null, ""x_transform"": null, ""regression_type"": null}","{""fillna"": ""ffill"", ""transformations"": {""0"": ""DifferencedTransformer"", ""1"": ""Scaler""}, ""transformation_params"": {""0"": {""lag"": 2, ""fill"": ""bfill""}, ""1"": {}}}",0,1,121.99321915612013,22.725518031682938,25.724367771455807,0.9548232258492984,22.725518031682938,0.0,0.0,3.027398601817266,2045.2966228514645,22.725518031682938,18.906694018166153,0.9777777777777777,0.4666666666666667,47.303066780438776,0.3,24.264715015161283,19.025788293183332,119.50488023699694,1532.447914310156,0.08075612280720164,2045.2966228514645,952.8341849194194,2.7663507173887933,3.7669269678667283,121.99321915612013,22.725518031682938,25.724367771455807,0.9548232258492984,22.725518031682938,0.0,3.027398601817266,22.725518031682938,18.906694018166153,47.303066780438776,0.3,24.264715015161283,19.025788293183332,119.50488023699694,1532.447914310156,0.08075612280720164,2045.2966228514645,952.8341849194194,2.7663507173887933,3.7669269678667283,0.9777777777777777,0.4666666666666667,5.3221,493.27529292596455,329.26343243091975,Wh,329.26343243091975,Wh
74,b8f38f9f9d3b14a5df1d9df9dfb17348,DatepartRegression,"{""regression_model"": {""model"": ""RandomForest"", ""model_params"": {""n_estimators"": 100, ""min_samples_leaf"": 2, ""bootstrap"": true}}, ""datepart_method"": ""expanded"", ""polynomial_degree"": null, ""holiday_countries_used"": false, ""lags"": null, ""forward_lags"": null, ""regression_type"": null}","{""fillna"": ""fake_date"", ""transformations"": {""0"": ""Scaler"", ""1"": ""DifferencedTransformer""}, ""transformation_params"": {""0"": {}, ""1"": {""lag"": 7, ""fill"": ""zero""}}}",0,1,107.80170678557245,16.22255204873097,19.991006916538996,1.4486694983567578,16.22255204873097,0.0,-61.27153004963087,2.908527411143049,1398.7581543361566,15.812022121501764,21.088379039464744,0.8555555555555555,0.5333333333333333,37.82262033026559,0.35555555555555557,20.34337941183163,12.906574661653012,37.89913834046219,2203.159189954338,0.514305112869928,1337.4866242865257,1341.7253465965177,53.56875624990632,2.4633172410766937,107.80170678557245,16.22255204873097,19.991006916538996,1.4486694983567578,16.22255204873097,0.0,2.908527411143049,15.812022121501764,21.088379039464744,37.82262033026559,0.35555555555555557,20.34337941183163,12.906574661653012,37.89913834046219,2203.159189954338,0.514305112869928,1337.4866242865257,1341.7253465965177,53.56875624990632,2.4633172410766937,0.8555555555555555,0.5333333333333333,0.2698,460.124756022427,235.0438464332267,Wh,235.0438464332267,Wh
75,68631d90158ee6940752af41c746daf6,DatepartRegression,"{""regression_model"": {""model"": ""ElasticNet"", ""model_params"": {""l1_ratio"": 0.1, ""fit_intercept"": true, ""selection"": ""cyclic"", ""max_iter"": 1000}}, ""datepart_method"": ""anchored_warped_fourier:us_school"", ""polynomial_degree"": null, ""holiday_countries_used"": false, ""lags"": null, ""forward_lags"": null, ""regression_type"": null}","{""fillna"": ""zero"", ""transformations"": {""0"": ""DifferencedTransformer"", ""1"": ""Scaler"", ""2"": ""Scaler"", ""3"": ""Scaler""}, ""transformation_params"": {""0"": {""lag"": 2, ""fill"": ""bfill""}, ""1"": {}, ""2"": {}, ""3"": {}}}",0,1,107.00584210464123,14.673583963144349,15.398108773724166,0.7814428413973061,14.673583963144349,0.0,0.0,2.703432996060962,1320.6225566829914,14.673583963144349,18.02581740671588,0.9777777777777777,0.4666666666666667,23.2222099534017,0.3,14.859823205123059,13.409699425643135,68.86607938763329,497.77583948736395,0.0687056699825474,1320.6225566829914,717.8765688651312,10.648977011660472,2.432257828796867,107.00584210464123,14.673583963144349,15.398108773724166,0.7814428413973061,14.673583963144349,0.0,2.703432996060962,14.673583963144349,18.02581740671588,23.2222099534017,0.3,14.859823205123059,13.409699425643135,68.86607938763329,497.77583948736395,0.0687056699825474,1320.6225566829914,717.8765688651312,10.648977011660472,2.432257828796867,0.9777777777777777,0.4666666666666667,0.7458,399.9667976089513,212.60129758240816,Wh,212.60129758240816,Wh
76,48bbfde2db050637e0fd333debeda07f,RollingRegression,"{""regression_model"": {""model"": ""RANSAC"", ""model_params"": {}}, ""holiday"": false, ""mean_rolling_periods"": 12, ""macd_periods"": 96, ""std_rolling_periods"": 30, ""max_rolling_periods"": null, ""min_rolling_periods"": null, ""ewm_var_alpha"": null, ""quantile90_rolling_periods"": null, ""quantile10_rolling_periods"": null, ""ewm_alpha"": 0.5, ""additional_lag_periods"": 2, ""abs_energy"": false, ""rolling_autocorr_periods"": 7, ""nonzero_last_n"": null, ""add_date_part"": null, ""polynomial_degree"": null, ""x_transform"": null, ""regression_type"": null}","{""fillna"": ""ffill"", ""transformations"": {""0"": ""Scaler"", ""1"": ""Scaler"", ""2"": ""Scaler"", ""3"": ""DifferencedTransformer"", ""4"": ""Scaler"", ""5"": ""Scaler""}, ""transformation_params"": {""0"": {}, ""1"": {}, ""2"": {}, ""3"": {""lag"": 7, ""fill"": ""zero""}, ""4"": {}, ""5"": {}}}",0,1,184.85128980720867,9.363255706424654,12.79799066289052,1.6981048873349425,9.363255706424654,0.0,-439.92021772476176,5.441839652291234,402.7727958534571,6.062045274633936,9.514681732236884,0.2777777777777778,0.5444444444444444,37.677356408034356,0.6111111111111112,11.417899336171104,5.918552479052857,27.28723044809286,1880.9629415086538,0.42330210926105566,37.147421871304644,260.6286865944221,72.84717987072911,0.06841629897117472,184.85128980720867,9.363255706424654,12.79799066289052,1.6981048873349425,9.363255706424654,0.0,5.441839652291234,6.062045274633936,9.514681732236884,37.677356408034356,0.6111111111111112,11.417899336171104,5.918552479052857,27.28723044809286,1880.9629415086538,0.42330210926105566,37.147421871304644,260.6286865944221,72.84717987072911,0.06841629897117472,0.2777777777777778,0.5444444444444444,5.8595,322.02299540228097,135.6614933189916,Wh,135.6614933189916,Wh
77,72b717f863db2dd009aac477c42d4725,RollingRegression,"{""regression_model"": {""model"": ""ExtraTrees"", ""model_params"": {""n_estimators"": 100, ""min_samples_leaf"": 1, ""max_depth"": 10}}, ""holiday"": false, ""mean_rolling_periods"": null, ""macd_periods"": null, ""std_rolling_periods"": null, ""max_rolling_periods"": 28, ""min_rolling_periods"": 7, ""ewm_var_alpha"": null, ""quantile90_rolling_periods"": null, ""quantile10_rolling_periods"": null, ""ewm_alpha"": null, ""additional_lag_periods"": 90, ""abs_energy"": false, ""rolling_autocorr_periods"": null, ""nonzero_last_n"": null, ""add_date_part"": null, ""polynomial_degree"": null, ""x_transform"": null, ""regression_type"": null}","{""fillna"": ""ffill_mean_biased"", ""transformations"": {""0"": ""DifferencedTransformer"", ""1"": ""Scaler""}, ""transformation_params"": {""0"": {""lag"": 2, ""fill"": ""bfill""}, ""1"": {}}}",0,1,146.3469575035013,5.026056508398998,5.360630682466134,0.820188583196267,5.026056508398998,0.0,-381.57487418304777,4.527228156748937,70.77021157286211,2.211338710074446,15.239385128421796,0.9777777777777777,0.5,7.123763668385548,0.6,4.7771351364285914,4.729855231541989,21.852384104571303,92.84200971350555,0.14636993380994318,310.8046626101857,146.4175348091439,11.485921147080454,0.5724247780220648,146.3469575035013,5.026056508398998,5.360630682466134,0.820188583196267,5.026056508398998,0.0,4.527228156748937,2.211338710074446,15.239385128421796,7.123763668385548,0.6,4.7771351364285914,4.729855231541989,21.852384104571303,92.84200971350555,0.14636993380994318,310.8046626101857,146.4175348091439,11.485921147080454,0.5724247780220648,0.9777777777777777,0.5,2.7352,314.67662217955495,72.82107343999958,Wh,72.82107343999958,Wh
78,d7d0701a559fe8be277485b0b0ff9753,RollingRegression,"{""regression_model"": {""model"": ""ExtraTrees"", ""model_params"": {""n_estimators"": 100, ""min_samples_leaf"": 1, ""max_depth"": 10}}, ""holiday"": false, ""mean_rolling_periods"": null, ""macd_periods"": null, ""std_rolling_periods"": null, ""max_rolling_periods"": 28, ""min_rolling_periods"": 7, ""ewm_var_alpha"": null, ""quantile90_rolling_periods"": null, ""quantile10_rolling_periods"": null, ""ewm_alpha"": null, ""additional_lag_periods"": 90, ""abs_energy"": false, ""rolling_autocorr_periods"": null, ""nonzero_last_n"": null, ""add_date_part"": null, ""polynomial_degree"": null, ""x_transform"": null, ""regression_type"": null}","{""fillna"": ""cubic"", ""transformations"": {""0"": ""Scaler"", ""1"": ""DifferencedTransformer""}, ""transformation_params"": {""0"": {}, ""1"": {""lag"": 1, ""fill"": ""bfill""}}}",0,1,143.78196679709188,4.611248279944131,5.031603361368723,0.6493758597746689,4.611248279944131,0.0,-414.4969842899501,4.610633939872292,0.5153609050217032,1.6218038099393106,14.987166978830377,1.0,0.5444444444444444,6.759950160980225,0.7111111111111111,4.348935435170247,4.25313269307943,21.46420832095125,43.950629582715656,0.08890526578295806,413.9816233849284,217.49788348835978,20.46785164289113,0.762451042018459,143.78196679709188,4.611248279944131,5.031603361368723,0.6493758597746689,4.611248279944131,0.0,4.610633939872292,1.6218038099393106,14.987166978830377,6.759950160980225,0.7111111111111111,4.348935435170247,4.25313269307943,21.46420832095125,43.950629582715656,0.08890526578295806,413.9816233849284,217.49788348835978,20.46785164289113,0.762451042018459,1.0,0.5444444444444444,2.7569,307.27164719020067,66.81103745704759,Wh,66.81103745704759,Wh
79,e93f5b1dd113d4cb159ada0892857b1d,RollingRegression,"{""regression_model"": {""model"": ""ExtraTrees"", ""model_params"": {""n_estimators"": 100, ""min_samples_leaf"": 1, ""max_depth"": 10}}, ""holiday"": false, ""mean_rolling_periods"": null, ""macd_periods"": null, ""std_rolling_periods"": null, ""max_rolling_periods"": 28, ""min_rolling_periods"": 7, ""ewm_var_alpha"": null, ""quantile90_rolling_periods"": null, ""quantile10_rolling_periods"": null, ""ewm_alpha"": null, ""additional_lag_periods"": 90, ""abs_energy"": false, ""rolling_autocorr_periods"": null, ""nonzero_last_n"": null, ""add_date_part"": null, ""polynomial_degree"": null, ""x_transform"": null, ""regression_type"": null}","{""fillna"": ""ffill"", ""transformations"": {""0"": ""DifferencedTransformer"", ""1"": ""Scaler"", ""2"": ""Scaler"", ""3"": ""Scaler""}, ""transformation_params"": {""0"": {""lag"": 1, ""fill"": ""bfill""}, ""1"": {}, ""2"": {}, ""3"": {}}}",0,1,143.78196679709188,4.611248279944131,5.031603361368723,0.6493758597746689,4.611248279944131,0.0,-414.4969842899501,4.610633939872292,0.5153609050217041,1.6218038099393106,14.987166978830377,1.0,0.5444444444444444,6.759950160980225,0.7111111111111111,4.348935435170247,4.25313269307943,21.46420832095125,43.95062958271564,0.08890526578295806,413.9816233849284,217.49788348835978,20.467851642891134,0.762451042018459,143.78196679709188,4.611248279944131,5.031603361368723,0.6493758597746689,4.611248279944131,0.0,4.610633939872292,1.6218038099393106,14.987166978830377,6.759950160980225,0.7111111111111111,4.348935435170247,4.25313269307943,21.46420832095125,43.95062958271564,0.08890526578295806,413.9816233849284,217.49788348835978,20.467851642891134,0.762451042018459,1.0,0.5444444444444444,2.7473,307.2716445235973,66.81103745704759,Wh,66.81103745704759,Wh
80,9f51b61ea116d126ca85cbc47f8b1867,RollingRegression,"{""regression_model"": {""model"": ""ExtraTrees"", ""model_params"": {""n_estimators"": 100, ""min_samples_leaf"": 1, ""max_depth"": 10}}, ""holiday"": false, ""mean_rolling_periods"": null, ""macd_periods"": null, ""std_rolling_periods"": null, ""max_rolling_periods"": 28, ""min_rolling_periods"": 7, ""ewm_var_alpha"": null, ""quantile90_rolling_periods"": null, ""quantile10_rolling_periods"": null, ""ewm_alpha"": null, ""additional_lag_periods"": 90, ""abs_energy"": false, ""rolling_autocorr_periods"": null, ""nonzero_last_n"": null, ""add_date_part"": null, ""polynomial_degree"": null, ""x_transform"": null, ""regression_type"": null}","{""fillna"": ""rolling_mean_24"", ""transformations"": {""0"": ""DifferencedTransformer"", ""1"": ""Scaler"", ""2"": ""Scaler""}, ""transformation_params"": {""0"": {""lag"": 1, ""fill"": ""bfill""}, ""1"": {}, ""2"": {}}}",0,1,143.78196679709188,4.611248279944131,5.031603361368723,0.6493758597746689,4.611248279944131,0.0,-414.4969842899501,4.610633939872292,0.5153609050217041,1.6218038099393106,14.987166978830377,1.0,0.5444444444444444,6.759950160980225,0.7111111111111111,4.348935435170247,4.25313269307943,21.46420832095125,43.95062958271564,0.08890526578295806,413.9816233849284,217.49788348835978,20.467851642891134,0.762451042018459,143.78196679709188,4.611248279944131,5.031603361368723,0.6493758597746689,4.611248279944131,0.0,4.610633939872292,1.6218038099393106,14.987166978830377,6.759950160980225,0.7111111111111111,4.348935435170247,4.25313269307943,21.46420832095125,43.95062958271564,0.08890526578295806,413.9816233849284,217.49788348835978,20.467851642891134,0.762451042018459,1.0,0.5444444444444444,2.7297,307.2716396348244,66.81103745704759,Wh,66.81103745704759,Wh
81,b8782115bab0cfdc8fd36b160ec542f5,RollingRegression,"{""regression_model"": {""model"": ""ExtraTrees"", ""model_params"": {""n_estimators"": 100, ""min_samples_leaf"": 1, ""max_depth"": 10}}, ""holiday"": false, ""mean_rolling_periods"": null, ""macd_periods"": null, ""std_rolling_periods"": null, ""max_rolling_periods"": 28, ""min_rolling_periods"": 28, ""ewm_var_alpha"": null, ""quantile90_rolling_periods"": null, ""quantile10_rolling_periods"": null, ""ewm_alpha"": null, ""additional_lag_periods"": 27, ""abs_energy"": false, ""rolling_autocorr_periods"": null, ""nonzero_last_n"": null, ""add_date_part"": null, ""polynomial_degree"": null, ""x_transform"": null, ""regression_type"": null}","{""fillna"": ""zero"", ""transformations"": {""0"": ""DifferencedTransformer""}, ""transformation_params"": {""0"": {""lag"": 1, ""fill"": ""bfill""}}}",0,1,121.51543240461194,4.080675401363217,4.562771205105914,0.6419929245014862,4.080675401363217,0.0,-366.66343875083203,4.079550127196251,0.5973473718574747,1.5134430443569102,15.217074425865217,1.0,0.5111111111111111,6.628880023956299,0.7,4.052910965828863,3.635769807280808,20.148045121797768,38.27068481513036,0.03780100337191023,366.06609137897453,178.26149888906775,21.62911719559923,0.6742025661366225,121.51543240461194,4.080675401363217,4.562771205105914,0.6419929245014862,4.080675401363217,0.0,4.079550127196251,1.5134430443569102,15.217074425865217,6.628880023956299,0.7,4.052910965828863,3.635769807280808,20.148045121797768,38.27068481513036,0.03780100337191023,366.06609137897453,178.26149888906775,21.62911719559923,0.6742025661366225,1.0,0.5111111111111111,2.7766,290.42865526019693,59.123721070563086,Wh,59.123721070563086,Wh
82,5b11caf474c877db3435722aa8519772,RollingRegression,"{""regression_model"": {""model"": ""ExtraTrees"", ""model_params"": {""n_estimators"": 100, ""min_samples_leaf"": 1, ""max_depth"": 10}}, ""holiday"": false, ""mean_rolling_periods"": null, ""macd_periods"": null, ""std_rolling_periods"": null, ""max_rolling_periods"": 28, ""min_rolling_periods"": 7, ""ewm_var_alpha"": null, ""quantile90_rolling_periods"": null, ""quantile10_rolling_periods"": null, ""ewm_alpha"": null, ""additional_lag_periods"": 9, ""abs_energy"": false, ""rolling_autocorr_periods"": null, ""nonzero_last_n"": null, ""add_date_part"": null, ""polynomial_degree"": null, ""x_transform"": null, ""regression_type"": null}","{""fillna"": ""ffill"", ""transformations"": {""0"": ""DifferencedTransformer"", ""1"": ""Scaler""}, ""transformation_params"": {""0"": {""lag"": 1, ""fill"": ""zero""}, ""1"": {}}}",0,1,144.00164564257065,4.6003122099003075,5.039117680273326,0.6520476797808294,4.6003122099003075,0.0,-412.6578960029517,4.597444635715967,1.3702028880758927,1.6159132214387641,13.373216203870221,1.0,0.5333333333333333,6.759950160980225,0.7,4.3562546251891545,4.240020429372291,21.46615650136452,44.04955594045948,0.016454656998788043,411.2876931148758,213.79327829915852,20.83120998036713,0.7574894934242674,144.00164564257065,4.6003122099003075,5.039117680273326,0.6520476797808294,4.6003122099003075,0.0,4.597444635715967,1.6159132214387641,13.373216203870221,6.759950160980225,0.7,4.3562546251891545,4.240020429372291,21.46615650136452,44.04955594045948,0.016454656998788043,411.2876931148758,213.79327829915852,20.83120998036713,0.7574894934242674,1.0,0.5333333333333333,2.7232,289.13429697942007,66.65258791345902,Wh,66.65258791345902,Wh
83,4a2cdda9192d5852b5f12e698b1f7942,RollingRegression,"{""regression_model"": {""model"": ""ExtraTrees"", ""model_params"": {""n_estimators"": 100, ""min_samples_leaf"": 1, ""max_depth"": 10}}, ""holiday"": false, ""mean_rolling_periods"": 12, ""macd_periods"": null, ""std_rolling_periods"": null, ""max_rolling_periods"": 28, ""min_rolling_periods"": null, ""ewm_var_alpha"": null, ""quantile90_rolling_periods"": null, ""quantile10_rolling_periods"": null, ""ewm_alpha"": null, ""additional_lag_periods"": 23, ""abs_energy"": false, ""rolling_autocorr_periods"": null, ""nonzero_last_n"": null, ""add_date_part"": null, ""polynomial_degree"": null, ""x_transform"": null, ""regression_type"": null}","{""fillna"": ""median"", ""transformations"": {""0"": ""DifferencedTransformer""}, ""transformation_params"": {""0"": {""lag"": 1, ""fill"": ""bfill""}}}",0,1,118.6300404002894,3.9827281933352223,4.502102979669152,0.6414350239876766,3.9827281933352223,0.0,-357.60089809355907,3.9809764500910534,0.844639306610973,1.4849800898373,15.224955394958872,1.0,0.5333333333333333,6.628880023956299,0.7,4.015927583607586,3.519779692510814,19.94067696280609,37.37517921212696,0.05887709716782119,356.7562587869481,169.5735246354402,21.116727392673543,0.6570561732538451,118.6300404002894,3.9827281933352223,4.502102979669152,0.6414350239876766,3.9827281933352223,0.0,3.9809764500910534,1.4849800898373,15.224955394958872,6.628880023956299,0.7,4.015927583607586,3.519779692510814,19.94067696280609,37.37517921212696,0.05887709716782119,356.7562587869481,169.5735246354402,21.116727392673543,0.6570561732538451,1.0,0.5333333333333333,2.7349,287.8489719675874,57.70459241231377,Wh,57.70459241231377,Wh
84,88cb45952eb027cc7cf89191d2d0dd47,ARIMA,"{""p"": 0, ""d"": 2, ""q"": 3, ""regression_type"": null}","{""fillna"": ""ffill"", ""transformations"": {""0"": ""DifferencedTransformer""}, ""transformation_params"": {""0"": {""lag"": 1, ""fill"": ""zero""}}}",0,1,137.49280811130876,4.3989417780386635,4.910571408784975,0.6494570570948148,4.3989417780386635,0.0,-394.7827332409828,4.396399422055992,1.1220267824968913,1.5620508350517222,13.703091043511048,1.0,0.5333333333333333,6.759950160980225,0.7,4.293682319909783,4.001717098717693,21.089985194871772,42.460042956606536,0.005668516838481761,393.66070645848595,196.91851799310666,21.273763638017403,0.7250249742653737,137.49280811130876,4.3989417780386635,4.910571408784975,0.6494570570948148,4.3989417780386635,0.0,4.396399422055992,1.5620508350517222,13.703091043511048,6.759950160980225,0.7,4.293682319909783,4.001717098717693,21.089985194871772,42.460042956606536,0.005668516838481761,393.66070645848595,196.91851799310666,21.273763638017403,0.7250249742653737,1.0,0.5333333333333333,0.248,286.9735891474388,63.73499019390765,Wh,63.73499019390765,Wh
85,03584b632493a5532d6661569e4dc5fc,RollingRegression,"{""regression_model"": {""model"": ""ExtraTrees"", ""model_params"": {""n_estimators"": 100, ""min_samples_leaf"": 1, ""max_depth"": 10}}, ""holiday"": false, ""mean_rolling_periods"": null, ""macd_periods"": null, ""std_rolling_periods"": null, ""max_rolling_periods"": 28, ""min_rolling_periods"": 7, ""ewm_var_alpha"": null, ""quantile90_rolling_periods"": null, ""quantile10_rolling_periods"": null, ""ewm_alpha"": null, ""additional_lag_periods"": 90, ""abs_energy"": false, ""rolling_autocorr_periods"": null, ""nonzero_last_n"": null, ""add_date_part"": null, ""polynomial_degree"": null, ""x_transform"": null, ""regression_type"": null}","{""fillna"": ""median"", ""transformations"": {""0"": ""DifferencedTransformer"", ""1"": ""Scaler""}, ""transformation_params"": {""0"": {""lag"": 1, ""fill"": ""zero""}, ""1"": {}}}",0,1,139.89406910514242,4.508581545950873,4.954499476889409,0.6582255589430877,4.508581545950873,0.0,-404.73801257164956,4.5068341050744944,1.0343265639290191,1.5978701291408404,13.441375165400512,1.0,0.5222222222222223,6.759950160980225,0.7111111111111111,4.3098398844775865,4.133293924935029,21.25843988069956,42.93468384822704,0.10441412398736968,403.70368600772053,207.55104219829605,20.40255495205773,0.743521641242217,139.89406910514242,4.508581545950873,4.954499476889409,0.6582255589430877,4.508581545950873,0.0,4.5068341050744944,1.5978701291408404,13.441375165400512,6.759950160980225,0.7111111111111111,4.3098398844775865,4.133293924935029,21.25843988069956,42.93468384822704,0.10441412398736968,403.70368600772053,207.55104219829605,20.40255495205773,0.743521641242217,1.0,0.5222222222222223,2.7563,286.35762397505937,65.32352895739696,Wh,65.32352895739696,Wh
86,b9398f7f9c7bb52d1e3bdd60f4ea8024,RollingRegression,"{""regression_model"": {""model"": ""ExtraTrees"", ""model_params"": {""n_estimators"": 100, ""min_samples_leaf"": 1, ""max_depth"": 10}}, ""holiday"": false, ""mean_rolling_periods"": null, ""macd_periods"": null, ""std_rolling_periods"": null, ""max_rolling_periods"": 28, ""min_rolling_periods"": 7, ""ewm_var_alpha"": null, ""quantile90_rolling_periods"": null, ""quantile10_rolling_periods"": null, ""ewm_alpha"": null, ""additional_lag_periods"": 90, ""abs_energy"": false, ""rolling_autocorr_periods"": null, ""nonzero_last_n"": null, ""add_date_part"": null, ""polynomial_degree"": null, ""x_transform"": null, ""regression_type"": null}","{""fillna"": ""ffill"", ""transformations"": {""0"": ""Scaler"", ""1"": ""Scaler"", ""2"": ""Scaler"", ""3"": ""DifferencedTransformer""}, ""transformation_params"": {""0"": {}, ""1"": {}, ""2"": {}, ""3"": {""lag"": 1, ""fill"": ""zero""}}}",0,1,139.89406910514242,4.508581545950873,4.954499476889409,0.6582255589430877,4.508581545950873,0.0,-404.73801257164956,4.5068341050744944,1.0343265639290191,1.5978701291408404,13.441375165400512,1.0,0.5222222222222223,6.759950160980225,0.7111111111111111,4.3098398844775865,4.133293924935029,21.25843988069956,42.93468384822704,0.10441412398736968,403.70368600772053,207.55104219829607,20.40255495205773,0.743521641242217,139.89406910514242,4.508581545950873,4.954499476889409,0.6582255589430877,4.508581545950873,0.0,4.5068341050744944,1.5978701291408404,13.441375165400512,6.759950160980225,0.7111111111111111,4.3098398844775865,4.133293924935029,21.25843988069956,42.93468384822704,0.10441412398736968,403.70368600772053,207.55104219829607,20.40255495205773,0.743521641242217,1.0,0.5222222222222223,2.7307,286.35761686411695,65.32352895739696,Wh,65.32352895739696,Wh
87,54ed43b04599b67804178f076b4935de,DatepartRegression,"{""regression_model"": {""model"": ""RandomForest"", ""model_params"": {""n_estimators"": 100, ""min_samples_leaf"": 2, ""bootstrap"": true}}, ""datepart_method"": ""expanded"", ""polynomial_degree"": null, ""holiday_countries_used"": false, ""lags"": null, ""forward_lags"": null, ""regression_type"": null}","{""fillna"": ""ffill"", ""transformations"": {""0"": ""DifferencedTransformer""}, ""transformation_params"": {""0"": {""lag"": 2, ""fill"": ""bfill""}}}",0,1,63.85508531558465,5.676255635845281,5.7786189852091505,0.797685185142165,5.676255635845281,0.0,0.0,1.884931669511149,510.86300722607524,5.676255635845281,17.04853382086933,0.9777777777777777,0.5,8.28224977442764,0.3,6.161286196490364,5.403489902476366,20.560401963609728,99.58268008561684,0.3193578932756192,510.86300722607524,365.029245498813,8.588766866641807,0.940882421309876,63.85508531558465,5.676255635845281,5.7786189852091505,0.797685185142165,5.676255635845281,0.0,1.884931669511149,5.676255635845281,17.04853382086933,8.28224977442764,0.3,6.161286196490364,5.403489902476366,20.560401963609728,99.58268008561684,0.3193578932756192,510.86300722607524,365.029245498813,8.588766866641807,0.940882421309876,0.9777777777777777,0.5,0.2731,283.84305196530323,82.24161981293953,Wh,82.24161981293953,Wh
88,fd13c980017cec7b3afd13692e1bb430,RollingRegression,"{""regression_model"": {""model"": ""ExtraTrees"", ""model_params"": {""n_estimators"": 100, ""min_samples_leaf"": 1, ""max_depth"": 10}}, ""holiday"": false, ""mean_rolling_periods"": null, ""macd_periods"": null, ""std_rolling_periods"": null, ""max_rolling_periods"": null, ""min_rolling_periods"": null, ""ewm_var_alpha"": null, ""quantile90_rolling_periods"": null, ""quantile10_rolling_periods"": null, ""ewm_alpha"": null, ""additional_lag_periods"": 90, ""abs_energy"": false, ""rolling_autocorr_periods"": null, ""nonzero_last_n"": null, ""add_date_part"": null, ""polynomial_degree"": null, ""x_transform"": null, ""regression_type"": null}","{""fillna"": ""time"", ""transformations"": {""0"": ""Scaler"", ""1"": ""Scaler"", ""2"": ""DifferencedTransformer""}, ""transformation_params"": {""0"": {}, ""1"": {}, ""2"": {""lag"": 2, ""fill"": ""bfill""}}}",0,1,95.3146416111149,3.9923947568653464,4.544920809523917,0.807301082573812,3.9923947568653464,0.0,-220.84467416744164,3.0719072864785573,138.47085395043962,2.4035458684704416,16.177932314079086,0.9777777777777777,0.5444444444444444,7.2191986261156345,0.43333333333333335,4.411131140095785,3.509623571178561,18.083547790491302,81.19764243219205,0.2327584487887631,82.373820217002,109.72371644655037,7.834509659062074,0.1517120604193972,95.3146416111149,3.9923947568653464,4.544920809523917,0.807301082573812,3.9923947568653464,0.0,3.0719072864785573,2.4035458684704416,16.177932314079086,7.2191986261156345,0.43333333333333335,4.411131140095785,3.509623571178561,18.083547790491302,81.19764243219205,0.2327584487887631,82.373820217002,109.72371644655037,7.834509659062074,0.1517120604193972,0.9777777777777777,0.5444444444444444,2.7004,282.6386450298716,57.844648444625236,Wh,57.844648444625236,Wh
89,339303e5c0894381284a153eac80d085,ARIMA,"{""p"": 2, ""d"": 0, ""q"": 0, ""regression_type"": ""Holiday""}","{""fillna"": ""time"", ""transformations"": {""0"": ""DifferencedTransformer"", ""1"": ""Scaler"", ""2"": ""Scaler""}, ""transformation_params"": {""0"": {""lag"": 2, ""fill"": ""bfill""}, ""1"": {}, ""2"": {}}}",0,1,64.1921754391877,5.689831160075606,5.745819361989864,0.7276251624213498,5.689831160075606,0.0,0.0,1.8932119888978094,512.0848044068046,5.689831160075606,16.85606268870488,0.9777777777777777,0.5222222222222223,7.9265254483080145,0.3,6.10340497064966,5.488884652488058,20.952260239968947,88.36660927817861,0.10672396574537024,512.0848044068046,357.78814402212066,19.577082658186363,0.9431326674100903,64.1921754391877,5.689831160075606,5.745819361989864,0.7276251624213498,5.689831160075606,0.0,1.8932119888978094,5.689831160075606,16.85606268870488,7.9265254483080145,0.3,6.10340497064966,5.488884652488058,20.952260239968947,88.36660927817861,0.10672396574537024,512.0848044068046,357.78814402212066,19.577082658186363,0.9431326674100903,0.9777777777777777,0.5222222222222223,0.2517,281.81732834910775,82.4383116418736,Wh,82.4383116418736,Wh
90,36d4f50db38da72d256ef839e354acd6,ARIMA,"{""p"": 1, ""d"": 0, ""q"": 0, ""regression_type"": ""Holiday""}","{""fillna"": ""ffill"", ""transformations"": {""0"": ""DifferencedTransformer"", ""1"": ""Scaler"", ""2"": ""Scaler""}, ""transformation_params"": {""0"": {""lag"": 2, ""fill"": ""bfill""}, ""1"": {}, ""2"": {}}}",0,1,62.0233227620336,5.450023190604302,5.565223581329386,0.7470964518719311,5.450023190604302,0.0,0.0,1.8474621157743476,490.5020871543872,5.450023190604302,16.89360268212402,0.9777777777777777,0.5444444444444444,8.11605317608863,0.3,5.960313849613089,5.19156397702627,19.030546909669045,87.18908052490364,0.12880930733323964,490.5020871543872,356.50253756622504,18.977983915558127,0.9033826777266243,62.0233227620336,5.450023190604302,5.565223581329386,0.7470964518719311,5.450023190604302,0.0,1.8474621157743476,5.450023190604302,16.89360268212402,8.11605317608863,0.3,5.960313849613089,5.19156397702627,19.030546909669045,87.18908052490364,0.12880930733323964,490.5020871543872,356.50253756622504,18.977983915558127,0.9033826777266243,0.9777777777777777,0.5444444444444444,0.28,279.0289669950361,78.96380360019428,Wh,78.96380360019428,Wh
91,ada2a672dc699639f565f9685acbd837,RollingRegression,"{""regression_model"": {""model"": ""ExtraTrees"", ""model_params"": {""n_estimators"": 100, ""min_samples_leaf"": 1, ""max_depth"": 10}}, ""holiday"": false, ""mean_rolling_periods"": null, ""macd_periods"": null, ""std_rolling_periods"": null, ""max_rolling_periods"": 364, ""min_rolling_periods"": null, ""ewm_var_alpha"": null, ""quantile90_rolling_periods"": null, ""quantile10_rolling_periods"": null, ""ewm_alpha"": null, ""additional_lag_periods"": 90, ""abs_energy"": false, ""rolling_autocorr_periods"": null, ""nonzero_last_n"": null, ""add_date_part"": ""simple_2"", ""polynomial_degree"": null, ""x_transform"": null, ""regression_type"": null}","{""fillna"": ""ffill_mean_biased"", ""transformations"": {""0"": ""Scaler"", ""1"": ""DifferencedTransformer"", ""2"": ""Scaler""}, ""transformation_params"": {""0"": {}, ""1"": {""lag"": 2, ""fill"": ""bfill""}, ""2"": {}}}",0,1,80.81564577720627,3.828557498319387,4.311909363412589,0.8140668948019046,3.828557498319387,0.0,-182.07123770927632,2.7334489800614867,162.49893713946858,2.5524842082873573,16.387700277451906,0.9777777777777777,0.5222222222222223,7.25466020529668,0.4111111111111111,4.34796053406752,3.382475372857922,16.507209611611273,76.0151227331131,0.2706445447907476,19.57230056980775,131.52651400939416,8.094811871714663,0.03604730287815884,80.81564577720627,3.828557498319387,4.311909363412589,0.8140668948019046,3.828557498319387,0.0,2.7334489800614867,2.5524842082873573,16.387700277451906,7.25466020529668,0.4111111111111111,4.34796053406752,3.382475372857922,16.507209611611273,76.0151227331131,0.2706445447907476,19.57230056980775,131.52651400939416,8.094811871714663,0.03604730287815884,0.9777777777777777,0.5222222222222223,2.8274,273.6116771457914,55.47085797552764,Wh,55.47085797552764,Wh
92,ce7d88fed811dde118650bb94b82cae7,RollingRegression,"{""regression_model"": {""model"": ""ExtraTrees"", ""model_params"": {""n_estimators"": 100, ""min_samples_leaf"": 1, ""max_depth"": 10}}, ""holiday"": false, ""mean_rolling_periods"": 5, ""macd_periods"": null, ""std_rolling_periods"": null, ""max_rolling_periods"": null, ""min_rolling_periods"": 7, ""ewm_var_alpha"": null, ""quantile90_rolling_periods"": null, ""quantile10_rolling_periods"": null, ""ewm_alpha"": 0.5, ""additional_lag_periods"": 2, ""abs_energy"": false, ""rolling_autocorr_periods"": null, ""nonzero_last_n"": null, ""add_date_part"": ""expanded"", ""polynomial_degree"": null, ""x_transform"": null, ""regression_type"": null}","{""fillna"": ""ffill"", ""transformations"": {""0"": ""DifferencedTransformer"", ""1"": ""Scaler""}, ""transformation_params"": {""0"": {""lag"": 1, ""fill"": ""bfill""}, ""1"": {}}}",0,1,91.63201422273956,3.325415542632214,3.880613800067021,0.7201968294467481,3.325415542632214,0.0,-297.6335919099557,3.3209571579849517,1.653806926943461,1.3355646801068277,15.377361502072496,1.0,0.4666666666666667,6.628880023956299,0.7111111111111111,3.603582730382874,2.7948836407655717,17.624027578381195,30.491323139480023,0.1827998378701572,295.9797849830123,129.44872665610328,16.9931296928073,0.54512104578822,91.63201422273956,3.325415542632214,3.880613800067021,0.7201968294467481,3.325415542632214,0.0,3.3209571579849517,1.3355646801068277,15.377361502072496,6.628880023956299,0.7111111111111111,3.603582730382874,2.7948836407655717,17.624027578381195,30.491323139480023,0.1827998378701572,295.9797849830123,129.44872665610328,16.9931296928073,0.54512104578822,1.0,0.4666666666666667,3.1921,265.790241542394,48.18098026631108,Wh,48.18098026631108,Wh
93,605743f4ed7361507b7599004dffa4a6,RollingRegression,"{""regression_model"": {""model"": ""ExtraTrees"", ""model_params"": {""n_estimators"": 100, ""min_samples_leaf"": 1, ""max_depth"": 10}}, ""holiday"": false, ""mean_rolling_periods"": null, ""macd_periods"": null, ""std_rolling_periods"": null, ""max_rolling_periods"": 28, ""min_rolling_periods"": null, ""ewm_var_alpha"": null, ""quantile90_rolling_periods"": null, ""quantile10_rolling_periods"": null, ""ewm_alpha"": null, ""additional_lag_periods"": 90, ""abs_energy"": false, ""rolling_autocorr_periods"": null, ""nonzero_last_n"": null, ""add_date_part"": null, ""polynomial_degree"": null, ""x_transform"": null, ""regression_type"": null}","{""fillna"": ""piecewise_polynomial"", ""transformations"": {""0"": ""Scaler"", ""1"": ""Scaler"", ""2"": ""Scaler"", ""3"": ""DifferencedTransformer""}, ""transformation_params"": {""0"": {}, ""1"": {}, ""2"": {}, ""3"": {""lag"": 1, ""fill"": ""zero""}}}",0,1,98.73123280538222,3.5025850637677056,4.054459384868697,0.667131351263561,3.5025850637677056,0.0,-314.1383267239123,3.4992635026563543,1.0943290151811702,1.3789937136907968,13.749590906019701,1.0,0.5222222222222223,6.628880023956299,0.7,3.7280611255945884,2.993194757810303,18.319845870856412,32.34996880520372,0.07168463443723845,313.0439977087311,140.31131616737048,22.02187530564316,0.5765490755340027,98.73123280538222,3.5025850637677056,4.054459384868697,0.667131351263561,3.5025850637677056,0.0,3.4992635026563543,1.3789937136907968,13.749590906019701,6.628880023956299,0.7,3.7280611255945884,2.993194757810303,18.319845870856412,32.34996880520372,0.07168463443723845,313.0439977087311,140.31131616737048,22.02187530564316,0.5765490755340027,1.0,0.5222222222222223,2.7328,253.69049821848574,50.747938017060065,Wh,50.747938017060065,Wh
94,79a70f80bff542a7ccc5e815bcbd10dd,RollingRegression,"{""regression_model"": {""model"": ""ExtraTrees"", ""model_params"": {""n_estimators"": 100, ""min_samples_leaf"": 1, ""max_depth"": 10}}, ""holiday"": false, ""mean_rolling_periods"": null, ""macd_periods"": null, ""std_rolling_periods"": null, ""max_rolling_periods"": 28, ""min_rolling_periods"": null, ""ewm_var_alpha"": null, ""quantile90_rolling_periods"": null, ""quantile10_rolling_periods"": null, ""ewm_alpha"": null, ""additional_lag_periods"": 90, ""abs_energy"": false, ""rolling_autocorr_periods"": null, ""nonzero_last_n"": null, ""add_date_part"": null, ""polynomial_degree"": null, ""x_transform"": null, ""regression_type"": null}","{""fillna"": ""ffill_mean_biased"", ""transformations"": {""0"": ""Scaler"", ""1"": ""DifferencedTransformer""}, ""transformation_params"": {""0"": {}, ""1"": {""lag"": 1, ""fill"": ""zero""}}}",0,1,98.73123280538222,3.5025850637677056,4.054459384868697,0.667131351263561,3.5025850637677056,0.0,-314.1383267239123,3.4992635026563543,1.0943290151811702,1.3789937136907968,13.749590906019701,1.0,0.5222222222222223,6.628880023956299,0.7,3.7280611255945884,2.993194757810303,18.319845870856412,32.34996880520372,0.07168463443723845,313.0439977087311,140.31131616737048,22.02187530564316,0.5765490755340027,98.73123280538222,3.5025850637677056,4.054459384868697,0.667131351263561,3.5025850637677056,0.0,3.4992635026563543,1.3789937136907968,13.749590906019701,6.628880023956299,0.7,3.7280611255945884,2.993194757810303,18.319845870856412,32.34996880520372,0.07168463443723845,313.0439977087311,140.31131616737048,22.02187530564316,0.5765490755340027,1.0,0.5222222222222223,2.7262,253.6904963851959,50.747938017060065,Wh,50.747938017060065,Wh
95,4eeff87c5803ac5c32a56c2db036fd16,RollingRegression,"{""regression_model"": {""model"": ""ExtraTrees"", ""model_params"": {""n_estimators"": 100, ""min_samples_leaf"": 1, ""max_depth"": 10}}, ""holiday"": false, ""mean_rolling_periods"": null, ""macd_periods"": null, ""std_rolling_periods"": null, ""max_rolling_periods"": 28, ""min_rolling_periods"": null, ""ewm_var_alpha"": null, ""quantile90_rolling_periods"": null, ""quantile10_rolling_periods"": null, ""ewm_alpha"": null, ""additional_lag_periods"": 90, ""abs_energy"": false, ""rolling_autocorr_periods"": null, ""nonzero_last_n"": null, ""add_date_part"": null, ""polynomial_degree"": null, ""x_transform"": null, ""regression_type"": null}","{""fillna"": ""cubic"", ""transformations"": {""0"": ""Scaler"", ""1"": ""Scaler"", ""2"": ""Scaler"", ""3"": ""DifferencedTransformer""}, ""transformation_params"": {""0"": {}, ""1"": {}, ""2"": {}, ""3"": {""lag"": 1, ""fill"": ""zero""}}}",0,1,98.73123280538222,3.5025850637677056,4.054459384868697,0.667131351263561,3.5025850637677056,0.0,-314.1383267239123,3.4992635026563543,1.0943290151811702,1.3789937136907968,13.749590906019701,1.0,0.5222222222222223,6.628880023956299,0.7,3.7280611255945884,2.993194757810303,18.319845870856412,32.34996880520372,0.07168463443723845,313.0439977087311,140.31131616737048,22.02187530564316,0.5765490755340027,98.73123280538222,3.5025850637677056,4.054459384868697,0.667131351263561,3.5025850637677056,0.0,3.4992635026563543,1.3789937136907968,13.749590906019701,6.628880023956299,0.7,3.7280611255945884,2.993194757810303,18.319845870856412,32.34996880520372,0.07168463443723845,313.0439977087311,140.31131616737048,22.02187530564316,0.5765490755340027,1.0,0.5222222222222223,2.7258,253.69049627408742,50.747938017060065,Wh,50.747938017060065,Wh
96,76521014f3bde5d5c53eb27f0d4b98fc,RollingRegression,"{""regression_model"": {""model"": ""ExtraTrees"", ""model_params"": {""n_estimators"": 100, ""min_samples_leaf"": 1, ""max_depth"": 10}}, ""holiday"": false, ""mean_rolling_periods"": null, ""macd_periods"": null, ""std_rolling_periods"": null, ""max_rolling_periods"": 28, ""min_rolling_periods"": null, ""ewm_var_alpha"": null, ""quantile90_rolling_periods"": null, ""quantile10_rolling_periods"": null, ""ewm_alpha"": null, ""additional_lag_periods"": 90, ""abs_energy"": false, ""rolling_autocorr_periods"": null, ""nonzero_last_n"": null, ""add_date_part"": null, ""polynomial_degree"": null, ""x_transform"": null, ""regression_type"": null}","{""fillna"": ""ffill"", ""transformations"": {""0"": ""Scaler"", ""1"": ""Scaler"", ""2"": ""DifferencedTransformer""}, ""transformation_params"": {""0"": {}, ""1"": {}, ""2"": {""lag"": 2, ""fill"": ""zero""}}}",0,1,57.89587652102384,5.083623442614582,5.451370517798453,0.9482780124798548,5.083623442614582,0.0,0.0,1.7520390032575355,457.52610983531235,5.083623442614582,14.792983407637687,0.9777777777777777,0.5333333333333333,9.620041216376022,0.3,5.639830291455453,4.509313441963437,22.25453116056744,90.32672922230898,0.3560084376209354,457.52610983531235,271.55068710014757,4.578093672693469,0.8426491406605898,57.89587652102384,5.083623442614582,5.451370517798453,0.9482780124798548,5.083623442614582,0.0,1.7520390032575355,5.083623442614582,14.792983407637687,9.620041216376022,0.3,5.639830291455453,4.509313441963437,22.25453116056744,90.32672922230898,0.3560084376209354,457.52610983531235,271.55068710014757,4.578093672693469,0.8426491406605898,0.9777777777777777,0.5333333333333333,2.7158,250.07174479499332,73.65514403535069,Wh,73.65514403535069,Wh
97,376bc1d96cea1ca6e519afb0121a6c93,RollingRegression,"{""regression_model"": {""model"": ""ExtraTrees"", ""model_params"": {""n_estimators"": 100, ""min_samples_leaf"": 1, ""max_depth"": 10}}, ""holiday"": false, ""mean_rolling_periods"": 5, ""macd_periods"": null, ""std_rolling_periods"": null, ""max_rolling_periods"": 28, ""min_rolling_periods"": 7, ""ewm_var_alpha"": null, ""quantile90_rolling_periods"": null, ""quantile10_rolling_periods"": null, ""ewm_alpha"": 0.5, ""additional_lag_periods"": 2, ""abs_energy"": false, ""rolling_autocorr_periods"": null, ""nonzero_last_n"": null, ""add_date_part"": ""expanded"", ""polynomial_degree"": null, ""x_transform"": null, ""regression_type"": null}","{""fillna"": ""quadratic"", ""transformations"": {""0"": ""Scaler"", ""1"": ""DifferencedTransformer"", ""2"": ""Scaler""}, ""transformation_params"": {""0"": {}, ""1"": {""lag"": 1, ""fill"": ""bfill""}, ""2"": {}}}",0,1,71.58893566211219,2.777062445951984,3.3610968947544873,0.723461177330223,2.777062445951984,0.0,-248.26781735586553,2.771394005863059,1.667802779813031,1.1857718685447918,15.442890995861779,1.0,0.4222222222222222,6.403194321577316,0.7111111111111111,3.2109275236203794,2.2421236117774597,15.334949972309728,25.5292932483242,0.22353751174560724,246.6000145760525,100.61844384543643,16.9917057978588,0.45417580746199754,71.58893566211219,2.777062445951984,3.3610968947544873,0.723461177330223,2.777062445951984,0.0,2.771394005863059,1.1857718685447918,15.442890995861779,6.403194321577316,0.7111111111111111,3.2109275236203794,2.2421236117774597,15.334949972309728,25.5292932483242,0.22353751174560724,246.6000145760525,100.61844384543643,16.9917057978588,0.45417580746199754,1.0,0.4222222222222222,3.2193,248.39753537838308,40.23605146225312,Wh,40.23605146225312,Wh
98,3f802d2998a7d93df414b6d06dae4ffa,RollingRegression,"{""regression_model"": {""model"": ""ExtraTrees"", ""model_params"": {""n_estimators"": 100, ""min_samples_leaf"": 1, ""max_depth"": 10}}, ""holiday"": false, ""mean_rolling_periods"": null, ""macd_periods"": null, ""std_rolling_periods"": null, ""max_rolling_periods"": 420, ""min_rolling_periods"": 7, ""ewm_var_alpha"": null, ""quantile90_rolling_periods"": null, ""quantile10_rolling_periods"": null, ""ewm_alpha"": null, ""additional_lag_periods"": 90, ""abs_energy"": false, ""rolling_autocorr_periods"": null, ""nonzero_last_n"": null, ""add_date_part"": ""expanded"", ""polynomial_degree"": null, ""x_transform"": null, ""regression_type"": null}","{""fillna"": ""ffill_mean_biased"", ""transformations"": {""0"": ""DifferencedTransformer"", ""1"": ""Scaler"", ""2"": ""Scaler""}, ""transformation_params"": {""0"": {""lag"": 1, ""fill"": ""bfill""}, ""1"": {}, ""2"": {}}}",0,1,67.99853963352626,2.6608287572312093,3.26474715740837,0.7914419337830052,2.6608287572312093,0.0,-234.62371891087574,2.6464701196862546,4.850869239933098,1.1597113775999586,15.462401266333668,1.0,0.45555555555555555,6.522493986701366,0.6777777777777778,3.1473707627623306,2.111924988283169,14.866813887284232,25.17544235050894,0.2913005579847041,229.77284967094266,87.81763733968073,12.171622895444143,0.42318436076150484,67.99853963352626,2.6608287572312093,3.26474715740837,0.7914419337830052,2.6608287572312093,0.0,2.6464701196862546,1.1597113775999586,15.462401266333668,6.522493986701366,0.6777777777777778,3.1473707627623306,2.111924988283169,14.866813887284232,25.17544235050894,0.2913005579847041,229.77284967094266,87.81763733968073,12.171622895444143,0.42318436076150484,1.0,0.45555555555555555,3.1889,245.25215211752266,38.551975294706445,Wh,38.551975294706445,Wh
99,3c9ce12d889d8b6b27b9432930679d70,DatepartRegression,"{""regression_model"": {""model"": ""Adaboost"", ""model_params"": {""n_estimators"": 200, ""loss"": ""linear"", ""estimator"": null, ""learning_rate"": 1, ""max_depth"": 3}}, ""datepart_method"": ""common_fourier"", ""polynomial_degree"": null, ""holiday_countries_used"": false, ""lags"": null, ""forward_lags"": null, ""regression_type"": null}","{""fillna"": ""linear"", ""transformations"": {""0"": ""DifferencedTransformer"", ""1"": ""Scaler""}, ""transformation_params"": {""0"": {""lag"": 1, ""fill"": ""bfill""}, ""1"": {}}}",0,1,44.29147764966167,3.5272806716399727,3.8505806732958994,0.8642372532574345,3.5272806716399727,0.0,-0.30214773637277137,1.439792104101303,317.15311271122476,3.5268569746374476,16.12710896287339,1.0,0.5,7.368509661267394,0.28888888888888886,4.231546788021879,3.084968435484104,16.885168196019052,30.127426729479758,0.4778974270637962,316.850964974852,166.29148524138213,3.836165617918733,0.5835605610565983,44.29147764966167,3.5272806716399727,3.8505806732958994,0.8642372532574345,3.5272806716399727,0.0,1.439792104101303,3.5268569746374476,16.12710896287339,7.368509661267394,0.28888888888888886,4.231546788021879,3.084968435484104,16.885168196019052,30.127426729479758,0.4778974270637962,316.850964974852,166.29148524138213,3.836165617918733,0.5835605610565983,1.0,0.5,0.5016,242.81999894062417,51.105745509177716,Wh,51.105745509177716,Wh
100,8a5edd7c737bfb6d6f48ca5261506ec7,DatepartRegression,"{""regression_model"": {""model"": ""Adaboost"", ""model_params"": {""n_estimators"": 50, ""loss"": ""linear"", ""estimator"": null, ""learning_rate"": 1, ""max_depth"": 3}}, ""datepart_method"": ""recurring"", ""polynomial_degree"": null, ""holiday_countries_used"": false, ""lags"": null, ""forward_lags"": null, ""regression_type"": null}","{""fillna"": ""ffill"", ""transformations"": {""0"": ""DifferencedTransformer"", ""1"": ""Scaler"", ""2"": ""Scaler"", ""3"": ""Scaler""}, ""transformation_params"": {""0"": {""lag"": 1, ""fill"": ""bfill""}, ""1"": {}, ""2"": {}, ""3"": {}}}",0,1,37.65955115526979,2.907432902158423,3.307966355863051,0.7937608665751529,2.907432902158423,0.0,-0.21145982904295924,1.25679512654151,261.4575013652152,2.9073161226451623,16.058472174310722,1.0,0.4777777777777778,6.369344898884064,0.3333333333333333,3.7369481889015157,2.467602128866472,14.374534561671819,22.684098990735812,0.24259708511571784,261.24604153617224,130.33374275147818,13.099264751794188,0.4811501413125379,37.65955115526979,2.907432902158423,3.307966355863051,0.7937608665751529,2.907432902158423,0.0,1.25679512654151,2.9073161226451623,16.058472174310722,6.369344898884064,0.3333333333333333,3.7369481889015157,2.467602128866472,14.374534561671819,22.684098990735812,0.24259708511571784,261.24604153617224,130.33374275147818,13.099264751794188,0.4811501413125379,1.0,0.4777777777777778,0.1501,232.65430628189182,42.12495114930409,Wh,42.12495114930409,Wh
101,08ec9973cb6df0076989b5867dc05846,RollingRegression,"{""regression_model"": {""model"": ""BayesianRidge"", ""model_params"": {}}, ""holiday"": false, ""mean_rolling_periods"": null, ""macd_periods"": null, ""std_rolling_periods"": null, ""max_rolling_periods"": 4, ""min_rolling_periods"": null, ""ewm_var_alpha"": null, ""quantile90_rolling_periods"": null, ""quantile10_rolling_periods"": null, ""ewm_alpha"": null, ""additional_lag_periods"": 90, ""abs_energy"": false, ""rolling_autocorr_periods"": null, ""nonzero_last_n"": null, ""add_date_part"": null, ""polynomial_degree"": null, ""x_transform"": null, ""regression_type"": null}","{""fillna"": ""zero"", ""transformations"": {""0"": ""DifferencedTransformer"", ""1"": ""Scaler""}, ""transformation_params"": {""0"": {""lag"": 1, ""fill"": ""zero""}, ""1"": {}}}",0,1,73.43404458885496,2.868231686666351,3.394205076042218,0.6386263636705793,2.868231686666351,0.0,-256.33558790170264,2.862890979410804,1.805263898268941,1.2272789684291678,13.835129284073851,1.0,0.5222222222222223,6.199613445463698,0.7,3.2319590177189537,2.3577441013825213,15.519133443517479,25.89132168899759,0.023882560390563422,254.5303240034337,107.63287147341956,23.178960242894398,0.4687814622661806,73.43404458885496,2.868231686666351,3.394205076042218,0.6386263636705793,2.868231686666351,0.0,2.862890979410804,1.2272789684291678,13.835129284073851,6.199613445463698,0.7,3.2319590177189537,2.3577441013825213,15.519133443517479,25.89132168899759,0.023882560390563422,254.5303240034337,107.63287147341956,23.178960242894398,0.4687814622661806,1.0,0.5222222222222223,0.3589,232.0321514929786,41.55697612007093,Wh,41.55697612007093,Wh
102,449b5a526abead4c3b4ae129f860e7fe,RollingRegression,"{""regression_model"": {""model"": ""ExtraTrees"", ""model_params"": {""n_estimators"": 100, ""min_samples_leaf"": 1, ""max_depth"": 10}}, ""holiday"": false, ""mean_rolling_periods"": null, ""macd_periods"": null, ""std_rolling_periods"": null, ""max_rolling_periods"": 420, ""min_rolling_periods"": 7, ""ewm_var_alpha"": null, ""quantile90_rolling_periods"": null, ""quantile10_rolling_periods"": null, ""ewm_alpha"": null, ""additional_lag_periods"": 9, ""abs_energy"": false, ""rolling_autocorr_periods"": null, ""nonzero_last_n"": null, ""add_date_part"": ""expanded"", ""polynomial_degree"": null, ""x_transform"": null, ""regression_type"": null}","{""fillna"": ""rolling_mean"", ""transformations"": {""0"": ""DifferencedTransformer"", ""1"": ""Scaler"", ""2"": ""Scaler""}, ""transformation_params"": {""0"": {""lag"": 1, ""fill"": ""zero""}, ""1"": {}, ""2"": {}}}",0,1,71.44191353523972,2.7733342254387012,3.3525344996926503,0.7649956454502433,2.7733342254387012,0.0,-242.19528474607972,2.7478005168595945,7.404795543403369,1.2104817628891698,13.856318575942144,1.0,0.4444444444444444,6.626116344248597,0.6666666666666666,3.203755758218299,2.220929217292969,15.29453188935831,25.81753657878533,0.2731124130426606,234.79048920267635,89.91635267133992,12.171955282913546,0.4324256030614949,71.44191353523972,2.7733342254387012,3.3525344996926503,0.7649956454502433,2.7733342254387012,0.0,2.7478005168595945,1.2104817628891698,13.856318575942144,6.626116344248597,0.6666666666666666,3.203755758218299,2.220929217292969,15.29453188935831,25.81753657878533,0.2731124130426606,234.79048920267635,89.91635267133992,12.171955282913546,0.4324256030614949,1.0,0.4444444444444444,3.2113,230.27519704171965,40.182034357721044,Wh,40.182034357721044,Wh
103,b08583d7a6f91de606243f148620c229,RollingRegression,"{""regression_model"": {""model"": ""ExtraTrees"", ""model_params"": {""n_estimators"": 100, ""min_samples_leaf"": 1, ""max_depth"": 10}}, ""holiday"": false, ""mean_rolling_periods"": null, ""macd_periods"": null, ""std_rolling_periods"": null, ""max_rolling_periods"": 420, ""min_rolling_periods"": 7, ""ewm_var_alpha"": null, ""quantile90_rolling_periods"": null, ""quantile10_rolling_periods"": null, ""ewm_alpha"": null, ""additional_lag_periods"": 9, ""abs_energy"": false, ""rolling_autocorr_periods"": null, ""nonzero_last_n"": null, ""add_date_part"": ""expanded"", ""polynomial_degree"": null, ""x_transform"": null, ""regression_type"": null}","{""fillna"": ""ffill"", ""transformations"": {""0"": ""DifferencedTransformer"", ""1"": ""Scaler""}, ""transformation_params"": {""0"": {""lag"": 1, ""fill"": ""zero""}, ""1"": {}}}",0,1,71.44191353523969,2.773334225438701,3.35253449969265,0.7649956454502435,2.773334225438701,0.0,-242.19528474607966,2.747800516859594,7.404795543403369,1.2104817628891698,13.856318575942144,1.0,0.4444444444444444,6.626116344248597,0.6666666666666666,3.2037557582182985,2.220929217292968,15.29453188935831,25.81753657878533,0.2731124130426606,234.79048920267633,89.91635267133988,12.171955282913547,0.4324256030614949,71.44191353523969,2.773334225438701,3.35253449969265,0.7649956454502435,2.773334225438701,0.0,2.747800516859594,1.2104817628891698,13.856318575942144,6.626116344248597,0.6666666666666666,3.2037557582182985,2.220929217292968,15.29453188935831,25.81753657878533,0.2731124130426606,234.79048920267633,89.91635267133988,12.171955282913547,0.4324256030614949,1.0,0.4444444444444444,3.1964,230.27519290292895,40.18203435772104,Wh,40.18203435772104,Wh
104,ff7f8a189f5f8b178abefe44fe103b91,DatepartRegression,"{""regression_model"": {""model"": ""Adaboost"", ""model_params"": {""n_estimators"": 500, ""loss"": ""linear"", ""estimator"": ""ExtraTree"", ""learning_rate"": 1, ""max_depth"": 3}}, ""datepart_method"": ""expanded"", ""polynomial_degree"": null, ""holiday_countries_used"": true, ""lags"": null, ""forward_lags"": null, ""regression_type"": null}","{""fillna"": ""ffill"", ""transformations"": {""0"": ""DifferencedTransformer"", ""1"": ""Scaler"", ""2"": ""Scaler""}, ""transformation_params"": {""0"": {""lag"": 1, ""fill"": ""bfill""}, ""1"": {}, ""2"": {}}}",0,1,34.558228598105046,2.59120117946268,2.9469046703913473,0.667633198565566,2.59120117946268,0.0,0.0,1.1952542451050856,233.2081061516412,2.59120117946268,16.02478448413601,1.0,0.5333333333333333,6.003000538634156,0.3,3.398356699699256,2.1676291963468746,13.283188828435563,17.043446381197242,0.1630443085076003,233.2081061516412,111.88512671027489,20.219739783571413,0.4295112475974306,34.558228598105046,2.59120117946268,2.9469046703913473,0.667633198565566,2.59120117946268,0.0,1.1952542451050856,2.59120117946268,16.02478448413601,6.003000538634156,0.3,3.398356699699256,2.1676291963468746,13.283188828435563,17.043446381197242,0.1630443085076003,233.2081061516412,111.88512671027489,20.219739783571413,0.4295112475974306,1.0,0.5333333333333333,0.3852,227.3828993137751,37.543161536711814,Wh,37.543161536711814,Wh
105,591122aa5bc2cec12e8e30c44b9fe50e,DatepartRegression,"{""regression_model"": {""model"": ""DecisionTree"", ""model_params"": {""max_depth"": null, ""min_samples_split"": 0.05}}, ""datepart_method"": [7, 365.25], ""polynomial_degree"": null, ""holiday_countries_used"": true, ""lags"": null, ""forward_lags"": null, ""regression_type"": null}","{""fillna"": ""quadratic"", ""transformations"": {""0"": ""Scaler"", ""1"": ""Scaler"", ""2"": ""DifferencedTransformer""}, ""transformation_params"": {""0"": {}, ""1"": {}, ""2"": {""lag"": 1, ""fill"": ""bfill""}}}",0,1,34.25373013608551,2.426115066740248,2.931516438344312,1.1408614835776196,2.426115066740248,0.0,-45.28955694834387,1.3247367637693954,173.0607990582784,2.212946334183388,15.892508246572653,1.0,0.4444444444444444,6.444562760988871,0.3888888888888889,3.49113855652146,1.8924707418993898,9.914493881971758,17.31486836218587,0.699626016115172,127.77124210993456,99.29911180015898,17.548077346969198,0.23532280464567865,34.25373013608551,2.426115066740248,2.931516438344312,1.1408614835776196,2.426115066740248,0.0,1.3247367637693954,2.212946334183388,15.892508246572653,6.444562760988871,0.3888888888888889,3.49113855652146,1.8924707418993898,9.914493881971758,17.31486836218587,0.699626016115172,127.77124210993456,99.29911180015898,17.548077346969198,0.23532280464567865,1.0,0.4444444444444444,0.3467,224.8572665238512,35.151276782054794,Wh,35.151276782054794,Wh
106,423064291be596b844b0acf94658a457,RollingRegression,"{""regression_model"": {""model"": ""ExtraTrees"", ""model_params"": {""n_estimators"": 100, ""min_samples_leaf"": 1, ""max_depth"": 10}}, ""holiday"": false, ""mean_rolling_periods"": 5, ""macd_periods"": 7, ""std_rolling_periods"": null, ""max_rolling_periods"": 420, ""min_rolling_periods"": 7, ""ewm_var_alpha"": null, ""quantile90_rolling_periods"": null, ""quantile10_rolling_periods"": null, ""ewm_alpha"": 0.5, ""additional_lag_periods"": 9, ""abs_energy"": false, ""rolling_autocorr_periods"": null, ""nonzero_last_n"": null, ""add_date_part"": ""expanded"", ""polynomial_degree"": null, ""x_transform"": null, ""regression_type"": null}","{""fillna"": ""median"", ""transformations"": {""0"": ""DifferencedTransformer""}, ""transformation_params"": {""0"": {""lag"": 1, ""fill"": ""bfill""}}}",0,1,32.84284602841906,1.6168189752715916,1.9537664329892797,0.7555938280910114,1.6168189752715916,0.0,-142.8797428525859,1.6092940983039445,2.633964921857353,0.8734372449725015,15.571901552994749,1.0,0.4,3.8998781240773868,0.7111111111111111,2.277924776535361,1.3009123190138883,8.646925053769897,8.820233925307035,0.2271765919041964,140.24577793072854,58.50795884160977,16.580663313740363,0.2582977926596206,32.84284602841906,1.6168189752715916,1.9537664329892797,0.7555938280910114,1.6168189752715916,0.0,1.6092940983039445,0.8734372449725015,15.571901552994749,3.8998781240773868,0.7111111111111111,2.277924776535361,1.3009123190138883,8.646925053769897,8.820233925307035,0.2271765919041964,140.24577793072854,58.50795884160977,16.580663313740363,0.2582977926596206,1.0,0.4,3.9129,213.02907238691577,23.425620691029973,Wh,23.425620691029973,Wh
107,197e2f3a45bee602fbd39deb9af8ef1b,RollingRegression,"{""regression_model"": {""model"": ""ExtraTrees"", ""model_params"": {""n_estimators"": 100, ""min_samples_leaf"": 1, ""max_depth"": 10}}, ""holiday"": false, ""mean_rolling_periods"": null, ""macd_periods"": null, ""std_rolling_periods"": null, ""max_rolling_periods"": 420, ""min_rolling_periods"": null, ""ewm_var_alpha"": null, ""quantile90_rolling_periods"": null, ""quantile10_rolling_periods"": null, ""ewm_alpha"": null, ""additional_lag_periods"": 9, ""abs_energy"": false, ""rolling_autocorr_periods"": null, ""nonzero_last_n"": null, ""add_date_part"": null, ""polynomial_degree"": null, ""x_transform"": ""Nystroem"", ""regression_type"": null}","{""fillna"": ""quadratic"", ""transformations"": {""0"": ""DifferencedTransformer"", ""1"": ""Scaler"", ""2"": ""Scaler""}, ""transformation_params"": {""0"": {""lag"": 1, ""fill"": ""bfill""}, ""1"": {}, ""2"": {}}}",0,1,32.377535032017995,1.5354675065659504,1.9764699507517185,0.6820484797948344,1.5354675065659504,0.0,-123.59129993108982,1.487747076012536,14.60077565984572,0.8667253842554824,15.60982465233455,1.0,0.5555555555555556,4.830088672361759,0.5666666666666667,2.202834457141367,1.111221762862796,8.507208613981316,11.68347457164851,0.0991352259327319,108.9905242712441,34.46951340720609,18.244700820834797,0.2007334000028311,32.377535032017995,1.5354675065659504,1.9764699507517185,0.6820484797948344,1.5354675065659504,0.0,1.487747076012536,0.8667253842554824,15.60982465233455,4.830088672361759,0.5666666666666667,2.202834457141367,1.111221762862796,8.507208613981316,11.68347457164851,0.0991352259327319,108.9905242712441,34.46951340720609,18.244700820834797,0.2007334000028311,1.0,0.5555555555555556,2.851,212.73900824487566,22.24694288126687,Wh,22.24694288126687,Wh
108,4e8a8b8b690c083e56425ac4a63218c3,DatepartRegression,"{""regression_model"": {""model"": ""ElasticNet"", ""model_params"": {""l1_ratio"": 0.5, ""fit_intercept"": true, ""selection"": ""cyclic"", ""max_iter"": 1000}}, ""datepart_method"": [""db2_365.25_12_0.5"", ""morlet_7_7_1""], ""polynomial_degree"": null, ""holiday_countries_used"": true, ""lags"": null, ""forward_lags"": 3, ""regression_type"": null}","{""fillna"": ""mean"", ""transformations"": {""0"": ""Scaler"", ""1"": ""DifferencedTransformer""}, ""transformation_params"": {""0"": {}, ""1"": {""lag"": 1, ""fill"": ""zero""}}}",0,1,31.664369794776142,2.325897855891122,2.659988520400557,0.6419535039130915,2.325897855891122,0.0,-0.5337085723876953,1.1184077535227632,208.79709845781326,2.3251135265071006,14.397033947291341,1.0,0.4666666666666667,5.438553690910339,0.3,3.1438279927265316,1.94493694054453,11.990237421789132,13.977144443830635,0.0,208.26338988542557,97.47780979193492,24.9187138574233,0.38356929308621174,31.664369794776142,2.325897855891122,2.659988520400557,0.6419535039130915,2.325897855891122,0.0,1.1184077535227632,2.3251135265071006,14.397033947291341,5.438553690910339,0.3,3.1438279927265316,1.94493694054453,11.990237421789132,13.977144443830635,0.0,208.26338988542557,97.47780979193492,24.9187138574233,0.38356929308621174,1.0,0.4666666666666667,1.048,204.74259235883983,33.699258712023024,Wh,33.699258712023024,Wh
109,72cc4c80ff66409c724e7086479e68df,DatepartRegression,"{""regression_model"": {""model"": ""ElasticNet"", ""model_params"": {""l1_ratio"": 0.5, ""fit_intercept"": true, ""selection"": ""random"", ""max_iter"": 1000}}, ""datepart_method"": [""dayofweek"", [365.25, 14]], ""polynomial_degree"": null, ""holiday_countries_used"": false, ""lags"": null, ""forward_lags"": null, ""regression_type"": null}","{""fillna"": ""linear"", ""transformations"": {""0"": ""Scaler"", ""1"": ""Scaler"", ""2"": ""Scaler"", ""3"": ""DifferencedTransformer"", ""4"": ""Scaler"", ""5"": ""Scaler""}, ""transformation_params"": {""0"": {}, ""1"": {}, ""2"": {}, ""3"": {""lag"": 1, ""fill"": ""zero""}, ""4"": {}, ""5"": {}}}",0,1,31.664369794776142,2.325897855891122,2.659988520400557,0.6419535039130915,2.325897855891122,0.0,-0.5337085723876953,1.1184077535227632,208.79709845781326,2.3251135265071006,14.397033947291341,1.0,0.4666666666666667,5.438553690910339,0.3,3.1438279927265316,1.94493694054453,11.990237421789132,13.977144443830635,0.0,208.26338988542557,97.47780979193492,24.9187138574233,0.38356929308621174,31.664369794776142,2.325897855891122,2.659988520400557,0.6419535039130915,2.325897855891122,0.0,1.1184077535227632,2.3251135265071006,14.397033947291341,5.438553690910339,0.3,3.1438279927265316,1.94493694054453,11.990237421789132,13.977144443830635,0.0,208.26338988542557,97.47780979193492,24.9187138574233,0.38356929308621174,1.0,0.4666666666666667,0.1519,204.74234344807945,33.699258712023024,Wh,33.699258712023024,Wh
110,b31aaf3b8ba9de3a15500b8dbbd4e962,DatepartRegression,"{""regression_model"": {""model"": ""ElasticNet"", ""model_params"": {""l1_ratio"": 0.5, ""fit_intercept"": true, ""selection"": ""random"", ""max_iter"": 1000}}, ""datepart_method"": [""dayofweek"", [365.25, 14]], ""polynomial_degree"": null, ""holiday_countries_used"": false, ""lags"": null, ""forward_lags"": null, ""regression_type"": null}","{""fillna"": ""pchip"", ""transformations"": {""0"": ""Scaler"", ""1"": ""DifferencedTransformer"", ""2"": ""Scaler"", ""3"": ""Scaler"", ""4"": ""Scaler""}, ""transformation_params"": {""0"": {}, ""1"": {""lag"": 1, ""fill"": ""zero""}, ""2"": {}, ""3"": {}, ""4"": {}}}",0,1,31.664369794776142,2.325897855891122,2.659988520400557,0.6419535039130915,2.325897855891122,0.0,-0.5337085723876953,1.1184077535227632,208.79709845781326,2.3251135265071006,14.397033947291341,1.0,0.4666666666666667,5.438553690910339,0.3,3.1438279927265316,1.94493694054453,11.990237421789132,13.977144443830635,0.0,208.26338988542557,97.47780979193492,24.9187138574233,0.38356929308621174,31.664369794776142,2.325897855891122,2.659988520400557,0.6419535039130915,2.325897855891122,0.0,1.1184077535227632,2.3251135265071006,14.397033947291341,5.438553690910339,0.3,3.1438279927265316,1.94493694054453,11.990237421789132,13.977144443830635,0.0,208.26338988542557,97.47780979193492,24.9187138574233,0.38356929308621174,1.0,0.4666666666666667,0.1351,204.7423387815235,33.699258712023024,Wh,33.699258712023024,Wh
111,c3f9a5c10111684518386b8331ee582c,RollingRegression,"{""regression_model"": {""model"": ""ExtraTrees"", ""model_params"": {""n_estimators"": 100, ""min_samples_leaf"": 1, ""max_depth"": 10}}, ""holiday"": false, ""mean_rolling_periods"": 5, ""macd_periods"": 28, ""std_rolling_periods"": null, ""max_rolling_periods"": 96, ""min_rolling_periods"": 34, ""ewm_var_alpha"": null, ""quantile90_rolling_periods"": null, ""quantile10_rolling_periods"": null, ""ewm_alpha"": null, ""additional_lag_periods"": 90, ""abs_energy"": false, ""rolling_autocorr_periods"": null, ""nonzero_last_n"": null, ""add_date_part"": null, ""polynomial_degree"": null, ""x_transform"": null, ""regression_type"": null}","{""fillna"": ""rolling_mean_24"", ""transformations"": {""0"": ""Scaler"", ""1"": ""DifferencedTransformer""}, ""transformation_params"": {""0"": {}, ""1"": {""lag"": 1, ""fill"": ""zero""}}}",0,1,42.12332621602465,1.9155663613751954,2.3790357780785745,0.7865675255164097,1.9155663613751954,0.0,-168.558975612511,1.9044734614903285,3.841996911256607,0.9477884862981755,13.944474324821144,1.0,0.5333333333333333,4.7733535235481375,0.6888888888888889,2.5239756274205476,1.5162577447337247,10.713688682383959,12.824192613014299,0.5257878631505946,164.7169787012544,61.78703419698546,8.973408445433087,0.3033676495638284,42.12332621602465,1.9155663613751954,2.3790357780785745,0.7865675255164097,1.9155663613751954,0.0,1.9044734614903285,0.9477884862981755,13.944474324821144,4.7733535235481375,0.6888888888888889,2.5239756274205476,1.5162577447337247,10.713688682383959,12.824192613014299,0.5257878631505946,164.7169787012544,61.78703419698546,8.973408445433087,0.3033676495638284,1.0,0.5333333333333333,2.8382,203.81688542572428,27.754084827297383,Wh,27.754084827297383,Wh
112,f0021e0f42389da1c49bfa68c41c9205,ARIMA,"{""p"": 2, ""d"": 1, ""q"": 2, ""regression_type"": ""Holiday""}","{""fillna"": ""zero"", ""transformations"": {""0"": ""Scaler"", ""1"": ""Scaler"", ""2"": ""DifferencedTransformer"", ""3"": ""Scaler""}, ""transformation_params"": {""0"": {}, ""1"": {}, ""2"": {""lag"": 1, ""fill"": ""bfill""}, ""3"": {}}}",0,1,16.475833339949638,0.9065723209249924,1.1641733503278235,0.6756606553774054,0.9065723209249924,0.0,-60.03874498551705,0.8454953257380734,21.55276389773227,0.6410440610032629,15.823404273828766,1.0,0.4666666666666667,2.8484562017702677,0.45555555555555555,1.818449757928829,0.6537529670447043,4.843549267243256,3.2594746148555176,0.08395007230800924,38.48598108778477,13.699087171381437,24.703852826196226,0.07088159165992707,16.475833339949638,0.9065723209249924,1.1641733503278235,0.6756606553774054,0.9065723209249924,0.0,0.8454953257380734,0.6410440610032629,15.823404273828766,2.8484562017702677,0.45555555555555555,1.818449757928829,0.6537529670447043,4.843549267243256,3.2594746148555176,0.08395007230800924,38.48598108778477,13.699087171381437,24.703852826196226,0.07088159165992707,1.0,0.4666666666666667,0.3687,198.52679900087972,13.135063135567293,Wh,13.135063135567293,Wh
113,9e4547f704801ef9dd320e81e6271a19,WindowRegression,"{""window_size"": 10, ""input_dim"": ""univariate"", ""output_dim"": ""1step"", ""normalize_window"": false, ""max_windows"": 5000, ""fourier_encoding_components"": null, ""scale"": false, ""datepart_method"": null, ""regression_type"": null, ""regression_model"": {""model"": ""BayesianRidge"", ""model_params"": {}}}","{""fillna"": ""ffill"", ""transformations"": {""0"": ""DifferencedTransformer"", ""1"": ""Scaler"", ""2"": ""Scaler"", ""3"": ""Scaler""}, ""transformation_params"": {""0"": {""lag"": 1, ""fill"": ""bfill""}, ""1"": {}, ""2"": {}, ""3"": {}}}",0,1,74.75536680629676,2.934360628993451,3.4200844630909133,0.6480830338173399,2.934360628993451,0.0,-262.4665274623672,2.9299530576055437,1.625929147043423,1.2584495810317253,10.66475012110334,1.0,0.5111111111111111,6.171964249793705,0.7,3.2549440137433443,2.440031594713934,15.62989418800566,26.120289633626424,0.021786153678971156,260.84059831532375,114.02297466921986,22.73811073992802,0.4804034158813759,74.75536680629676,2.934360628993451,3.4200844630909133,0.6480830338173399,2.934360628993451,0.0,2.9299530576055437,1.2584495810317253,10.66475012110334,6.171964249793705,0.7,3.2549440137433443,2.440031594713934,15.62989418800566,26.120289633626424,0.021786153678971156,260.84059831532375,114.02297466921986,22.73811073992802,0.4804034158813759,1.0,0.5111111111111111,0.0917,197.50805528232183,42.51509916497979,Wh,42.51509916497979,Wh
114,9e182b2af7d8401a8fa91dc8bdd2b637,DatepartRegression,"{""regression_model"": {""model"": ""DecisionTree"", ""model_params"": {""max_depth"": 3, ""min_samples_split"": 2}}, ""datepart_method"": ""recurring"", ""polynomial_degree"": null, ""holiday_countries_used"": false, ""lags"": null, ""forward_lags"": null, ""regression_type"": null}","{""fillna"": ""mean"", ""transformations"": {""2"": ""DifferencedTransformer""}, ""transformation_params"": {""2"": {}}}",0,1,17.062117126334467,0.9392179024547221,1.1402631109219072,0.6597869927462673,0.9392179024547221,0.0,-78.96699795543641,0.9243675562955779,5.562613265488571,0.6203074655235796,15.65334281995031,1.0,0.5222222222222223,2.6488141449549163,0.7,1.7221666687924866,0.7454998248468211,4.539550314763311,3.2124142719528215,0.08417225343649964,73.40438468994783,34.731335067547334,24.188004755071002,0.13519259414936657,17.062117126334467,0.9392179024547221,1.1402631109219072,0.6597869927462673,0.9392179024547221,0.0,0.9243675562955779,0.6203074655235796,15.65334281995031,2.6488141449549163,0.7,1.7221666687924866,0.7454998248468211,4.539550314763311,3.2124142719528215,0.08417225343649964,73.40438468994783,34.731335067547334,24.188004755071002,0.13519259414936657,1.0,0.5222222222222223,0.1644,197.14958412875748,13.608055487741463,Wh,13.608055487741463,Wh
115,fa10b6e7f043ab3413f2cfd4c42b7b37,DatepartRegression,"{""regression_model"": {""model"": ""DecisionTree"", ""model_params"": {""max_depth"": 3, ""min_samples_split"": 2}}, ""datepart_method"": ""recurring"", ""polynomial_degree"": null, ""holiday_countries_used"": false, ""lags"": null, ""forward_lags"": null, ""regression_type"": null}","{""fillna"": ""ffill"", ""transformations"": {""0"": ""Scaler"", ""1"": ""DifferencedTransformer"", ""2"": ""Scaler""}, ""transformation_params"": {""0"": {}, ""1"": {""lag"": 1, ""fill"": ""bfill""}, ""2"": {}}}",0,1,17.062117126334467,0.9392179024547221,1.1402631109219072,0.6597869927462673,0.9392179024547221,0.0,-78.96699795543641,0.9243675562955779,5.562613265488571,0.6203074655235796,15.65334281995031,1.0,0.5222222222222223,2.6488141449549163,0.7,1.7221666687924866,0.7454998248468211,4.539550314763311,3.2124142719528215,0.08417225343649964,73.40438468994783,34.731335067547334,24.188004755071002,0.13519259414936657,17.062117126334467,0.9392179024547221,1.1402631109219072,0.6597869927462673,0.9392179024547221,0.0,0.9243675562955779,0.6203074655235796,15.65334281995031,2.6488141449549163,0.7,1.7221666687924866,0.7454998248468211,4.539550314763311,3.2124142719528215,0.08417225343649964,73.40438468994783,34.731335067547334,24.188004755071002,0.13519259414936657,1.0,0.5222222222222223,0.1488,197.14957979552696,13.608055487741463,Wh,13.608055487741463,Wh
116,c4c804494790d36957216fe16727306e,DatepartRegression,"{""regression_model"": {""model"": ""DecisionTree"", ""model_params"": {""max_depth"": 3, ""min_samples_split"": 2}}, ""datepart_method"": ""recurring"", ""polynomial_degree"": null, ""holiday_countries_used"": false, ""lags"": null, ""forward_lags"": null, ""regression_type"": null}","{""fillna"": ""ffill_mean_biased"", ""transformations"": {""0"": ""Scaler"", ""1"": ""DifferencedTransformer""}, ""transformation_params"": {""0"": {}, ""1"": {""lag"": 1, ""fill"": ""bfill""}}}",0,1,17.062117126334467,0.9392179024547221,1.1402631109219072,0.6597869927462673,0.9392179024547221,0.0,-78.96699795543641,0.9243675562955779,5.562613265488571,0.6203074655235796,15.65334281995031,1.0,0.5222222222222223,2.6488141449549163,0.7,1.7221666687924866,0.7454998248468211,4.539550314763311,3.2124142719528215,0.08417225343649964,73.40438468994783,34.731335067547334,24.188004755071002,0.13519259414936657,17.062117126334467,0.9392179024547221,1.1402631109219072,0.6597869927462673,0.9392179024547221,0.0,0.9243675562955779,0.6203074655235796,15.65334281995031,2.6488141449549163,0.7,1.7221666687924866,0.7454998248468211,4.539550314763311,3.2124142719528215,0.08417225343649964,73.40438468994783,34.731335067547334,24.188004755071002,0.13519259414936657,1.0,0.5222222222222223,0.1321,197.14957515674814,13.608055487741463,Wh,13.608055487741463,Wh
117,68a6464bec24ce274ea1f82eab33692c,DatepartRegression,"{""regression_model"": {""model"": ""RandomForest"", ""model_params"": {""n_estimators"": 100, ""min_samples_leaf"": 2, ""bootstrap"": true}}, ""datepart_method"": ""expanded"", ""polynomial_degree"": null, ""holiday_countries_used"": false, ""lags"": null, ""forward_lags"": null, ""regression_type"": null}","{""fillna"": ""akima"", ""transformations"": {""0"": ""DifferencedTransformer"", ""1"": ""Scaler""}, ""transformation_params"": {""0"": {""lag"": 1, ""fill"": ""bfill""}, ""1"": {}}}",0,1,13.756205638503161,0.8688918394767099,1.076372858598685,0.7745653205785104,0.8688918394767099,0.0,-0.507193157832778,0.5730601980363034,77.69307239507111,0.8685309560193831,15.835168930956856,1.0,0.45555555555555555,2.7387037867988866,0.3111111111111111,1.871519681584576,0.6530924591088576,3.6243557287550514,1.7905952024769367,0.3447686495674088,77.18587923723834,48.67290978939161,11.659779180566634,0.14215716526823458,13.756205638503161,0.8688918394767099,1.076372858598685,0.7745653205785104,0.8688918394767099,0.0,0.5730601980363034,0.8685309560193831,15.835168930956856,2.7387037867988866,0.3111111111111111,1.871519681584576,0.6530924591088576,3.6243557287550514,1.7905952024769367,0.3447686495674088,77.18587923723834,48.67290978939161,11.659779180566634,0.14215716526823458,1.0,0.45555555555555555,0.275,196.4622935793542,12.589121580351096,Wh,12.589121580351096,Wh
118,282b82c2cfe4b1e44e5da33223a5d8db,DatepartRegression,"{""regression_model"": {""model"": ""RandomForest"", ""model_params"": {""n_estimators"": 100, ""min_samples_leaf"": 2, ""bootstrap"": true}}, ""datepart_method"": ""expanded"", ""polynomial_degree"": null, ""holiday_countries_used"": false, ""lags"": null, ""forward_lags"": null, ""regression_type"": null}","{""fillna"": ""quadratic"", ""transformations"": {""0"": ""Scaler"", ""1"": ""Scaler"", ""2"": ""DifferencedTransformer""}, ""transformation_params"": {""0"": {}, ""1"": {}, ""2"": {""lag"": 1, ""fill"": ""bfill""}}}",0,1,13.75620563850318,0.8688918394767114,1.076372858598686,0.7745653205785104,0.8688918394767114,0.0,-0.5071931578327673,0.5730601980363039,77.69307239507125,0.8685309560193847,15.835168930956856,1.0,0.45555555555555555,2.7387037867988866,0.3111111111111111,1.8715196815845772,0.6530924591088588,3.6243557287550585,1.7905952024769407,0.3447686495674088,77.18587923723848,48.67290978939172,11.659779180566636,0.14215716526823485,13.75620563850318,0.8688918394767114,1.076372858598686,0.7745653205785104,0.8688918394767114,0.0,0.5730601980363039,0.8685309560193847,15.835168930956856,2.7387037867988866,0.3111111111111111,1.8715196815845772,0.6530924591088588,3.6243557287550585,1.7905952024769407,0.3447686495674088,77.18587923723848,48.67290978939172,11.659779180566636,0.14215716526823485,1.0,0.45555555555555555,0.2731,196.46229305158897,12.589121580351101,Wh,12.589121580351101,Wh
119,fe6d074668b3cf1626a80bdac2e070cf,DatepartRegression,"{""regression_model"": {""model"": ""DecisionTree"", ""model_params"": {""max_depth"": 3, ""min_samples_split"": 1.0}}, ""datepart_method"": ""recurring"", ""polynomial_degree"": null, ""holiday_countries_used"": false, ""lags"": null, ""forward_lags"": null, ""regression_type"": null}","{""fillna"": ""linear"", ""transformations"": {""0"": ""Scaler"", ""1"": ""DifferencedTransformer""}, ""transformation_params"": {""0"": {}, ""1"": {""lag"": 1, ""fill"": ""bfill""}}}",0,1,16.128637124965405,0.8918256510944925,1.117615325294264,0.634352315101975,0.8918256510944925,0.0,-75.5101705665021,0.8796462953375223,4.754138032002221,0.5858921948189562,15.656598520204572,1.0,0.5333333333333333,2.3513461298017404,0.7,1.720012703050124,0.6930127585393111,4.684178072485785,2.8659668634949864,0.0,70.7560325344999,27.414140098531576,25.980532321368436,0.130314989090372,16.128637124965405,0.8918256510944925,1.117615325294264,0.634352315101975,0.8918256510944925,0.0,0.8796462953375223,0.5858921948189562,15.656598520204572,2.3513461298017404,0.7,1.720012703050124,0.6930127585393111,4.684178072485785,2.8659668634949864,0.0,70.7560325344999,27.414140098531576,25.980532321368436,0.130314989090372,1.0,0.5333333333333333,0.1315,196.22104901765175,12.921402918073174,Wh,12.921402918073174,Wh
120,1c6228b23499393b53af70471c557c1e,RollingRegression,"{""regression_model"": {""model"": ""ExtraTrees"", ""model_params"": {""n_estimators"": 100, ""min_samples_leaf"": 1, ""max_depth"": 10}}, ""holiday"": false, ""mean_rolling_periods"": null, ""macd_periods"": null, ""std_rolling_periods"": null, ""max_rolling_periods"": 28, ""min_rolling_periods"": null, ""ewm_var_alpha"": null, ""quantile90_rolling_periods"": null, ""quantile10_rolling_periods"": null, ""ewm_alpha"": null, ""additional_lag_periods"": 90, ""abs_energy"": false, ""rolling_autocorr_periods"": null, ""nonzero_last_n"": null, ""add_date_part"": null, ""polynomial_degree"": null, ""x_transform"": null, ""regression_type"": null}","{""fillna"": ""ffill"", ""transformations"": {""0"": ""DifferencedTransformer""}, ""transformation_params"": {""0"": {""lag"": 1, ""fill"": ""bfill""}}}",0,1,11.47875926805133,0.6642291253745941,0.78646400800952,0.6578358404840658,0.6642291253745941,0.0,-52.66149266107915,0.6456812701186462,7.119128622634314,0.49537805232105697,15.687672572741656,1.0,0.4777777777777778,1.551261768852167,0.7,1.5286037856386214,0.5455022657695744,2.9980733598883136,1.1498731247346399,0.1085897069373725,45.54236403844484,23.410266654137626,23.352674665455858,0.08387769155832639,11.47875926805133,0.6642291253745941,0.78646400800952,0.6578358404840658,0.6642291253745941,0.0,0.6456812701186462,0.49537805232105697,15.687672572741656,1.551261768852167,0.7,1.5286037856386214,0.5455022657695744,2.9980733598883136,1.1498731247346399,0.1085897069373725,45.54236403844484,23.410266654137626,23.352674665455858,0.08387769155832639,1.0,0.4777777777777778,2.8241,191.20346006012429,9.623822939328186,Wh,9.623822939328186,Wh
121,767c553d2537aa89d87c7424ab44467b,RollingRegression,"{""regression_model"": {""model"": ""ExtraTrees"", ""model_params"": {""n_estimators"": 100, ""min_samples_leaf"": 1, ""max_depth"": 10}}, ""holiday"": false, ""mean_rolling_periods"": null, ""macd_periods"": null, ""std_rolling_periods"": null, ""max_rolling_periods"": 28, ""min_rolling_periods"": null, ""ewm_var_alpha"": null, ""quantile90_rolling_periods"": null, ""quantile10_rolling_periods"": null, ""ewm_alpha"": null, ""additional_lag_periods"": 90, ""abs_energy"": false, ""rolling_autocorr_periods"": null, ""nonzero_last_n"": null, ""add_date_part"": null, ""polynomial_degree"": null, ""x_transform"": null, ""regression_type"": null}","{""fillna"": ""seasonal_linear_window_3"", ""transformations"": {""0"": ""DifferencedTransformer"", ""1"": ""Scaler""}, ""transformation_params"": {""0"": {""lag"": 1, ""fill"": ""bfill""}, ""1"": {}}}",0,1,11.47875926805133,0.6642291253745941,0.78646400800952,0.6578358404840658,0.6642291253745941,0.0,-52.66149266107915,0.6456812701186462,7.119128622634314,0.49537805232105697,15.687672572741656,1.0,0.4777777777777778,1.551261768852167,0.7,1.5286037856386214,0.5455022657695744,2.9980733598883136,1.1498731247346399,0.1085897069373725,45.54236403844484,23.410266654137626,23.352674665455858,0.08387769155832639,11.47875926805133,0.6642291253745941,0.78646400800952,0.6578358404840658,0.6642291253745941,0.0,0.6456812701186462,0.49537805232105697,15.687672572741656,1.551261768852167,0.7,1.5286037856386214,0.5455022657695744,2.9980733598883136,1.1498731247346399,0.1085897069373725,45.54236403844484,23.410266654137626,23.352674665455858,0.08387769155832639,1.0,0.4777777777777778,2.762,191.2034428105336,9.623822939328186,Wh,9.623822939328186,Wh
122,6aeddc754759ec12ac3e1e02c84a91c4,RollingRegression,"{""regression_model"": {""model"": ""ExtraTrees"", ""model_params"": {""n_estimators"": 100, ""min_samples_leaf"": 1, ""max_depth"": 10}}, ""holiday"": false, ""mean_rolling_periods"": null, ""macd_periods"": null, ""std_rolling_periods"": null, ""max_rolling_periods"": 28, ""min_rolling_periods"": null, ""ewm_var_alpha"": null, ""quantile90_rolling_periods"": null, ""quantile10_rolling_periods"": null, ""ewm_alpha"": null, ""additional_lag_periods"": 90, ""abs_energy"": false, ""rolling_autocorr_periods"": null, ""nonzero_last_n"": null, ""add_date_part"": null, ""polynomial_degree"": null, ""x_transform"": null, ""regression_type"": null}","{""fillna"": ""cubic"", ""transformations"": {""0"": ""Scaler"", ""1"": ""DifferencedTransformer""}, ""transformation_params"": {""0"": {}, ""1"": {""lag"": 1, ""fill"": ""bfill""}}}",0,1,11.47875926805133,0.664229125374594,0.7864640080095199,0.6578358404840658,0.664229125374594,0.0,-52.66149266107914,0.6456812701186462,7.1191286226343165,0.49537805232105697,15.687672572741656,1.0,0.4777777777777778,1.551261768852167,0.7,1.5286037856386212,0.5455022657695743,2.9980733598883123,1.1498731247346394,0.1085897069373725,45.54236403844482,23.410266654137626,23.352674665455858,0.08387769155832636,11.47875926805133,0.664229125374594,0.7864640080095199,0.6578358404840658,0.664229125374594,0.0,0.6456812701186462,0.49537805232105697,15.687672572741656,1.551261768852167,0.7,1.5286037856386212,0.5455022657695743,2.9980733598883123,1.1498731247346394,0.1085897069373725,45.54236403844482,23.410266654137626,23.352674665455858,0.08387769155832636,1.0,0.4777777777777778,2.7233,191.20343206078866,9.623822939328184,Wh,9.623822939328184,Wh
123,b17334e9954c2457b1462a31bdb3b7eb,RollingRegression,"{""regression_model"": {""model"": ""ExtraTrees"", ""model_params"": {""n_estimators"": 100, ""min_samples_leaf"": 1, ""max_depth"": 10}}, ""holiday"": false, ""mean_rolling_periods"": null, ""macd_periods"": null, ""std_rolling_periods"": null, ""max_rolling_periods"": 28, ""min_rolling_periods"": null, ""ewm_var_alpha"": null, ""quantile90_rolling_periods"": null, ""quantile10_rolling_periods"": null, ""ewm_alpha"": null, ""additional_lag_periods"": 90, ""abs_energy"": false, ""rolling_autocorr_periods"": null, ""nonzero_last_n"": null, ""add_date_part"": null, ""polynomial_degree"": null, ""x_transform"": null, ""regression_type"": null}","{""fillna"": ""ffill"", ""transformations"": {""0"": ""DifferencedTransformer"", ""1"": ""Scaler""}, ""transformation_params"": {""0"": {""lag"": 1, ""fill"": ""bfill""}, ""1"": {}}}",0,1,11.47875926805133,0.6642291253745941,0.78646400800952,0.6578358404840658,0.6642291253745941,0.0,-52.66149266107915,0.6456812701186462,7.119128622634314,0.49537805232105697,15.687672572741656,1.0,0.4777777777777778,1.551261768852167,0.7,1.5286037856386214,0.5455022657695744,2.9980733598883136,1.1498731247346399,0.1085897069373725,45.54236403844484,23.410266654137626,23.352674665455858,0.08387769155832639,11.47875926805133,0.6642291253745941,0.78646400800952,0.6578358404840658,0.6642291253745941,0.0,0.6456812701186462,0.49537805232105697,15.687672572741656,1.551261768852167,0.7,1.5286037856386214,0.5455022657695744,2.9980733598883136,1.1498731247346399,0.1085897069373725,45.54236403844484,23.410266654137626,23.352674665455858,0.08387769155832639,1.0,0.4777777777777778,2.7076,191.20342769978103,9.623822939328186,Wh,9.623822939328186,Wh
124,cc6391c690883c8214e0af55c395a72e,RollingRegression,"{""regression_model"": {""model"": ""ExtraTrees"", ""model_params"": {""n_estimators"": 100, ""min_samples_leaf"": 1, ""max_depth"": 10}}, ""holiday"": false, ""mean_rolling_periods"": null, ""macd_periods"": null, ""std_rolling_periods"": null, ""max_rolling_periods"": 28, ""min_rolling_periods"": null, ""ewm_var_alpha"": null, ""quantile90_rolling_periods"": null, ""quantile10_rolling_periods"": null, ""ewm_alpha"": null, ""additional_lag_periods"": 90, ""abs_energy"": false, ""rolling_autocorr_periods"": null, ""nonzero_last_n"": null, ""add_date_part"": null, ""polynomial_degree"": null, ""x_transform"": null, ""regression_type"": null}","{""fillna"": ""rolling_mean_24"", ""transformations"": {""0"": ""DifferencedTransformer""}, ""transformation_params"": {""0"": {""lag"": 1, ""fill"": ""bfill""}}}",0,1,11.47875926805133,0.664229125374594,0.7864640080095199,0.6578358404840658,0.664229125374594,0.0,-52.66149266107914,0.6456812701186462,7.1191286226343165,0.49537805232105697,15.687672572741656,1.0,0.4777777777777778,1.551261768852167,0.7,1.5286037856386212,0.5455022657695743,2.9980733598883123,1.1498731247346394,0.1085897069373725,45.54236403844482,23.410266654137626,23.352674665455858,0.08387769155832636,11.47875926805133,0.664229125374594,0.7864640080095199,0.6578358404840658,0.664229125374594,0.0,0.6456812701186462,0.49537805232105697,15.687672572741656,1.551261768852167,0.7,1.5286037856386212,0.5455022657695743,2.9980733598883123,1.1498731247346394,0.1085897069373725,45.54236403844482,23.410266654137626,23.352674665455858,0.08387769155832636,1.0,0.4777777777777778,2.6913,191.2034231721107,9.623822939328184,Wh,9.623822939328184,Wh
125,dc05dc7672bb2f0ee4a95bf4cc8efbc2,DatepartRegression,"{""regression_model"": {""model"": ""RandomForest"", ""model_params"": {""n_estimators"": 100, ""min_samples_leaf"": 2, ""bootstrap"": true}}, ""datepart_method"": ""expanded"", ""polynomial_degree"": null, ""holiday_countries_used"": false, ""lags"": null, ""forward_lags"": null, ""regression_type"": null}","{""fillna"": ""median"", ""transformations"": {""0"": ""Scaler"", ""1"": ""Scaler"", ""2"": ""DifferencedTransformer""}, ""transformation_params"": {""0"": {}, ""1"": {}, ""2"": {""lag"": 1, ""fill"": ""zero""}}}",0,1,21.957936585155124,1.4711754951686573,1.6467702871582333,0.7851722812801751,1.4711754951686573,0.0,0.0,0.8623928403203862,132.40579456517915,1.4711754951686573,14.303080346526857,1.0,0.4777777777777778,3.681231159567835,0.3,2.3253647859655073,1.2191848658733115,6.552485275198437,4.39861955163594,0.3555038620939871,132.40579456517915,77.05117310852364,11.313175422278887,0.24385849596428777,21.957936585155124,1.4711754951686573,1.6467702871582333,0.7851722812801751,1.4711754951686573,0.0,0.8623928403203862,1.4711754951686573,14.303080346526857,3.681231159567835,0.3,2.3253647859655073,1.2191848658733115,6.552485275198437,4.39861955163594,0.3555038620939871,132.40579456517915,77.05117310852364,11.313175422278887,0.24385849596428777,1.0,0.4777777777777778,0.2662,189.58235377523582,21.315434595249027,Wh,21.315434595249027,Wh
126,d78ebf83895a63b96da60f6901069711,DatepartRegression,"{""regression_model"": {""model"": ""RandomForest"", ""model_params"": {""n_estimators"": 100, ""min_samples_leaf"": 2, ""bootstrap"": true}}, ""datepart_method"": ""expanded"", ""polynomial_degree"": null, ""holiday_countries_used"": false, ""lags"": null, ""forward_lags"": null, ""regression_type"": null}","{""fillna"": ""cubic"", ""transformations"": {""0"": ""DifferencedTransformer""}, ""transformation_params"": {""0"": {""lag"": 1, ""fill"": ""zero""}}}",0,1,21.957936585155124,1.4711754951686573,1.6467702871582333,0.7851722812801751,1.4711754951686573,0.0,0.0,0.8623928403203862,132.40579456517915,1.4711754951686573,14.303080346526857,1.0,0.4777777777777778,3.681231159567835,0.3,2.3253647859655073,1.2191848658733115,6.552485275198437,4.39861955163594,0.3555038620939871,132.40579456517915,77.05117310852364,11.313175422278887,0.24385849596428777,21.957936585155124,1.4711754951686573,1.6467702871582333,0.7851722812801751,1.4711754951686573,0.0,0.8623928403203862,1.4711754951686573,14.303080346526857,3.681231159567835,0.3,2.3253647859655073,1.2191848658733115,6.552485275198437,4.39861955163594,0.3555038620939871,132.40579456517915,77.05117310852364,11.313175422278887,0.24385849596428777,1.0,0.4777777777777778,0.2632,189.58235294192227,21.315434595249027,Wh,21.315434595249027,Wh
127,37d7b3e5fcfd67cfc8a694fcfd3f1dc2,DatepartRegression,"{""regression_model"": {""model"": ""DecisionTree"", ""model_params"": {""max_depth"": null, ""min_samples_split"": 1.0}}, ""datepart_method"": ""simple_2"", ""polynomial_degree"": null, ""holiday_countries_used"": false, ""lags"": 1, ""forward_lags"": null, ""regression_type"": null}","{""fillna"": ""ffill"", ""transformations"": {""0"": ""Scaler"", ""1"": ""DifferencedTransformer""}, ""transformation_params"": {""0"": {}, ""1"": {""lag"": 1, ""fill"": ""bfill""}}}",0,1,9.271870687849512,0.5399190839206914,0.6657800820832016,0.6345658084951445,0.5399190839206914,0.0,-36.06397696082594,0.5058581588584153,12.52874059203629,0.4342547526862783,15.713915368545749,1.0,0.5333333333333333,1.7325291430696481,0.7,1.4471272103266377,0.423654351318098,2.6055629294474847,0.9114047627465685,0.0,23.53523636878965,7.7929634875812415,26.668838755260406,0.04334604359201055,9.271870687849512,0.5399190839206914,0.6657800820832016,0.6345658084951445,0.5399190839206914,0.0,0.5058581588584153,0.4342547526862783,15.713915368545749,1.7325291430696481,0.7,1.4471272103266377,0.423654351318098,2.6055629294474847,0.9114047627465685,0.0,23.53523636878965,7.7929634875812415,26.668838755260406,0.04334604359201055,1.0,0.5333333333333333,0.1357,188.9427834970105,7.822730841991701,Wh,7.822730841991701,Wh
128,1fbe1a25220f8f1354d8b783e1c91546,ARIMA,"{""p"": 4, ""d"": 0, ""q"": 2, ""regression_type"": null}","{""fillna"": ""nearest"", ""transformations"": {""0"": ""DifferencedTransformer"", ""1"": ""Scaler"", ""2"": ""Scaler""}, ""transformation_params"": {""0"": {""lag"": 1, ""fill"": ""bfill""}, ""1"": {}, ""2"": {}}}",0,1,7.298437403992636,0.43035326782503625,0.6259860364092636,0.6377289871604485,0.43035326782503625,0.0,-6.043424774922167,0.3248476945240379,32.688369329331096,0.42287217945405314,15.82792339916356,1.0,0.5222222222222223,1.8528667391609819,0.7,1.377259142445853,0.25661953674881144,1.8822538979340373,0.609730877802253,0.0021865702739010595,26.644944554408923,15.06832960065418,27.287101622529242,0.04907335155102627,7.298437403992636,0.43035326782503625,0.6259860364092636,0.6377289871604485,0.43035326782503625,0.0,0.3248476945240379,0.42287217945405314,15.82792339916356,1.8528667391609819,0.7,1.377259142445853,0.25661953674881144,1.8822538979340373,0.609730877802253,0.0021865702739010595,26.644944554408923,15.06832960065418,27.287101622529242,0.04907335155102627,1.0,0.5222222222222223,0.1006,188.2632568390204,6.23526354490062,Wh,6.23526354490062,Wh
129,d5a7fd9960dc517a0b2fa3444915f7c8,ARIMA,"{""p"": 4, ""d"": 0, ""q"": 0, ""regression_type"": null}","{""fillna"": ""quadratic"", ""transformations"": {""0"": ""DifferencedTransformer"", ""1"": ""Scaler"", ""2"": ""Scaler"", ""3"": ""Scaler"", ""4"": ""Scaler""}, ""transformation_params"": {""0"": {""lag"": 1, ""fill"": ""bfill""}, ""1"": {}, ""2"": {}, ""3"": {}, ""4"": {}}}",0,1,7.29959121279352,0.43042727553989885,0.6261496893284518,0.637737998031205,0.43042727553989885,0.0,-6.03123960576215,0.3248551264724009,32.70721519282874,0.4229640914351846,15.82687093818693,1.0,0.5222222222222223,1.8532098901260943,0.7,1.3773237953914044,0.2566439382172064,1.8825139184950472,0.6100286859410385,0.0022264007435141824,26.675975587066592,15.088820443532235,27.28671614772751,0.049130502984443276,7.29959121279352,0.43042727553989885,0.6261496893284518,0.637737998031205,0.43042727553989885,0.0,0.3248551264724009,0.4229640914351846,15.82687093818693,1.8532098901260943,0.7,1.3773237953914044,0.2566439382172064,1.8825139184950472,0.6100286859410385,0.0022264007435141824,26.675975587066592,15.088820443532235,27.28671614772751,0.049130502984443276,1.0,0.5222222222222223,0.0523,188.25310361767075,6.236335821193203,Wh,6.236335821193203,Wh
130,7cbeca9c0f0a705e68ef3c05c2a454a3,WindowRegression,"{""window_size"": 10, ""input_dim"": ""univariate"", ""output_dim"": ""forecast_length"", ""normalize_window"": false, ""max_windows"": 5000000, ""fourier_encoding_components"": null, ""scale"": true, ""datepart_method"": [""db2_365.25_12_0.5"", ""morlet_7_7_1""], ""regression_type"": null, ""regression_model"": {""model"": ""BayesianRidge"", ""model_params"": {}}}","{""fillna"": ""ffill"", ""transformations"": {""0"": ""DifferencedTransformer""}, ""transformation_params"": {""0"": {""lag"": 1, ""fill"": ""bfill""}}}",0,1,60.6039162067263,2.610710122342513,3.1267222223644224,2.6248493771347006,2.610710122342513,0.0,-197.12770358119903,2.4141688812603377,37.836207429627144,1.3536955041003742,10.816535846075777,0.9888888888888889,0.4222222222222222,6.6875200271606445,0.5888888888888889,3.1370940846951707,2.072561803382761,9.810382451783772,19.6595286783532,1.3863587498528918,159.2914961515719,99.91504320265719,92.58086402017595,0.2933752620041225,60.6039162067263,2.610710122342513,3.1267222223644224,2.6248493771347006,2.610710122342513,0.0,2.4141688812603377,1.3536955041003742,10.816535846075777,6.6875200271606445,0.5888888888888889,3.1370940846951707,2.072561803382761,9.810382451783772,19.6595286783532,1.3863587498528918,159.2914961515719,99.91504320265719,92.58086402017595,0.2933752620041225,0.9888888888888889,0.4222222222222222,0.4806,187.1635194867053,37.825820945696776,Wh,37.825820945696776,Wh
131,fbda979c7f4bc1858bfbd2878098175f,ARIMA,"{""p"": 2, ""d"": 0, ""q"": 4, ""regression_type"": null}","{""fillna"": ""ffill"", ""transformations"": {""0"": ""DifferencedTransformer""}, ""transformation_params"": {""0"": {""lag"": 1, ""fill"": ""zero""}}}",0,1,18.216545944219995,1.1810816144145977,1.313551497241906,0.6409765631281428,1.1810816144145977,0.0,-0.027299021994691586,0.7474296900708565,106.27004627531909,1.1810775480504825,14.410315891849182,1.0,0.4777777777777778,2.7732239699032624,0.3,2.0627128924984404,0.9770302995395453,4.918572666133864,2.5864693593842083,0.01092718812023375,106.2427472533244,65.9530288231582,26.410403828486558,0.19567267911039857,18.216545944219995,1.1810816144145977,1.313551497241906,0.6409765631281428,1.1810816144145977,0.0,0.7474296900708565,1.1810775480504825,14.410315891849182,2.7732239699032624,0.3,2.0627128924984404,0.9770302995395453,4.918572666133864,2.5864693593842083,0.01092718812023375,106.2427472533244,65.9530288231582,26.410403828486558,0.19567267911039857,1.0,0.4777777777777778,0.3454,185.7076985085928,17.112348585455038,Wh,17.112348585455038,Wh
132,a02f891f7e896486e6dbd80336f1badb,WindowRegression,"{""window_size"": 5, ""input_dim"": ""univariate"", ""output_dim"": ""1step"", ""normalize_window"": false, ""max_windows"": 5000, ""fourier_encoding_components"": null, ""scale"": true, ""datepart_method"": null, ""regression_type"": null, ""regression_model"": {""model"": ""SVM"", ""model_params"": {""C"": 0.1, ""tol"": 0.001, ""epsilon"": 0.05, ""loss"": ""squared_epsilon_insensitive"", ""max_iter"": 50}}}","{""fillna"": ""pchip"", ""transformations"": {""0"": ""DifferencedTransformer"", ""1"": ""Scaler""}, ""transformation_params"": {""0"": {""lag"": 1, ""fill"": ""bfill""}, ""1"": {}}}",0,1,18.34428093126044,1.20707738549319,1.4276913909969942,0.6425592959915407,1.20707738549319,0.0,-0.9499874204310608,0.7365586710970291,107.68697727395605,1.2051725351842073,11.199177764502464,1.0,0.4777777777777778,3.4439407662794856,0.28888888888888886,2.1414245591545913,0.9564861702841186,6.074110030405401,3.8184357728429785,0.009660051680700832,106.73698985352496,51.14908946000538,25.85787416129799,0.19658295088152605,18.34428093126044,1.20707738549319,1.4276913909969942,0.6425592959915407,1.20707738549319,0.0,0.7365586710970291,1.2051725351842073,11.199177764502464,3.4439407662794856,0.28888888888888886,2.1414245591545913,0.9564861702841186,6.074110030405401,3.8184357728429785,0.009660051680700832,106.73698985352496,51.14908946000538,25.85787416129799,0.19658295088152605,1.0,0.4777777777777778,0.288,149.9374693327218,17.48899376476811,Wh,17.48899376476811,Wh
133,ee6af7cb2b3d99ccded9470a002d0bba,WindowRegression,"{""window_size"": 10, ""input_dim"": ""univariate"", ""output_dim"": ""1step"", ""normalize_window"": false, ""max_windows"": 5000000, ""fourier_encoding_components"": null, ""scale"": true, ""datepart_method"": null, ""regression_type"": null, ""regression_model"": {""model"": ""HistGradientBoost"", ""model_params"": {""loss"": ""squared_error"", ""learning_rate"": 0.01, ""max_depth"": 20, ""min_samples_leaf"": 20, ""max_iter"": 250, ""l2_regularization"": 0}}}","{""fillna"": ""rolling_mean"", ""transformations"": {""0"": ""DifferencedTransformer"", ""1"": ""Scaler"", ""2"": ""Scaler""}, ""transformation_params"": {""0"": {""lag"": 1, ""fill"": ""bfill""}, ""1"": {}, ""2"": {}}}",0,1,7.892012809553532,0.465648369742192,0.6403089824272757,0.6531058325023136,0.465648369742192,0.0,-14.528436496188338,0.37298053958952837,27.379916780608944,0.43808265047863926,11.0635474880881,1.0,0.5888888888888889,2.055297122585001,0.6111111111111112,1.4475574615132414,0.3015904195115664,2.0119422252105843,0.636714963719257,0.159352575386281,12.851480284420603,5.547776180350084,18.527258106691352,0.023669225832338974,7.892012809553532,0.465648369742192,0.6403089824272757,0.6531058325023136,0.465648369742192,0.0,0.37298053958952837,0.43808265047863926,11.0635474880881,2.055297122585001,0.6111111111111112,1.4475574615132414,0.3015904195115664,2.0119422252105843,0.636714963719257,0.159352575386281,12.851480284420603,5.547776180350084,18.527258106691352,0.023669225832338974,1.0,0.5888888888888889,1.0744,134.97570299732618,6.746644028682764,Wh,6.746644028682764,Wh
134,a956865733533fa82862a88f1b1f0189,ARIMA,"{""p"": 1, ""d"": 0, ""q"": 0, ""regression_type"": null}","{""fillna"": ""ffill"", ""transformations"": {""0"": ""Scaler"", ""1"": ""Scaler"", ""2"": ""Scaler""}, ""transformation_params"": {""0"": {}, ""1"": {}, ""2"": {}}}",0,2,102.40267175646639,4.2763715642503835,4.517904547752742,0.622584965651799,4.2763715642503835,0.0,-768.9864379172985,4.2756331835552865,0.7604436477703915,1.5830113325945743,1.287224156242965,0.9944444444444445,0.5166666666666666,7.773923457013808,0.3722222222222222,4.215293908693615,3.9528880669158806,19.383915686334284,32.83013507457075,0.0015923849840447596,384.1129971347641,157.59414976669575,25.78427738084997,0.6321953243019142,102.40267175646639,4.2763715642503835,4.517904547752742,0.622584965651799,4.2763715642503835,0.0,4.2756331835552865,1.5830113325945743,1.287224156242965,7.773923457013808,0.3722222222222222,4.215293908693615,3.9528880669158806,19.383915686334284,32.83013507457075,0.0015923849840447596,384.1129971347641,157.59414976669575,25.78427738084997,0.6321953243019142,0.9944444444444445,0.5166666666666666,0.0276,120.50913431583741,79.40681886526518,Wh,79.40681886526518,Wh
135,7c627daf8e37645b297651c6573b795b,WindowRegression,"{""window_size"": 10, ""input_dim"": ""univariate"", ""output_dim"": ""forecast_length"", ""normalize_window"": false, ""max_windows"": 5000, ""fourier_encoding_components"": null, ""scale"": false, ""datepart_method"": null, ""regression_type"": null, ""regression_model"": {""model"": ""RANSAC"", ""model_params"": {}}}","{""fillna"": ""ffill"", ""transformations"": {""0"": null}, ""transformation_params"": {""0"": {}}}",0,1,64.4054805255996,3.6343897558602167,4.453805264882831,5.104297693063588,3.6343897558602167,0.0,-132.48254730461704,2.2419791671622216,194.61253072280246,2.7665227954319653,3.748941979492112,0.17777777777777778,0.5,11.250903992133416,0.4444444444444444,4.571380485282579,2.7776490084541674,14.310214779100175,26.78040202040489,1.950787964553781,62.12998341818542,44.923415150047376,207.51633263077858,0.11442795506345092,64.4054805255996,3.6343897558602167,4.453805264882831,5.104297693063588,3.6343897558602167,0.0,2.2419791671622216,2.7665227954319653,3.748941979492112,11.250903992133416,0.4444444444444444,4.571380485282579,2.7776490084541674,14.310214779100175,26.78040202040489,1.950787964553781,62.12998341818542,44.923415150047376,207.51633263077858,0.11442795506345092,0.17777777777777778,0.5,0.0772,119.09970074349445,52.65761793143546,Wh,52.65761793143546,Wh
136,6acb1b70299ac9b39ccd151e7835c6f4,DatepartRegression,"{""regression_model"": {""model"": ""ElasticNet"", ""model_params"": {""l1_ratio"": 0.5, ""fit_intercept"": false, ""selection"": ""cyclic"", ""max_iter"": 1000}}, ""datepart_method"": [""db2_365.25_12_0.5"", ""morlet_7_7_1""], ""polynomial_degree"": null, ""holiday_countries_used"": true, ""lags"": null, ""forward_lags"": null, ""regression_type"": null}","{""fillna"": ""ffill"", ""transformations"": {""0"": null}, ""transformation_params"": {""0"": {}}}",0,1,85.95017787278148,3.642318770489446,3.683905722256613,0.697099894372188,3.642318770489446,0.0,-327.80868934405015,3.642318770489446,0.0,1.5272870745572606,1.6973925899917257,0.1111111111111111,0.4777777777777778,4.618178188666922,0.7,3.3677418115590196,3.5334056474114286,14.119835708472108,42.31719047674554,0.08491034964513341,327.80868934405015,220.02703610690122,21.19727824832954,0.6037419601610647,85.95017787278148,3.642318770489446,3.683905722256613,0.697099894372188,3.642318770489446,0.0,3.642318770489446,1.5272870745572606,1.6973925899917257,4.618178188666922,0.7,3.3677418115590196,3.5334056474114286,14.119835708472108,42.31719047674554,0.08491034964513341,327.80868934405015,220.02703610690122,21.19727824832954,0.6037419601610647,0.1111111111111111,0.4777777777777778,0.3522,108.35276383504147,52.772499122217354,Wh,52.772499122217354,Wh
137,f94d0e1e488eb38699b001a9d6c1b3c4,ARIMA,"{""p"": 1, ""d"": 0, ""q"": 0, ""regression_type"": null}","{""fillna"": ""ffill"", ""transformations"": {""0"": ""Scaler"", ""1"": ""Scaler""}, ""transformation_params"": {""0"": {}, ""1"": {}}}",0,1,74.68200719506518,3.0721433526973416,3.403268355520889,0.6367624514425277,3.0721433526973416,0.0,-275.7324580949903,3.0706665913071487,0.7604436477703915,1.3217791812439224,1.612828908881377,1.0,0.5333333333333333,5.392319371925773,0.7,3.261593794478613,2.7179359397327625,15.11369018839769,22.533675264504343,0.0011462613204057288,274.9720144472199,135.90488143571542,23.003810502430493,0.5064299647577795,74.68200719506518,3.0721433526973416,3.403268355520889,0.6367624514425277,3.0721433526973416,0.0,3.0706665913071487,1.3217791812439224,1.612828908881377,5.392319371925773,0.7,3.261593794478613,2.7179359397327625,15.11369018839769,22.533675264504343,0.0011462613204057288,274.9720144472199,135.90488143571542,23.003810502430493,0.5064299647577795,1.0,0.5333333333333333,0.0312,95.76752775428803,44.5113930436573,Wh,44.5113930436573,Wh
138,db0e41fb25290810d4a0fb21211c4c5d,ARIMA,"{""p"": 4, ""d"": 0, ""q"": 12, ""regression_type"": null}","{""fillna"": ""cubic"", ""transformations"": {}, ""transformation_params"": {}}",0,2,66.88777242057235,2.90436046044813,3.0646699069550327,0.643606658582064,2.90436046044813,0.0,-494.1107545810118,2.8595682889547556,28.674128299651553,1.1229574621580942,0.8143495234938045,0.9777777777777779,0.5611111111111111,7.488218416927636,0.37222222222222223,3.2328836817099553,2.682986290140503,12.527284417406111,19.488941859876157,0.20937095925450294,249.92993986136221,93.90715259235193,19.318638042312696,0.3866814406424223,66.88777242057235,2.90436046044813,3.0646699069550327,0.643606658582064,2.90436046044813,0.0,2.8595682889547556,1.1229574621580942,0.8143495234938045,7.488218416927636,0.37222222222222223,3.2328836817099553,2.682986290140503,12.527284417406111,19.488941859876157,0.20937095925450294,249.92993986136221,93.90715259235193,19.318638042312696,0.3866814406424223,0.9777777777777779,0.5611111111111111,2.0777,79.32809143526768,77.69944890374005,Wh,77.69944890374005,Wh
139,170ac6ccd9603a4bb51902dd3c980550,ARIMA,"{""p"": 4, ""d"": 0, ""q"": 12, ""regression_type"": null}","{""fillna"": ""cubic"", ""transformations"": {""0"": ""Scaler""}, ""transformation_params"": {""0"": {}}}",0,2,66.88777242057235,2.90436046044813,3.0646699069550327,0.643606658582064,2.90436046044813,0.0,-494.1107545810118,2.8595682889547556,28.674128299651553,1.1229574621580942,0.8143495234938045,0.9777777777777779,0.5611111111111111,7.488218416927636,0.37222222222222223,3.2328836817099553,2.682986290140503,12.527284417406111,19.488941859876157,0.20937095925450294,249.92993986136221,93.90715259235193,19.318638042312696,0.3866814406424223,66.88777242057235,2.90436046044813,3.0646699069550327,0.643606658582064,2.90436046044813,0.0,2.8595682889547556,1.1229574621580942,0.8143495234938045,7.488218416927636,0.37222222222222223,3.2328836817099553,2.682986290140503,12.527284417406111,19.488941859876157,0.20937095925450294,249.92993986136221,93.90715259235193,19.318638042312696,0.3866814406424223,0.9777777777777779,0.5611111111111111,2.0056000000000003,79.32807140796513,77.69944890374005,Wh,77.69944890374005,Wh
140,97c383b49aa721c14f12de13046133b3,RollingRegression,"{""regression_model"": {""model"": ""HistGradientBoost"", ""model_params"": {""loss"": ""squared_error"", ""learning_rate"": 1, ""max_depth"": null, ""min_samples_leaf"": 20, ""max_iter"": 100, ""l2_regularization"": 0.01}}, ""holiday"": false, ""mean_rolling_periods"": 12, ""macd_periods"": 7, ""std_rolling_periods"": 7, ""max_rolling_periods"": null, ""min_rolling_periods"": null, ""ewm_var_alpha"": null, ""quantile90_rolling_periods"": null, ""quantile10_rolling_periods"": null, ""ewm_alpha"": null, ""additional_lag_periods"": 2, ""abs_energy"": false, ""rolling_autocorr_periods"": null, ""nonzero_last_n"": null, ""add_date_part"": null, ""polynomial_degree"": null, ""x_transform"": null, ""regression_type"": null}","{""fillna"": ""ffill"", ""transformations"": {""0"": ""Scaler"", ""1"": ""Scaler""}, ""transformation_params"": {""0"": {}, ""1"": {}}}",0,1,24.770962565700625,1.7437513298400538,2.0731042294532784,1.3112859045362766,1.7437513298400538,0.0,-4.781194094362599,0.9306246526658865,152.15642559124223,1.7307832456537287,0.9215511004494343,0.6,0.6,4.068401053965649,0.36666666666666664,2.599635731724111,1.4224867499120766,7.900873067500031,8.12919723970105,0.9682890379341829,147.37523149687962,75.59931837635543,22.638842255546102,0.271428470432435,24.770962565700625,1.7437513298400538,2.0731042294532784,1.3112859045362766,1.7437513298400538,0.0,0.9306246526658865,1.7307832456537287,0.9215511004494343,4.068401053965649,0.36666666666666664,2.599635731724111,1.4224867499120766,7.900873067500031,8.12919723970105,0.9682890379341829,147.37523149687962,75.59931837635543,22.638842255546102,0.271428470432435,0.6,0.6,1.0107,42.94179578769327,25.264706721697472,Wh,25.264706721697472,Wh
141,870fc18d2696493b359dbfde77a1e9ff,WindowRegression,"{""window_size"": 2, ""input_dim"": ""univariate"", ""output_dim"": ""forecast_length"", ""normalize_window"": false, ""max_windows"": 5000000, ""fourier_encoding_components"": null, ""scale"": true, ""datepart_method"": null, ""regression_type"": null, ""regression_model"": {""model"": ""HistGradientBoost"", ""model_params"": {""loss"": ""squared_error"", ""learning_rate"": 1, ""max_depth"": null, ""min_samples_leaf"": 20, ""max_iter"": 250, ""l2_regularization"": 0.02}}}","{""fillna"": ""ffill"", ""transformations"": {""0"": null}, ""transformation_params"": {""0"": {}}}",0,1,22.677793803513286,1.540308672809137,1.750866750663043,0.9043853795679329,1.540308672809137,0.0,-0.15755379207865872,0.8786786738209357,138.47022676074369,1.5401837304364474,0.9990646443456899,0.43333333333333335,0.4777777777777778,3.5595263011656364,0.3,2.4233096178191604,1.2750844200021085,5.235389903952651,8.05739940767555,0.49836853901506184,138.31267296866503,102.74564934419394,4.312392152618161,0.25473749478793,22.677793803513286,1.540308672809137,1.750866750663043,0.9043853795679329,1.540308672809137,0.0,0.8786786738209357,1.5401837304364474,0.9990646443456899,3.5595263011656364,0.3,2.4233096178191604,1.2750844200021085,5.235389903952651,8.05739940767555,0.49836853901506184,138.31267296866503,102.74564934419394,4.312392152618161,0.25473749478793,0.43333333333333335,0.4777777777777778,8.5473,40.42150231794768,22.3170851333369,Wh,22.3170851333369,Wh
142,a54f3dbc216ac77955491bd81e32596f,RollingRegression,"{""regression_model"": {""model"": ""RadiusNeighbors"", ""model_params"": {""radius"": 2.0, ""weights"": ""distance"", ""algorithm"": ""kd_tree"", ""leaf_size"": 20, ""p"": 1.5, ""metric"": ""minkowski""}}, ""holiday"": false, ""mean_rolling_periods"": 12, ""macd_periods"": 7, ""std_rolling_periods"": 7, ""max_rolling_periods"": null, ""min_rolling_periods"": null, ""ewm_var_alpha"": null, ""quantile90_rolling_periods"": null, ""quantile10_rolling_periods"": null, ""ewm_alpha"": 0.2, ""additional_lag_periods"": 2, ""abs_energy"": true, ""rolling_autocorr_periods"": null, ""nonzero_last_n"": null, ""add_date_part"": ""simple_2"", ""polynomial_degree"": null, ""x_transform"": ""Nystroem"", ""regression_type"": null}","{""fillna"": ""nearest"", ""transformations"": {""0"": ""Scaler""}, ""transformation_params"": {""0"": {}}}",0,1,25.215928982685277,1.7109417932521287,1.7981953689433428,0.6501613918501685,1.7109417932521287,0.0,0.0,0.978412600951867,153.98476139269158,1.7109417932521287,0.679714349813634,0.8,0.5333333333333333,3.2693291340234145,0.3,2.462267692872033,1.5121784428241956,6.9055213972887515,6.090648690930115,0.013090717862163483,153.98476139269158,99.3930075183236,25.799044232156334,0.2836015782991777,25.215928982685277,1.7109417932521287,1.7981953689433428,0.6501613918501685,1.7109417932521287,0.0,0.978412600951867,1.7109417932521287,0.679714349813634,3.2693291340234145,0.3,2.462267692872033,1.5121784428241956,6.9055213972887515,6.090648690930115,0.013090717862163483,153.98476139269158,99.3930075183236,25.799044232156334,0.2836015782991777,0.8,0.5333333333333333,2.0972,39.464436112767935,24.789338872289285,Wh,24.789338872289285,Wh
143,9b3bc4d46cd9c42bddff2314f63af5f3,WindowRegression,"{""window_size"": 20, ""input_dim"": ""univariate"", ""output_dim"": ""forecast_length"", ""normalize_window"": false, ""max_windows"": 5000000, ""fourier_encoding_components"": null, ""scale"": false, ""datepart_method"": null, ""regression_type"": null, ""regression_model"": {""model"": ""PoissonRegresssion"", ""model_params"": {}}}","{""fillna"": ""time"", ""transformations"": {""0"": null}, ""transformation_params"": {""0"": {}}}",0,1,21.093493989998187,1.4428506137887647,1.7703339961250406,1.4265504732804226,1.4428506137887647,0.0,-8.556748588143979,0.8305221167104615,121.29980665284484,1.4168278744889582,1.020631989404497,0.4444444444444444,0.5,3.856908259953867,0.34444444444444444,2.3834348265583616,1.109826823307572,5.292584317819153,20.183086945537664,0.9287075513025875,112.74305806470086,83.52106999992222,38.347382162470424,0.20764463262624216,21.093493989998187,1.4428506137887647,1.7703339961250406,1.4265504732804226,1.4428506137887647,0.0,0.8305221167104615,1.4168278744889582,1.020631989404497,3.856908259953867,0.34444444444444444,2.3834348265583616,1.109826823307572,5.292584317819153,20.183086945537664,0.9287075513025875,112.74305806470086,83.52106999992222,38.347382162470424,0.20764463262624216,0.4444444444444444,0.5,1.5093,39.16592171658859,20.905043613035126,Wh,20.905043613035126,Wh
144,afcf8e383f5bb8f0ca5800df6cebd1bf,ARIMA,"{""p"": 4, ""d"": 0, ""q"": 1, ""regression_type"": null}","{""fillna"": ""ffill"", ""transformations"": {""0"": null}, ""transformation_params"": {""0"": {}}}",0,2,24.32297450294586,1.4971563003603847,1.650595067690456,0.6090495932360784,1.4971563003603847,0.0,-193.66198209486532,1.3617861959169324,75.82615197000393,0.9739226916425312,0.7202249298792068,0.9722222222222223,0.5444444444444445,3.948454343876697,0.2944444444444444,2.0682662624344816,1.3006452256340486,6.407802735179659,6.075734155378046,0.07571029219162508,132.94090340035268,58.236260706861685,26.74516232196743,0.21557626105380487,24.32297450294586,1.4971563003603847,1.650595067690456,0.6090495932360784,1.4971563003603847,0.0,1.3617861959169324,0.9739226916425312,0.7202249298792068,3.948454343876697,0.2944444444444444,2.0682662624344816,1.3006452256340486,6.407802735179659,6.075734155378046,0.07571029219162508,132.94090340035268,58.236260706861685,26.74516232196743,0.21557626105380487,0.9722222222222223,0.5444444444444445,0.1739,37.66555872173444,31.42684625163036,Wh,31.42684625163036,Wh
145,7eaedd7c743d5331e3b5970cfc37a7f2,RollingRegression,"{""regression_model"": {""model"": ""RANSAC"", ""model_params"": {}}, ""holiday"": false, ""mean_rolling_periods"": 12, ""macd_periods"": 364, ""std_rolling_periods"": null, ""max_rolling_periods"": null, ""min_rolling_periods"": null, ""ewm_var_alpha"": null, ""quantile90_rolling_periods"": null, ""quantile10_rolling_periods"": null, ""ewm_alpha"": null, ""additional_lag_periods"": 90, ""abs_energy"": false, ""rolling_autocorr_periods"": null, ""nonzero_last_n"": null, ""add_date_part"": ""expanded"", ""polynomial_degree"": null, ""x_transform"": null, ""regression_type"": null}","{""fillna"": ""fake_date"", ""transformations"": {""0"": ""Scaler"", ""1"": ""Scaler""}, ""transformation_params"": {""0"": {}, ""1"": {}}}",0,1,22.121364534365657,1.5023202356547547,1.7597020766028977,1.4253227831256068,1.5023202356547547,0.0,-6.261290350346826,0.8657296785670037,128.9475308585811,1.4816488898612037,0.7400259644789069,0.6666666666666666,0.43333333333333335,3.7701363810974726,0.35555555555555557,2.3731212838567073,1.2377799987789122,6.555101007090976,8.342321886452982,0.9282044084968897,122.68624050823428,65.09265552540356,26.94922081247407,0.22595749819033162,22.121364534365657,1.5023202356547547,1.7597020766028977,1.4253227831256068,1.5023202356547547,0.0,0.8657296785670037,1.4816488898612037,0.7400259644789069,3.7701363810974726,0.35555555555555557,2.3731212838567073,1.2377799987789122,6.555101007090976,8.342321886452982,0.9282044084968897,122.68624050823428,65.09265552540356,26.94922081247407,0.22595749819033162,0.6666666666666666,0.43333333333333335,1.0132,36.87281331252455,21.76668169730962,Wh,21.76668169730962,Wh
146,c5d84deb1d189197eeaa2f662232f4fa,RollingRegression,"{""regression_model"": {""model"": ""ExtraTrees"", ""model_params"": {""n_estimators"": 100, ""min_samples_leaf"": 1, ""max_depth"": 10}}, ""holiday"": false, ""mean_rolling_periods"": null, ""macd_periods"": null, ""std_rolling_periods"": 5, ""max_rolling_periods"": 28, ""min_rolling_periods"": 2, ""ewm_var_alpha"": null, ""quantile90_rolling_periods"": null, ""quantile10_rolling_periods"": null, ""ewm_alpha"": null, ""additional_lag_periods"": 2, ""abs_energy"": false, ""rolling_autocorr_periods"": null, ""nonzero_last_n"": null, ""add_date_part"": ""simple_binarized"", ""polynomial_degree"": null, ""x_transform"": ""Nystroem"", ""regression_type"": null}","{""fillna"": ""ffill"", ""transformations"": {""0"": null}, ""transformation_params"": {""0"": {}}}",0,1,22.727089863003833,1.5174099191260761,1.6152036906757814,0.6473434569841138,1.5174099191260761,0.0,0.0,0.9013990333230277,136.56689272134685,1.5174099191260761,0.6403304419229746,0.8222222222222222,0.5333333333333333,3.076006623341925,0.3,2.309683578709944,1.3186080017478297,6.146215106208785,4.714792729087518,0.01099796405421621,136.56689272134685,87.82918981991503,26.02984023340361,0.2515222023848048,22.727089863003833,1.5174099191260761,1.6152036906757814,0.6473434569841138,1.5174099191260761,0.0,0.9013990333230277,1.5174099191260761,0.6403304419229746,3.076006623341925,0.3,2.309683578709944,1.3186080017478297,6.146215106208785,4.714792729087518,0.01099796405421621,136.56689272134685,87.82918981991503,26.02984023340361,0.2515222023848048,0.8222222222222222,0.5333333333333333,3.3049,35.755967568382836,21.985311739851955,Wh,21.985311739851955,Wh
147,1e7d08cc8d04edcec71dd4ca3947d49e,RollingRegression,"{""regression_model"": {""model"": ""RANSAC"", ""model_params"": {}}, ""holiday"": false, ""mean_rolling_periods"": null, ""macd_periods"": null, ""std_rolling_periods"": 7, ""max_rolling_periods"": null, ""min_rolling_periods"": null, ""ewm_var_alpha"": null, ""quantile90_rolling_periods"": null, ""quantile10_rolling_periods"": null, ""ewm_alpha"": null, ""additional_lag_periods"": 90, ""abs_energy"": false, ""rolling_autocorr_periods"": null, ""nonzero_last_n"": null, ""add_date_part"": null, ""polynomial_degree"": null, ""x_transform"": ""RmZeroVariance"", ""regression_type"": null}","{""fillna"": ""ffill_mean_biased"", ""transformations"": {""0"": ""Scaler"", ""1"": ""Scaler"", ""2"": ""Scaler""}, ""transformation_params"": {""0"": {}, ""1"": {}, ""2"": {}}}",0,1,22.50621164895007,1.5016850154434884,1.6064238242127145,0.6581102629787448,1.5016850154434884,0.0,0.0,0.8926477108073958,135.15165138991395,1.5016850154434884,0.6398831592346013,0.8222222222222222,0.5,3.095643643938134,0.3,2.3003476829032805,1.3007190377081963,6.237842881572676,4.529476056805532,0.09304562551386103,135.15165138991395,84.39169905735059,22.55643926477821,0.24891568033912628,22.50621164895007,1.5016850154434884,1.6064238242127145,0.6581102629787448,1.5016850154434884,0.0,0.8926477108073958,1.5016850154434884,0.6398831592346013,3.095643643938134,0.3,2.3003476829032805,1.3007190377081963,6.237842881572676,4.529476056805532,0.09304562551386103,135.15165138991395,84.39169905735059,22.55643926477821,0.24891568033912628,0.8222222222222222,0.5,0.4779,35.48550782015619,21.7574781761041,Wh,21.7574781761041,Wh
148,ea74bd3a34d0cc5e579c78e3ef3e9593,ARIMA,"{""p"": 4, ""d"": 0, ""q"": 0, ""regression_type"": null}","{""fillna"": ""ffill"", ""transformations"": {""0"": ""Scaler"", ""1"": ""Scaler""}, ""transformation_params"": {""0"": {}, ""1"": {}}}",0,2,19.235673976323433,1.1965996118276052,1.3387372124016015,0.6169824440972055,1.1965996118276052,0.0,-205.1445942360067,1.181612758678199,10.243335892962277,0.7342859981016733,1.0417315170347972,0.9944444444444445,0.5166666666666667,3.2948447989573797,0.5722222222222222,1.7445532820388214,1.0392448459691321,5.272125461189685,4.926524578828641,0.04282039236353265,97.45062917152221,37.52145671314227,27.000661875404568,0.15679429640346584,19.235673976323433,1.1965996118276052,1.3387372124016015,0.6169824440972055,1.1965996118276052,0.0,1.181612758678199,0.7342859981016733,1.0417315170347972,3.2948447989573797,0.5722222222222222,1.7445532820388214,1.0392448459691321,5.272125461189685,4.926524578828641,0.04282039236353265,97.45062917152221,37.52145671314227,27.000661875404568,0.15679429640346584,0.9944444444444445,0.5166666666666667,0.0825,35.29341656086038,24.80825152411589,Wh,24.80825152411589,Wh
149,afb6a9149cd86275a00f3406614ed82a,ARIMA,"{""p"": 4, ""d"": 0, ""q"": 0, ""regression_type"": null}","{""fillna"": ""ffill"", ""transformations"": {""0"": null}, ""transformation_params"": {""0"": {}}}",0,2,19.235673976323433,1.1965996118276052,1.3387372124016015,0.6169824440972055,1.1965996118276052,0.0,-205.1445942360067,1.181612758678199,10.243335892962277,0.7342859981016733,1.0417315170347972,0.9944444444444445,0.5166666666666667,3.2948447989573797,0.5722222222222222,1.7445532820388214,1.0392448459691321,5.272125461189685,4.926524578828641,0.04282039236353265,97.45062917152221,37.52145671314227,27.000661875404568,0.15679429640346584,19.235673976323433,1.1965996118276052,1.3387372124016015,0.6169824440972055,1.1965996118276052,0.0,1.181612758678199,0.7342859981016733,1.0417315170347972,3.2948447989573797,0.5722222222222222,1.7445532820388214,1.0392448459691321,5.272125461189685,4.926524578828641,0.04282039236353265,97.45062917152221,37.52145671314227,27.000661875404568,0.15679429640346584,0.9944444444444445,0.5166666666666667,0.07825,35.29341538033283,24.80825152411589,Wh,24.80825152411589,Wh
150,0d575c4bb271c1605938c2391609c809,DatepartRegression,"{""regression_model"": {""model"": ""DecisionTree"", ""model_params"": {""max_depth"": 3, ""min_samples_split"": 1.0}}, ""datepart_method"": [""weekdaymonthofyear"", ""quarter"", ""dayofweek""], ""polynomial_degree"": null, ""holiday_countries_used"": true, ""lags"": null, ""forward_lags"": null, ""regression_type"": null}","{""fillna"": ""ffill"", ""transformations"": {""0"": ""Scaler""}, ""transformation_params"": {""0"": {}}}",0,1,22.063297840258087,1.466661690285135,1.566770060030648,0.6465713693292856,1.466661690285135,0.0,0.0,0.8804011795549354,131.99955212566215,1.466661690285135,0.6301276441132133,0.8333333333333334,0.5444444444444444,3.0230380733248214,0.3,2.269384744012529,1.2682687794393397,5.9404587828411275,4.722442228374791,0.012366235842781922,131.99955212566215,84.92929578323809,26.096064195401283,0.24311029857139563,22.063297840258087,1.466661690285135,1.566770060030648,0.6465713693292856,1.466661690285135,0.0,0.8804011795549354,1.466661690285135,0.6301276441132133,3.0230380733248214,0.3,2.269384744012529,1.2682687794393397,5.9404587828411275,4.722442228374791,0.012366235842781922,131.99955212566215,84.92929578323809,26.096064195401283,0.24311029857139563,0.8333333333333334,0.5444444444444444,0.3437,34.77503165335457,21.25003538687015,Wh,21.25003538687015,Wh
151,b3d89d36c17ff26430125a7607368481,WindowRegression,"{""window_size"": 20, ""input_dim"": ""univariate"", ""output_dim"": ""1step"", ""normalize_window"": false, ""max_windows"": 5000000, ""fourier_encoding_components"": null, ""scale"": true, ""datepart_method"": null, ""regression_type"": null, ""regression_model"": {""model"": ""RANSAC"", ""model_params"": {}}}","{""fillna"": ""ffill"", ""transformations"": {""0"": ""Scaler""}, ""transformation_params"": {""0"": {}}}",0,2,19.417011851612237,1.4004681136154467,1.7632033316780504,1.021846914712559,1.4004681136154467,0.0,-64.69271122263271,0.8873453829716541,187.39154922814768,1.2360968699523704,0.7472099692821563,0.5777777777777777,0.5666666666666667,6.220838647948234,0.6111111111111112,1.8068452050960877,1.0397502247680237,6.535901020212063,6.251300648791332,0.44345603194833744,61.3494190027575,25.30340931030332,19.09130636766554,0.10161875453154762,19.417011851612237,1.4004681136154467,1.7632033316780504,1.021846914712559,1.4004681136154467,0.0,0.8873453829716541,1.2360968699523704,0.7472099692821563,6.220838647948234,0.6111111111111112,1.8068452050960877,1.0397502247680237,6.535901020212063,6.251300648791332,0.44345603194833744,61.3494190027575,25.30340931030332,19.09130636766554,0.10161875453154762,0.5777777777777777,0.5666666666666667,0.28845,34.45442211833361,32.29402628001546,Wh,32.29402628001546,Wh
152,2b1fdc0e6aba1c7b28a4f28e58a40867,DatepartRegression,"{""regression_model"": {""model"": ""ElasticNet"", ""model_params"": {""l1_ratio"": 0.5, ""fit_intercept"": true, ""selection"": ""cyclic"", ""max_iter"": 1000}}, ""datepart_method"": ""anchored_warped_fourier:us_school"", ""polynomial_degree"": null, ""holiday_countries_used"": false, ""lags"": null, ""forward_lags"": 1, ""regression_type"": null}","{""fillna"": ""ffill"", ""transformations"": {""0"": null}, ""transformation_params"": {""0"": {}}}",0,1,21.39442827564342,1.4159556176927355,1.51940850943188,0.6458322603172252,1.4159556176927355,0.0,0.0,0.858700785410597,127.43600559234619,1.4159556176927355,0.6212732514364919,0.8444444444444444,0.5444444444444444,2.972332000732422,0.3,2.2305822377490934,1.21756270684694,5.741358975426187,4.386644613371285,0.01180334834443115,127.43600559234619,81.902644378851,26.15667113439023,0.23470538247590222,21.39442827564342,1.4159556176927355,1.51940850943188,0.6458322603172252,1.4159556176927355,0.0,0.858700785410597,1.4159556176927355,0.6212732514364919,2.972332000732422,0.3,2.2305822377490934,1.21756270684694,5.741358975426187,4.386644613371285,0.01180334834443115,127.43600559234619,81.902644378851,26.15667113439023,0.23470538247590222,0.8444444444444444,0.5444444444444444,1.3826,33.81063167612105,20.51536982353344,Wh,20.51536982353344,Wh
153,66f88776371ed6e049f53d6229546031,DatepartRegression,"{""regression_model"": {""model"": ""ElasticNet"", ""model_params"": {""l1_ratio"": 0.9, ""fit_intercept"": true, ""selection"": ""cyclic"", ""max_iter"": 2000}}, ""datepart_method"": ""common_fourier_rw_lag"", ""polynomial_degree"": null, ""holiday_countries_used"": false, ""lags"": null, ""forward_lags"": null, ""regression_type"": null}","{""fillna"": ""ffill"", ""transformations"": {""0"": null}, ""transformation_params"": {""0"": {}}}",0,1,21.39442827564342,1.4159556176927355,1.51940850943188,0.6458322603172252,1.4159556176927355,0.0,0.0,0.858700785410597,127.43600559234619,1.4159556176927355,0.6212732514364919,0.8444444444444444,0.5444444444444444,2.972332000732422,0.3,2.2305822377490934,1.21756270684694,5.741358975426187,4.386644613371285,0.01180334834443115,127.43600559234619,81.902644378851,26.15667113439023,0.23470538247590222,21.39442827564342,1.4159556176927355,1.51940850943188,0.6458322603172252,1.4159556176927355,0.0,0.858700785410597,1.4159556176927355,0.6212732514364919,2.972332000732422,0.3,2.2305822377490934,1.21756270684694,5.741358975426187,4.386644613371285,0.01180334834443115,127.43600559234619,81.902644378851,26.15667113439023,0.23470538247590222,0.8444444444444444,0.5444444444444444,0.1342,33.81028490657161,20.51536982353344,Wh,20.51536982353344,Wh
154,461cef62c5c03aaccc0c6e308539e375,RollingRegression,"{""regression_model"": {""model"": ""Ridge"", ""model_params"": {""alpha"": 1.0}}, ""holiday"": false, ""mean_rolling_periods"": null, ""macd_periods"": null, ""std_rolling_periods"": null, ""max_rolling_periods"": 364, ""min_rolling_periods"": 7, ""ewm_var_alpha"": null, ""quantile90_rolling_periods"": null, ""quantile10_rolling_periods"": null, ""ewm_alpha"": null, ""additional_lag_periods"": 6, ""abs_energy"": false, ""rolling_autocorr_periods"": null, ""nonzero_last_n"": null, ""add_date_part"": null, ""polynomial_degree"": null, ""x_transform"": null, ""regression_type"": null}","{""fillna"": ""ffill_mean_biased"", ""transformations"": {""0"": null}, ""transformation_params"": {""0"": {}}}",0,1,21.11660199253631,1.3953084187572344,1.5039785617018218,0.6424781417075709,1.3953084187572344,0.0,0.0,0.8485351605430398,125.5777576881511,1.3953084187572344,0.6204197567864543,0.8444444444444444,0.4666666666666667,2.968674219284358,0.3,2.2179613698554266,1.1940366042399901,5.708251459255605,3.734291372483105,0.012204849928911759,125.5777576881511,79.75897644328339,26.03301732682899,0.23128295266054594,21.11660199253631,1.3953084187572344,1.5039785617018218,0.6424781417075709,1.3953084187572344,0.0,0.8485351605430398,1.3953084187572344,0.6204197567864543,2.968674219284358,0.3,2.2179613698554266,1.1940366042399901,5.708251459255605,3.734291372483105,0.012204849928911759,125.5777576881511,79.75897644328339,26.03301732682899,0.23128295266054594,0.8444444444444444,0.4666666666666667,0.4111,33.456483577630685,20.216218553049348,Wh,20.216218553049348,Wh
155,9bbdf373a962bf77fb51191720d19e75,DatepartRegression,"{""regression_model"": {""model"": ""ElasticNet"", ""model_params"": {""l1_ratio"": 0.1, ""fit_intercept"": true, ""selection"": ""cyclic"", ""max_iter"": 1000}}, ""datepart_method"": ""anchored_warped_fourier:us_school"", ""polynomial_degree"": null, ""holiday_countries_used"": true, ""lags"": null, ""forward_lags"": null, ""regression_type"": null}","{""fillna"": ""linear"", ""transformations"": {""0"": null}, ""transformation_params"": {""0"": {}}}",0,1,20.671160848371358,1.3615520966853005,1.4688417270919725,0.6450392560357137,1.3615520966853005,0.0,0.0,0.8348605429817672,122.53968870167705,1.3615520966853005,0.6120215348188566,0.8444444444444444,0.5444444444444444,2.9179284797249867,0.3,2.189384820480831,1.163159185839505,5.527740960827705,4.042135324277286,0.011199062967539204,122.53968870167705,78.65529184606126,26.222632172733025,0.22568758626355184,20.671160848371358,1.3615520966853005,1.4688417270919725,0.6450392560357137,1.3615520966853005,0.0,0.8348605429817672,1.3615520966853005,0.6120215348188566,2.9179284797249867,0.3,2.189384820480831,1.163159185839505,5.527740960827705,4.042135324277286,0.011199062967539204,122.53968870167705,78.65529184606126,26.222632172733025,0.22568758626355184,0.8444444444444444,0.5444444444444444,1.0879,32.77530738008967,19.727133003661525,Wh,19.727133003661525,Wh
156,4597814533265222b338e51fe9353b43,DatepartRegression,"{""regression_model"": {""model"": ""ElasticNet"", ""model_params"": {""l1_ratio"": 0.1, ""fit_intercept"": true, ""selection"": ""cyclic"", ""max_iter"": 1000}}, ""datepart_method"": ""anchored_warped_fourier:us_school"", ""polynomial_degree"": null, ""holiday_countries_used"": true, ""lags"": null, ""forward_lags"": null, ""regression_type"": null}","{""fillna"": ""linear"", ""transformations"": {}, ""transformation_params"": {}}",0,1,20.671160848371358,1.3615520966853005,1.4688417270919725,0.6450392560357137,1.3615520966853005,0.0,0.0,0.8348605429817672,122.53968870167705,1.3615520966853005,0.6120215348188566,0.8444444444444444,0.5444444444444444,2.9179284797249867,0.3,2.189384820480831,1.163159185839505,5.527740960827705,4.042135324277286,0.011199062967539204,122.53968870167705,78.65529184606126,26.222632172733025,0.22568758626355184,20.671160848371358,1.3615520966853005,1.4688417270919725,0.6450392560357137,1.3615520966853005,0.0,0.8348605429817672,1.3615520966853005,0.6120215348188566,2.9179284797249867,0.3,2.189384820480831,1.163159185839505,5.527740960827705,4.042135324277286,0.011199062967539204,122.53968870167705,78.65529184606126,26.222632172733025,0.22568758626355184,0.8444444444444444,0.5444444444444444,1.0405,32.77529421373542,19.727133003661525,Wh,19.727133003661525,Wh
157,ab244aaa0c9f7be4beb6e1d2058ac4cf,ARIMA,"{""p"": 2, ""d"": 1, ""q"": 0, ""regression_type"": ""Holiday""}","{""fillna"": ""ffill"", ""transformations"": {""0"": null}, ""transformation_params"": {""0"": {}}}",0,2,12.061610330156407,0.7934078445996025,1.0039379341655095,0.6406050295903083,0.7934078445996025,0.0,-100.90791414334493,0.7241618283809538,41.9054978845835,0.5827229749975384,1.4704865886738876,0.9944444444444445,0.5444444444444445,2.932081129008912,0.8166666666666667,1.4122944123375198,0.5968746469554602,2.796328510033794,4.095522800906802,0.13493183251896015,59.17999331691622,30.636411983103173,26.093924211919862,0.09546662509885835,12.061610330156407,0.7934078445996025,1.0039379341655095,0.6406050295903083,0.7934078445996025,0.0,0.7241618283809538,0.5827229749975384,1.4704865886738876,2.932081129008912,0.8166666666666667,1.4122944123375198,0.5968746469554602,2.796328510033794,4.095522800906802,0.13493183251896015,59.17999331691622,30.636411983103173,26.093924211919862,0.09546662509885835,0.9944444444444445,0.5444444444444445,0.26125,32.19985077298348,16.3440285438268,Wh,16.3440285438268,Wh
158,4849065e3db9be1c954f69fe6d01393a,RollingRegression,"{""regression_model"": {""model"": ""HistGradientBoost"", ""model_params"": {""loss"": ""squared_error"", ""learning_rate"": 0.1, ""max_depth"": 20, ""min_samples_leaf"": 20, ""max_iter"": 100, ""l2_regularization"": 0}}, ""holiday"": false, ""mean_rolling_periods"": null, ""macd_periods"": null, ""std_rolling_periods"": null, ""max_rolling_periods"": null, ""min_rolling_periods"": null, ""ewm_var_alpha"": null, ""quantile90_rolling_periods"": null, ""quantile10_rolling_periods"": null, ""ewm_alpha"": null, ""additional_lag_periods"": 90, ""abs_energy"": false, ""rolling_autocorr_periods"": null, ""nonzero_last_n"": null, ""add_date_part"": null, ""polynomial_degree"": null, ""x_transform"": null, ""regression_type"": null}","{""fillna"": ""ffill"", ""transformations"": {""0"": ""Scaler""}, ""transformation_params"": {""0"": {}}}",0,1,19.383533827215757,1.2691207654850731,1.4104235359981394,0.7554812578058243,1.2691207654850731,0.0,-0.17811013075020998,0.7836826385099496,114.04275876290637,1.2689630037040787,0.6048834453419581,0.8444444444444444,0.4111111111111111,2.900669795726956,0.3,2.140499570499039,1.061433195549536,5.321612233773835,3.1096904956756894,0.2714903734270263,113.86464863215616,70.24589612606259,15.362898239937136,0.20971032310274726,19.383533827215757,1.2691207654850731,1.4104235359981394,0.7554812578058243,1.2691207654850731,0.0,0.7836826385099496,1.2689630037040787,0.6048834453419581,2.900669795726956,0.3,2.140499570499039,1.061433195549536,5.321612233773835,3.1096904956756894,0.2714903734270263,113.86464863215616,70.24589612606259,15.362898239937136,0.20971032310274726,0.8444444444444444,0.4111111111111111,0.7524,31.16874232943553,18.38792228324072,Wh,18.38792228324072,Wh
159,c9f2573b35d6a44850d9b8f66a95fdaa,RollingRegression,"{""regression_model"": {""model"": ""RANSAC"", ""model_params"": {}}, ""holiday"": false, ""mean_rolling_periods"": 30, ""macd_periods"": 70, ""std_rolling_periods"": null, ""max_rolling_periods"": null, ""min_rolling_periods"": 7, ""ewm_var_alpha"": null, ""quantile90_rolling_periods"": null, ""quantile10_rolling_periods"": null, ""ewm_alpha"": null, ""additional_lag_periods"": 3, ""abs_energy"": false, ""rolling_autocorr_periods"": null, ""nonzero_last_n"": null, ""add_date_part"": null, ""polynomial_degree"": null, ""x_transform"": null, ""regression_type"": null}","{""fillna"": ""ffill"", ""transformations"": {""0"": ""Scaler""}, ""transformation_params"": {""0"": {}}}",0,1,20.826006759937748,1.0624620992373102,1.4592792426234813,0.6325909969556491,1.0624620992373102,0.0,-86.38228469732823,1.038973151162974,9.2393042340297,0.6401825925159844,0.577218500643387,0.8666666666666667,0.5444444444444444,3.68863869426845,0.6777777777777778,1.885111000083977,0.7196772868515847,6.394791743531202,6.674726944691821,0.014935081034760933,77.14298046329853,20.829618513776264,25.12624790016714,0.14207815641121266,20.826006759937748,1.0624620992373102,1.4592792426234813,0.6325909969556491,1.0624620992373102,0.0,1.038973151162974,0.6401825925159844,0.577218500643387,3.68863869426845,0.6777777777777778,1.885111000083977,0.7196772868515847,6.394791743531202,6.674726944691821,0.014935081034760933,77.14298046329853,20.829618513776264,25.12624790016714,0.14207815641121266,0.8666666666666667,0.5444444444444444,0.574,30.851962870925686,15.393704871102143,Wh,15.393704871102143,Wh
160,496dc3ab84784acb969d34339edc8a14,WindowRegression,"{""window_size"": 20, ""input_dim"": ""univariate"", ""output_dim"": ""1step"", ""normalize_window"": false, ""max_windows"": 5000000, ""fourier_encoding_components"": null, ""scale"": false, ""datepart_method"": ""expanded_binarized"", ""regression_type"": null, ""regression_model"": {""model"": ""PoissonRegresssion"", ""model_params"": {}}}","{""fillna"": ""ffill"", ""transformations"": {""0"": null}, ""transformation_params"": {""0"": {}}}",0,2,16.678560910324844,1.1393428491116553,1.3112978443420515,0.6152613459311054,1.1393428491116553,0.0,-11.16583115839115,0.7245750171911964,193.91588168170682,1.1236243006989455,0.5134512543502227,0.6388888888888888,0.5277777777777777,3.9191441109684746,0.6277777777777778,1.815306429787159,0.9352335188390883,4.694860784396552,3.935640155185414,0.017741376667158047,91.37502526165784,49.35953904157484,28.088212266966295,0.16021557612867304,16.678560910324844,1.1393428491116553,1.3112978443420515,0.6152613459311054,1.1393428491116553,0.0,0.7245750171911964,1.1236243006989455,0.5134512543502227,3.9191441109684746,0.6277777777777778,1.815306429787159,0.9352335188390883,4.694860784396552,3.935640155185414,0.017741376667158047,91.37502526165784,49.35953904157484,28.088212266966295,0.16021557612867304,0.6388888888888888,0.5277777777777777,0.45425000000000004,27.2519097882724,20.89909217838109,Wh,20.89909217838109,Wh
161,e83491be3d3dfa0f9103b8d09ec6b1e6,RollingRegression,"{""regression_model"": {""model"": ""ElasticNet"", ""model_params"": {""l1_ratio"": 0.1, ""fit_intercept"": true, ""selection"": ""cyclic"", ""max_iter"": 1000}}, ""holiday"": false, ""mean_rolling_periods"": null, ""macd_periods"": null, ""std_rolling_periods"": null, ""max_rolling_periods"": 60, ""min_rolling_periods"": null, ""ewm_var_alpha"": null, ""quantile90_rolling_periods"": null, ""quantile10_rolling_periods"": null, ""ewm_alpha"": null, ""additional_lag_periods"": 90, ""abs_energy"": false, ""rolling_autocorr_periods"": null, ""nonzero_last_n"": null, ""add_date_part"": null, ""polynomial_degree"": null, ""x_transform"": null, ""regression_type"": null}","{""fillna"": ""ffill"", ""transformations"": {""0"": null}, ""transformation_params"": {""0"": {}}}",0,1,16.538630328186983,1.0594183990758312,1.1946948495814849,0.6628023672830665,1.0594183990758312,0.0,-0.06127215877925529,0.6900665828460167,95.28638375804556,1.0593983566261913,0.5662202569163429,0.8888888888888888,0.5111111111111111,2.6178801892627686,0.3,1.9699800439723334,0.8612686977512747,4.40727562686221,2.6255564800867632,0.11361787069869826,95.22511159926631,59.458477112895046,21.852742177676767,0.17538093834101315,16.538630328186983,1.0594183990758312,1.1946948495814849,0.6628023672830665,1.0594183990758312,0.0,0.6900665828460167,1.0593983566261913,0.5662202569163429,2.6178801892627686,0.3,1.9699800439723334,0.8612686977512747,4.40727562686221,2.6255564800867632,0.11361787069869826,95.22511159926631,59.458477112895046,21.852742177676767,0.17538093834101315,0.8888888888888888,0.5111111111111111,0.3578,27.030706019450836,15.349605583197597,Wh,15.349605583197597,Wh
162,bf633bd16857b9a550d53aaf8142999f,WindowRegression,"{""window_size"": 2, ""input_dim"": ""univariate"", ""output_dim"": ""1step"", ""normalize_window"": false, ""max_windows"": 500000, ""fourier_encoding_components"": 2, ""scale"": true, ""datepart_method"": null, ""regression_type"": null, ""regression_model"": {""model"": ""BayesianRidge"", ""model_params"": {}}}","{""fillna"": ""ffill"", ""transformations"": {""0"": null}, ""transformation_params"": {""0"": {}}}",0,2,16.46286028574517,1.125509128486774,1.3122335200259125,0.6038281507556953,1.125509128486774,0.0,-9.15383364023964,0.713571261400824,193.4378094873797,1.1127105681225387,0.4983278478315216,0.6777777777777778,0.5111111111111111,3.9907601152874017,0.6277777777777778,1.8026208546743852,0.9121268229353975,4.8081215437802465,3.382876719300044,0.06045014834654743,92.14198792357003,46.35233877496735,26.52765163670788,0.1603993783845893,16.46286028574517,1.125509128486774,1.3122335200259125,0.6038281507556953,1.125509128486774,0.0,0.713571261400824,1.1127105681225387,0.4983278478315216,3.9907601152874017,0.6277777777777778,1.8026208546743852,0.9121268229353975,4.8081215437802465,3.382876719300044,0.06045014834654743,92.14198792357003,46.35233877496735,26.52765163670788,0.1603993783845893,0.6777777777777778,0.5111111111111111,0.24669999999999997,26.8603981040186,24.056167078301016,Wh,24.056167078301016,Wh
163,bc84abfe9968b98791bca8e9d18da29f,RollingRegression,"{""regression_model"": {""model"": ""ExtraTrees"", ""model_params"": {""n_estimators"": 100, ""min_samples_leaf"": 1, ""max_depth"": 10}}, ""holiday"": false, ""mean_rolling_periods"": null, ""macd_periods"": null, ""std_rolling_periods"": null, ""max_rolling_periods"": 364, ""min_rolling_periods"": null, ""ewm_var_alpha"": null, ""quantile90_rolling_periods"": null, ""quantile10_rolling_periods"": null, ""ewm_alpha"": null, ""additional_lag_periods"": 90, ""abs_energy"": false, ""rolling_autocorr_periods"": null, ""nonzero_last_n"": null, ""add_date_part"": null, ""polynomial_degree"": null, ""x_transform"": null, ""regression_type"": null}","{""fillna"": ""cubic"", ""transformations"": {""0"": ""Scaler""}, ""transformation_params"": {""0"": {}}}",0,1,16.295712983779485,1.0461519917296245,1.2075377654829575,0.6361929596198469,1.0461519917296245,0.0,-0.08865498741467981,0.6747000197679693,94.06502426825152,1.0461307772123014,0.5654590828703999,0.8777777777777778,0.5666666666666667,3.012332663009925,0.3,1.975297864404577,0.8462111775268889,4.249243404434211,2.2672337660654462,0.2555934552229248,93.97636928083683,60.686910853278704,15.157843220156694,0.17308106600824097,16.295712983779485,1.0461519917296245,1.2075377654829575,0.6361929596198469,1.0461519917296245,0.0,0.6747000197679693,1.0461307772123014,0.5654590828703999,3.012332663009925,0.3,1.975297864404577,0.8462111775268889,4.249243404434211,2.2672337660654462,0.2555934552229248,93.97636928083683,60.686910853278704,15.157843220156694,0.17308106600824097,0.8777777777777778,0.5666666666666667,2.7269,26.838382983283218,15.157392459045758,Wh,15.157392459045758,Wh
164,bfe3f996064d914cb254ea370156feb1,RollingRegression,"{""regression_model"": {""model"": ""HistGradientBoost"", ""model_params"": {""loss"": ""squared_error"", ""learning_rate"": 0.1, ""max_depth"": 20, ""min_samples_leaf"": 20, ""max_iter"": 100, ""l2_regularization"": 0}}, ""holiday"": false, ""mean_rolling_periods"": 30, ""macd_periods"": null, ""std_rolling_periods"": null, ""max_rolling_periods"": 28, ""min_rolling_periods"": 7, ""ewm_var_alpha"": null, ""quantile90_rolling_periods"": null, ""quantile10_rolling_periods"": null, ""ewm_alpha"": null, ""additional_lag_periods"": 30, ""abs_energy"": false, ""rolling_autocorr_periods"": null, ""nonzero_last_n"": null, ""add_date_part"": null, ""polynomial_degree"": null, ""x_transform"": null, ""regression_type"": null}","{""fillna"": ""mean"", ""transformations"": {""0"": ""Scaler""}, ""transformation_params"": {""0"": {}}}",0,1,16.265382194994395,1.0444347048120517,1.2026275418289873,0.6965679875829174,1.0444347048120517,0.0,-0.35373276683070376,0.6758069929560797,93.64539066625396,1.0438695161728486,0.5647756205152529,0.8888888888888888,0.5666666666666667,2.728027459307076,0.3,1.9687011793898817,0.8458074605699175,4.245062682736259,2.1722479234922605,0.2864545181406911,93.29165789942324,60.347789036421815,13.054605288205678,0.1718199981811909,16.265382194994395,1.0444347048120517,1.2026275418289873,0.6965679875829174,1.0444347048120517,0.0,0.6758069929560797,1.0438695161728486,0.5647756205152529,2.728027459307076,0.3,1.9687011793898817,0.8458074605699175,4.245062682736259,2.1722479234922605,0.2864545181406911,93.29165789942324,60.347789036421815,13.054605288205678,0.1718199981811909,0.8888888888888888,0.5666666666666667,0.9541,26.788994923939324,15.132511187509484,Wh,15.132511187509484,Wh
165,3edbc4445fce942d509042a398774678,DatepartRegression,"{""regression_model"": {""model"": ""MLP"", ""model_params"": {""hidden_layer_sizes"": [72, 36, 72], ""max_iter"": 250, ""activation"": ""tanh"", ""solver"": ""sgd"", ""early_stopping"": false, ""learning_rate_init"": 0.001, ""alpha"": 0.0}}, ""datepart_method"": ""anchored_warped_fourier:us_school"", ""polynomial_degree"": null, ""holiday_countries_used"": false, ""lags"": null, ""forward_lags"": null, ""regression_type"": null}","{""fillna"": ""ffill"", ""transformations"": {""0"": ""Scaler""}, ""transformation_params"": {""0"": {}}}",0,1,16.832325752034567,0.8623789716922083,1.333123825360491,0.6819745531284543,0.8623789716922083,0.0,-46.32983118558828,0.7616294155873763,31.284276266710478,0.6027677672457384,0.5789710185412383,0.8555555555555555,0.5444444444444444,3.4208393405287936,0.34444444444444444,1.9200570752550359,0.4832988900036703,5.226262048095347,4.824401747575221,0.07062482712066835,15.045554918877809,16.818951103617078,26.666044132400387,0.02771016484221549,16.832325752034567,0.8623789716922083,1.333123825360491,0.6819745531284543,0.8623789716922083,0.0,0.7616294155873763,0.6027677672457384,0.5789710185412383,3.4208393405287936,0.34444444444444444,1.9200570752550359,0.4832988900036703,5.226262048095347,4.824401747575221,0.07062482712066835,15.045554918877809,16.818951103617078,26.666044132400387,0.02771016484221549,0.8555555555555555,0.5444444444444444,0.7457,26.77116580631518,12.494758530025711,Wh,12.494758530025711,Wh
166,9b7cabe5372b3180387ad88b9e444fed,ARIMA,"{""p"": 4, ""d"": 1, ""q"": 0, ""regression_type"": ""Holiday""}","{""fillna"": ""ffill"", ""transformations"": {""0"": null}, ""transformation_params"": {""0"": {}}}",0,2,10.053225197690235,0.6637560448165315,0.8683108279067544,0.6411891781283895,0.6637560448165315,0.0,-77.71014394863975,0.595749827399612,41.76594411833592,0.5173759919127424,1.163388394629602,0.9944444444444445,0.55,2.7365121056892017,0.8111111111111111,1.3726641587623778,0.4764218866439929,2.3339272806523783,3.407852179644679,0.16245393796647262,38.58168478770774,21.092132341718617,24.701572988446642,0.062430659856105505,10.053225197690235,0.6637560448165315,0.8683108279067544,0.6411891781283895,0.6637560448165315,0.0,0.595749827399612,0.5173759919127424,1.163388394629602,2.7365121056892017,0.8111111111111111,1.3726641587623778,0.4764218866439929,2.3339272806523783,3.407852179644679,0.16245393796647262,38.58168478770774,21.092132341718617,24.701572988446642,0.062430659856105505,0.9944444444444445,0.55,0.30045,26.25717534919019,13.005711909354634,Wh,13.005711909354634,Wh
167,032d6424bce97717c20ac2330b8fa066,DatepartRegression,"{""regression_model"": {""model"": ""DecisionTree"", ""model_params"": {""max_depth"": null, ""min_samples_split"": 1.0}}, ""datepart_method"": ""recurring"", ""polynomial_degree"": null, ""holiday_countries_used"": false, ""lags"": null, ""forward_lags"": null, ""regression_type"": null}","{""fillna"": ""ffill"", ""transformations"": {""0"": null}, ""transformation_params"": {""0"": {}}}",0,1,15.882004059921286,1.0121201022393445,1.1524144257233906,0.6399458160788604,1.0121201022393445,0.0,0.0,0.6657043199843454,91.09080920154099,1.0121201022393445,0.5601797002447257,0.8888888888888888,0.5444444444444444,2.568496485279031,0.3,1.937375928306909,0.8137271913935487,4.155679603245141,2.218634278393529,0.007309028894186219,91.09080920154099,57.797655222746634,26.65196364419858,0.16776658303366632,15.882004059921286,1.0121201022393445,1.1524144257233906,0.6399458160788604,1.0121201022393445,0.0,0.6657043199843454,1.0121201022393445,0.5601797002447257,2.568496485279031,0.3,1.937375928306909,0.8137271913935487,4.155679603245141,2.218634278393529,0.007309028894186219,91.09080920154099,57.797655222746634,26.65196364419858,0.16776658303366632,0.8888888888888888,0.5444444444444444,0.1429,26.141181259649983,14.664314293344221,Wh,14.664314293344221,Wh
168,434ee14f10623e47223ff1ab2f3fca82,RollingRegression,"{""regression_model"": {""model"": ""BayesianRidge"", ""model_params"": {}}, ""holiday"": false, ""mean_rolling_periods"": 7, ""macd_periods"": null, ""std_rolling_periods"": null, ""max_rolling_periods"": 420, ""min_rolling_periods"": 7, ""ewm_var_alpha"": null, ""quantile90_rolling_periods"": null, ""quantile10_rolling_periods"": null, ""ewm_alpha"": null, ""additional_lag_periods"": 90, ""abs_energy"": false, ""rolling_autocorr_periods"": null, ""nonzero_last_n"": null, ""add_date_part"": null, ""polynomial_degree"": null, ""x_transform"": null, ""regression_type"": null}","{""fillna"": ""ffill"", ""transformations"": {""0"": null}, ""transformation_params"": {""0"": {}}}",0,1,15.471750494649994,0.9834464219481308,1.1266918344253545,0.6585837053069458,0.9834464219481308,0.0,-0.12292946110423131,0.6506939924606564,88.38724851422754,0.9833687708344774,0.5569851644664775,0.8888888888888888,0.5111111111111111,2.542280320107409,0.3,1.9174615638041559,0.7853260412741302,4.106076831454547,2.213401227175901,0.10198085888733575,88.2643190531233,54.8232233494779,22.45086128876419,0.16256089215952776,15.471750494649994,0.9834464219481308,1.1266918344253545,0.6585837053069458,0.9834464219481308,0.0,0.6506939924606564,0.9833687708344774,0.5569851644664775,2.542280320107409,0.3,1.9174615638041559,0.7853260412741302,4.106076831454547,2.213401227175901,0.10198085888733575,88.2643190531233,54.8232233494779,22.45086128876419,0.16256089215952776,0.8888888888888888,0.5111111111111111,0.4327,25.59590593503807,14.248869664977587,Wh,14.248869664977587,Wh
169,124341b65f9609b1fb41cd7192eda607,DatepartRegression,"{""regression_model"": {""model"": ""Adaboost"", ""model_params"": {""n_estimators"": 50, ""loss"": ""linear"", ""estimator"": ""LinReg"", ""learning_rate"": 1}}, ""datepart_method"": ""simple_2"", ""polynomial_degree"": 2, ""holiday_countries_used"": false, ""lags"": null, ""forward_lags"": null, ""regression_type"": null}","{""fillna"": ""fake_date"", ""transformations"": {""0"": ""Scaler""}, ""transformation_params"": {""0"": {}}}",0,1,14.854000624734843,0.9574391572316345,1.2024524310472136,0.8079589155571315,0.9574391572316345,0.0,-2.225179808196117,0.6077615626010484,83.944344342651,0.9545112186492994,0.5677286503206675,0.8777777777777778,0.5,3.2222248965490508,0.37777777777777777,1.9268006193420253,0.7255402771143712,4.186867214394716,2.0429040946316386,0.3542609474582597,81.71916453445488,47.92550110572675,9.458035191980619,0.15050634770384205,14.854000624734843,0.9574391572316345,1.2024524310472136,0.8079589155571315,0.9574391572316345,0.0,0.6077615626010484,0.9545112186492994,0.5677286503206675,3.2222248965490508,0.37777777777777777,1.9268006193420253,0.7255402771143712,4.186867214394716,2.0429040946316386,0.3542609474582597,81.71916453445488,47.92550110572675,9.458035191980619,0.15050634770384205,0.8777777777777778,0.5,0.1533,25.41634942516562,13.872057957682085,Wh,13.872057957682085,Wh
170,7d545814df16f53f06036c7b46864a24,DatepartRegression,"{""regression_model"": {""model"": ""DecisionTree"", ""model_params"": {""max_depth"": 3, ""min_samples_split"": 2}}, ""datepart_method"": ""recurring"", ""polynomial_degree"": null, ""holiday_countries_used"": false, ""lags"": null, ""forward_lags"": null, ""regression_type"": null}","{""fillna"": ""ffill"", ""transformations"": {""0"": null}, ""transformation_params"": {""0"": {}}}",0,2,15.072566844613164,1.019271357348471,1.2714904713538973,0.8065476454370313,1.019271357348471,0.0,-55.84591266458684,0.75566372979104,127.62293165813793,0.8915857123444488,0.4854648634246336,0.9222222222222223,0.5,4.6695098876953125,0.4722222222222222,1.7521506741738118,0.7652074731137765,4.030703327313559,6.94620511778967,0.44935542762919084,35.88850949677555,23.76905746029074,16.359353123523583,0.06493234421347344,15.072566844613164,1.019271357348471,1.2714904713538973,0.8065476454370313,1.019271357348471,0.0,0.75566372979104,0.8915857123444488,0.4854648634246336,4.6695098876953125,0.4722222222222222,1.7521506741738118,0.7652074731137765,4.030703327313559,6.94620511778967,0.44935542762919084,35.88850949677555,23.76905746029074,16.359353123523583,0.06493234421347344,0.9222222222222223,0.5,0.13585,25.067837828842343,19.110439684875733,Wh,19.110439684875733,Wh
171,24fa2a027468816f7845cfcdddd3f677,DatepartRegression,"{""regression_model"": {""model"": ""Adaboost"", ""model_params"": {""n_estimators"": 100, ""loss"": ""linear"", ""estimator"": null, ""learning_rate"": 1, ""max_depth"": 3}}, ""datepart_method"": ""expanded"", ""polynomial_degree"": null, ""holiday_countries_used"": false, ""lags"": null, ""forward_lags"": 3, ""regression_type"": null}","{""fillna"": ""ffill"", ""transformations"": {""0"": null}, ""transformation_params"": {""0"": {}}}",0,1,14.917019273769919,0.9450629561648001,1.1035733885525403,0.6586651188487772,0.9450629561648001,0.0,0.0,0.6262553102365203,85.055666054832,0.9450629561648001,0.5544384282060845,0.9,0.4111111111111111,2.4784986278678796,0.3,1.8981329478201483,0.7482927368557997,3.841332542840222,2.0554522723006317,0.10815194072438816,85.055666054832,54.52374449477595,22.640898311200317,0.1566513524992417,14.917019273769919,0.9450629561648001,1.1035733885525403,0.6586651188487772,0.9450629561648001,0.0,0.6262553102365203,0.9450629561648001,0.5544384282060845,2.4784986278678796,0.3,1.8981329478201483,0.7482927368557997,3.841332542840222,2.0554522723006317,0.10815194072438816,85.055666054832,54.52374449477595,22.640898311200317,0.1566513524992417,0.9,0.4111111111111111,0.259,24.93235766751575,13.692742773841617,Wh,13.692742773841617,Wh
172,7d49637e143c66000edfb6dd4038adc2,RollingRegression,"{""regression_model"": {""model"": ""ExtraTrees"", ""model_params"": {""n_estimators"": 100, ""min_samples_leaf"": 1, ""max_depth"": 10}}, ""holiday"": true, ""mean_rolling_periods"": 30, ""macd_periods"": 364, ""std_rolling_periods"": null, ""max_rolling_periods"": 28, ""min_rolling_periods"": null, ""ewm_var_alpha"": null, ""quantile90_rolling_periods"": null, ""quantile10_rolling_periods"": null, ""ewm_alpha"": null, ""additional_lag_periods"": 6, ""abs_energy"": false, ""rolling_autocorr_periods"": null, ""nonzero_last_n"": null, ""add_date_part"": null, ""polynomial_degree"": null, ""x_transform"": null, ""regression_type"": null}","{""fillna"": ""ffill"", ""transformations"": {""0"": ""Scaler"", ""1"": ""Scaler"", ""2"": ""Scaler""}, ""transformation_params"": {""0"": {}, ""1"": {}, ""2"": {}}}",0,1,14.548450005993464,0.9237930981787176,1.127721363056666,0.6972264385448624,0.9237930981787176,0.0,-0.9466205048574459,0.6060838893186403,82.19475833122713,0.922261466396084,0.5742450159041093,0.8888888888888888,0.43333333333333335,2.872314555465227,0.28888888888888886,1.9155176887182106,0.6948153995141908,4.3926839925195305,2.135448920664137,0.11470537954543289,81.24813782636969,42.76624497622913,22.98396244838349,0.1496388338237292,14.548450005993464,0.9237930981787176,1.127721363056666,0.6972264385448624,0.9237930981787176,0.0,0.6060838893186403,0.922261466396084,0.5742450159041093,2.872314555465227,0.28888888888888886,1.9155176887182106,0.6948153995141908,4.3926839925195305,2.135448920664137,0.11470537954543289,81.24813782636969,42.76624497622913,22.98396244838349,0.1496388338237292,0.8888888888888888,0.43333333333333335,12.1121,24.849568593598846,13.384569977162048,Wh,13.384569977162048,Wh
173,b6eedcddd6acde3bf33482774495fe4c,DatepartRegression,"{""regression_model"": {""model"": ""Adaboost"", ""model_params"": {""n_estimators"": 200, ""loss"": ""exponential"", ""estimator"": null, ""learning_rate"": 0.5, ""max_depth"": 3}}, ""datepart_method"": [""anchored_warped_fourier:quarter_end""], ""polynomial_degree"": null, ""holiday_countries_used"": false, ""lags"": null, ""forward_lags"": null, ""regression_type"": null}","{""fillna"": ""ffill"", ""transformations"": {""0"": null}, ""transformation_params"": {""0"": {}}}",0,1,14.310718531074706,0.9014042611215629,1.0551704506148785,0.638309189055394,0.9014042611215629,0.0,-0.07037307234371415,0.6058574626802316,81.05601042859695,0.9013779742449197,0.5474842926832695,0.9111111111111111,0.5444444444444444,2.4562167981091667,0.3,1.8625025891923646,0.7032994271800984,3.716542421852377,1.7757126128674705,0.006055861721396803,80.98563735625322,51.09566756165183,26.792713568216676,0.14915537333740578,14.310718531074706,0.9014042611215629,1.0551704506148785,0.638309189055394,0.9014042611215629,0.0,0.6058574626802316,0.9013779742449197,0.5474842926832695,2.4562167981091667,0.3,1.8625025891923646,0.7032994271800984,3.716542421852377,1.7757126128674705,0.006055861721396803,80.98563735625322,51.09566756165183,26.792713568216676,0.14915537333740578,0.9111111111111111,0.5444444444444444,0.2228,24.054378687434564,13.060184617616102,Wh,13.060184617616102,Wh
174,c657c077153bccb738506bb3201a4bd6,WindowRegression,"{""window_size"": 2, ""input_dim"": ""univariate"", ""output_dim"": ""1step"", ""normalize_window"": false, ""max_windows"": 500000, ""fourier_encoding_components"": 2, ""scale"": true, ""datepart_method"": null, ""regression_type"": null, ""regression_model"": {""model"": ""BayesianRidge"", ""model_params"": {}}}","{""fillna"": ""ffill"", ""transformations"": {""0"": ""Scaler"", ""1"": ""Scaler""}, ""transformation_params"": {""0"": {}, ""1"": {}}}",0,2,14.819804701665934,0.9989946790442246,1.1730527358665417,0.6023641766066363,0.9989946790442246,0.0,-15.691051848313379,0.6653350457520537,164.12799037964703,0.9776327317771982,0.4419086842580734,0.7166666666666667,0.4888888888888889,3.747945396064253,0.6277777777777778,1.7249201070504934,0.8004114219422166,4.104370205630435,3.019122337251157,0.03567552747095244,74.21846926566684,40.234250775523,27.187428982834568,0.13105690310358334,14.819804701665934,0.9989946790442246,1.1730527358665417,0.6023641766066363,0.9989946790442246,0.0,0.6653350457520537,0.9776327317771982,0.4419086842580734,3.747945396064253,0.6277777777777778,1.7249201070504934,0.8004114219422166,4.104370205630435,3.019122337251157,0.03567552747095244,74.21846926566684,40.234250775523,27.187428982834568,0.13105690310358334,0.7166666666666667,0.4888888888888889,0.23105,24.01813304936847,17.949523539992725,Wh,17.949523539992725,Wh
175,d8cc8ed434c8643aaa641c8fe0788c0e,RollingRegression,"{""regression_model"": {""model"": ""ExtraTrees"", ""model_params"": {""n_estimators"": 100, ""min_samples_leaf"": 1, ""max_depth"": 10}}, ""holiday"": false, ""mean_rolling_periods"": 5, ""macd_periods"": 7, ""std_rolling_periods"": null, ""max_rolling_periods"": null, ""min_rolling_periods"": 7, ""ewm_var_alpha"": null, ""quantile90_rolling_periods"": null, ""quantile10_rolling_periods"": null, ""ewm_alpha"": null, ""additional_lag_periods"": 9, ""abs_energy"": false, ""rolling_autocorr_periods"": null, ""nonzero_last_n"": null, ""add_date_part"": null, ""polynomial_degree"": null, ""x_transform"": null, ""regression_type"": null}","{""fillna"": ""zero"", ""transformations"": {""0"": ""Scaler""}, ""transformation_params"": {""0"": {}}}",0,1,14.212101485484128,0.8949801761601266,1.0499905806406613,0.6750265053791357,0.8949801761601266,0.0,-0.10274978948257552,0.6018645382181462,80.44546606492882,0.89492525482255,0.5465157163966129,0.9111111111111111,0.4666666666666667,2.518298058177904,0.3,1.8578555741027367,0.6984716623237148,3.6524932708787965,1.8153887576917782,0.1549401180320474,80.34271627544625,51.233949945361275,20.55811196501466,0.1479712728355796,14.212101485484128,0.8949801761601266,1.0499905806406613,0.6750265053791357,0.8949801761601266,0.0,0.6018645382181462,0.89492525482255,0.5465157163966129,2.518298058177904,0.3,1.8578555741027367,0.6984716623237148,3.6524932708787965,1.8153887576917782,0.1549401180320474,80.34271627544625,51.233949945361275,20.55811196501466,0.1479712728355796,0.9111111111111111,0.4666666666666667,2.793,23.935188999670505,12.967107915836129,Wh,12.967107915836129,Wh
176,e719919b15e0337d31343d4b48b7ab1d,RollingRegression,"{""regression_model"": {""model"": ""ExtraTrees"", ""model_params"": {""n_estimators"": 100, ""min_samples_leaf"": 1, ""max_depth"": 10}}, ""holiday"": false, ""mean_rolling_periods"": null, ""macd_periods"": null, ""std_rolling_periods"": null, ""max_rolling_periods"": 28, ""min_rolling_periods"": null, ""ewm_var_alpha"": null, ""quantile90_rolling_periods"": null, ""quantile10_rolling_periods"": null, ""ewm_alpha"": null, ""additional_lag_periods"": 90, ""abs_energy"": false, ""rolling_autocorr_periods"": null, ""nonzero_last_n"": null, ""add_date_part"": null, ""polynomial_degree"": null, ""x_transform"": null, ""regression_type"": null}","{""fillna"": ""ffill_mean_biased"", ""transformations"": {""0"": ""Scaler""}, ""transformation_params"": {""0"": {}}}",0,2,13.997886482899354,0.9852928361754567,1.1710906227049125,0.7206674169133266,0.9852928361754567,0.0,-44.48802400503271,0.6955873069755021,132.8646865065495,0.8931554911778707,0.4628595920602713,0.9611111111111111,0.49444444444444446,3.526485872268676,0.7722222222222223,1.5027424315076283,0.7928362019797763,4.0923502419867726,5.52704891228839,0.44954996799444635,44.188331250758395,17.655374000290053,12.258827383139504,0.07187295245672082,13.997886482899354,0.9852928361754567,1.1710906227049125,0.7206674169133266,0.9852928361754567,0.0,0.6955873069755021,0.8931554911778707,0.4628595920602713,3.526485872268676,0.7722222222222223,1.5027424315076283,0.7928362019797763,4.0923502419867726,5.52704891228839,0.44954996799444635,44.188331250758395,17.655374000290053,12.258827383139504,0.07187295245672082,0.9611111111111111,0.49444444444444446,2.7522,23.55028837559368,21.683919652976975,Wh,21.683919652976975,Wh
177,a7c8c34628615708ff18079ea3b00a84,RollingRegression,"{""regression_model"": {""model"": ""ExtraTrees"", ""model_params"": {""n_estimators"": 100, ""min_samples_leaf"": 1, ""max_depth"": 10}}, ""holiday"": false, ""mean_rolling_periods"": null, ""macd_periods"": null, ""std_rolling_periods"": null, ""max_rolling_periods"": 28, ""min_rolling_periods"": null, ""ewm_var_alpha"": null, ""quantile90_rolling_periods"": null, ""quantile10_rolling_periods"": null, ""ewm_alpha"": null, ""additional_lag_periods"": 90, ""abs_energy"": false, ""rolling_autocorr_periods"": null, ""nonzero_last_n"": null, ""add_date_part"": null, ""polynomial_degree"": null, ""x_transform"": null, ""regression_type"": null}","{""fillna"": ""cubic"", ""transformations"": {""0"": ""Scaler"", ""1"": ""Scaler""}, ""transformation_params"": {""0"": {}, ""1"": {}}}",0,2,13.997886482899354,0.9852928361754567,1.1710906227049125,0.7206674169133265,0.9852928361754567,0.0,-44.48802400503271,0.6955873069755021,132.8646865065495,0.8931554911778707,0.4628595920602713,0.9611111111111111,0.49444444444444446,3.526485872268676,0.7722222222222223,1.5027424315076283,0.7928362019797763,4.0923502419867726,5.52704891228839,0.44954996799444635,44.188331250758395,17.655374000290053,12.258827383139504,0.07187295245672082,13.997886482899354,0.9852928361754567,1.1710906227049125,0.7206674169133265,0.9852928361754567,0.0,0.6955873069755021,0.8931554911778707,0.4628595920602713,3.526485872268676,0.7722222222222223,1.5027424315076283,0.7928362019797763,4.0923502419867726,5.52704891228839,0.44954996799444635,44.188331250758395,17.655374000290053,12.258827383139504,0.07187295245672082,0.9611111111111111,0.49444444444444446,2.73915,23.55028475067969,21.683919652976975,Wh,21.683919652976975,Wh
178,d887c3cf5a1d2b7ff4626b88288caced,RollingRegression,"{""regression_model"": {""model"": ""ExtraTrees"", ""model_params"": {""n_estimators"": 100, ""min_samples_leaf"": 1, ""max_depth"": 10}}, ""holiday"": false, ""mean_rolling_periods"": null, ""macd_periods"": null, ""std_rolling_periods"": null, ""max_rolling_periods"": 28, ""min_rolling_periods"": null, ""ewm_var_alpha"": null, ""quantile90_rolling_periods"": null, ""quantile10_rolling_periods"": null, ""ewm_alpha"": null, ""additional_lag_periods"": 90, ""abs_energy"": false, ""rolling_autocorr_periods"": null, ""nonzero_last_n"": null, ""add_date_part"": null, ""polynomial_degree"": null, ""x_transform"": null, ""regression_type"": null}","{""fillna"": ""ffill"", ""transformations"": {""0"": ""Scaler""}, ""transformation_params"": {""0"": {}}}",0,2,13.997886482899354,0.9852928361754567,1.1710906227049125,0.7206674169133266,0.9852928361754567,0.0,-44.48802400503271,0.6955873069755021,132.8646865065495,0.8931554911778707,0.4628595920602713,0.9611111111111111,0.49444444444444446,3.526485872268676,0.7722222222222223,1.5027424315076283,0.7928362019797763,4.092350241986773,5.52704891228839,0.44954996799444635,44.188331250758395,17.655374000290053,12.258827383139504,0.07187295245672082,13.997886482899354,0.9852928361754567,1.1710906227049125,0.7206674169133266,0.9852928361754567,0.0,0.6955873069755021,0.8931554911778707,0.4628595920602713,3.526485872268676,0.7722222222222223,1.5027424315076283,0.7928362019797763,4.092350241986773,5.52704891228839,0.44954996799444635,44.188331250758395,17.655374000290053,12.258827383139504,0.07187295245672082,0.9611111111111111,0.49444444444444446,2.73455,23.550283472932236,21.683919652976975,Wh,21.683919652976975,Wh
179,4b46f80a1dbb89137916f111c4d39ec5,RollingRegression,"{""regression_model"": {""model"": ""ExtraTrees"", ""model_params"": {""n_estimators"": 100, ""min_samples_leaf"": 1, ""max_depth"": 10}}, ""holiday"": false, ""mean_rolling_periods"": null, ""macd_periods"": null, ""std_rolling_periods"": null, ""max_rolling_periods"": 28, ""min_rolling_periods"": null, ""ewm_var_alpha"": null, ""quantile90_rolling_periods"": null, ""quantile10_rolling_periods"": null, ""ewm_alpha"": null, ""additional_lag_periods"": 90, ""abs_energy"": false, ""rolling_autocorr_periods"": null, ""nonzero_last_n"": null, ""add_date_part"": null, ""polynomial_degree"": null, ""x_transform"": null, ""regression_type"": null}","{""fillna"": ""ffill_mean_biased"", ""transformations"": {""0"": null}, ""transformation_params"": {""0"": {}}}",0,2,13.997886482899354,0.9852928361754567,1.1710906227049125,0.7206674169133266,0.9852928361754567,0.0,-44.48802400503271,0.6955873069755021,132.8646865065495,0.8931554911778707,0.4628595920602713,0.9611111111111111,0.49444444444444446,3.526485872268676,0.7722222222222223,1.5027424315076283,0.7928362019797763,4.092350241986773,5.52704891228839,0.44954996799444635,44.188331250758395,17.655374000290053,12.258827383139504,0.07187295245672082,13.997886482899354,0.9852928361754567,1.1710906227049125,0.7206674169133266,0.9852928361754567,0.0,0.6955873069755021,0.8931554911778707,0.4628595920602713,3.526485872268676,0.7722222222222223,1.5027424315076283,0.7928362019797763,4.092350241986773,5.52704891228839,0.44954996799444635,44.188331250758395,17.655374000290053,12.258827383139504,0.07187295245672082,0.9611111111111111,0.49444444444444446,2.72945,23.55028205629918,21.683919652976975,Wh,21.683919652976975,Wh
180,dad0ed303d87991b90fe7113efa91902,RollingRegression,"{""regression_model"": {""model"": ""ExtraTrees"", ""model_params"": {""n_estimators"": 100, ""min_samples_leaf"": 1, ""max_depth"": 10}}, ""holiday"": false, ""mean_rolling_periods"": null, ""macd_periods"": null, ""std_rolling_periods"": null, ""max_rolling_periods"": 28, ""min_rolling_periods"": null, ""ewm_var_alpha"": null, ""quantile90_rolling_periods"": null, ""quantile10_rolling_periods"": null, ""ewm_alpha"": null, ""additional_lag_periods"": 90, ""abs_energy"": false, ""rolling_autocorr_periods"": null, ""nonzero_last_n"": null, ""add_date_part"": null, ""polynomial_degree"": null, ""x_transform"": null, ""regression_type"": null}","{""fillna"": ""zero"", ""transformations"": {""0"": null}, ""transformation_params"": {""0"": {}}}",0,2,13.997886482899354,0.9852928361754567,1.1710906227049125,0.7206674169133266,0.9852928361754567,0.0,-44.48802400503271,0.6955873069755021,132.8646865065495,0.8931554911778707,0.4628595920602713,0.9611111111111111,0.49444444444444446,3.526485872268676,0.7722222222222223,1.5027424315076283,0.7928362019797763,4.0923502419867726,5.52704891228839,0.44954996799444635,44.188331250758395,17.655374000290053,12.258827383139504,0.07187295245672082,13.997886482899354,0.9852928361754567,1.1710906227049125,0.7206674169133266,0.9852928361754567,0.0,0.6955873069755021,0.8931554911778707,0.4628595920602713,3.526485872268676,0.7722222222222223,1.5027424315076283,0.7928362019797763,4.0923502419867726,5.52704891228839,0.44954996799444635,44.188331250758395,17.655374000290053,12.258827383139504,0.07187295245672082,0.9611111111111111,0.49444444444444446,2.71795,23.550278861930536,21.683919652976975,Wh,21.683919652976975,Wh
181,c1c987a827bec3e1e94e50551feabada,RollingRegression,"{""regression_model"": {""model"": ""ExtraTrees"", ""model_params"": {""n_estimators"": 100, ""min_samples_leaf"": 1, ""max_depth"": 10}}, ""holiday"": false, ""mean_rolling_periods"": null, ""macd_periods"": null, ""std_rolling_periods"": null, ""max_rolling_periods"": 28, ""min_rolling_periods"": null, ""ewm_var_alpha"": null, ""quantile90_rolling_periods"": null, ""quantile10_rolling_periods"": null, ""ewm_alpha"": null, ""additional_lag_periods"": 90, ""abs_energy"": false, ""rolling_autocorr_periods"": null, ""nonzero_last_n"": null, ""add_date_part"": null, ""polynomial_degree"": null, ""x_transform"": null, ""regression_type"": null}","{""fillna"": ""ffill"", ""transformations"": {""0"": null}, ""transformation_params"": {""0"": {}}}",0,2,13.997886482899354,0.9852928361754567,1.1710906227049125,0.7206674169133266,0.9852928361754567,0.0,-44.48802400503271,0.6955873069755021,132.8646865065495,0.8931554911778707,0.4628595920602713,0.9611111111111111,0.49444444444444446,3.526485872268676,0.7722222222222223,1.5027424315076283,0.7928362019797763,4.0923502419867726,5.52704891228839,0.44954996799444635,44.188331250758395,17.655374000290053,12.2588273831395,0.07187295245672082,13.997886482899354,0.9852928361754567,1.1710906227049125,0.7206674169133266,0.9852928361754567,0.0,0.6955873069755021,0.8931554911778707,0.4628595920602713,3.526485872268676,0.7722222222222223,1.5027424315076283,0.7928362019797763,4.0923502419867726,5.52704891228839,0.44954996799444635,44.188331250758395,17.655374000290053,12.2588273831395,0.07187295245672082,0.9611111111111111,0.49444444444444446,2.7173,23.550278681379265,21.683919652976975,Wh,21.683919652976975,Wh
182,f52c41f1762b36e5359f17a4ac713f64,RollingRegression,"{""regression_model"": {""model"": ""ExtraTrees"", ""model_params"": {""n_estimators"": 100, ""min_samples_leaf"": 1, ""max_depth"": 10}}, ""holiday"": false, ""mean_rolling_periods"": null, ""macd_periods"": null, ""std_rolling_periods"": null, ""max_rolling_periods"": 28, ""min_rolling_periods"": null, ""ewm_var_alpha"": null, ""quantile90_rolling_periods"": null, ""quantile10_rolling_periods"": null, ""ewm_alpha"": null, ""additional_lag_periods"": 90, ""abs_energy"": false, ""rolling_autocorr_periods"": null, ""nonzero_last_n"": null, ""add_date_part"": null, ""polynomial_degree"": null, ""x_transform"": null, ""regression_type"": null}","{""fillna"": ""rolling_mean"", ""transformations"": {""0"": ""Scaler""}, ""transformation_params"": {""0"": {}}}",0,2,13.997886482899354,0.9852928361754567,1.1710906227049125,0.7206674169133266,0.9852928361754567,0.0,-44.48802400503271,0.6955873069755021,132.8646865065495,0.8931554911778707,0.4628595920602713,0.9611111111111111,0.49444444444444446,3.526485872268676,0.7722222222222223,1.5027424315076283,0.7928362019797763,4.092350241986773,5.52704891228839,0.44954996799444635,44.188331250758395,17.655374000290053,12.2588273831395,0.07187295245672082,13.997886482899354,0.9852928361754567,1.1710906227049125,0.7206674169133266,0.9852928361754567,0.0,0.6955873069755021,0.8931554911778707,0.4628595920602713,3.526485872268676,0.7722222222222223,1.5027424315076283,0.7928362019797763,4.092350241986773,5.52704891228839,0.44954996799444635,44.188331250758395,17.655374000290053,12.2588273831395,0.07187295245672082,0.9611111111111111,0.49444444444444446,2.7118,23.550277153637737,21.683919652976975,Wh,21.683919652976975,Wh
183,bc967327c61936fd7d332a0a5b1ad26c,RollingRegression,"{""regression_model"": {""model"": ""ExtraTrees"", ""model_params"": {""n_estimators"": 100, ""min_samples_leaf"": 1, ""max_depth"": 10}}, ""holiday"": false, ""mean_rolling_periods"": null, ""macd_periods"": null, ""std_rolling_periods"": null, ""max_rolling_periods"": 28, ""min_rolling_periods"": null, ""ewm_var_alpha"": null, ""quantile90_rolling_periods"": null, ""quantile10_rolling_periods"": null, ""ewm_alpha"": null, ""additional_lag_periods"": 90, ""abs_energy"": false, ""rolling_autocorr_periods"": null, ""nonzero_last_n"": null, ""add_date_part"": null, ""polynomial_degree"": null, ""x_transform"": null, ""regression_type"": null}","{""fillna"": ""zero"", ""transformations"": {""0"": ""Scaler""}, ""transformation_params"": {""0"": {}}}",0,2,13.997886482899354,0.9852928361754567,1.1710906227049125,0.7206674169133265,0.9852928361754567,0.0,-44.48802400503271,0.6955873069755021,132.8646865065495,0.8931554911778707,0.4628595920602713,0.9611111111111111,0.49444444444444446,3.526485872268676,0.7722222222222223,1.5027424315076283,0.7928362019797763,4.092350241986773,5.52704891228839,0.44954996799444635,44.188331250758395,17.655374000290053,12.258827383139504,0.07187295245672082,13.997886482899354,0.9852928361754567,1.1710906227049125,0.7206674169133265,0.9852928361754567,0.0,0.6955873069755021,0.8931554911778707,0.4628595920602713,3.526485872268676,0.7722222222222223,1.5027424315076283,0.7928362019797763,4.092350241986773,5.52704891228839,0.44954996799444635,44.188331250758395,17.655374000290053,12.258827383139504,0.07187295245672082,0.9611111111111111,0.49444444444444446,2.7111,23.550276959197905,21.683919652976975,Wh,21.683919652976975,Wh
184,7d71e764cc6286592ab2de4528146394,RollingRegression,"{""regression_model"": {""model"": ""ExtraTrees"", ""model_params"": {""n_estimators"": 100, ""min_samples_leaf"": 1, ""max_depth"": 10}}, ""holiday"": false, ""mean_rolling_periods"": null, ""macd_periods"": null, ""std_rolling_periods"": null, ""max_rolling_periods"": 28, ""min_rolling_periods"": null, ""ewm_var_alpha"": null, ""quantile90_rolling_periods"": null, ""quantile10_rolling_periods"": null, ""ewm_alpha"": null, ""additional_lag_periods"": 90, ""abs_energy"": false, ""rolling_autocorr_periods"": null, ""nonzero_last_n"": null, ""add_date_part"": null, ""polynomial_degree"": null, ""x_transform"": null, ""regression_type"": null}","{""fillna"": ""rolling_mean"", ""transformations"": {""0"": ""Scaler"", ""1"": ""Scaler""}, ""transformation_params"": {""0"": {}, ""1"": {}}}",0,2,13.997886482899354,0.9852928361754568,1.1710906227049125,0.7206674169133266,0.9852928361754568,0.0,-44.48802400503271,0.6955873069755021,132.8646865065495,0.8931554911778707,0.4628595920602713,0.9611111111111111,0.49444444444444446,3.526485872268676,0.7722222222222223,1.5027424315076283,0.7928362019797763,4.092350241986773,5.52704891228839,0.44954996799444635,44.188331250758395,17.655374000290053,12.258827383139504,0.07187295245672082,13.997886482899354,0.9852928361754568,1.1710906227049125,0.7206674169133266,0.9852928361754568,0.0,0.6955873069755021,0.8931554911778707,0.4628595920602713,3.526485872268676,0.7722222222222223,1.5027424315076283,0.7928362019797763,4.092350241986773,5.52704891228839,0.44954996799444635,44.188331250758395,17.655374000290053,12.258827383139504,0.07187295245672082,0.9611111111111111,0.49444444444444446,2.7108499999999998,23.55027688975511,21.683919652976975,Wh,21.683919652976975,Wh
185,c727d0f43be2991cb1ea21d67831a695,RollingRegression,"{""regression_model"": {""model"": ""ExtraTrees"", ""model_params"": {""n_estimators"": 100, ""min_samples_leaf"": 1, ""max_depth"": 10}}, ""holiday"": false, ""mean_rolling_periods"": null, ""macd_periods"": null, ""std_rolling_periods"": null, ""max_rolling_periods"": 74, ""min_rolling_periods"": null, ""ewm_var_alpha"": null, ""quantile90_rolling_periods"": null, ""quantile10_rolling_periods"": null, ""ewm_alpha"": 0.5, ""additional_lag_periods"": 11, ""abs_energy"": false, ""rolling_autocorr_periods"": null, ""nonzero_last_n"": null, ""add_date_part"": null, ""polynomial_degree"": null, ""x_transform"": null, ""regression_type"": null}","{""fillna"": ""rolling_mean_24"", ""transformations"": {""0"": ""Scaler"", ""1"": ""Scaler"", ""2"": ""Scaler""}, ""transformation_params"": {""0"": {}, ""1"": {}, ""2"": {}}}",0,1,13.49178405518929,0.8460336396794575,1.0161652908522272,0.6820290229803793,0.8460336396794575,0.0,-0.8609319317000228,0.5736247837524157,75.28209563945114,0.8447179752416569,0.5457362610313758,0.9,0.5555555555555556,2.569219054220003,0.28888888888888886,1.836008083263616,0.6416558776217367,3.6113513677303097,1.6480066142095728,0.3204039745387754,74.42116370775113,43.79645411637399,18.23240405995223,0.13706524785628194,13.49178405518929,0.8460336396794575,1.0161652908522272,0.6820290229803793,0.8460336396794575,0.0,0.5736247837524157,0.8447179752416569,0.5457362610313758,2.569219054220003,0.28888888888888886,1.836008083263616,0.6416558776217367,3.6113513677303097,1.6480066142095728,0.3204039745387754,74.42116370775113,43.79645411637399,18.23240405995223,0.13706524785628194,0.9,0.5555555555555556,5.9567,23.063405741243038,12.257935760342834,Wh,12.257935760342834,Wh
186,fe9fe4395af4e020e7cc62fd8b284b87,DatepartRegression,"{""regression_model"": {""model"": ""DecisionTree"", ""model_params"": {""max_depth"": null, ""min_samples_split"": 0.05}}, ""datepart_method"": [""daysinmonth"", ""quarter"", ""is_month_end""], ""polynomial_degree"": null, ""holiday_countries_used"": false, ""lags"": 2, ""forward_lags"": 2, ""regression_type"": null}","{""fillna"": ""ffill"", ""transformations"": {""0"": null}, ""transformation_params"": {""0"": {}}}",0,2,13.036751009029178,0.8870185333114369,1.1082646291015852,0.6785983666293783,0.8870185333114369,0.0,-17.177299148454143,0.6075667178752261,142.4860368476045,0.8559110569539212,0.4682765640752154,0.9333333333333333,0.5333333333333333,4.133240479689379,0.6277777777777778,1.6191254180823977,0.6758613066851733,3.464217985057575,3.2296768399561007,0.16798701851269898,62.65436884957518,30.758226354760474,24.841364035664085,0.10705871911131562,13.036751009029178,0.8870185333114369,1.1082646291015852,0.6785983666293783,0.8870185333114369,0.0,0.6075667178752261,0.8559110569539212,0.4682765640752154,4.133240479689379,0.6277777777777778,1.6191254180823977,0.6758613066851733,3.464217985057575,3.2296768399561007,0.16798701851269898,62.65436884957518,30.758226354760474,24.841364035664085,0.10705871911131562,0.9333333333333333,0.5333333333333333,0.14675,22.326859234845283,14.085650305034692,Wh,14.085650305034692,Wh
187,f35b128a207ce709972c167568d19770,RollingRegression,"{""regression_model"": {""model"": ""ExtraTrees"", ""model_params"": {""n_estimators"": 100, ""min_samples_leaf"": 1, ""max_depth"": 10}}, ""holiday"": false, ""mean_rolling_periods"": null, ""macd_periods"": null, ""std_rolling_periods"": null, ""max_rolling_periods"": 420, ""min_rolling_periods"": 7, ""ewm_var_alpha"": null, ""quantile90_rolling_periods"": null, ""quantile10_rolling_periods"": null, ""ewm_alpha"": null, ""additional_lag_periods"": 363, ""abs_energy"": false, ""rolling_autocorr_periods"": null, ""nonzero_last_n"": null, ""add_date_part"": ""expanded"", ""polynomial_degree"": null, ""x_transform"": null, ""regression_type"": null}","{""fillna"": ""ffill_mean_biased"", ""transformations"": {}, ""transformation_params"": {}}",0,1,12.793248658529777,0.7994674365316216,0.9814843789954327,0.8113383161199056,0.7994674365316216,0.0,-2.372134631540872,0.5481712803078654,69.57993465630507,0.7947932986677895,0.5434863896984663,0.9111111111111111,0.5333333333333333,2.5262951730405225,0.34444444444444444,1.7898640035344402,0.6011502734811879,3.1962444382332125,2.209503777303844,0.3642928482591149,67.2078000247642,42.9962085049186,9.732317132990152,0.12378002854731363,12.793248658529777,0.7994674365316216,0.9814843789954327,0.8113383161199056,0.7994674365316216,0.0,0.5481712803078654,0.7947932986677895,0.5434863896984663,2.5262951730405225,0.34444444444444444,1.7898640035344402,0.6011502734811879,3.1962444382332125,2.209503777303844,0.3642928482591149,67.2078000247642,42.9962085049186,9.732317132990152,0.12378002854731363,0.9111111111111111,0.5333333333333333,3.2265,22.234328368462904,11.58325156338169,Wh,11.58325156338169,Wh
188,55264f373632b5ec6a61ca21d4f79147,RollingRegression,"{""regression_model"": {""model"": ""ExtraTrees"", ""model_params"": {""n_estimators"": 100, ""min_samples_leaf"": 1, ""max_depth"": 10}}, ""holiday"": false, ""mean_rolling_periods"": null, ""macd_periods"": null, ""std_rolling_periods"": null, ""max_rolling_periods"": 420, ""min_rolling_periods"": 7, ""ewm_var_alpha"": null, ""quantile90_rolling_periods"": null, ""quantile10_rolling_periods"": null, ""ewm_alpha"": null, ""additional_lag_periods"": 9, ""abs_energy"": false, ""rolling_autocorr_periods"": null, ""nonzero_last_n"": null, ""add_date_part"": ""expanded"", ""polynomial_degree"": null, ""x_transform"": null, ""regression_type"": null}","{""fillna"": ""ffill"", ""transformations"": {""0"": ""Scaler""}, ""transformation_params"": {""0"": {}}}",0,1,12.615185205318053,0.7871416711245571,0.9667134099839226,0.8001130208431507,0.7871416711245571,0.0,-1.8955579716070723,0.5401861351119744,68.94719242960306,0.7836894842217731,0.5389314646229616,0.9111111111111111,0.5222222222222223,2.405095473315134,0.32222222222222224,1.7869994189519807,0.5923604602359264,3.1504850906563346,2.188921735380533,0.35243271429891354,67.05163445799599,43.01539491624998,10.647647335384933,0.12349241046867464,12.615185205318053,0.7871416711245571,0.9667134099839226,0.8001130208431507,0.7871416711245571,0.0,0.5401861351119744,0.7836894842217731,0.5389314646229616,2.405095473315134,0.32222222222222224,1.7869994189519807,0.5923604602359264,3.1504850906563346,2.188921735380533,0.35243271429891354,67.05163445799599,43.01539491624998,10.647647335384933,0.12349241046867464,0.9111111111111111,0.5222222222222223,3.2125,21.953226599425147,11.404667127171688,Wh,11.404667127171688,Wh
189,ceb027e5ec986fc087bb43d2c5bd3655,RollingRegression,"{""regression_model"": {""model"": ""ExtraTrees"", ""model_params"": {""n_estimators"": 100, ""min_samples_leaf"": 1, ""max_depth"": 10}}, ""holiday"": false, ""mean_rolling_periods"": null, ""macd_periods"": null, ""std_rolling_periods"": null, ""max_rolling_periods"": 420, ""min_rolling_periods"": 7, ""ewm_var_alpha"": null, ""quantile90_rolling_periods"": null, ""quantile10_rolling_periods"": null, ""ewm_alpha"": null, ""additional_lag_periods"": 9, ""abs_energy"": false, ""rolling_autocorr_periods"": null, ""nonzero_last_n"": null, ""add_date_part"": ""expanded"", ""polynomial_degree"": null, ""x_transform"": null, ""regression_type"": null}","{""fillna"": ""ffill"", ""transformations"": {""0"": null}, ""transformation_params"": {""0"": {}}}",0,1,12.615185205318053,0.7871416711245568,0.9667134099839225,0.8001130208431506,0.7871416711245568,0.0,-1.8955579716070714,0.5401861351119744,68.94719242960304,0.7836894842217728,0.5389314646229616,0.9111111111111111,0.5222222222222223,2.405095473315134,0.32222222222222224,1.7869994189519807,0.5923604602359261,3.1504850906563333,2.1889217353805326,0.35243271429891354,67.05163445799599,43.01539491624998,10.647647335384942,0.12349241046867464,12.615185205318053,0.7871416711245568,0.9667134099839225,0.8001130208431506,0.7871416711245568,0.0,0.5401861351119744,0.7836894842217728,0.5389314646229616,2.405095473315134,0.32222222222222224,1.7869994189519807,0.5923604602359261,3.1504850906563333,2.1889217353805326,0.35243271429891354,67.05163445799599,43.01539491624998,10.647647335384942,0.12349241046867464,0.9111111111111111,0.5222222222222223,3.1901,21.953220377350565,11.404667127171685,Wh,11.404667127171685,Wh
190,07af61b11c43e474f3ec51020659b52a,RollingRegression,"{""regression_model"": {""model"": ""ExtraTrees"", ""model_params"": {""n_estimators"": 100, ""min_samples_leaf"": 1, ""max_depth"": 10}}, ""holiday"": true, ""mean_rolling_periods"": 30, ""macd_periods"": 7, ""std_rolling_periods"": null, ""max_rolling_periods"": 420, ""min_rolling_periods"": 7, ""ewm_var_alpha"": null, ""quantile90_rolling_periods"": null, ""quantile10_rolling_periods"": null, ""ewm_alpha"": null, ""additional_lag_periods"": 90, ""abs_energy"": true, ""rolling_autocorr_periods"": null, ""nonzero_last_n"": null, ""add_date_part"": null, ""polynomial_degree"": null, ""x_transform"": null, ""regression_type"": null}","{""fillna"": ""zero"", ""transformations"": {""0"": ""Scaler""}, ""transformation_params"": {""0"": {}}}",0,1,12.417662926356625,0.7711382955124323,0.9436405453433714,0.6539850705804575,0.7711382955124323,0.0,-0.7928410420985452,0.5307786570495193,68.60960555402035,0.7700117621659748,0.5322912039901597,0.9333333333333333,0.4,2.2850830529175035,0.3,1.7777983049256436,0.5775588462007025,3.1899147875880094,1.3373676043074787,0.0662623112785347,67.8167645119218,41.80668541802609,23.736256465062304,0.1249015894610304,12.417662926356625,0.7711382955124323,0.9436405453433714,0.6539850705804575,0.7711382955124323,0.0,0.5307786570495193,0.7700117621659748,0.5322912039901597,2.2850830529175035,0.3,1.7777983049256436,0.5775588462007025,3.1899147875880094,1.3373676043074787,0.0662623112785347,67.8167645119218,41.80668541802609,23.736256465062304,0.1249015894610304,0.9333333333333333,0.4,12.1484,21.579329638528282,11.172798864490801,Wh,11.172798864490801,Wh
191,8db7dee0ef7a2a20d9aa567bfabc3f97,RollingRegression,"{""regression_model"": {""model"": ""ExtraTrees"", ""model_params"": {""n_estimators"": 100, ""min_samples_leaf"": 1, ""max_depth"": 10}}, ""holiday"": false, ""mean_rolling_periods"": null, ""macd_periods"": null, ""std_rolling_periods"": null, ""max_rolling_periods"": 168, ""min_rolling_periods"": 7, ""ewm_var_alpha"": null, ""quantile90_rolling_periods"": null, ""quantile10_rolling_periods"": null, ""ewm_alpha"": null, ""additional_lag_periods"": 90, ""abs_energy"": false, ""rolling_autocorr_periods"": null, ""nonzero_last_n"": null, ""add_date_part"": ""expanded"", ""polynomial_degree"": null, ""x_transform"": null, ""regression_type"": null}","{""fillna"": ""ffill"", ""transformations"": {""0"": ""Scaler"", ""1"": ""Scaler""}, ""transformation_params"": {""0"": {}, ""1"": {}}}",0,1,12.308932519096269,0.7655647580741994,0.9452375912382541,0.7919772007274329,0.7655647580741994,0.0,-1.9202094886136418,0.5288348351599612,66.9806187380643,0.7623076865626827,0.5387930257430572,0.9333333333333333,0.5333333333333333,2.5019406997360853,0.32222222222222224,1.7721797892977948,0.5707182380977686,3.139823668231042,1.7096744152405976,0.3241957304068208,65.06040924945067,40.75869623718324,11.747925530021458,0.11982506957867302,12.308932519096269,0.7655647580741994,0.9452375912382541,0.7919772007274329,0.7655647580741994,0.0,0.5288348351599612,0.7623076865626827,0.5387930257430572,2.5019406997360853,0.32222222222222224,1.7721797892977948,0.5707182380977686,3.139823668231042,1.7096744152405976,0.3241957304068208,65.06040924945067,40.75869623718324,11.747925530021458,0.11982506957867302,0.9333333333333333,0.5333333333333333,3.1619,21.559961188518248,11.09204549881895,Wh,11.09204549881895,Wh
192,658ea524d7ba6ceda51dff7a08057434,RollingRegression,"{""regression_model"": {""model"": ""ExtraTrees"", ""model_params"": {""n_estimators"": 100, ""min_samples_leaf"": 1, ""max_depth"": 10}}, ""holiday"": false, ""mean_rolling_periods"": null, ""macd_periods"": null, ""std_rolling_periods"": null, ""max_rolling_periods"": 420, ""min_rolling_periods"": 7, ""ewm_var_alpha"": null, ""quantile90_rolling_periods"": null, ""quantile10_rolling_periods"": null, ""ewm_alpha"": null, ""additional_lag_periods"": 90, ""abs_energy"": false, ""rolling_autocorr_periods"": null, ""nonzero_last_n"": null, ""add_date_part"": ""expanded"", ""polynomial_degree"": null, ""x_transform"": null, ""regression_type"": null}","{""fillna"": ""ffill_mean_biased"", ""transformations"": {""0"": null}, ""transformation_params"": {""0"": {}}}",0,1,12.308932519096269,0.7655647580741994,0.9452375912382541,0.791977200727433,0.7655647580741994,0.0,-1.9202094886136418,0.5288348351599612,66.9806187380643,0.7623076865626827,0.5387930257430572,0.9333333333333333,0.5333333333333333,2.5019406997360862,0.32222222222222224,1.7721797892977948,0.5707182380977686,3.1398236682310428,1.7096744152405976,0.3241957304068208,65.06040924945067,40.75869623718324,11.747925530021453,0.11982506957867302,12.308932519096269,0.7655647580741994,0.9452375912382541,0.791977200727433,0.7655647580741994,0.0,0.5288348351599612,0.7623076865626827,0.5387930257430572,2.5019406997360862,0.32222222222222224,1.7721797892977948,0.5707182380977686,3.1398236682310428,1.7096744152405976,0.3241957304068208,65.06040924945067,40.75869623718324,11.747925530021453,0.11982506957867302,0.9333333333333333,0.5333333333333333,3.1482,21.55995738305299,11.092045498818951,Wh,11.092045498818951,Wh
193,67891ca864ded46d96d1a450fbe3c3dc,DatepartRegression,"{""regression_model"": {""model"": ""Adaboost"", ""model_params"": {""n_estimators"": 50, ""loss"": ""linear"", ""estimator"": ""ExtraTree"", ""learning_rate"": 1, ""max_depth"": 3}}, ""datepart_method"": ""simple"", ""polynomial_degree"": null, ""holiday_countries_used"": false, ""lags"": 1, ""forward_lags"": 1, ""regression_type"": null}","{""fillna"": ""ffill"", ""transformations"": {""0"": ""Scaler""}, ""transformation_params"": {""0"": {}}}",0,2,12.251567302279824,0.825422029418621,1.0759034181294342,0.6996417963893115,0.825422029418621,0.0,-27.625747294626986,0.5886022803946811,120.9502180007248,0.7777192359952156,0.4806889165856355,0.9388888888888889,0.4722222222222222,3.603260585239955,0.65,1.6078764583775182,0.5825393392080809,3.2190682964599446,3.366418329391297,0.36785718596501144,46.6622353530489,26.450880555522144,16.41124297105935,0.08260250723426081,12.251567302279824,0.825422029418621,1.0759034181294342,0.6996417963893115,0.825422029418621,0.0,0.5886022803946811,0.7777192359952156,0.4806889165856355,3.603260585239955,0.65,1.6078764583775182,0.5825393392080809,3.2190682964599446,3.366418329391297,0.36785718596501144,46.6622353530489,26.450880555522144,16.41124297105935,0.08260250723426081,0.9388888888888889,0.4722222222222222,0.1887,21.521702131626235,12.071225201529856,Wh,12.071225201529856,Wh
194,18fa8305d6d833e3b5d046c42b7c4f3a,RollingRegression,"{""regression_model"": {""model"": ""ExtraTrees"", ""model_params"": {""n_estimators"": 100, ""min_samples_leaf"": 1, ""max_depth"": 10}}, ""holiday"": false, ""mean_rolling_periods"": 30, ""macd_periods"": null, ""std_rolling_periods"": null, ""max_rolling_periods"": 28, ""min_rolling_periods"": null, ""ewm_var_alpha"": null, ""quantile90_rolling_periods"": null, ""quantile10_rolling_periods"": null, ""ewm_alpha"": 0.8, ""additional_lag_periods"": 6, ""abs_energy"": false, ""rolling_autocorr_periods"": null, ""nonzero_last_n"": null, ""add_date_part"": null, ""polynomial_degree"": null, ""x_transform"": null, ""regression_type"": null}","{""fillna"": ""ffill"", ""transformations"": {""0"": ""Scaler""}, ""transformation_params"": {""0"": {}}}",0,1,12.252374715965143,0.7607916339885183,0.9386074050199211,0.7018164963831278,0.7607916339885183,0.0,-1.2323314484434071,0.5249110293409869,67.23891561052324,0.759179455608729,0.537641598770006,0.9111111111111111,0.4666666666666667,2.4140788554760517,0.3,1.7750589267059345,0.5670840774070083,3.1794036298415813,1.409989534214351,0.21671782251004637,66.00658416207983,40.14618682220208,17.58087934437371,0.12156768810885604,12.252374715965143,0.7607916339885183,0.9386074050199211,0.7018164963831278,0.7607916339885183,0.0,0.5249110293409869,0.759179455608729,0.537641598770006,2.4140788554760517,0.3,1.7750589267059345,0.5670840774070083,3.1794036298415813,1.409989534214351,0.21671782251004637,66.00658416207983,40.14618682220208,17.58087934437371,0.12156768810885604,0.9111111111111111,0.4666666666666667,2.8274,21.455284422117998,11.022889089813047,Wh,11.022889089813047,Wh
195,f92a161bac348ba07b76da713afeab6e,RollingRegression,"{""regression_model"": {""model"": ""ExtraTrees"", ""model_params"": {""n_estimators"": 100, ""min_samples_leaf"": 1, ""max_depth"": 10}}, ""holiday"": false, ""mean_rolling_periods"": 5, ""macd_periods"": 7, ""std_rolling_periods"": null, ""max_rolling_periods"": null, ""min_rolling_periods"": 7, ""ewm_var_alpha"": null, ""quantile90_rolling_periods"": null, ""quantile10_rolling_periods"": null, ""ewm_alpha"": 0.5, ""additional_lag_periods"": 2, ""abs_energy"": false, ""rolling_autocorr_periods"": null, ""nonzero_last_n"": null, ""add_date_part"": ""simple_binarized"", ""polynomial_degree"": null, ""x_transform"": null, ""regression_type"": null}","{""fillna"": ""zero"", ""transformations"": {""0"": ""Scaler""}, ""transformation_params"": {""0"": {}}}",0,1,12.23192628522977,0.7592306269857694,0.9367653784066233,0.6651217724799974,0.7592306269857694,0.0,-0.4712509881954956,0.5231991086224628,67.85950544052375,0.7585228254936559,0.5358235145434636,0.9333333333333333,0.5111111111111111,2.4343277999533086,0.3111111111111111,1.7704377280137926,0.5621950492506064,3.221162389694776,1.3594732634656075,0.18930800189178004,67.38825445232824,40.59966725439462,18.700643355178546,0.12411238065803792,12.23192628522977,0.7592306269857694,0.9367653784066233,0.6651217724799974,0.7592306269857694,0.0,0.5231991086224628,0.7585228254936559,0.5358235145434636,2.4343277999533086,0.3111111111111111,1.7704377280137926,0.5621950492506064,3.221162389694776,1.3594732634656075,0.18930800189178004,67.38825445232824,40.59966725439462,18.700643355178546,0.12411238065803792,0.9333333333333333,0.5111111111111111,3.2253,21.404487608645773,11.00027211258695,Wh,11.00027211258695,Wh
196,26f3e9de49080641a0c3fec412b95a7f,RollingRegression,"{""regression_model"": {""model"": ""ExtraTrees"", ""model_params"": {""n_estimators"": 100, ""min_samples_leaf"": 1, ""max_depth"": 10}}, ""holiday"": false, ""mean_rolling_periods"": null, ""macd_periods"": null, ""std_rolling_periods"": null, ""max_rolling_periods"": 7, ""min_rolling_periods"": null, ""ewm_var_alpha"": null, ""quantile90_rolling_periods"": null, ""quantile10_rolling_periods"": null, ""ewm_alpha"": null, ""additional_lag_periods"": 90, ""abs_energy"": false, ""rolling_autocorr_periods"": null, ""nonzero_last_n"": null, ""add_date_part"": null, ""polynomial_degree"": null, ""x_transform"": null, ""regression_type"": null}","{""fillna"": ""ffill"", ""transformations"": {""0"": ""Scaler""}, ""transformation_params"": {""0"": {}}}",0,1,12.017144003607124,0.7496226042005921,0.960950603688422,0.6667523374902564,0.7496226042005921,0.0,-2.5515061594645214,0.511535417140564,64.91452821858876,0.745865249277795,0.544198087432843,0.9222222222222223,0.5444444444444444,2.8580308119455973,0.37777777777777777,1.7464588492866855,0.5430329563034357,3.0040171785195198,1.2506191786350662,0.1919409513409382,62.36302205912425,39.01100220044675,18.53514201583096,0.11485715419833419,12.017144003607124,0.7496226042005921,0.960950603688422,0.6667523374902564,0.7496226042005921,0.0,0.511535417140564,0.745865249277795,0.544198087432843,2.8580308119455973,0.37777777777777777,1.7464588492866855,0.5430329563034357,3.0040171785195198,1.2506191786350662,0.1919409513409382,62.36302205912425,39.01100220044675,18.53514201583096,0.11485715419833419,0.9222222222222223,0.5444444444444444,2.7172,21.381843745795408,10.861064260131775,Wh,10.861064260131775,Wh
197,27eeb0cd9571b87fbe20a7d91b50e9a4,DatepartRegression,"{""regression_model"": {""model"": ""MLP"", ""model_params"": {""hidden_layer_sizes"": [2560], ""max_iter"": 250, ""activation"": ""logistic"", ""solver"": ""lbfgs"", ""early_stopping"": false, ""learning_rate_init"": 0.001, ""alpha"": 0.0}}, ""datepart_method"": ""anchored_segment_fourier:us_school"", ""polynomial_degree"": null, ""holiday_countries_used"": false, ""lags"": null, ""forward_lags"": null, ""regression_type"": null}","{""fillna"": ""quadratic"", ""transformations"": {""0"": ""Scaler"", ""1"": ""Scaler""}, ""transformation_params"": {""0"": {}, ""1"": {}}}",0,2,12.036179771965891,0.8181046131146138,1.031787091566316,0.7418473882318848,0.8181046131146138,0.0,-22.6022520693572,0.5756889517765084,124.65657829127329,0.7843132681584329,0.4639997927592259,0.961111111111111,0.5388888888888889,3.6160582072656684,0.75,1.5249470847005524,0.6097289710210199,3.5820512103762194,1.7684285097366594,0.5320313459938459,51.02716311095804,19.75021351755655,5.989644067673228,0.08627910321542795,12.036179771965891,0.8181046131146138,1.031787091566316,0.7418473882318848,0.8181046131146138,0.0,0.5756889517765084,0.7843132681584329,0.4639997927592259,3.6160582072656684,0.75,1.5249470847005524,0.6097289710210199,3.5820512103762194,1.7684285097366594,0.5320313459938459,51.02716311095804,19.75021351755655,5.989644067673228,0.08627910321542795,0.961111111111111,0.5388888888888889,6.130800000000001,20.981872151753137,13.478561760443009,Wh,13.478561760443009,Wh
198,6f40ebc4fba3d49e7b971c97f3abda8a,ARIMA,"{""p"": 1, ""d"": 0, ""q"": 1, ""regression_type"": ""Holiday""}","{""fillna"": ""cubic"", ""transformations"": {""0"": null}, ""transformation_params"": {""0"": {}}}",0,2,11.707270741048724,0.7813680149943228,0.9921085172468112,0.6238644905858896,0.7813680149943228,0.0,-13.135937364377288,0.5432877700347296,127.51030533460083,0.7637882572721051,0.48587948472271003,0.9833333333333334,0.5277777777777777,3.9131736553906675,0.6222222222222222,1.5675306382577627,0.5786398475215262,3.2663629849385796,2.27494600120468,0.10883963005053279,57.18718398511176,27.70090071248797,26.269117204019505,0.0978317976401353,11.707270741048724,0.7813680149943228,0.9921085172468112,0.6238644905858896,0.7813680149943228,0.0,0.5432877700347296,0.7637882572721051,0.48587948472271003,3.9131736553906675,0.6222222222222222,1.5675306382577627,0.5786398475215262,3.2663629849385796,2.27494600120468,0.10883963005053279,57.18718398511176,27.70090071248797,26.269117204019505,0.0978317976401353,0.9833333333333334,0.5277777777777777,0.2911,20.71693577492337,11.919611890180883,Wh,11.919611890180883,Wh
199,bf4944e0a5435e868c15d6329df346e1,WindowRegression,"{""window_size"": 10, ""input_dim"": ""univariate"", ""output_dim"": ""1step"", ""normalize_window"": false, ""max_windows"": 5000000, ""fourier_encoding_components"": null, ""scale"": true, ""datepart_method"": null, ""regression_type"": null, ""regression_model"": {""model"": ""HistGradientBoost"", ""model_params"": {""loss"": ""squared_error"", ""learning_rate"": 0.01, ""max_depth"": 20, ""min_samples_leaf"": 20, ""max_iter"": 250, ""l2_regularization"": 0}}}","{""fillna"": ""time"", ""transformations"": {""0"": ""Scaler""}, ""transformation_params"": {""0"": {}}}",0,2,11.967537779313151,0.8312779539885832,1.066828084072792,0.6093057172932228,0.8312779539885832,0.0,-5.837920228739857,0.5359906154036488,143.7921114892051,0.8239664484066297,0.367781984415422,0.7611111111111111,0.5166666666666666,4.43256492425467,0.6277777777777778,1.5591974688491392,0.6169753704414431,3.6399718187898835,2.2081777026971725,0.028184583934710985,68.97709563023264,27.683941991504774,28.03740932726856,0.11202886439615323,11.967537779313151,0.8312779539885832,1.066828084072792,0.6093057172932228,0.8312779539885832,0.0,0.5359906154036488,0.8239664484066297,0.367781984415422,4.43256492425467,0.6277777777777778,1.5591974688491392,0.6169753704414431,3.6399718187898835,2.2081777026971725,0.028184583934710985,68.97709563023264,27.683941991504774,28.03740932726856,0.11202886439615323,0.7611111111111111,0.5166666666666666,1.3939499999999998,20.042775906152798,17.017496232349348,Wh,17.017496232349348,Wh
200,798bf53d2d927cd735a7b2f4b07cd203,WindowRegression,"{""window_size"": 10, ""input_dim"": ""univariate"", ""output_dim"": ""1step"", ""normalize_window"": false, ""max_windows"": 5000000, ""fourier_encoding_components"": null, ""scale"": true, ""datepart_method"": null, ""regression_type"": null, ""regression_model"": {""model"": ""HistGradientBoost"", ""model_params"": {""loss"": ""squared_error"", ""learning_rate"": 0.01, ""max_depth"": 20, ""min_samples_leaf"": 20, ""max_iter"": 250, ""l2_regularization"": 0}}}","{""fillna"": ""ffill"", ""transformations"": {""0"": ""Scaler"", ""1"": ""Scaler""}, ""transformation_params"": {""0"": {}, ""1"": {}}}",0,2,11.967537779313151,0.8312779539885832,1.066828084072792,0.6093057172932228,0.8312779539885832,0.0,-5.837920228739857,0.5359906154036488,143.7921114892051,0.8239664484066297,0.367781984415422,0.7611111111111111,0.5166666666666666,4.43256492425467,0.6277777777777778,1.5591974688491392,0.6169753704414431,3.6399718187898835,2.2081777026971725,0.028184583934710985,68.97709563023264,27.683941991504774,28.03740932726856,0.11202886439615323,11.967537779313151,0.8312779539885832,1.066828084072792,0.6093057172932228,0.8312779539885832,0.0,0.5359906154036488,0.8239664484066297,0.367781984415422,4.43256492425467,0.6277777777777778,1.5591974688491392,0.6169753704414431,3.6399718187898835,2.2081777026971725,0.028184583934710985,68.97709563023264,27.683941991504774,28.03740932726856,0.11202886439615323,0.7611111111111111,0.5166666666666666,1.03265,20.042675547423052,17.017496232349348,Wh,17.017496232349348,Wh
201,4d650639d4a619646a7b407d6e9e7c74,WindowRegression,"{""window_size"": 10, ""input_dim"": ""univariate"", ""output_dim"": ""1step"", ""normalize_window"": false, ""max_windows"": 5000000, ""fourier_encoding_components"": null, ""scale"": true, ""datepart_method"": null, ""regression_type"": null, ""regression_model"": {""model"": ""HistGradientBoost"", ""model_params"": {""loss"": ""squared_error"", ""learning_rate"": 0.01, ""max_depth"": 20, ""min_samples_leaf"": 20, ""max_iter"": 250, ""l2_regularization"": 0}}}","{""fillna"": ""ffill"", ""transformations"": {""0"": ""Scaler""}, ""transformation_params"": {""0"": {}}}",0,2,11.967537779313151,0.8312779539885832,1.066828084072792,0.6093057172932228,0.8312779539885832,0.0,-5.837920228739857,0.5359906154036488,143.7921114892051,0.8239664484066297,0.367781984415422,0.7611111111111111,0.5166666666666666,4.43256492425467,0.6277777777777778,1.5591974688491392,0.6169753704414431,3.6399718187898835,2.2081777026971725,0.028184583934710985,68.97709563023264,27.683941991504774,28.03740932726856,0.11202886439615323,11.967537779313151,0.8312779539885832,1.066828084072792,0.6093057172932228,0.8312779539885832,0.0,0.5359906154036488,0.8239664484066297,0.367781984415422,4.43256492425467,0.6277777777777778,1.5591974688491392,0.6169753704414431,3.6399718187898835,2.2081777026971725,0.028184583934710985,68.97709563023264,27.683941991504774,28.03740932726856,0.11202886439615323,0.7611111111111111,0.5166666666666666,1.021,20.042672311388728,17.017496232349348,Wh,17.017496232349348,Wh
202,8b8c2aaf43d06b85a50d86fd25c99475,WindowRegression,"{""window_size"": 10, ""input_dim"": ""univariate"", ""output_dim"": ""1step"", ""normalize_window"": false, ""max_windows"": 5000000, ""fourier_encoding_components"": null, ""scale"": true, ""datepart_method"": null, ""regression_type"": null, ""regression_model"": {""model"": ""HistGradientBoost"", ""model_params"": {""loss"": ""squared_error"", ""learning_rate"": 0.01, ""max_depth"": 20, ""min_samples_leaf"": 20, ""max_iter"": 250, ""l2_regularization"": 0}}}","{""fillna"": ""zero"", ""transformations"": {""0"": ""Scaler""}, ""transformation_params"": {""0"": {}}}",0,2,11.967537779313151,0.8312779539885832,1.066828084072792,0.6093057172932228,0.8312779539885832,0.0,-5.837920228739857,0.5359906154036488,143.7921114892051,0.8239664484066297,0.367781984415422,0.7611111111111111,0.5166666666666666,4.43256492425467,0.6277777777777778,1.5591974688491392,0.6169753704414431,3.6399718187898835,2.2081777026971725,0.028184583934710985,68.97709563023264,27.683941991504774,28.03740932726856,0.11202886439615323,11.967537779313151,0.8312779539885832,1.066828084072792,0.6093057172932228,0.8312779539885832,0.0,0.5359906154036488,0.8239664484066297,0.367781984415422,4.43256492425467,0.6277777777777778,1.5591974688491392,0.6169753704414431,3.6399718187898835,2.2081777026971725,0.028184583934710985,68.97709563023264,27.683941991504774,28.03740932726856,0.11202886439615323,0.7611111111111111,0.5166666666666666,1.0207,20.04267222805737,17.017496232349348,Wh,17.017496232349348,Wh
203,e3c790450d206fef1ed4d4fea1b68d65,WindowRegression,"{""window_size"": 10, ""input_dim"": ""univariate"", ""output_dim"": ""1step"", ""normalize_window"": false, ""max_windows"": 5000000, ""fourier_encoding_components"": null, ""scale"": true, ""datepart_method"": null, ""regression_type"": null, ""regression_model"": {""model"": ""HistGradientBoost"", ""model_params"": {""loss"": ""squared_error"", ""learning_rate"": 0.01, ""max_depth"": 20, ""min_samples_leaf"": 20, ""max_iter"": 250, ""l2_regularization"": 0}}}","{""fillna"": ""ffill"", ""transformations"": {""0"": null}, ""transformation_params"": {""0"": {}}}",0,2,11.967537779313151,0.8312779539885832,1.066828084072792,0.6093057172932228,0.8312779539885832,0.0,-5.837920228739857,0.5359906154036488,143.7921114892051,0.8239664484066297,0.367781984415422,0.7611111111111111,0.5166666666666666,4.43256492425467,0.6277777777777778,1.5591974688491392,0.6169753704414431,3.6399718187898835,2.2081777026971725,0.028184583934710985,68.97709563023264,27.683941991504774,28.03740932726856,0.11202886439615323,11.967537779313151,0.8312779539885832,1.066828084072792,0.6093057172932228,0.8312779539885832,0.0,0.5359906154036488,0.8239664484066297,0.367781984415422,4.43256492425467,0.6277777777777778,1.5591974688491392,0.6169753704414431,3.6399718187898835,2.2081777026971725,0.028184583934710985,68.97709563023264,27.683941991504774,28.03740932726856,0.11202886439615323,0.7611111111111111,0.5166666666666666,1.02055,20.042672186391695,17.017496232349348,Wh,17.017496232349348,Wh
204,07048ac10ddf6bf2921849b482a3837f,WindowRegression,"{""window_size"": 10, ""input_dim"": ""univariate"", ""output_dim"": ""1step"", ""normalize_window"": false, ""max_windows"": 5000000, ""fourier_encoding_components"": null, ""scale"": true, ""datepart_method"": null, ""regression_type"": null, ""regression_model"": {""model"": ""HistGradientBoost"", ""model_params"": {""loss"": ""squared_error"", ""learning_rate"": 0.01, ""max_depth"": 20, ""min_samples_leaf"": 20, ""max_iter"": 250, ""l2_regularization"": 0}}}","{""fillna"": ""zero"", ""transformations"": {""0"": null}, ""transformation_params"": {""0"": {}}}",0,2,11.967537779313151,0.8312779539885832,1.066828084072792,0.6093057172932228,0.8312779539885832,0.0,-5.837920228739857,0.5359906154036488,143.7921114892051,0.8239664484066297,0.367781984415422,0.7611111111111111,0.5166666666666666,4.43256492425467,0.6277777777777778,1.5591974688491392,0.6169753704414431,3.6399718187898835,2.2081777026971725,0.028184583934710985,68.97709563023264,27.683941991504774,28.03740932726856,0.11202886439615323,11.967537779313151,0.8312779539885832,1.066828084072792,0.6093057172932228,0.8312779539885832,0.0,0.5359906154036488,0.8239664484066297,0.367781984415422,4.43256492425467,0.6277777777777778,1.5591974688491392,0.6169753704414431,3.6399718187898835,2.2081777026971725,0.028184583934710985,68.97709563023264,27.683941991504774,28.03740932726856,0.11202886439615323,0.7611111111111111,0.5166666666666666,1.0139,20.042670339213302,17.017496232349348,Wh,17.017496232349348,Wh
205,edfadf85c1eeefae708c9e1cb8cef7ba,WindowRegression,"{""window_size"": 10, ""input_dim"": ""univariate"", ""output_dim"": ""1step"", ""normalize_window"": false, ""max_windows"": 5000000, ""fourier_encoding_components"": null, ""scale"": true, ""datepart_method"": null, ""regression_type"": null, ""regression_model"": {""model"": ""HistGradientBoost"", ""model_params"": {""loss"": ""squared_error"", ""learning_rate"": 0.01, ""max_depth"": 20, ""min_samples_leaf"": 20, ""max_iter"": 250, ""l2_regularization"": 0}}}","{""fillna"": ""rolling_mean_24"", ""transformations"": {""0"": ""Scaler""}, ""transformation_params"": {""0"": {}}}",0,2,11.967537779313151,0.8312779539885832,1.066828084072792,0.6093057172932228,0.8312779539885832,0.0,-5.837920228739857,0.5359906154036488,143.7921114892051,0.8239664484066297,0.367781984415422,0.7611111111111111,0.5166666666666666,4.43256492425467,0.6277777777777778,1.5591974688491392,0.6169753704414431,3.6399718187898835,2.2081777026971725,0.028184583934710985,68.97709563023264,27.683941991504774,28.03740932726856,0.11202886439615323,11.967537779313151,0.8312779539885832,1.066828084072792,0.6093057172932228,0.8312779539885832,0.0,0.5359906154036488,0.8239664484066297,0.367781984415422,4.43256492425467,0.6277777777777778,1.5591974688491392,0.6169753704414431,3.6399718187898835,2.2081777026971725,0.028184583934710985,68.97709563023264,27.683941991504774,28.03740932726856,0.11202886439615323,0.7611111111111111,0.5166666666666666,1.00345,20.042667436504402,17.017496232349348,Wh,17.017496232349348,Wh
206,11c7b3ed3312809bc59857a3139f2fb8,WindowRegression,"{""window_size"": 10, ""input_dim"": ""univariate"", ""output_dim"": ""1step"", ""normalize_window"": false, ""max_windows"": 5000000, ""fourier_encoding_components"": null, ""scale"": true, ""datepart_method"": null, ""regression_type"": null, ""regression_model"": {""model"": ""HistGradientBoost"", ""model_params"": {""loss"": ""squared_error"", ""learning_rate"": 0.01, ""max_depth"": 20, ""min_samples_leaf"": 20, ""max_iter"": 250, ""l2_regularization"": 0}}}","{""fillna"": ""rolling_mean_24"", ""transformations"": {""0"": ""Scaler"", ""1"": ""Scaler""}, ""transformation_params"": {""0"": {}, ""1"": {}}}",0,2,11.967537779313151,0.8312779539885832,1.066828084072792,0.6093057172932228,0.8312779539885832,0.0,-5.837920228739857,0.5359906154036488,143.7921114892051,0.8239664484066297,0.367781984415422,0.7611111111111111,0.5166666666666666,4.43256492425467,0.6277777777777778,1.5591974688491392,0.6169753704414431,3.6399718187898835,2.2081777026971725,0.028184583934710985,68.97709563023264,27.683941991504774,28.03740932726856,0.11202886439615323,11.967537779313151,0.8312779539885832,1.066828084072792,0.6093057172932228,0.8312779539885832,0.0,0.5359906154036488,0.8239664484066297,0.367781984415422,4.43256492425467,0.6277777777777778,1.5591974688491392,0.6169753704414431,3.6399718187898835,2.2081777026971725,0.028184583934710985,68.97709563023264,27.683941991504774,28.03740932726856,0.11202886439615323,0.7611111111111111,0.5166666666666666,0.98895,20.042663408822193,17.017496232349348,Wh,17.017496232349348,Wh
207,bc6ca4c4da734873071841245c06bf6c,RollingRegression,"{""regression_model"": {""model"": ""RANSAC"", ""model_params"": {}}, ""holiday"": false, ""mean_rolling_periods"": null, ""macd_periods"": null, ""std_rolling_periods"": null, ""max_rolling_periods"": 28, ""min_rolling_periods"": null, ""ewm_var_alpha"": null, ""quantile90_rolling_periods"": null, ""quantile10_rolling_periods"": null, ""ewm_alpha"": null, ""additional_lag_periods"": 27, ""abs_energy"": true, ""rolling_autocorr_periods"": null, ""nonzero_last_n"": null, ""add_date_part"": null, ""polynomial_degree"": null, ""x_transform"": null, ""regression_type"": null}","{""fillna"": ""ffill"", ""transformations"": {""0"": ""Scaler""}, ""transformation_params"": {""0"": {}}}",0,1,11.197763734860589,0.6921818749496564,0.8915398005483394,0.6409490948391894,0.6921818749496564,0.0,-0.8649304120961139,0.4743633752779856,61.43143833337297,0.6911680737849333,0.516722884138937,0.9333333333333333,0.5555555555555556,1.9934376954948974,0.34444444444444444,1.7183233037718877,0.5079515748970402,2.4832063464970804,1.0483423637049187,0.02274029331227284,60.56650792127685,42.852025182689765,25.04925142369799,0.11154842260488126,11.197763734860589,0.6921818749496564,0.8915398005483394,0.6409490948391894,0.6921818749496564,0.0,0.4743633752779856,0.6911680737849333,0.516722884138937,1.9934376954948974,0.34444444444444444,1.7183233037718877,0.5079515748970402,2.4832063464970804,1.0483423637049187,0.02274029331227284,60.56650792127685,42.852025182689765,25.04925142369799,0.11154842260488126,0.9333333333333333,0.5555555555555556,0.5054,20.01983279019654,10.028822211869977,Wh,10.028822211869977,Wh
208,59dd8f85922ee2ad8926484a8da847a3,RollingRegression,"{""regression_model"": {""model"": ""ExtraTrees"", ""model_params"": {""n_estimators"": 100, ""min_samples_leaf"": 1, ""max_depth"": 10}}, ""holiday"": false, ""mean_rolling_periods"": null, ""macd_periods"": null, ""std_rolling_periods"": null, ""max_rolling_periods"": 28, ""min_rolling_periods"": 7, ""ewm_var_alpha"": null, ""quantile90_rolling_periods"": null, ""quantile10_rolling_periods"": null, ""ewm_alpha"": null, ""additional_lag_periods"": 90, ""abs_energy"": false, ""rolling_autocorr_periods"": null, ""nonzero_last_n"": null, ""add_date_part"": ""expanded"", ""polynomial_degree"": null, ""x_transform"": null, ""regression_type"": null}","{""fillna"": ""ffill"", ""transformations"": {""0"": ""Scaler""}, ""transformation_params"": {""0"": {}}}",0,1,10.846928060839765,0.6675095352094297,0.8745574833367272,0.8605543623114773,0.6675095352094297,0.0,-3.1128895670817043,0.46868293541968425,56.962968601766974,0.6613085498001267,0.5363159580704807,0.9333333333333333,0.4888888888888889,2.7083191974869116,0.3888888888888889,1.6929561174776093,0.47325427671579834,2.754553268942314,1.3560883778544748,0.4721239405106171,53.850079034685265,33.043758903610296,6.330466666480245,0.09917843342189989,10.846928060839765,0.6675095352094297,0.8745574833367272,0.8605543623114773,0.6675095352094297,0.0,0.46868293541968425,0.6613085498001267,0.5363159580704807,2.7083191974869116,0.3888888888888889,1.6929561174776093,0.47325427671579834,2.754553268942314,1.3560883778544748,0.4721239405106171,53.850079034685265,33.043758903610296,6.330466666480245,0.09917843342189989,0.9333333333333333,0.4888888888888889,3.5203,19.81554369528098,9.671351844961592,Wh,9.671351844961592,Wh
209,ca8b58dbb419904e6e60b8838dcd8190,RollingRegression,"{""regression_model"": {""model"": ""Ridge"", ""model_params"": {""alpha"": 1e-05}}, ""holiday"": true, ""mean_rolling_periods"": null, ""macd_periods"": null, ""std_rolling_periods"": 10, ""max_rolling_periods"": 28, ""min_rolling_periods"": null, ""ewm_var_alpha"": null, ""quantile90_rolling_periods"": null, ""quantile10_rolling_periods"": null, ""ewm_alpha"": null, ""additional_lag_periods"": 90, ""abs_energy"": false, ""rolling_autocorr_periods"": null, ""nonzero_last_n"": null, ""add_date_part"": null, ""polynomial_degree"": null, ""x_transform"": null, ""regression_type"": null}","{""fillna"": ""ffill"", ""transformations"": {""0"": ""Scaler""}, ""transformation_params"": {""0"": {}}}",0,1,10.526468835855537,0.6437038657296165,0.8329139945975228,0.704601654418568,0.6437038657296165,0.0,-1.0999743036395433,0.4533456368132373,56.83337361202593,0.6423167318756516,0.5232428374111284,0.9333333333333333,0.5111111111111111,2.238266566868793,0.28888888888888886,1.7002816158706313,0.4534322928080495,2.7077572230055105,1.1097059568013419,0.19077149683477762,55.73339930838639,34.985785758903845,20.97808037197527,0.10264704029724117,10.526468835855537,0.6437038657296165,0.8329139945975228,0.704601654418568,0.6437038657296165,0.0,0.4533456368132373,0.6423167318756516,0.5232428374111284,2.238266566868793,0.28888888888888886,1.7002816158706313,0.4534322928080495,2.7077572230055105,1.1097059568013419,0.19077149683477762,55.73339930838639,34.985785758903845,20.97808037197527,0.10264704029724117,0.9333333333333333,0.5111111111111111,9.9407,19.1919477496156,9.326438411819543,Wh,9.326438411819543,Wh
210,f06732dc33ae54e2ed7153bf705e7b35,RollingRegression,"{""regression_model"": {""model"": ""ExtraTrees"", ""model_params"": {""n_estimators"": 100, ""min_samples_leaf"": 1, ""max_depth"": 10}}, ""holiday"": true, ""mean_rolling_periods"": null, ""macd_periods"": null, ""std_rolling_periods"": null, ""max_rolling_periods"": 28, ""min_rolling_periods"": 7, ""ewm_var_alpha"": null, ""quantile90_rolling_periods"": null, ""quantile10_rolling_periods"": null, ""ewm_alpha"": null, ""additional_lag_periods"": 27, ""abs_energy"": false, ""rolling_autocorr_periods"": null, ""nonzero_last_n"": null, ""add_date_part"": null, ""polynomial_degree"": null, ""x_transform"": null, ""regression_type"": null}","{""fillna"": ""ffill"", ""transformations"": {""0"": ""Scaler""}, ""transformation_params"": {""0"": {}}}",0,1,10.361304659170617,0.6315432012985295,0.8388795960446302,0.7731457586459081,0.6315432012985295,0.0,-4.506638744054935,0.4481114507499865,52.33224937281271,0.621717635952376,0.5182245511014153,0.9555555555555556,0.4222222222222222,2.2554107024765964,0.4111111111111111,1.6489759091938119,0.4374335360422306,2.6744201916556603,1.157219592138749,0.25649014549938476,47.82561062875777,25.14013913728435,13.657531005245696,0.08808286310129244,10.361304659170617,0.6315432012985295,0.8388795960446302,0.7731457586459081,0.6315432012985295,0.0,0.4481114507499865,0.621717635952376,0.5182245511014153,2.2554107024765964,0.4111111111111111,1.6489759091938119,0.4374335360422306,2.6744201916556603,1.157219592138749,0.25649014549938476,47.82561062875777,25.14013913728435,13.657531005245696,0.08808286310129244,0.9555555555555556,0.4222222222222222,12.0753,18.95862765049845,9.150246075713584,Wh,9.150246075713584,Wh
211,0ab451e1f0d0f918f569489eeda31100,RollingRegression,"{""regression_model"": {""model"": ""ExtraTrees"", ""model_params"": {""n_estimators"": 100, ""min_samples_leaf"": 1, ""max_depth"": 10}}, ""holiday"": false, ""mean_rolling_periods"": null, ""macd_periods"": null, ""std_rolling_periods"": null, ""max_rolling_periods"": 28, ""min_rolling_periods"": 7, ""ewm_var_alpha"": null, ""quantile90_rolling_periods"": null, ""quantile10_rolling_periods"": null, ""ewm_alpha"": null, ""additional_lag_periods"": 90, ""abs_energy"": false, ""rolling_autocorr_periods"": null, ""nonzero_last_n"": null, ""add_date_part"": null, ""polynomial_degree"": null, ""x_transform"": null, ""regression_type"": null}","{""fillna"": ""zero"", ""transformations"": {""0"": null}, ""transformation_params"": {""0"": {}}}",0,2,10.468801840782216,0.7021092868583352,0.8917139915397572,0.789913912741568,0.7021092868583352,0.0,-47.34782808997896,0.5576918667862045,79.03184354452138,0.6238296959924112,0.45561853726074286,0.9833333333333334,0.4722222222222222,4.383085031509399,0.7944444444444445,1.4180694420443558,0.518192765045487,2.658856381407568,3.5666316838910017,0.4954678245150421,15.84200772727121,5.195523230695459,11.573280845114219,0.024972253355199765,10.468801840782216,0.7021092868583352,0.8917139915397572,0.789913912741568,0.7021092868583352,0.0,0.5576918667862045,0.6238296959924112,0.45561853726074286,4.383085031509399,0.7944444444444445,1.4180694420443558,0.518192765045487,2.658856381407568,3.5666316838910017,0.4954678245150421,15.84200772727121,5.195523230695459,11.573280845114219,0.024972253355199765,0.9833333333333334,0.4722222222222222,2.7641,18.75452651756368,13.378698975604067,Wh,13.378698975604067,Wh
212,f3566f0ba06c36edf5eac03a2809640f,RollingRegression,"{""regression_model"": {""model"": ""ExtraTrees"", ""model_params"": {""n_estimators"": 100, ""min_samples_leaf"": 1, ""max_depth"": 10}}, ""holiday"": true, ""mean_rolling_periods"": null, ""macd_periods"": null, ""std_rolling_periods"": null, ""max_rolling_periods"": 96, ""min_rolling_periods"": 28, ""ewm_var_alpha"": null, ""quantile90_rolling_periods"": null, ""quantile10_rolling_periods"": null, ""ewm_alpha"": null, ""additional_lag_periods"": 17, ""abs_energy"": false, ""rolling_autocorr_periods"": 7, ""nonzero_last_n"": null, ""add_date_part"": null, ""polynomial_degree"": null, ""x_transform"": null, ""regression_type"": null}","{""fillna"": ""ffill"", ""transformations"": {""0"": ""Scaler"", ""1"": ""Scaler"", ""2"": ""Scaler""}, ""transformation_params"": {""0"": {}, ""1"": {}, ""2"": {}}}",0,1,10.111451369323017,0.6168637723340873,0.8000122381952293,0.7162241802235981,0.6168637723340873,0.0,-6.365826936119123,0.44871696628824204,49.151912573948735,0.6057148970289178,0.5214351061172963,0.9666666666666667,0.4444444444444444,2.533940708552776,0.36666666666666664,1.6461919570241075,0.44255731859152564,2.3986895131019907,0.8471563351316301,0.21695835059852564,42.78608563782961,29.959371703650138,18.926055961415596,0.07880131323636398,10.111451369323017,0.6168637723340873,0.8000122381952293,0.7162241802235981,0.6168637723340873,0.0,0.44871696628824204,0.6057148970289178,0.5214351061172963,2.533940708552776,0.36666666666666664,1.6461919570241075,0.44255731859152564,2.3986895131019907,0.8471563351316301,0.21695835059852564,42.78608563782961,29.959371703650138,18.926055961415596,0.07880131323636398,0.9666666666666667,0.4444444444444444,16.9736,18.637978112934316,8.937560091604464,Wh,8.937560091604464,Wh
213,42a1f8d1511ea9480bd0c0ad882e8d22,RollingRegression,"{""regression_model"": {""model"": ""RANSAC"", ""model_params"": {}}, ""holiday"": true, ""mean_rolling_periods"": null, ""macd_periods"": null, ""std_rolling_periods"": null, ""max_rolling_periods"": null, ""min_rolling_periods"": 7, ""ewm_var_alpha"": null, ""quantile90_rolling_periods"": null, ""quantile10_rolling_periods"": null, ""ewm_alpha"": null, ""additional_lag_periods"": 2, ""abs_energy"": false, ""rolling_autocorr_periods"": null, ""nonzero_last_n"": null, ""add_date_part"": ""simple_2"", ""polynomial_degree"": null, ""x_transform"": null, ""regression_type"": null}","{""fillna"": ""ffill"", ""transformations"": {""0"": null}, ""transformation_params"": {""0"": {}}}",0,1,10.173228145735948,0.6190267231732731,0.7765661105941085,0.8082063508453217,0.6190267231732731,0.0,-17.380114969933857,0.4914526258922192,38.332290115660726,0.5707808706593233,0.5137560769010846,0.9777777777777777,0.4777777777777778,2.1394550566728867,0.4222222222222222,1.6162988843488737,0.46597047843617573,2.311120976388976,1.2475039297958421,0.3746588972632411,20.95217514572687,25.927874784939164,9.886965606531641,0.038588688168795425,10.173228145735948,0.6190267231732731,0.7765661105941085,0.8082063508453217,0.6190267231732731,0.0,0.4914526258922192,0.5707808706593233,0.5137560769010846,2.1394550566728867,0.4222222222222222,1.6162988843488737,0.46597047843617573,2.311120976388976,1.2475039297958421,0.3746588972632411,20.95217514572687,25.927874784939164,9.886965606531641,0.038588688168795425,0.9777777777777777,0.4777777777777778,9.8542,18.515100906060713,8.968898458302936,Wh,8.968898458302936,Wh
214,ae0af60b6f86993c0013c223d6934af4,DatepartRegression,"{""regression_model"": {""model"": ""ElasticNet"", ""model_params"": {""l1_ratio"": 0.5, ""fit_intercept"": true, ""selection"": ""cyclic"", ""max_iter"": 1000}}, ""datepart_method"": ""expanded"", ""polynomial_degree"": null, ""holiday_countries_used"": false, ""lags"": null, ""forward_lags"": 2, ""regression_type"": null}","{""fillna"": ""ffill"", ""transformations"": {""0"": ""Scaler""}, ""transformation_params"": {""0"": {}}}",0,2,10.139726355296972,0.6782136038345117,0.8801355837148344,0.609945907390246,0.6782136038345117,0.0,-17.55633705855871,0.48577629085865587,104.52211163165339,0.6579613400942588,0.45649507775948,0.9777777777777779,0.5277777777777777,3.919604539871216,0.6888888888888889,1.4598074022000622,0.49302856333739137,2.743582621547124,1.9971923979300992,0.01407465982121925,43.48288728654734,21.540654534960733,28.239837220591873,0.07200386482908977,10.139726355296972,0.6782136038345117,0.8801355837148344,0.609945907390246,0.6782136038345117,0.0,0.48577629085865587,0.6579613400942588,0.45649507775948,3.919604539871216,0.6888888888888889,1.4598074022000622,0.49302856333739137,2.743582621547124,1.9971923979300992,0.01407465982121925,43.48288728654734,21.540654534960733,28.239837220591873,0.07200386482908977,0.9777777777777779,0.5277777777777777,0.15289999999999998,18.430235343920515,12.119236432267622,Wh,12.119236432267622,Wh
215,55fae85ac3bba1417bded508e5ed5251,DatepartRegression,"{""regression_model"": {""model"": ""ElasticNet"", ""model_params"": {""l1_ratio"": 0.5, ""fit_intercept"": true, ""selection"": ""cyclic"", ""max_iter"": 1000}}, ""datepart_method"": ""simple_binarized"", ""polynomial_degree"": null, ""holiday_countries_used"": false, ""lags"": null, ""forward_lags"": null, ""regression_type"": null}","{""fillna"": ""ffill"", ""transformations"": {""0"": null}, ""transformation_params"": {""0"": {}}}",0,2,10.130045253396908,0.677443208726537,0.8798749050592649,0.6102153677194448,0.677443208726537,0.0,-17.58891611569561,0.48531088966927693,104.35086145508103,0.6570625552039111,0.4564915642257509,0.9777777777777779,0.5166666666666666,3.9375320172403008,0.6944444444444444,1.4579125120988374,0.4918743817374649,2.7455135216085584,1.995531236119786,0.0179447298976213,43.38097266969271,21.46641696863271,28.10373444009641,0.07183211022710868,10.130045253396908,0.677443208726537,0.8798749050592649,0.6102153677194448,0.677443208726537,0.0,0.48531088966927693,0.6570625552039111,0.4564915642257509,3.9375320172403008,0.6944444444444444,1.4579125120988374,0.4918743817374649,2.7455135216085584,1.995531236119786,0.0179447298976213,43.38097266969271,21.46641696863271,28.10373444009641,0.07183211022710868,0.9777777777777779,0.5166666666666666,0.13765,18.419146391439277,12.0967168611539,Wh,12.0967168611539,Wh
216,3f395b49497bbf4dbc9b4352b851cf81,DatepartRegression,"{""regression_model"": {""model"": ""ElasticNet"", ""model_params"": {""l1_ratio"": 0.5, ""fit_intercept"": true, ""selection"": ""cyclic"", ""max_iter"": 1000}}, ""datepart_method"": ""simple_binarized"", ""polynomial_degree"": null, ""holiday_countries_used"": false, ""lags"": null, ""forward_lags"": null, ""regression_type"": null}","{""fillna"": ""rolling_mean_24"", ""transformations"": {""0"": ""Scaler""}, ""transformation_params"": {""0"": {}}}",0,2,10.130045253396908,0.677443208726537,0.8798749050592649,0.6102153677194448,0.677443208726537,0.0,-17.58891611569561,0.48531088966927693,104.35086145508103,0.6570625552039111,0.4564915642257509,0.9777777777777779,0.5166666666666666,3.9375320172403008,0.6944444444444444,1.4579125120988374,0.4918743817374649,2.7455135216085584,1.995531236119786,0.0179447298976213,43.38097266969271,21.46641696863271,28.10373444009641,0.07183211022710868,10.130045253396908,0.677443208726537,0.8798749050592649,0.6102153677194448,0.677443208726537,0.0,0.48531088966927693,0.6570625552039111,0.4564915642257509,3.9375320172403008,0.6944444444444444,1.4579125120988374,0.4918743817374649,2.7455135216085584,1.995531236119786,0.0179447298976213,43.38097266969271,21.46641696863271,28.10373444009641,0.07183211022710868,0.9777777777777779,0.5166666666666666,0.13665,18.41914611366809,12.0967168611539,Wh,12.0967168611539,Wh
217,391e4f3100f80328bd8cd05ae17cb404,RollingRegression,"{""regression_model"": {""model"": ""ExtraTrees"", ""model_params"": {""n_estimators"": 100, ""min_samples_leaf"": 1, ""max_depth"": 10}}, ""holiday"": false, ""mean_rolling_periods"": null, ""macd_periods"": null, ""std_rolling_periods"": null, ""max_rolling_periods"": 364, ""min_rolling_periods"": 7, ""ewm_var_alpha"": null, ""quantile90_rolling_periods"": null, ""quantile10_rolling_periods"": null, ""ewm_alpha"": null, ""additional_lag_periods"": 90, ""abs_energy"": false, ""rolling_autocorr_periods"": null, ""nonzero_last_n"": null, ""add_date_part"": ""simple_2"", ""polynomial_degree"": null, ""x_transform"": null, ""regression_type"": null}","{""fillna"": ""cubic"", ""transformations"": {""0"": ""Scaler"", ""1"": ""Scaler""}, ""transformation_params"": {""0"": {}, ""1"": {}}}",0,2,9.4984783734889,0.6284929673655868,0.8341223403279396,0.6710387583173989,0.6284929673655868,0.0,-55.23724247830256,0.5292612733801504,57.89149164750306,0.5327494593631794,0.4495682674971472,0.9722222222222222,0.47777777777777775,2.7762076377868654,0.7388888888888889,1.4031073997991612,0.4408497956056792,2.268812497721941,2.229565089666699,0.3084234765959795,26.210935525354103,16.612734812646764,18.566774030522886,0.04447802735355165,9.4984783734889,0.6284929673655868,0.8341223403279396,0.6710387583173989,0.6284929673655868,0.0,0.5292612733801504,0.5327494593631794,0.4495682674971472,2.7762076377868654,0.7388888888888889,1.4031073997991612,0.4408497956056792,2.268812497721941,2.229565089666699,0.3084234765959795,26.210935525354103,16.612734812646764,18.566774030522886,0.04447802735355165,0.9722222222222222,0.47777777777777775,2.84605,17.51597480154758,11.471732823464555,Wh,11.471732823464555,Wh
218,d9b0b83585407b3e8f19ed94e13cddbe,RollingRegression,"{""regression_model"": {""model"": ""ExtraTrees"", ""model_params"": {""n_estimators"": 100, ""min_samples_leaf"": 1, ""max_depth"": 10}}, ""holiday"": false, ""mean_rolling_periods"": null, ""macd_periods"": null, ""std_rolling_periods"": null, ""max_rolling_periods"": 364, ""min_rolling_periods"": 7, ""ewm_var_alpha"": null, ""quantile90_rolling_periods"": null, ""quantile10_rolling_periods"": null, ""ewm_alpha"": null, ""additional_lag_periods"": 90, ""abs_energy"": false, ""rolling_autocorr_periods"": null, ""nonzero_last_n"": null, ""add_date_part"": ""simple_2"", ""polynomial_degree"": null, ""x_transform"": null, ""regression_type"": null}","{""fillna"": ""fake_date"", ""transformations"": {""0"": ""Scaler""}, ""transformation_params"": {""0"": {}}}",0,2,9.4984783734889,0.6284929673655868,0.8341223403279396,0.6710387583173989,0.6284929673655868,0.0,-55.23724247830256,0.5292612733801504,57.89149164750306,0.5327494593631794,0.4495682674971472,0.9722222222222222,0.47777777777777775,2.7762076377868654,0.7388888888888889,1.4031073997991612,0.4408497956056792,2.268812497721941,2.229565089666699,0.3084234765959795,26.210935525354103,16.612734812646764,18.56677403052289,0.04447802735355165,9.4984783734889,0.6284929673655868,0.8341223403279396,0.6710387583173989,0.6284929673655868,0.0,0.5292612733801504,0.5327494593631794,0.4495682674971472,2.7762076377868654,0.7388888888888889,1.4031073997991612,0.4408497956056792,2.268812497721941,2.229565089666699,0.3084234765959795,26.210935525354103,16.612734812646764,18.56677403052289,0.04447802735355165,0.9722222222222222,0.47777777777777775,2.84595,17.51597477377046,11.471732823464555,Wh,11.471732823464555,Wh
219,55054e01e143836daa6860ab6abde9bf,RollingRegression,"{""regression_model"": {""model"": ""ExtraTrees"", ""model_params"": {""n_estimators"": 100, ""min_samples_leaf"": 1, ""max_depth"": 10}}, ""holiday"": false, ""mean_rolling_periods"": null, ""macd_periods"": null, ""std_rolling_periods"": 30, ""max_rolling_periods"": 2, ""min_rolling_periods"": null, ""ewm_var_alpha"": null, ""quantile90_rolling_periods"": null, ""quantile10_rolling_periods"": null, ""ewm_alpha"": 0.2, ""additional_lag_periods"": 90, ""abs_energy"": false, ""rolling_autocorr_periods"": null, ""nonzero_last_n"": null, ""add_date_part"": null, ""polynomial_degree"": null, ""x_transform"": null, ""regression_type"": null}","{""fillna"": ""zero"", ""transformations"": {""0"": ""Scaler""}, ""transformation_params"": {""0"": {}}}",0,2,9.374121212564683,0.6238590056323133,0.8405500470030709,0.66866751554933,0.6238590056323133,0.0,-18.32578909905046,0.45103583420271964,93.96883191476596,0.6028132443122225,0.45364548326960513,0.9833333333333334,0.4444444444444444,3.815783072710037,0.7333333333333334,1.418148280849746,0.4298817723502435,2.611920716587833,2.901642777526828,0.23414882026180342,37.821521407857745,15.169700335979432,19.936029977486857,0.06262334996493801,9.374121212564683,0.6238590056323133,0.8405500470030709,0.66866751554933,0.6238590056323133,0.0,0.45103583420271964,0.6028132443122225,0.45364548326960513,3.815783072710037,0.7333333333333334,1.418148280849746,0.4298817723502435,2.611920716587833,2.901642777526828,0.23414882026180342,37.821521407857745,15.169700335979432,19.936029977486857,0.06262334996493801,0.9833333333333334,0.4444444444444444,2.7996,17.472437063533647,11.418478204238639,Wh,11.418478204238639,Wh
220,fda6f2211baea2cc674372d11442d16e,DatepartRegression,"{""regression_model"": {""model"": ""RandomForest"", ""model_params"": {""n_estimators"": 100, ""min_samples_leaf"": 2, ""bootstrap"": true}}, ""datepart_method"": ""expanded"", ""polynomial_degree"": null, ""holiday_countries_used"": false, ""lags"": null, ""forward_lags"": null, ""regression_type"": null}","{""fillna"": ""ffill"", ""transformations"": {}, ""transformation_params"": {}}",0,2,9.392036014541645,0.6193504485596126,0.8288795642357308,0.6384580092302725,0.6193504485596126,0.0,-45.25171084701647,0.5069649951372213,66.23136989371383,0.5426554142870043,0.4530982136271573,0.9777777777777779,0.5055555555555555,3.061325228543512,0.6722222222222223,1.4478550818715261,0.4253372683933955,2.237970692265716,2.4173074318080303,0.22574820380830973,27.968937356919874,19.013152690847114,22.261542742245112,0.048845405112452965,9.392036014541645,0.6193504485596126,0.8288795642357308,0.6384580092302725,0.6193504485596126,0.0,0.5069649951372213,0.5426554142870043,0.4530982136271573,3.061325228543512,0.6722222222222223,1.4478550818715261,0.4253372683933955,2.237970692265716,2.4173074318080303,0.22574820380830973,27.968937356919874,19.013152690847114,22.261542742245112,0.048845405112452965,0.9777777777777779,0.5055555555555555,0.2811,17.427309477221492,10.813784921784832,Wh,10.813784921784832,Wh
221,641b66d3baabdf12c7bffd5735c323d0,DatepartRegression,"{""regression_model"": {""model"": ""RandomForest"", ""model_params"": {""n_estimators"": 100, ""min_samples_leaf"": 2, ""bootstrap"": true}}, ""datepart_method"": ""expanded"", ""polynomial_degree"": null, ""holiday_countries_used"": false, ""lags"": null, ""forward_lags"": null, ""regression_type"": null}","{""fillna"": ""ffill"", ""transformations"": {""0"": null}, ""transformation_params"": {""0"": {}}}",0,2,9.392036014541645,0.6193504485596127,0.828879564235731,0.6384580092302724,0.6193504485596127,0.0,-45.25171084701646,0.5069649951372214,66.23136989371383,0.5426554142870043,0.4530982136271574,0.9777777777777779,0.5055555555555555,3.0613252285435113,0.6722222222222223,1.4478550818715261,0.4253372683933955,2.2379706922657165,2.417307431808028,0.22574820380830973,27.968937356919888,19.013152690847086,22.261542742245112,0.04884540511245299,9.392036014541645,0.6193504485596127,0.828879564235731,0.6384580092302724,0.6193504485596127,0.0,0.5069649951372214,0.5426554142870043,0.4530982136271574,3.0613252285435113,0.6722222222222223,1.4478550818715261,0.4253372683933955,2.2379706922657165,2.417307431808028,0.22574820380830973,27.968937356919888,19.013152690847086,22.261542742245112,0.04884540511245299,0.9777777777777779,0.5055555555555555,0.2673,17.427305643979114,10.813784921784832,Wh,10.813784921784832,Wh
222,9c39be815254110eb6330136f4c3ba12,DatepartRegression,"{""regression_model"": {""model"": ""RandomForest"", ""model_params"": {""n_estimators"": 100, ""min_samples_leaf"": 2, ""bootstrap"": true}}, ""datepart_method"": ""expanded"", ""polynomial_degree"": null, ""holiday_countries_used"": false, ""lags"": null, ""forward_lags"": null, ""regression_type"": null}","{""fillna"": ""rolling_mean_24"", ""transformations"": {""0"": null}, ""transformation_params"": {""0"": {}}}",0,2,9.392036014541645,0.6193504485596129,0.828879564235731,0.6384580092302723,0.6193504485596129,0.0,-45.25171084701645,0.5069649951372214,66.23136989371385,0.5426554142870043,0.4530982136271573,0.9777777777777779,0.5055555555555555,3.0613252285435113,0.6722222222222223,1.4478550818715261,0.42533726839339553,2.2379706922657165,2.417307431808028,0.22574820380830973,27.968937356919913,19.013152690847136,22.26154274224512,0.048845405112453034,9.392036014541645,0.6193504485596129,0.828879564235731,0.6384580092302723,0.6193504485596129,0.0,0.5069649951372214,0.5426554142870043,0.4530982136271573,3.0613252285435113,0.6722222222222223,1.4478550818715261,0.42533726839339553,2.2379706922657165,2.417307431808028,0.22574820380830973,27.968937356919913,19.013152690847136,22.26154274224512,0.048845405112453034,0.9777777777777779,0.5055555555555555,0.2615,17.42730403290623,10.813784921784832,Wh,10.813784921784832,Wh
223,f06fbd1aee6bada03029191d1817a5d4,DatepartRegression,"{""regression_model"": {""model"": ""RandomForest"", ""model_params"": {""n_estimators"": 100, ""min_samples_leaf"": 2, ""bootstrap"": true}}, ""datepart_method"": ""expanded"", ""polynomial_degree"": null, ""holiday_countries_used"": false, ""lags"": null, ""forward_lags"": null, ""regression_type"": null}","{""fillna"": ""ffill"", ""transformations"": {""0"": ""Scaler""}, ""transformation_params"": {""0"": {}}}",0,2,9.392036014541649,0.6193504485596129,0.8288795642357312,0.6384580092302723,0.6193504485596129,0.0,-45.25171084701645,0.5069649951372215,66.2313698937139,0.5426554142870045,0.4530982136271574,0.9777777777777779,0.5055555555555555,3.0613252285435104,0.6722222222222223,1.4478550818715261,0.42533726839339575,2.2379706922657174,2.4173074318080285,0.22574820380830973,27.968937356919938,19.013152690847136,22.261542742245112,0.048845405112453076,9.392036014541649,0.6193504485596129,0.8288795642357312,0.6384580092302723,0.6193504485596129,0.0,0.5069649951372215,0.5426554142870045,0.4530982136271574,3.0613252285435104,0.6722222222222223,1.4478550818715261,0.42533726839339575,2.2379706922657174,2.4173074318080285,0.22574820380830973,27.968937356919938,19.013152690847136,22.261542742245112,0.048845405112453076,0.9777777777777779,0.5055555555555555,0.26134999999999997,17.427303991240557,10.813784921784828,Wh,10.813784921784828,Wh
224,8749368320c831d7f203af1276ffa7a5,DatepartRegression,"{""regression_model"": {""model"": ""RandomForest"", ""model_params"": {""n_estimators"": 100, ""min_samples_leaf"": 2, ""bootstrap"": true}}, ""datepart_method"": ""expanded"", ""polynomial_degree"": null, ""holiday_countries_used"": false, ""lags"": null, ""forward_lags"": null, ""regression_type"": null}","{""fillna"": ""ffill"", ""transformations"": {""0"": ""Scaler"", ""1"": ""Scaler""}, ""transformation_params"": {""0"": {}, ""1"": {}}}",0,2,9.392036014541645,0.6193504485596127,0.828879564235731,0.6384580092302724,0.6193504485596127,0.0,-45.25171084701647,0.5069649951372213,66.23136989371383,0.5426554142870043,0.4530982136271573,0.9777777777777779,0.5055555555555555,3.0613252285435113,0.6722222222222223,1.4478550818715261,0.4253372683933956,2.2379706922657165,2.4173074318080303,0.22574820380830973,27.96893735691989,19.013152690847114,22.261542742245112,0.04884540511245299,9.392036014541645,0.6193504485596127,0.828879564235731,0.6384580092302724,0.6193504485596127,0.0,0.5069649951372213,0.5426554142870043,0.4530982136271573,3.0613252285435113,0.6722222222222223,1.4478550818715261,0.4253372683933956,2.2379706922657165,2.4173074318080303,0.22574820380830973,27.96893735691989,19.013152690847114,22.261542742245112,0.04884540511245299,0.9777777777777779,0.5055555555555555,0.26105,17.4273039079092,10.813784921784832,Wh,10.813784921784832,Wh
225,818e2bf61c191bb85d4ec11e6599d616,DatepartRegression,"{""regression_model"": {""model"": ""RandomForest"", ""model_params"": {""n_estimators"": 100, ""min_samples_leaf"": 2, ""bootstrap"": true}}, ""datepart_method"": ""expanded"", ""polynomial_degree"": null, ""holiday_countries_used"": false, ""lags"": null, ""forward_lags"": null, ""regression_type"": null}","{""fillna"": ""quadratic"", ""transformations"": {""0"": ""Scaler""}, ""transformation_params"": {""0"": {}}}",0,2,9.392036014541647,0.6193504485596127,0.8288795642357312,0.6384580092302723,0.6193504485596127,0.0,-45.25171084701643,0.5069649951372213,66.23136989371389,0.5426554142870044,0.4530982136271574,0.9777777777777779,0.5055555555555555,3.0613252285435113,0.6722222222222223,1.4478550818715261,0.42533726839339564,2.2379706922657165,2.4173074318080285,0.22574820380830973,27.968937356919923,19.013152690847136,22.261542742245116,0.04884540511245306,9.392036014541647,0.6193504485596127,0.8288795642357312,0.6384580092302723,0.6193504485596127,0.0,0.5069649951372213,0.5426554142870044,0.4530982136271574,3.0613252285435113,0.6722222222222223,1.4478550818715261,0.42533726839339564,2.2379706922657165,2.4173074318080285,0.22574820380830973,27.968937356919923,19.013152690847136,22.261542742245116,0.04884540511245306,0.9777777777777779,0.5055555555555555,0.25944999999999996,17.427303463475305,10.813784921784826,Wh,10.813784921784826,Wh
226,a146e46bb4b1748ed55eeb4562bf2baa,RollingRegression,"{""regression_model"": {""model"": ""ExtraTrees"", ""model_params"": {""n_estimators"": 100, ""min_samples_leaf"": 1, ""max_depth"": 10}}, ""holiday"": false, ""mean_rolling_periods"": null, ""macd_periods"": null, ""std_rolling_periods"": null, ""max_rolling_periods"": 28, ""min_rolling_periods"": null, ""ewm_var_alpha"": null, ""quantile90_rolling_periods"": null, ""quantile10_rolling_periods"": null, ""ewm_alpha"": 0.5, ""additional_lag_periods"": 90, ""abs_energy"": false, ""rolling_autocorr_periods"": null, ""nonzero_last_n"": null, ""add_date_part"": null, ""polynomial_degree"": null, ""x_transform"": null, ""regression_type"": null}","{""fillna"": ""zero"", ""transformations"": {""0"": null}, ""transformation_params"": {""0"": {}}}",0,1,8.92191092595696,0.535637833781154,0.7132053142160877,1.0295653676188574,0.535637833781154,0.0,-11.56640472209454,0.4127566498470485,36.64100031820933,0.5129717295747744,0.5202104331769734,0.9555555555555556,0.4777777777777778,2.261615983247757,0.5333333333333333,1.535074935590726,0.37052085979204424,2.2641090417048955,0.7052317318663691,0.6942523442365351,25.074595596114793,14.320207115747712,2.84467058750992,0.04618115988852178,8.92191092595696,0.535637833781154,0.7132053142160877,1.0295653676188574,0.535637833781154,0.0,0.4127566498470485,0.5129717295747744,0.5202104331769734,2.261615983247757,0.5333333333333333,1.535074935590726,0.37052085979204424,2.2641090417048955,0.7052317318663691,0.6942523442365351,25.074595596114793,14.320207115747712,2.84467058750992,0.04618115988852178,0.9555555555555556,0.4777777777777778,2.7568,17.10486662781682,7.760701051776396,Wh,7.760701051776396,Wh
227,c7dbec7e2023a673b5aef28df0037bda,RollingRegression,"{""regression_model"": {""model"": ""ExtraTrees"", ""model_params"": {""n_estimators"": 100, ""min_samples_leaf"": 1, ""max_depth"": 10}}, ""holiday"": false, ""mean_rolling_periods"": null, ""macd_periods"": null, ""std_rolling_periods"": null, ""max_rolling_periods"": 24, ""min_rolling_periods"": null, ""ewm_var_alpha"": null, ""quantile90_rolling_periods"": null, ""quantile10_rolling_periods"": null, ""ewm_alpha"": 0.2, ""additional_lag_periods"": 90, ""abs_energy"": false, ""rolling_autocorr_periods"": null, ""nonzero_last_n"": null, ""add_date_part"": null, ""polynomial_degree"": null, ""x_transform"": null, ""regression_type"": null}","{""fillna"": ""ffill"", ""transformations"": {""0"": ""Scaler""}, ""transformation_params"": {""0"": {}}}",0,1,8.538095136921743,0.5121867840263579,0.6931421763671881,0.7379502342776236,0.5121867840263579,0.0,-5.072332811474799,0.3808546941919237,41.02447775089742,0.504747155609235,0.5129583071450289,0.9777777777777777,0.5333333333333333,2.1003313211599997,0.5333333333333333,1.5053998289387942,0.3402002059723202,2.2066474115130075,0.671339545348841,0.3505768227114542,35.95214493942261,21.430275019440757,14.519943166222523,0.06621489656407634,8.538095136921743,0.5121867840263579,0.6931421763671881,0.7379502342776236,0.5121867840263579,0.0,0.3808546941919237,0.504747155609235,0.5129583071450289,2.1003313211599997,0.5333333333333333,1.5053998289387942,0.3402002059723202,2.2066474115130075,0.671339545348841,0.3505768227114542,35.95214493942261,21.430275019440757,14.519943166222523,0.06621489656407634,0.9777777777777777,0.5333333333333333,2.7338,16.581680830250512,7.420925600866658,Wh,7.420925600866658,Wh
228,b6218509c7c2727ed4f14c19d7458926,RollingRegression,"{""regression_model"": {""model"": ""ExtraTrees"", ""model_params"": {""n_estimators"": 100, ""min_samples_leaf"": 1, ""max_depth"": 10}}, ""holiday"": false, ""mean_rolling_periods"": null, ""macd_periods"": null, ""std_rolling_periods"": null, ""max_rolling_periods"": 28, ""min_rolling_periods"": 7, ""ewm_var_alpha"": null, ""quantile90_rolling_periods"": null, ""quantile10_rolling_periods"": null, ""ewm_alpha"": 0.5, ""additional_lag_periods"": 90, ""abs_energy"": false, ""rolling_autocorr_periods"": null, ""nonzero_last_n"": null, ""add_date_part"": ""simple_binarized"", ""polynomial_degree"": null, ""x_transform"": null, ""regression_type"": null}","{""fillna"": ""ffill_mean_biased"", ""transformations"": {""0"": ""Scaler""}, ""transformation_params"": {""0"": {}}}",0,1,8.19995459852285,0.4910319701224044,0.699881197392437,0.7358885575168128,0.4910319701224044,0.0,-5.763648180711815,0.36417993509830837,38.429229130304584,0.4812562216045501,0.5208058476089901,0.9666666666666667,0.4444444444444444,2.399820990502576,0.5555555555555556,1.5138333132736457,0.31167874184896266,2.133645135750133,0.7181660147361723,0.3242505066419192,32.665580949592766,17.48133407716038,13.567155507328353,0.060161864262262964,8.19995459852285,0.4910319701224044,0.699881197392437,0.7358885575168128,0.4910319701224044,0.0,0.36417993509830837,0.4812562216045501,0.5208058476089901,2.399820990502576,0.5555555555555556,1.5138333132736457,0.31167874184896266,2.133645135750133,0.7181660147361723,0.3242505066419192,32.665580949592766,17.48133407716038,13.567155507328353,0.060161864262262964,0.9666666666666667,0.4444444444444444,3.2033,16.35104738485434,7.114419644490128,Wh,7.114419644490128,Wh
229,6a8d51e124569995d53aad8236074ce0,RollingRegression,"{""regression_model"": {""model"": ""ExtraTrees"", ""model_params"": {""n_estimators"": 100, ""min_samples_leaf"": 1, ""max_depth"": 10}}, ""holiday"": false, ""mean_rolling_periods"": null, ""macd_periods"": null, ""std_rolling_periods"": null, ""max_rolling_periods"": 28, ""min_rolling_periods"": null, ""ewm_var_alpha"": null, ""quantile90_rolling_periods"": null, ""quantile10_rolling_periods"": null, ""ewm_alpha"": null, ""additional_lag_periods"": 90, ""abs_energy"": false, ""rolling_autocorr_periods"": null, ""nonzero_last_n"": null, ""add_date_part"": ""simple_binarized"", ""polynomial_degree"": null, ""x_transform"": null, ""regression_type"": null}","{""fillna"": ""ffill"", ""transformations"": {""0"": null}, ""transformation_params"": {""0"": {}}}",0,1,8.00575481249602,0.4772673020902172,0.6778364790707097,0.7439302441894913,0.4772673020902172,0.0,-6.704504622589979,0.35937582077853963,36.24955256552958,0.46508695240256454,0.5165655864840425,0.9666666666666667,0.4888888888888889,2.2779793184598294,0.5222222222222223,1.5063653715607175,0.30333604984535556,2.036757573222005,0.634557825352525,0.34449212680785973,29.545047942939604,15.724266257265926,13.246845981396431,0.05441461967898487,8.00575481249602,0.4772673020902172,0.6778364790707097,0.7439302441894913,0.4772673020902172,0.0,0.35937582077853963,0.46508695240256454,0.5165655864840425,2.2779793184598294,0.5222222222222223,1.5063653715607175,0.30333604984535556,2.036757573222005,0.634557825352525,0.34449212680785973,29.545047942939604,15.724266257265926,13.246845981396431,0.05441461967898487,0.9666666666666667,0.4888888888888889,3.1296,16.025004602280642,6.914987365928578,Wh,6.914987365928578,Wh
230,b9c5c65d4b2c978ca967bfcf69fdf99c,RollingRegression,"{""regression_model"": {""model"": ""ElasticNet"", ""model_params"": {""l1_ratio"": 0.1, ""fit_intercept"": true, ""selection"": ""cyclic"", ""max_iter"": 1000}}, ""holiday"": false, ""mean_rolling_periods"": null, ""macd_periods"": null, ""std_rolling_periods"": 7, ""max_rolling_periods"": null, ""min_rolling_periods"": 4, ""ewm_var_alpha"": null, ""quantile90_rolling_periods"": null, ""quantile10_rolling_periods"": null, ""ewm_alpha"": 0.1, ""additional_lag_periods"": 90, ""abs_energy"": false, ""rolling_autocorr_periods"": null, ""nonzero_last_n"": null, ""add_date_part"": ""simple_binarized"", ""polynomial_degree"": null, ""x_transform"": null, ""regression_type"": null}","{""fillna"": ""cubic"", ""transformations"": {""0"": ""Scaler""}, ""transformation_params"": {""0"": {}}}",0,1,8.09429487823313,0.47989373064980706,0.6052296338226371,0.636635838858257,0.47989373064980706,0.0,-15.442210636181699,0.3981194315758701,27.748225122300937,0.4465181617694434,0.5102421300079613,0.9888888888888889,0.5111111111111111,2.039145051727246,0.4888888888888889,1.4831053588151046,0.35502037242258666,1.9787275747633155,0.5665523232281905,0.01028837563434467,12.306014486119238,15.569346260162634,26.243315371059243,0.022664613688206183,8.09429487823313,0.47989373064980706,0.6052296338226371,0.636635838858257,0.47989373064980706,0.0,0.3981194315758701,0.4465181617694434,0.5102421300079613,2.039145051727246,0.4888888888888889,1.4831053588151046,0.35502037242258666,1.9787275747633155,0.5665523232281905,0.01028837563434467,12.306014486119238,15.569346260162634,26.243315371059243,0.022664613688206183,0.9888888888888889,0.5111111111111111,0.8689,15.770816756852357,6.953040926747719,Wh,6.953040926747719,Wh
231,ba3135102067f551edf5cac52f79d2d1,RollingRegression,"{""regression_model"": {""model"": ""ExtraTrees"", ""model_params"": {""n_estimators"": 100, ""min_samples_leaf"": 1, ""max_depth"": 10}}, ""holiday"": false, ""mean_rolling_periods"": null, ""macd_periods"": null, ""std_rolling_periods"": null, ""max_rolling_periods"": 28, ""min_rolling_periods"": 7, ""ewm_var_alpha"": null, ""quantile90_rolling_periods"": null, ""quantile10_rolling_periods"": null, ""ewm_alpha"": null, ""additional_lag_periods"": 90, ""abs_energy"": false, ""rolling_autocorr_periods"": null, ""nonzero_last_n"": null, ""add_date_part"": null, ""polynomial_degree"": null, ""x_transform"": null, ""regression_type"": null}","{""fillna"": ""cubic"", ""transformations"": {""0"": ""Scaler""}, ""transformation_params"": {""0"": {}}}",0,1,8.150309486015944,0.48083068771345866,0.6018267950337854,0.7786678783102037,0.48083068771345866,0.0,-19.577152793592877,0.4109523561425492,23.697609100618408,0.43615591465350645,0.5087790238012228,0.9888888888888889,0.4444444444444444,1.918694560686748,0.6333333333333333,1.431057710854956,0.3586215157297765,1.9666341024851888,0.49991502718392244,0.37118584093248136,4.1204563070255285,2.755251090771294,11.791352681013535,0.007588854256851831,8.150309486015944,0.48083068771345866,0.6018267950337854,0.7786678783102037,0.48083068771345866,0.0,0.4109523561425492,0.43615591465350645,0.5087790238012228,1.918694560686748,0.6333333333333333,1.431057710854956,0.3586215157297765,1.9666341024851888,0.49991502718392244,0.37118584093248136,4.1204563070255285,2.755251090771294,11.791352681013535,0.007588854256851831,0.9888888888888889,0.4444444444444444,2.7895,15.753636643321714,6.966616225598475,Wh,6.966616225598475,Wh
232,31897d877a329c4e2682176b0e6454c9,RollingRegression,"{""regression_model"": {""model"": ""ExtraTrees"", ""model_params"": {""n_estimators"": 100, ""min_samples_leaf"": 1, ""max_depth"": 10}}, ""holiday"": false, ""mean_rolling_periods"": null, ""macd_periods"": null, ""std_rolling_periods"": null, ""max_rolling_periods"": 28, ""min_rolling_periods"": 7, ""ewm_var_alpha"": null, ""quantile90_rolling_periods"": null, ""quantile10_rolling_periods"": null, ""ewm_alpha"": null, ""additional_lag_periods"": 90, ""abs_energy"": false, ""rolling_autocorr_periods"": null, ""nonzero_last_n"": null, ""add_date_part"": null, ""polynomial_degree"": null, ""x_transform"": null, ""regression_type"": null}","{""fillna"": ""rolling_mean"", ""transformations"": {""0"": ""Scaler""}, ""transformation_params"": {""0"": {}}}",0,1,8.150309486015944,0.48083068771345877,0.6018267950337854,0.7786678783102037,0.48083068771345877,0.0,-19.57715279359288,0.41095235614254927,23.697609100618408,0.43615591465350645,0.5087790238012228,0.9888888888888889,0.4444444444444444,1.9186945606867472,0.6333333333333333,1.431057710854956,0.3586215157297765,1.9666341024851894,0.49991502718392244,0.37118584093248136,4.120456307025528,2.755251090771294,11.791352681013528,0.0075888542568518305,8.150309486015944,0.48083068771345877,0.6018267950337854,0.7786678783102037,0.48083068771345877,0.0,0.41095235614254927,0.43615591465350645,0.5087790238012228,1.9186945606867472,0.6333333333333333,1.431057710854956,0.3586215157297765,1.9666341024851894,0.49991502718392244,0.37118584093248136,4.120456307025528,2.755251090771294,11.791352681013528,0.0075888542568518305,0.9888888888888889,0.4444444444444444,2.7633,15.753629365716623,6.966616225598477,Wh,6.966616225598477,Wh
233,6af07df635dad1ebca822944110db5df,RollingRegression,"{""regression_model"": {""model"": ""ExtraTrees"", ""model_params"": {""n_estimators"": 100, ""min_samples_leaf"": 1, ""max_depth"": 10}}, ""holiday"": false, ""mean_rolling_periods"": null, ""macd_periods"": null, ""std_rolling_periods"": null, ""max_rolling_periods"": 28, ""min_rolling_periods"": 7, ""ewm_var_alpha"": null, ""quantile90_rolling_periods"": null, ""quantile10_rolling_periods"": null, ""ewm_alpha"": null, ""additional_lag_periods"": 90, ""abs_energy"": false, ""rolling_autocorr_periods"": null, ""nonzero_last_n"": null, ""add_date_part"": null, ""polynomial_degree"": null, ""x_transform"": null, ""regression_type"": null}","{""fillna"": ""ffill"", ""transformations"": {""0"": ""Scaler"", ""1"": ""Scaler""}, ""transformation_params"": {""0"": {}, ""1"": {}}}",0,1,8.150309486015942,0.48083068771345877,0.6018267950337854,0.7786678783102037,0.48083068771345877,0.0,-19.57715279359288,0.41095235614254927,23.697609100618408,0.43615591465350645,0.5087790238012228,0.9888888888888889,0.4444444444444444,1.918694560686748,0.6333333333333333,1.4310577108549563,0.3586215157297765,1.9666341024851888,0.49991502718392244,0.37118584093248136,4.120456307025527,2.755251090771294,11.791352681013535,0.007588854256851829,8.150309486015942,0.48083068771345877,0.6018267950337854,0.7786678783102037,0.48083068771345877,0.0,0.41095235614254927,0.43615591465350645,0.5087790238012228,1.918694560686748,0.6333333333333333,1.4310577108549563,0.3586215157297765,1.9666341024851888,0.49991502718392244,0.37118584093248136,4.120456307025527,2.755251090771294,11.791352681013535,0.007588854256851829,0.9888888888888889,0.4444444444444444,2.7565,15.753627476872552,6.966616225598477,Wh,6.966616225598477,Wh
234,a91cccf266e26b88609550a78656bcf2,RollingRegression,"{""regression_model"": {""model"": ""ExtraTrees"", ""model_params"": {""n_estimators"": 100, ""min_samples_leaf"": 1, ""max_depth"": 10}}, ""holiday"": false, ""mean_rolling_periods"": null, ""macd_periods"": null, ""std_rolling_periods"": null, ""max_rolling_periods"": 28, ""min_rolling_periods"": 7, ""ewm_var_alpha"": null, ""quantile90_rolling_periods"": null, ""quantile10_rolling_periods"": null, ""ewm_alpha"": null, ""additional_lag_periods"": 90, ""abs_energy"": false, ""rolling_autocorr_periods"": null, ""nonzero_last_n"": null, ""add_date_part"": null, ""polynomial_degree"": null, ""x_transform"": null, ""regression_type"": null}","{""fillna"": ""ffill"", ""transformations"": {""0"": ""Scaler""}, ""transformation_params"": {""0"": {}}}",0,1,8.150309486015944,0.48083068771345877,0.6018267950337854,0.7786678783102037,0.48083068771345877,0.0,-19.57715279359288,0.4109523561425492,23.697609100618404,0.43615591465350645,0.5087790238012228,0.9888888888888889,0.4444444444444444,1.9186945606867472,0.6333333333333333,1.431057710854956,0.3586215157297765,1.9666341024851894,0.49991502718392244,0.37118584093248136,4.120456307025524,2.755251090771294,11.791352681013528,0.007588854256851824,8.150309486015944,0.48083068771345877,0.6018267950337854,0.7786678783102037,0.48083068771345877,0.0,0.4109523561425492,0.43615591465350645,0.5087790238012228,1.9186945606867472,0.6333333333333333,1.431057710854956,0.3586215157297765,1.9666341024851894,0.49991502718392244,0.37118584093248136,4.120456307025524,2.755251090771294,11.791352681013528,0.007588854256851824,0.9888888888888889,0.4444444444444444,2.7528,15.753626449119162,6.966616225598477,Wh,6.966616225598477,Wh
235,e1d7f4d45771bbfcd68cf1739f12fe3d,RollingRegression,"{""regression_model"": {""model"": ""ExtraTrees"", ""model_params"": {""n_estimators"": 100, ""min_samples_leaf"": 1, ""max_depth"": 10}}, ""holiday"": false, ""mean_rolling_periods"": null, ""macd_periods"": null, ""std_rolling_periods"": null, ""max_rolling_periods"": 28, ""min_rolling_periods"": 7, ""ewm_var_alpha"": null, ""quantile90_rolling_periods"": null, ""quantile10_rolling_periods"": null, ""ewm_alpha"": null, ""additional_lag_periods"": 90, ""abs_energy"": false, ""rolling_autocorr_periods"": null, ""nonzero_last_n"": null, ""add_date_part"": null, ""polynomial_degree"": null, ""x_transform"": null, ""regression_type"": null}","{""fillna"": ""rolling_mean"", ""transformations"": {""0"": ""Scaler"", ""1"": ""Scaler"", ""2"": ""Scaler""}, ""transformation_params"": {""0"": {}, ""1"": {}, ""2"": {}}}",0,1,8.150309486015944,0.48083068771345877,0.6018267950337854,0.7786678783102035,0.48083068771345877,0.0,-19.57715279359288,0.4109523561425492,23.697609100618408,0.43615591465350645,0.5087790238012228,0.9888888888888889,0.4444444444444444,1.918694560686748,0.6333333333333333,1.4310577108549563,0.3586215157297765,1.9666341024851888,0.49991502718392244,0.37118584093248136,4.120456307025529,2.755251090771294,11.791352681013528,0.007588854256851833,8.150309486015944,0.48083068771345877,0.6018267950337854,0.7786678783102035,0.48083068771345877,0.0,0.4109523561425492,0.43615591465350645,0.5087790238012228,1.918694560686748,0.6333333333333333,1.4310577108549563,0.3586215157297765,1.9666341024851888,0.49991502718392244,0.37118584093248136,4.120456307025529,2.755251090771294,11.791352681013528,0.007588854256851833,0.9888888888888889,0.4444444444444444,2.7528,15.753626449119162,6.966616225598477,Wh,6.966616225598477,Wh
236,ecbcb035fd17d3ae2e73047994d2e8d8,RollingRegression,"{""regression_model"": {""model"": ""ExtraTrees"", ""model_params"": {""n_estimators"": 100, ""min_samples_leaf"": 1, ""max_depth"": 10}}, ""holiday"": false, ""mean_rolling_periods"": null, ""macd_periods"": null, ""std_rolling_periods"": null, ""max_rolling_periods"": 28, ""min_rolling_periods"": 7, ""ewm_var_alpha"": null, ""quantile90_rolling_periods"": null, ""quantile10_rolling_periods"": null, ""ewm_alpha"": null, ""additional_lag_periods"": 90, ""abs_energy"": false, ""rolling_autocorr_periods"": null, ""nonzero_last_n"": null, ""add_date_part"": null, ""polynomial_degree"": null, ""x_transform"": null, ""regression_type"": null}","{""fillna"": ""ffill_mean_biased"", ""transformations"": {""0"": ""Scaler""}, ""transformation_params"": {""0"": {}}}",0,1,8.150309486015944,0.48083068771345877,0.6018267950337856,0.7786678783102037,0.48083068771345877,0.0,-19.577152793592877,0.4109523561425492,23.697609100618408,0.43615591465350656,0.5087790238012228,0.9888888888888889,0.4444444444444444,1.918694560686748,0.6333333333333333,1.431057710854956,0.3586215157297765,1.9666341024851888,0.4999150271839225,0.37118584093248136,4.120456307025528,2.755251090771294,11.791352681013535,0.0075888542568518305,8.150309486015944,0.48083068771345877,0.6018267950337856,0.7786678783102037,0.48083068771345877,0.0,0.4109523561425492,0.43615591465350656,0.5087790238012228,1.918694560686748,0.6333333333333333,1.431057710854956,0.3586215157297765,1.9666341024851888,0.4999150271839225,0.37118584093248136,4.120456307025528,2.755251090771294,11.791352681013535,0.0075888542568518305,0.9888888888888889,0.4444444444444444,2.7507,15.75362586579967,6.966616225598477,Wh,6.966616225598477,Wh
237,bd6d1e8f71d7b0a0ce85e92d5ac5de39,RollingRegression,"{""regression_model"": {""model"": ""ExtraTrees"", ""model_params"": {""n_estimators"": 100, ""min_samples_leaf"": 1, ""max_depth"": 10}}, ""holiday"": false, ""mean_rolling_periods"": null, ""macd_periods"": null, ""std_rolling_periods"": null, ""max_rolling_periods"": 28, ""min_rolling_periods"": 7, ""ewm_var_alpha"": null, ""quantile90_rolling_periods"": null, ""quantile10_rolling_periods"": null, ""ewm_alpha"": null, ""additional_lag_periods"": 90, ""abs_energy"": false, ""rolling_autocorr_periods"": null, ""nonzero_last_n"": null, ""add_date_part"": null, ""polynomial_degree"": null, ""x_transform"": null, ""regression_type"": null}","{""fillna"": ""rolling_mean"", ""transformations"": {""0"": ""Scaler"", ""1"": ""Scaler"", ""2"": ""Scaler"", ""3"": ""Scaler""}, ""transformation_params"": {""0"": {}, ""1"": {}, ""2"": {}, ""3"": {}}}",0,1,8.150309486015944,0.48083068771345877,0.6018267950337854,0.7786678783102037,0.48083068771345877,0.0,-19.577152793592877,0.41095235614254927,23.697609100618408,0.43615591465350645,0.5087790238012228,0.9888888888888889,0.4444444444444444,1.918694560686748,0.6333333333333333,1.431057710854956,0.3586215157297765,1.9666341024851888,0.49991502718392244,0.37118584093248136,4.1204563070255285,2.755251090771294,11.791352681013535,0.007588854256851831,8.150309486015944,0.48083068771345877,0.6018267950337854,0.7786678783102037,0.48083068771345877,0.0,0.41095235614254927,0.43615591465350645,0.5087790238012228,1.918694560686748,0.6333333333333333,1.431057710854956,0.3586215157297765,1.9666341024851888,0.49991502718392244,0.37118584093248136,4.1204563070255285,2.755251090771294,11.791352681013535,0.007588854256851831,0.9888888888888889,0.4444444444444444,2.747,15.75362483804628,6.966616225598477,Wh,6.966616225598477,Wh
238,4f6fff699ca664084c13cda5482f12b6,RollingRegression,"{""regression_model"": {""model"": ""ExtraTrees"", ""model_params"": {""n_estimators"": 100, ""min_samples_leaf"": 1, ""max_depth"": 10}}, ""holiday"": false, ""mean_rolling_periods"": null, ""macd_periods"": null, ""std_rolling_periods"": null, ""max_rolling_periods"": 28, ""min_rolling_periods"": 7, ""ewm_var_alpha"": null, ""quantile90_rolling_periods"": null, ""quantile10_rolling_periods"": null, ""ewm_alpha"": null, ""additional_lag_periods"": 90, ""abs_energy"": false, ""rolling_autocorr_periods"": null, ""nonzero_last_n"": null, ""add_date_part"": null, ""polynomial_degree"": null, ""x_transform"": null, ""regression_type"": null}","{""fillna"": ""rolling_mean"", ""transformations"": {""0"": ""Scaler"", ""1"": ""Scaler""}, ""transformation_params"": {""0"": {}, ""1"": {}}}",0,1,8.150309486015944,0.48083068771345877,0.6018267950337856,0.7786678783102037,0.48083068771345877,0.0,-19.57715279359288,0.41095235614254927,23.697609100618408,0.43615591465350656,0.5087790238012228,0.9888888888888889,0.4444444444444444,1.918694560686748,0.6333333333333333,1.4310577108549563,0.3586215157297765,1.9666341024851894,0.4999150271839225,0.37118584093248136,4.120456307025526,2.755251090771294,11.791352681013528,0.007588854256851827,8.150309486015944,0.48083068771345877,0.6018267950337856,0.7786678783102037,0.48083068771345877,0.0,0.41095235614254927,0.43615591465350656,0.5087790238012228,1.918694560686748,0.6333333333333333,1.4310577108549563,0.3586215157297765,1.9666341024851894,0.4999150271839225,0.37118584093248136,4.120456307025526,2.755251090771294,11.791352681013528,0.007588854256851827,0.9888888888888889,0.4444444444444444,2.7394,15.753622726985261,6.966616225598477,Wh,6.966616225598477,Wh
