rank,ID,Model,ModelParameters,TransformationParameters,Ensemble,Runs,smape,mae,rmse,made,mage,custom,underestimate,mle,overestimate,imle,spl,containment,contour,maxe,oda,dwae,mqae,ewmae,uwmse,smoothness,mate,wasserstein,dwd,matse,smape_weighted,mae_weighted,rmse_weighted,made_weighted,mage_weighted,custom_weighted,mle_weighted,imle_weighted,spl_weighted,maxe_weighted,oda_weighted,dwae_weighted,mqae_weighted,ewmae_weighted,uwmse_weighted,smoothness_weighted,mate_weighted,wasserstein_weighted,dwd_weighted,matse_weighted,containment_weighted,contour_weighted,TotalRuntimeSeconds,Score,lowest_series_mape,lowest_series_mape_name,highest_series_mape,highest_series_mape_name
0,3466ab05f049ff8e9da8f20bd548d433,RollingRegression,"{""regression_model"": {""model"": ""BayesianRidge"", ""model_params"": {}}, ""holiday"": false, ""mean_rolling_periods"": 12, ""macd_periods"": null, ""std_rolling_periods"": null, ""max_rolling_periods"": 12, ""min_rolling_periods"": null, ""ewm_var_alpha"": null, ""quantile90_rolling_periods"": null, ""quantile10_rolling_periods"": null, ""ewm_alpha"": null, ""additional_lag_periods"": 2, ""abs_energy"": false, ""rolling_autocorr_periods"": null, ""nonzero_last_n"": null, ""add_date_part"": ""expanded"", ""polynomial_degree"": null, ""x_transform"": null, ""regression_type"": null}","{""fillna"": ""cubic"", ""transformations"": {""0"": ""DifferencedTransformer"", ""1"": ""DifferencedTransformer"", ""2"": ""DifferencedTransformer"", ""3"": ""DifferencedTransformer""}, ""transformation_params"": {""0"": {""lag"": 1, ""fill"": ""bfill""}, ""1"": {""lag"": 1, ""fill"": ""bfill""}, ""2"": {""lag"": 1, ""fill"": ""bfill""}, ""3"": {""lag"": 1, ""fill"": ""zero""}}}",0,1,186.3758211698852,5.093215538527951,5.256218923319602,1.0643527943065398,5.093215538527951,0.0,-305.59293231167703,5.093215538527951,0.0,1.7674159063226937,262682.098911427,1.0,0.55,6.628880023956299,0.8,4.85306990579466,4.841461407748373,20.18456650336005,62.61381654799315,0.06666955906181408,305.59293231167703,301.8757626240563,19.307995756093707,0.9311422713810912,186.3758211698852,5.093215538527951,5.256218923319602,1.0643527943065398,5.093215538527951,0.0,5.093215538527951,1.7674159063226937,262682.098911427,6.628880023956299,0.8,4.85306990579466,4.841461407748373,20.18456650336005,62.61381654799315,0.06666955906181408,305.59293231167703,301.8757626240563,19.307995756093707,0.9311422713810912,1.0,0.55,0.5884,4300198.289464726,76.2244016955266,Wh,76.2244016955266,Wh
1,4975ae2a054cc1b48ce6396893a93190,ARIMA,"{""p"": 0, ""d"": 0, ""q"": 3, ""regression_type"": null}","{""fillna"": ""ffill"", ""transformations"": {""0"": ""DifferencedTransformer"", ""1"": ""DifferencedTransformer"", ""2"": ""DifferencedTransformer"", ""3"": ""DifferencedTransformer"", ""4"": ""Scaler""}, ""transformation_params"": {""0"": {""lag"": 1, ""fill"": ""bfill""}, ""1"": {""lag"": 7, ""fill"": ""bfill""}, ""2"": {""lag"": 1, ""fill"": ""bfill""}, ""3"": {""lag"": 1, ""fill"": ""zero""}, ""4"": {}}}",0,1,162.77825482429975,232.2501564154524,321.221985379168,24.838042999418295,232.2501564154524,0.0,0.0,4.647530354917996,13935.009384927145,232.2501564154524,183767.24322602936,1.0,0.45,750.7151011620878,0.2,451.546802503185,160.57635236924625,1479.5152642493738,354005.42119263083,0.40503224512716707,13935.009384927145,6797.833384578203,429.49871093907484,42.46000125802673,162.77825482429975,232.2501564154524,321.221985379168,24.838042999418295,232.2501564154524,0.0,4.647530354917996,232.2501564154524,183767.24322602936,750.7151011620878,0.2,451.546802503185,160.57635236924625,1479.5152642493738,354005.42119263083,0.40503224512716707,13935.009384927145,6797.833384578203,429.49871093907484,42.46000125802673,1.0,0.45,0.1024,3010795.1184360096,3475.825651308861,Wh,3475.825651308861,Wh
2,1764cdc64d6484a426cfb13be53aa441,ARIMA,"{""p"": 1, ""d"": 0, ""q"": 3, ""regression_type"": null}","{""fillna"": ""fake_date"", ""transformations"": {""0"": ""Scaler"", ""1"": ""DifferencedTransformer"", ""2"": ""DifferencedTransformer"", ""3"": ""Scaler"", ""4"": ""DifferencedTransformer"", ""5"": ""DifferencedTransformer""}, ""transformation_params"": {""0"": {}, ""1"": {""lag"": 1, ""fill"": ""bfill""}, ""2"": {""lag"": 7, ""fill"": ""bfill""}, ""3"": {}, ""4"": {""lag"": 1, ""fill"": ""bfill""}, ""5"": {""lag"": 1, ""fill"": ""zero""}}}",0,1,162.91309243047172,231.62708404566294,319.3981560195002,24.574254338588496,231.62708404566294,0.0,0.0,4.650495783361352,13897.625042739777,231.62708404566294,182346.8691826609,1.0,0.45,742.7422455226601,0.2,448.94516534892074,160.81230100940303,1472.0203049926315,348534.339522005,0.3972544929202429,13897.625042739777,6814.119073952165,428.2618184117799,42.34609109317079,162.91309243047172,231.62708404566294,319.3981560195002,24.574254338588496,231.62708404566294,0.0,4.650495783361352,231.62708404566294,182346.8691826609,742.7422455226601,0.2,448.94516534892074,160.81230100940303,1472.0203049926315,348534.339522005,0.3972544929202429,13897.625042739777,6814.119073952165,428.2618184117799,42.34609109317079,1.0,0.45,0.2106,2987534.308502319,3466.5008312141786,Wh,3466.5008312141786,Wh
3,43ae8b8ebb83c1e42c356ecdc3957550,WindowRegression,"{""window_size"": 16, ""input_dim"": ""univariate"", ""output_dim"": ""1step"", ""normalize_window"": false, ""max_windows"": 5000, ""fourier_encoding_components"": null, ""scale"": true, ""datepart_method"": null, ""regression_type"": null, ""regression_model"": {""model"": ""KNN"", ""model_params"": {""n_neighbors"": 5, ""weights"": ""uniform"", ""p"": 2, ""leaf_size"": 30}}}","{""fillna"": ""zero"", ""transformations"": {""0"": ""DifferencedTransformer"", ""1"": ""DifferencedTransformer"", ""2"": ""DifferencedTransformer"", ""3"": ""Scaler"", ""4"": ""DifferencedTransformer""}, ""transformation_params"": {""0"": {""lag"": 1, ""fill"": ""bfill""}, ""1"": {""lag"": 1, ""fill"": ""zero""}, ""2"": {""lag"": 1, ""fill"": ""bfill""}, ""3"": {}, ""4"": {""lag"": 1, ""fill"": ""zero""}}}",0,1,194.1527228595375,5.30024479230245,5.402844342958443,1.176766590107005,5.30024479230245,0.0,-318.014687538147,5.30024479230245,0.0,1.8175284708234578,165403.5894112595,1.0,0.55,6.628880023956299,0.8,4.9978725047675905,5.084950923919678,20.412878466368735,65.71980704083097,0.12325486206542244,318.014687538147,325.5113706121239,19.71850341840287,0.9689913842143634,194.1527228595375,5.30024479230245,5.402844342958443,1.176766590107005,5.30024479230245,0.0,5.30024479230245,1.8175284708234578,165403.5894112595,6.628880023956299,0.8,4.9978725047675905,5.084950923919678,20.412878466368735,65.71980704083097,0.12325486206542244,318.014687538147,325.5113706121239,19.71850341840287,0.9689913842143634,1.0,0.55,1.0634,2707795.604411931,79.32277459631169,Wh,79.32277459631169,Wh
4,1dec1b54c3053ddc04ed7a064082ae3d,WindowRegression,"{""window_size"": 10, ""input_dim"": ""univariate"", ""output_dim"": ""1step"", ""normalize_window"": false, ""max_windows"": 5000000, ""fourier_encoding_components"": null, ""scale"": true, ""datepart_method"": null, ""regression_type"": null, ""regression_model"": {""model"": ""HistGradientBoost"", ""model_params"": {""loss"": ""squared_error"", ""learning_rate"": 0.01, ""max_depth"": 20, ""min_samples_leaf"": 20, ""max_iter"": 250, ""l2_regularization"": 0}}}","{""fillna"": ""seasonal_linear_window_3"", ""transformations"": {""0"": ""DifferencedTransformer"", ""1"": ""DifferencedTransformer"", ""2"": ""DifferencedTransformer"", ""3"": ""DifferencedTransformer""}, ""transformation_params"": {""0"": {""lag"": 1, ""fill"": ""bfill""}, ""1"": {""lag"": 1, ""fill"": ""zero""}, ""2"": {""lag"": 1, ""fill"": ""bfill""}, ""3"": {""lag"": 1, ""fill"": ""zero""}}}",0,1,184.97396981134744,5.305158802230636,5.413414992105032,1.526288420218766,5.305158802230636,0.0,-292.3917598724365,5.028066815171941,25.91776826140165,2.0990567016224246,165132.5048752053,1.0,0.55,7.031505107223811,0.7666666666666667,5.1466073076394,5.06940011265714,20.41178326220025,67.59032115800798,0.25474318871388885,266.4739916110349,236.78998204753847,13.96122529536215,0.8119467814118806,184.97396981134744,5.305158802230636,5.413414992105032,1.526288420218766,5.305158802230636,0.0,5.028066815171941,2.0990567016224246,165132.5048752053,7.031505107223811,0.7666666666666667,5.1466073076394,5.06940011265714,20.41178326220025,67.59032115800798,0.25474318871388885,266.4739916110349,236.78998204753847,13.96122529536215,0.8119467814118806,1.0,0.55,0.7451,2703350.3196501443,79.39631703013733,Wh,79.39631703013733,Wh
5,4df57b213aeaf50e455195592b5be591,ARIMA,"{""p"": 5, ""d"": 0, ""q"": 7, ""regression_type"": null}","{""fillna"": ""time"", ""transformations"": {""0"": ""DifferencedTransformer"", ""1"": ""Scaler"", ""2"": ""DifferencedTransformer"", ""3"": ""DifferencedTransformer"", ""4"": ""DifferencedTransformer""}, ""transformation_params"": {""0"": {""lag"": 7, ""fill"": ""bfill""}, ""1"": {}, ""2"": {""lag"": 2, ""fill"": ""bfill""}, ""3"": {""lag"": 1, ""fill"": ""bfill""}, ""4"": {""lag"": 2, ""fill"": ""bfill""}}}",0,1,184.73287299775453,8.327956078009313,11.526497674787848,3.3299138686373073,8.327956078009313,0.0,-263.67210908534656,4.906849949486462,236.00525559521225,5.454712240216142,136141.76070946996,0.9666666666666667,0.5666666666666667,34.43451947373769,0.8,12.512368422214701,5.256607093948573,23.777428182616628,1644.5566902140088,0.5881588392055591,27.66685349013433,220.35212738637614,110.04021091440403,0.08430095750544675,184.73287299775453,8.327956078009313,11.526497674787848,3.3299138686373073,8.327956078009313,0.0,4.906849949486462,5.454712240216142,136141.76070946996,34.43451947373769,0.8,12.512368422214701,5.256607093948573,23.777428182616628,1644.5566902140088,0.5881588392055591,27.66685349013433,220.35212738637614,110.04021091440403,0.08430095750544675,0.9666666666666667,0.5666666666666667,1.1953,2228821.849979654,124.6351081337416,Wh,124.6351081337416,Wh
6,f9ec5012c9201aa6cd35aaf243d7bc8c,ARIMA,"{""p"": 1, ""d"": 3, ""q"": 1, ""regression_type"": null}","{""fillna"": ""fake_date"", ""transformations"": {""0"": ""Scaler"", ""1"": ""Scaler"", ""2"": ""DifferencedTransformer"", ""3"": ""Scaler"", ""4"": ""DifferencedTransformer""}, ""transformation_params"": {""0"": {}, ""1"": {}, ""2"": {""lag"": 1, ""fill"": ""bfill""}, ""3"": {}, ""4"": {""lag"": 7, ""fill"": ""bfill""}}}",0,1,162.61093211357257,5.639102301762957,5.983471666194987,1.6853363017826637,5.639102301762957,0.0,-228.87189479673432,4.3244639074186715,109.47424330904306,3.157634769285838,18594.04385353301,1.0,0.5166666666666667,10.46870458128586,0.7666666666666667,5.741815973107154,4.943435765811251,20.855281540619394,79.37517884539824,0.16039905919967332,119.39765148769126,110.21575761308195,15.180691114343128,0.3638048810972733,162.61093211357257,5.639102301762957,5.983471666194987,1.6853363017826637,5.639102301762957,0.0,4.3244639074186715,3.157634769285838,18594.04385353301,10.46870458128586,0.7666666666666667,5.741815973107154,4.943435765811251,20.855281540619394,79.37517884539824,0.16039905919967332,119.39765148769126,110.21575761308195,15.180691114343128,0.3638048810972733,1.0,0.5166666666666667,0.1504,304559.1367583979,84.39407203567522,Wh,84.39407203567522,Wh
7,0a4d166d925f07a068fa0c70a0f9af82,ARIMA,"{""p"": 1, ""d"": 1, ""q"": 4, ""regression_type"": null}","{""fillna"": ""ffill"", ""transformations"": {""0"": ""DifferencedTransformer"", ""1"": ""DifferencedTransformer"", ""2"": ""DifferencedTransformer"", ""3"": ""Scaler""}, ""transformation_params"": {""0"": {""lag"": 1, ""fill"": ""bfill""}, ""1"": {""lag"": 1, ""fill"": ""bfill""}, ""2"": {""lag"": 7, ""fill"": ""bfill""}, ""3"": {}}}",0,1,184.53360148672328,2638.3397278485377,3827.0161586081967,313.2644929332367,2638.3397278485377,0.0,0.0,6.765515306037835,158300.38367091227,2638.3397278485377,9262.467301814118,1.0,0.45,9468.23328667128,0.2,5385.483438957543,1714.7700088168158,17429.32730013102,52803112.595212325,2.1105386767263754,158300.38367091227,70788.32783775439,5205.949016243658,482.34158328470977,184.53360148672328,2638.3397278485377,3827.0161586081967,313.2644929332367,2638.3397278485377,0.0,6.765515306037835,2638.3397278485377,9262.467301814118,9468.23328667128,0.2,5385.483438957543,1714.7700088168158,17429.32730013102,52803112.595212325,2.1105386767263754,158300.38367091227,70788.32783775439,5205.949016243658,482.34158328470977,1.0,0.45,0.1804,180433.17026358843,39485.04941593679,Wh,39485.04941593679,Wh
8,f1940e860fd44dbc68e76a82c3f92f95,DatepartRegression,"{""regression_model"": {""model"": ""ElasticNet"", ""model_params"": {""l1_ratio"": 0.5, ""fit_intercept"": true, ""selection"": ""random"", ""max_iter"": 1000}}, ""datepart_method"": ""recurring"", ""polynomial_degree"": null, ""holiday_countries_used"": false, ""lags"": null, ""forward_lags"": null, ""regression_type"": null}","{""fillna"": ""akima"", ""transformations"": {""0"": ""DifferencedTransformer"", ""1"": ""DifferencedTransformer"", ""2"": ""DifferencedTransformer"", ""3"": ""Scaler""}, ""transformation_params"": {""0"": {""lag"": 1, ""fill"": ""bfill""}, ""1"": {""lag"": 1, ""fill"": ""bfill""}, ""2"": {""lag"": 1, ""fill"": ""bfill""}, ""3"": {}}}",0,1,192.36830280148382,5.267829050088767,5.367950116410566,1.176766590107005,5.267829050088767,0.0,-316.069743005326,5.267829050088767,0.0,1.8163841445330322,10939.176779570955,1.0,0.55,6.628880023956299,0.8,4.991572807862967,5.0468147566094625,20.37718075966424,65.77491028725603,0.0621459598281021,316.069743005326,321.81108655151854,19.653033197861042,0.963065134361981,192.36830280148382,5.267829050088767,5.367950116410566,1.176766590107005,5.267829050088767,0.0,5.267829050088767,1.8163841445330322,10939.176779570955,6.628880023956299,0.8,4.991572807862967,5.0468147566094625,20.37718075966424,65.77491028725603,0.0621459598281021,316.069743005326,321.81108655151854,19.653033197861042,0.963065134361981,1.0,0.55,0.0972,179272.62761170242,78.83764481198126,Wh,78.83764481198126,Wh
9,7a91b88e26bb09633b08c27125a3958d,ARIMA,"{""p"": 2, ""d"": 0, ""q"": 3, ""regression_type"": null}","{""fillna"": ""cubic"", ""transformations"": {""0"": ""DifferencedTransformer"", ""1"": ""Scaler"", ""2"": ""DifferencedTransformer"", ""3"": ""DifferencedTransformer"", ""4"": ""Scaler""}, ""transformation_params"": {""0"": {""lag"": 1, ""fill"": ""bfill""}, ""1"": {}, ""2"": {""lag"": 1, ""fill"": ""zero""}, ""3"": {""lag"": 1, ""fill"": ""bfill""}, ""4"": {}}}",0,1,129.1579445270259,44.0717894958868,57.991236676841844,4.217238239614027,44.0717894958868,0.0,0.0,3.2356282108635814,2644.3073697532077,44.0717894958868,10425.284579320667,1.0,0.45,124.5795808480708,0.2,81.42768494024882,32.51871739737375,269.2643739317786,10783.987618325365,0.06321007805672517,2644.3073697532077,1407.8381268586543,56.33372447513547,8.057209804808291,129.1579445270259,44.0717894958868,57.991236676841844,4.217238239614027,44.0717894958868,0.0,3.2356282108635814,44.0717894958868,10425.284579320667,124.5795808480708,0.2,81.42768494024882,32.51871739737375,269.2643739317786,10783.987618325365,0.06321007805672517,2644.3073697532077,1407.8381268586543,56.33372447513547,8.057209804808291,1.0,0.45,0.2268,171218.56715524485,659.5726728160593,Wh,659.5726728160593,Wh
10,21f6d503602995a3c4cf4469d3e7af83,ARIMA,"{""p"": 1, ""d"": 0, ""q"": 4, ""regression_type"": null}","{""fillna"": ""ffill_mean_biased"", ""transformations"": {""0"": ""Scaler"", ""1"": ""Scaler"", ""2"": ""DifferencedTransformer"", ""3"": ""Scaler"", ""4"": ""DifferencedTransformer"", ""5"": ""DifferencedTransformer""}, ""transformation_params"": {""0"": {}, ""1"": {}, ""2"": {""lag"": 1, ""fill"": ""bfill""}, ""3"": {}, ""4"": {""lag"": 1, ""fill"": ""bfill""}, ""5"": {""lag"": 1, ""fill"": ""zero""}}}",0,1,129.1029635610534,44.00401681176561,57.90489996398337,4.211589362270336,44.00401681176561,0.0,0.0,3.2340365089405254,2640.2410087059366,44.00401681176561,10424.757534201597,1.0,0.45,124.39947837326454,0.2,81.30678092361882,32.46711898635014,268.8615633077097,10752.254912739474,0.06314500542289869,2640.2410087059366,1405.540845124586,56.202600188659744,8.044819594625192,129.1029635610534,44.00401681176561,57.90489996398337,4.211589362270336,44.00401681176561,0.0,3.2340365089405254,44.00401681176561,10424.757534201597,124.39947837326454,0.2,81.30678092361882,32.46711898635014,268.8615633077097,10752.254912739474,0.06314500542289869,2640.2410087059366,1405.540845124586,56.202600188659744,8.044819594625192,1.0,0.45,0.1516,171209.20087343137,658.5583956350996,Wh,658.5583956350996,Wh
11,150889d683a736f6e139c33ba6eed8b8,ARIMA,"{""p"": 1, ""d"": 2, ""q"": 3, ""regression_type"": ""Holiday""}","{""fillna"": ""fake_date"", ""transformations"": {""0"": ""Scaler"", ""1"": ""DifferencedTransformer"", ""2"": ""DifferencedTransformer"", ""3"": ""Scaler"", ""4"": ""DifferencedTransformer""}, ""transformation_params"": {""0"": {}, ""1"": {""lag"": 1, ""fill"": ""bfill""}, ""2"": {""lag"": 1, ""fill"": ""bfill""}, ""3"": {}, ""4"": {""lag"": 1, ""fill"": ""bfill""}}}",0,1,156.70550847692658,4.319772708352649,4.703377287655534,1.093668986268565,4.319772708352649,0.0,-255.1915159094039,4.300280396243535,3.9948465917550537,1.588693035285708,10386.321017626164,1.0,0.55,6.628880023956299,0.8,4.125289485401367,3.971273370743083,19.109386731344646,51.64783396526635,0.03731869668545527,251.19666931764885,208.74176408247823,18.781992885314693,0.7653967500571768,156.70550847692658,4.319772708352649,4.703377287655534,1.093668986268565,4.319772708352649,0.0,4.300280396243535,1.588693035285708,10386.321017626164,6.628880023956299,0.8,4.125289485401367,3.971273370743083,19.109386731344646,51.64783396526635,0.03731869668545527,251.19666931764885,208.74176408247823,18.781992885314693,0.7653967500571768,1.0,0.55,0.7413,170186.08257341202,64.64915683698159,Wh,64.64915683698159,Wh
12,492f1f6bb12ce5c5f08c245c2efa7ad0,ARIMA,"{""p"": 3, ""d"": 2, ""q"": 7, ""regression_type"": null}","{""fillna"": ""ffill_mean_biased"", ""transformations"": {""0"": ""DifferencedTransformer"", ""1"": ""DifferencedTransformer"", ""2"": ""DifferencedTransformer""}, ""transformation_params"": {""0"": {""lag"": 7, ""fill"": ""bfill""}, ""1"": {""lag"": 1, ""fill"": ""bfill""}, ""2"": {""lag"": 1, ""fill"": ""bfill""}}}",0,1,166.77985412991768,12.552935832590338,16.850536426055196,3.1028928130821964,12.552935832590338,0.0,-179.61993590329973,4.218452293339071,573.5562140521204,10.628619413256017,8182.71841522405,0.95,0.5666666666666667,34.50659822359556,0.7666666666666667,17.717580172234317,8.894788103942442,30.30217446911765,1917.9387954785775,0.5502454643449748,393.9362781488207,864.0319902349652,94.763638604104,1.200324621515764,166.77985412991768,12.552935832590338,16.850536426055196,3.1028928130821964,12.552935832590338,0.0,4.218452293339071,10.628619413256017,8182.71841522405,34.50659822359556,0.7666666666666667,17.717580172234317,8.894788103942442,30.30217446911765,1917.9387954785775,0.5502454643449748,393.9362781488207,864.0319902349652,94.763638604104,1.200324621515764,0.95,0.5666666666666667,1.6539,134215.04124098647,187.86560594647108,Wh,187.86560594647108,Wh
13,e00ee9057129781f2aff1f6f13b19080,ARIMA,"{""p"": 1, ""d"": 2, ""q"": 3, ""regression_type"": null}","{""fillna"": ""ffill"", ""transformations"": {""0"": ""DifferencedTransformer"", ""1"": ""Scaler"", ""2"": ""DifferencedTransformer"", ""3"": ""DifferencedTransformer""}, ""transformation_params"": {""0"": {""lag"": 1, ""fill"": ""zero""}, ""1"": {}, ""2"": {""lag"": 2, ""fill"": ""zero""}, ""3"": {""lag"": 1, ""fill"": ""bfill""}}}",0,1,185.65955080047888,5.069198597184468,5.247206276811501,1.0610018529617533,5.069198597184468,0.0,-304.1519158310681,5.069198597184468,0.0,1.7565600784735216,7975.3924267891625,1.0,0.5666666666666667,6.628880023956299,0.8166666666666667,4.841720598931674,4.813206182638394,20.158034953634193,62.38659230554381,0.07073327236794476,304.1519158310681,299.1347170712158,19.193351211415234,0.9267514913041381,185.65955080047888,5.069198597184468,5.247206276811501,1.0610018529617533,5.069198597184468,0.0,5.069198597184468,1.7565600784735216,7975.3924267891625,6.628880023956299,0.8166666666666667,4.841720598931674,4.813206182638394,20.158034953634193,62.38659230554381,0.07073327236794476,304.1519158310681,299.1347170712158,19.193351211415234,0.9267514913041381,1.0,0.5666666666666667,0.2246,130749.66989072916,75.86496727328091,Wh,75.86496727328091,Wh
14,ef3dfd5030b9bd760fa4a56f7fb74809,DatepartRegression,"{""regression_model"": {""model"": ""RandomForest"", ""model_params"": {""n_estimators"": 100, ""min_samples_leaf"": 2, ""bootstrap"": true}}, ""datepart_method"": ""expanded"", ""polynomial_degree"": null, ""holiday_countries_used"": false, ""lags"": null, ""forward_lags"": null, ""regression_type"": null}","{""fillna"": ""ffill"", ""transformations"": {""0"": ""DifferencedTransformer"", ""1"": ""DifferencedTransformer"", ""2"": ""DifferencedTransformer""}, ""transformation_params"": {""0"": {""lag"": 2, ""fill"": ""bfill""}, ""1"": {""lag"": 1, ""fill"": ""bfill""}, ""2"": {""lag"": 1, ""fill"": ""bfill""}}}",0,1,189.76881070818172,5.307575115225617,5.386164881565822,1.5380562161763616,5.307575115225617,0.0,-304.5887552610011,5.1611580676116935,13.865751652535936,1.9751281777602978,7440.2950301167475,0.9833333333333333,0.5666666666666667,6.628880023956299,0.7833333333333333,4.971152773125053,5.093649145039746,20.4074873966499,108.01843711504773,0.24070160544442346,290.7230036084652,276.04899290579385,14.573123217072448,0.8858335691043584,189.76881070818172,5.307575115225617,5.386164881565822,1.5380562161763616,5.307575115225617,0.0,5.1611580676116935,1.9751281777602978,7440.2950301167475,6.628880023956299,0.7833333333333333,4.971152773125053,5.093649145039746,20.4074873966499,108.01843711504773,0.24070160544442346,290.7230036084652,276.04899290579385,14.573123217072448,0.8858335691043584,0.9833333333333333,0.5666666666666667,0.2487,121995.28560608576,79.43247925632984,Wh,79.43247925632984,Wh
15,6dc103807e657750ca9137ab9883cde8,ARIMA,"{""p"": 3, ""d"": 0, ""q"": 3, ""regression_type"": null}","{""fillna"": ""time"", ""transformations"": {""0"": ""DifferencedTransformer"", ""1"": ""DifferencedTransformer"", ""2"": ""Scaler"", ""3"": ""DifferencedTransformer""}, ""transformation_params"": {""0"": {""lag"": 7, ""fill"": ""bfill""}, ""1"": {""lag"": 1, ""fill"": ""bfill""}, ""2"": {}, ""3"": {""lag"": 2, ""fill"": ""bfill""}}}",0,1,128.86913155460812,22.071924962542887,24.99161531490107,2.8365479791400747,22.071924962542887,0.0,-22.721450296810602,3.125371784852695,1301.5940474557626,21.84002386032037,7043.504223223648,0.95,0.5666666666666667,36.270576271302495,0.31666666666666665,28.85022397418057,19.766504407333926,57.792533483367365,2648.529509251478,0.4971424554461343,1278.8725971589522,1721.0752880901982,68.19094298907855,3.896727342211899,128.86913155460812,22.071924962542887,24.99161531490107,2.8365479791400747,22.071924962542887,0.0,3.125371784852695,21.84002386032037,7043.504223223648,36.270576271302495,0.31666666666666665,28.85022397418057,19.766504407333926,57.792533483367365,2648.529509251478,0.4971424554461343,1278.8725971589522,1721.0752880901982,68.19094298907855,3.896727342211899,0.95,0.5666666666666667,0.2276,115622.80578046158,330.3255599162499,Wh,330.3255599162499,Wh
16,979eb0b8a9f39b693d0101e637ab01c4,ARIMA,"{""p"": 7, ""d"": 0, ""q"": 12, ""regression_type"": null}","{""fillna"": ""ffill"", ""transformations"": {""0"": ""DifferencedTransformer"", ""1"": ""DifferencedTransformer"", ""2"": ""Scaler"", ""3"": ""DifferencedTransformer"", ""4"": ""Scaler""}, ""transformation_params"": {""0"": {""lag"": 2, ""fill"": ""bfill""}, ""1"": {""lag"": 1, ""fill"": ""zero""}, ""2"": {}, ""3"": {""lag"": 1, ""fill"": ""zero""}, ""4"": {}}}",0,1,122.6960247699844,21.53206153843805,24.58934441353054,1.7827321787356891,21.53206153843805,0.0,0.0,2.9590691771983013,1291.923692306283,21.53206153843805,6872.900609271985,0.9833333333333333,0.48333333333333334,44.779568784364045,0.2,34.148194780283575,18.084786723043017,114.65795547509775,1776.986548837662,0.2313982163799727,1291.923692306283,901.0088305834037,13.220841806096969,3.9364940550333265,122.6960247699844,21.53206153843805,24.58934441353054,1.7827321787356891,21.53206153843805,0.0,2.9590691771983013,21.53206153843805,6872.900609271985,44.779568784364045,0.2,34.148194780283575,18.084786723043017,114.65795547509775,1776.986548837662,0.2313982163799727,1291.923692306283,901.0088305834037,13.220841806096969,3.9364940550333265,0.9833333333333333,0.48333333333333334,9.8923,112815.50170002645,322.2460340865649,Wh,322.2460340865649,Wh
17,bc5cc2008b84d5e7363aca5104ebd140,ARIMA,"{""p"": 7, ""d"": 3, ""q"": 3, ""regression_type"": null}","{""fillna"": ""rolling_mean"", ""transformations"": {""0"": ""DifferencedTransformer"", ""1"": ""DifferencedTransformer"", ""2"": ""Scaler""}, ""transformation_params"": {""0"": {""lag"": 1, ""fill"": ""bfill""}, ""1"": {""lag"": 1, ""fill"": ""bfill""}, ""2"": {}}}",0,1,168.4675299425414,478.45963079407886,708.313041244893,60.43144848694189,478.45963079407886,0.0,0.0,5.151907337474532,28707.57784764473,478.45963079407886,622.0061665840457,1.0,0.45,1826.5046471378023,0.2,996.9875254154026,300.56553913475915,3205.9850646235514,1878992.197267456,0.9472076604824895,28707.57784764473,12456.656232465997,918.2616119661684,87.47204668870543,168.4675299425414,478.45963079407886,708.313041244893,60.43144848694189,478.45963079407886,0.0,5.151907337474532,478.45963079407886,622.0061665840457,1826.5046471378023,0.2,996.9875254154026,300.56553913475915,3205.9850646235514,1878992.197267456,0.9472076604824895,28707.57784764473,12456.656232465997,918.2616119661684,87.47204668870543,1.0,0.45,1.3173,15564.169726311979,7160.564640718488,Wh,7160.564640718488,Wh
18,7967c5c19335b9dd4892a7127e5e281f,ARIMA,"{""p"": 3, ""d"": 2, ""q"": 1, ""regression_type"": null}","{""fillna"": ""ffill"", ""transformations"": {""0"": ""Scaler"", ""1"": ""Scaler"", ""2"": ""DifferencedTransformer"", ""3"": ""DifferencedTransformer"", ""4"": ""Scaler""}, ""transformation_params"": {""0"": {}, ""1"": {}, ""2"": {""lag"": 7, ""fill"": ""bfill""}, ""3"": {""lag"": 1, ""fill"": ""zero""}, ""4"": {}}}",0,1,185.58815885306402,346.20235979474677,441.2033455297227,31.25473676655242,346.20235979474677,0.0,0.0,5.439747538638554,20772.141587684808,346.20235979474677,627.2023533784744,0.9333333333333333,0.45,944.6558601273995,0.2,617.8462588328774,261.2474823461766,2058.708481040426,624062.0942791259,0.7288545016901289,20772.141587684808,11851.51456217885,655.7110029016634,63.29275665210594,185.58815885306402,346.20235979474677,441.2033455297227,31.25473676655242,346.20235979474677,0.0,5.439747538638554,346.20235979474677,627.2023533784744,944.6558601273995,0.2,617.8462588328774,261.2474823461766,2058.708481040426,624062.0942791259,0.7288545016901289,20772.141587684808,11851.51456217885,655.7110029016634,63.29275665210594,0.9333333333333333,0.45,0.2098,13966.941924510671,5181.2195147274315,Wh,5181.2195147274315,Wh
19,df7014358193e669ee1fc99e83f8b6e6,ARIMA,"{""p"": 2, ""d"": 1, ""q"": 1, ""regression_type"": null}","{""fillna"": ""akima"", ""transformations"": {""0"": ""Scaler"", ""1"": ""DifferencedTransformer"", ""2"": ""Scaler"", ""3"": ""DifferencedTransformer""}, ""transformation_params"": {""0"": {}, ""1"": {""lag"": 1, ""fill"": ""bfill""}, ""2"": {}, ""3"": {""lag"": 2, ""fill"": ""bfill""}}}",0,1,139.65085843975496,47.298392256443115,58.80595460379879,3.9461608438895297,47.298392256443115,0.0,0.0,3.4713513550250577,2837.903535386587,47.298392256443115,584.2975988435785,1.0,0.45,117.68022608207535,0.2,82.2546673910909,37.021495502428614,274.45360573156535,10530.787898760882,0.04800486380465719,2837.903535386587,1678.7852843006544,62.34159390051263,8.647097705797703,139.65085843975496,47.298392256443115,58.80595460379879,3.9461608438895297,47.298392256443115,0.0,3.4713513550250577,47.298392256443115,584.2975988435785,117.68022608207535,0.2,82.2546673910909,37.021495502428614,274.45360573156535,10530.787898760882,0.04800486380465719,2837.903535386587,1678.7852843006544,62.34159390051263,8.647097705797703,1.0,0.45,0.0584,10155.796727426747,707.8615903126911,Wh,707.8615903126911,Wh
20,633aa5720527dac14701e524a1b768b1,ARIMA,"{""p"": 1, ""d"": 2, ""q"": 3, ""regression_type"": null}","{""fillna"": ""time"", ""transformations"": {""0"": ""DifferencedTransformer"", ""1"": ""DifferencedTransformer"", ""2"": ""Scaler"", ""3"": ""Scaler""}, ""transformation_params"": {""0"": {""lag"": 1, ""fill"": ""bfill""}, ""1"": {""lag"": 1, ""fill"": ""bfill""}, ""2"": {}, ""3"": {}}}",0,1,141.34057632975563,83.69100928570896,115.57734234956376,8.98967568616235,83.69100928570896,0.0,0.0,3.704459700719684,5021.460557142537,83.69100928570896,433.58276716064347,1.0,0.45,269.57036343581655,0.2,162.49489464175429,57.965371331566956,532.4911924405719,45752.19838731377,0.16445884153025592,5021.460557142537,2457.0827192725924,134.68443350746526,15.300400285630554,141.34057632975563,83.69100928570896,115.57734234956376,8.98967568616235,83.69100928570896,0.0,3.704459700719684,83.69100928570896,433.58276716064347,269.57036343581655,0.2,162.49489464175429,57.965371331566956,532.4911924405719,45752.19838731377,0.16445884153025592,5021.460557142537,2457.0827192725924,134.68443350746526,15.300400285630554,1.0,0.45,0.232,8098.8106860805265,1252.508766189322,Wh,1252.508766189322,Wh
21,bfd289c97090ddf1e77db28989cd23de,DatepartRegression,"{""regression_model"": {""model"": ""RandomForest"", ""model_params"": {""n_estimators"": 100, ""min_samples_leaf"": 2, ""bootstrap"": true}}, ""datepart_method"": ""expanded"", ""polynomial_degree"": null, ""holiday_countries_used"": false, ""lags"": null, ""forward_lags"": null, ""regression_type"": null}","{""fillna"": ""linear"", ""transformations"": {""0"": ""Scaler"", ""1"": ""DifferencedTransformer"", ""2"": ""Scaler"", ""3"": ""Scaler"", ""4"": ""DifferencedTransformer"", ""5"": ""Scaler""}, ""transformation_params"": {""0"": {}, ""1"": {""lag"": 1, ""fill"": ""bfill""}, ""2"": {}, ""3"": {}, ""4"": {""lag"": 7, ""fill"": ""bfill""}, ""5"": {}}}",0,1,143.79495329315816,81.03369455200733,106.82187493821824,7.582878648643416,81.03369455200733,0.0,0.0,3.755847048769789,4862.02167312044,81.03369455200733,421.71086621745525,1.0,0.4666666666666667,227.07869467997173,0.2,149.96056059206268,59.82438823383526,495.63625191636623,36301.326111480754,0.26534097989083133,4862.02167312044,2572.386240104314,130.94074864905627,14.814589689515765,143.79495329315816,81.03369455200733,106.82187493821824,7.582878648643416,81.03369455200733,0.0,3.755847048769789,81.03369455200733,421.71086621745525,227.07869467997173,0.2,149.96056059206268,59.82438823383526,495.63625191636623,36301.326111480754,0.26534097989083133,4862.02167312044,2572.386240104314,130.94074864905627,14.814589689515765,1.0,0.4666666666666667,0.226,7860.629845616236,1212.7397393023002,Wh,1212.7397393023002,Wh
22,0b1606d264afb1245df4b904556ebd0a,ARIMA,"{""p"": 1, ""d"": 2, ""q"": 3, ""regression_type"": ""Holiday""}","{""fillna"": ""ffill"", ""transformations"": {""0"": ""Scaler"", ""1"": ""Scaler"", ""2"": ""DifferencedTransformer"", ""3"": ""DifferencedTransformer"", ""4"": ""Scaler""}, ""transformation_params"": {""0"": {}, ""1"": {}, ""2"": {""lag"": 1, ""fill"": ""bfill""}, ""3"": {""lag"": 1, ""fill"": ""zero""}, ""4"": {}}}",0,1,120.7418923208531,61.842619709810826,100.65828015640186,9.603602952273818,61.842619709810826,0.0,-60.17952219013581,3.5337136750580402,3650.3776603985148,61.28483794164145,418.37571484820177,1.0,0.5,276.19150822293693,0.23333333333333334,141.82500987051029,33.93268111364083,441.09494501429884,40304.86830669843,0.24583972392472703,3590.198138208378,1222.8051104420967,106.06177074213781,10.939340853963117,120.7418923208531,61.842619709810826,100.65828015640186,9.603602952273818,61.842619709810826,0.0,3.5337136750580402,61.28483794164145,418.37571484820177,276.19150822293693,0.23333333333333334,141.82500987051029,33.93268111364083,441.09494501429884,40304.86830669843,0.24583972392472703,3590.198138208378,1222.8051104420967,106.06177074213781,10.939340853963117,1.0,0.5,0.6228,7653.961478046387,925.5286078128032,Wh,925.5286078128032,Wh
23,5718f7c291d5e2644fde470332a5308f,ARIMA,"{""p"": 1, ""d"": 2, ""q"": 3, ""regression_type"": ""Holiday""}","{""fillna"": ""cubic"", ""transformations"": {""0"": ""DifferencedTransformer"", ""1"": ""DifferencedTransformer""}, ""transformation_params"": {""0"": {""lag"": 1, ""fill"": ""zero""}, ""1"": {""lag"": 1, ""fill"": ""bfill""}}}",0,1,19.126783700033386,1.1101348760288505,1.3676206924232264,0.9940378457385106,1.1101348760288505,0.0,-1.970541923194645,0.6704010918178953,64.6375506385364,1.107078599806719,446.1629417724831,1.0,0.6333333333333333,2.4042471504069436,0.38333333333333336,2.3971881920704132,0.9044240074756587,5.825914885759804,4.394343116443269,0.010522525857982355,62.66700871534175,41.08298909754552,28.36185882557678,0.19094649995487564,19.126783700033386,1.1101348760288505,1.3676206924232264,0.9940378457385106,1.1101348760288505,0.0,0.6704010918178953,1.107078599806719,446.1629417724831,2.4042471504069436,0.38333333333333336,2.3971881920704132,0.9044240074756587,5.825914885759804,4.394343116443269,0.010522525857982355,62.66700871534175,41.08298909754552,28.36185882557678,0.19094649995487564,1.0,0.6333333333333333,0.5007,7330.062066009923,16.614134251049887,Wh,16.614134251049887,Wh
24,639f1bf126ee9dc8003fcc44fc0fa8d2,ARIMA,"{""p"": 5, ""d"": 0, ""q"": 3, ""regression_type"": null}","{""fillna"": ""ffill"", ""transformations"": {""0"": ""DifferencedTransformer"", ""1"": ""DifferencedTransformer"", ""2"": ""Scaler"", ""3"": ""Scaler""}, ""transformation_params"": {""0"": {""lag"": 1, ""fill"": ""zero""}, ""1"": {""lag"": 1, ""fill"": ""bfill""}, ""2"": {}, ""3"": {}}}",0,1,18.34543399661968,1.051846077376207,1.2566761522498562,1.0808601148211554,1.051846077376207,0.0,-2.949086114180332,0.663495502514906,60.16167852839209,1.0462178952002295,432.6825824967538,1.0,0.43333333333333335,2.0877439303914267,0.25,2.358653693515323,0.8791863587942855,5.174946083018174,3.7920375241049142,0.2209867221719639,57.21259241421175,38.77952743323047,20.95218791085183,0.1743268826578621,18.34543399661968,1.051846077376207,1.2566761522498562,1.0808601148211554,1.051846077376207,0.0,0.663495502514906,1.0462178952002295,432.6825824967538,2.0877439303914267,0.25,2.358653693515323,0.8791863587942855,5.174946083018174,3.7920375241049142,0.2209867221719639,57.21259241421175,38.77952743323047,20.95218791085183,0.1743268826578621,1.0,0.43333333333333335,0.7276,7108.054478624542,15.741791667226526,Wh,15.741791667226526,Wh
25,785aba55ccbe1468341df2c4a4d30e82,DatepartRegression,"{""regression_model"": {""model"": ""RandomForest"", ""model_params"": {""n_estimators"": 100, ""min_samples_leaf"": 2, ""bootstrap"": true}}, ""datepart_method"": ""expanded"", ""polynomial_degree"": null, ""holiday_countries_used"": false, ""lags"": null, ""forward_lags"": null, ""regression_type"": null}","{""fillna"": ""rolling_mean_24"", ""transformations"": {""0"": ""DifferencedTransformer"", ""1"": ""Scaler"", ""2"": ""DifferencedTransformer""}, ""transformation_params"": {""0"": {""lag"": 1, ""fill"": ""bfill""}, ""1"": {}, ""2"": {""lag"": 2, ""fill"": ""bfill""}}}",0,1,131.14415494760217,39.03534369786697,49.77213583503036,3.5955649760754405,39.03534369786697,0.0,0.0,3.2482621577924014,2342.120621872018,39.03534369786697,403.037311822438,1.0,0.45,104.3614927947758,0.2,69.78730207628331,29.666617178089346,232.0145571870365,7800.676050373659,0.1967293159861041,2342.120621872018,1325.986224020375,45.938197585199966,7.136446184148455,131.14415494760217,39.03534369786697,49.77213583503036,3.5955649760754405,39.03534369786697,0.0,3.2482621577924014,39.03534369786697,403.037311822438,104.3614927947758,0.2,69.78730207628331,29.666617178089346,232.0145571870365,7800.676050373659,0.1967293159861041,2342.120621872018,1325.986224020375,45.938197585199966,7.136446184148455,1.0,0.45,0.2209,7102.190147925426,584.1978796776235,Wh,584.1978796776235,Wh
26,ca14d18d791132409f9d87dce6a90596,DatepartRegression,"{""regression_model"": {""model"": ""DecisionTree"", ""model_params"": {""max_depth"": null, ""min_samples_split"": 2}}, ""datepart_method"": ""common_fourier"", ""polynomial_degree"": null, ""holiday_countries_used"": false, ""lags"": null, ""forward_lags"": 1, ""regression_type"": null}","{""fillna"": ""median"", ""transformations"": {""0"": ""Scaler"", ""1"": ""DifferencedTransformer"", ""2"": ""DifferencedTransformer"", ""3"": ""Scaler"", ""4"": ""Scaler""}, ""transformation_params"": {""0"": {}, ""1"": {""lag"": 1, ""fill"": ""bfill""}, ""2"": {""lag"": 1, ""fill"": ""bfill""}, ""3"": {}, ""4"": {}}}",0,1,148.0239204590733,45.87555278142293,51.180666589704245,4.940016419287497,45.87555278142293,0.0,-0.06534004211425781,3.5933159012520832,2752.4678268432617,45.875518681330526,399.0187375259395,1.0,0.5166666666666667,103.83050155639648,0.2,68.5761238256826,39.87714138218001,226.0366000450735,8053.5567874732,0.8064520081377122,2752.4024868011475,2125.5347974404913,102.3173922690668,8.38657584103117,148.0239204590733,45.87555278142293,51.180666589704245,4.940016419287497,45.87555278142293,0.0,3.5933159012520832,45.875518681330526,399.0187375259395,103.83050155639648,0.2,68.5761238256826,39.87714138218001,226.0366000450735,8053.5567874732,0.8064520081377122,2752.4024868011475,2125.5347974404913,102.3173922690668,8.38657584103117,1.0,0.5166666666666667,0.099,7096.829678203126,686.5675596808093,Wh,686.5675596808093,Wh
27,ab27cf69a8f39fa3f7662ca999df80d7,RollingRegression,"{""regression_model"": {""model"": ""ExtraTrees"", ""model_params"": {""n_estimators"": 100, ""min_samples_leaf"": 1, ""max_depth"": 10}}, ""holiday"": false, ""mean_rolling_periods"": null, ""macd_periods"": null, ""std_rolling_periods"": 10, ""max_rolling_periods"": 420, ""min_rolling_periods"": null, ""ewm_var_alpha"": null, ""quantile90_rolling_periods"": null, ""quantile10_rolling_periods"": null, ""ewm_alpha"": 0.2, ""additional_lag_periods"": 90, ""abs_energy"": false, ""rolling_autocorr_periods"": 2, ""nonzero_last_n"": null, ""add_date_part"": null, ""polynomial_degree"": null, ""x_transform"": null, ""regression_type"": null}","{""fillna"": ""rolling_mean_24"", ""transformations"": {""0"": ""DifferencedTransformer"", ""1"": ""Scaler"", ""2"": ""Scaler"", ""3"": ""Scaler"", ""4"": ""DifferencedTransformer"", ""5"": ""Scaler""}, ""transformation_params"": {""0"": {""lag"": 1, ""fill"": ""zero""}, ""1"": {}, ""2"": {}, ""3"": {}, ""4"": {""lag"": 1, ""fill"": ""bfill""}, ""5"": {}}}",0,1,128.47128027605476,3.5289328914928224,4.103431331642679,1.0431140918876622,3.5289328914928224,0.0,-206.44955975367526,3.4998603508418134,5.28641373589405,1.3676284147653521,424.5140927096315,1.0,0.5,6.177299976348877,0.8,3.1795542423331002,3.1422588897742227,17.586857961991267,41.18621733838181,0.028796531845524758,201.16314601778123,138.0962181460607,20.17218218453404,0.6129445052417711,128.47128027605476,3.5289328914928224,4.103431331642679,1.0431140918876622,3.5289328914928224,0.0,3.4998603508418134,1.3676284147653521,424.5140927096315,6.177299976348877,0.8,3.1795542423331002,3.1422588897742227,17.586857961991267,41.18621733838181,0.028796531845524758,201.16314601778123,138.0962181460607,20.17218218453404,0.6129445052417711,1.0,0.5,5.9464,7085.978247060283,52.81355093710588,Wh,52.81355093710588,Wh
28,0e46fd8158e2d43dfc62dca6746a8a66,ARIMA,"{""p"": 4, ""d"": 2, ""q"": 3, ""regression_type"": ""Holiday""}","{""fillna"": ""cubic"", ""transformations"": {""0"": ""DifferencedTransformer"", ""1"": ""Scaler"", ""2"": ""DifferencedTransformer"", ""3"": ""Scaler""}, ""transformation_params"": {""0"": {""lag"": 7, ""fill"": ""bfill""}, ""1"": {}, ""2"": {""lag"": 1, ""fill"": ""bfill""}, ""3"": {}}}",0,1,174.9750863602129,116.17741040563845,138.74229248617817,9.681465544539664,116.17741040563845,0.0,0.0,4.548278257617918,6970.644624338307,116.17741040563845,348.0937078544261,0.9333333333333333,0.45,290.3626127597835,0.2,192.9906325158332,91.91895361246705,650.5131168341201,61916.10358278756,0.6043642823560622,6970.644624338307,4538.966359678094,199.07682236993767,21.23956800766871,174.9750863602129,116.17741040563845,138.74229248617817,9.681465544539664,116.17741040563845,0.0,4.548278257617918,116.17741040563845,348.0937078544261,290.3626127597835,0.2,192.9906325158332,91.91895361246705,650.5131168341201,61916.10358278756,0.6043642823560622,6970.644624338307,4538.966359678094,199.07682236993767,21.23956800766871,0.9333333333333333,0.45,0.7364,6998.422274384574,1738.6960225258565,Wh,1738.6960225258565,Wh
29,78e40a3b79b305243515ac79bc883260,ARIMA,"{""p"": 4, ""d"": 1, ""q"": 12, ""regression_type"": null}","{""fillna"": ""ffill"", ""transformations"": {""0"": ""DifferencedTransformer"", ""1"": ""Scaler"", ""2"": ""DifferencedTransformer""}, ""transformation_params"": {""0"": {""lag"": 1, ""fill"": ""zero""}, ""1"": {}, ""2"": {""lag"": 1, ""fill"": ""bfill""}}}",0,1,28.037896179135014,1.2416032410430193,1.5106434534907651,1.0251855813471877,1.2416032410430193,0.0,-72.11747934511902,1.2326442285471848,2.378715117462135,0.746326186006687,419.66255456734035,1.0,0.5833333333333334,3.5246469729961554,0.8,1.9904458567580214,0.9579792971777433,6.649876404856857,7.966982127954288,0.1819079911124561,69.73876422765689,46.52552611009972,20.040967241737782,0.2124941530389233,28.037896179135014,1.2416032410430193,1.5106434534907651,1.0251855813471877,1.2416032410430193,0.0,1.2326442285471848,0.746326186006687,419.66255456734035,3.5246469729961554,0.8,1.9904458567580214,0.9579792971777433,6.649876404856857,7.966982127954288,0.1819079911124561,69.73876422765689,46.52552611009972,20.040967241737782,0.2124941530389233,1.0,0.5833333333333334,7.3175,6904.593703102636,18.581672712614864,Wh,18.581672712614864,Wh
30,7b41eaff37c83ce1b6c507a7b8b9f361,ARIMA,"{""p"": 2, ""d"": 2, ""q"": 3, ""regression_type"": null}","{""fillna"": ""time"", ""transformations"": {""0"": ""Scaler"", ""1"": ""DifferencedTransformer"", ""2"": ""Scaler"", ""3"": ""DifferencedTransformer"", ""4"": ""Scaler""}, ""transformation_params"": {""0"": {}, ""1"": {""lag"": 2, ""fill"": ""bfill""}, ""2"": {}, ""3"": {""lag"": 1, ""fill"": ""bfill""}, ""4"": {}}}",0,1,155.8917150304823,99.79016186343378,135.73697671750708,10.711779387802219,99.79016186343378,0.0,0.0,4.0780668173449355,5987.409711806027,99.79016186343378,346.7394776796006,0.9666666666666667,0.45,321.9375256803984,0.2,190.7008978480463,69.51024078557191,626.9997983405414,64058.266440741034,0.2859291872663054,5987.409711806027,3060.1910869333387,166.54566507977262,18.243649277379696,155.8917150304823,99.79016186343378,135.73697671750708,10.711779387802219,99.79016186343378,0.0,4.0780668173449355,99.79016186343378,346.7394776796006,321.9375256803984,0.2,190.7008978480463,69.51024078557191,626.9997983405414,64058.266440741034,0.2859291872663054,5987.409711806027,3060.1910869333387,166.54566507977262,18.243649277379696,0.9666666666666667,0.45,0.6093,6853.0119360266945,1493.4465909798157,Wh,1493.4465909798157,Wh
31,10207f6a588203cef230808a8d668933,ARIMA,"{""p"": 1, ""d"": 0, ""q"": 12, ""regression_type"": null}","{""fillna"": ""cubic"", ""transformations"": {""0"": ""Scaler"", ""1"": ""Scaler"", ""2"": ""DifferencedTransformer"", ""3"": ""DifferencedTransformer""}, ""transformation_params"": {""0"": {}, ""1"": {}, ""2"": {""lag"": 1, ""fill"": ""bfill""}, ""3"": {""lag"": 7, ""fill"": ""bfill""}}}",0,1,159.08027984604092,4.496829831032225,4.7451920801730765,1.1218061749222865,4.496829831032225,0.0,-263.72754491057253,4.461114042426686,6.08224495136095,1.6760777438420036,405.7857695329091,1.0,0.5166666666666667,6.628880023956299,0.7666666666666667,4.171944204119364,4.21925327100312,19.31893036732812,52.57032676713378,0.08969433954223409,257.64529995921157,220.5050374814196,14.685525475302025,0.7850457404230871,159.08027984604092,4.496829831032225,4.7451920801730765,1.1218061749222865,4.496829831032225,0.0,4.461114042426686,1.6760777438420036,405.7857695329091,6.628880023956299,0.7666666666666667,4.171944204119364,4.21925327100312,19.31893036732812,52.57032676713378,0.08969433954223409,257.64529995921157,220.5050374814196,14.685525475302025,0.7850457404230871,1.0,0.5166666666666667,3.3873,6811.738402394538,67.29897071980085,Wh,67.29897071980085,Wh
32,0eb68cab5de4d880ba3c9f9e488bf76d,RollingRegression,"{""regression_model"": {""model"": ""ExtraTrees"", ""model_params"": {""n_estimators"": 100, ""min_samples_leaf"": 1, ""max_depth"": 10}}, ""holiday"": true, ""mean_rolling_periods"": 5, ""macd_periods"": 24, ""std_rolling_periods"": 30, ""max_rolling_periods"": null, ""min_rolling_periods"": null, ""ewm_var_alpha"": null, ""quantile90_rolling_periods"": null, ""quantile10_rolling_periods"": null, ""ewm_alpha"": 0.2, ""additional_lag_periods"": 363, ""abs_energy"": false, ""rolling_autocorr_periods"": null, ""nonzero_last_n"": null, ""add_date_part"": null, ""polynomial_degree"": null, ""x_transform"": null, ""regression_type"": null}","{""fillna"": ""mean"", ""transformations"": {""0"": ""DifferencedTransformer"", ""1"": ""DifferencedTransformer"", ""2"": ""Scaler""}, ""transformation_params"": {""0"": {""lag"": 1, ""fill"": ""zero""}, ""1"": {""lag"": 1, ""fill"": ""zero""}, ""2"": {}}}",0,1,142.61083394543812,3.971832870702538,4.392802956387173,1.073229053140029,3.971832870702538,0.0,-236.37970787146347,3.9621770483385723,1.9302643706888158,1.5027555629804956,406.77332473155,1.0,0.5,6.628880023956299,0.8,3.6188700305088903,3.604687975094049,18.459064510215924,46.72268607933271,0.07775437666133969,234.44944350077466,184.99982112066118,18.84115225152939,0.7143679197485236,142.61083394543812,3.971832870702538,4.392802956387173,1.073229053140029,3.971832870702538,0.0,3.9621770483385723,1.5027555629804956,406.77332473155,6.628880023956299,0.8,3.6188700305088903,3.604687975094049,18.459064510215924,46.72268607933271,0.07775437666133969,234.44944350077466,184.99982112066118,18.84115225152939,0.7143679197485236,1.0,0.5,7.9421,6810.513817129429,59.441934454521096,Wh,59.441934454521096,Wh
33,7a50b3744e3a25574e2c8b8d433daa33,ARIMA,"{""p"": 3, ""d"": 2, ""q"": 3, ""regression_type"": ""Holiday""}","{""fillna"": ""median"", ""transformations"": {""0"": ""Scaler"", ""1"": ""Scaler"", ""2"": ""DifferencedTransformer"", ""3"": ""DifferencedTransformer"", ""4"": ""Scaler""}, ""transformation_params"": {""0"": {}, ""1"": {}, ""2"": {""lag"": 1, ""fill"": ""one""}, ""3"": {""lag"": 1, ""fill"": ""zero""}, ""4"": {}}}",0,1,88.55419205744748,17.56210668200591,25.85924726672542,2.4309551351895666,17.56210668200591,0.0,-0.44088919137197635,2.202049714884073,1053.2855117289828,17.56138129553423,396.6443897577488,1.0,0.4666666666666667,63.48175336021309,0.25,36.456139821528986,11.266432898862758,117.23280325700895,2394.1416224299314,0.12817391347120857,1052.8446225376108,456.9149777520144,16.498414479770215,3.2080196548563253,88.55419205744748,17.56210668200591,25.85924726672542,2.4309551351895666,17.56210668200591,0.0,2.202049714884073,17.56138129553423,396.6443897577488,63.48175336021309,0.25,36.456139821528986,11.266432898862758,117.23280325700895,2394.1416224299314,0.12817391347120857,1052.8446225376108,456.9149777520144,16.498414479770215,3.2080196548563253,1.0,0.4666666666666667,0.716,6755.325900056463,262.8322057494964,Wh,262.8322057494964,Wh
34,502f909131e7c5109f11fac14bc0a99c,ARIMA,"{""p"": 1, ""d"": 0, ""q"": 3, ""regression_type"": null}","{""fillna"": ""time"", ""transformations"": {""0"": ""DifferencedTransformer"", ""1"": ""DifferencedTransformer"", ""2"": ""Scaler"", ""3"": ""Scaler""}, ""transformation_params"": {""0"": {""lag"": 2, ""fill"": ""bfill""}, ""1"": {""lag"": 2, ""fill"": ""zero""}, ""2"": {}, ""3"": {}}}",0,1,115.13554041936213,15.901275861882933,16.78422977946273,1.382676899579272,15.901275861882933,0.0,0.0,2.7711442255718217,954.076551712976,15.901275861882933,395.2298419781681,0.9666666666666667,0.45,24.84871296321657,0.2,22.89166075615196,14.545785336085748,75.55566695377873,767.302916512934,0.11108275976134357,954.076551712976,779.2175569823137,6.841035221903549,2.90707314699082,115.13554041936213,15.901275861882933,16.78422977946273,1.382676899579272,15.901275861882933,0.0,2.7711442255718217,15.901275861882933,395.2298419781681,24.84871296321657,0.2,22.89166075615196,14.545785336085748,75.55566695377873,767.302916512934,0.11108275976134357,954.076551712976,779.2175569823137,6.841035221903549,2.90707314699082,0.9666666666666667,0.45,0.1718,6712.9741177681035,237.9764275826934,Wh,237.9764275826934,Wh
35,cc1c6efcd5f758b0fc43ff326198712b,ARIMA,"{""p"": 3, ""d"": 1, ""q"": 3, ""regression_type"": ""Holiday""}","{""fillna"": ""ffill"", ""transformations"": {""0"": ""DifferencedTransformer"", ""1"": ""Scaler"", ""2"": ""Scaler"", ""3"": ""DifferencedTransformer"", ""4"": ""Scaler"", ""5"": ""Scaler""}, ""transformation_params"": {""0"": {""lag"": 1, ""fill"": ""bfill""}, ""1"": {}, ""2"": {}, ""3"": {""lag"": 1, ""fill"": ""zero""}, ""4"": {}, ""5"": {}}}",0,1,181.73577256172885,5.021701483043697,5.188274354391813,1.0813009047794047,5.021701483043697,0.0,-301.3020889826218,5.021701483043697,0.0,1.7609702530268954,394.27320477507607,1.0,0.55,6.628880023956299,0.8,4.810187839976617,4.757564680380758,20.091992391804766,61.75930226807568,0.018339576153712202,301.3020889826218,294.31553680828443,19.16443289523137,0.9180680632397786,181.73577256172885,5.021701483043697,5.188274354391813,1.0813009047794047,5.021701483043697,0.0,5.021701483043697,1.7609702530268954,394.27320477507607,6.628880023956299,0.8,4.810187839976617,4.757564680380758,20.091992391804766,61.75930226807568,0.018339576153712202,301.3020889826218,294.31553680828443,19.16443289523137,0.9180680632397786,1.0,0.55,0.9252,6646.142847491571,75.15413163707872,Wh,75.15413163707872,Wh
36,575d1b91d459e82d30d663a67cfcc787,RollingRegression,"{""regression_model"": {""model"": ""ElasticNet"", ""model_params"": {""l1_ratio"": 0.5, ""fit_intercept"": true, ""selection"": ""cyclic"", ""max_iter"": 1000}}, ""holiday"": false, ""mean_rolling_periods"": 7, ""macd_periods"": 60, ""std_rolling_periods"": 30, ""max_rolling_periods"": null, ""min_rolling_periods"": 57, ""ewm_var_alpha"": null, ""quantile90_rolling_periods"": null, ""quantile10_rolling_periods"": null, ""ewm_alpha"": 0.5, ""additional_lag_periods"": 27, ""abs_energy"": false, ""rolling_autocorr_periods"": null, ""nonzero_last_n"": null, ""add_date_part"": null, ""polynomial_degree"": null, ""x_transform"": null, ""regression_type"": null}","{""fillna"": ""ffill"", ""transformations"": {""0"": ""DifferencedTransformer"", ""1"": ""DifferencedTransformer"", ""2"": ""Scaler""}, ""transformation_params"": {""0"": {""lag"": 1, ""fill"": ""bfill""}, ""1"": {""lag"": 1, ""fill"": ""zero""}, ""2"": {}}}",0,1,154.94888633588056,4.283940800534726,4.663155672529394,1.0905011486620917,4.283940800534726,0.0,-254.71092412494244,4.274449329604265,2.3255239071411458,1.569685015420032,387.6013528335777,1.0,0.5666666666666667,6.628880023956299,0.8166666666666667,4.043452023222031,3.947219851286445,19.047148067048965,50.891517516116444,0.02392104369641304,252.3854002178013,210.87013210519257,19.440098579105285,0.7690188154696711,154.94888633588056,4.283940800534726,4.663155672529394,1.0905011486620917,4.283940800534726,0.0,4.274449329604265,1.569685015420032,387.6013528335777,6.628880023956299,0.8166666666666667,4.043452023222031,3.947219851286445,19.047148067048965,50.891517516116444,0.02392104369641304,252.3854002178013,210.87013210519257,19.440098579105285,0.7690188154696711,1.0,0.5666666666666667,0.3351,6509.283809052536,64.11290116227676,Wh,64.11290116227676,Wh
37,ac8ccc22da2723cd7da3f0b75da37ffb,DatepartRegression,"{""regression_model"": {""model"": ""ElasticNet"", ""model_params"": {""l1_ratio"": 0.1, ""fit_intercept"": true, ""selection"": ""cyclic"", ""max_iter"": 1000}}, ""datepart_method"": ""anchored_warped_fourier:us_school"", ""polynomial_degree"": null, ""holiday_countries_used"": true, ""lags"": null, ""forward_lags"": null, ""regression_type"": null}","{""fillna"": ""zero"", ""transformations"": {""0"": ""DifferencedTransformer"", ""1"": ""DifferencedTransformer""}, ""transformation_params"": {""0"": {""lag"": 1, ""fill"": ""bfill""}, ""1"": {""lag"": 1, ""fill"": ""bfill""}}}",0,1,166.3375731795578,4.591157769163449,4.897321863974757,1.0338284859627629,4.591157769163449,0.0,-275.469466149807,4.591157769163449,0.0,1.6340061415089706,386.7110662523065,1.0,0.55,6.628880023956299,0.8,4.357160884145977,4.276470697393604,19.526575325631597,55.425562967283604,0.020469232333311757,275.469466149807,248.8523001538295,18.931285868263146,0.839356010188285,166.3375731795578,4.591157769163449,4.897321863974757,1.0338284859627629,4.591157769163449,0.0,4.591157769163449,1.6340061415089706,386.7110662523065,6.628880023956299,0.8,4.357160884145977,4.276470697393604,19.526575325631597,55.425562967283604,0.020469232333311757,275.469466149807,248.8523001538295,18.931285868263146,0.839356010188285,1.0,0.55,0.9981,6506.479192801788,68.71067038042494,Wh,68.71067038042494,Wh
38,ff4336e6a045aaa0ae9e92fa47c4aa56,RollingRegression,"{""regression_model"": {""model"": ""DecisionTree"", ""model_params"": {""max_depth"": 9, ""min_samples_split"": 2}}, ""holiday"": false, ""mean_rolling_periods"": 7, ""macd_periods"": 2, ""std_rolling_periods"": 30, ""max_rolling_periods"": null, ""min_rolling_periods"": null, ""ewm_var_alpha"": null, ""quantile90_rolling_periods"": null, ""quantile10_rolling_periods"": null, ""ewm_alpha"": null, ""additional_lag_periods"": 90, ""abs_energy"": false, ""rolling_autocorr_periods"": 2, ""nonzero_last_n"": null, ""add_date_part"": ""simple_binarized"", ""polynomial_degree"": null, ""x_transform"": null, ""regression_type"": null}","{""fillna"": ""ffill"", ""transformations"": {""0"": ""DifferencedTransformer"", ""1"": ""Scaler"", ""2"": ""DifferencedTransformer"", ""3"": ""Scaler""}, ""transformation_params"": {""0"": {""lag"": 1, ""fill"": ""bfill""}, ""1"": {}, ""2"": {""lag"": 1, ""fill"": ""zero""}, ""3"": {}}}",0,1,166.7009806029815,4.584499726084866,4.895825541009111,1.1229914053367571,4.584499726084866,0.0,-270.7111238212155,4.564563890039579,4.358859743876462,1.6563643763463431,386.38689210572744,1.0,0.55,6.628880023956299,0.7833333333333333,4.326690397708189,4.268637705536447,19.520097870219338,55.316991311522315,0.09349675056954317,266.352264077339,233.04180418592978,16.992333084675252,0.81157587737507,166.7009806029815,4.584499726084866,4.895825541009111,1.1229914053367571,4.584499726084866,0.0,4.564563890039579,1.6563643763463431,386.38689210572744,6.628880023956299,0.7833333333333333,4.326690397708189,4.268637705536447,19.520097870219338,55.316991311522315,0.09349675056954317,266.352264077339,233.04180418592978,16.992333084675252,0.81157587737507,1.0,0.55,5.6032,6501.329384544985,68.61102697317288,Wh,68.61102697317288,Wh
39,444e631e1685997a9e488b4d057c9186,RollingRegression,"{""regression_model"": {""model"": ""BayesianRidge"", ""model_params"": {}}, ""holiday"": false, ""mean_rolling_periods"": null, ""macd_periods"": null, ""std_rolling_periods"": null, ""max_rolling_periods"": null, ""min_rolling_periods"": 364, ""ewm_var_alpha"": null, ""quantile90_rolling_periods"": null, ""quantile10_rolling_periods"": null, ""ewm_alpha"": 0.05, ""additional_lag_periods"": 6, ""abs_energy"": false, ""rolling_autocorr_periods"": null, ""nonzero_last_n"": null, ""add_date_part"": null, ""polynomial_degree"": null, ""x_transform"": null, ""regression_type"": null}","{""fillna"": ""time"", ""transformations"": {""0"": ""Scaler"", ""1"": ""DifferencedTransformer"", ""2"": ""Scaler"", ""3"": ""Scaler"", ""4"": ""Scaler"", ""5"": ""DifferencedTransformer""}, ""transformation_params"": {""0"": {}, ""1"": {""lag"": 7, ""fill"": ""zero""}, ""2"": {}, ""3"": {}, ""4"": {}, ""5"": {""lag"": 1, ""fill"": ""bfill""}}}",0,1,143.7159643260733,28.274627835970858,28.65868630985588,2.263972770841005,28.274627835970858,0.0,0.0,3.3630378402752825,1696.4776701582514,28.274627835970858,366.0726435008697,0.9333333333333333,0.5333333333333333,35.45427525369454,0.2,35.18257707825973,27.186669383576838,99.55396124295679,3070.5501149530737,0.470553891303172,1696.4776701582514,1869.6040866237413,52.67792026270993,5.169170828621599,143.7159643260733,28.274627835970858,28.65868630985588,2.263972770841005,28.274627835970858,0.0,3.3630378402752825,28.274627835970858,366.0726435008697,35.45427525369454,0.2,35.18257707825973,27.186669383576838,99.55396124295679,3070.5501149530737,0.470553891303172,1696.4776701582514,1869.6040866237413,52.67792026270993,5.169170828621599,0.9333333333333333,0.5333333333333333,0.2644,6375.236203714587,423.1544048464645,Wh,423.1544048464645,Wh
40,09026c84f54b67c3ae983412ab862bf1,ARIMA,"{""p"": 1, ""d"": 1, ""q"": 3, ""regression_type"": null}","{""fillna"": ""ffill_mean_biased"", ""transformations"": {""0"": ""DifferencedTransformer"", ""1"": ""DifferencedTransformer""}, ""transformation_params"": {""0"": {""lag"": 1, ""fill"": ""zero""}, ""1"": {""lag"": 1, ""fill"": ""bfill""}}}",0,1,32.518634748504184,2.173639453653681,2.722026167762403,1.0444661543448464,2.173639453653681,0.0,-0.4475723725759053,0.9947953014304515,129.97079484664496,2.173282036268524,380.37694476093014,1.0,0.43333333333333335,5.498331878634362,0.21666666666666667,4.1562559376935,1.7291410610609024,12.401180413474444,20.667764866982402,0.20529930915002292,129.52322247406906,78.09900073562557,22.76674056429595,0.39465751599286786,32.518634748504184,2.173639453653681,2.722026167762403,1.0444661543448464,2.173639453653681,0.0,0.9947953014304515,2.173282036268524,380.37694476093014,5.498331878634362,0.21666666666666667,4.1562559376935,1.7291410610609024,12.401180413474444,20.667764866982402,0.20529930915002292,129.52322247406906,78.09900073562557,22.76674056429595,0.39465751599286786,1.0,0.43333333333333335,0.3207,6274.70077289737,32.53040551753863,Wh,32.53040551753863,Wh
41,c19398f35b3a0bf904740c043bac791b,RollingRegression,"{""regression_model"": {""model"": ""ExtraTrees"", ""model_params"": {""n_estimators"": 100, ""min_samples_leaf"": 1, ""max_depth"": 10}}, ""holiday"": true, ""mean_rolling_periods"": 7, ""macd_periods"": null, ""std_rolling_periods"": 30, ""max_rolling_periods"": 28, ""min_rolling_periods"": 57, ""ewm_var_alpha"": null, ""quantile90_rolling_periods"": null, ""quantile10_rolling_periods"": null, ""ewm_alpha"": null, ""additional_lag_periods"": 90, ""abs_energy"": false, ""rolling_autocorr_periods"": null, ""nonzero_last_n"": null, ""add_date_part"": null, ""polynomial_degree"": null, ""x_transform"": null, ""regression_type"": null}","{""fillna"": ""ffill"", ""transformations"": {""0"": ""Scaler"", ""1"": ""DifferencedTransformer"", ""2"": ""Scaler"", ""3"": ""Scaler"", ""4"": ""DifferencedTransformer""}, ""transformation_params"": {""0"": {}, ""1"": {""lag"": 2, ""fill"": ""zero""}, ""2"": {}, ""3"": {}, ""4"": {""lag"": 1, ""fill"": ""zero""}}}",0,1,161.46809406315361,34.493282789534945,64.45005213539692,8.186747836298412,34.493282789534945,0.0,-173.13772036263117,4.474293082334905,1896.4592470094656,32.58284974525732,342.3918010613519,0.9833333333333333,0.6,210.38731165537305,0.43333333333333335,90.72433277160832,13.893379837371585,260.693903357853,19989.355720845397,0.3698462346833829,1723.3215266468342,444.9199014854771,67.19194930871566,5.2509641126296005,161.46809406315361,34.493282789534945,64.45005213539692,8.186747836298412,34.493282789534945,0.0,4.474293082334905,32.58284974525732,342.3918010613519,210.38731165537305,0.43333333333333335,90.72433277160832,13.893379837371585,260.693903357853,19989.355720845397,0.3698462346833829,1723.3215266468342,444.9199014854771,67.19194930871566,5.2509641126296005,0.9833333333333333,0.6,7.9645,6157.908761869269,516.2219865344262,Wh,516.2219865344262,Wh
42,dc93be741248cc60ec485cf8ed736fd3,RollingRegression,"{""regression_model"": {""model"": ""BayesianRidge"", ""model_params"": {}}, ""holiday"": false, ""mean_rolling_periods"": 12, ""macd_periods"": 7, ""std_rolling_periods"": null, ""max_rolling_periods"": 12, ""min_rolling_periods"": null, ""ewm_var_alpha"": null, ""quantile90_rolling_periods"": null, ""quantile10_rolling_periods"": null, ""ewm_alpha"": null, ""additional_lag_periods"": 2, ""abs_energy"": true, ""rolling_autocorr_periods"": null, ""nonzero_last_n"": null, ""add_date_part"": ""expanded"", ""polynomial_degree"": null, ""x_transform"": null, ""regression_type"": null}","{""fillna"": ""time"", ""transformations"": {""0"": ""Scaler"", ""1"": ""Scaler"", ""2"": ""DifferencedTransformer"", ""3"": ""DifferencedTransformer""}, ""transformation_params"": {""0"": {}, ""1"": {}, ""2"": {""lag"": 2, ""fill"": ""bfill""}, ""3"": {""lag"": 1, ""fill"": ""zero""}}}",0,1,148.22513083459805,50.80201723504072,61.68275110924162,4.146236471309638,50.80201723504072,0.0,0.0,3.6628574613863467,3048.1210341024434,50.80201723504072,332.381314512986,0.9833333333333333,0.45,123.20849592426725,0.2,86.1096177255858,40.31034665227277,288.6367949633028,11624.23877013732,0.14803097869868673,3048.1210341024434,1896.3635364567147,69.296817345801,9.287630841684154,148.22513083459805,50.80201723504072,61.68275110924162,4.146236471309638,50.80201723504072,0.0,3.6628574613863467,50.80201723504072,332.381314512986,123.20849592426725,0.2,86.1096177255858,40.31034665227277,288.6367949633028,11624.23877013732,0.14803097869868673,3048.1210341024434,1896.3635364567147,69.296817345801,9.287630841684154,0.9833333333333333,0.45,0.625,6069.5571266128145,760.2963863151182,Wh,760.2963863151182,Wh
43,0bbdede75c0e032bbc0b9cf82269bc28,RollingRegression,"{""regression_model"": {""model"": ""ExtraTrees"", ""model_params"": {""n_estimators"": 100, ""min_samples_leaf"": 1, ""max_depth"": 10}}, ""holiday"": false, ""mean_rolling_periods"": 5, ""macd_periods"": null, ""std_rolling_periods"": 30, ""max_rolling_periods"": 28, ""min_rolling_periods"": 24, ""ewm_var_alpha"": null, ""quantile90_rolling_periods"": null, ""quantile10_rolling_periods"": null, ""ewm_alpha"": null, ""additional_lag_periods"": 2, ""abs_energy"": false, ""rolling_autocorr_periods"": null, ""nonzero_last_n"": null, ""add_date_part"": null, ""polynomial_degree"": null, ""x_transform"": null, ""regression_type"": null}","{""fillna"": ""ffill"", ""transformations"": {""0"": ""DifferencedTransformer"", ""1"": ""Scaler"", ""2"": ""Scaler"", ""3"": ""DifferencedTransformer"", ""4"": ""Scaler"", ""5"": ""Scaler""}, ""transformation_params"": {""0"": {""lag"": 1, ""fill"": ""bfill""}, ""1"": {}, ""2"": {}, ""3"": {""lag"": 1, ""fill"": ""bfill""}, ""4"": {}, ""5"": {}}}",0,1,134.86064080701667,3.7216357971803555,4.236612595761288,1.063173300113079,3.7216357971803555,0.0,-215.9840098014203,3.678973789238129,7.31413802940104,1.4446037659118844,361.48312728611285,1.0,0.5333333333333333,6.489130020141602,0.8,3.355957897279305,3.33999584534311,17.975475402094208,43.3610218072685,0.12115733126079405,208.6698717720193,148.65609370918594,18.25990937463399,0.63581751351641,134.86064080701667,3.7216357971803555,4.236612595761288,1.063173300113079,3.7216357971803555,0.0,3.678973789238129,1.4446037659118844,361.48312728611285,6.489130020141602,0.8,3.355957897279305,3.33999584534311,17.975475402094208,43.3610218072685,0.12115733126079405,208.6698717720193,148.65609370918594,18.25990937463399,0.63581751351641,1.0,0.5333333333333333,1.8787,6060.839797400012,55.69751757466683,Wh,55.69751757466683,Wh
44,ae2a7c64ff35ccd2938db854e4a28601,RollingRegression,"{""regression_model"": {""model"": ""ExtraTrees"", ""model_params"": {""n_estimators"": 100, ""min_samples_leaf"": 1, ""min_samples_split"": 2, ""max_depth"": 5, ""criterion"": ""squared_error"", ""max_features"": 1}}, ""holiday"": false, ""mean_rolling_periods"": 5, ""macd_periods"": 7, ""std_rolling_periods"": 5, ""max_rolling_periods"": 364, ""min_rolling_periods"": 364, ""ewm_var_alpha"": null, ""quantile90_rolling_periods"": null, ""quantile10_rolling_periods"": null, ""ewm_alpha"": null, ""additional_lag_periods"": 2, ""abs_energy"": false, ""rolling_autocorr_periods"": null, ""nonzero_last_n"": null, ""add_date_part"": ""expanded"", ""polynomial_degree"": null, ""x_transform"": ""RmZeroVariance"", ""regression_type"": null}","{""fillna"": ""cubic"", ""transformations"": {""0"": ""DifferencedTransformer"", ""1"": ""Scaler"", ""2"": ""Scaler"", ""3"": ""Scaler"", ""4"": ""DifferencedTransformer""}, ""transformation_params"": {""0"": {""lag"": 7, ""fill"": ""bfill""}, ""1"": {}, ""2"": {}, ""3"": {}, ""4"": {""lag"": 1, ""fill"": ""bfill""}}}",0,1,144.12959472158144,31.50072559630339,32.96202037956132,2.9356147069239955,31.50072559630339,0.0,0.0,3.404383969074421,1890.0435357782035,31.50072559630339,340.207981521828,0.9333333333333333,0.4666666666666667,41.056912565560786,0.2,40.11085223256026,30.054911677620687,100.54075283612862,3557.307345851174,0.4970530360756782,1890.0435357782035,2180.338305854202,63.164643950557284,5.758966405409951,144.12959472158144,31.50072559630339,32.96202037956132,2.9356147069239955,31.50072559630339,0.0,3.404383969074421,31.50072559630339,340.207981521828,41.056912565560786,0.2,40.11085223256026,30.054911677620687,100.54075283612862,3557.307345851174,0.4970530360756782,1890.0435357782035,2180.338305854202,63.164643950557284,5.758966405409951,0.9333333333333333,0.4666666666666667,2.1451,5987.2981135921345,471.435764575391,Wh,471.435764575391,Wh
45,6195e38b6a8a78c50a8e119e6a9ab847,ARIMA,"{""p"": 1, ""d"": 0, ""q"": 3, ""regression_type"": null}","{""fillna"": ""pchip"", ""transformations"": {""0"": ""Scaler"", ""1"": ""DifferencedTransformer"", ""2"": ""DifferencedTransformer""}, ""transformation_params"": {""0"": {}, ""1"": {""lag"": 7, ""fill"": ""bfill""}, ""2"": {""lag"": 1, ""fill"": ""one""}}}",0,1,155.04773001048216,37.763551990052534,37.80940400991196,2.2076422791505883,37.763551990052534,0.0,0.0,3.6563195287206987,2265.813119403152,37.763551990052534,330.95058337918647,0.9333333333333333,0.4166666666666667,40.88087923067268,0.2,48.54733847071722,37.328596940648374,152.85188776997668,4643.926079475305,0.5979353262410615,2265.813119403152,2225.875225167851,45.872445081463304,6.903937072649076,155.04773001048216,37.763551990052534,37.80940400991196,2.2076422791505883,37.763551990052534,0.0,3.6563195287206987,37.763551990052534,330.95058337918647,40.88087923067268,0.2,48.54733847071722,37.328596940648374,152.85188776997668,4643.926079475305,0.5979353262410615,2265.813119403152,2225.875225167851,45.872445081463304,6.903937072649076,0.9333333333333333,0.4166666666666667,0.1685,5895.965794576855,565.1644102954294,Wh,565.1644102954294,Wh
46,43773451abf07a8d0bf81f943bbe5e2e,DatepartRegression,"{""regression_model"": {""model"": ""ElasticNet"", ""model_params"": {""l1_ratio"": 0.5, ""fit_intercept"": true, ""selection"": ""cyclic"", ""max_iter"": 1000}}, ""datepart_method"": [""constant"", ""year"", ""hour""], ""polynomial_degree"": null, ""holiday_countries_used"": false, ""lags"": null, ""forward_lags"": null, ""regression_type"": null}","{""fillna"": ""fake_date"", ""transformations"": {""0"": ""Scaler"", ""1"": ""DifferencedTransformer"", ""2"": ""DifferencedTransformer"", ""3"": ""Scaler"", ""4"": ""Scaler"", ""5"": ""Scaler""}, ""transformation_params"": {""0"": {}, ""1"": {""lag"": 7, ""fill"": ""bfill""}, ""2"": {""lag"": 1, ""fill"": ""bfill""}, ""3"": {}, ""4"": {}, ""5"": {}}}",0,1,138.41885115772362,22.92151186224073,26.232631091515522,2.93667053660853,22.92151186224073,0.0,-42.73124631121755,3.367923493474125,1332.5594654232264,22.475266324958397,338.4033977453436,0.9333333333333333,0.5,37.67877738177776,0.36666666666666664,30.077375353864035,20.514077093013945,59.16770244185056,2763.2666297026544,0.5022397852150497,1289.8282191120088,1791.6323556719228,72.50105760874486,3.930109144050684,138.41885115772362,22.92151186224073,26.232631091515522,2.93667053660853,22.92151186224073,0.0,3.367923493474125,22.475266324958397,338.4033977453436,37.67877738177776,0.36666666666666664,30.077375353864035,20.514077093013945,59.16770244185056,2763.2666297026544,0.5022397852150497,1289.8282191120088,1791.6323556719228,72.50105760874486,3.930109144050684,0.9333333333333333,0.5,0.1181,5880.098969632597,343.04036702149614,Wh,343.04036702149614,Wh
47,1022e2fdec2af62ef389c2ea8f702e82,RollingRegression,"{""regression_model"": {""model"": ""BayesianRidge"", ""model_params"": {}}, ""holiday"": false, ""mean_rolling_periods"": 12, ""macd_periods"": 364, ""std_rolling_periods"": null, ""max_rolling_periods"": null, ""min_rolling_periods"": null, ""ewm_var_alpha"": null, ""quantile90_rolling_periods"": null, ""quantile10_rolling_periods"": null, ""ewm_alpha"": null, ""additional_lag_periods"": 90, ""abs_energy"": false, ""rolling_autocorr_periods"": null, ""nonzero_last_n"": null, ""add_date_part"": null, ""polynomial_degree"": null, ""x_transform"": null, ""regression_type"": null}","{""fillna"": ""ffill_mean_biased"", ""transformations"": {""0"": ""DifferencedTransformer"", ""1"": ""Scaler"", ""2"": ""Scaler"", ""3"": ""Scaler"", ""4"": ""DifferencedTransformer""}, ""transformation_params"": {""0"": {""lag"": 2, ""fill"": ""zero""}, ""1"": {}, ""2"": {}, ""3"": {}, ""4"": {""lag"": 1, ""fill"": ""bfill""}}}",0,1,123.23967371118322,18.965126631191545,19.94759024541614,1.4395105982069878,18.965126631191545,0.0,0.0,2.936841748101562,1137.9075978714927,18.965126631191545,342.1634130043085,0.9833333333333333,0.45,27.86004786581443,0.2,27.089660547684815,17.570740631831587,88.9904834434723,1040.8162626515996,0.14621104297408932,1137.9075978714927,938.3664861406437,7.553950249042028,3.467206709555751,123.23967371118322,18.965126631191545,19.94759024541614,1.4395105982069878,18.965126631191545,0.0,2.936841748101562,18.965126631191545,342.1634130043085,27.86004786581443,0.2,27.089660547684815,17.570740631831587,88.9904834434723,1040.8162626515996,0.14621104297408932,1137.9075978714927,938.3664861406437,7.553950249042028,3.467206709555751,0.9833333333333333,0.45,0.2895,5879.764077812631,283.82961993402785,Wh,283.82961993402785,Wh
48,e94583224d97fcfaa63ee5f3063d9ca5,RollingRegression,"{""regression_model"": {""model"": ""ElasticNet"", ""model_params"": {""l1_ratio"": 0.9, ""fit_intercept"": true, ""selection"": ""cyclic"", ""max_iter"": 1000}}, ""holiday"": false, ""mean_rolling_periods"": 5, ""macd_periods"": 420, ""std_rolling_periods"": 5, ""max_rolling_periods"": 364, ""min_rolling_periods"": 7, ""ewm_var_alpha"": null, ""quantile90_rolling_periods"": null, ""quantile10_rolling_periods"": null, ""ewm_alpha"": null, ""additional_lag_periods"": 23, ""abs_energy"": false, ""rolling_autocorr_periods"": null, ""nonzero_last_n"": null, ""add_date_part"": null, ""polynomial_degree"": null, ""x_transform"": null, ""regression_type"": null}","{""fillna"": ""ffill"", ""transformations"": {""0"": ""Scaler"", ""1"": ""Scaler"", ""2"": ""DifferencedTransformer"", ""3"": ""Scaler"", ""4"": ""DifferencedTransformer""}, ""transformation_params"": {""0"": {}, ""1"": {}, ""2"": {""lag"": 7, ""fill"": ""bfill""}, ""3"": {}, ""4"": {""lag"": 1, ""fill"": ""bfill""}}}",0,1,138.9526148445508,22.583936139914538,25.950538147566373,2.9745012957199592,22.583936139914538,0.0,-45.98913962372954,3.3860075959602125,1309.0470287711428,22.099987545309848,338.2997686221896,0.9333333333333333,0.5,37.593569153913194,0.38333333333333336,29.665990195729368,20.139768757129243,57.92470094679109,2733.1591412357816,0.5019576892319688,1263.057889147413,1770.798181863883,72.96717810217204,3.8485398955072276,138.9526148445508,22.583936139914538,25.950538147566373,2.9745012957199592,22.583936139914538,0.0,3.3860075959602125,22.099987545309848,338.2997686221896,37.593569153913194,0.38333333333333336,29.665990195729368,20.139768757129243,57.92470094679109,2733.1591412357816,0.5019576892319688,1263.057889147413,1770.798181863883,72.96717810217204,3.8485398955072276,0.9333333333333333,0.5,0.3316,5875.853403394859,337.98825264176855,Wh,337.98825264176855,Wh
49,665906be3cc91607212a88ab88c0acf7,ARIMA,"{""p"": 1, ""d"": 1, ""q"": 2, ""regression_type"": ""Holiday""}","{""fillna"": ""ffill_mean_biased"", ""transformations"": {""0"": ""Scaler"", ""1"": ""DifferencedTransformer"", ""2"": ""Scaler"", ""3"": ""DifferencedTransformer""}, ""transformation_params"": {""0"": {}, ""1"": {""lag"": 7, ""fill"": ""bfill""}, ""2"": {}, ""3"": {""lag"": 1, ""fill"": ""bfill""}}}",0,1,135.31847562566938,24.555714281938766,25.689539210745178,2.390598550394823,24.555714281938766,0.0,0.0,3.1850590088246076,1473.342856916326,24.555714281938766,336.58079680100644,0.9333333333333333,0.5666666666666667,34.68873259768546,0.2,30.705591969876707,22.924240552342294,77.5317960986205,2669.694721935849,0.4682611337280742,1473.342856916326,1739.922459442697,58.97467318274401,4.489278609732272,135.31847562566938,24.555714281938766,25.689539210745178,2.390598550394823,24.555714281938766,0.0,3.1850590088246076,24.555714281938766,336.58079680100644,34.68873259768546,0.2,30.705591969876707,22.924240552342294,77.5317960986205,2669.694721935849,0.4682611337280742,1473.342856916326,1739.922459442697,58.97467318274401,4.489278609732272,0.9333333333333333,0.5666666666666667,0.38,5854.177906640556,367.4976280088972,Wh,367.4976280088972,Wh
50,85b096e894edf98a7d177ec371e08c6f,RollingRegression,"{""regression_model"": {""model"": ""ExtraTrees"", ""model_params"": {""n_estimators"": 100, ""min_samples_leaf"": 1, ""max_depth"": 10}}, ""holiday"": true, ""mean_rolling_periods"": 7, ""macd_periods"": null, ""std_rolling_periods"": 30, ""max_rolling_periods"": 28, ""min_rolling_periods"": null, ""ewm_var_alpha"": null, ""quantile90_rolling_periods"": null, ""quantile10_rolling_periods"": null, ""ewm_alpha"": null, ""additional_lag_periods"": 27, ""abs_energy"": false, ""rolling_autocorr_periods"": null, ""nonzero_last_n"": null, ""add_date_part"": null, ""polynomial_degree"": null, ""x_transform"": null, ""regression_type"": null}","{""fillna"": ""ffill"", ""transformations"": {""0"": ""DifferencedTransformer"", ""1"": ""Scaler"", ""2"": ""DifferencedTransformer""}, ""transformation_params"": {""0"": {""lag"": 1, ""fill"": ""bfill""}, ""1"": {}, ""2"": {""lag"": 1, ""fill"": ""bfill""}}}",0,1,181.82812024378168,5.044898778985567,5.185655274336836,1.0968219292017432,5.044898778985567,0.0,-302.693926739134,5.044898778985567,0.0,1.7730168925162209,345.7313755118553,1.0,0.55,6.628880023956299,0.8,4.79391937482505,4.787404245945317,20.11314199180096,62.84668215900649,0.026896390072359586,302.693926739134,297.15632061738586,19.2104830226245,0.9223089956467851,181.82812024378168,5.044898778985567,5.185655274336836,1.0968219292017432,5.044898778985567,0.0,5.044898778985567,1.7730168925162209,345.7313755118553,6.628880023956299,0.8,4.79391937482505,4.787404245945317,20.11314199180096,62.84668215900649,0.026896390072359586,302.693926739134,297.15632061738586,19.2104830226245,0.9223089956467851,1.0,0.55,8.0055,5851.741488821534,75.50129935278747,Wh,75.50129935278747,Wh
51,c4424df7120ea951f49d542fb5c1b15a,RollingRegression,"{""regression_model"": {""model"": ""RANSAC"", ""model_params"": {}}, ""holiday"": false, ""mean_rolling_periods"": 7, ""macd_periods"": 7, ""std_rolling_periods"": null, ""max_rolling_periods"": 2, ""min_rolling_periods"": 9, ""ewm_var_alpha"": null, ""quantile90_rolling_periods"": null, ""quantile10_rolling_periods"": null, ""ewm_alpha"": null, ""additional_lag_periods"": 6, ""abs_energy"": true, ""rolling_autocorr_periods"": null, ""nonzero_last_n"": null, ""add_date_part"": ""simple_binarized"", ""polynomial_degree"": null, ""x_transform"": null, ""regression_type"": null}","{""fillna"": ""fake_date"", ""transformations"": {""0"": ""DifferencedTransformer"", ""1"": ""DifferencedTransformer"", ""2"": ""Scaler""}, ""transformation_params"": {""0"": {""lag"": 1, ""fill"": ""bfill""}, ""1"": {""lag"": 1, ""fill"": ""bfill""}, ""2"": {}}}",0,1,176.99757110866392,4.911650538025424,5.095687793007169,1.0774021590051612,4.911650538025424,0.0,-294.69903228152543,4.911650538025424,0.0,1.7352759563665017,345.49823992859535,1.0,0.55,6.628880023956299,0.8,4.656826698319971,4.641477088809159,19.948933914486613,59.341775243043706,0.10155454606210997,294.69903228152543,282.6473679574581,18.964540044977785,0.8979485363639208,176.99757110866392,4.911650538025424,5.095687793007169,1.0774021590051612,4.911650538025424,0.0,4.911650538025424,1.7352759563665017,345.49823992859535,6.628880023956299,0.8,4.656826698319971,4.641477088809159,19.948933914486613,59.341775243043706,0.10155454606210997,294.69903228152543,282.6473679574581,18.964540044977785,0.8979485363639208,1.0,0.55,0.7199,5842.9560553763895,73.50712349917659,Wh,73.50712349917659,Wh
52,c0f83ace01965cf541011c6ae773d4e9,ARIMA,"{""p"": 1, ""d"": 0, ""q"": 2, ""regression_type"": ""Holiday""}","{""fillna"": ""ffill"", ""transformations"": {""0"": ""Scaler"", ""1"": ""Scaler"", ""2"": ""DifferencedTransformer"", ""3"": ""Scaler"", ""4"": ""Scaler"", ""5"": ""DifferencedTransformer""}, ""transformation_params"": {""0"": {}, ""1"": {}, ""2"": {""lag"": 7, ""fill"": ""bfill""}, ""3"": {}, ""4"": {}, ""5"": {""lag"": 1, ""fill"": ""zero""}}}",0,1,126.23005644598526,18.83373214587742,21.68556591562084,2.6917019135566025,18.83373214587742,0.0,-32.30461247926921,3.0884876767146006,1097.719316273376,18.503477728402732,334.396481090109,0.9333333333333333,0.5666666666666667,33.95980847365059,0.35,24.617271004302548,16.310031607872304,48.18198305104204,2276.368684593555,0.4874301109675497,1065.4147037941068,1496.2680129778876,71.97037822256824,3.246320717397526,126.23005644598526,18.83373214587742,21.68556591562084,2.6917019135566025,18.83373214587742,0.0,3.0884876767146006,18.503477728402732,334.396481090109,33.95980847365059,0.35,24.617271004302548,16.310031607872304,48.18198305104204,2276.368684593555,0.4874301109675497,1065.4147037941068,1496.2680129778876,71.97037822256824,3.246320717397526,0.9333333333333333,0.5666666666666667,0.328,5764.350755619097,281.8631871464503,Wh,281.8631871464503,Wh
53,1040330de6a8fd314a329a4ca9c5f5fe,ARIMA,"{""p"": 3, ""d"": 2, ""q"": 7, ""regression_type"": null}","{""fillna"": ""akima"", ""transformations"": {""0"": ""Scaler"", ""1"": ""Scaler"", ""2"": ""Scaler"", ""3"": ""DifferencedTransformer"", ""4"": ""DifferencedTransformer""}, ""transformation_params"": {""0"": {}, ""1"": {}, ""2"": {}, ""3"": {""lag"": 2, ""fill"": ""bfill""}, ""4"": {""lag"": 1, ""fill"": ""bfill""}}}",0,1,139.29021002130472,42.363677457393386,53.679706628847526,4.049770750017814,42.363677457393386,0.0,0.0,3.437382259881899,2541.8206474436033,42.363677457393386,317.6752432101114,0.9666666666666667,0.45,117.57070445089133,0.2,75.20230037754105,31.854456451967724,250.7238733619885,9429.420602708491,0.1691004848281604,2541.8206474436033,1479.0748965651885,52.54544155092515,7.744932558486251,139.29021002130472,42.363677457393386,53.679706628847526,4.049770750017814,42.363677457393386,0.0,3.437382259881899,42.363677457393386,317.6752432101114,117.57070445089133,0.2,75.20230037754105,31.854456451967724,250.7238733619885,9429.420602708491,0.1691004848281604,2541.8206474436033,1479.0748965651885,52.54544155092515,7.744932558486251,0.9666666666666667,0.45,1.9176,5744.498989094155,634.0092900810891,Wh,634.0092900810891,Wh
54,5beb3196681409fc6a17cbc039638b70,ARIMA,"{""p"": 1, ""d"": 0, ""q"": 3, ""regression_type"": ""Holiday""}","{""fillna"": ""linear"", ""transformations"": {""0"": ""DifferencedTransformer"", ""1"": ""Scaler"", ""2"": ""DifferencedTransformer""}, ""transformation_params"": {""0"": {""lag"": 7, ""fill"": ""bfill""}, ""1"": {}, ""2"": {""lag"": 1, ""fill"": ""bfill""}}}",0,1,123.97839889697634,21.84142621459465,24.000338845748075,2.614108847816134,21.84142621459465,0.0,-1.0997548986233028,2.96037941574378,1309.3858179770557,21.835460643333867,326.6403730977518,0.9333333333333333,0.5666666666666667,34.57382732055102,0.23333333333333334,28.055073603408804,19.74167201920929,60.731625720759936,2498.905247172671,0.5908340741685073,1308.2860630784323,1656.0617251093859,64.94092630026073,3.9863502312567336,123.97839889697634,21.84142621459465,24.000338845748075,2.614108847816134,21.84142621459465,0.0,2.96037941574378,21.835460643333867,326.6403730977518,34.57382732055102,0.23333333333333334,28.055073603408804,19.74167201920929,60.731625720759936,2498.905247172671,0.5908340741685073,1308.2860630784323,1656.0617251093859,64.94092630026073,3.9863502312567336,0.9333333333333333,0.5666666666666667,0.4296,5661.2183417868055,326.8759456164003,Wh,326.8759456164003,Wh
55,aefa3fe93eb5b9f457b45e3ecb61ceeb,ARIMA,"{""p"": 1, ""d"": 2, ""q"": 3, ""regression_type"": ""Holiday""}","{""fillna"": ""ffill_mean_biased"", ""transformations"": {""0"": ""DifferencedTransformer"", ""1"": ""DifferencedTransformer""}, ""transformation_params"": {""0"": {""lag"": 7, ""fill"": ""bfill""}, ""1"": {""lag"": 1, ""fill"": ""zero""}}}",0,1,163.251471002278,12.123024925471334,16.254545337316497,3.040616844432095,12.123024925471334,0.0,-173.96390976118556,4.1203163006225,553.4175857670946,10.263891690691304,325.4167228926631,0.9333333333333333,0.5666666666666667,34.04041951698485,0.7666666666666667,17.11280688178693,8.53751940310778,29.568071255855862,1874.056542493859,0.5164208533226152,379.4536760059091,836.90097106645,95.00558885774817,1.1561961040371413,163.251471002278,12.123024925471334,16.254545337316497,3.040616844432095,12.123024925471334,0.0,4.1203163006225,10.263891690691304,325.4167228926631,34.04041951698485,0.7666666666666667,17.11280688178693,8.53751940310778,29.568071255855862,1874.056542493859,0.5164208533226152,379.4536760059091,836.90097106645,95.00558885774817,1.1561961040371413,0.9333333333333333,0.5666666666666667,0.4773,5586.658583926506,181.43161519354913,Wh,181.43161519354913,Wh
56,3bbfdac3ada6a3742406e047883f0eed,RollingRegression,"{""regression_model"": {""model"": ""BayesianRidge"", ""model_params"": {}}, ""holiday"": false, ""mean_rolling_periods"": 7, ""macd_periods"": 24, ""std_rolling_periods"": 30, ""max_rolling_periods"": 364, ""min_rolling_periods"": null, ""ewm_var_alpha"": null, ""quantile90_rolling_periods"": null, ""quantile10_rolling_periods"": null, ""ewm_alpha"": null, ""additional_lag_periods"": 2, ""abs_energy"": true, ""rolling_autocorr_periods"": null, ""nonzero_last_n"": null, ""add_date_part"": ""expanded"", ""polynomial_degree"": null, ""x_transform"": ""RmZeroVariance"", ""regression_type"": null}","{""fillna"": ""zero"", ""transformations"": {""0"": ""Scaler"", ""1"": ""Scaler"", ""2"": ""Scaler"", ""3"": ""DifferencedTransformer"", ""4"": ""DifferencedTransformer""}, ""transformation_params"": {""0"": {}, ""1"": {}, ""2"": {}, ""3"": {""lag"": 1, ""fill"": ""zero""}, ""4"": {""lag"": 7, ""fill"": ""zero""}}}",0,1,165.06868187850014,4.532735521326716,4.86531432112775,1.0619333079116098,4.532735521326716,0.0,-269.25101564265606,4.522735961162694,2.7131156369468954,1.6273907969207415,319.3249155691595,1.0,0.55,6.628880023956299,0.7833333333333333,4.2904076978493935,4.207738641115094,19.448882048688063,54.72081971376109,0.03669417341882557,266.53790000570916,233.220684695159,18.295342832492,0.8121415104173166,165.06868187850014,4.532735521326716,4.86531432112775,1.0619333079116098,4.532735521326716,0.0,4.522735961162694,1.6273907969207415,319.3249155691595,6.628880023956299,0.7833333333333333,4.2904076978493935,4.207738641115094,19.448882048688063,54.72081971376109,0.03669417341882557,266.53790000570916,233.220684695159,18.295342832492,0.8121415104173166,1.0,0.55,0.741,5401.86180780306,67.83633061345921,Wh,67.83633061345921,Wh
57,b582b56fff343c9439b2db502f5d72f7,WindowRegression,"{""window_size"": 10, ""input_dim"": ""univariate"", ""output_dim"": ""1step"", ""normalize_window"": false, ""max_windows"": 5000000, ""fourier_encoding_components"": null, ""scale"": true, ""datepart_method"": null, ""regression_type"": null, ""regression_model"": {""model"": ""HistGradientBoost"", ""model_params"": {""loss"": ""squared_error"", ""learning_rate"": 0.01, ""max_depth"": 20, ""min_samples_leaf"": 20, ""max_iter"": 250, ""l2_regularization"": 0}}}","{""fillna"": ""ffill"", ""transformations"": {""0"": ""DifferencedTransformer"", ""1"": ""Scaler"", ""2"": ""Scaler"", ""3"": ""DifferencedTransformer""}, ""transformation_params"": {""0"": {""lag"": 1, ""fill"": ""bfill""}, ""1"": {}, ""2"": {}, ""3"": {""lag"": 1, ""fill"": ""zero""}}}",0,1,130.03947434196448,43.47781411464983,55.5239603818654,3.500937217687923,43.47781411464983,0.0,-0.44030484125033453,3.254642899232548,2608.2285420377393,43.47655661373726,276.6133349832215,1.0,0.43333333333333335,102.55114796039818,0.18333333333333332,77.89798621195983,33.98504571754721,257.3050086501004,8903.906917635206,0.33258260418860247,2607.7882371964893,1459.4649140724175,56.18672062157279,7.945935935414452,130.03947434196448,43.47781411464983,55.5239603818654,3.500937217687923,43.47781411464983,0.0,3.254642899232548,43.47655661373726,276.6133349832215,102.55114796039818,0.18333333333333332,77.89798621195983,33.98504571754721,257.3050086501004,8903.906917635206,0.33258260418860247,2607.7882371964893,1459.4649140724175,56.18672062157279,7.945935935414452,1.0,0.43333333333333335,0.8079,5077.553401824386,650.6833144698099,Wh,650.6833144698099,Wh
58,e17c9eb2e60f73e5dc8cbb04a65ca2e9,ARIMA,"{""p"": 3, ""d"": 2, ""q"": 0, ""regression_type"": null}","{""fillna"": ""ffill"", ""transformations"": {""0"": ""DifferencedTransformer"", ""1"": ""Scaler"", ""2"": ""Scaler"", ""3"": ""Scaler""}, ""transformation_params"": {""0"": {""lag"": 1, ""fill"": ""bfill""}, ""1"": {}, ""2"": {}, ""3"": {}}}",0,1,175.3191541857039,4.804084393551728,5.090979267289145,1.0910818692302373,4.804084393551728,0.0,-288.1382549791857,4.80404656585601,0.10680863391794038,1.6756741266460187,281.48114952218816,1.0,0.5666666666666667,6.628880023956299,0.8166666666666667,4.652926731943284,4.504093204258447,19.83328622876407,59.17409005812294,0.04109557071759443,288.0314463452678,269.8631360818299,18.456928901243973,0.8776323887804306,175.3191541857039,4.804084393551728,5.090979267289145,1.0910818692302373,4.804084393551728,0.0,4.80404656585601,1.6756741266460187,281.48114952218816,6.628880023956299,0.8166666666666667,4.652926731943284,4.504093204258447,19.83328622876407,59.17409005812294,0.04109557071759443,288.0314463452678,269.8631360818299,18.456928901243973,0.8776323887804306,1.0,0.5666666666666667,0.051,4793.017252820768,71.8973025632317,Wh,71.8973025632317,Wh
59,5b7390e5135188e542f92532e77d5381,ARIMA,"{""p"": 3, ""d"": 2, ""q"": 0, ""regression_type"": null}","{""fillna"": ""rolling_mean"", ""transformations"": {""0"": ""Scaler"", ""1"": ""DifferencedTransformer"", ""2"": ""Scaler""}, ""transformation_params"": {""0"": {}, ""1"": {""lag"": 1, ""fill"": ""bfill""}, ""2"": {}}}",0,1,175.3191541857039,4.804084393551728,5.090979267289145,1.0910818692302373,4.804084393551728,0.0,-288.1382549791857,4.80404656585601,0.10680863391794038,1.6756741266460187,281.48114952218816,1.0,0.5666666666666667,6.628880023956299,0.8166666666666667,4.652926731943284,4.504093204258447,19.83328622876407,59.17409005812294,0.04109557071759443,288.0314463452678,269.8631360818299,18.456928901243973,0.8776323887804306,175.3191541857039,4.804084393551728,5.090979267289145,1.0910818692302373,4.804084393551728,0.0,4.80404656585601,1.6756741266460187,281.48114952218816,6.628880023956299,0.8166666666666667,4.652926731943284,4.504093204258447,19.83328622876407,59.17409005812294,0.04109557071759443,288.0314463452678,269.8631360818299,18.456928901243973,0.8776323887804306,1.0,0.5666666666666667,0.0476,4793.017252065738,71.8973025632317,Wh,71.8973025632317,Wh
60,6dd422209055541c56e123dcec0fabdb,WindowRegression,"{""window_size"": 10, ""input_dim"": ""univariate"", ""output_dim"": ""1step"", ""normalize_window"": false, ""max_windows"": 5000000, ""fourier_encoding_components"": null, ""scale"": true, ""datepart_method"": null, ""regression_type"": null, ""regression_model"": {""model"": ""HistGradientBoost"", ""model_params"": {""loss"": ""squared_error"", ""learning_rate"": 0.01, ""max_depth"": 20, ""min_samples_leaf"": 20, ""max_iter"": 250, ""l2_regularization"": 0}}}","{""fillna"": ""seasonal_linear_window_3"", ""transformations"": {""0"": ""DifferencedTransformer"", ""1"": ""DifferencedTransformer""}, ""transformation_params"": {""0"": {""lag"": 1, ""fill"": ""bfill""}, ""1"": {""lag"": 1, ""fill"": ""zero""}}}",0,4,149.89722376283044,63.044941352732764,81.199373898895,3.3526645263130717,63.044941352732764,0.0,-436.3124987440916,4.55463638691095,14694.473425911772,61.74766283679001,211.08602686031912,1.0,0.4875,407.8531241985158,0.22083333333333333,81.20518869341275,47.734318949080695,375.98700408466686,17565.742484261773,0.3142033808376141,3782.3027692988308,1195.9835730314562,57.13165410876735,9.704317697803022,149.89722376283044,63.044941352732764,81.199373898895,3.3526645263130717,63.044941352732764,0.0,4.55463638691095,61.74766283679001,211.08602686031912,407.8531241985158,0.22083333333333333,81.20518869341275,47.734318949080695,375.98700408466686,17565.742484261773,0.3142033808376141,3782.3027692988308,1195.9835730314562,57.13165410876735,9.704317697803022,1.0,0.4875,0.738375,4218.000360940917,2240.6833959491814,Wh,2240.6833959491814,Wh
61,4eabcfc0699c8ff6256fb9cb33923781,WindowRegression,"{""window_size"": 10, ""input_dim"": ""univariate"", ""output_dim"": ""1step"", ""normalize_window"": false, ""max_windows"": 5000000, ""fourier_encoding_components"": null, ""scale"": true, ""datepart_method"": null, ""regression_type"": null, ""regression_model"": {""model"": ""HistGradientBoost"", ""model_params"": {""loss"": ""squared_error"", ""learning_rate"": 0.01, ""max_depth"": 20, ""min_samples_leaf"": 20, ""max_iter"": 250, ""l2_regularization"": 0}}}","{""fillna"": ""ffill"", ""transformations"": {""0"": ""Scaler"", ""1"": ""Scaler"", ""2"": ""Scaler"", ""3"": ""DifferencedTransformer"", ""4"": ""DifferencedTransformer""}, ""transformation_params"": {""0"": {}, ""1"": {}, ""2"": {}, ""3"": {""lag"": 7, ""fill"": ""bfill""}, ""4"": {""lag"": 1, ""fill"": ""bfill""}}}",0,4,170.58394568214726,27.097588174387084,30.188748053307986,1.9864391982064975,27.097588174387084,0.0,-740.2507862603501,4.902642337530206,5763.17037559255,24.99757490730787,124.81314346515738,0.9291666666666667,0.5166666666666667,90.42680346048789,0.6708333333333334,20.261145008203073,23.842354432624255,101.82969523563159,2144.296101795376,0.6266363346741084,1281.9050852976745,678.2727046868908,61.401342436620396,2.9392294685254994,170.58394568214726,27.097588174387084,30.188748053307986,1.9864391982064975,27.097588174387084,0.0,4.902642337530206,24.99757490730787,124.81314346515738,90.42680346048789,0.6708333333333334,20.261145008203073,23.842354432624255,101.82969523563159,2144.296101795376,0.6266363346741084,1281.9050852976745,678.2727046868908,61.401342436620396,2.9392294685254994,0.9291666666666667,0.5166666666666667,0.7001,2438.908002646217,1068.0873292677286,Wh,1068.0873292677286,Wh
62,f5d530c104cef3ac041e7c55fe0c8105,ARIMA,"{""p"": 5, ""d"": 2, ""q"": 4, ""regression_type"": ""Holiday""}","{""fillna"": ""time"", ""transformations"": {""0"": ""DifferencedTransformer"", ""1"": ""Scaler"", ""2"": ""Scaler""}, ""transformation_params"": {""0"": {""lag"": 7, ""fill"": ""bfill""}, ""1"": {}, ""2"": {}}}",0,1,149.03604574362356,31.9213826647557,31.998679614246566,2.2043202573835403,31.9213826647557,0.0,0.0,3.491777853953054,1915.282959885342,31.9213826647557,53.14461265083715,0.8333333333333334,0.5166666666666667,35.73029296757379,0.2,40.08338679429261,31.416675254473287,120.14633767162088,3582.724451982364,0.5135701702260241,1915.282959885342,2004.857405146286,47.50242873863418,5.83587098076676,149.03604574362356,31.9213826647557,31.998679614246566,2.2043202573835403,31.9213826647557,0.0,3.491777853953054,31.9213826647557,53.14461265083715,35.73029296757379,0.2,40.08338679429261,31.416675254473287,120.14633767162088,3582.724451982364,0.5135701702260241,1915.282959885342,2004.857405146286,47.50242873863418,5.83587098076676,0.8333333333333334,0.5166666666666667,2.3314,1289.594819760962,477.73126358171004,Wh,477.73126358171004,Wh
63,e102d3c4944ab3daf430ff9b3c866f48,ARIMA,"{""p"": 5, ""d"": 2, ""q"": 3, ""regression_type"": ""Holiday""}","{""fillna"": ""mean"", ""transformations"": {""0"": ""Scaler"", ""1"": ""DifferencedTransformer""}, ""transformation_params"": {""0"": {}, ""1"": {""lag"": 7, ""fill"": ""bfill""}}}",0,1,148.41385414638043,31.395237845482733,31.467355229631217,2.1985378896618135,31.395237845482733,0.0,0.0,3.475819351173395,1883.714270728964,31.395237845482733,53.03765016815699,0.8333333333333334,0.5333333333333333,35.395380028698256,0.2,39.41891947218324,30.856061613812876,118.38757311261794,3513.7363575404675,0.5077989124544887,1883.714270728964,1971.0858577170125,47.74770173873799,5.739681122240801,148.41385414638043,31.395237845482733,31.467355229631217,2.1985378896618135,31.395237845482733,0.0,3.475819351173395,31.395237845482733,53.03765016815699,35.395380028698256,0.2,39.41891947218324,30.856061613812876,118.38757311261794,3513.7363575404675,0.5077989124544887,1883.714270728964,1971.0858577170125,47.74770173873799,5.739681122240801,0.8333333333333334,0.5333333333333333,2.9133,1282.3662198385587,469.85704860869237,Wh,469.85704860869237,Wh
64,cba48ff3d2dbb34a93f0d4dcce15008c,ARIMA,"{""p"": 7, ""d"": 0, ""q"": 7, ""regression_type"": null}","{""fillna"": ""ffill_mean_biased"", ""transformations"": {""0"": ""DifferencedTransformer"", ""1"": ""Scaler""}, ""transformation_params"": {""0"": {""lag"": 7, ""fill"": ""bfill""}, ""1"": {}}}",0,1,156.60947830518762,39.538806446359345,39.59087241698968,2.23464717540079,39.538806446359345,0.0,0.0,3.7009648163127293,2372.3283867815608,39.538806446359345,38.51074576760896,0.8166666666666667,0.45,41.91986699095953,0.2,50.833607805262744,39.155071051984415,159.61679229382105,4871.527912023949,0.4684824778939274,2372.3283867815608,2331.5276956772755,47.89488974271747,7.2284893037927604,156.60947830518762,39.538806446359345,39.59087241698968,2.23464717540079,39.538806446359345,0.0,3.7009648163127293,39.538806446359345,38.51074576760896,41.91986699095953,0.2,50.833607805262744,39.155071051984415,159.61679229382105,4871.527912023949,0.4684824778939274,2372.3283867815608,2331.5276956772755,47.89488974271747,7.2284893037927604,0.8166666666666667,0.45,2.2532,1126.8030240900514,591.7326377277234,Wh,591.7326377277234,Wh
65,e99ebc5a60b4a646759e47e9612043d8,ARIMA,"{""p"": 1, ""d"": 0, ""q"": 3, ""regression_type"": null}","{""fillna"": ""nearest"", ""transformations"": {""0"": ""DifferencedTransformer"", ""1"": ""Scaler"", ""2"": ""Scaler"", ""3"": ""Scaler""}, ""transformation_params"": {""0"": {""lag"": 7, ""fill"": ""bfill""}, ""1"": {}, ""2"": {}, ""3"": {}}}",0,1,154.8509205952479,37.49146183250102,37.514900065094956,2.169753216744936,37.49146183250102,0.0,0.0,3.6498342504512045,2249.487709950061,37.49146183250102,37.80523682849662,0.8333333333333334,0.45,39.17729210791496,0.2,47.98857334331134,37.218378604385634,150.02979693063088,4549.278091592464,0.4608933738389708,2249.487709950061,2231.0771768156915,42.87335947828393,6.85419351763821,154.8509205952479,37.49146183250102,37.514900065094956,2.169753216744936,37.49146183250102,0.0,3.6498342504512045,37.49146183250102,37.80523682849662,39.17729210791496,0.2,47.98857334331134,37.218378604385634,150.02979693063088,4549.278091592464,0.4608933738389708,2249.487709950061,2231.0771768156915,42.87335947828393,6.85419351763821,0.8333333333333334,0.45,0.0893,1094.6264626189313,561.0923443658182,Wh,561.0923443658182,Wh
66,48bbfde2db050637e0fd333debeda07f,RollingRegression,"{""regression_model"": {""model"": ""RANSAC"", ""model_params"": {}}, ""holiday"": false, ""mean_rolling_periods"": 12, ""macd_periods"": 96, ""std_rolling_periods"": 30, ""max_rolling_periods"": null, ""min_rolling_periods"": null, ""ewm_var_alpha"": null, ""quantile90_rolling_periods"": null, ""quantile10_rolling_periods"": null, ""ewm_alpha"": 0.5, ""additional_lag_periods"": 2, ""abs_energy"": false, ""rolling_autocorr_periods"": 7, ""nonzero_last_n"": null, ""add_date_part"": null, ""polynomial_degree"": null, ""x_transform"": null, ""regression_type"": null}","{""fillna"": ""ffill"", ""transformations"": {""0"": ""Scaler"", ""1"": ""Scaler"", ""2"": ""Scaler"", ""3"": ""DifferencedTransformer"", ""4"": ""Scaler"", ""5"": ""Scaler""}, ""transformation_params"": {""0"": {}, ""1"": {}, ""2"": {}, ""3"": {""lag"": 7, ""fill"": ""zero""}, ""4"": {}, ""5"": {}}}",0,1,155.7845969056172,38.49553588203402,38.51446468039781,2.191125198920825,38.49553588203402,0.0,0.0,3.6757099851963124,2309.732152922041,38.49553588203402,30.069547624841164,0.7333333333333333,0.5333333333333333,40.19162432401466,0.2,49.15030174857796,38.236587919882666,153.05944315723974,4728.8790765968415,0.53085320665247,2309.732152922041,2302.4373158344883,49.46521767656466,7.037758454964068,155.7845969056172,38.49553588203402,38.51446468039781,2.191125198920825,38.49553588203402,0.0,3.6757099851963124,38.49553588203402,30.069547624841164,40.19162432401466,0.2,49.15030174857796,38.236587919882666,153.05944315723974,4728.8790765968415,0.53085320665247,2309.732152922041,2302.4373158344883,49.46521767656466,7.037758454964068,0.7333333333333333,0.5333333333333333,4.8385,978.2395720209472,576.1191860741072,Wh,576.1191860741072,Wh
67,b68983bf8c4a81ec848a7f7225ffa683,RollingRegression,"{""regression_model"": {""model"": ""RANSAC"", ""model_params"": {}}, ""holiday"": true, ""mean_rolling_periods"": 12, ""macd_periods"": 364, ""std_rolling_periods"": 30, ""max_rolling_periods"": 12, ""min_rolling_periods"": null, ""ewm_var_alpha"": null, ""quantile90_rolling_periods"": null, ""quantile10_rolling_periods"": null, ""ewm_alpha"": 0.5, ""additional_lag_periods"": 32, ""abs_energy"": false, ""rolling_autocorr_periods"": 7, ""nonzero_last_n"": null, ""add_date_part"": null, ""polynomial_degree"": null, ""x_transform"": null, ""regression_type"": null}","{""fillna"": ""fake_date"", ""transformations"": {""0"": ""Scaler"", ""1"": ""Scaler"", ""2"": ""DifferencedTransformer""}, ""transformation_params"": {""0"": {}, ""1"": {}, ""2"": {""lag"": 7, ""fill"": ""zero""}}}",0,1,155.2427242800776,38.000101073407556,38.06656217276845,2.245020253903087,38.000101073407556,0.0,0.0,3.6619150153413993,2280.0060644044534,38.000101073407556,29.716025141217724,0.7333333333333333,0.5333333333333333,41.67386434508701,0.2,48.74668450704486,37.40833285275883,154.1461830527371,4698.042405600771,0.6448818698423902,2280.0060644044534,2238.620931309047,57.14216390214673,6.947183004242218,155.2427242800776,38.000101073407556,38.06656217276845,2.245020253903087,38.000101073407556,0.0,3.6619150153413993,38.000101073407556,29.716025141217724,41.67386434508701,0.2,48.74668450704486,37.40833285275883,154.1461830527371,4698.042405600771,0.6448818698423902,2280.0060644044534,2238.620931309047,57.14216390214673,6.947183004242218,0.7333333333333333,0.5333333333333333,11.0503,967.325946893877,568.7045731285093,Wh,568.7045731285093,Wh
68,7f76fcd9dc9c5f45a084a1000cd55963,ARIMA,"{""p"": 3, ""d"": 1, ""q"": 7, ""regression_type"": ""Holiday""}","{""fillna"": ""rolling_mean_24"", ""transformations"": {""0"": ""Scaler"", ""1"": ""DifferencedTransformer"", ""2"": ""Scaler"", ""3"": ""Scaler""}, ""transformation_params"": {""0"": {}, ""1"": {""lag"": 7, ""fill"": ""zero""}, ""2"": {}, ""3"": {}}}",0,1,153.7289855981943,36.26397596975479,36.27264759050732,2.1905801633755124,36.26397596975479,0.0,0.0,3.617799476817287,2175.838558185287,36.26397596975479,30.094994215944187,0.75,0.5333333333333333,37.56041139897016,0.2,46.232304158507134,36.07391909305752,144.02117417079995,4328.717374538783,0.5025263393533496,2175.838558185287,2176.849582781797,43.0724390894648,6.629784406011247,153.7289855981943,36.26397596975479,36.27264759050732,2.1905801633755124,36.26397596975479,0.0,3.617799476817287,36.26397596975479,30.094994215944187,37.56041139897016,0.2,46.232304158507134,36.07391909305752,144.02117417079995,4328.717374538783,0.5025263393533496,2175.838558185287,2176.849582781797,43.0724390894648,6.629784406011247,0.75,0.5333333333333333,1.2273,956.0439734371375,542.7219505017111,Wh,542.7219505017111,Wh
69,d2e24949201f855a98036938328f2385,ARIMA,"{""p"": 3, ""d"": 1, ""q"": 7, ""regression_type"": null}","{""fillna"": ""time"", ""transformations"": {""0"": ""Scaler"", ""1"": ""DifferencedTransformer"", ""2"": ""Scaler"", ""3"": ""Scaler""}, ""transformation_params"": {""0"": {}, ""1"": {""lag"": 7, ""fill"": ""zero""}, ""2"": {}, ""3"": {}}}",0,1,153.38060409510004,35.903990646908106,35.91118021284357,2.1575083199062846,35.903990646908106,0.0,0.0,3.608129253231737,2154.239438814486,35.903990646908106,29.949729717212634,0.75,0.55,37.05143556848283,0.2,45.735453672532046,35.72959273435218,141.98344585900603,4226.7931446244365,0.4689758661312415,2154.239438814486,2162.533932051656,41.130697044310075,6.563971846412366,153.38060409510004,35.903990646908106,35.91118021284357,2.1575083199062846,35.903990646908106,0.0,3.608129253231737,35.903990646908106,29.949729717212634,37.05143556848283,0.2,45.735453672532046,35.72959273435218,141.98344585900603,4226.7931446244365,0.4689758661312415,2154.239438814486,2162.533932051656,41.130697044310075,6.563971846412366,0.75,0.55,1.2408,950.0397853668015,537.3344569535607,Wh,537.3344569535607,Wh
70,79f0166517f12c5a206cd864b1448751,ARIMA,"{""p"": 2, ""d"": 2, ""q"": 5, ""regression_type"": ""Holiday""}","{""fillna"": ""rolling_mean"", ""transformations"": {""0"": ""Scaler"", ""1"": ""Scaler"", ""2"": ""DifferencedTransformer"", ""3"": ""Scaler""}, ""transformation_params"": {""0"": {}, ""1"": {}, ""2"": {""lag"": 2, ""fill"": ""bfill""}, ""3"": {}}}",0,1,120.32909264659973,19.426483730056102,21.59988491953029,1.5988334815884666,19.426483730056102,0.0,0.0,2.896230825109087,1165.5890238033662,19.426483730056102,40.18613381246376,0.95,0.4666666666666667,36.917443701824695,0.2,29.86217594690804,16.78984133442877,100.0264399626893,1330.0391443447525,0.12398352182479021,1165.5890238033662,853.9388985860463,7.59860410844514,3.5515520693201044,120.32909264659973,19.426483730056102,21.59988491953029,1.5988334815884666,19.426483730056102,0.0,2.896230825109087,19.426483730056102,40.18613381246376,36.917443701824695,0.2,29.86217594690804,16.78984133442877,100.0264399626893,1330.0391443447525,0.12398352182479021,1165.5890238033662,853.9388985860463,7.59860410844514,3.5515520693201044,0.95,0.4666666666666667,0.7939,942.2239328877333,290.7342303050036,Wh,290.7342303050036,Wh
71,2a88ac6c513518276aaaa8fb0b50c18d,ARIMA,"{""p"": 1, ""d"": 2, ""q"": 5, ""regression_type"": ""Holiday""}","{""fillna"": ""ffill"", ""transformations"": {""0"": ""DifferencedTransformer""}, ""transformation_params"": {""0"": {""lag"": 1, ""fill"": ""bfill""}}}",0,1,88.9129460769901,12.893655307572821,16.718200005372303,1.543631350616454,12.893655307572821,0.0,-1.831769385088399,2.2139506801025965,771.7875490692808,12.886855234971716,30.21401757765824,1.0,0.4666666666666667,34.543896246476834,0.21666666666666667,23.551820848294646,9.756715890730428,77.63343134482056,871.3744478760179,0.2391154902639098,769.9557796841924,416.39003197191215,5.310650940689414,2.346056789124056,88.9129460769901,12.893655307572821,16.718200005372303,1.543631350616454,12.893655307572821,0.0,2.2139506801025965,12.886855234971716,30.21401757765824,34.543896246476834,0.21666666666666667,23.551820848294646,9.756715890730428,77.63343134482056,871.3744478760179,0.2391154902639098,769.9557796841924,416.39003197191215,5.310650940689414,2.346056789124056,1.0,0.4666666666666667,0.734,698.3778133863798,192.96476931980436,Wh,192.96476931980436,Wh
72,e66869d9232f0bd0db48b3075fd8bfd1,ARIMA,"{""p"": 3, ""d"": 2, ""q"": 7, ""regression_type"": null}","{""fillna"": ""rolling_mean_24"", ""transformations"": {""0"": ""Scaler"", ""1"": ""DifferencedTransformer"", ""2"": ""Scaler"", ""3"": ""Scaler""}, ""transformation_params"": {""0"": {}, ""1"": {""lag"": 1, ""fill"": ""bfill""}, ""2"": {}, ""3"": {}}}",0,1,74.13840780667849,8.099822056596803,10.159736479220895,1.2248705481951256,8.099822056596803,0.0,-0.7570044068576154,1.9000872418817172,485.2323189889506,8.098279746943568,25.87256290991099,1.0,0.45,20.122622533856777,0.2,14.362887555983127,6.336445308821488,47.26352895637667,309.28381029826437,0.07647429520473041,484.475314582093,280.271838846327,14.356107621683817,1.4761972452554695,74.13840780667849,8.099822056596803,10.159736479220895,1.2248705481951256,8.099822056596803,0.0,1.9000872418817172,8.098279746943568,25.87256290991099,20.122622533856777,0.2,14.362887555983127,6.336445308821488,47.26352895637667,309.28381029826437,0.07647429520473041,484.475314582093,280.271838846327,14.356107621683817,1.4761972452554695,1.0,0.45,1.7296,564.946619672417,121.22088402384091,Wh,121.22088402384091,Wh
73,c172d22bfc0e7f11b1176734ab175374,DatepartRegression,"{""regression_model"": {""model"": ""RandomForest"", ""model_params"": {""n_estimators"": 100, ""min_samples_leaf"": 2, ""bootstrap"": true}}, ""datepart_method"": ""expanded"", ""polynomial_degree"": null, ""holiday_countries_used"": false, ""lags"": null, ""forward_lags"": null, ""regression_type"": null}","{""fillna"": ""zero"", ""transformations"": {""0"": ""DifferencedTransformer"", ""1"": ""Scaler"", ""2"": ""Scaler""}, ""transformation_params"": {""0"": {""lag"": 2, ""fill"": ""bfill""}, ""1"": {}, ""2"": {}}}",0,1,119.44117188005343,17.50275960524044,18.490392702830786,1.5419857732145297,17.50275960524044,0.0,0.0,2.8590116879019116,1050.1655763144263,17.50275960524044,18.191406702575875,0.95,0.4,26.13646652995593,0.2,25.169718410592267,16.0792905324752,83.07717083298135,908.7905249944414,0.2888519284760571,1050.1655763144263,857.2318002648993,5.855199789092388,3.1998565956961524,119.44117188005343,17.50275960524044,18.490392702830786,1.5419857732145297,17.50275960524044,0.0,2.8590116879019116,17.50275960524044,18.191406702575875,26.13646652995593,0.2,25.169718410592267,16.0792905324752,83.07717083298135,908.7905249944414,0.2888519284760571,1050.1655763144263,857.2318002648993,5.855199789092388,3.1998565956961524,0.95,0.4,0.221,559.7731204483715,261.94402511299927,Wh,261.94402511299927,Wh
74,eeb790ca157c378ed323c7e28a0375e3,ARIMA,"{""p"": 0, ""d"": 0, ""q"": 12, ""regression_type"": null}","{""fillna"": ""cubic"", ""transformations"": {""0"": null}, ""transformation_params"": {""0"": {}}}",0,1,199.46591037273458,5.460469385078202,5.507401062580019,1.1966908708419215,5.460469385078202,0.0,-327.62816310469213,5.460469385078202,0.0,1.859528013431561,20.231386991280814,0.8833333333333333,0.55,6.628880023956299,0.8,5.124489912456611,5.273450444832328,20.57570156786782,108.3062126603764,0.0936415019473265,327.62816310469213,344.4659540187836,20.035453286372633,0.9982836633491757,199.46591037273458,5.460469385078202,5.507401062580019,1.1966908708419215,5.460469385078202,0.0,5.460469385078202,1.859528013431561,20.231386991280814,6.628880023956299,0.8,5.124489912456611,5.273450444832328,20.57570156786782,108.3062126603764,0.0936415019473265,327.62816310469213,344.4659540187836,20.035453286372633,0.9982836633491757,0.8833333333333333,0.55,1.9288,541.1341719923084,81.72067502460789,Wh,81.72067502460789,Wh
75,3193e3fe391ef756ce6c69303b434950,ARIMA,"{""p"": 1, ""d"": 2, ""q"": 3, ""regression_type"": ""Holiday""}","{""fillna"": ""ffill"", ""transformations"": {""0"": ""DifferencedTransformer"", ""1"": ""Scaler""}, ""transformation_params"": {""0"": {""lag"": 2, ""fill"": ""zero""}, ""1"": {}}}",0,1,110.76037657555116,14.695035218613457,15.732138370740596,1.3997813708691074,14.695035218613457,0.0,0.0,2.6868963945752506,881.7021131168074,14.695035218613457,17.692648430524923,0.95,0.45,25.518305782610806,0.2,21.584313375164253,13.09301080415438,71.88111457931983,710.6288758846331,0.13476548169039174,881.7021131168074,699.2463418130305,7.220035867522574,2.6865480889190083,110.76037657555116,14.695035218613457,15.732138370740596,1.3997813708691074,14.695035218613457,0.0,2.6868963945752506,14.695035218613457,17.692648430524923,25.518305782610806,0.2,21.584313375164253,13.09301080415438,71.88111457931983,710.6288758846331,0.13476548169039174,881.7021131168074,699.2463418130305,7.220035867522574,2.6865480889190083,0.95,0.45,0.656,518.541440412681,219.9239869116636,Wh,219.9239869116636,Wh
76,cb9e8e974d7a168524afde3145067e6f,ARIMA,"{""p"": 4, ""d"": 1, ""q"": 0, ""regression_type"": ""Holiday""}","{""fillna"": ""fake_date"", ""transformations"": {""0"": ""Scaler"", ""1"": ""Scaler"", ""2"": ""DifferencedTransformer"", ""3"": ""Scaler"", ""4"": ""Scaler"", ""5"": ""Scaler""}, ""transformation_params"": {""0"": {}, ""1"": {}, ""2"": {""lag"": 1, ""fill"": ""zero""}, ""3"": {}, ""4"": {}, ""5"": {}}}",0,1,84.86201879546209,9.3904281098347,10.807072254517918,1.1944044228341146,9.3904281098347,0.0,-0.13995583305601667,2.1461594616646718,563.285730757026,9.390278671262475,19.939571786860405,1.0,0.45,18.048924283460284,0.18333333333333332,15.148651278161626,8.091696076188908,49.740033674274315,313.728554201837,0.07384442700339221,563.14577492397,385.78967515008156,11.394183282066837,1.7159062940845817,84.86201879546209,9.3904281098347,10.807072254517918,1.1944044228341146,9.3904281098347,0.0,2.1461594616646718,9.390278671262475,19.939571786860405,18.048924283460284,0.18333333333333332,15.148651278161626,8.091696076188908,49.740033674274315,313.728554201837,0.07384442700339221,563.14577492397,385.78967515008156,11.394183282066837,1.7159062940845817,1.0,0.45,0.3275,486.28380798696645,140.53592645401386,Wh,140.53592645401386,Wh
77,748d500311989eb0a33916000ae2236f,DatepartRegression,"{""regression_model"": {""model"": ""DecisionTree"", ""model_params"": {""max_depth"": null, ""min_samples_split"": 0.05}}, ""datepart_method"": ""simple_2"", ""polynomial_degree"": null, ""holiday_countries_used"": false, ""lags"": null, ""forward_lags"": null, ""regression_type"": null}","{""fillna"": ""fake_date"", ""transformations"": {""0"": ""Scaler"", ""1"": ""Scaler"", ""2"": ""DifferencedTransformer"", ""3"": ""Scaler""}, ""transformation_params"": {""0"": {}, ""1"": {}, ""2"": {""lag"": 1, ""fill"": ""bfill""}, ""3"": {}}}",0,1,99.13969862453447,12.689153214484929,14.351985350190937,1.357461507389333,12.689153214484929,0.0,0.0,2.4434749128341458,761.3491928690958,12.689153214484929,16.425682748087542,1.0,0.45,22.615943801970705,0.2,19.93516603657276,11.048989876089088,65.99324640420899,540.6144618014878,0.055560136852086536,761.3491928690958,540.1092112727988,4.448617081865593,2.319832502013665,99.13969862453447,12.689153214484929,14.351985350190937,1.357461507389333,12.689153214484929,0.0,2.4434749128341458,12.689153214484929,16.425682748087542,22.615943801970705,0.2,19.93516603657276,11.048989876089088,65.99324640420899,540.6144618014878,0.055560136852086536,761.3491928690958,540.1092112727988,4.448617081865593,2.319832502013665,1.0,0.45,0.0873,471.7619174930933,189.90421757735587,Wh,189.90421757735587,Wh
78,43867433195545de36a6574d09f6a870,DatepartRegression,"{""regression_model"": {""model"": ""ElasticNet"", ""model_params"": {""l1_ratio"": 0.5, ""fit_intercept"": true, ""selection"": ""cyclic"", ""max_iter"": 1000}}, ""datepart_method"": ""common_fourier"", ""polynomial_degree"": null, ""holiday_countries_used"": false, ""lags"": null, ""forward_lags"": null, ""regression_type"": null}","{""fillna"": ""ffill"", ""transformations"": {""0"": ""Scaler"", ""1"": ""Scaler"", ""2"": ""DifferencedTransformer""}, ""transformation_params"": {""0"": {}, ""1"": {}, ""2"": {""lag"": 2, ""fill"": ""bfill""}}}",0,1,95.19782112190798,10.028369494527578,10.22932095212382,1.2422046278761518,10.028369494527578,0.0,0.0,2.3829499543860084,601.7021696716547,10.028369494527578,16.930591082400422,0.95,0.45,13.359386034309864,0.2,13.810413824677484,9.548056812116913,44.100662821737984,298.5174434478905,0.10428290234390611,601.7021696716547,540.8987370152876,15.281728620716816,1.8333877054184304,95.19782112190798,10.028369494527578,10.22932095212382,1.2422046278761518,10.028369494527578,0.0,2.3829499543860084,10.028369494527578,16.930591082400422,13.359386034309864,0.2,13.810413824677484,9.548056812116913,44.100662821737984,298.5174434478905,0.10428290234390611,601.7021696716547,540.8987370152876,15.281728620716816,1.8333877054184304,0.95,0.45,0.0883,447.5098571751045,150.0832742929558,Wh,150.0832742929558,Wh
79,d580d31cef0706c5e25d318b9bd342d3,ARIMA,"{""p"": 4, ""d"": 1, ""q"": 2, ""regression_type"": null}","{""fillna"": ""ffill"", ""transformations"": {""0"": ""Scaler"", ""1"": ""Scaler"", ""2"": ""DifferencedTransformer""}, ""transformation_params"": {""0"": {}, ""1"": {}, ""2"": {""lag"": 1, ""fill"": ""bfill""}}}",0,1,40.93108985563607,1.7243055486099723,1.956080256974271,1.0051047216388074,1.7243055486099723,0.0,-102.06010896730326,1.7186714681562854,1.3982239492950983,0.9441182786034443,22.62960774172195,1.0,0.55,3.690027550167761,0.8,2.2940314825839314,1.4544836248072788,8.718689181128285,11.306251560081801,0.0024962651480239908,100.66188501800816,73.6311887247668,24.71691380284436,0.30671696347209276,40.93108985563607,1.7243055486099723,1.956080256974271,1.0051047216388074,1.7243055486099723,0.0,1.7186714681562854,0.9441182786034443,22.62960774172195,3.690027550167761,0.8,2.2940314825839314,1.4544836248072788,8.718689181128285,11.306251560081801,0.0024962651480239908,100.66188501800816,73.6311887247668,24.71691380284436,0.30671696347209276,1.0,0.55,0.6677,419.93211829771593,25.805732702421462,Wh,25.805732702421462,Wh
80,5a2696429aa0c1aa02758537f3d1ff23,ARIMA,"{""p"": 1, ""d"": 1, ""q"": 3, ""regression_type"": null}","{""fillna"": ""nearest"", ""transformations"": {""0"": ""Scaler"", ""1"": ""Scaler"", ""2"": ""DifferencedTransformer"", ""3"": ""Scaler""}, ""transformation_params"": {""0"": {}, ""1"": {}, ""2"": {""lag"": 1, ""fill"": ""bfill""}, ""3"": {}}}",0,1,10.408137266868128,0.5665873032017672,0.6513104690071619,0.9982938251497409,0.5665873032017672,0.0,-17.89555369484112,0.5018816014327621,16.099684497264906,0.49196667308564057,24.72158119525677,1.0,0.55,1.1641954094897544,0.8,1.5831344135505676,0.48355548616827304,1.9705126611057746,1.0133758498487317,0.004288986426996043,1.7958691975762147,10.80467826414072,27.99567743986869,0.00547201700996459,10.408137266868128,0.5665873032017672,0.6513104690071619,0.9982938251497409,0.5665873032017672,0.0,0.5018816014327621,0.49196667308564057,24.72158119525677,1.1641954094897544,0.8,1.5831344135505676,0.48355548616827304,1.9705126611057746,1.0133758498487317,0.004288986426996043,1.7958691975762147,10.80467826414072,27.99567743986869,0.00547201700996459,1.0,0.55,0.3994,418.5906638468418,8.479471930480841,Wh,8.479471930480841,Wh
81,c967a47b95991c8b4cb4691150570d4e,ARIMA,"{""p"": 1, ""d"": 1, ""q"": 4, ""regression_type"": null}","{""fillna"": ""zero"", ""transformations"": {""0"": ""Scaler"", ""1"": ""DifferencedTransformer"", ""2"": ""Scaler"", ""3"": ""Scaler""}, ""transformation_params"": {""0"": {}, ""1"": {""lag"": 1, ""fill"": ""bfill""}, ""2"": {}, ""3"": {}}}",0,1,20.027063151970157,0.9875489551457431,1.1329804864931583,0.9993766334328846,0.9875489551457431,0.0,-56.9864923907967,0.9790060954129466,2.2664449179478927,0.6542776040017756,23.76532753915341,1.0,0.55,2.1802092080871547,0.8,1.8795449506281872,0.8267429416396588,4.539042401475032,3.8199721894018923,0.003235379018251694,54.720047472848805,44.37772938275205,26.24241271105379,0.16673209327361999,20.027063151970157,0.9875489551457431,1.1329804864931583,0.9993766334328846,0.9875489551457431,0.0,0.9790060954129466,0.6542776040017756,23.76532753915341,2.1802092080871547,0.8,1.8795449506281872,0.8267429416396588,4.539042401475032,3.8199721894018923,0.003235379018251694,54.720047472848805,44.37772938275205,26.24241271105379,0.16673209327361999,1.0,0.55,0.5086,414.7986621538466,14.779529293744142,Wh,14.779529293744142,Wh
82,40b8bc6d74a29e335713423436a3eb67,RollingRegression,"{""regression_model"": {""model"": ""BayesianRidge"", ""model_params"": {}}, ""holiday"": false, ""mean_rolling_periods"": 12, ""macd_periods"": 28, ""std_rolling_periods"": null, ""max_rolling_periods"": null, ""min_rolling_periods"": null, ""ewm_var_alpha"": null, ""quantile90_rolling_periods"": null, ""quantile10_rolling_periods"": null, ""ewm_alpha"": null, ""additional_lag_periods"": 2, ""abs_energy"": false, ""rolling_autocorr_periods"": null, ""nonzero_last_n"": null, ""add_date_part"": null, ""polynomial_degree"": null, ""x_transform"": null, ""regression_type"": null}","{""fillna"": ""time"", ""transformations"": {""0"": ""DifferencedTransformer"", ""1"": ""Scaler"", ""2"": ""Scaler"", ""3"": ""Scaler""}, ""transformation_params"": {""0"": {""lag"": 2, ""fill"": ""bfill""}, ""1"": {}, ""2"": {}, ""3"": {}}}",0,1,82.28312453912568,7.577607198063036,7.610486068531602,1.215353102678049,7.577607198063036,0.0,0.0,2.145725321003758,454.65643188378215,7.577607198063036,16.526457765658158,0.95,0.5166666666666667,8.72748299494389,0.2,10.149255042270111,7.408642785040405,30.663280174503065,178.9440537893953,0.10616768179857214,454.65643188378215,445.7011493936142,19.49757702681451,1.3853390504807517,82.28312453912568,7.577607198063036,7.610486068531602,1.215353102678049,7.577607198063036,0.0,2.145725321003758,7.577607198063036,16.526457765658158,8.72748299494389,0.2,10.149255042270111,7.408642785040405,30.663280174503065,178.9440537893953,0.10616768179857214,454.65643188378215,445.7011493936142,19.49757702681451,1.3853390504807517,0.95,0.5166666666666667,0.2958,407.3064698523857,113.40548433240056,Wh,113.40548433240056,Wh
83,ba85300f764b72ce0d919c055ae6a48a,ARIMA,"{""p"": 0, ""d"": 0, ""q"": 7, ""regression_type"": null}","{""fillna"": ""time"", ""transformations"": {""0"": ""Scaler"", ""1"": ""Scaler"", ""2"": ""Scaler"", ""3"": ""Scaler"", ""4"": ""DifferencedTransformer""}, ""transformation_params"": {""0"": {}, ""1"": {}, ""2"": {}, ""3"": {}, ""4"": {""lag"": 2, ""fill"": ""bfill""}}}",0,1,81.16656190731027,7.405796540774276,7.4440079202627745,1.202564235285739,7.405796540774276,0.0,0.0,2.124837140614553,444.34779244645654,7.405796540774276,16.495416375401604,0.95,0.5333333333333333,8.5827335401557,0.2,9.956256384566878,7.2306960829737585,30.147844214291535,167.1758098669506,0.10586143353971321,444.34779244645654,432.8559968611458,19.72059360026334,1.353928605651713,81.16656190731027,7.405796540774276,7.4440079202627745,1.202564235285739,7.405796540774276,0.0,2.124837140614553,7.405796540774276,16.495416375401604,8.5827335401557,0.2,9.956256384566878,7.2306960829737585,30.147844214291535,167.1758098669506,0.10586143353971321,444.34779244645654,432.8559968611458,19.72059360026334,1.353928605651713,0.95,0.5333333333333333,0.107,404.2983219822543,110.8341883686456,Wh,110.8341883686456,Wh
84,f3800b52ab872f62dc498a483f4da707,ARIMA,"{""p"": 4, ""d"": 2, ""q"": 0, ""regression_type"": null}","{""fillna"": ""time"", ""transformations"": {""0"": ""Scaler"", ""1"": ""Scaler"", ""2"": ""Scaler"", ""3"": ""Scaler""}, ""transformation_params"": {""0"": {}, ""1"": {}, ""2"": {}, ""3"": {}}}",0,1,92.16675332618402,10.955806935055158,12.500184932272553,1.229652336925433,10.955806935055158,0.0,0.0,2.3037236723686942,657.3484161033094,10.955806935055158,13.655583096900125,1.0,0.45,20.972471002044742,0.2,17.450885234885032,9.43369548719351,57.68057715519512,421.9234161365587,0.016719910998250268,657.3484161033094,457.441881385525,9.946584963881616,2.0029419287581143,92.16675332618402,10.955806935055158,12.500184932272553,1.229652336925433,10.955806935055158,0.0,2.3037236723686942,10.955806935055158,13.655583096900125,20.972471002044742,0.2,17.450885234885032,9.43369548719351,57.68057715519512,421.9234161365587,0.016719910998250268,657.3484161033094,457.441881385525,9.946584963881616,2.0029419287581143,1.0,0.45,0.0647,404.26730253610606,163.9631824726668,Wh,163.9631824726668,Wh
85,a971503605295df5c60ea5fd96591d61,ARIMA,"{""p"": 4, ""d"": 2, ""q"": 0, ""regression_type"": null}","{""fillna"": ""ffill"", ""transformations"": {""0"": ""Scaler""}, ""transformation_params"": {""0"": {}}}",0,1,92.16675332618402,10.955806935055158,12.500184932272553,1.229652336925433,10.955806935055158,0.0,0.0,2.3037236723686942,657.3484161033094,10.955806935055158,13.655583096900125,1.0,0.45,20.972471002044742,0.2,17.450885234885032,9.43369548719351,57.68057715519512,421.9234161365587,0.016719910998250268,657.3484161033094,457.441881385525,9.946584963881616,2.0029419287581143,92.16675332618402,10.955806935055158,12.500184932272553,1.229652336925433,10.955806935055158,0.0,2.3037236723686942,10.955806935055158,13.655583096900125,20.972471002044742,0.2,17.450885234885032,9.43369548719351,57.68057715519512,421.9234161365587,0.016719910998250268,657.3484161033094,457.441881385525,9.946584963881616,2.0029419287581143,1.0,0.45,0.0636,404.267302291832,163.9631824726668,Wh,163.9631824726668,Wh
86,48fe85c6cbf593c010e37d461873e478,ARIMA,"{""p"": 3, ""d"": 0, ""q"": 1, ""regression_type"": null}","{""fillna"": ""time"", ""transformations"": {""0"": ""Scaler"", ""1"": ""Scaler"", ""2"": ""Scaler"", ""3"": ""Scaler"", ""4"": ""DifferencedTransformer""}, ""transformation_params"": {""0"": {}, ""1"": {}, ""2"": {}, ""3"": {}, ""4"": {""lag"": 2, ""fill"": ""bfill""}}}",0,1,80.02457803461961,7.229337659325349,7.265914807790028,1.204424580122985,7.229337659325349,0.0,0.0,2.103736676788307,433.76025955952093,7.229337659325349,16.449277305909227,0.95,0.48333333333333334,8.386826902814315,0.2,9.72842959975975,7.057669158431961,29.397248457245038,163.33365006694302,0.1034844396422275,433.76025955952093,423.26313060944796,20.005567204477817,1.3216683719280862,80.02457803461961,7.229337659325349,7.265914807790028,1.204424580122985,7.229337659325349,0.0,2.103736676788307,7.229337659325349,16.449277305909227,8.386826902814315,0.2,9.72842959975975,7.057669158431961,29.397248457245038,163.33365006694302,0.1034844396422275,433.76025955952093,423.26313060944796,20.005567204477817,1.3216683719280862,0.95,0.48333333333333334,0.0741,400.97913104457535,108.1933276863204,Wh,108.1933276863204,Wh
87,e444c0fedefa2bc685a91889efcb137d,ARIMA,"{""p"": 4, ""d"": 0, ""q"": 0, ""regression_type"": null}","{""fillna"": ""ffill"", ""transformations"": {""0"": ""DifferencedTransformer""}, ""transformation_params"": {""0"": {""lag"": 2, ""fill"": ""bfill""}}}",0,1,78.24366126538676,6.9626318920903305,6.999696458505884,1.1976130702301533,6.9626318920903305,0.0,0.0,2.070621632569325,417.75791352541984,6.9626318920903305,16.355691267446677,0.95,0.55,8.113727118972026,0.2,9.390851103146883,6.792092428269258,28.328662869755295,155.7950311572033,0.10951335276273638,417.75791352541984,407.4964094958124,19.530932562982162,1.272909191796191,78.24366126538676,6.9626318920903305,6.999696458505884,1.1976130702301533,6.9626318920903305,0.0,2.070621632569325,6.9626318920903305,16.355691267446677,8.113727118972026,0.2,9.390851103146883,6.792092428269258,28.328662869755295,155.7950311572033,0.10951335276273638,417.75791352541984,407.4964094958124,19.530932562982162,1.272909191796191,0.95,0.55,0.0595,395.52707842104405,104.20184384228277,Wh,104.20184384228277,Wh
88,9e182b2af7d8401a8fa91dc8bdd2b637,DatepartRegression,"{""regression_model"": {""model"": ""DecisionTree"", ""model_params"": {""max_depth"": 3, ""min_samples_split"": 2}}, ""datepart_method"": ""recurring"", ""polynomial_degree"": null, ""holiday_countries_used"": false, ""lags"": null, ""forward_lags"": null, ""regression_type"": null}","{""fillna"": ""mean"", ""transformations"": {""2"": ""DifferencedTransformer""}, ""transformation_params"": {""2"": {}}}",0,1,30.192240995382,6.439497080684941,17.50186249583413,3.2119957465064823,6.439497080684941,0.0,-10.849501804565088,0.8927821850577441,375.52032303653135,6.401708506193539,15.339435346723112,1.0,0.5833333333333334,72.0442391721062,0.6333333333333333,24.69728529704134,0.4995464015549999,55.67402917818063,1981.9312775913183,0.23045551368663725,364.6708212319663,48.25177852947124,23.54432435981855,1.1111527161957402,30.192240995382,6.439497080684941,17.50186249583413,3.2119957465064823,6.439497080684941,0.0,0.8927821850577441,6.401708506193539,15.339435346723112,72.0442391721062,0.6333333333333333,24.69728529704134,0.4995464015549999,55.67402917818063,1981.9312775913183,0.23045551368663725,364.6708212319663,48.25177852947124,23.54432435981855,1.1111527161957402,1.0,0.5833333333333334,0.1021,374.47511468001034,96.37267625574808,Wh,96.37267625574808,Wh
89,990058c80504bbd0a3fe15b50f2bcbe7,RollingRegression,"{""regression_model"": {""model"": ""BayesianRidge"", ""model_params"": {}}, ""holiday"": false, ""mean_rolling_periods"": 5, ""macd_periods"": null, ""std_rolling_periods"": 5, ""max_rolling_periods"": 364, ""min_rolling_periods"": null, ""ewm_var_alpha"": null, ""quantile90_rolling_periods"": null, ""quantile10_rolling_periods"": null, ""ewm_alpha"": null, ""additional_lag_periods"": 27, ""abs_energy"": false, ""rolling_autocorr_periods"": null, ""nonzero_last_n"": null, ""add_date_part"": ""expanded"", ""polynomial_degree"": null, ""x_transform"": ""RmZeroVariance"", ""regression_type"": null}","{""fillna"": ""zero"", ""transformations"": {""0"": ""Scaler"", ""1"": ""DifferencedTransformer"", ""2"": ""Scaler"", ""3"": ""Scaler""}, ""transformation_params"": {""0"": {}, ""1"": {""lag"": 2, ""fill"": ""bfill""}, ""2"": {}, ""3"": {}}}",0,1,68.05898097970343,5.627111764493358,5.701842990704933,1.2128082564087388,5.627111764493358,0.0,0.0,1.881209994422138,337.62670586960144,5.627111764493358,16.186150618423834,0.95,0.5666666666666667,7.784031887330229,0.2,7.52351832978478,5.381420308894768,20.32279898798839,114.38954318955756,0.10486928734755346,337.62670586960144,364.33073727095314,16.87059929707025,1.0287492430017942,68.05898097970343,5.627111764493358,5.701842990704933,1.2128082564087388,5.627111764493358,0.0,1.881209994422138,5.627111764493358,16.186150618423834,7.784031887330229,0.2,7.52351832978478,5.381420308894768,20.32279898798839,114.38954318955756,0.10486928734755346,337.62670586960144,364.33073727095314,16.87059929707025,1.0287492430017942,0.95,0.5666666666666667,0.6723,372.4874982490281,84.21462321351773,Wh,84.21462321351773,Wh
90,36d4f50db38da72d256ef839e354acd6,ARIMA,"{""p"": 1, ""d"": 0, ""q"": 0, ""regression_type"": ""Holiday""}","{""fillna"": ""ffill"", ""transformations"": {""0"": ""DifferencedTransformer"", ""1"": ""Scaler"", ""2"": ""Scaler""}, ""transformation_params"": {""0"": {""lag"": 2, ""fill"": ""bfill""}, ""1"": {}, ""2"": {}}}",0,1,69.3556995680253,5.769002200012409,5.82953259311736,1.2187614096525692,5.769002200012409,0.0,0.0,1.9045718862927634,346.14013200074453,5.769002200012409,16.03123697950441,0.9666666666666667,0.43333333333333335,7.459404265984089,0.2,7.797712793816678,5.540618719850005,21.701113135647503,109.52223317925603,0.1672126920799602,346.14013200074453,360.35176569967206,18.74668410350936,1.0546896693232468,69.3556995680253,5.769002200012409,5.82953259311736,1.2187614096525692,5.769002200012409,0.0,1.9045718862927634,5.769002200012409,16.03123697950441,7.459404265984089,0.2,7.797712793816678,5.540618719850005,21.701113135647503,109.52223317925603,0.1672126920799602,346.14013200074453,360.35176569967206,18.74668410350936,1.0546896693232468,0.9666666666666667,0.43333333333333335,0.2703,372.18642124156554,86.33813702752043,Wh,86.33813702752043,Wh
91,6cb8a8d2b3156d671d3cdd46f2dba4ba,ARIMA,"{""p"": 1, ""d"": 0, ""q"": 3, ""regression_type"": null}","{""fillna"": ""ffill"", ""transformations"": {""0"": ""Scaler"", ""1"": ""Scaler"", ""2"": ""Scaler"", ""3"": ""DifferencedTransformer""}, ""transformation_params"": {""0"": {}, ""1"": {}, ""2"": {}, ""3"": {""lag"": 2, ""fill"": ""zero""}}}",0,1,75.72274811566218,6.598864551879788,6.638277676369723,1.1878498555262478,6.598864551879788,0.0,0.0,2.0234130155064824,395.9318731127873,6.598864551879788,14.624203108308592,0.95,0.4166666666666667,7.751579506374398,0.2,8.940647428910982,6.428039273484194,26.901904386644944,138.7446546123557,0.10811743973563902,395.9318731127873,385.3694531908957,20.037191466453553,1.2064052033323924,75.72274811566218,6.598864551879788,6.638277676369723,1.1878498555262478,6.598864551879788,0.0,2.0234130155064824,6.598864551879788,14.624203108308592,7.751579506374398,0.2,8.940647428910982,6.428039273484194,26.901904386644944,138.7446546123557,0.10811743973563902,395.9318731127873,385.3694531908957,20.037191466453553,1.2064052033323924,0.95,0.4166666666666667,0.1343,361.77094787453206,98.7577491138795,Wh,98.7577491138795,Wh
92,c8ba8f0fde983a7f0ef05b7e2c911e24,ARIMA,"{""p"": 1, ""d"": 1, ""q"": 4, ""regression_type"": ""Holiday""}","{""fillna"": ""ffill"", ""transformations"": {""0"": ""DifferencedTransformer"", ""1"": ""Scaler"", ""2"": ""Scaler""}, ""transformation_params"": {""0"": {""lag"": 1, ""fill"": ""bfill""}, ""1"": {}, ""2"": {}}}",0,1,36.78941098712838,2.521257341014133,3.050413503531465,1.087848531033923,2.521257341014133,0.0,-4.585215165074659,1.1266650591717524,146.69022529577333,2.503400523893808,17.998346587215543,1.0,0.4666666666666667,5.147376639196601,0.18333333333333332,4.596377071199134,2.118032827968569,13.61175330568685,25.082905671357754,0.0933507104876129,142.10501013069864,84.43848186805421,20.08350358631204,0.43299424795851416,36.78941098712838,2.521257341014133,3.050413503531465,1.087848531033923,2.521257341014133,0.0,1.1266650591717524,2.503400523893808,17.998346587215543,5.147376639196601,0.18333333333333332,4.596377071199134,2.118032827968569,13.61175330568685,25.082905671357754,0.0933507104876129,142.10501013069864,84.43848186805421,20.08350358631204,0.43299424795851416,1.0,0.4666666666666667,0.5823,349.2038096444666,37.73280963381359,Wh,37.73280963381359,Wh
93,f299b02648ccba064c6773771623caaa,DatepartRegression,"{""regression_model"": {""model"": ""RandomForest"", ""model_params"": {""n_estimators"": 100, ""min_samples_leaf"": 2, ""bootstrap"": true}}, ""datepart_method"": ""expanded"", ""polynomial_degree"": null, ""holiday_countries_used"": false, ""lags"": null, ""forward_lags"": null, ""regression_type"": null}","{""fillna"": ""time"", ""transformations"": {""0"": ""Scaler"", ""1"": ""Scaler"", ""2"": ""Scaler"", ""3"": ""DifferencedTransformer""}, ""transformation_params"": {""0"": {}, ""1"": {}, ""2"": {}, ""3"": {""lag"": 1, ""fill"": ""bfill""}}}",0,1,57.58222748955457,4.805203070901154,5.643873964114366,1.1569266211586129,4.805203070901154,0.0,-0.023725283940633446,1.5790693686087804,288.28845897012854,4.805198453055856,15.127442250522302,1.0,0.36666666666666664,9.81950770909635,0.21666666666666667,8.079400327846848,4.068610645141625,25.917322579041446,85.90038748806239,0.24799319007913107,288.2647336861879,191.59912551577008,18.22722803468935,0.878343215771309,57.58222748955457,4.805203070901154,5.643873964114366,1.1569266211586129,4.805203070901154,0.0,1.5790693686087804,4.805198453055856,15.127442250522302,9.81950770909635,0.21666666666666667,8.079400327846848,4.068610645141625,25.917322579041446,85.90038748806239,0.24799319007913107,288.2647336861879,191.59912551577008,18.22722803468935,0.878343215771309,1.0,0.36666666666666664,0.2316,341.135511655667,71.91404454302919,Wh,71.91404454302919,Wh
94,4f532314bc9eb653c867c2b14b779a4f,DatepartRegression,"{""regression_model"": {""model"": ""RandomForest"", ""model_params"": {""n_estimators"": 100, ""min_samples_leaf"": 2, ""bootstrap"": true}}, ""datepart_method"": ""expanded"", ""polynomial_degree"": null, ""holiday_countries_used"": false, ""lags"": null, ""forward_lags"": null, ""regression_type"": null}","{""fillna"": ""ffill_mean_biased"", ""transformations"": {""0"": ""Scaler"", ""1"": ""DifferencedTransformer"", ""2"": ""Scaler"", ""3"": ""Scaler"", ""4"": ""Scaler""}, ""transformation_params"": {""0"": {}, ""1"": {""lag"": 1, ""fill"": ""bfill""}, ""2"": {}, ""3"": {}, ""4"": {}}}",0,1,57.58222748955457,4.805203070901154,5.643873964114367,1.1569266211586124,4.805203070901154,0.0,-0.023725283940633446,1.5790693686087804,288.2884589701286,4.805198453055856,15.127442250522302,1.0,0.36666666666666664,9.819507709096351,0.21666666666666667,8.079400327846848,4.068610645141625,25.917322579041446,85.9003874880624,0.24799319007913107,288.2647336861879,191.59912551577008,18.227228034689347,0.878343215771309,57.58222748955457,4.805203070901154,5.643873964114367,1.1569266211586124,4.805203070901154,0.0,1.5790693686087804,4.805198453055856,15.127442250522302,9.819507709096351,0.21666666666666667,8.079400327846848,4.068610645141625,25.917322579041446,85.9003874880624,0.24799319007913107,288.2647336861879,191.59912551577008,18.227228034689347,0.878343215771309,1.0,0.36666666666666664,0.2304,341.13551138918615,71.91404454302919,Wh,71.91404454302919,Wh
95,6895a19741e7cf135f59da3c30b6f455,DatepartRegression,"{""regression_model"": {""model"": ""RandomForest"", ""model_params"": {""n_estimators"": 100, ""min_samples_leaf"": 2, ""bootstrap"": true}}, ""datepart_method"": ""expanded"", ""polynomial_degree"": null, ""holiday_countries_used"": false, ""lags"": null, ""forward_lags"": null, ""regression_type"": null}","{""fillna"": ""rolling_mean_24"", ""transformations"": {""0"": ""Scaler"", ""1"": ""Scaler"", ""2"": ""DifferencedTransformer""}, ""transformation_params"": {""0"": {}, ""1"": {}, ""2"": {""lag"": 1, ""fill"": ""bfill""}}}",0,1,57.58222748955457,4.805203070901154,5.643873964114366,1.1569266211586129,4.805203070901154,0.0,-0.023725283940633446,1.5790693686087807,288.28845897012854,4.805198453055856,15.127442250522302,1.0,0.36666666666666664,9.81950770909635,0.21666666666666667,8.079400327846848,4.068610645141625,25.917322579041446,85.90038748806239,0.24799319007913107,288.2647336861879,191.59912551577008,18.22722803468935,0.878343215771309,57.58222748955457,4.805203070901154,5.643873964114366,1.1569266211586129,4.805203070901154,0.0,1.5790693686087807,4.805198453055856,15.127442250522302,9.81950770909635,0.21666666666666667,8.079400327846848,4.068610645141625,25.917322579041446,85.90038748806239,0.24799319007913107,288.2647336861879,191.59912551577008,18.22722803468935,0.878343215771309,1.0,0.36666666666666664,0.2281,341.1355108784312,71.91404454302919,Wh,71.91404454302919,Wh
96,bcb9ce876025c06cb9a538e5f496f338,DatepartRegression,"{""regression_model"": {""model"": ""RandomForest"", ""model_params"": {""n_estimators"": 100, ""min_samples_leaf"": 2, ""bootstrap"": true}}, ""datepart_method"": ""expanded"", ""polynomial_degree"": null, ""holiday_countries_used"": false, ""lags"": null, ""forward_lags"": null, ""regression_type"": null}","{""fillna"": ""time"", ""transformations"": {""0"": ""DifferencedTransformer"", ""1"": ""Scaler"", ""2"": ""Scaler"", ""3"": ""Scaler""}, ""transformation_params"": {""0"": {""lag"": 1, ""fill"": ""bfill""}, ""1"": {}, ""2"": {}, ""3"": {}}}",0,1,57.58222748955457,4.805203070901154,5.643873964114366,1.1569266211586129,4.805203070901154,0.0,-0.023725283940633446,1.5790693686087804,288.28845897012854,4.805198453055856,15.127442250522302,1.0,0.36666666666666664,9.81950770909635,0.21666666666666667,8.079400327846848,4.068610645141625,25.917322579041446,85.90038748806239,0.24799319007913107,288.2647336861879,191.59912551577008,18.22722803468935,0.878343215771309,57.58222748955457,4.805203070901154,5.643873964114366,1.1569266211586129,4.805203070901154,0.0,1.5790693686087804,4.805198453055856,15.127442250522302,9.81950770909635,0.21666666666666667,8.079400327846848,4.068610645141625,25.917322579041446,85.90038748806239,0.24799319007913107,288.2647336861879,191.59912551577008,18.22722803468935,0.878343215771309,1.0,0.36666666666666664,0.223,341.1355097458876,71.91404454302919,Wh,71.91404454302919,Wh
97,5ee0ca6384f90486d46b1817d42a4162,ARIMA,"{""p"": 2, ""d"": 2, ""q"": 3, ""regression_type"": ""Holiday""}","{""fillna"": ""ffill"", ""transformations"": {""0"": ""Scaler"", ""1"": ""DifferencedTransformer""}, ""transformation_params"": {""0"": {}, ""1"": {""lag"": 1, ""fill"": ""zero""}}}",0,1,53.44722300896089,2.0843689243909123,2.386291593650843,1.0980851164749768,2.0843689243909123,0.0,-123.98901916408904,2.0807814461471525,1.0731162993656778,1.0565510443383852,15.679427222679278,1.0,0.4,4.646823608521896,0.8,2.5221180291551404,1.7306559151998169,10.638937970994842,17.658644912731063,0.22655576296248725,122.91590286472338,91.03765466492874,21.004632706668772,0.3745250000271121,53.44722300896089,2.0843689243909123,2.386291593650843,1.0980851164749768,2.0843689243909123,0.0,2.0807814461471525,1.0565510443383852,15.679427222679278,4.646823608521896,0.8,2.5221180291551404,1.7306559151998169,10.638937970994842,17.658644912731063,0.22655576296248725,122.91590286472338,91.03765466492874,21.004632706668772,0.3745250000271121,1.0,0.4,0.6219,319.7135191853491,31.19439438064019,Wh,31.19439438064019,Wh
98,3b91db219580cf32542e1a95a924a0e3,DatepartRegression,"{""regression_model"": {""model"": ""RandomForest"", ""model_params"": {""n_estimators"": 100, ""min_samples_leaf"": 2, ""bootstrap"": true}}, ""datepart_method"": ""expanded"", ""polynomial_degree"": null, ""holiday_countries_used"": false, ""lags"": null, ""forward_lags"": null, ""regression_type"": null}","{""fillna"": ""ffill"", ""transformations"": {""0"": ""Scaler"", ""1"": ""Scaler"", ""2"": ""DifferencedTransformer""}, ""transformation_params"": {""0"": {}, ""1"": {}, ""2"": {""lag"": 1, ""fill"": ""zero""}}}",0,1,54.56148248183271,4.425765042298084,5.218781470850722,1.1761718037921507,4.425765042298084,0.0,-0.04817049978649823,1.512364389580178,265.49773203809855,4.4257463050233445,13.762893778446545,1.0,0.35,9.108678445973094,0.21666666666666667,7.50282618920348,3.735084736134082,23.938400062704623,73.3271131520534,0.24708916771892522,265.4495615383121,175.5057268437456,18.436251856965026,0.8088253409467153,54.56148248183271,4.425765042298084,5.218781470850722,1.1761718037921507,4.425765042298084,0.0,1.512364389580178,4.4257463050233445,13.762893778446545,9.108678445973094,0.21666666666666667,7.50282618920348,3.735084736134082,23.938400062704623,73.3271131520534,0.24708916771892522,265.4495615383121,175.5057268437456,18.436251856965026,0.8088253409467153,1.0,0.35,0.2283,312.7110549611457,66.23542432913614,Wh,66.23542432913614,Wh
99,5dea158f8c2ede094fea318cd7e205b7,RollingRegression,"{""regression_model"": {""model"": ""BayesianRidge"", ""model_params"": {}}, ""holiday"": false, ""mean_rolling_periods"": null, ""macd_periods"": null, ""std_rolling_periods"": null, ""max_rolling_periods"": null, ""min_rolling_periods"": 60, ""ewm_var_alpha"": null, ""quantile90_rolling_periods"": null, ""quantile10_rolling_periods"": null, ""ewm_alpha"": null, ""additional_lag_periods"": 2, ""abs_energy"": false, ""rolling_autocorr_periods"": null, ""nonzero_last_n"": null, ""add_date_part"": null, ""polynomial_degree"": null, ""x_transform"": null, ""regression_type"": null}","{""fillna"": ""time"", ""transformations"": {""0"": ""Scaler"", ""1"": ""DifferencedTransformer"", ""2"": ""Scaler"", ""3"": ""Scaler""}, ""transformation_params"": {""0"": {}, ""1"": {""lag"": 1, ""fill"": ""bfill""}, ""2"": {}, ""3"": {}}}",0,1,42.65024594110054,3.0564827265874994,3.5818715495864004,1.01038970757206,3.0564827265874994,0.0,0.0,1.2670202165384505,183.38896359524998,3.0564827265874994,14.838453621847783,1.0,0.45,6.788919401133233,0.2,5.296551814116417,2.5810654164026947,16.379247634548832,35.911492871845375,0.013101721527980902,183.38896359524998,124.18383410165275,25.485733156595614,0.5587865361170866,42.65024594110054,3.0564827265874994,3.5818715495864004,1.01038970757206,3.0564827265874994,0.0,1.2670202165384505,3.0564827265874994,14.838453621847783,6.788919401133233,0.2,5.296551814116417,2.5810654164026947,16.379247634548832,35.911492871845375,0.013101721527980902,183.38896359524998,124.18383410165275,25.485733156595614,0.5587865361170866,1.0,0.45,0.2472,307.1861470863984,45.742923181723384,Wh,45.742923181723384,Wh
100,88cb45952eb027cc7cf89191d2d0dd47,ARIMA,"{""p"": 0, ""d"": 2, ""q"": 3, ""regression_type"": null}","{""fillna"": ""ffill"", ""transformations"": {""0"": ""DifferencedTransformer""}, ""transformation_params"": {""0"": {""lag"": 1, ""fill"": ""zero""}}}",0,1,29.85702719470613,1.9776091984578206,2.57013983411613,1.005062896043871,1.9776091984578206,0.0,-5.688262007348446,0.9486391765888786,112.9682899001208,1.9613077629207623,15.917161059597891,1.0,0.5,5.695163289729194,0.21666666666666667,3.9561995862328088,1.4768948537426398,11.769159626545894,20.119854014365544,0.006737916383384448,107.28002789277235,50.22050177039449,26.506847351944263,0.3268824579490638,29.85702719470613,1.9776091984578206,2.57013983411613,1.005062896043871,1.9776091984578206,0.0,0.9486391765888786,1.9613077629207623,15.917161059597891,5.695163289729194,0.21666666666666667,3.9561995862328088,1.4768948537426398,11.769159626545894,20.119854014365544,0.006737916383384448,107.28002789277235,50.22050177039449,26.506847351944263,0.3268824579490638,1.0,0.5,0.2474,304.73797818971417,29.596642199749706,Wh,29.596642199749706,Wh
101,81d336ceed3d94c85f690e95233ee667,DatepartRegression,"{""regression_model"": {""model"": ""Adaboost"", ""model_params"": {""n_estimators"": 50, ""loss"": ""linear"", ""estimator"": null, ""learning_rate"": 1, ""max_depth"": 3}}, ""datepart_method"": ""simple_binarized"", ""polynomial_degree"": null, ""holiday_countries_used"": false, ""lags"": null, ""forward_lags"": null, ""regression_type"": null}","{""fillna"": ""ffill"", ""transformations"": {""0"": ""Scaler"", ""1"": ""DifferencedTransformer"", ""2"": ""Scaler""}, ""transformation_params"": {""0"": {}, ""1"": {""lag"": 1, ""fill"": ""bfill""}, ""2"": {}}}",0,1,41.58645858462842,2.8941121689664775,3.2616678198444014,1.0299874442487353,2.8941121689664775,0.0,0.0,1.26790418042155,173.64673013798864,2.8941121689664775,14.810284937741386,1.0,0.48333333333333334,5.2224889802244725,0.2,4.866279928889848,2.5575284954731017,14.63621978674938,26.546922790519666,0.05621762725877657,173.64673013798864,128.2202417833827,25.67174351230938,0.5291019314336668,41.58645858462842,2.8941121689664775,3.2616678198444014,1.0299874442487353,2.8941121689664775,0.0,1.26790418042155,2.8941121689664775,14.810284937741386,5.2224889802244725,0.2,4.866279928889848,2.5575284954731017,14.63621978674938,26.546922790519666,0.05621762725877657,173.64673013798864,128.2202417833827,25.67174351230938,0.5291019314336668,1.0,0.48333333333333334,0.1256,303.86372023589223,43.31290652250136,Wh,43.31290652250136,Wh
102,0513efc241443b487dad6e295cf0bea4,DatepartRegression,"{""regression_model"": {""model"": ""Adaboost"", ""model_params"": {""n_estimators"": 200, ""loss"": ""linear"", ""estimator"": null, ""learning_rate"": 0.8, ""max_depth"": 2}}, ""datepart_method"": ""common_fourier_rw_lag"", ""polynomial_degree"": null, ""holiday_countries_used"": false, ""lags"": null, ""forward_lags"": 1, ""regression_type"": null}","{""fillna"": ""fake_date"", ""transformations"": {""0"": ""Scaler"", ""1"": ""Scaler"", ""2"": ""DifferencedTransformer""}, ""transformation_params"": {""0"": {}, ""1"": {}, ""2"": {""lag"": 1, ""fill"": ""bfill""}}}",0,1,39.106159697927595,2.6411809509254573,2.9828850627431684,1.3692498671349123,2.6411809509254573,0.0,-15.09733923849392,1.308466106894333,143.37351781703353,2.5400723781229786,14.677256110290937,1.0,0.45,6.381739412656678,0.45,4.1318368062509565,2.2605561682945416,8.623344180837615,21.597021412329514,0.5105207300702312,128.27617857853963,173.64340013624866,3.6332311216011313,0.3908577707677037,39.106159697927595,2.6411809509254573,2.9828850627431684,1.3692498671349123,2.6411809509254573,0.0,1.308466106894333,2.5400723781229786,14.677256110290937,6.381739412656678,0.45,4.1318368062509565,2.2605561682945416,8.623344180837615,21.597021412329514,0.5105207300702312,128.27617857853963,173.64340013624866,3.6332311216011313,0.3908577707677037,1.0,0.45,0.539,297.6674383693264,39.52757079118264,Wh,39.52757079118264,Wh
103,c27be99d3718170e13974f204bad0047,RollingRegression,"{""regression_model"": {""model"": ""ExtraTrees"", ""model_params"": {""n_estimators"": 100, ""min_samples_leaf"": 1, ""max_depth"": 10}}, ""holiday"": false, ""mean_rolling_periods"": 7, ""macd_periods"": null, ""std_rolling_periods"": 30, ""max_rolling_periods"": 12, ""min_rolling_periods"": null, ""ewm_var_alpha"": null, ""quantile90_rolling_periods"": null, ""quantile10_rolling_periods"": null, ""ewm_alpha"": null, ""additional_lag_periods"": 363, ""abs_energy"": false, ""rolling_autocorr_periods"": 7, ""nonzero_last_n"": null, ""add_date_part"": null, ""polynomial_degree"": null, ""x_transform"": null, ""regression_type"": null}","{""fillna"": ""rolling_mean"", ""transformations"": {""0"": ""Scaler"", ""1"": ""Scaler"", ""2"": ""DifferencedTransformer""}, ""transformation_params"": {""0"": {}, ""1"": {}, ""2"": {""lag"": 1, ""fill"": ""bfill""}}}",0,1,35.23028799594984,2.355769274129712,2.7696755325758136,1.0293247564752708,2.355769274129712,0.0,-1.1709881985956798,1.088405074612339,140.175168249187,2.3539103760821467,14.71795424907792,1.0,0.5166666666666667,4.658363860976294,0.21666666666666667,4.222937178850386,2.028947198655039,12.369574451271296,19.66200671067076,0.09462718614906793,139.00418005059134,93.2845972399945,23.689232401583055,0.42354601254902136,35.23028799594984,2.355769274129712,2.7696755325758136,1.0293247564752708,2.355769274129712,0.0,1.088405074612339,2.3539103760821467,14.71795424907792,4.658363860976294,0.21666666666666667,4.222937178850386,2.028947198655039,12.369574451271296,19.66200671067076,0.09462718614906793,139.00418005059134,93.2845972399945,23.689232401583055,0.42354601254902136,1.0,0.5166666666666667,5.8164,292.4023499104043,35.2561367361926,Wh,35.2561367361926,Wh
104,784090c43bbfd6d13bf10fafaa2136b6,ARIMA,"{""p"": 7, ""d"": 2, ""q"": 4, ""regression_type"": null}","{""fillna"": ""ffill"", ""transformations"": {""0"": ""Scaler"", ""1"": ""DifferencedTransformer"", ""2"": ""Scaler""}, ""transformation_params"": {""0"": {}, ""1"": {""lag"": 1, ""fill"": ""zero""}, ""2"": {}}}",0,1,41.66200729113575,2.981970982183259,3.5476291362612087,1.0342895840494688,2.981970982183259,0.0,-0.40018138726223906,1.2343349670207777,178.5180775437333,2.98127219095277,13.650038576057105,1.0,0.45,6.401096413994734,0.2,5.253371996989401,2.4984680976032183,16.21639969969117,33.68007661229492,0.07887888747407508,178.1178961564711,116.1719006270656,24.58350910599011,0.5427255831676197,41.66200729113575,2.981970982183259,3.5476291362612087,1.0342895840494688,2.981970982183259,0.0,1.2343349670207777,2.98127219095277,13.650038576057105,6.401096413994734,0.2,5.253371996989401,2.4984680976032183,16.21639969969117,33.68007661229492,0.07887888747407508,178.1178961564711,116.1719006270656,24.58350910599011,0.5427255831676197,1.0,0.45,1.9662,286.3760121727526,44.627790100560915,Wh,44.627790100560915,Wh
105,b446ca05c278583312c3823397bee779,ARIMA,"{""p"": 1, ""d"": 0, ""q"": 12, ""regression_type"": null}","{""fillna"": ""ffill_mean_biased"", ""transformations"": {""0"": ""Scaler"", ""1"": ""Scaler"", ""2"": ""Scaler"", ""3"": ""DifferencedTransformer""}, ""transformation_params"": {""0"": {}, ""1"": {}, ""2"": {}, ""3"": {""lag"": 1, ""fill"": ""bfill""}}}",0,1,21.131229325433093,1.2396018249557583,1.4440310418135671,1.0180059864520283,1.2396018249557583,0.0,-0.34151336893734907,0.7446550106022892,74.03459612840815,1.2388065747484227,15.075170667960908,1.0,0.5333333333333333,2.385430786491276,0.2,2.6050519379222488,1.0658841015411462,5.792946486530946,4.720203965061613,0.027200850889043768,73.69308275947081,59.81354446031055,26.737560554915046,0.2245429694550118,21.131229325433093,1.2396018249557583,1.4440310418135671,1.0180059864520283,1.2396018249557583,0.0,0.7446550106022892,1.2388065747484227,15.075170667960908,2.385430786491276,0.2,2.6050519379222488,1.0658841015411462,5.792946486530946,4.720203965061613,0.027200850889043768,73.69308275947081,59.81354446031055,26.737560554915046,0.2245429694550118,1.0,0.5333333333333333,2.7603,276.0138243319907,18.55171977961188,Wh,18.55171977961188,Wh
106,f088c4327cafb8f0ecd97edb3de8e81b,ARIMA,"{""p"": 1, ""d"": 0, ""q"": 3, ""regression_type"": ""Holiday""}","{""fillna"": ""median"", ""transformations"": {""0"": ""Scaler"", ""1"": ""Scaler"", ""2"": ""DifferencedTransformer"", ""3"": ""Scaler"", ""4"": ""Scaler""}, ""transformation_params"": {""0"": {}, ""1"": {}, ""2"": {""lag"": 1, ""fill"": ""bfill""}, ""3"": {}, ""4"": {}}}",0,1,25.560229286955618,1.2002441226322462,1.4345272401187004,1.0709651405453264,1.2002441226322462,0.0,-70.17291324556928,1.1947438756664635,1.8417341123654989,0.7266628363191778,14.041461283345223,1.0,0.4,3.1012906034400625,0.8,2.045309685330169,0.9792000996472945,5.7316355818404805,7.402705141094068,0.1020490665811825,68.33117913320378,56.077742886723314,25.826458412482992,0.20820523846195108,25.560229286955618,1.2002441226322462,1.4345272401187004,1.0709651405453264,1.2002441226322462,0.0,1.1947438756664635,0.7266628363191778,14.041461283345223,3.1012906034400625,0.8,2.045309685330169,0.9792000996472945,5.7316355818404805,7.402705141094068,0.1020490665811825,68.33117913320378,56.077742886723314,25.826458412482992,0.20820523846195108,1.0,0.4,0.3749,262.3404159280616,17.962697522645428,Wh,17.962697522645428,Wh
107,f8c1a4db479cf1a6d1e8d914408fbf05,ARIMA,"{""p"": 1, ""d"": 0, ""q"": 3, ""regression_type"": ""Holiday""}","{""fillna"": ""rolling_mean"", ""transformations"": {""0"": ""Scaler"", ""1"": ""DifferencedTransformer"", ""2"": ""Scaler"", ""3"": ""Scaler""}, ""transformation_params"": {""0"": {}, ""1"": {""lag"": 1, ""fill"": ""bfill""}, ""2"": {}, ""3"": {}}}",0,1,25.560229286955618,1.2002441226322462,1.4345272401187004,1.0709651405453264,1.2002441226322462,0.0,-70.17291324556928,1.1947438756664635,1.8417341123654989,0.7266628363191778,14.041461283345223,1.0,0.4,3.1012906034400625,0.8,2.045309685330169,0.9792000996472945,5.7316355818404805,7.402705141094068,0.1020490665811825,68.33117913320378,56.077742886723314,25.826458412482992,0.20820523846195108,25.560229286955618,1.2002441226322462,1.4345272401187004,1.0709651405453264,1.2002441226322462,0.0,1.1947438756664635,0.7266628363191778,14.041461283345223,3.1012906034400625,0.8,2.045309685330169,0.9792000996472945,5.7316355818404805,7.402705141094068,0.1020490665811825,68.33117913320378,56.077742886723314,25.826458412482992,0.20820523846195108,1.0,0.4,0.3749,262.3404159280616,17.962697522645428,Wh,17.962697522645428,Wh
108,2091ab8441c7b5ed86590c58c51fee9d,ARIMA,"{""p"": 4, ""d"": 0, ""q"": 0, ""regression_type"": null}","{""fillna"": ""ffill"", ""transformations"": {""0"": ""DifferencedTransformer""}, ""transformation_params"": {""0"": {""lag"": 1, ""fill"": ""bfill""}}}",0,1,15.888479373491466,0.892156874739815,1.0726326957740322,1.0041434996942407,0.892156874739815,0.0,-3.1244842587397628,0.5921077270442392,50.40492822564913,0.8865479941498975,14.602900311068083,1.0,0.5333333333333333,1.945486116893326,0.8,1.7591366062572453,0.7388695543144579,4.226727353771578,2.538349441793103,0.0034953691435444002,47.280443966909374,33.303772405162725,29.39544855732762,0.14406360662279025,15.888479373491466,0.892156874739815,1.0726326957740322,1.0041434996942407,0.892156874739815,0.0,0.5921077270442392,0.8865479941498975,14.602900311068083,1.945486116893326,0.8,1.7591366062572453,0.7388695543144579,4.226727353771578,2.538349441793103,0.0034953691435444002,47.280443966909374,33.303772405162725,29.39544855732762,0.14406360662279025,1.0,0.5333333333333333,0.0587,260.7305975691176,13.351903818161977,Wh,13.351903818161977,Wh
109,f323f97d6ba53170ea135d269876ac30,ARIMA,"{""p"": 1, ""d"": 0, ""q"": 3, ""regression_type"": null}","{""fillna"": ""fake_date"", ""transformations"": {""0"": ""Scaler"", ""1"": ""DifferencedTransformer"", ""2"": ""Scaler""}, ""transformation_params"": {""0"": {}, ""1"": {""lag"": 1, ""fill"": ""bfill""}, ""2"": {}}}",0,1,15.425870869925298,0.862848053634721,1.0340412597350186,1.0046283241757987,0.862848053634721,0.0,-3.807119695693766,0.5822835330236018,47.963763522389485,0.8549415009857996,14.55771523832112,1.0,0.4166666666666667,1.8921864333696954,0.8,1.7399628291671487,0.7137944134417412,4.056802523096776,2.3574190233112375,0.0033528123078556344,44.15664382669573,30.236831447263874,29.40745563273186,0.13454538139455594,15.425870869925298,0.862848053634721,1.0340412597350186,1.0046283241757987,0.862848053634721,0.0,0.5822835330236018,0.8549415009857996,14.55771523832112,1.8921864333696954,0.8,1.7399628291671487,0.7137944134417412,4.056802523096776,2.3574190233112375,0.0033528123078556344,44.15664382669573,30.236831447263874,29.40745563273186,0.13454538139455594,1.0,0.4166666666666667,0.1001,259.3087217001841,12.913271811281959,Wh,12.913271811281959,Wh
110,72cc4c80ff66409c724e7086479e68df,DatepartRegression,"{""regression_model"": {""model"": ""ElasticNet"", ""model_params"": {""l1_ratio"": 0.5, ""fit_intercept"": true, ""selection"": ""random"", ""max_iter"": 1000}}, ""datepart_method"": [""dayofweek"", [365.25, 14]], ""polynomial_degree"": null, ""holiday_countries_used"": false, ""lags"": null, ""forward_lags"": null, ""regression_type"": null}","{""fillna"": ""linear"", ""transformations"": {""0"": ""Scaler"", ""1"": ""Scaler"", ""2"": ""Scaler"", ""3"": ""DifferencedTransformer"", ""4"": ""Scaler"", ""5"": ""Scaler""}, ""transformation_params"": {""0"": {}, ""1"": {}, ""2"": {}, ""3"": {""lag"": 1, ""fill"": ""zero""}, ""4"": {}, ""5"": {}}}",0,1,28.727298256908945,1.8056730476518472,2.1179933119890206,1.0091708465103666,1.8056730476518472,0.0,-0.08864077553153038,0.9353852224727651,108.2517420835793,1.8056187573670475,13.329320856649018,1.0,0.45,3.5071781538426876,0.2,3.3999407131860626,1.5512383410743638,9.313907065000443,10.927733755920627,0.0,108.16310130804777,76.84453803302442,27.974173257945612,0.32957318439838224,28.727298256908945,1.8056730476518472,2.1179933119890206,1.0091708465103666,1.8056730476518472,0.0,0.9353852224727651,1.8056187573670475,13.329320856649018,3.5071781538426876,0.2,3.3999407131860626,1.5512383410743638,9.313907065000443,10.927733755920627,0.0,108.16310130804777,76.84453803302442,27.974173257945612,0.32957318439838224,1.0,0.45,0.1026,259.070965516021,27.02346811632873,Wh,27.02346811632873,Wh
111,dbbf94f3df6418a2cda1474487c4f14b,ARIMA,"{""p"": 1, ""d"": 1, ""q"": 3, ""regression_type"": ""Holiday""}","{""fillna"": ""ffill_mean_biased"", ""transformations"": {""0"": ""Scaler"", ""1"": ""Scaler"", ""2"": ""DifferencedTransformer""}, ""transformation_params"": {""0"": {}, ""1"": {}, ""2"": {""lag"": 1, ""fill"": ""bfill""}}}",0,1,18.21461506818968,0.9197979548789061,1.0711882827230699,1.0989815037016377,0.9197979548789061,0.0,-46.9744598878606,0.8881835947290203,8.213417404873775,0.6428179295944286,14.134467205256085,1.0,0.45,2.4010791160759837,0.8,1.8611344843910023,0.7496273579746145,4.0414648277322085,4.722833308884305,0.12186113409855415,38.76104248298682,35.49143240826531,23.946184313813248,0.11810497338955701,18.21461506818968,0.9197979548789061,1.0711882827230699,1.0989815037016377,0.9197979548789061,0.0,0.8881835947290203,0.6428179295944286,14.134467205256085,2.4010791160759837,0.8,1.8611344843910023,0.7496273579746145,4.0414648277322085,4.722833308884305,0.12186113409855415,38.76104248298682,35.49143240826531,23.946184313813248,0.11810497338955701,1.0,0.45,0.4043,255.07511014185354,13.765576630530187,Wh,13.765576630530187,Wh
112,ac1f468b7367b5acf701e37b27b60ab5,RollingRegression,"{""regression_model"": {""model"": ""ElasticNet"", ""model_params"": {""l1_ratio"": 0.5, ""fit_intercept"": true, ""selection"": ""cyclic"", ""max_iter"": 1000}}, ""holiday"": false, ""mean_rolling_periods"": 30, ""macd_periods"": 4, ""std_rolling_periods"": null, ""max_rolling_periods"": 24, ""min_rolling_periods"": null, ""ewm_var_alpha"": null, ""quantile90_rolling_periods"": null, ""quantile10_rolling_periods"": null, ""ewm_alpha"": null, ""additional_lag_periods"": 90, ""abs_energy"": false, ""rolling_autocorr_periods"": null, ""nonzero_last_n"": null, ""add_date_part"": null, ""polynomial_degree"": null, ""x_transform"": null, ""regression_type"": null}","{""fillna"": ""time"", ""transformations"": {""0"": ""Scaler"", ""1"": ""DifferencedTransformer""}, ""transformation_params"": {""0"": {}, ""1"": {""lag"": 1, ""fill"": ""bfill""}}}",0,1,13.263851118813728,0.7302068757563132,0.8953622748726101,0.9989996757750429,0.7302068757563132,0.0,-3.4383955955745273,0.5109987379073089,40.37401694980426,0.723186718398118,14.435556931836604,1.0,0.55,1.723122913521351,0.8,1.664924574469436,0.5833794960343002,3.202726340760698,1.6548315998107819,4.457572748749735e-05,36.93562135422974,28.193713926090794,29.26028645070244,0.11254291158662129,13.263851118813728,0.7302068757563132,0.8953622748726101,0.9989996757750429,0.7302068757563132,0.0,0.5109987379073089,0.723186718398118,14.435556931836604,1.723122913521351,0.8,1.664924574469436,0.5833794960343002,3.202726340760698,1.6548315998107819,4.457572748749735e-05,36.93562135422974,28.193713926090794,29.26028645070244,0.11254291158662129,1.0,0.55,0.313,254.35919644197614,10.92818118484173,Wh,10.92818118484173,Wh
113,68b6b6eb3cd365e7b0d3807d1d5f7a1f,RollingRegression,"{""regression_model"": {""model"": ""BayesianRidge"", ""model_params"": {}}, ""holiday"": false, ""mean_rolling_periods"": null, ""macd_periods"": null, ""std_rolling_periods"": null, ""max_rolling_periods"": 12, ""min_rolling_periods"": null, ""ewm_var_alpha"": null, ""quantile90_rolling_periods"": null, ""quantile10_rolling_periods"": null, ""ewm_alpha"": null, ""additional_lag_periods"": 27, ""abs_energy"": false, ""rolling_autocorr_periods"": null, ""nonzero_last_n"": null, ""add_date_part"": ""expanded"", ""polynomial_degree"": null, ""x_transform"": null, ""regression_type"": null}","{""fillna"": ""zero"", ""transformations"": {""0"": ""Scaler"", ""1"": ""Scaler"", ""2"": ""DifferencedTransformer"", ""3"": ""Scaler"", ""4"": ""Scaler""}, ""transformation_params"": {""0"": {}, ""1"": {}, ""2"": {""lag"": 1, ""fill"": ""bfill""}, ""3"": {}, ""4"": {}}}",0,1,11.1163222080248,0.6050503689939527,0.756118478998149,1.0279372298864533,0.6050503689939527,0.0,-4.782586890044513,0.4464997490772367,31.52043524959265,0.5945986724939535,14.407265781031548,1.0,0.55,1.718279176097326,0.8,1.5885848029743421,0.45909812954220136,2.38286235914502,1.1584343815522777,0.07934931936864895,26.73784835954814,23.67722067793265,27.012700999956373,0.0814702770283981,11.1163222080248,0.6050503689939527,0.756118478998149,1.0279372298864533,0.6050503689939527,0.0,0.4464997490772367,0.5945986724939535,14.407265781031548,1.718279176097326,0.8,1.5885848029743421,0.45909812954220136,2.38286235914502,1.1584343815522777,0.07934931936864895,26.73784835954814,23.67722067793265,27.012700999956373,0.0814702770283981,1.0,0.55,0.5188,250.98664195436155,9.05510517341098,Wh,9.05510517341098,Wh
114,88cfabe446bd6e66e2abc6d2201d033c,ARIMA,"{""p"": 1, ""d"": 2, ""q"": 3, ""regression_type"": ""Holiday""}","{""fillna"": ""ffill"", ""transformations"": {""0"": ""Scaler"", ""1"": ""DifferencedTransformer""}, ""transformation_params"": {""0"": {}, ""1"": {""lag"": 1, ""fill"": ""zero""}}}",0,1,17.734419704092055,0.9095061850827638,1.0542177217888062,1.0653121376758943,0.9095061850827638,0.0,-48.803820716396075,0.8910251449506621,5.766550388569755,0.6254053810278045,12.949737854197167,1.0,0.4666666666666667,2.1452658371604403,0.8,1.8746892558014603,0.7511582275523668,3.737449448398658,4.555789800775116,0.09548605755419935,43.03727032782632,43.6804521002318,24.791404136533906,0.13113464812145126,17.734419704092055,0.9095061850827638,1.0542177217888062,1.0653121376758943,0.9095061850827638,0.0,0.8910251449506621,0.6254053810278045,12.949737854197167,2.1452658371604403,0.8,1.8746892558014603,0.7511582275523668,3.737449448398658,4.555789800775116,0.09548605755419935,43.03727032782632,43.6804521002318,24.791404136533906,0.13113464812145126,1.0,0.4666666666666667,0.6168,235.23173061494236,13.611551341561997,Wh,13.611551341561997,Wh
115,884ff6b7614106b7d594c9455e093ef7,ARIMA,"{""p"": 3, ""d"": 0, ""q"": 3, ""regression_type"": null}","{""fillna"": ""ffill"", ""transformations"": {""0"": ""Scaler"", ""1"": ""DifferencedTransformer"", ""2"": ""Scaler"", ""3"": ""Scaler""}, ""transformation_params"": {""0"": {}, ""1"": {""lag"": 1, ""fill"": ""zero""}, ""2"": {}, ""3"": {}}}",0,1,14.04450384309227,0.7769714158267302,0.9185861749899104,1.025276498782113,0.7769714158267302,0.0,-6.382432401337149,0.5553273895100149,40.235852548266664,0.7584645976196864,13.18372813695794,1.0,0.5333333333333333,1.720217762496163,0.8,1.6858128253547529,0.64368362608833,3.525839595262885,1.9297457146556891,0.050875571166402796,33.85342014692951,20.201688126766488,27.29203535440042,0.1031514383895515,14.04450384309227,0.7769714158267302,0.9185861749899104,1.025276498782113,0.7769714158267302,0.0,0.5553273895100149,0.7584645976196864,13.18372813695794,1.720217762496163,0.8,1.6858128253547529,0.64368362608833,3.525839595262885,1.9297457146556891,0.050875571166402796,33.85342014692951,20.201688126766488,27.29203535440042,0.1031514383895515,1.0,0.5333333333333333,0.2112,234.7740626818562,11.628053212732437,Wh,11.628053212732437,Wh
116,d657a940d7b8806e06d47af49b73a915,ARIMA,"{""p"": 1, ""d"": 1, ""q"": 12, ""regression_type"": null}","{""fillna"": ""cubic"", ""transformations"": {""0"": ""DifferencedTransformer"", ""1"": ""Scaler""}, ""transformation_params"": {""0"": {""lag"": 1, ""fill"": ""zero""}, ""1"": {}}}",0,1,12.891150845362429,0.7076477792144392,0.8294782261588477,1.068539276402572,0.7076477792144392,0.0,-8.351098715037931,0.530802097587379,34.107768037828436,0.679108618430783,13.120022610212859,1.0,0.4,1.600247732286725,0.8,1.646861806723077,0.5885018209125206,3.0413423383088154,1.5909708217142926,0.23717167774959447,25.756669322790508,14.632208654878678,21.409037729211068,0.07848062255567553,12.891150845362429,0.7076477792144392,0.8294782261588477,1.068539276402572,0.7076477792144392,0.0,0.530802097587379,0.679108618430783,13.120022610212859,1.600247732286725,0.8,1.646861806723077,0.5885018209125206,3.0413423383088154,1.5909708217142926,0.23717167774959447,25.756669322790508,14.632208654878678,21.409037729211068,0.07848062255567553,1.0,0.4,1.95,232.09107684227237,10.590564678395403,Wh,10.590564678395403,Wh
117,eb8f5efc56977ce36b6705744900cea3,ARIMA,"{""p"": 2, ""d"": 0, ""q"": 3, ""regression_type"": ""Holiday""}","{""fillna"": ""pchip"", ""transformations"": {""0"": ""Scaler"", ""1"": ""DifferencedTransformer"", ""2"": ""Scaler""}, ""transformation_params"": {""0"": {}, ""1"": {""lag"": 1, ""fill"": ""zero""}, ""2"": {}}}",0,1,11.61596415418539,0.6267109992857073,0.7311899216245052,1.0289003594696773,0.6267109992857073,0.0,-27.94149816217359,0.5889064798018809,9.66116179496884,0.4963217706788387,13.150711987382223,1.0,0.4166666666666667,1.4102354292322223,0.8,1.6387709862570206,0.5244748317407706,2.2904290070338598,1.9263876571955498,0.0479595985643404,18.28033636720475,21.061368769177406,27.490336391266666,0.0557002211988624,11.61596415418539,0.6267109992857073,0.7311899216245052,1.0289003594696773,0.6267109992857073,0.0,0.5889064798018809,0.4963217706788387,13.150711987382223,1.4102354292322223,0.8,1.6387709862570206,0.5244748317407706,2.2904290070338598,1.9263876571955498,0.0479595985643404,18.28033636720475,21.061368769177406,27.490336391266666,0.0557002211988624,1.0,0.4166666666666667,0.4826,230.82433888797553,9.379275350747356,Wh,9.379275350747356,Wh
118,7396e7a603bb04ded93f07b309d57fd9,ARIMA,"{""p"": 0, ""d"": 0, ""q"": 3, ""regression_type"": ""Holiday""}","{""fillna"": ""ffill"", ""transformations"": {""0"": ""Scaler""}, ""transformation_params"": {""0"": {}}}",0,1,193.65794572799572,5.313127897242116,5.390422240706908,1.176766590107005,5.313127897242116,0.0,-318.78767383452697,5.313127897242116,0.0,1.830398163645828,1.587104329614787,1.0,0.55,6.628880023956299,0.8,5.007032325923104,5.100107517966344,20.424278944221363,69.77433125185662,0.08047547786054712,318.78767383452697,327.1182052693607,19.742958234270507,0.9713466749938754,193.65794572799572,5.313127897242116,5.390422240706908,1.176766590107005,5.313127897242116,0.0,5.313127897242116,1.830398163645828,1.587104329614787,6.628880023956299,0.8,5.007032325923104,5.100107517966344,20.424278944221363,69.77433125185662,0.08047547786054712,318.78767383452697,327.1182052693607,19.742958234270507,0.9713466749938754,1.0,0.55,0.3289,229.99927843159472,79.5155814701968,Wh,79.5155814701968,Wh
119,4de1fda345265fb21bbe1b389652e6c5,WindowRegression,"{""window_size"": 10, ""input_dim"": ""univariate"", ""output_dim"": ""1step"", ""normalize_window"": false, ""max_windows"": 5000000, ""fourier_encoding_components"": null, ""scale"": true, ""datepart_method"": null, ""regression_type"": null, ""regression_model"": {""model"": ""HistGradientBoost"", ""model_params"": {""loss"": ""squared_error"", ""learning_rate"": 0.01, ""max_depth"": 20, ""min_samples_leaf"": 20, ""max_iter"": 250, ""l2_regularization"": 0}}}","{""fillna"": ""ffill"", ""transformations"": {""0"": ""DifferencedTransformer"", ""1"": ""Scaler"", ""2"": ""Scaler"", ""3"": ""Scaler""}, ""transformation_params"": {""0"": {""lag"": 1, ""fill"": ""bfill""}, ""1"": {}, ""2"": {}, ""3"": {}}}",0,4,80.3921590378259,3.2502454896830737,3.651968151084008,0.725077463638744,3.2502454896830737,0.0,-762.9227818011809,3.2308778552683792,17.13613572275676,1.1995977068184336,6.91928633526226,1.0,0.5291666666666667,9.647859573364258,0.7208333333333333,2.610573992181636,2.879915865300311,15.553256479387416,17.691145266871118,0.2698530540479482,186.44666151960604,59.70471227293038,9.383801023566226,0.4401004077451063,80.3921590378259,3.2502454896830737,3.651968151084008,0.725077463638744,3.2502454896830737,0.0,3.2308778552683792,1.1995977068184336,6.91928633526226,9.647859573364258,0.7208333333333333,2.610573992181636,2.879915865300311,15.553256479387416,17.691145266871118,0.2698530540479482,186.44666151960604,59.70471227293038,9.383801023566226,0.4401004077451063,1.0,0.5291666666666667,0.724475,208.3210970280392,96.83854288505506,Wh,96.83854288505506,Wh
120,749206c738d781a01b4c5a09411b1720,ARIMA,"{""p"": 0, ""d"": 2, ""q"": 1, ""regression_type"": null}","{""fillna"": ""time"", ""transformations"": {""0"": ""Scaler"", ""1"": ""Scaler"", ""2"": ""Scaler"", ""3"": ""Scaler""}, ""transformation_params"": {""0"": {}, ""1"": {}, ""2"": {}, ""3"": {}}}",0,1,28.724961672521143,1.8054895194123726,2.117789750566109,1.0091688446905531,1.8054895194123726,0.0,-0.08867102743913602,0.9353236454738514,108.24070013730321,1.8054352190279956,3.600209722233193,1.0,0.45,3.5068211813329366,0.2,3.3996878923307334,1.5510741503287704,9.312925734488864,10.925493082059063,0.0,108.15202910986409,76.83696755085346,27.97453959097149,0.32953944738853735,28.724961672521143,1.8054895194123726,2.117789750566109,1.0091688446905531,1.8054895194123726,0.0,0.9353236454738514,1.8054352190279956,3.600209722233193,3.5068211813329366,0.2,3.3996878923307334,1.5510741503287704,9.312925734488864,10.925493082059063,0.0,108.15202910986409,76.83696755085346,27.97453959097149,0.32953944738853735,1.0,0.45,0.1252,99.80564504809142,27.02072145655312,Wh,27.02072145655312,Wh
121,2ed6fcec6c162298ab39f90a21633421,ARIMA,"{""p"": 3, ""d"": 2, ""q"": 3, ""regression_type"": ""Holiday""}","{""fillna"": ""time"", ""transformations"": {""0"": ""Scaler"", ""1"": ""Scaler"", ""2"": ""Scaler"", ""3"": ""Scaler""}, ""transformation_params"": {""0"": {}, ""1"": {}, ""2"": {}, ""3"": {}}}",0,4,35.015603651233185,4.56620310662768,5.217831080715424,0.6952610212274677,4.56620310662768,0.0,-21.46700154673837,1.172315740227119,1074.4217440439047,4.546056019207275,1.6156211028087755,0.9958333333333333,0.5,29.678068269889373,0.4541666666666667,3.808053024229352,3.8818161709235794,23.463152351740877,52.41765508573028,0.14427922822067688,263.86889234982414,60.61033360299059,14.768352085641455,0.5802350638942354,35.015603651233185,4.56620310662768,5.217831080715424,0.6952610212274677,4.56620310662768,0.0,1.172315740227119,4.546056019207275,1.6156211028087755,29.678068269889373,0.4541666666666667,3.808053024229352,3.8818161709235794,23.463152351740877,52.41765508573028,0.14427922822067688,263.86889234982414,60.61033360299059,14.768352085641455,0.5802350638942354,0.9958333333333333,0.5,0.7468,98.33385149014237,214.75801250696392,Wh,214.75801250696392,Wh
122,3a6fa177b78cbb7a63209d65938c55cb,ARIMA,"{""p"": 1, ""d"": 2, ""q"": 3, ""regression_type"": ""Holiday""}","{""fillna"": ""akima"", ""transformations"": {""0"": ""Scaler""}, ""transformation_params"": {""0"": {}}}",0,4,28.335197616882986,3.6004346249983894,4.199870701413171,0.6891345484858997,3.6004346249983894,0.0,-15.796182719127195,0.9610009790588571,848.3081272804864,3.586932798845901,1.7906751606789397,1.0,0.4708333333333333,26.266332458071844,0.5791666666666667,3.133139163241458,3.0036571326533785,18.674228562415085,37.727057955424286,0.14133647522355042,208.12798614033977,44.241759415906486,14.789458168627837,0.4565499760591588,28.335197616882986,3.6004346249983894,4.199870701413171,0.6891345484858997,3.6004346249983894,0.0,0.9610009790588571,3.586932798845901,1.7906751606789397,26.266332458071844,0.5791666666666667,3.133139163241458,3.0036571326533785,18.674228562415085,37.727057955424286,0.14133647522355042,208.12798614033977,44.241759415906486,14.789458168627837,0.4565499760591588,1.0,0.4708333333333333,0.388425,86.88973277548291,185.1576636314542,Wh,185.1576636314542,Wh
123,78d5f87c8db95831334d1521d9a70667,ARIMA,"{""p"": 3, ""d"": 2, ""q"": 3, ""regression_type"": null}","{""fillna"": ""rolling_mean_24"", ""transformations"": {""0"": ""Scaler"", ""1"": ""Scaler"", ""2"": ""Scaler""}, ""transformation_params"": {""0"": {}, ""1"": {}, ""2"": {}}}",0,4,29.805613958278393,4.064724896551941,4.6744174273348715,0.6734791695028362,4.064724896551941,0.0,-63.089511758949136,1.0557334361745006,912.4444634135168,3.9887976571402057,1.354894813607446,0.9958333333333333,0.5208333333333334,29.67861635780472,0.6833333333333333,3.3421054211976258,3.4348769495028715,20.938145268496072,49.44686160635113,0.11820834205122224,228.36605853134722,47.2485691734975,15.597674202234444,0.4954959543980958,29.805613958278393,4.064724896551941,4.6744174273348715,0.6734791695028362,4.064724896551941,0.0,1.0557334361745006,3.9887976571402057,1.354894813607446,29.67861635780472,0.6833333333333333,3.3421054211976258,3.4348769495028715,20.938145268496072,49.44686160635113,0.11820834205122224,228.36605853134722,47.2485691734975,15.597674202234444,0.4954959543980958,0.9958333333333333,0.5208333333333334,0.47467499999999996,85.16676408040375,214.76264675188025,Wh,214.76264675188025,Wh
124,f5e4c80321238c9559f1d9b32db0b565,ARIMA,"{""p"": 3, ""d"": 2, ""q"": 3, ""regression_type"": null}","{""fillna"": ""time"", ""transformations"": {""0"": ""Scaler"", ""1"": ""Scaler"", ""2"": ""Scaler"", ""3"": ""Scaler""}, ""transformation_params"": {""0"": {}, ""1"": {}, ""2"": {}, ""3"": {}}}",0,4,29.805613958278393,4.064724896551941,4.6744174273348715,0.6734791695028362,4.064724896551941,0.0,-63.089511758949136,1.0557334361745006,912.4444634135168,3.9887976571402057,1.354894813607446,0.9958333333333333,0.5208333333333334,29.67861635780472,0.6833333333333333,3.3421054211976258,3.4348769495028715,20.938145268496072,49.44686160635113,0.11820834205122224,228.36605853134722,47.2485691734975,15.597674202234444,0.4954959543980958,29.805613958278393,4.064724896551941,4.6744174273348715,0.6734791695028362,4.064724896551941,0.0,1.0557334361745006,3.9887976571402057,1.354894813607446,29.67861635780472,0.6833333333333333,3.3421054211976258,3.4348769495028715,20.938145268496072,49.44686160635113,0.11820834205122224,228.36605853134722,47.2485691734975,15.597674202234444,0.4954959543980958,0.9958333333333333,0.5208333333333334,0.45275,85.16675921157659,214.76264675188025,Wh,214.76264675188025,Wh
125,1363bd01de2b999c2bd196dee420188e,ARIMA,"{""p"": 1, ""d"": 2, ""q"": 3, ""regression_type"": null}","{""fillna"": ""ffill"", ""transformations"": {""0"": ""Scaler"", ""1"": ""Scaler""}, ""transformation_params"": {""0"": {}, ""1"": {}}}",0,4,27.590675518501637,3.540169942214079,4.1146921315947225,0.6755536603224844,3.540169942214079,0.0,-20.998936025126277,0.9409439484935783,828.6418501062526,3.5228932085202826,1.6854856316290392,0.9958333333333333,0.49583333333333335,26.273698670521192,0.6625,3.0663816066383003,2.958974014879989,18.25021442010628,37.351826467414256,0.14547782845121848,201.9107285202816,42.89354561512259,14.62654293865323,0.44192549644418055,27.590675518501637,3.540169942214079,4.1146921315947225,0.6755536603224844,3.540169942214079,0.0,0.9409439484935783,3.5228932085202826,1.6854856316290392,26.273698670521192,0.6625,3.0663816066383003,2.958974014879989,18.25021442010628,37.351826467414256,0.14547782845121848,201.9107285202816,42.89354561512259,14.62654293865323,0.44192549644418055,0.9958333333333333,0.49583333333333335,0.1723,83.93137075553143,185.21839398812656,Wh,185.21839398812656,Wh
126,77675e25d1b1b69c3bf9876b2bbe9b7b,ARIMA,"{""p"": 1, ""d"": 2, ""q"": 3, ""regression_type"": null}","{""fillna"": ""ffill"", ""transformations"": {""0"": ""Scaler"", ""1"": ""Scaler"", ""2"": ""Scaler"", ""3"": ""Scaler""}, ""transformation_params"": {""0"": {}, ""1"": {}, ""2"": {}, ""3"": {}}}",0,4,27.590675518501637,3.540169942214079,4.1146921315947225,0.6755536603224844,3.540169942214079,0.0,-20.998936025126277,0.9409439484935783,828.6418501062526,3.5228932085202826,1.6854856316290392,0.9958333333333333,0.49583333333333335,26.273698670521192,0.6625,3.0663816066383003,2.958974014879989,18.25021442010628,37.351826467414256,0.14547782845121848,201.9107285202816,42.89354561512259,14.62654293865323,0.44192549644418055,27.590675518501637,3.540169942214079,4.1146921315947225,0.6755536603224844,3.540169942214079,0.0,0.9409439484935783,3.5228932085202826,1.6854856316290392,26.273698670521192,0.6625,3.0663816066383003,2.958974014879989,18.25021442010628,37.351826467414256,0.14547782845121848,201.9107285202816,42.89354561512259,14.62654293865323,0.44192549644418055,0.9958333333333333,0.49583333333333335,0.169875,83.93137021701806,185.21839398812656,Wh,185.21839398812656,Wh
127,0abd2a9eea66c8bec216de9672cf1eac,ARIMA,"{""p"": 1, ""d"": 2, ""q"": 3, ""regression_type"": null}","{""fillna"": ""time"", ""transformations"": {""0"": ""Scaler"", ""1"": ""Scaler"", ""2"": ""Scaler"", ""3"": ""Scaler""}, ""transformation_params"": {""0"": {}, ""1"": {}, ""2"": {}, ""3"": {}}}",0,4,27.590675518501637,3.540169942214079,4.1146921315947225,0.6755536603224844,3.540169942214079,0.0,-20.998936025126277,0.9409439484935783,828.6418501062526,3.5228932085202826,1.6854856316290392,0.9958333333333333,0.49583333333333335,26.273698670521192,0.6625,3.0663816066383003,2.958974014879989,18.25021442010628,37.351826467414256,0.14547782845121848,201.9107285202816,42.89354561512259,14.62654293865323,0.44192549644418055,27.590675518501637,3.540169942214079,4.1146921315947225,0.6755536603224844,3.540169942214079,0.0,0.9409439484935783,3.5228932085202826,1.6854856316290392,26.273698670521192,0.6625,3.0663816066383003,2.958974014879989,18.25021442010628,37.351826467414256,0.14547782845121848,201.9107285202816,42.89354561512259,14.62654293865323,0.44192549644418055,0.9958333333333333,0.49583333333333335,0.16847499999999999,83.93136990612373,185.21839398812656,Wh,185.21839398812656,Wh
128,e42d6a446df1b6dc91b0ecf733788a70,ARIMA,"{""p"": 1, ""d"": 2, ""q"": 3, ""regression_type"": null}","{""fillna"": ""rolling_mean_24"", ""transformations"": {""0"": ""Scaler"", ""1"": ""Scaler"", ""2"": ""Scaler"", ""3"": ""Scaler""}, ""transformation_params"": {""0"": {}, ""1"": {}, ""2"": {}, ""3"": {}}}",0,4,27.590675518501637,3.540169942214079,4.1146921315947225,0.6755536603224844,3.540169942214079,0.0,-20.998936025126277,0.9409439484935783,828.6418501062526,3.5228932085202826,1.6854856316290392,0.9958333333333333,0.49583333333333335,26.273698670521192,0.6625,3.0663816066383003,2.958974014879989,18.25021442010628,37.351826467414256,0.14547782845121848,201.9107285202816,42.89354561512259,14.62654293865323,0.44192549644418055,27.590675518501637,3.540169942214079,4.1146921315947225,0.6755536603224844,3.540169942214079,0.0,0.9409439484935783,3.5228932085202826,1.6854856316290392,26.273698670521192,0.6625,3.0663816066383003,2.958974014879989,18.25021442010628,37.351826467414256,0.14547782845121848,201.9107285202816,42.89354561512259,14.62654293865323,0.44192549644418055,0.9958333333333333,0.49583333333333335,0.1684,83.93136988946868,185.21839398812656,Wh,185.21839398812656,Wh
129,3dfeb61de2b859b4210759e6c0ca2455,ARIMA,"{""p"": 1, ""d"": 2, ""q"": 3, ""regression_type"": null}","{""fillna"": ""ffill"", ""transformations"": {""0"": ""Scaler""}, ""transformation_params"": {""0"": {}}}",0,4,27.590675518501637,3.540169942214079,4.1146921315947225,0.6755536603224844,3.540169942214079,0.0,-20.998936025126277,0.9409439484935783,828.6418501062526,3.5228932085202826,1.6854856316290392,0.9958333333333333,0.49583333333333335,26.273698670521192,0.6625,3.0663816066383003,2.958974014879989,18.25021442010628,37.351826467414256,0.14547782845121848,201.9107285202816,42.89354561512259,14.62654293865323,0.44192549644418055,27.590675518501637,3.540169942214079,4.1146921315947225,0.6755536603224844,3.540169942214079,0.0,0.9409439484935783,3.5228932085202826,1.6854856316290392,26.273698670521192,0.6625,3.0663816066383003,2.958974014879989,18.25021442010628,37.351826467414256,0.14547782845121848,201.9107285202816,42.89354561512259,14.62654293865323,0.44192549644418055,0.9958333333333333,0.49583333333333335,0.167225,83.9313696285395,185.21839398812656,Wh,185.21839398812656,Wh
130,8199c9ab9771d816995d5b2d398a2648,ARIMA,"{""p"": 1, ""d"": 2, ""q"": 3, ""regression_type"": null}","{""fillna"": ""time"", ""transformations"": {""0"": ""Scaler"", ""1"": ""Scaler""}, ""transformation_params"": {""0"": {}, ""1"": {}}}",0,4,27.590675518501637,3.540169942214079,4.1146921315947225,0.6755536603224844,3.540169942214079,0.0,-20.998936025126277,0.9409439484935783,828.6418501062526,3.5228932085202826,1.6854856316290392,0.9958333333333333,0.49583333333333335,26.273698670521192,0.6625,3.0663816066383003,2.958974014879989,18.25021442010628,37.351826467414256,0.14547782845121848,201.9107285202816,42.89354561512259,14.62654293865323,0.44192549644418055,27.590675518501637,3.540169942214079,4.1146921315947225,0.6755536603224844,3.540169942214079,0.0,0.9409439484935783,3.5228932085202826,1.6854856316290392,26.273698670521192,0.6625,3.0663816066383003,2.958974014879989,18.25021442010628,37.351826467414256,0.14547782845121848,201.9107285202816,42.89354561512259,14.62654293865323,0.44192549644418055,0.9958333333333333,0.49583333333333335,0.1666,83.9313694897474,185.21839398812656,Wh,185.21839398812656,Wh
131,fb5b8dfa1393e8217b45b262415810fc,ARIMA,"{""p"": 2, ""d"": 2, ""q"": 4, ""regression_type"": null}","{""fillna"": ""time"", ""transformations"": {""0"": ""Scaler"", ""1"": ""Scaler"", ""2"": ""Scaler"", ""3"": ""Scaler""}, ""transformation_params"": {""0"": {}, ""1"": {}, ""2"": {}, ""3"": {}}}",0,4,29.05631651901797,3.764700816677328,4.339695192583894,0.7048162959935941,3.764700816677328,0.0,-56.02729021455951,1.0357126066886013,847.5009057879993,3.6957938894659192,1.3600599426508604,0.9958333333333333,0.5208333333333334,27.3914152398449,0.675,3.178532555657872,3.172658213985772,19.32554166664669,41.32346706908062,0.1359933762978041,213.21735634857973,44.824776827503435,12.273307573951136,0.466012418621345,29.05631651901797,3.764700816677328,4.339695192583894,0.7048162959935941,3.764700816677328,0.0,1.0357126066886013,3.6957938894659192,1.3600599426508604,27.3914152398449,0.675,3.178532555657872,3.172658213985772,19.32554166664669,41.32346706908062,0.1359933762978041,213.21735634857973,44.824776827503435,12.273307573951136,0.466012418621345,0.9958333333333333,0.5208333333333334,0.369225,81.8095345479721,195.88461777565908,Wh,195.88461777565908,Wh
132,7524a4affe17e5ff5efa8ceeecd20c86,ARIMA,"{""p"": 1, ""d"": 2, ""q"": 1, ""regression_type"": null}","{""fillna"": ""time"", ""transformations"": {""0"": ""Scaler"", ""1"": ""Scaler"", ""2"": ""Scaler"", ""3"": ""Scaler""}, ""transformation_params"": {""0"": {}, ""1"": {}, ""2"": {}, ""3"": {}}}",0,1,24.288224781664724,1.4677835103326045,1.7389462439026153,1.0026334424374679,1.4677835103326045,0.0,-0.036239927754109225,0.8164062122542676,88.03077069220215,1.4677773373482403,2.586863131832207,1.0,0.4666666666666667,2.8119936461160577,0.2,2.938536149017117,1.2529394309445396,7.455482166906261,7.117236462129927,0.0033528886365075694,87.99453076444804,63.998620581934446,28.579070840555982,0.2681195099157423,24.288224781664724,1.4677835103326045,1.7389462439026153,1.0026334424374679,1.4677835103326045,0.0,0.8164062122542676,1.4677773373482403,2.586863131832207,2.8119936461160577,0.2,2.938536149017117,1.2529394309445396,7.455482166906261,7.117236462129927,0.0033528886365075694,87.99453076444804,63.998620581934446,28.579070840555982,0.2681195099157423,1.0,0.4666666666666667,0.1786,76.41835572549482,21.96665722220712,Wh,21.96665722220712,Wh
133,eb3d0d6581f24551a204f3bc5f39a731,ARIMA,"{""p"": 3, ""d"": 2, ""q"": 7, ""regression_type"": null}","{""fillna"": ""time"", ""transformations"": {""0"": ""Scaler"", ""1"": ""Scaler"", ""2"": ""Scaler""}, ""transformation_params"": {""0"": {}, ""1"": {}, ""2"": {}}}",0,4,24.911921954394273,2.692682464415791,3.1161363631464893,0.6994049033129881,2.692682464415791,0.0,-57.616657868852336,0.9502332708071533,588.6271335909375,2.622496123315329,1.309945876581658,0.9958333333333333,0.5166666666666667,19.5870123231595,0.6625,2.5698193304905534,2.2573751864855844,13.631282216699041,18.924353707406045,0.2648404041169803,148.2450169623679,33.06711058812701,13.276859898666652,0.3258497878745879,24.911921954394273,2.692682464415791,3.1161363631464893,0.6994049033129881,2.692682464415791,0.0,0.9502332708071533,2.622496123315329,1.309945876581658,19.5870123231595,0.6625,2.5698193304905534,2.2573751864855844,13.631282216699041,18.924353707406045,0.2648404041169803,148.2450169623679,33.06711058812701,13.276859898666652,0.3258497878745879,0.9958333333333333,0.5166666666666667,1.104875,67.39535287586966,131.56252281992877,Wh,131.56252281992877,Wh
134,13aa68ed405cea1c09475a61611e9f0a,ARIMA,"{""p"": 3, ""d"": 2, ""q"": 7, ""regression_type"": null}","{""fillna"": ""time"", ""transformations"": {""0"": ""Scaler"", ""1"": ""Scaler"", ""2"": ""Scaler"", ""3"": ""Scaler""}, ""transformation_params"": {""0"": {}, ""1"": {}, ""2"": {}, ""3"": {}}}",0,4,24.911921954394273,2.692682464415791,3.1161363631464893,0.6994049033129881,2.692682464415791,0.0,-57.616657868852336,0.9502332708071533,588.6271335909375,2.622496123315329,1.309945876581658,0.9958333333333333,0.5166666666666667,19.5870123231595,0.6625,2.5698193304905534,2.2573751864855844,13.631282216699041,18.924353707406045,0.2648404041169803,148.2450169623679,33.06711058812701,13.276859898666652,0.3258497878745879,24.911921954394273,2.692682464415791,3.1161363631464893,0.6994049033129881,2.692682464415791,0.0,0.9502332708071533,2.622496123315329,1.309945876581658,19.5870123231595,0.6625,2.5698193304905534,2.2573751864855844,13.631282216699041,18.924353707406045,0.2648404041169803,148.2450169623679,33.06711058812701,13.276859898666652,0.3258497878745879,0.9958333333333333,0.5166666666666667,1.099725,67.3953517322227,131.56252281992877,Wh,131.56252281992877,Wh
135,263c99961b4b269d0381ed7788c69498,DatepartRegression,"{""regression_model"": {""model"": ""DecisionTree"", ""model_params"": {""max_depth"": null, ""min_samples_split"": 1.0}}, ""datepart_method"": ""anchored_segment_fourier:us_school"", ""polynomial_degree"": null, ""holiday_countries_used"": false, ""lags"": null, ""forward_lags"": null, ""regression_type"": null}","{""fillna"": ""mean"", ""transformations"": {""0"": ""Scaler""}, ""transformation_params"": {""0"": {}}}",0,1,28.69179800397622,1.794544514682774,2.0304162036017996,1.013727219505336,1.794544514682774,0.0,-2.509859674117145,0.9625504380188539,105.16281120684931,1.7888177405206203,1.3369836550176708,0.5333333333333333,0.5666666666666667,3.1903374560453273,0.23333333333333334,3.2709915319377836,1.5808224200620578,8.633911219533315,9.494162159078785,0.0496373868139993,102.65295153273217,74.5945253688255,27.23093450949585,0.3127837470948896,28.69179800397622,1.794544514682774,2.0304162036017996,1.013727219505336,1.794544514682774,0.0,0.9625504380188539,1.7888177405206203,1.3369836550176708,3.1903374560453273,0.23333333333333334,3.2709915319377836,1.5808224200620578,8.633911219533315,9.494162159078785,0.0496373868139993,102.65295153273217,74.5945253688255,27.23093450949585,0.3127837470948896,0.5333333333333333,0.5666666666666667,0.8315,62.33559252987584,26.856919938483166,Wh,26.856919938483166,Wh
136,d07e8f7ceaed245b30106d5d08626d40,RollingRegression,"{""regression_model"": {""model"": ""RANSAC"", ""model_params"": {}}, ""holiday"": false, ""mean_rolling_periods"": 12, ""macd_periods"": 28, ""std_rolling_periods"": 30, ""max_rolling_periods"": null, ""min_rolling_periods"": 12, ""ewm_var_alpha"": null, ""quantile90_rolling_periods"": null, ""quantile10_rolling_periods"": null, ""ewm_alpha"": null, ""additional_lag_periods"": 45, ""abs_energy"": false, ""rolling_autocorr_periods"": null, ""nonzero_last_n"": null, ""add_date_part"": ""expanded"", ""polynomial_degree"": null, ""x_transform"": ""RmZeroVariance"", ""regression_type"": null}","{""fillna"": ""cubic"", ""transformations"": {""0"": ""Scaler"", ""1"": ""Scaler"", ""2"": ""Scaler"", ""3"": ""Scaler""}, ""transformation_params"": {""0"": {}, ""1"": {}, ""2"": {}, ""3"": {}}}",0,1,26.044070057793945,1.6078178747281224,1.9844396989178614,1.836021584150442,1.6078178747281224,0.0,-14.806221494553029,0.948983704687246,81.66285098913431,1.5270142896620298,1.3594765979219798,0.6833333333333333,0.36666666666666664,4.974017349366477,0.26666666666666666,3.205060139134818,1.2159336496993538,8.666888428728496,12.133738371409944,0.6766844470476654,66.85662949458128,30.529189871222307,4.614301293487229,0.20371228278596454,26.044070057793945,1.6078178747281224,1.9844396989178614,1.836021584150442,1.6078178747281224,0.0,0.948983704687246,1.5270142896620298,1.3594765979219798,4.974017349366477,0.26666666666666666,3.205060139134818,1.2159336496993538,8.666888428728496,12.133738371409944,0.6766844470476654,66.85662949458128,30.529189871222307,4.614301293487229,0.20371228278596454,0.6833333333333333,0.36666666666666664,0.8102,59.24734543047061,24.062393317040982,Wh,24.062393317040982,Wh
137,9e058f8c570d5a66aa77e78fff40b5e4,RollingRegression,"{""regression_model"": {""model"": ""BayesianRidge"", ""model_params"": {}}, ""holiday"": false, ""mean_rolling_periods"": 12, ""macd_periods"": 364, ""std_rolling_periods"": null, ""max_rolling_periods"": null, ""min_rolling_periods"": null, ""ewm_var_alpha"": null, ""quantile90_rolling_periods"": null, ""quantile10_rolling_periods"": null, ""ewm_alpha"": null, ""additional_lag_periods"": 2, ""abs_energy"": false, ""rolling_autocorr_periods"": null, ""nonzero_last_n"": null, ""add_date_part"": null, ""polynomial_degree"": null, ""x_transform"": null, ""regression_type"": null}","{""fillna"": ""fake_date"", ""transformations"": {""0"": ""Scaler"", ""1"": ""Scaler"", ""2"": ""Scaler"", ""3"": ""Scaler""}, ""transformation_params"": {""0"": {}, ""1"": {}, ""2"": {}, ""3"": {}}}",0,1,25.91864194689699,1.5830874152463723,1.8310825064230078,1.00863854207059,1.5830874152463723,0.0,0.0,0.8721316041135516,94.98524491478234,1.5830874152463723,1.1638025714727789,0.6333333333333333,0.43333333333333335,2.923050665405478,0.2,3.051757436552235,1.3737317848558621,7.804724282685152,7.733220711012149,0.008709148323525822,94.98524491478234,72.03399389333677,28.403871499996345,0.2894202298089605,25.91864194689699,1.5830874152463723,1.8310825064230078,1.00863854207059,1.5830874152463723,0.0,0.8721316041135516,1.5830874152463723,1.1638025714727789,2.923050665405478,0.2,3.051757436552235,1.3737317848558621,7.804724282685152,7.733220711012149,0.008709148323525822,94.98524491478234,72.03399389333677,28.403871499996345,0.2894202298089605,0.6333333333333333,0.43333333333333335,0.2984,55.4242009531512,23.692280475086395,Wh,23.692280475086395,Wh
138,a211ccb3c64cf672387c32b8ae1686d5,ARIMA,"{""p"": 3, ""d"": 3, ""q"": 5, ""regression_type"": null}","{""fillna"": ""time"", ""transformations"": {""0"": ""Scaler"", ""1"": ""Scaler"", ""2"": ""Scaler""}, ""transformation_params"": {""0"": {}, ""1"": {}, ""2"": {}}}",0,1,17.731875310725467,0.8771009187175559,1.0388340752861704,1.0134166155824216,0.8771009187175559,0.0,-48.93905893040973,0.864075614734105,3.6869961926436288,0.5997514720586158,1.9465812649804506,1.0,0.5166666666666667,2.2968135931615135,0.8,1.787311137932799,0.7067090677964386,4.216520623500791,3.8942419663343992,0.1535353447297284,45.2520627377661,34.431948485557996,20.931278046064875,0.1378831249910851,17.731875310725467,0.8771009187175559,1.0388340752861704,1.0134166155824216,0.8771009187175559,0.0,0.864075614734105,0.5997514720586158,1.9465812649804506,2.2968135931615135,0.8,1.787311137932799,0.7067090677964386,4.216520623500791,3.8942419663343992,0.1535353447297284,45.2520627377661,34.431948485557996,20.931278046064875,0.1378831249910851,1.0,0.5166666666666667,1.2745,54.8169830847484,13.126578337418128,Wh,13.126578337418128,Wh
139,0798c8cfd762ae82575fb100e292c3c3,DatepartRegression,"{""regression_model"": {""model"": ""ElasticNet"", ""model_params"": {""l1_ratio"": 0.5, ""fit_intercept"": false, ""selection"": ""cyclic"", ""max_iter"": 1000}}, ""datepart_method"": ""lunar_phase"", ""polynomial_degree"": null, ""holiday_countries_used"": false, ""lags"": null, ""forward_lags"": null, ""regression_type"": null}","{""fillna"": ""ffill"", ""transformations"": {""0"": null}, ""transformation_params"": {""0"": {}}}",0,1,25.867656749365572,1.5706025169185522,1.7306393131247861,1.0160360667647175,1.5706025169185522,0.0,0.0,0.9001515283776033,94.23615101511314,1.5706025169185522,1.0613428814994275,0.65,0.45,2.7272156748139196,0.2,2.937978811320281,1.3990873292203385,7.123892926603588,7.03676331810389,0.011548191655768227,94.23615101511314,80.693536065691,28.4999033385114,0.2871377392096547,25.867656749365572,1.5706025169185522,1.7306393131247861,1.0160360667647175,1.5706025169185522,0.0,0.9001515283776033,1.5706025169185522,1.0613428814994275,2.7272156748139196,0.2,2.937978811320281,1.3990873292203385,7.123892926603588,7.03676331810389,0.011548191655768227,94.23615101511314,80.693536065691,28.4999033385114,0.2871377392096547,0.65,0.45,0.0977,53.326498592493756,23.505433109592293,Wh,23.505433109592293,Wh
140,db99abe4c36f740ae8e8ea60a09613ed,DatepartRegression,"{""regression_model"": {""model"": ""ElasticNet"", ""model_params"": {""l1_ratio"": 0.5, ""fit_intercept"": true, ""selection"": ""cyclic"", ""max_iter"": 1000}}, ""datepart_method"": ""anchored_segment_fourier:us_school"", ""polynomial_degree"": null, ""holiday_countries_used"": false, ""lags"": 4, ""forward_lags"": null, ""regression_type"": null}","{""fillna"": ""ffill_mean_biased"", ""transformations"": {""0"": ""Scaler"", ""1"": ""Scaler"", ""2"": ""Scaler"", ""3"": ""Scaler""}, ""transformation_params"": {""0"": {}, ""1"": {}, ""2"": {}, ""3"": {}}}",0,1,25.862664502312885,1.5702430725097656,1.7303011201099383,1.0160263039047168,1.5702430725097656,0.0,0.0,0.9000023326928358,94.21458435058594,1.5702430725097656,1.0611213139488336,0.65,0.5666666666666667,2.7268404960632324,0.2,2.937584610366407,1.3987319516200645,7.122357153165414,7.033689988543281,0.011543631219308468,94.21458435058594,80.67347600701233,28.500561720116238,0.28707202554002864,25.862664502312885,1.5702430725097656,1.7303011201099383,1.0160263039047168,1.5702430725097656,0.0,0.9000023326928358,1.5702430725097656,1.0611213139488336,2.7268404960632324,0.2,2.937584610366407,1.3987319516200645,7.122357153165414,7.033689988543281,0.011543631219308468,94.21458435058594,80.67347600701233,28.500561720116238,0.28707202554002864,0.65,0.5666666666666667,3.8144,53.313846604427965,23.500053711293653,Wh,23.500053711293653,Wh
141,af2b09a64611c7eef48a252817433195,DatepartRegression,"{""regression_model"": {""model"": ""ElasticNet"", ""model_params"": {""l1_ratio"": 0.5, ""fit_intercept"": true, ""selection"": ""cyclic"", ""max_iter"": 1000}}, ""datepart_method"": [""dayofweek"", 365.25], ""polynomial_degree"": null, ""holiday_countries_used"": false, ""lags"": 4, ""forward_lags"": null, ""regression_type"": null}","{""fillna"": ""zero"", ""transformations"": {""0"": null}, ""transformation_params"": {""0"": {}}}",0,1,25.862664502312885,1.5702430725097656,1.7303011201099383,1.0160263039047168,1.5702430725097656,0.0,0.0,0.9000023326928358,94.21458435058594,1.5702430725097656,1.0611213139488336,0.65,0.5666666666666667,2.7268404960632324,0.2,2.937584610366407,1.3987319516200645,7.122357153165414,7.033689988543281,0.011543631219308468,94.21458435058594,80.67347600701233,28.500561720116238,0.28707202554002864,25.862664502312885,1.5702430725097656,1.7303011201099383,1.0160263039047168,1.5702430725097656,0.0,0.9000023326928358,1.5702430725097656,1.0611213139488336,2.7268404960632324,0.2,2.937584610366407,1.3987319516200645,7.122357153165414,7.033689988543281,0.011543631219308468,94.21458435058594,80.67347600701233,28.500561720116238,0.28707202554002864,0.65,0.5666666666666667,0.123,53.31302686492695,23.500053711293653,Wh,23.500053711293653,Wh
142,4b0cb851ae4c352dc0384973518be1dd,ARIMA,"{""p"": 3, ""d"": 2, ""q"": 1, ""regression_type"": null}","{""fillna"": ""time"", ""transformations"": {""0"": ""Scaler"", ""1"": ""Scaler"", ""2"": ""Scaler"", ""3"": ""Scaler""}, ""transformation_params"": {""0"": {}, ""1"": {}, ""2"": {}, ""3"": {}}}",0,1,18.379329023501914,1.0544808521514955,1.2682987267468382,1.0133212533000324,1.0544808521514955,0.0,-2.180665300433591,0.6583855243642696,61.088185828656144,1.0514383618812568,1.6832556142702344,1.0,0.45,2.1849967744721646,0.25,2.3807800817463836,0.8822198506755751,5.215566284986972,3.7199553903979354,0.010017156719280055,58.907520528222555,40.95271677430361,28.642503286394412,0.17949133198582642,18.379329023501914,1.0544808521514955,1.2682987267468382,1.0133212533000324,1.0544808521514955,0.0,0.6583855243642696,1.0514383618812568,1.6832556142702344,2.1849967744721646,0.25,2.3807800817463836,0.8822198506755751,5.215566284986972,3.7199553903979354,0.010017156719280055,58.907520528222555,40.95271677430361,28.642503286394412,0.17949133198582642,1.0,0.45,0.1404,52.856049508354786,15.781223364025845,Wh,15.781223364025845,Wh
143,2e850b8ce9ead04a4d4bb9689c4b77d4,DatepartRegression,"{""regression_model"": {""model"": ""DecisionTree"", ""model_params"": {""max_depth"": null, ""min_samples_split"": 0.05}}, ""datepart_method"": ""common_fourier"", ""polynomial_degree"": null, ""holiday_countries_used"": false, ""lags"": null, ""forward_lags"": 2, ""regression_type"": null}","{""fillna"": ""zero"", ""transformations"": {""0"": ""Scaler"", ""1"": ""Scaler""}, ""transformation_params"": {""0"": {}, ""1"": {}}}",0,1,28.00564143838069,1.2163016579769277,1.663767968326364,1.7311028919273914,1.2163016579769277,0.0,-39.67604004674487,1.0299755634159453,33.30205943187078,0.8880405518978023,1.0260473382009643,0.9166666666666666,0.48333333333333334,5.2409399300813675,0.6,2.16307111036768,0.8657302814890877,6.135081209091023,12.529929532897237,0.6621819867166551,6.373980614874094,8.934765170003814,2.7937948273622193,0.019421531586403522,28.00564143838069,1.2163016579769277,1.663767968326364,1.7311028919273914,1.2163016579769277,0.0,1.0299755634159453,0.8880405518978023,1.0260473382009643,5.2409399300813675,0.6,2.16307111036768,0.8657302814890877,6.135081209091023,12.529929532897237,0.6621819867166551,6.373980614874094,8.934765170003814,2.7937948273622193,0.019421531586403522,0.9166666666666666,0.48333333333333334,0.1034,51.917753662602635,18.20301250933591,Wh,18.20301250933591,Wh
144,4597814533265222b338e51fe9353b43,DatepartRegression,"{""regression_model"": {""model"": ""ElasticNet"", ""model_params"": {""l1_ratio"": 0.1, ""fit_intercept"": true, ""selection"": ""cyclic"", ""max_iter"": 1000}}, ""datepart_method"": ""anchored_warped_fourier:us_school"", ""polynomial_degree"": null, ""holiday_countries_used"": true, ""lags"": null, ""forward_lags"": null, ""regression_type"": null}","{""fillna"": ""linear"", ""transformations"": {}, ""transformation_params"": {}}",0,1,23.863045851538985,1.4349765295345518,1.6754113245755187,0.9977581900985858,1.4349765295345518,0.0,0.0,0.8147930161845215,86.0985917720731,1.4349765295345518,1.0524076802746212,0.7,0.5833333333333334,2.798968017101288,0.2,2.8667854194915847,1.2315716296670696,7.199238488732831,6.643662888793155,0.03173701802361597,86.0985917720731,64.36780747323063,28.709809637326487,0.26234258004237915,23.863045851538985,1.4349765295345518,1.6754113245755187,0.9977581900985858,1.4349765295345518,0.0,0.8147930161845215,1.4349765295345518,1.0524076802746212,2.798968017101288,0.2,2.8667854194915847,1.2315716296670696,7.199238488732831,6.643662888793155,0.03173701802361597,86.0985917720731,64.36780747323063,28.709809637326487,0.26234258004237915,0.7,0.5833333333333334,1.2082,50.553417165736384,21.47567221207913,Wh,21.47567221207913,Wh
145,49a94c292e0dcc2e1e8221ffb1f3dfc3,ARIMA,"{""p"": 5, ""d"": 2, ""q"": 3, ""regression_type"": ""Holiday""}","{""fillna"": ""ffill"", ""transformations"": {""0"": ""Scaler""}, ""transformation_params"": {""0"": {}}}",0,1,17.57072973090393,0.9993696656018717,1.1804503914743896,1.0691039107273357,0.9993696656018717,0.0,-4.060266172418707,0.6517715217225312,55.90191376369359,0.987507365897901,1.593484286878918,1.0,0.5166666666666667,2.1058928332879265,0.31666666666666665,2.2468496813359256,0.8359927094523035,4.789251713388918,4.134927958907635,0.16995435176340268,51.841647591274885,34.73618906679912,22.552795957619367,0.15796160312060087,17.57072973090393,0.9993696656018717,1.1804503914743896,1.0691039107273357,0.9993696656018717,0.0,0.6517715217225312,0.987507365897901,1.593484286878918,2.1058928332879265,0.31666666666666665,2.2468496813359256,0.8359927094523035,4.789251713388918,4.134927958907635,0.16995435176340268,51.841647591274885,34.73618906679912,22.552795957619367,0.15796160312060087,1.0,0.5166666666666667,1.1259,50.09285094975422,14.956436509886595,Wh,14.956436509886595,Wh
146,bf2c8763ff0c10e129fff4b61c21427d,ARIMA,"{""p"": 5, ""d"": 2, ""q"": 3, ""regression_type"": ""Holiday""}","{""fillna"": ""ffill"", ""transformations"": {""0"": null}, ""transformation_params"": {""0"": {}}}",0,1,17.57072973090393,0.9993696656018717,1.1804503914743896,1.0691039107273357,0.9993696656018717,0.0,-4.060266172418707,0.6517715217225312,55.90191376369359,0.987507365897901,1.593484286878918,1.0,0.5166666666666667,2.1058928332879265,0.31666666666666665,2.2468496813359256,0.8359927094523035,4.789251713388918,4.134927958907635,0.16995435176340268,51.841647591274885,34.73618906679912,22.552795957619367,0.15796160312060087,17.57072973090393,0.9993696656018717,1.1804503914743896,1.0691039107273357,0.9993696656018717,0.0,0.6517715217225312,0.987507365897901,1.593484286878918,2.1058928332879265,0.31666666666666665,2.2468496813359256,0.8359927094523035,4.789251713388918,4.134927958907635,0.16995435176340268,51.841647591274885,34.73618906679912,22.552795957619367,0.15796160312060087,1.0,0.5166666666666667,1.0917,50.09284335505006,14.956436509886595,Wh,14.956436509886595,Wh
147,fa7d59b45fa55b02d29bed1712bdc8f5,RollingRegression,"{""regression_model"": {""model"": ""RANSAC"", ""model_params"": {}}, ""holiday"": false, ""mean_rolling_periods"": 5, ""macd_periods"": 60, ""std_rolling_periods"": 30, ""max_rolling_periods"": null, ""min_rolling_periods"": null, ""ewm_var_alpha"": null, ""quantile90_rolling_periods"": null, ""quantile10_rolling_periods"": null, ""ewm_alpha"": null, ""additional_lag_periods"": 27, ""abs_energy"": false, ""rolling_autocorr_periods"": null, ""nonzero_last_n"": null, ""add_date_part"": ""expanded"", ""polynomial_degree"": null, ""x_transform"": null, ""regression_type"": null}","{""fillna"": ""time"", ""transformations"": {""0"": ""Scaler"", ""1"": ""Scaler"", ""2"": ""Scaler"", ""3"": ""Scaler""}, ""transformation_params"": {""0"": {}, ""1"": {}, ""2"": {}, ""3"": {}}}",0,1,27.885277663825278,1.2794624065645621,1.4543209767745882,1.5534979909668527,1.2794624065645621,0.0,-72.93142254042323,1.2596703146501036,3.8363218534504995,0.798528709409834,0.8082718075771425,0.95,0.4666666666666667,3.1990967075580556,0.8,2.050898990594657,1.0663489872071403,6.081664271179693,7.584740896603885,0.6425522357637562,69.09510068697273,53.77511168675735,2.351777783998271,0.21053290895273294,27.885277663825278,1.2794624065645621,1.4543209767745882,1.5534979909668527,1.2794624065645621,0.0,1.2596703146501036,0.798528709409834,0.8082718075771425,3.1990967075580556,0.8,2.050898990594657,1.0663489872071403,6.081664271179693,7.584740896603885,0.6425522357637562,69.09510068697273,53.77511168675735,2.351777783998271,0.21053290895273294,0.95,0.4666666666666667,0.704,48.09360748027679,19.148268062594017,Wh,19.148268062594017,Wh
148,7a45b36e379e2aa5ece8f434c303fde9,DatepartRegression,"{""regression_model"": {""model"": ""ElasticNet"", ""model_params"": {""l1_ratio"": 0.5, ""fit_intercept"": true, ""selection"": ""random"", ""max_iter"": 1000}}, ""datepart_method"": ""recurring"", ""polynomial_degree"": null, ""holiday_countries_used"": false, ""lags"": null, ""forward_lags"": null, ""regression_type"": null}","{""fillna"": ""linear"", ""transformations"": {""0"": ""Scaler"", ""1"": ""Scaler""}, ""transformation_params"": {""0"": {}, ""1"": {}}}",0,1,19.333393150239726,1.160238852802043,1.5696829515588826,1.0723650976982795,1.160238852802043,0.0,-2.3029215075075626,0.667073031856558,67.31140966061503,1.1564604160277487,1.1084433406303607,0.8333333333333334,0.55,3.7557740919291973,0.6,2.5230930594408063,0.7861028156955453,6.707025753497079,7.184321046419814,0.07685769100957686,65.00848815310746,37.35843246283292,28.718426975801375,0.1980809924497794,19.333393150239726,1.160238852802043,1.5696829515588826,1.0723650976982795,1.160238852802043,0.0,0.667073031856558,1.1564604160277487,1.1084433406303607,3.7557740919291973,0.6,2.5230930594408063,0.7861028156955453,6.707025753497079,7.184321046419814,0.07685769100957686,65.00848815310746,37.35843246283292,28.718426975801375,0.1980809924497794,0.8333333333333334,0.55,0.1076,45.85601496620011,17.363983854549485,Wh,17.363983854549485,Wh
149,9b7cabe5372b3180387ad88b9e444fed,ARIMA,"{""p"": 4, ""d"": 1, ""q"": 0, ""regression_type"": ""Holiday""}","{""fillna"": ""ffill"", ""transformations"": {""0"": null}, ""transformation_params"": {""0"": {}}}",0,1,15.552194065902789,0.8703070801993372,1.029469380525049,1.0771764438942697,0.8703070801993372,0.0,-5.101461405133569,0.5981523187226069,47.116963406826656,0.8540077346232041,1.5063125357492302,1.0,0.5833333333333334,1.9017091439493585,0.8,1.7486063228624604,0.720889140521155,3.982278385131754,3.4410479339877442,0.15795708641926604,42.01550200169309,28.031368782288574,23.67033601288674,0.12802131800342811,15.552194065902789,0.8703070801993372,1.029469380525049,1.0771764438942697,0.8703070801993372,0.0,0.5981523187226069,0.8540077346232041,1.5063125357492302,1.9017091439493585,0.8,1.7486063228624604,0.720889140521155,3.982278385131754,3.4410479339877442,0.15795708641926604,42.01550200169309,28.031368782288574,23.67033601288674,0.12802131800342811,1.0,0.5833333333333334,0.3534,45.7757583835196,13.024902633268187,Wh,13.024902633268187,Wh
150,610d85a8fe865bc82c4b244bbbcfaecc,DatepartRegression,"{""regression_model"": {""model"": ""Adaboost"", ""model_params"": {""n_estimators"": 50, ""loss"": ""linear"", ""estimator"": null, ""learning_rate"": 1, ""max_depth"": 2}}, ""datepart_method"": ""common_fourier"", ""polynomial_degree"": null, ""holiday_countries_used"": false, ""lags"": null, ""forward_lags"": null, ""regression_type"": null}","{""fillna"": ""cubic"", ""transformations"": {""0"": ""Scaler""}, ""transformation_params"": {""0"": {}}}",0,1,19.880167511040028,1.1832487669362517,1.52050991321912,1.0034575358961049,1.1832487669362517,0.0,-2.529417739658891,0.6930108988727339,68.46550827651622,1.1792172439163322,1.0372175390493064,0.8166666666666667,0.5666666666666667,3.4402096848738815,0.5833333333333334,2.4426100979909338,0.8677633598420493,6.696492782966152,6.4773791611579625,0.11587612925839434,65.93609053685732,38.24376999766607,27.47766299964031,0.20090739875443317,19.880167511040028,1.1832487669362517,1.52050991321912,1.0034575358961049,1.1832487669362517,0.0,0.6930108988727339,1.1792172439163322,1.0372175390493064,3.4402096848738815,0.5833333333333334,2.4426100979909338,0.8677633598420493,6.696492782966152,6.4773791611579625,0.11587612925839434,65.93609053685732,38.24376999766607,27.47766299964031,0.20090739875443317,0.8166666666666667,0.5666666666666667,0.1196,45.06422240933469,17.708347238482062,Wh,17.708347238482062,Wh
151,19763299e61fbc423a1f117d330fafdd,DatepartRegression,"{""regression_model"": {""model"": ""ElasticNet"", ""model_params"": {""l1_ratio"": 0.5, ""fit_intercept"": true, ""selection"": ""cyclic"", ""max_iter"": 1000}}, ""datepart_method"": ""simple"", ""polynomial_degree"": null, ""holiday_countries_used"": false, ""lags"": 2, ""forward_lags"": null, ""regression_type"": null}","{""fillna"": ""fake_date"", ""transformations"": {""0"": ""Scaler"", ""1"": ""Scaler""}, ""transformation_params"": {""0"": {}, ""1"": {}}}",0,1,18.427809805060917,1.09886180103058,1.4972624300257074,1.0257739954255978,1.09886180103058,0.0,-3.38391942018643,0.6481367248841341,62.54778864164837,1.0920836669291103,1.0704420087374544,0.8666666666666667,0.5166666666666667,3.8655205415561795,0.65,2.4238530678886683,0.7469944342076048,6.357461758047602,6.945460498767946,0.03571346891292741,59.16386922146194,32.14825939720702,28.545977066119853,0.18027242696300033,18.427809805060917,1.09886180103058,1.4972624300257074,1.0257739954255978,1.09886180103058,0.0,0.6481367248841341,1.0920836669291103,1.0704420087374544,3.8655205415561795,0.65,2.4238530678886683,0.7469944342076048,6.357461758047602,6.945460498767946,0.03571346891292741,59.16386922146194,32.14825939720702,28.545977066119853,0.18027242696300033,0.8666666666666667,0.5166666666666667,0.0928,43.88401814563756,16.445422875984004,Wh,16.445422875984004,Wh
152,0e17b3219ea1c1fe8f29c757cb414d32,DatepartRegression,"{""regression_model"": {""model"": ""DecisionTree"", ""model_params"": {""max_depth"": 3, ""min_samples_split"": 2}}, ""datepart_method"": ""recurring"", ""polynomial_degree"": null, ""holiday_countries_used"": false, ""lags"": null, ""forward_lags"": null, ""regression_type"": null}","{""fillna"": ""cubic"", ""transformations"": {""0"": ""Scaler""}, ""transformation_params"": {""0"": {}}}",0,1,18.1606925756691,1.066267328821164,1.3851910934532459,1.09606209884011,1.066267328821164,0.0,-5.975690080477946,0.6609176765106615,58.00034964879189,1.0496035021185084,0.9842082766008586,0.8666666666666667,0.5333333333333333,3.6363023757934574,0.65,2.2906007507711474,0.7674013852343157,5.952579512409582,5.390116124871698,0.10291677606702698,52.02465956831394,24.823601675220054,28.118220670630556,0.15851924097793288,18.1606925756691,1.066267328821164,1.3851910934532459,1.09606209884011,1.066267328821164,0.0,0.6609176765106615,1.0496035021185084,0.9842082766008586,3.6363023757934574,0.65,2.2906007507711474,0.7674013852343157,5.952579512409582,5.390116124871698,0.10291677606702698,52.02465956831394,24.823601675220054,28.118220670630556,0.15851924097793288,0.8666666666666667,0.5333333333333333,0.0852,41.63517460576679,15.957618241770097,Wh,15.957618241770097,Wh
153,eb70a9759a5127ab77dd1fa1c5abd495,DatepartRegression,"{""regression_model"": {""model"": ""DecisionTree"", ""model_params"": {""max_depth"": 3, ""min_samples_split"": 2}}, ""datepart_method"": ""recurring"", ""polynomial_degree"": null, ""holiday_countries_used"": false, ""lags"": null, ""forward_lags"": null, ""regression_type"": null}","{""fillna"": ""cubic"", ""transformations"": {""0"": null}, ""transformation_params"": {""0"": {}}}",0,1,18.1606925756691,1.066267328821164,1.3851910934532459,1.09606209884011,1.066267328821164,0.0,-5.975690080477946,0.6609176765106615,58.00034964879189,1.0496035021185084,0.9842082766008586,0.8666666666666667,0.5333333333333333,3.6363023757934574,0.65,2.2906007507711474,0.7674013852343157,5.952579512409582,5.390116124871698,0.10291677606702698,52.02465956831394,24.823601675220054,28.118220670630556,0.15851924097793288,18.1606925756691,1.066267328821164,1.3851910934532459,1.09606209884011,1.066267328821164,0.0,0.6609176765106615,1.0496035021185084,0.9842082766008586,3.6363023757934574,0.65,2.2906007507711474,0.7674013852343157,5.952579512409582,5.390116124871698,0.10291677606702698,52.02465956831394,24.823601675220054,28.118220670630556,0.15851924097793288,0.8666666666666667,0.5333333333333333,0.0841,41.63517436149269,15.957618241770097,Wh,15.957618241770097,Wh
154,4d5a7176deae58c875ef6ee3005c7319,DatepartRegression,"{""regression_model"": {""model"": ""ElasticNet"", ""model_params"": {""l1_ratio"": 0.5, ""fit_intercept"": true, ""selection"": ""cyclic"", ""max_iter"": 2000}}, ""datepart_method"": ""simple_2"", ""polynomial_degree"": 2, ""holiday_countries_used"": false, ""lags"": null, ""forward_lags"": 3, ""regression_type"": null}","{""fillna"": ""ffill"", ""transformations"": {""0"": ""Scaler"", ""1"": ""Scaler"", ""2"": ""Scaler"", ""3"": ""Scaler"", ""4"": ""Scaler""}, ""transformation_params"": {""0"": {}, ""1"": {}, ""2"": {}, ""3"": {}, ""4"": {}}}",0,1,17.749429986945632,1.000415401049034,1.3605546577011152,1.2247849322502358,1.000415401049034,0.0,-20.36644781551159,0.7129015001766866,39.65847624743046,0.8941154913262201,1.005473526661456,0.8333333333333334,0.6,3.5601120498349133,0.65,2.299190306502631,0.6609800491235079,5.672466168144689,5.915270823503083,0.31612478798879573,19.292028431918865,10.140313403917922,19.959892855736726,0.058782848928339286,17.749429986945632,1.000415401049034,1.3605546577011152,1.2247849322502358,1.000415401049034,0.0,0.7129015001766866,0.8941154913262201,1.005473526661456,3.5601120498349133,0.65,2.299190306502631,0.6609800491235079,5.672466168144689,5.915270823503083,0.31612478798879573,19.292028431918865,10.140313403917922,19.959892855736726,0.058782848928339286,0.8333333333333334,0.6,0.1275,41.13284898846335,14.972086850656346,Wh,14.972086850656346,Wh
155,5461e0de6f8edb35bdadc74c0440bcb2,WindowRegression,"{""window_size"": 5, ""input_dim"": ""univariate"", ""output_dim"": ""forecast_length"", ""normalize_window"": false, ""max_windows"": 5000000, ""fourier_encoding_components"": null, ""scale"": false, ""datepart_method"": null, ""regression_type"": null, ""regression_model"": {""model"": ""DecisionTree"", ""model_params"": {""max_depth"": 9, ""min_samples_split"": 1.0}}}","{""fillna"": ""ffill"", ""transformations"": {""0"": ""Scaler"", ""1"": ""Scaler"", ""2"": ""Scaler""}, ""transformation_params"": {""0"": {}, ""1"": {}, ""2"": {}}}",0,3,19.143301354708715,1.2455823399454846,1.3901520032086374,0.7740038904176072,1.2455823399454846,0.0,-1.4789513587951673,0.7670280408458137,222.72586983139206,1.243974573758894,0.8161160863900799,0.5,0.4222222222222222,3.169327040187648,0.4166666666666667,2.122312591971417,1.0691148914226034,4.949629306369363,3.673245289373654,0.18011574606999803,73.74897282419896,53.30734314395189,16.328942923040987,0.20482030194635484,19.143301354708715,1.2455823399454846,1.3901520032086374,0.7740038904176072,1.2455823399454846,0.0,0.7670280408458137,1.243974573758894,0.8161160863900799,3.169327040187648,0.4166666666666667,2.122312591971417,1.0691148914226034,4.949629306369363,3.673245289373654,0.18011574606999803,73.74897282419896,53.30734314395189,16.328942923040987,0.20482030194635484,0.5,0.4222222222222222,0.0104,40.79123450428192,21.300328185970553,Wh,21.300328185970553,Wh
156,47e5d4844df207a9d7e74948cbca1fe6,WindowRegression,"{""window_size"": 5, ""input_dim"": ""univariate"", ""output_dim"": ""forecast_length"", ""normalize_window"": false, ""max_windows"": 5000000, ""fourier_encoding_components"": null, ""scale"": false, ""datepart_method"": null, ""regression_type"": null, ""regression_model"": {""model"": ""DecisionTree"", ""model_params"": {""max_depth"": 9, ""min_samples_split"": 1.0}}}","{""fillna"": ""cubic"", ""transformations"": {""0"": ""Scaler"", ""1"": ""Scaler""}, ""transformation_params"": {""0"": {}, ""1"": {}}}",0,3,19.143301354708715,1.2455823399454846,1.3901520032086374,0.7740038904176072,1.2455823399454846,0.0,-1.4789513587951673,0.7670280408458137,222.72586983139206,1.243974573758894,0.8161160863900799,0.5,0.4222222222222222,3.169327040187648,0.4166666666666667,2.122312591971417,1.0691148914226034,4.949629306369363,3.673245289373654,0.18011574606999803,73.74897282419896,53.30734314395189,16.328942923040987,0.20482030194635484,19.143301354708715,1.2455823399454846,1.3901520032086374,0.7740038904176072,1.2455823399454846,0.0,0.7670280408458137,1.243974573758894,0.8161160863900799,3.169327040187648,0.4166666666666667,2.122312591971417,1.0691148914226034,4.949629306369363,3.673245289373654,0.18011574606999803,73.74897282419896,53.30734314395189,16.328942923040987,0.20482030194635484,0.5,0.4222222222222222,0.0074666666666666675,40.79123385288429,21.300328185970553,Wh,21.300328185970553,Wh
157,d3380776692bf8bb8dbb4969b82bfdbf,DatepartRegression,"{""regression_model"": {""model"": ""DecisionTree"", ""model_params"": {""max_depth"": null, ""min_samples_split"": 1.0}}, ""datepart_method"": ""recurring"", ""polynomial_degree"": 2, ""holiday_countries_used"": false, ""lags"": null, ""forward_lags"": null, ""regression_type"": null}","{""fillna"": ""cubic"", ""transformations"": {""0"": ""Scaler"", ""1"": ""Scaler""}, ""transformation_params"": {""0"": {}, ""1"": {}}}",0,1,17.996601541002033,1.0445134007969394,1.3132229334987648,1.0513731626972678,1.0445134007969394,0.0,-4.35209591287962,0.6524234282199886,58.31870813493675,1.0346061076009267,0.9106526663534785,0.8666666666666667,0.5333333333333333,2.902938448457104,0.65,2.183338907985841,0.7968079433803522,5.668992650399136,4.703657732714593,0.047478513048220046,53.96661222205713,29.975535727038107,29.030089724788127,0.16443637456882607,17.996601541002033,1.0445134007969394,1.3132229334987648,1.0513731626972678,1.0445134007969394,0.0,0.6524234282199886,1.0346061076009267,0.9106526663534785,2.902938448457104,0.65,2.183338907985841,0.7968079433803522,5.668992650399136,4.703657732714593,0.047478513048220046,53.96661222205713,29.975535727038107,29.030089724788127,0.16443637456882607,0.8666666666666667,0.5333333333333333,0.091,39.94838047718332,15.632051782697113,Wh,15.632051782697113,Wh
158,eb4789adc15b3582b07be27cef16b115,RollingRegression,"{""regression_model"": {""model"": ""ElasticNet"", ""model_params"": {""l1_ratio"": 0.1, ""fit_intercept"": true, ""selection"": ""cyclic"", ""max_iter"": 1000}}, ""holiday"": false, ""mean_rolling_periods"": 12, ""macd_periods"": 7, ""std_rolling_periods"": 7, ""max_rolling_periods"": 12, ""min_rolling_periods"": null, ""ewm_var_alpha"": null, ""quantile90_rolling_periods"": null, ""quantile10_rolling_periods"": null, ""ewm_alpha"": null, ""additional_lag_periods"": 2, ""abs_energy"": false, ""rolling_autocorr_periods"": null, ""nonzero_last_n"": null, ""add_date_part"": null, ""polynomial_degree"": null, ""x_transform"": null, ""regression_type"": null}","{""fillna"": ""cubic"", ""transformations"": {""0"": ""Scaler"", ""1"": ""Scaler"", ""2"": ""Scaler"", ""3"": ""Scaler""}, ""transformation_params"": {""0"": {}, ""1"": {}, ""2"": {}, ""3"": {}}}",0,1,18.195642338609034,1.0421673221165975,1.2627302415414243,0.9989745424393829,1.0421673221165975,0.0,-0.2647739995874181,0.6445842631548196,62.26526532740843,1.041967019261993,0.8199629491043624,0.8333333333333334,0.5,2.1885417328897834,0.2,2.4016734725826105,0.8724600066725007,5.023826581799457,3.486311691994423,0.0028416349902579807,62.00049132782101,48.23181803638392,29.41911487135915,0.18891562015200744,18.195642338609034,1.0421673221165975,1.2627302415414243,0.9989745424393829,1.0421673221165975,0.0,0.6445842631548196,1.041967019261993,0.8199629491043624,2.1885417328897834,0.2,2.4016734725826105,0.8724600066725007,5.023826581799457,3.486311691994423,0.0028416349902579807,62.00049132782101,48.23181803638392,29.41911487135915,0.18891562015200744,0.8333333333333334,0.5,0.3136,38.536142432680435,15.59694067412789,Wh,15.59694067412789,Wh
159,f35b128a207ce709972c167568d19770,RollingRegression,"{""regression_model"": {""model"": ""ExtraTrees"", ""model_params"": {""n_estimators"": 100, ""min_samples_leaf"": 1, ""max_depth"": 10}}, ""holiday"": false, ""mean_rolling_periods"": null, ""macd_periods"": null, ""std_rolling_periods"": null, ""max_rolling_periods"": 420, ""min_rolling_periods"": 7, ""ewm_var_alpha"": null, ""quantile90_rolling_periods"": null, ""quantile10_rolling_periods"": null, ""ewm_alpha"": null, ""additional_lag_periods"": 363, ""abs_energy"": false, ""rolling_autocorr_periods"": null, ""nonzero_last_n"": null, ""add_date_part"": ""expanded"", ""polynomial_degree"": null, ""x_transform"": null, ""regression_type"": null}","{""fillna"": ""ffill_mean_biased"", ""transformations"": {}, ""transformation_params"": {}}",0,1,17.45759616996304,0.9996700100020669,1.2447819257662747,1.4485672371703238,0.9996700100020669,0.0,-8.316571129672926,0.6612081539181992,51.66362947045109,0.961699963755326,0.86255837387762,0.8666666666666667,0.4,2.775989556732834,0.6166666666666667,2.13759689394037,0.7873151308580162,5.044768267999151,3.7385423204645836,0.4586664328192486,43.34705834077817,21.797570125445002,11.467570706387056,0.13207857281187055,17.45759616996304,0.9996700100020669,1.2447819257662747,1.4485672371703238,0.9996700100020669,0.0,0.6612081539181992,0.961699963755326,0.86255837387762,2.775989556732834,0.6166666666666667,2.13759689394037,0.7873151308580162,5.044768267999151,3.7385423204645836,0.4586664328192486,43.34705834077817,21.797570125445002,11.467570706387056,0.13207857281187055,0.8666666666666667,0.4,2.1846,38.23611074901743,14.960931425138915,Wh,14.960931425138915,Wh
160,960c42e94a9fa99d020c5a556e1ad3c1,RollingRegression,"{""regression_model"": {""model"": ""ExtraTrees"", ""model_params"": {""n_estimators"": 100, ""min_samples_leaf"": 1, ""max_depth"": 10}}, ""holiday"": false, ""mean_rolling_periods"": null, ""macd_periods"": null, ""std_rolling_periods"": null, ""max_rolling_periods"": 420, ""min_rolling_periods"": 7, ""ewm_var_alpha"": null, ""quantile90_rolling_periods"": null, ""quantile10_rolling_periods"": null, ""ewm_alpha"": null, ""additional_lag_periods"": 363, ""abs_energy"": false, ""rolling_autocorr_periods"": null, ""nonzero_last_n"": null, ""add_date_part"": ""expanded"", ""polynomial_degree"": null, ""x_transform"": null, ""regression_type"": null}","{""fillna"": ""akima"", ""transformations"": {""0"": ""Scaler""}, ""transformation_params"": {""0"": {}}}",0,1,17.457596169963036,0.9996700100020668,1.2447819257662747,1.448567237170323,0.9996700100020668,0.0,-8.316571129672926,0.6612081539181992,51.663629470451085,0.961699963755326,0.8625583738776199,0.8666666666666667,0.4166666666666667,2.775989556732833,0.6166666666666667,2.13759689394037,0.7873151308580162,5.044768267999151,3.7385423204645827,0.4586664328192486,43.34705834077816,21.79757012544501,11.46757070638707,0.13207857281187052,17.457596169963036,0.9996700100020668,1.2447819257662747,1.448567237170323,0.9996700100020668,0.0,0.6612081539181992,0.961699963755326,0.8625583738776199,2.775989556732833,0.6166666666666667,2.13759689394037,0.7873151308580162,5.044768267999151,3.7385423204645827,0.4586664328192486,43.34705834077816,21.79757012544501,11.46757070638707,0.13207857281187052,0.8666666666666667,0.4166666666666667,2.0073,38.23570028560681,14.960931425138913,Wh,14.960931425138913,Wh
161,e1a18a70d15cef931cc2b39c5a6ce7ef,ARIMA,"{""p"": 1, ""d"": 3, ""q"": 3, ""regression_type"": null}","{""fillna"": ""ffill"", ""transformations"": {""0"": null}, ""transformation_params"": {""0"": {}}}",0,1,16.048858919087706,0.9023387034439271,1.061440328814201,1.0102932709877452,0.9023387034439271,0.0,-7.062466444045659,0.6202057325973359,47.07785576258996,0.8803790601297382,0.9623538498127763,1.0,0.45,1.862769619931007,0.65,1.8921061096496998,0.7520900579078206,4.387745406430935,2.802388297041915,0.006164088264604911,40.0153893185443,21.537890094147333,28.665831202877623,0.12192697068748357,16.048858919087706,0.9023387034439271,1.061440328814201,1.0102932709877452,0.9023387034439271,0.0,0.6202057325973359,0.8803790601297382,0.9623538498127763,1.862769619931007,0.65,1.8921061096496998,0.7520900579078206,4.387745406430935,2.802388297041915,0.006164088264604911,40.0153893185443,21.537890094147333,28.665831202877623,0.12192697068748357,1.0,0.45,0.4557,37.508864639943845,13.504283743037803,Wh,13.504283743037803,Wh
162,cc74705d2d1df027cba6e066b26e2048,DatepartRegression,"{""regression_model"": {""model"": ""Adaboost"", ""model_params"": {""n_estimators"": 200, ""loss"": ""linear"", ""estimator"": null, ""learning_rate"": 1, ""max_depth"": 2}}, ""datepart_method"": ""lunar_phase"", ""polynomial_degree"": null, ""holiday_countries_used"": false, ""lags"": null, ""forward_lags"": null, ""regression_type"": null}","{""fillna"": ""ffill"", ""transformations"": {""0"": ""Scaler"", ""1"": ""Scaler"", ""2"": ""Scaler""}, ""transformation_params"": {""0"": {}, ""1"": {}, ""2"": {}}}",0,1,17.124490173308452,0.9717845794205391,1.1774189245324604,1.0017070500767737,0.9717845794205391,0.0,-1.4166343622283968,0.6185034543538644,56.89044040300395,0.9702430724096509,0.8009632206157563,0.9333333333333333,0.55,2.0828549653581048,0.2,2.3195276089517054,0.8083076416395266,4.670779342618576,3.0200495411941817,0.0029881334421306732,55.47380604077555,41.562335101076584,29.632245581018523,0.1690287971263663,17.124490173308452,0.9717845794205391,1.1774189245324604,1.0017070500767737,0.9717845794205391,0.0,0.6185034543538644,0.9702430724096509,0.8009632206157563,2.0828549653581048,0.2,2.3195276089517054,0.8083076416395266,4.670779342618576,3.0200495411941817,0.0029881334421306732,55.47380604077555,41.562335101076584,29.632245581018523,0.1690287971263663,0.9333333333333333,0.55,0.1107,36.642566035127395,14.543601695811686,Wh,14.543601695811686,Wh
163,076d2195ee0358da4aa597358ead8c69,RollingRegression,"{""regression_model"": {""model"": ""ExtraTrees"", ""model_params"": {""n_estimators"": 100, ""min_samples_leaf"": 1, ""max_depth"": 10}}, ""holiday"": false, ""mean_rolling_periods"": null, ""macd_periods"": null, ""std_rolling_periods"": null, ""max_rolling_periods"": 28, ""min_rolling_periods"": 57, ""ewm_var_alpha"": null, ""quantile90_rolling_periods"": null, ""quantile10_rolling_periods"": null, ""ewm_alpha"": null, ""additional_lag_periods"": 90, ""abs_energy"": false, ""rolling_autocorr_periods"": null, ""nonzero_last_n"": null, ""add_date_part"": null, ""polynomial_degree"": null, ""x_transform"": null, ""regression_type"": null}","{""fillna"": ""ffill"", ""transformations"": {""0"": ""Scaler"", ""1"": ""Scaler""}, ""transformation_params"": {""0"": {}, ""1"": {}}}",0,1,17.132593313685046,0.9702236562201282,1.142836928943123,1.071167384986912,0.9702236562201282,0.0,-5.182243968245871,0.6440599532882079,53.03117540496181,0.9552658266089998,0.7953035802839753,0.95,0.45,1.9925801183369574,0.5666666666666667,2.029649078584679,0.8101600126976839,4.524816815938331,3.3965242047396753,0.23770528035782973,47.84893143671594,30.817603125452397,19.825683804257967,0.14579578907178578,17.132593313685046,0.9702236562201282,1.142836928943123,1.071167384986912,0.9702236562201282,0.0,0.6440599532882079,0.9552658266089998,0.7953035802839753,1.9925801183369574,0.5666666666666667,2.029649078584679,0.8101600126976839,4.524816815938331,3.3965242047396753,0.23770528035782973,47.84893143671594,30.817603125452397,19.825683804257967,0.14579578907178578,0.95,0.45,1.8087,36.36181359118175,14.520241122094756,Wh,14.520241122094756,Wh
164,6f0c71dfe936af56a9707908fe612aa5,RollingRegression,"{""regression_model"": {""model"": ""ExtraTrees"", ""model_params"": {""n_estimators"": 100, ""min_samples_leaf"": 1, ""max_depth"": 10}}, ""holiday"": false, ""mean_rolling_periods"": null, ""macd_periods"": null, ""std_rolling_periods"": null, ""max_rolling_periods"": 28, ""min_rolling_periods"": 57, ""ewm_var_alpha"": null, ""quantile90_rolling_periods"": null, ""quantile10_rolling_periods"": null, ""ewm_alpha"": null, ""additional_lag_periods"": 90, ""abs_energy"": false, ""rolling_autocorr_periods"": null, ""nonzero_last_n"": null, ""add_date_part"": null, ""polynomial_degree"": null, ""x_transform"": null, ""regression_type"": null}","{""fillna"": ""ffill"", ""transformations"": {""0"": ""Scaler""}, ""transformation_params"": {""0"": {}}}",0,1,17.13259331368505,0.9702236562201282,1.142836928943123,1.071167384986912,0.9702236562201282,0.0,-5.182243968245871,0.6440599532882079,53.03117540496182,0.9552658266090001,0.7953035802839755,0.95,0.45,1.9925801183369574,0.5666666666666667,2.029649078584679,0.8101600126976839,4.524816815938331,3.396524204739678,0.23770528035782973,47.84893143671595,30.81760312545239,19.825683804257977,0.14579578907178584,17.13259331368505,0.9702236562201282,1.142836928943123,1.071167384986912,0.9702236562201282,0.0,0.6440599532882079,0.9552658266090001,0.7953035802839755,1.9925801183369574,0.5666666666666667,2.029649078584679,0.8101600126976839,4.524816815938331,3.396524204739678,0.23770528035782973,47.84893143671595,30.81760312545239,19.825683804257977,0.14579578907178584,0.95,0.45,1.7342,36.36179704716247,14.520241122094756,Wh,14.520241122094756,Wh
165,5197b2238900ed9d37c551a68894b48f,RollingRegression,"{""regression_model"": {""model"": ""ExtraTrees"", ""model_params"": {""n_estimators"": 100, ""min_samples_leaf"": 1, ""max_depth"": 10}}, ""holiday"": false, ""mean_rolling_periods"": null, ""macd_periods"": null, ""std_rolling_periods"": 30, ""max_rolling_periods"": 28, ""min_rolling_periods"": 57, ""ewm_var_alpha"": null, ""quantile90_rolling_periods"": null, ""quantile10_rolling_periods"": null, ""ewm_alpha"": null, ""additional_lag_periods"": 363, ""abs_energy"": false, ""rolling_autocorr_periods"": null, ""nonzero_last_n"": null, ""add_date_part"": null, ""polynomial_degree"": null, ""x_transform"": null, ""regression_type"": null}","{""fillna"": ""cubic"", ""transformations"": {""0"": ""Scaler"", ""1"": ""Scaler""}, ""transformation_params"": {""0"": {}, ""1"": {}}}",0,1,16.989832195120535,0.9627134148126644,1.1414684284452248,1.008570517314861,0.9627134148126644,0.0,-4.155777745154518,0.6331606722421489,53.607027143605336,0.9532395697609236,0.7997171200824172,0.95,0.5333333333333333,2.091833108508398,0.3333333333333333,2.184302902201569,0.8006261873572583,4.5868947298816165,2.9197059410836843,0.053063919437272546,49.45124939845083,32.68029325030081,27.15146544862334,0.15067805508192655,16.989832195120535,0.9627134148126644,1.1414684284452248,1.008570517314861,0.9627134148126644,0.0,0.6331606722421489,0.9532395697609236,0.7997171200824172,2.091833108508398,0.3333333333333333,2.184302902201569,0.8006261873572583,4.5868947298816165,2.9197059410836843,0.053063919437272546,49.45124939845083,32.68029325030081,27.15146544862334,0.15067805508192655,0.95,0.5333333333333333,1.7501,36.279496988643395,14.407843825427758,Wh,14.407843825427758,Wh
166,1e99612af1c47bc7cc6349c6983b9517,RollingRegression,"{""regression_model"": {""model"": ""ExtraTrees"", ""model_params"": {""n_estimators"": 100, ""min_samples_leaf"": 1, ""max_depth"": 10}}, ""holiday"": true, ""mean_rolling_periods"": 7, ""macd_periods"": null, ""std_rolling_periods"": 30, ""max_rolling_periods"": 28, ""min_rolling_periods"": 57, ""ewm_var_alpha"": null, ""quantile90_rolling_periods"": null, ""quantile10_rolling_periods"": null, ""ewm_alpha"": null, ""additional_lag_periods"": 90, ""abs_energy"": false, ""rolling_autocorr_periods"": null, ""nonzero_last_n"": null, ""add_date_part"": ""expanded"", ""polynomial_degree"": null, ""x_transform"": null, ""regression_type"": null}","{""fillna"": ""ffill_mean_biased"", ""transformations"": {""0"": ""Scaler""}, ""transformation_params"": {""0"": {}}}",0,1,16.333555815048353,0.9210642880479294,1.096527795961942,1.2674887426492951,0.9210642880479294,0.0,-7.9556567869880235,0.6375456028334734,47.30820049588773,0.8874010241792346,0.8067523078082136,0.9333333333333333,0.5,2.1784361392927734,0.65,1.961074062304219,0.7532243500018424,4.349897281322771,3.4682220568894175,0.34897068877600435,39.3525437088997,22.087983133959746,14.398646959897945,0.11990727879909276,16.333555815048353,0.9210642880479294,1.096527795961942,1.2674887426492951,0.9210642880479294,0.0,0.6375456028334734,0.8874010241792346,0.8067523078082136,2.1784361392927734,0.65,1.961074062304219,0.7532243500018424,4.349897281322771,3.4682220568894175,0.34897068877600435,39.3525437088997,22.087983133959746,14.398646959897945,0.11990727879909276,0.9333333333333333,0.5,8.2218,35.447973597629876,13.784528408130376,Wh,13.784528408130376,Wh
167,4078aff4bb3db8febfa3f0af24ede34c,RollingRegression,"{""regression_model"": {""model"": ""ExtraTrees"", ""model_params"": {""n_estimators"": 100, ""min_samples_leaf"": 1, ""max_depth"": 10}}, ""holiday"": false, ""mean_rolling_periods"": null, ""macd_periods"": null, ""std_rolling_periods"": null, ""max_rolling_periods"": 420, ""min_rolling_periods"": null, ""ewm_var_alpha"": null, ""quantile90_rolling_periods"": null, ""quantile10_rolling_periods"": null, ""ewm_alpha"": null, ""additional_lag_periods"": 363, ""abs_energy"": false, ""rolling_autocorr_periods"": null, ""nonzero_last_n"": null, ""add_date_part"": null, ""polynomial_degree"": null, ""x_transform"": null, ""regression_type"": null}","{""fillna"": ""ffill"", ""transformations"": {""0"": ""Scaler"", ""1"": ""Scaler""}, ""transformation_params"": {""0"": {}, ""1"": {}}}",0,1,16.331588611166804,0.9204917639065068,1.109543438212336,1.072313950062768,0.9204917639065068,0.0,-2.7267230822204374,0.6031317268292029,52.50278275216998,0.9149671734428592,0.7952524796109217,0.95,0.48333333333333334,2.0524399115448944,0.7333333333333333,1.8784550211593605,0.763215743880976,4.367488832027261,2.9605428896848895,0.151047262201379,49.77605966994954,35.53247603909425,23.28772411392937,0.15166775262395857,16.331588611166804,0.9204917639065068,1.109543438212336,1.072313950062768,0.9204917639065068,0.0,0.6031317268292029,0.9149671734428592,0.7952524796109217,2.0524399115448944,0.7333333333333333,1.8784550211593605,0.763215743880976,4.367488832027261,2.9605428896848895,0.151047262201379,49.77605966994954,35.53247603909425,23.28772411392937,0.15166775262395857,0.95,0.48333333333333334,1.7088,35.36644664979613,13.775960086250796,Wh,13.775960086250796,Wh
168,8e184e3ee8686d1ee22df217fcac6e8a,RollingRegression,"{""regression_model"": {""model"": ""ExtraTrees"", ""model_params"": {""n_estimators"": 100, ""min_samples_leaf"": 1, ""max_depth"": 10}}, ""holiday"": false, ""mean_rolling_periods"": 7, ""macd_periods"": null, ""std_rolling_periods"": 30, ""max_rolling_periods"": 12, ""min_rolling_periods"": null, ""ewm_var_alpha"": null, ""quantile90_rolling_periods"": null, ""quantile10_rolling_periods"": null, ""ewm_alpha"": null, ""additional_lag_periods"": 363, ""abs_energy"": false, ""rolling_autocorr_periods"": 7, ""nonzero_last_n"": null, ""add_date_part"": null, ""polynomial_degree"": null, ""x_transform"": null, ""regression_type"": null}","{""fillna"": ""cubic"", ""transformations"": {""0"": ""Scaler"", ""1"": ""Scaler"", ""2"": ""Scaler""}, ""transformation_params"": {""0"": {}, ""1"": {}, ""2"": {}}}",0,1,15.654254298011756,0.8769256131207553,1.0416961212837585,1.0681172007957407,0.8769256131207553,0.0,-5.638721828649148,0.600166524610377,46.976814958596165,0.8604392343711803,0.7913083520149552,0.9666666666666667,0.4666666666666667,1.955416459192982,0.8,1.7471237242897362,0.7250127553091253,4.115855043963192,2.3064195678733808,0.10268011843049397,41.33809312994701,26.205380002856664,25.24874456821832,0.1259572518265048,15.654254298011756,0.8769256131207553,1.0416961212837585,1.0681172007957407,0.8769256131207553,0.0,0.600166524610377,0.8604392343711803,0.7913083520149552,1.955416459192982,0.8,1.7471237242897362,0.7250127553091253,4.115855043963192,2.3064195678733808,0.10268011843049397,41.33809312994701,26.205380002856664,25.24874456821832,0.1259572518265048,0.9666666666666667,0.4666666666666667,5.7702,34.22386746651605,13.123954736643936,Wh,13.123954736643936,Wh
169,8159a3c1a0ce79a9b8fc4c4a7a7d986e,RollingRegression,"{""regression_model"": {""model"": ""ExtraTrees"", ""model_params"": {""n_estimators"": 100, ""min_samples_leaf"": 1, ""max_depth"": 10}}, ""holiday"": true, ""mean_rolling_periods"": 7, ""macd_periods"": null, ""std_rolling_periods"": 30, ""max_rolling_periods"": 28, ""min_rolling_periods"": null, ""ewm_var_alpha"": null, ""quantile90_rolling_periods"": null, ""quantile10_rolling_periods"": null, ""ewm_alpha"": null, ""additional_lag_periods"": 27, ""abs_energy"": false, ""rolling_autocorr_periods"": 7, ""nonzero_last_n"": null, ""add_date_part"": null, ""polynomial_degree"": null, ""x_transform"": null, ""regression_type"": null}","{""fillna"": ""cubic"", ""transformations"": {""0"": ""Scaler""}, ""transformation_params"": {""0"": {}}}",0,1,15.379891863337058,0.8608860153393453,1.0137235154753246,1.059549444145131,0.8608860153393453,0.0,-5.074566884799327,0.5940993456883069,46.578594035561395,0.8451864728065424,0.7918526587677137,0.9833333333333333,0.5333333333333333,2.065402578717931,0.6666666666666666,1.8459823650353748,0.7096011294294219,3.9877236232010715,3.179996160885689,0.25242593491059173,41.50402715076207,26.975481597517568,18.815982303141215,0.12646285311732114,15.379891863337058,0.8608860153393453,1.0137235154753246,1.059549444145131,0.8608860153393453,0.0,0.5940993456883069,0.8451864728065424,0.7918526587677137,2.065402578717931,0.6666666666666666,1.8459823650353748,0.7096011294294219,3.9877236232010715,3.179996160885689,0.25242593491059173,41.50402715076207,26.975481597517568,18.815982303141215,0.12646285311732114,0.9833333333333333,0.5333333333333333,12.0265,33.830896877647206,12.883908201193714,Wh,12.883908201193714,Wh
170,13f758fac1983dd718fb2d16e8d6471b,RollingRegression,"{""regression_model"": {""model"": ""ExtraTrees"", ""model_params"": {""n_estimators"": 100, ""min_samples_leaf"": 1, ""max_depth"": 10}}, ""holiday"": true, ""mean_rolling_periods"": 7, ""macd_periods"": null, ""std_rolling_periods"": 30, ""max_rolling_periods"": 28, ""min_rolling_periods"": 57, ""ewm_var_alpha"": null, ""quantile90_rolling_periods"": null, ""quantile10_rolling_periods"": null, ""ewm_alpha"": null, ""additional_lag_periods"": 90, ""abs_energy"": false, ""rolling_autocorr_periods"": null, ""nonzero_last_n"": null, ""add_date_part"": null, ""polynomial_degree"": null, ""x_transform"": null, ""regression_type"": null}","{""fillna"": ""ffill"", ""transformations"": {""0"": ""Scaler"", ""1"": ""Scaler"", ""2"": ""Scaler""}, ""transformation_params"": {""0"": {}, ""1"": {}, ""2"": {}}}",0,1,15.135441487608059,0.8463433857984085,0.9994969236176467,1.1883399288777419,0.8463433857984085,0.0,-5.645330960994349,0.5902652886291545,45.13527218691016,0.8285898760952761,0.7944768547539177,0.9666666666666667,0.48333333333333334,2.153105838994186,0.6833333333333333,1.8470631594293763,0.6904997336430173,3.8548193511100437,3.025400617678986,0.3185363525234742,39.48994122591581,25.95531572672548,16.20601512659488,0.12032592930618634,15.135441487608059,0.8463433857984085,0.9994969236176467,1.1883399288777419,0.8463433857984085,0.0,0.5902652886291545,0.8285898760952761,0.7944768547539177,2.153105838994186,0.6833333333333333,1.8470631594293763,0.6904997336430173,3.8548193511100437,3.025400617678986,0.3185363525234742,39.48994122591581,25.95531572672548,16.20601512659488,0.12032592930618634,0.9666666666666667,0.48333333333333334,8.4891,33.55746265116031,12.666265097843334,Wh,12.666265097843334,Wh
171,9821dcaf2fbd704224f4191e55d72440,ARIMA,"{""p"": 1, ""d"": 0, ""q"": 12, ""regression_type"": null}","{""fillna"": ""ffill_mean_biased"", ""transformations"": {""0"": ""Scaler"", ""1"": ""Scaler""}, ""transformation_params"": {""0"": {}, ""1"": {}}}",0,1,13.068602013430693,0.7182004588503668,0.8519178416682656,1.031328336945328,0.7182004588503668,0.0,-7.307725487245687,0.5286854089404222,35.784302043776314,0.694953272994386,0.9683713524293448,1.0,0.5,1.6255795822585117,0.8,1.6516720484510972,0.5919884424441286,3.077701209221291,1.7763351691689686,0.04942509667331243,28.476576556530624,16.982170073683402,26.243181629335446,0.08676818529612396,13.068602013430693,0.7182004588503668,0.8519178416682656,1.031328336945328,0.7182004588503668,0.0,0.5286854089404222,0.694953272994386,0.9683713524293448,1.6255795822585117,0.8,1.6516720484510972,0.5919884424441286,3.077701209221291,1.7763351691689686,0.04942509667331243,28.476576556530624,16.982170073683402,26.243181629335446,0.08676818529612396,1.0,0.5,0.7621,33.46142679828343,10.748494710110814,Wh,10.748494710110814,Wh
172,204e7b80e8aa22532e964946d22a277a,ARIMA,"{""p"": 1, ""d"": 0, ""q"": 12, ""regression_type"": ""Holiday""}","{""fillna"": ""ffill"", ""transformations"": {""0"": null}, ""transformation_params"": {""0"": {}}}",0,1,12.978181398282349,0.7128659777661923,0.837290867761254,1.0761140659229564,0.7128659777661923,0.0,-8.880426110671744,0.5378311584251426,33.8915325552998,0.679786811840513,0.9744104947057369,1.0,0.5,1.6103557380146878,0.8,1.6545224476303146,0.5885604255983433,2.9492088677892245,2.6991539711683945,0.1552207087046855,25.01110644462805,15.241022245678312,22.402573265532368,0.07620889098591015,12.978181398282349,0.7128659777661923,0.837290867761254,1.0761140659229564,0.7128659777661923,0.0,0.5378311584251426,0.679786811840513,0.9744104947057369,1.6103557380146878,0.8,1.6545224476303146,0.5885604255983433,2.9492088677892245,2.6991539711683945,0.1552207087046855,25.01110644462805,15.241022245678312,22.402573265532368,0.07620889098591015,1.0,0.5,2.018,33.40030468579607,10.668659559620632,Wh,10.668659559620632,Wh
173,f9a9a850d3db8b4deedbc54b4998108f,RollingRegression,"{""regression_model"": {""model"": ""ExtraTrees"", ""model_params"": {""n_estimators"": 100, ""min_samples_leaf"": 1, ""max_depth"": 10}}, ""holiday"": true, ""mean_rolling_periods"": 5, ""macd_periods"": 24, ""std_rolling_periods"": 30, ""max_rolling_periods"": null, ""min_rolling_periods"": null, ""ewm_var_alpha"": null, ""quantile90_rolling_periods"": null, ""quantile10_rolling_periods"": null, ""ewm_alpha"": 0.2, ""additional_lag_periods"": 363, ""abs_energy"": false, ""rolling_autocorr_periods"": null, ""nonzero_last_n"": null, ""add_date_part"": null, ""polynomial_degree"": null, ""x_transform"": null, ""regression_type"": null}","{""fillna"": ""fake_date"", ""transformations"": {""0"": ""Scaler"", ""1"": ""Scaler""}, ""transformation_params"": {""0"": {}, ""1"": {}}}",0,1,15.054526744174504,0.8398169913673946,0.9841551847943983,1.0895662714539411,0.8398169913673946,0.0,-8.464573098784646,0.6016670131818196,41.924446383259024,0.8084220656123379,0.788249215998633,0.9833333333333333,0.5,1.934708277094293,0.8,1.7306511042687538,0.6914466013607443,3.717621534633373,3.0783419679315154,0.20074868659730896,33.45987328447438,20.024687906232028,19.793275857388394,0.10195230031842743,15.054526744174504,0.8398169913673946,0.9841551847943983,1.0895662714539411,0.8398169913673946,0.0,0.6016670131818196,0.8084220656123379,0.788249215998633,1.934708277094293,0.8,1.7306511042687538,0.6914466013607443,3.717621534633373,3.0783419679315154,0.20074868659730896,33.45987328447438,20.024687906232028,19.793275857388394,0.10195230031842743,0.9833333333333333,0.5,7.9958,33.251100680120885,12.56859192713813,Wh,12.56859192713813,Wh
174,e3c012df563cbf5a1b142ac7d080111f,RollingRegression,"{""regression_model"": {""model"": ""ExtraTrees"", ""model_params"": {""n_estimators"": 100, ""min_samples_leaf"": 1, ""max_depth"": 10}}, ""holiday"": false, ""mean_rolling_periods"": 7, ""macd_periods"": null, ""std_rolling_periods"": 30, ""max_rolling_periods"": 12, ""min_rolling_periods"": null, ""ewm_var_alpha"": null, ""quantile90_rolling_periods"": null, ""quantile10_rolling_periods"": null, ""ewm_alpha"": null, ""additional_lag_periods"": 27, ""abs_energy"": false, ""rolling_autocorr_periods"": 7, ""nonzero_last_n"": null, ""add_date_part"": null, ""polynomial_degree"": null, ""x_transform"": null, ""regression_type"": null}","{""fillna"": ""rolling_mean_24"", ""transformations"": {""0"": ""Scaler"", ""1"": ""Scaler""}, ""transformation_params"": {""0"": {}, ""1"": {}}}",0,1,14.83026724010867,0.8256666642029298,0.9898043001193059,1.0638770488757632,0.8256666642029298,0.0,-5.425120676023172,0.5719025190339438,44.11487917615263,0.8103047931020887,0.7853123989300028,1.0,0.4,1.809087122893974,0.7833333333333333,1.726716357277013,0.6787597625161724,3.820963129533218,2.1131894185972873,0.08800669363813754,38.68975850012945,25.095962395446143,25.546264661189667,0.11788777095228599,14.83026724010867,0.8256666642029298,0.9898043001193059,1.0638770488757632,0.8256666642029298,0.0,0.5719025190339438,0.8103047931020887,0.7853123989300028,1.809087122893974,0.7833333333333333,1.726716357277013,0.6787597625161724,3.820963129533218,2.1131894185972873,0.08800669363813754,38.68975850012945,25.095962395446143,25.546264661189667,0.11788777095228599,1.0,0.4,5.7025,33.001508713087745,12.356819970159643,Wh,12.356819970159643,Wh
175,a4aea9d23da471842ccf95570e34df11,RollingRegression,"{""regression_model"": {""model"": ""ExtraTrees"", ""model_params"": {""n_estimators"": 100, ""min_samples_leaf"": 1, ""max_depth"": 10}}, ""holiday"": true, ""mean_rolling_periods"": 7, ""macd_periods"": null, ""std_rolling_periods"": 30, ""max_rolling_periods"": 28, ""min_rolling_periods"": null, ""ewm_var_alpha"": null, ""quantile90_rolling_periods"": null, ""quantile10_rolling_periods"": null, ""ewm_alpha"": null, ""additional_lag_periods"": 363, ""abs_energy"": false, ""rolling_autocorr_periods"": null, ""nonzero_last_n"": null, ""add_date_part"": null, ""polynomial_degree"": null, ""x_transform"": null, ""regression_type"": null}","{""fillna"": ""ffill"", ""transformations"": {""0"": ""Scaler"", ""1"": ""Scaler"", ""2"": ""Scaler""}, ""transformation_params"": {""0"": {}, ""1"": {}, ""2"": {}}}",0,1,14.509114874015735,0.8098910604851925,0.9888785012525011,1.2118637412863642,0.8098910604851925,0.0,-5.251169198461469,0.5597246725887383,43.342294430650085,0.7946813116257953,0.799601207415225,0.95,0.5666666666666667,2.0365465938292804,0.6333333333333333,1.8629886785467995,0.6403011049352253,3.6822453892420404,2.9909116437622747,0.3185351935014755,38.09112523218862,26.146832146857047,15.426051296459121,0.11606373419653339,14.509114874015735,0.8098910604851925,0.9888785012525011,1.2118637412863642,0.8098910604851925,0.0,0.5597246725887383,0.7946813116257953,0.799601207415225,2.0365465938292804,0.6333333333333333,1.8629886785467995,0.6403011049352253,3.6822453892420404,2.9909116437622747,0.3185351935014755,38.09112523218862,26.146832146857047,15.426051296459121,0.11606373419653339,0.95,0.5666666666666667,7.884,32.91248223632877,12.120724335550435,Wh,12.120724335550435,Wh
176,db0e41fb25290810d4a0fb21211c4c5d,ARIMA,"{""p"": 4, ""d"": 0, ""q"": 12, ""regression_type"": null}","{""fillna"": ""cubic"", ""transformations"": {}, ""transformation_params"": {}}",0,1,13.258637817636359,0.7292335738128378,0.8798396096059,0.992405916414116,0.7292335738128378,0.0,-5.643875475461668,0.5228559274457643,38.1101389533086,0.7129818904922262,0.88424845782627,1.0,0.55,1.6936274911962181,0.8166666666666667,1.6517746666091189,0.5923544575136196,3.3212166550379547,1.6244147327344127,0.08968638805073423,32.46626347784693,19.69202606113666,24.230673502131836,0.09892476926523541,13.258637817636359,0.7292335738128378,0.8798396096059,0.992405916414116,0.7292335738128378,0.0,0.5228559274457643,0.7129818904922262,0.88424845782627,1.6936274911962181,0.8166666666666667,1.6517746666091189,0.5923544575136196,3.3212166550379547,1.6244147327344127,0.08968638805073423,32.46626347784693,19.69202606113666,24.230673502131836,0.09892476926523541,1.0,0.55,2.8432,32.409018274459086,10.913614874472714,Wh,10.913614874472714,Wh
177,170ac6ccd9603a4bb51902dd3c980550,ARIMA,"{""p"": 4, ""d"": 0, ""q"": 12, ""regression_type"": null}","{""fillna"": ""cubic"", ""transformations"": {""0"": ""Scaler""}, ""transformation_params"": {""0"": {}}}",0,1,13.258637817636359,0.7292335738128378,0.8798396096059,0.992405916414116,0.7292335738128378,0.0,-5.643875475461668,0.5228559274457643,38.1101389533086,0.7129818904922262,0.88424845782627,1.0,0.55,1.6936274911962181,0.8166666666666667,1.6517746666091189,0.5923544575136196,3.3212166550379547,1.6244147327344127,0.08968638805073423,32.46626347784693,19.69202606113666,24.230673502131836,0.09892476926523541,13.258637817636359,0.7292335738128378,0.8798396096059,0.992405916414116,0.7292335738128378,0.0,0.5228559274457643,0.7129818904922262,0.88424845782627,1.6936274911962181,0.8166666666666667,1.6517746666091189,0.5923544575136196,3.3212166550379547,1.6244147327344127,0.08968638805073423,32.46626347784693,19.69202606113666,24.230673502131836,0.09892476926523541,1.0,0.55,2.6573,32.408976992134434,10.913614874472714,Wh,10.913614874472714,Wh
178,aa4f45fcd93eaebbfd39abc83125ec29,ARIMA,"{""p"": 7, ""d"": 1, ""q"": 4, ""regression_type"": ""Holiday""}","{""fillna"": ""ffill"", ""transformations"": {""0"": ""Scaler"", ""1"": ""Scaler"", ""2"": ""Scaler"", ""3"": ""Scaler""}, ""transformation_params"": {""0"": {}, ""1"": {}, ""2"": {}, ""3"": {}}}",0,1,13.954904351946038,0.7713636811423756,0.9016898567615742,1.0564385113482633,0.7713636811423756,0.0,-7.751979691458825,0.563642349004511,38.52984117708371,0.7441403207982583,0.8015415921879543,1.0,0.5666666666666667,1.730639004007677,0.8,1.6864721346829639,0.6390187664642928,3.406534676511012,2.7319904889393647,0.16092989032549654,30.777861485624886,17.79428947597147,22.920873000410236,0.09378020504331634,13.954904351946038,0.7713636811423756,0.9016898567615742,1.0564385113482633,0.7713636811423756,0.0,0.563642349004511,0.7441403207982583,0.8015415921879543,1.730639004007677,0.8,1.6864721346829639,0.6390187664642928,3.406534676511012,2.7319904889393647,0.16092989032549654,30.777861485624886,17.79428947597147,22.920873000410236,0.09378020504331634,1.0,0.5666666666666667,4.1585,31.90761587632042,11.5441285843815,Wh,11.5441285843815,Wh
179,641b66d3baabdf12c7bffd5735c323d0,DatepartRegression,"{""regression_model"": {""model"": ""RandomForest"", ""model_params"": {""n_estimators"": 100, ""min_samples_leaf"": 2, ""bootstrap"": true}}, ""datepart_method"": ""expanded"", ""polynomial_degree"": null, ""holiday_countries_used"": false, ""lags"": null, ""forward_lags"": null, ""regression_type"": null}","{""fillna"": ""ffill"", ""transformations"": {""0"": null}, ""transformation_params"": {""0"": {}}}",0,1,14.015875050199217,0.7755756829416941,0.9140052692383738,1.1068852477960218,0.7755756829416941,0.0,-7.746014401271238,0.5622346251555749,38.78852657523041,0.7504704900166526,0.7858818317885203,0.9833333333333333,0.45,1.848844938658531,0.8,1.6867261533519746,0.64107710646303,3.390251032764962,2.0722536269431506,0.1618631630116749,31.042512173959167,18.167201134796738,23.004618119384197,0.09458659621602454,14.015875050199217,0.7755756829416941,0.9140052692383738,1.1068852477960218,0.7755756829416941,0.0,0.5622346251555749,0.7504704900166526,0.7858818317885203,1.848844938658531,0.8,1.6867261533519746,0.64107710646303,3.390251032764962,2.0722536269431506,0.1618631630116749,31.042512173959167,18.167201134796738,23.004618119384197,0.09458659621602454,0.9833333333333333,0.45,0.2286,31.776834681019647,11.607164855802742,Wh,11.607164855802742,Wh
180,f06fbd1aee6bada03029191d1817a5d4,DatepartRegression,"{""regression_model"": {""model"": ""RandomForest"", ""model_params"": {""n_estimators"": 100, ""min_samples_leaf"": 2, ""bootstrap"": true}}, ""datepart_method"": ""expanded"", ""polynomial_degree"": null, ""holiday_countries_used"": false, ""lags"": null, ""forward_lags"": null, ""regression_type"": null}","{""fillna"": ""ffill"", ""transformations"": {""0"": ""Scaler""}, ""transformation_params"": {""0"": {}}}",0,1,14.015875050199215,0.7755756829416941,0.9140052692383738,1.1068852477960218,0.7755756829416941,0.0,-7.746014401271228,0.5622346251555748,38.788526575230414,0.7504704900166527,0.7858818317885203,0.9833333333333333,0.45,1.848844938658532,0.8,1.6867261533519748,0.6410771064630297,3.3902510327649624,2.072253626943149,0.1618631630116749,31.04251217395919,18.167201134796755,23.004618119384197,0.09458659621602461,14.015875050199215,0.7755756829416941,0.9140052692383738,1.1068852477960218,0.7755756829416941,0.0,0.5622346251555748,0.7504704900166527,0.7858818317885203,1.848844938658532,0.8,1.6867261533519748,0.6410771064630297,3.3902510327649624,2.072253626943149,0.1618631630116749,31.04251217395919,18.167201134796755,23.004618119384197,0.09458659621602461,0.9833333333333333,0.45,0.2211,31.77683301551435,11.607164855802742,Wh,11.607164855802742,Wh
181,538c84c7de960dc4bfb03b8374835d4b,WindowRegression,"{""window_size"": 5, ""input_dim"": ""univariate"", ""output_dim"": ""forecast_length"", ""normalize_window"": false, ""max_windows"": 5000000, ""fourier_encoding_components"": null, ""scale"": true, ""datepart_method"": null, ""regression_type"": null, ""regression_model"": {""model"": ""KNN"", ""model_params"": {""n_neighbors"": 5, ""weights"": ""uniform"", ""p"": 2, ""leaf_size"": 30}}}","{""fillna"": ""zero"", ""transformations"": {""0"": null}, ""transformation_params"": {""0"": {}}}",0,3,14.989321868623184,0.9643675062391494,1.1564478439903707,0.8963844419536695,0.9643675062391494,0.0,-3.719034194946289,0.6244445011155791,169.8671169281006,0.9613152107895676,0.5803704980869422,0.6722222222222222,0.5,3.1448793411254883,0.5,1.83240404881524,0.7802119753719156,3.8646662438589843,1.9419505241648538,0.4362496234957212,55.382694244384766,36.74664997655419,8.02396518952413,0.15071947501315072,14.989321868623184,0.9643675062391494,1.1564478439903707,0.8963844419536695,0.9643675062391494,0.0,0.6244445011155791,0.9613152107895676,0.5803704980869422,3.1448793411254883,0.5,1.83240404881524,0.7802119753719156,3.8646662438589843,1.9419505241648538,0.4362496234957212,55.382694244384766,36.74664997655419,8.02396518952413,0.15071947501315072,0.6722222222222222,0.5,2.3028,31.181417253109004,15.628419527620677,Wh,15.628419527620677,Wh
182,dec3ec9b6e9f6312901ca2b7be3d66bf,ARIMA,"{""p"": 1, ""d"": 0, ""q"": 7, ""regression_type"": null}","{""fillna"": ""ffill"", ""transformations"": {""0"": ""Scaler"", ""1"": ""Scaler"", ""2"": ""Scaler"", ""3"": ""Scaler"", ""4"": ""Scaler""}, ""transformation_params"": {""0"": {}, ""1"": {}, ""2"": {}, ""3"": {}, ""4"": {}}}",0,1,13.968936525768614,0.7723947332617257,0.9105910523622713,1.0154864439006737,0.7723947332617257,0.0,-6.41463317187404,0.5539178912055511,39.9290508238295,0.7540128967045441,0.7503354954062239,1.0,0.5166666666666667,1.7077641532063517,0.8,1.6831361562265437,0.6401664859784251,3.4768103835054123,1.905466072644792,0.017363585728551262,33.514417651955455,20.205336561555377,28.265064179609347,0.1021184971144174,13.968936525768614,0.7723947332617257,0.9105910523622713,1.0154864439006737,0.7723947332617257,0.0,0.5539178912055511,0.7540128967045441,0.7503354954062239,1.7077641532063517,0.8,1.6831361562265437,0.6401664859784251,3.4768103835054123,1.905466072644792,0.017363585728551262,33.514417651955455,20.205336561555377,28.265064179609347,0.1021184971144174,1.0,0.5166666666666667,0.2899,31.129958861708893,11.559559176375862,Wh,11.559559176375862,Wh
183,92793e44085fd25013ebd283ff6e1de0,ARIMA,"{""p"": 7, ""d"": 1, ""q"": 3, ""regression_type"": null}","{""fillna"": ""fake_date"", ""transformations"": {""0"": ""Scaler"", ""1"": ""Scaler"", ""2"": ""Scaler"", ""3"": ""Scaler""}, ""transformation_params"": {""0"": {}, ""1"": {}, ""2"": {}, ""3"": {}}}",0,1,14.035640101133957,0.7765802945029224,0.9171189283459948,1.0697657804107392,0.7765802945029224,0.0,-6.70015402339777,0.557196715824522,39.89466364677757,0.7560945925444206,0.7369940372737812,1.0,0.5333333333333333,1.7913785189337554,0.8,1.6874095231291406,0.6380882060180764,3.5051179708094704,2.0953748559670236,0.217197681697059,33.194509623379794,19.569893526451466,19.49276436186691,0.10114373671630328,14.035640101133957,0.7765802945029224,0.9171189283459948,1.0697657804107392,0.7765802945029224,0.0,0.557196715824522,0.7560945925444206,0.7369940372737812,1.7913785189337554,0.8,1.6874095231291406,0.6380882060180764,3.5051179708094704,2.0953748559670236,0.217197681697059,33.194509623379794,19.569893526451466,19.49276436186691,0.10114373671630328,1.0,0.5333333333333333,2.5191,31.012673057482147,11.622199741841193,Wh,11.622199741841193,Wh
184,32a010bebde05a9e3e1a0039337e9382,ARIMA,"{""p"": 0, ""d"": 1, ""q"": 1, ""regression_type"": ""Holiday""}","{""fillna"": ""rolling_mean_24"", ""transformations"": {""0"": ""Scaler"", ""1"": ""Scaler"", ""2"": ""Scaler""}, ""transformation_params"": {""0"": {}, ""1"": {}, ""2"": {}}}",0,1,13.7573083545707,0.7593634332408455,0.8903401255241624,1.0650162638901466,0.7593634332408455,0.0,-8.150225726772955,0.5590421937166306,37.41158026767778,0.7298494847247784,0.7595526481899817,1.0,0.55,1.6802090332316384,0.8,1.681392876144435,0.6294555753327925,3.321362349612658,2.855285243336523,0.13376231014901874,29.261354540904804,16.891096151908073,24.746630206087183,0.08915940537236171,13.7573083545707,0.7593634332408455,0.8903401255241624,1.0650162638901466,0.7593634332408455,0.0,0.5590421937166306,0.7298494847247784,0.7595526481899817,1.6802090332316384,0.8,1.681392876144435,0.6294555753327925,3.321362349612658,2.855285243336523,0.13376231014901874,29.261354540904804,16.891096151908073,24.746630206087183,0.08915940537236171,1.0,0.55,0.3423,30.95238971333039,11.364534434168784,Wh,11.364534434168784,Wh
185,98a2bdd6fd1a109634c1040d25f9a35e,ARIMA,"{""p"": 0, ""d"": 1, ""q"": 3, ""regression_type"": ""Holiday""}","{""fillna"": ""ffill"", ""transformations"": {""0"": ""Scaler"", ""1"": ""Scaler"", ""2"": ""Scaler"", ""3"": ""Scaler""}, ""transformation_params"": {""0"": {}, ""1"": {}, ""2"": {}, ""3"": {}}}",0,1,13.944100921444887,0.770910444855673,0.9061201582215466,1.0742075611577893,0.770910444855673,0.0,-7.813496883829277,0.5634279473710889,38.4411298075111,0.7425490961283816,0.7426262114740254,1.0,0.55,1.7090665494489183,0.8,1.6894121833388094,0.6379477920177756,3.3856542851037754,2.9311337468246217,0.15757496516957462,30.627632923681823,17.783625449614995,24.044088657355623,0.09332245831685962,13.944100921444887,0.770910444855673,0.9061201582215466,1.0742075611577893,0.770910444855673,0.0,0.5634279473710889,0.7425490961283816,0.7426262114740254,1.7090665494489183,0.8,1.6894121833388094,0.6379477920177756,3.3856542851037754,2.9311337468246217,0.15757496516957462,30.627632923681823,17.783625449614995,24.044088657355623,0.09332245831685962,1.0,0.55,0.3226,30.949806805621982,11.537345509029736,Wh,11.537345509029736,Wh
186,9c029b4f39861e5a1358495a946cc024,ARIMA,"{""p"": 0, ""d"": 1, ""q"": 3, ""regression_type"": ""Holiday""}","{""fillna"": ""time"", ""transformations"": {""0"": ""Scaler"", ""1"": ""Scaler"", ""2"": ""Scaler"", ""3"": ""Scaler""}, ""transformation_params"": {""0"": {}, ""1"": {}, ""2"": {}, ""3"": {}}}",0,1,13.944100921444887,0.770910444855673,0.9061201582215466,1.0742075611577893,0.770910444855673,0.0,-7.813496883829277,0.5634279473710889,38.4411298075111,0.7425490961283816,0.7426262114740254,1.0,0.55,1.7090665494489183,0.8,1.6894121833388094,0.6379477920177756,3.3856542851037754,2.9311337468246217,0.15757496516957462,30.627632923681823,17.783625449614995,24.044088657355623,0.09332245831685962,13.944100921444887,0.770910444855673,0.9061201582215466,1.0742075611577893,0.770910444855673,0.0,0.5634279473710889,0.7425490961283816,0.7426262114740254,1.7090665494489183,0.8,1.6894121833388094,0.6379477920177756,3.3856542851037754,2.9311337468246217,0.15757496516957462,30.627632923681823,17.783625449614995,24.044088657355623,0.09332245831685962,1.0,0.55,0.3132,30.949804718188673,11.537345509029736,Wh,11.537345509029736,Wh
187,3fb47092ba4fbf7cf558addd6278eccb,ARIMA,"{""p"": 1, ""d"": 1, ""q"": 3, ""regression_type"": null}","{""fillna"": ""time"", ""transformations"": {""0"": ""Scaler"", ""1"": ""Scaler"", ""2"": ""Scaler"", ""3"": ""Scaler""}, ""transformation_params"": {""0"": {}, ""1"": {}, ""2"": {}, ""3"": {}}}",0,1,13.857947173815543,0.7656179845343752,0.9051590466358517,1.0060605216007306,0.7656179845343752,0.0,-6.733993267031591,0.5509058287189482,39.20308580503092,0.7456200907130246,0.7475628765328391,1.0,0.6,1.6975022489550744,0.8,1.6789404099102505,0.6338008927281304,3.459732066561818,1.925829196915346,0.013602581904876525,32.46909253799933,18.92328037529336,28.710710594377108,0.0989333894171357,13.857947173815543,0.7656179845343752,0.9051590466358517,1.0060605216007306,0.7656179845343752,0.0,0.5509058287189482,0.7456200907130246,0.7475628765328391,1.6975022489550744,0.8,1.6789404099102505,0.6338008927281304,3.459732066561818,1.925829196915346,0.013602581904876525,32.46909253799933,18.92328037529336,28.710710594377108,0.0989333894171357,1.0,0.6,0.1457,30.929302438894418,11.458139235814597,Wh,11.458139235814597,Wh
188,0f6d34df45df6e38ffa270558bee874a,ARIMA,"{""p"": 1, ""d"": 1, ""q"": 3, ""regression_type"": null}","{""fillna"": ""ffill"", ""transformations"": {""0"": ""Scaler"", ""1"": ""Scaler"", ""2"": ""Scaler"", ""3"": ""Scaler""}, ""transformation_params"": {""0"": {}, ""1"": {}, ""2"": {}, ""3"": {}}}",0,1,13.857947173815543,0.7656179845343752,0.9051590466358517,1.0060605216007306,0.7656179845343752,0.0,-6.733993267031591,0.5509058287189482,39.20308580503092,0.7456200907130246,0.7475628765328391,1.0,0.6,1.6975022489550744,0.8,1.6789404099102505,0.6338008927281304,3.459732066561818,1.925829196915346,0.013602581904876525,32.46909253799933,18.92328037529336,28.710710594377108,0.0989333894171357,13.857947173815543,0.7656179845343752,0.9051590466358517,1.0060605216007306,0.7656179845343752,0.0,0.5509058287189482,0.7456200907130246,0.7475628765328391,1.6975022489550744,0.8,1.6789404099102505,0.6338008927281304,3.459732066561818,1.925829196915346,0.013602581904876525,32.46909253799933,18.92328037529336,28.710710594377108,0.0989333894171357,1.0,0.6,0.1439,30.929302039173148,11.458139235814597,Wh,11.458139235814597,Wh
189,2ccd43bac939aaa3d472d00e6701f0ae,ARIMA,"{""p"": 1, ""d"": 1, ""q"": 3, ""regression_type"": null}","{""fillna"": ""time"", ""transformations"": {""0"": ""Scaler"", ""1"": ""Scaler"", ""2"": ""Scaler""}, ""transformation_params"": {""0"": {}, ""1"": {}, ""2"": {}}}",0,1,13.857947173815543,0.7656179845343752,0.9051590466358517,1.0060605216007306,0.7656179845343752,0.0,-6.733993267031591,0.5509058287189482,39.20308580503092,0.7456200907130246,0.7475628765328391,1.0,0.6,1.6975022489550744,0.8,1.6789404099102505,0.6338008927281304,3.459732066561818,1.925829196915346,0.013602581904876525,32.46909253799933,18.92328037529336,28.710710594377108,0.0989333894171357,13.857947173815543,0.7656179845343752,0.9051590466358517,1.0060605216007306,0.7656179845343752,0.0,0.5509058287189482,0.7456200907130246,0.7475628765328391,1.6975022489550744,0.8,1.6789404099102505,0.6338008927281304,3.459732066561818,1.925829196915346,0.013602581904876525,32.46909253799933,18.92328037529336,28.710710594377108,0.0989333894171357,1.0,0.6,0.139,30.929300951043018,11.458139235814597,Wh,11.458139235814597,Wh
190,6c06f935318a1a3e029163a4d644bc9a,ARIMA,"{""p"": 1, ""d"": 1, ""q"": 4, ""regression_type"": ""Holiday""}","{""fillna"": ""time"", ""transformations"": {""0"": ""Scaler"", ""1"": ""Scaler"", ""2"": ""Scaler"", ""3"": ""Scaler""}, ""transformation_params"": {""0"": {}, ""1"": {}, ""2"": {}, ""3"": {}}}",0,1,13.83390872405913,0.7640400492509873,0.895831491409717,1.0621849681990787,0.7640400492509873,0.0,-7.960689473816556,0.5604189245162071,37.881713481242684,0.7356325024530587,0.7495791581222995,1.0,0.6,1.6907955147430727,0.8,1.6836379110434714,0.6330920452262505,3.3535407379070383,2.804673468517643,0.13249411970542646,29.92102400742613,17.26236565451716,24.800102772091737,0.09116941954635101,13.83390872405913,0.7640400492509873,0.895831491409717,1.0621849681990787,0.7640400492509873,0.0,0.5604189245162071,0.7356325024530587,0.7495791581222995,1.6907955147430727,0.8,1.6836379110434714,0.6330920452262505,3.3535407379070383,2.804673468517643,0.13249411970542646,29.92102400742613,17.26236565451716,24.800102772091737,0.09116941954635101,1.0,0.6,0.4135,30.896019074538522,11.43452406147519,Wh,11.43452406147519,Wh
191,834b03046a98cc30b282a60a8345aca5,ARIMA,"{""p"": 2, ""d"": 1, ""q"": 3, ""regression_type"": ""Holiday""}","{""fillna"": ""time"", ""transformations"": {""0"": ""Scaler"", ""1"": ""Scaler"", ""2"": ""Scaler""}, ""transformation_params"": {""0"": {}, ""1"": {}, ""2"": {}}}",0,1,13.763302017528781,0.7595883261570219,0.8898150545634465,1.0705205346847044,0.7595883261570219,0.0,-8.106630048872372,0.5588647357703469,37.46866952054895,0.7304838557838699,0.7532355133584901,1.0,0.45,1.6762008300626263,0.8,1.6805826933052914,0.6302413088165898,3.3284636913855,2.8390793402135692,0.1402130265613879,29.36203947167657,16.911479953579743,23.879472580257467,0.08946619255629126,13.763302017528781,0.7595883261570219,0.8898150545634465,1.0705205346847044,0.7595883261570219,0.0,0.5588647357703469,0.7304838557838699,0.7532355133584901,1.6762008300626263,0.8,1.6805826933052914,0.6302413088165898,3.3284636913855,2.8390793402135692,0.1402130265613879,29.36203947167657,16.911479953579743,23.879472580257467,0.08946619255629126,1.0,0.45,0.4743,30.855980245761433,11.367900152319024,Wh,11.367900152319024,Wh
192,cd3e6c49b02411ecf1503c595f70e385,ARIMA,"{""p"": 0, ""d"": 1, ""q"": 3, ""regression_type"": null}","{""fillna"": ""time"", ""transformations"": {""0"": ""Scaler"", ""1"": ""Scaler"", ""2"": ""Scaler"", ""3"": ""Scaler""}, ""transformation_params"": {""0"": {}, ""1"": {}, ""2"": {}, ""3"": {}}}",0,1,13.895346910469717,0.7678904207391154,0.9080724403812508,1.0070120741259723,0.7678904207391154,0.0,-6.62178796498699,0.5515555431450013,39.45163727935993,0.7483838032749088,0.7391713979924958,1.0,0.55,1.7020814421359436,0.8,1.6803590887717348,0.6356274884652917,3.4750500016259647,1.9006562306619648,0.004454548535316197,32.82984931437294,19.246281840799327,29.13441258190858,0.10003261603087833,13.895346910469717,0.7678904207391154,0.9080724403812508,1.0070120741259723,0.7678904207391154,0.0,0.5515555431450013,0.7483838032749088,0.7391713979924958,1.7020814421359436,0.8,1.6803590887717348,0.6356274884652917,3.4750500016259647,1.9006562306619648,0.004454548535316197,32.82984931437294,19.246281840799327,29.13441258190858,0.10003261603087833,1.0,0.55,0.0708,30.84770373971475,11.492148220666559,Wh,11.492148220666559,Wh
193,790d64cba49106a241c6c1ae451e2220,ARIMA,"{""p"": 3, ""d"": 1, ""q"": 3, ""regression_type"": null}","{""fillna"": ""rolling_mean_24"", ""transformations"": {""0"": ""Scaler"", ""1"": ""Scaler"", ""2"": ""Scaler""}, ""transformation_params"": {""0"": {}, ""1"": {}, ""2"": {}}}",0,1,13.893505800155635,0.7677378403107512,0.90517225611647,1.0301031151481126,0.7677378403107512,0.0,-6.906563299058047,0.5537367187725875,39.15770711958702,0.7467649436174854,0.7392318797816416,1.0,0.4166666666666667,1.6800959130226971,0.8,1.6801513670998134,0.6363806914043432,3.4559550591812327,1.979181374250383,0.06448339652261251,32.25114382052898,18.73279780976267,26.59227450150674,0.0982692992423572,13.893505800155635,0.7677378403107512,0.90517225611647,1.0301031151481126,0.7677378403107512,0.0,0.5537367187725875,0.7467649436174854,0.7392318797816416,1.6800959130226971,0.8,1.6801513670998134,0.6363806914043432,3.4559550591812327,1.979181374250383,0.06448339652261251,32.25114382052898,18.73279780976267,26.59227450150674,0.0982692992423572,1.0,0.4166666666666667,0.2377,30.837964757704597,11.489864721809202,Wh,11.489864721809202,Wh
194,ea11d22ee86e11987802e37a5ab5fee6,ARIMA,"{""p"": 1, ""d"": 1, ""q"": 4, ""regression_type"": null}","{""fillna"": ""ffill_mean_biased"", ""transformations"": {""0"": ""Scaler"", ""1"": ""Scaler"", ""2"": ""Scaler"", ""3"": ""Scaler""}, ""transformation_params"": {""0"": {}, ""1"": {}, ""2"": {}, ""3"": {}}}",0,1,13.793341310593634,0.7616680284051178,0.8986283172812817,1.0117564780032553,0.7616680284051178,0.0,-7.005180255387371,0.5506679315942345,38.694901448919694,0.7403623375177036,0.747943703810531,1.0,0.5833333333333334,1.685060550771448,0.8,1.6765579446259886,0.6313139287364737,3.4257112853845277,1.9523463523061169,0.0077812920765478,31.689721193532314,18.26103997847513,28.985068207959575,0.0965586433834277,13.793341310593634,0.7616680284051178,0.8986283172812817,1.0117564780032553,0.7616680284051178,0.0,0.5506679315942345,0.7403623375177036,0.747943703810531,1.685060550771448,0.8,1.6765579446259886,0.6313139287364737,3.4257112853845277,1.9523463523061169,0.0077812920765478,31.689721193532314,18.26103997847513,28.985068207959575,0.0965586433834277,1.0,0.5833333333333334,0.1383,30.835954227968106,11.399024705828841,Wh,11.399024705828841,Wh
195,cd1cfa75c6d9e78c07c3f439a1709cc5,ARIMA,"{""p"": 1, ""d"": 1, ""q"": 4, ""regression_type"": null}","{""fillna"": ""ffill"", ""transformations"": {""0"": ""Scaler"", ""1"": ""Scaler"", ""2"": ""Scaler""}, ""transformation_params"": {""0"": {}, ""1"": {}, ""2"": {}}}",0,1,13.793341310593634,0.7616680284051178,0.8986283172812817,1.0117564780032553,0.7616680284051178,0.0,-7.005180255387371,0.5506679315942345,38.694901448919694,0.7403623375177036,0.747943703810531,1.0,0.5833333333333334,1.685060550771448,0.8,1.6765579446259886,0.6313139287364737,3.4257112853845277,1.9523463523061169,0.0077812920765478,31.689721193532314,18.26103997847513,28.985068207959575,0.0965586433834277,13.793341310593634,0.7616680284051178,0.8986283172812817,1.0117564780032553,0.7616680284051178,0.0,0.5506679315942345,0.7403623375177036,0.747943703810531,1.685060550771448,0.8,1.6765579446259886,0.6313139287364737,3.4257112853845277,1.9523463523061169,0.0077812920765478,31.689721193532314,18.26103997847513,28.985068207959575,0.0965586433834277,1.0,0.5833333333333334,0.1373,30.83595400590073,11.399024705828841,Wh,11.399024705828841,Wh
196,94067cb42b0d66a431d5955049a377ff,ARIMA,"{""p"": 1, ""d"": 1, ""q"": 4, ""regression_type"": null}","{""fillna"": ""ffill"", ""transformations"": {""0"": ""Scaler"", ""1"": ""Scaler""}, ""transformation_params"": {""0"": {}, ""1"": {}}}",0,1,13.793341310593634,0.7616680284051178,0.8986283172812817,1.0117564780032553,0.7616680284051178,0.0,-7.005180255387371,0.5506679315942345,38.694901448919694,0.7403623375177036,0.747943703810531,1.0,0.5833333333333334,1.685060550771448,0.8,1.6765579446259886,0.6313139287364737,3.4257112853845277,1.9523463523061169,0.0077812920765478,31.689721193532314,18.26103997847513,28.985068207959575,0.0965586433834277,13.793341310593634,0.7616680284051178,0.8986283172812817,1.0117564780032553,0.7616680284051178,0.0,0.5506679315942345,0.7403623375177036,0.747943703810531,1.685060550771448,0.8,1.6765579446259886,0.6313139287364737,3.4257112853845277,1.9523463523061169,0.0077812920765478,31.689721193532314,18.26103997847513,28.985068207959575,0.0965586433834277,1.0,0.5833333333333334,0.1368,30.835953894867046,11.399024705828841,Wh,11.399024705828841,Wh
197,e05fb0f20755da53f5e1fc132d78d1bb,ARIMA,"{""p"": 0, ""d"": 1, ""q"": 4, ""regression_type"": null}","{""fillna"": ""ffill"", ""transformations"": {""0"": ""Scaler"", ""1"": ""Scaler"", ""2"": ""Scaler""}, ""transformation_params"": {""0"": {}, ""1"": {}, ""2"": {}}}",0,1,13.81542928246299,0.7630223220276823,0.9015269199773214,1.006742954283967,0.7630223220276823,0.0,-6.844347400175189,0.5502250082648534,38.936991921485756,0.7425031738290317,0.7388933611188208,1.0,0.5666666666666667,1.6908171483558627,0.8,1.6774411140554664,0.6318881300600907,3.441753931202176,1.8919342384995905,0.005443109368023964,32.09264452131057,18.599732768945223,29.041593185048114,0.09778635156300439,13.81542928246299,0.7630223220276823,0.9015269199773214,1.006742954283967,0.7630223220276823,0.0,0.5502250082648534,0.7425031738290317,0.7388933611188208,1.6908171483558627,0.8,1.6774411140554664,0.6318881300600907,3.441753931202176,1.8919342384995905,0.005443109368023964,32.09264452131057,18.599732768945223,29.041593185048114,0.09778635156300439,1.0,0.5666666666666667,0.0874,30.725189046127568,11.419292888142971,Wh,11.419292888142971,Wh
198,415610d5f22f5efd272326787618ede7,ARIMA,"{""p"": 1, ""d"": 0, ""q"": 3, ""regression_type"": ""Holiday""}","{""fillna"": ""ffill"", ""transformations"": {""0"": null}, ""transformation_params"": {""0"": {}}}",0,1,13.658194917061873,0.7536637376341616,0.8869687184516359,1.0742776512255472,0.7536637376341616,0.0,-8.070957349388475,0.5555395948783525,37.14886690866122,0.7240060014606527,0.7436075450435241,1.0,0.55,1.679929007626435,0.8,1.6795708291006821,0.6230679980353332,3.2754493060475673,2.8658898108924595,0.15770725364338142,29.07790955927273,16.860594937458288,24.00077973741147,0.08860044814917523,13.658194917061873,0.7536637376341616,0.8869687184516359,1.0742776512255472,0.7536637376341616,0.0,0.5555395948783525,0.7240060014606527,0.7436075450435241,1.679929007626435,0.8,1.6795708291006821,0.6230679980353332,3.2754493060475673,2.8658898108924595,0.15770725364338142,29.07790955927273,16.860594937458288,24.00077973741147,0.08860044814917523,1.0,0.55,0.7052,30.570775874022434,11.27923353060803,Wh,11.27923353060803,Wh
199,4a03f860c9d38183e0615ff0054ad349,ARIMA,"{""p"": 1, ""d"": 0, ""q"": 3, ""regression_type"": ""Holiday""}","{""fillna"": ""rolling_mean_24"", ""transformations"": {""0"": ""Scaler"", ""1"": ""Scaler""}, ""transformation_params"": {""0"": {}, ""1"": {}}}",0,1,13.658194917061873,0.7536637376341616,0.8869687184516359,1.0742776512255472,0.7536637376341616,0.0,-8.070957349388475,0.5555395948783525,37.14886690866122,0.7240060014606527,0.7436075450435241,1.0,0.55,1.679929007626435,0.8,1.6795708291006821,0.6230679980353332,3.2754493060475673,2.8658898108924595,0.15770725364338142,29.07790955927273,16.860594937458288,24.00077973741147,0.08860044814917523,13.658194917061873,0.7536637376341616,0.8869687184516359,1.0742776512255472,0.7536637376341616,0.0,0.5555395948783525,0.7240060014606527,0.7436075450435241,1.679929007626435,0.8,1.6795708291006821,0.6230679980353332,3.2754493060475673,2.8658898108924595,0.15770725364338142,29.07790955927273,16.860594937458288,24.00077973741147,0.08860044814917523,1.0,0.55,0.678,30.570769833789885,11.27923353060803,Wh,11.27923353060803,Wh
200,318261590628f315df672869a61381b4,ARIMA,"{""p"": 1, ""d"": 0, ""q"": 3, ""regression_type"": ""Holiday""}","{""fillna"": ""ffill_mean_biased"", ""transformations"": {""0"": ""Scaler"", ""1"": ""Scaler""}, ""transformation_params"": {""0"": {}, ""1"": {}}}",0,1,13.658194917061873,0.7536637376341616,0.8869687184516359,1.0742776512255472,0.7536637376341616,0.0,-8.070957349388475,0.5555395948783525,37.14886690866122,0.7240060014606527,0.7436075450435241,1.0,0.55,1.679929007626435,0.8,1.6795708291006821,0.6230679980353332,3.2754493060475673,2.8658898108924595,0.15770725364338142,29.07790955927273,16.860594937458288,24.00077973741147,0.08860044814917523,13.658194917061873,0.7536637376341616,0.8869687184516359,1.0742776512255472,0.7536637376341616,0.0,0.5555395948783525,0.7240060014606527,0.7436075450435241,1.679929007626435,0.8,1.6795708291006821,0.6230679980353332,3.2754493060475673,2.8658898108924595,0.15770725364338142,29.07790955927273,16.860594937458288,24.00077973741147,0.08860044814917523,1.0,0.55,0.6763,30.57076945627535,11.27923353060803,Wh,11.27923353060803,Wh
201,036c69dcdfd1834c8330f727487fc358,ARIMA,"{""p"": 1, ""d"": 0, ""q"": 3, ""regression_type"": ""Holiday""}","{""fillna"": ""ffill"", ""transformations"": {""0"": ""Scaler"", ""1"": ""Scaler"", ""2"": ""Scaler"", ""3"": ""Scaler""}, ""transformation_params"": {""0"": {}, ""1"": {}, ""2"": {}, ""3"": {}}}",0,1,13.658194917061873,0.7536637376341616,0.8869687184516359,1.0742776512255472,0.7536637376341616,0.0,-8.070957349388475,0.5555395948783525,37.14886690866122,0.7240060014606527,0.7436075450435241,1.0,0.55,1.679929007626435,0.8,1.6795708291006821,0.6230679980353332,3.2754493060475673,2.8658898108924595,0.15770725364338142,29.07790955927273,16.860594937458288,24.00077973741147,0.08860044814917523,13.658194917061873,0.7536637376341616,0.8869687184516359,1.0742776512255472,0.7536637376341616,0.0,0.5555395948783525,0.7240060014606527,0.7436075450435241,1.679929007626435,0.8,1.6795708291006821,0.6230679980353332,3.2754493060475673,2.8658898108924595,0.15770725364338142,29.07790955927273,16.860594937458288,24.00077973741147,0.08860044814917523,1.0,0.55,0.6717,30.570768434765434,11.27923353060803,Wh,11.27923353060803,Wh
202,b54464e8f3b3fddb0f5d7294301ecaee,ARIMA,"{""p"": 1, ""d"": 0, ""q"": 3, ""regression_type"": null}","{""fillna"": ""ffill_mean_biased"", ""transformations"": {""0"": ""Scaler""}, ""transformation_params"": {""0"": {}}}",0,1,13.624754874963264,0.7514739413365606,0.8889135684192574,1.0070637334757853,0.7514739413365606,0.0,-6.8661917825599295,0.5441943939405033,38.2222446976337,0.7308039563653268,0.740016277091029,1.0,0.55,1.6743536290230931,0.8,1.6706552582866252,0.621463365872425,3.370154890322634,1.8251767842253386,0.0045575287693084806,31.356052915073775,18.212785100134838,29.086092206493163,0.09554195547660523,13.624754874963264,0.7514739413365606,0.8889135684192574,1.0070637334757853,0.7514739413365606,0.0,0.5441943939405033,0.7308039563653268,0.740016277091029,1.6743536290230931,0.8,1.6706552582866252,0.621463365872425,3.370154890322634,1.8251767842253386,0.0045575287693084806,31.356052915073775,18.212785100134838,29.086092206493163,0.09554195547660523,1.0,0.55,0.1541,30.482226235835927,11.246461323864164,Wh,11.246461323864164,Wh
203,94d76402d1738210bcbc2796db0117cf,ARIMA,"{""p"": 1, ""d"": 0, ""q"": 3, ""regression_type"": null}","{""fillna"": ""ffill"", ""transformations"": {""0"": null}, ""transformation_params"": {""0"": {}}}",0,1,13.624754874963264,0.7514739413365606,0.8889135684192574,1.0070637334757853,0.7514739413365606,0.0,-6.8661917825599295,0.5441943939405033,38.2222446976337,0.7308039563653268,0.740016277091029,1.0,0.55,1.6743536290230931,0.8,1.6706552582866252,0.621463365872425,3.370154890322634,1.8251767842253386,0.0045575287693084806,31.356052915073775,18.212785100134838,29.086092206493163,0.09554195547660523,13.624754874963264,0.7514739413365606,0.8889135684192574,1.0070637334757853,0.7514739413365606,0.0,0.5441943939405033,0.7308039563653268,0.740016277091029,1.6743536290230931,0.8,1.6706552582866252,0.621463365872425,3.370154890322634,1.8251767842253386,0.0045575287693084806,31.356052915073775,18.212785100134838,29.086092206493163,0.09554195547660523,1.0,0.55,0.1496,30.48222523653275,11.246461323864164,Wh,11.246461323864164,Wh
204,a321ee98f24a1f79f15073f1ffb9c9c4,ARIMA,"{""p"": 1, ""d"": 0, ""q"": 3, ""regression_type"": null}","{""fillna"": ""time"", ""transformations"": {""0"": ""Scaler"", ""1"": ""Scaler"", ""2"": ""Scaler"", ""3"": ""Scaler""}, ""transformation_params"": {""0"": {}, ""1"": {}, ""2"": {}, ""3"": {}}}",0,1,13.624754874963264,0.7514739413365606,0.8889135684192574,1.0070637334757853,0.7514739413365606,0.0,-6.8661917825599295,0.5441943939405033,38.2222446976337,0.7308039563653268,0.740016277091029,1.0,0.55,1.6743536290230931,0.8,1.6706552582866252,0.621463365872425,3.370154890322634,1.8251767842253386,0.0045575287693084806,31.356052915073775,18.212785100134838,29.086092206493163,0.09554195547660523,13.624754874963264,0.7514739413365606,0.8889135684192574,1.0070637334757853,0.7514739413365606,0.0,0.5441943939405033,0.7308039563653268,0.740016277091029,1.6743536290230931,0.8,1.6706552582866252,0.621463365872425,3.370154890322634,1.8251767842253386,0.0045575287693084806,31.356052915073775,18.212785100134838,29.086092206493163,0.09554195547660523,1.0,0.55,0.1441,30.482224015162195,11.246461323864164,Wh,11.246461323864164,Wh
205,c93332678f6721b9832005b17e666cb8,ARIMA,"{""p"": 4, ""d"": 0, ""q"": 3, ""regression_type"": null}","{""fillna"": ""rolling_mean_24"", ""transformations"": {""0"": ""Scaler"", ""1"": ""Scaler""}, ""transformation_params"": {""0"": {}, ""1"": {}}}",0,1,13.622689671398387,0.7513250916750699,0.8862182541133738,1.030063706718876,0.7513250916750699,0.0,-7.1480581064984055,0.5463117627191767,37.93144739400579,0.7291715393055014,0.7400564725225509,1.0,0.4166666666666667,1.652508884293617,0.8,1.6705177503893578,0.6222088802862045,3.3511704715783535,1.906104709137159,0.06432956512934751,30.783389287507383,17.74112432072318,26.592918580090096,0.09379704826662545,13.622689671398387,0.7513250916750699,0.8862182541133738,1.030063706718876,0.7513250916750699,0.0,0.5463117627191767,0.7291715393055014,0.7400564725225509,1.652508884293617,0.8,1.6705177503893578,0.6222088802862045,3.3511704715783535,1.906104709137159,0.06432956512934751,30.783389287507383,17.74112432072318,26.592918580090096,0.09379704826662545,1.0,0.4166666666666667,0.4137,30.473026696710622,11.24423365917888,Wh,11.24423365917888,Wh
206,5c71ff3460d255ec7ec4187e5a485c19,ARIMA,"{""p"": 3, ""d"": 0, ""q"": 3, ""regression_type"": ""Holiday""}","{""fillna"": ""time"", ""transformations"": {""0"": ""Scaler"", ""1"": ""Scaler""}, ""transformation_params"": {""0"": {}, ""1"": {}}}",0,1,13.422643855891623,0.739125624724832,0.867489544297087,1.0706573173928273,0.739125624724832,0.0,-8.391380814447988,0.5491819236100636,35.95615666904194,0.708523412321664,0.7549162256705737,1.0,0.5166666666666667,1.6421636438641087,0.8,1.6688948805708625,0.6125126292666682,3.1974682038474076,2.7650405934079467,0.14039515685254914,27.564775854593954,15.987406425345137,23.863557504832023,0.08398992674732261,13.422643855891623,0.739125624724832,0.867489544297087,1.0706573173928273,0.739125624724832,0.0,0.5491819236100636,0.708523412321664,0.7549162256705737,1.6421636438641087,0.8,1.6688948805708625,0.6125126292666682,3.1974682038474076,2.7650405934079467,0.14039515685254914,27.564775854593954,15.987406425345137,23.863557504832023,0.08398992674732261,1.0,0.5166666666666667,0.5728,30.41457280681044,11.061658022579177,Wh,11.061658022579177,Wh
207,78a50fcdb2f0da522b6ed33d28f8892d,RollingRegression,"{""regression_model"": {""model"": ""BayesianRidge"", ""model_params"": {}}, ""holiday"": true, ""mean_rolling_periods"": 12, ""macd_periods"": 7, ""std_rolling_periods"": null, ""max_rolling_periods"": 12, ""min_rolling_periods"": null, ""ewm_var_alpha"": null, ""quantile90_rolling_periods"": null, ""quantile10_rolling_periods"": null, ""ewm_alpha"": null, ""additional_lag_periods"": 45, ""abs_energy"": false, ""rolling_autocorr_periods"": null, ""nonzero_last_n"": null, ""add_date_part"": null, ""polynomial_degree"": null, ""x_transform"": null, ""regression_type"": null}","{""fillna"": ""cubic"", ""transformations"": {""0"": ""Scaler"", ""1"": ""Scaler"", ""2"": ""Scaler"", ""3"": ""Scaler""}, ""transformation_params"": {""0"": {}, ""1"": {}, ""2"": {}, ""3"": {}}}",0,3,13.26996851492725,0.8373010094557641,0.9984003593650952,0.7309845335698838,0.8373010094557641,0.0,-7.330847914549317,0.5715201258117537,143.3833337874882,0.8310180832113652,0.5708432339293324,0.9555555555555556,0.4611111111111111,2.7016062072456,0.6722222222222222,1.6215129520352385,0.6724605640438078,3.575101650328621,1.5541627184647373,0.05243173990457,45.35082862431296,25.344627227362093,19.844665241014106,0.122118738745015,13.26996851492725,0.8373010094557641,0.9984003593650952,0.7309845335698838,0.8373010094557641,0.0,0.5715201258117537,0.8310180832113652,0.5708432339293324,2.7016062072456,0.6722222222222222,1.6215129520352385,0.6724605640438078,3.575101650328621,1.5541627184647373,0.05243173990457,45.35082862431296,25.344627227362093,19.844665241014106,0.122118738745015,0.9555555555555556,0.4611111111111111,6.951133333333334,28.31312898580669,13.90762422377171,Wh,13.90762422377171,Wh
208,4e2bfe51efe748c96c7a23cde2c3d616,ARIMA,"{""p"": 1, ""d"": 2, ""q"": 3, ""regression_type"": ""Holiday""}","{""fillna"": ""ffill"", ""transformations"": {""0"": ""Scaler"", ""1"": ""Scaler"", ""2"": ""Scaler""}, ""transformation_params"": {""0"": {}, ""1"": {}, ""2"": {}}}",0,1,10.916782134444027,0.5944099000362467,0.7029591408729516,1.068137118561278,0.5944099000362467,0.0,-11.8949691916233,0.4841081577525668,23.769624810551505,0.5484065212545074,0.7765056277318686,1.0,0.38333333333333336,1.319677060123806,0.8,1.5865464316619888,0.4894305646181009,2.2087325766162493,2.0951044378297183,0.17898841131789547,11.874655618928205,9.050362363436681,22.924371181245995,0.03618209924305421,10.916782134444027,0.5944099000362467,0.7029591408729516,1.068137118561278,0.5944099000362467,0.0,0.4841081577525668,0.5484065212545074,0.7765056277318686,1.319677060123806,0.8,1.5865464316619888,0.4894305646181009,2.2087325766162493,2.0951044378297183,0.17898841131789547,11.874655618928205,9.050362363436681,22.924371181245995,0.03618209924305421,1.0,0.38333333333333336,0.4683,27.361057041095066,8.895861298117342,Wh,8.895861298117342,Wh
209,40affd1aa12b47e58487a9da6ca8f175,ARIMA,"{""p"": 1, ""d"": 2, ""q"": 3, ""regression_type"": ""Holiday""}","{""fillna"": ""fake_date"", ""transformations"": {""0"": ""Scaler"", ""1"": ""Scaler"", ""2"": ""Scaler"", ""3"": ""Scaler""}, ""transformation_params"": {""0"": {}, ""1"": {}, ""2"": {}, ""3"": {}}}",0,1,10.916782134444027,0.5944099000362467,0.7029591408729516,1.068137118561278,0.5944099000362467,0.0,-11.8949691916233,0.4841081577525668,23.769624810551505,0.5484065212545074,0.7765056277318686,1.0,0.38333333333333336,1.319677060123806,0.8,1.5865464316619888,0.4894305646181009,2.2087325766162493,2.0951044378297183,0.17898841131789547,11.874655618928205,9.050362363436681,22.924371181245995,0.03618209924305421,10.916782134444027,0.5944099000362467,0.7029591408729516,1.068137118561278,0.5944099000362467,0.0,0.4841081577525668,0.5484065212545074,0.7765056277318686,1.319677060123806,0.8,1.5865464316619888,0.4894305646181009,2.2087325766162493,2.0951044378297183,0.17898841131789547,11.874655618928205,9.050362363436681,22.924371181245995,0.03618209924305421,1.0,0.38333333333333336,0.432,27.361048980049425,8.895861298117342,Wh,8.895861298117342,Wh
210,58d89361375b249da68d42c33c22a5d0,ARIMA,"{""p"": 1, ""d"": 2, ""q"": 3, ""regression_type"": ""Holiday""}","{""fillna"": ""rolling_mean_24"", ""transformations"": {""0"": ""Scaler"", ""1"": ""Scaler"", ""2"": ""Scaler""}, ""transformation_params"": {""0"": {}, ""1"": {}, ""2"": {}}}",0,1,10.916782134444027,0.5944099000362467,0.7029591408729516,1.068137118561278,0.5944099000362467,0.0,-11.8949691916233,0.4841081577525668,23.769624810551505,0.5484065212545074,0.7765056277318686,1.0,0.38333333333333336,1.319677060123806,0.8,1.5865464316619888,0.4894305646181009,2.2087325766162493,2.0951044378297183,0.17898841131789547,11.874655618928205,9.050362363436681,22.924371181245995,0.03618209924305421,10.916782134444027,0.5944099000362467,0.7029591408729516,1.068137118561278,0.5944099000362467,0.0,0.4841081577525668,0.5484065212545074,0.7765056277318686,1.319677060123806,0.8,1.5865464316619888,0.4894305646181009,2.2087325766162493,2.0951044378297183,0.17898841131789547,11.874655618928205,9.050362363436681,22.924371181245995,0.03618209924305421,1.0,0.38333333333333336,0.4127,27.361044694149122,8.895861298117342,Wh,8.895861298117342,Wh
211,790904f9fb0e03323b642e04c31a5175,ARIMA,"{""p"": 1, ""d"": 2, ""q"": 3, ""regression_type"": ""Holiday""}","{""fillna"": ""time"", ""transformations"": {""0"": ""Scaler"", ""1"": ""Scaler"", ""2"": ""Scaler"", ""3"": ""Scaler""}, ""transformation_params"": {""0"": {}, ""1"": {}, ""2"": {}, ""3"": {}}}",0,1,10.916782134444027,0.5944099000362467,0.7029591408729516,1.068137118561278,0.5944099000362467,0.0,-11.8949691916233,0.4841081577525668,23.769624810551505,0.5484065212545074,0.7765056277318686,1.0,0.38333333333333336,1.319677060123806,0.8,1.5865464316619888,0.4894305646181009,2.2087325766162493,2.0951044378297183,0.17898841131789547,11.874655618928205,9.050362363436681,22.924371181245995,0.03618209924305421,10.916782134444027,0.5944099000362467,0.7029591408729516,1.068137118561278,0.5944099000362467,0.0,0.4841081577525668,0.5484065212545074,0.7765056277318686,1.319677060123806,0.8,1.5865464316619888,0.4894305646181009,2.2087325766162493,2.0951044378297183,0.17898841131789547,11.874655618928205,9.050362363436681,22.924371181245995,0.03618209924305421,1.0,0.38333333333333336,0.4113,27.3610443832548,8.895861298117342,Wh,8.895861298117342,Wh
212,2c93bd8a52fcf734ed52fcce0a1f119e,ARIMA,"{""p"": 1, ""d"": 2, ""q"": 3, ""regression_type"": ""Holiday""}","{""fillna"": ""ffill"", ""transformations"": {""0"": null}, ""transformation_params"": {""0"": {}}}",0,1,10.916782134444027,0.5944099000362467,0.7029591408729516,1.068137118561278,0.5944099000362467,0.0,-11.8949691916233,0.4841081577525668,23.769624810551505,0.5484065212545074,0.7765056277318686,1.0,0.38333333333333336,1.319677060123806,0.8,1.5865464316619888,0.4894305646181009,2.2087325766162493,2.0951044378297183,0.17898841131789547,11.874655618928205,9.050362363436681,22.924371181245995,0.03618209924305421,10.916782134444027,0.5944099000362467,0.7029591408729516,1.068137118561278,0.5944099000362467,0.0,0.4841081577525668,0.5484065212545074,0.7765056277318686,1.319677060123806,0.8,1.5865464316619888,0.4894305646181009,2.2087325766162493,2.0951044378297183,0.17898841131789547,11.874655618928205,9.050362363436681,22.924371181245995,0.03618209924305421,1.0,0.38333333333333336,0.4088,27.36104382808637,8.895861298117342,Wh,8.895861298117342,Wh
213,44ae13d246bed027a57c8e680c1d9c0f,ARIMA,"{""p"": 1, ""d"": 2, ""q"": 3, ""regression_type"": ""Holiday""}","{""fillna"": ""ffill"", ""transformations"": {""0"": ""Scaler""}, ""transformation_params"": {""0"": {}}}",0,1,10.916782134444027,0.5944099000362467,0.7029591408729516,1.068137118561278,0.5944099000362467,0.0,-11.8949691916233,0.4841081577525668,23.769624810551505,0.5484065212545074,0.7765056277318686,1.0,0.38333333333333336,1.319677060123806,0.8,1.5865464316619888,0.4894305646181009,2.2087325766162493,2.0951044378297183,0.17898841131789547,11.874655618928205,9.050362363436681,22.924371181245995,0.03618209924305421,10.916782134444027,0.5944099000362467,0.7029591408729516,1.068137118561278,0.5944099000362467,0.0,0.4841081577525668,0.5484065212545074,0.7765056277318686,1.319677060123806,0.8,1.5865464316619888,0.4894305646181009,2.2087325766162493,2.0951044378297183,0.17898841131789547,11.874655618928205,9.050362363436681,22.924371181245995,0.03618209924305421,1.0,0.38333333333333336,0.4039,27.36104273995624,8.895861298117342,Wh,8.895861298117342,Wh
214,5f6585719c6bcd63cbed9e97e55fb208,RollingRegression,"{""regression_model"": {""model"": ""PoissonRegresssion"", ""model_params"": {}}, ""holiday"": true, ""mean_rolling_periods"": 7, ""macd_periods"": null, ""std_rolling_periods"": 30, ""max_rolling_periods"": 28, ""min_rolling_periods"": 57, ""ewm_var_alpha"": null, ""quantile90_rolling_periods"": null, ""quantile10_rolling_periods"": null, ""ewm_alpha"": null, ""additional_lag_periods"": 27, ""abs_energy"": false, ""rolling_autocorr_periods"": null, ""nonzero_last_n"": null, ""add_date_part"": null, ""polynomial_degree"": null, ""x_transform"": null, ""regression_type"": null}","{""fillna"": ""cubic"", ""transformations"": {""0"": ""Scaler"", ""1"": ""Scaler""}, ""transformation_params"": {""0"": {}, ""1"": {}}}",0,3,11.83099970804608,0.7386304107703197,0.9095206618320623,0.7287443961381949,0.7386304107703197,0.0,-7.0043210579252735,0.5140455622067799,125.94915288073227,0.7330754733660129,0.5656577284291745,0.9722222222222222,0.49444444444444446,2.7022677907573396,0.6722222222222222,1.5616674179726955,0.5761983681186688,3.027296102460642,1.2548480126469856,0.038769192738940104,39.64827727426899,23.123656010190658,20.488008833352254,0.10657951321696606,11.83099970804608,0.7386304107703197,0.9095206618320623,0.7287443961381949,0.7386304107703197,0.0,0.5140455622067799,0.7330754733660129,0.5656577284291745,2.7022677907573396,0.6722222222222222,1.5616674179726955,0.5761983681186688,3.027296102460642,1.2548480126469856,0.038769192738940104,39.64827727426899,23.123656010190658,20.488008833352254,0.10657951321696606,0.9722222222222222,0.49444444444444446,6.637133333333334,26.217643405593293,12.35101749441229,Wh,12.35101749441229,Wh
215,1f76b8913dbb9623f4f7c70f480e7714,DatepartRegression,"{""regression_model"": {""model"": ""DecisionTree"", ""model_params"": {""max_depth"": null, ""min_samples_split"": 0.05}}, ""datepart_method"": ""simple_2"", ""polynomial_degree"": null, ""holiday_countries_used"": false, ""lags"": null, ""forward_lags"": null, ""regression_type"": null}","{""fillna"": ""time"", ""transformations"": {""0"": ""Scaler"", ""1"": ""Scaler"", ""2"": ""Scaler"", ""3"": ""Scaler""}, ""transformation_params"": {""0"": {}, ""1"": {}, ""2"": {}, ""3"": {}}}",0,4,11.780788595120647,0.7769730831517114,0.9593909680840218,0.7948382095171869,0.7769730831517114,0.0,-86.70922261873883,0.6329446395493129,99.7643173376719,0.6603576440119909,0.5057483151623059,0.9874999999999999,0.5083333333333333,3.794250249862671,0.675,1.4719839594341524,0.6076035981474359,3.079970397666002,1.6914876565206396,0.35417652417865275,19.68151342868804,9.424480884420367,13.541823843786888,0.04920841507014257,11.780788595120647,0.7769730831517114,0.9593909680840218,0.7948382095171869,0.7769730831517114,0.0,0.6329446395493129,0.6603576440119909,0.5057483151623059,3.794250249862671,0.675,1.4719839594341524,0.6076035981474359,3.079970397666002,1.6914876565206396,0.35417652417865275,19.68151342868804,9.424480884420367,13.541823843786888,0.04920841507014257,0.9874999999999999,0.5083333333333333,0.090125,25.5036332464577,16.098267102779555,Wh,16.098267102779555,Wh
216,851f59f905b7f89055494f05a660a702,DatepartRegression,"{""regression_model"": {""model"": ""DecisionTree"", ""model_params"": {""max_depth"": null, ""min_samples_split"": 0.05}}, ""datepart_method"": ""simple_2"", ""polynomial_degree"": null, ""holiday_countries_used"": false, ""lags"": null, ""forward_lags"": null, ""regression_type"": null}","{""fillna"": ""ffill"", ""transformations"": {""0"": ""Scaler"", ""1"": ""Scaler"", ""2"": ""Scaler""}, ""transformation_params"": {""0"": {}, ""1"": {}, ""2"": {}}}",0,4,11.780788595120647,0.7769730831517114,0.9593909680840218,0.7948382095171869,0.7769730831517114,0.0,-86.70922261873883,0.6329446395493129,99.7643173376719,0.6603576440119909,0.5057483151623059,0.9874999999999999,0.5083333333333333,3.794250249862671,0.675,1.4719839594341524,0.6076035981474359,3.079970397666002,1.6914876565206396,0.35417652417865275,19.68151342868804,9.424480884420367,13.541823843786888,0.04920841507014257,11.780788595120647,0.7769730831517114,0.9593909680840218,0.7948382095171869,0.7769730831517114,0.0,0.6329446395493129,0.6603576440119909,0.5057483151623059,3.794250249862671,0.675,1.4719839594341524,0.6076035981474359,3.079970397666002,1.6914876565206396,0.35417652417865275,19.68151342868804,9.424480884420367,13.541823843786888,0.04920841507014257,0.9874999999999999,0.5083333333333333,0.0901,25.503633240906012,16.098267102779555,Wh,16.098267102779555,Wh
217,cb7a6e8d4a10d1a040749ce4d1edc0b9,DatepartRegression,"{""regression_model"": {""model"": ""DecisionTree"", ""model_params"": {""max_depth"": null, ""min_samples_split"": 0.05}}, ""datepart_method"": ""simple_2"", ""polynomial_degree"": null, ""holiday_countries_used"": false, ""lags"": null, ""forward_lags"": null, ""regression_type"": null}","{""fillna"": ""rolling_mean_24"", ""transformations"": {""0"": ""Scaler"", ""1"": ""Scaler"", ""2"": ""Scaler""}, ""transformation_params"": {""0"": {}, ""1"": {}, ""2"": {}}}",0,4,11.780788595120647,0.7769730831517114,0.9593909680840218,0.7948382095171869,0.7769730831517114,0.0,-86.70922261873883,0.6329446395493129,99.7643173376719,0.6603576440119909,0.5057483151623059,0.9874999999999999,0.5083333333333333,3.794250249862671,0.675,1.4719839594341524,0.6076035981474359,3.079970397666002,1.6914876565206396,0.35417652417865275,19.68151342868804,9.424480884420367,13.541823843786888,0.04920841507014257,11.780788595120647,0.7769730831517114,0.9593909680840218,0.7948382095171869,0.7769730831517114,0.0,0.6329446395493129,0.6603576440119909,0.5057483151623059,3.794250249862671,0.675,1.4719839594341524,0.6076035981474359,3.079970397666002,1.6914876565206396,0.35417652417865275,19.68151342868804,9.424480884420367,13.541823843786888,0.04920841507014257,0.9874999999999999,0.5083333333333333,0.08702499999999999,25.503632558048842,16.098267102779555,Wh,16.098267102779555,Wh
218,445adfe6860b3b14649b97c06cf9fbb1,RollingRegression,"{""regression_model"": {""model"": ""BayesianRidge"", ""model_params"": {}}, ""holiday"": true, ""mean_rolling_periods"": 12, ""macd_periods"": 7, ""std_rolling_periods"": null, ""max_rolling_periods"": 12, ""min_rolling_periods"": null, ""ewm_var_alpha"": null, ""quantile90_rolling_periods"": null, ""quantile10_rolling_periods"": null, ""ewm_alpha"": 0.5, ""additional_lag_periods"": 2, ""abs_energy"": false, ""rolling_autocorr_periods"": null, ""nonzero_last_n"": null, ""add_date_part"": null, ""polynomial_degree"": null, ""x_transform"": null, ""regression_type"": null}","{""fillna"": ""cubic"", ""transformations"": {""0"": ""Scaler"", ""1"": ""Scaler"", ""2"": ""Scaler"", ""3"": ""Scaler""}, ""transformation_params"": {""0"": {}, ""1"": {}, ""2"": {}, ""3"": {}}}",0,4,11.456368085693102,0.7524171758206263,0.9549626822247115,0.6619706208992998,0.7524171758206263,0.0,-18.408777996610652,0.5259975691364226,162.17134420033966,0.735706727557548,0.5141864484249227,0.9708333333333333,0.5166666666666667,4.269112614656393,0.65,1.5133603663361344,0.569462755822634,3.1985935610446083,1.144421980224796,0.027372200866805196,35.940641550932256,16.93430795206771,18.590289781497162,0.09199435325057517,11.456368085693102,0.7524171758206263,0.9549626822247115,0.6619706208992998,0.7524171758206263,0.0,0.5259975691364226,0.735706727557548,0.5141864484249227,4.269112614656393,0.65,1.5133603663361344,0.569462755822634,3.1985935610446083,1.144421980224796,0.027372200866805196,35.940641550932256,16.93430795206771,18.590289781497162,0.09199435325057517,0.9708333333333333,0.5166666666666667,7.322725,25.271966387815553,13.668847443480173,Wh,13.668847443480173,Wh
219,04d75de75e57acceb762132ec2fce1eb,RollingRegression,"{""regression_model"": {""model"": ""ExtraTrees"", ""model_params"": {""n_estimators"": 100, ""min_samples_leaf"": 1, ""max_depth"": 10}}, ""holiday"": true, ""mean_rolling_periods"": 30, ""macd_periods"": 24, ""std_rolling_periods"": 30, ""max_rolling_periods"": null, ""min_rolling_periods"": null, ""ewm_var_alpha"": null, ""quantile90_rolling_periods"": null, ""quantile10_rolling_periods"": null, ""ewm_alpha"": 0.2, ""additional_lag_periods"": 363, ""abs_energy"": false, ""rolling_autocorr_periods"": null, ""nonzero_last_n"": null, ""add_date_part"": null, ""polynomial_degree"": null, ""x_transform"": null, ""regression_type"": null}","{""fillna"": ""fake_date"", ""transformations"": {""0"": ""Scaler"", ""1"": ""Scaler"", ""2"": ""Scaler"", ""3"": ""Scaler""}, ""transformation_params"": {""0"": {}, ""1"": {}, ""2"": {}, ""3"": {}}}",0,4,10.852325810538627,0.7037152524618004,0.9151378190291368,0.7054612626156589,0.7037152524618004,0.0,-31.002162508295406,0.5125237487271445,137.88949808253668,0.6695277991611316,0.5087377587275383,0.9833333333333333,0.4541666666666667,4.184280330737431,0.6041666666666666,1.520581143279288,0.5203730903613295,2.973502785993606,1.3431014703490312,0.23456975823710738,26.721833893560323,12.553310516747501,14.25966001022465,0.07024695906819692,10.852325810538627,0.7037152524618004,0.9151378190291368,0.7054612626156589,0.7037152524618004,0.0,0.5125237487271445,0.6695277991611316,0.5087377587275383,4.184280330737431,0.6041666666666666,1.520581143279288,0.5203730903613295,2.973502785993606,1.3431014703490312,0.23456975823710738,26.721833893560323,12.553310516747501,14.25966001022465,0.07024695906819692,0.9833333333333333,0.4541666666666667,8.03685,24.275295845268293,12.710603607752075,Wh,12.710603607752075,Wh
220,a5984c0637db4b689965bbdaf6b507a0,DatepartRegression,"{""regression_model"": {""model"": ""RandomForest"", ""model_params"": {""n_estimators"": 100, ""min_samples_leaf"": 2, ""bootstrap"": true}}, ""datepart_method"": ""expanded"", ""polynomial_degree"": null, ""holiday_countries_used"": false, ""lags"": null, ""forward_lags"": null, ""regression_type"": null}","{""fillna"": ""time"", ""transformations"": {""0"": ""Scaler"", ""1"": ""Scaler"", ""2"": ""Scaler""}, ""transformation_params"": {""0"": {}, ""1"": {}, ""2"": {}}}",0,4,10.080167792599998,0.6463155100216025,0.8404339781054008,0.7125933961254509,0.6463155100216025,0.0,-43.03997677500047,0.49408855648283134,112.07574563018412,0.6022907886300559,0.5070059473107943,0.9833333333333333,0.45,4.010746652262552,0.6708333333333334,1.462964594748115,0.4784134181971642,2.6739201249502385,1.1338649450439184,0.2143448800466229,17.25894221379591,9.002178273965244,14.717605540954406,0.04769012876135868,10.080167792599998,0.6463155100216025,0.8404339781054008,0.7125933961254509,0.6463155100216025,0.0,0.49408855648283134,0.6022907886300559,0.5070059473107943,4.010746652262552,0.6708333333333334,1.462964594748115,0.4784134181971642,2.6739201249502385,1.1338649450439184,0.2143448800466229,17.25894221379591,9.002178273965244,14.717605540954406,0.04769012876135868,0.9833333333333333,0.45,0.223375,23.029562297920457,11.607164855802742,Wh,11.607164855802742,Wh
221,58fcf097f56e37bb345256cb875e3ccf,DatepartRegression,"{""regression_model"": {""model"": ""RandomForest"", ""model_params"": {""n_estimators"": 100, ""min_samples_leaf"": 2, ""bootstrap"": true}}, ""datepart_method"": ""expanded"", ""polynomial_degree"": null, ""holiday_countries_used"": false, ""lags"": null, ""forward_lags"": null, ""regression_type"": null}","{""fillna"": ""rolling_mean_24"", ""transformations"": {""0"": ""Scaler""}, ""transformation_params"": {""0"": {}}}",0,4,10.0801677926,0.6463155100216025,0.8404339781054009,0.7125933961254506,0.6463155100216025,0.0,-43.03997677500044,0.49408855648283134,112.07574563018414,0.6022907886300559,0.5070059473107943,0.9833333333333333,0.45,4.010746652262552,0.6708333333333334,1.462964594748115,0.4784134181971643,2.6739201249502393,1.1338649450439182,0.2143448800466229,17.258942213795926,9.002178273965253,14.717605540954413,0.047690128761358724,10.0801677926,0.6463155100216025,0.8404339781054009,0.7125933961254506,0.6463155100216025,0.0,0.49408855648283134,0.6022907886300559,0.5070059473107943,4.010746652262552,0.6708333333333334,1.462964594748115,0.4784134181971643,2.6739201249502393,1.1338649450439182,0.2143448800466229,17.258942213795926,9.002178273965253,14.717605540954413,0.047690128761358724,0.9833333333333333,0.45,0.22295,23.029562203541822,11.60716485580274,Wh,11.60716485580274,Wh
222,fcbc7f557adfa0f22163a77087a0b336,DatepartRegression,"{""regression_model"": {""model"": ""RandomForest"", ""model_params"": {""n_estimators"": 100, ""min_samples_leaf"": 2, ""bootstrap"": true}}, ""datepart_method"": ""expanded"", ""polynomial_degree"": null, ""holiday_countries_used"": false, ""lags"": null, ""forward_lags"": null, ""regression_type"": null}","{""fillna"": ""zero"", ""transformations"": {""0"": ""Scaler"", ""1"": ""Scaler""}, ""transformation_params"": {""0"": {}, ""1"": {}}}",0,4,10.080167792599998,0.6463155100216023,0.8404339781054007,0.7125933961254507,0.6463155100216023,0.0,-43.03997677500045,0.49408855648283134,112.07574563018409,0.6022907886300558,0.5070059473107943,0.9833333333333333,0.45,4.010746652262552,0.6708333333333334,1.462964594748115,0.47841341819716415,2.673920124950239,1.1338649450439182,0.2143448800466229,17.258942213795912,9.002178273965232,14.717605540954409,0.0476901287613587,10.080167792599998,0.6463155100216023,0.8404339781054007,0.7125933961254507,0.6463155100216023,0.0,0.49408855648283134,0.6022907886300558,0.5070059473107943,4.010746652262552,0.6708333333333334,1.462964594748115,0.47841341819716415,2.673920124950239,1.1338649450439182,0.2143448800466229,17.258942213795912,9.002178273965232,14.717605540954409,0.0476901287613587,0.9833333333333333,0.45,0.21962500000000001,23.029561465167802,11.607164855802742,Wh,11.607164855802742,Wh
223,75992e536420c5747d38856b5dd25a0f,DatepartRegression,"{""regression_model"": {""model"": ""RandomForest"", ""model_params"": {""n_estimators"": 100, ""min_samples_leaf"": 2, ""bootstrap"": true}}, ""datepart_method"": ""expanded"", ""polynomial_degree"": null, ""holiday_countries_used"": false, ""lags"": null, ""forward_lags"": null, ""regression_type"": null}","{""fillna"": ""time"", ""transformations"": {""0"": ""Scaler"", ""1"": ""Scaler"", ""2"": ""Scaler"", ""3"": ""Scaler""}, ""transformation_params"": {""0"": {}, ""1"": {}, ""2"": {}, ""3"": {}}}",0,4,10.0801677926,0.6463155100216025,0.8404339781054009,0.7125933961254507,0.6463155100216025,0.0,-43.03997677500045,0.49408855648283156,112.07574563018417,0.602290788630056,0.5070059473107943,0.9833333333333333,0.45,4.010746652262551,0.6708333333333334,1.462964594748115,0.4784134181971644,2.6739201249502402,1.1338649450439182,0.2143448800466229,17.25894221379593,9.002178273965253,14.717605540954404,0.04769012876135874,10.0801677926,0.6463155100216025,0.8404339781054009,0.7125933961254507,0.6463155100216025,0.0,0.49408855648283156,0.602290788630056,0.5070059473107943,4.010746652262551,0.6708333333333334,1.462964594748115,0.4784134181971644,2.6739201249502402,1.1338649450439182,0.2143448800466229,17.25894221379593,9.002178273965253,14.717605540954404,0.04769012876135874,0.9833333333333333,0.45,0.21935,23.02956140409928,11.60716485580274,Wh,11.60716485580274,Wh
224,1c8aab76df01b9e90ed42b88c8d5abca,DatepartRegression,"{""regression_model"": {""model"": ""RandomForest"", ""model_params"": {""n_estimators"": 100, ""min_samples_leaf"": 2, ""bootstrap"": true}}, ""datepart_method"": ""expanded"", ""polynomial_degree"": null, ""holiday_countries_used"": false, ""lags"": null, ""forward_lags"": null, ""regression_type"": null}","{""fillna"": ""fake_date"", ""transformations"": {""0"": ""Scaler""}, ""transformation_params"": {""0"": {}}}",0,4,10.080167792599998,0.6463155100216024,0.8404339781054008,0.7125933961254507,0.6463155100216024,0.0,-43.039976775000454,0.49408855648283134,112.07574563018412,0.6022907886300558,0.5070059473107943,0.9833333333333333,0.45,4.010746652262552,0.6708333333333334,1.462964594748115,0.4784134181971642,2.6739201249502393,1.1338649450439182,0.2143448800466229,17.258942213795912,9.002178273965242,14.717605540954409,0.04769012876135868,10.080167792599998,0.6463155100216024,0.8404339781054008,0.7125933961254507,0.6463155100216024,0.0,0.49408855648283134,0.6022907886300558,0.5070059473107943,4.010746652262552,0.6708333333333334,1.462964594748115,0.4784134181971642,2.6739201249502393,1.1338649450439182,0.2143448800466229,17.258942213795912,9.002178273965242,14.717605540954409,0.04769012876135868,0.9833333333333333,0.45,0.21905,23.029561337479066,11.60716485580274,Wh,11.60716485580274,Wh
225,fda6f2211baea2cc674372d11442d16e,DatepartRegression,"{""regression_model"": {""model"": ""RandomForest"", ""model_params"": {""n_estimators"": 100, ""min_samples_leaf"": 2, ""bootstrap"": true}}, ""datepart_method"": ""expanded"", ""polynomial_degree"": null, ""holiday_countries_used"": false, ""lags"": null, ""forward_lags"": null, ""regression_type"": null}","{""fillna"": ""ffill"", ""transformations"": {}, ""transformation_params"": {}}",0,4,10.080167792599998,0.6463155100216024,0.8404339781054007,0.7125933961254508,0.6463155100216024,0.0,-43.03997677500051,0.49408855648283145,112.07574563018406,0.6022907886300558,0.5070059473107943,0.9833333333333333,0.45,4.010746652262552,0.6708333333333334,1.462964594748115,0.4784134181971643,2.673920124950239,1.1338649450439187,0.2143448800466229,17.25894221379589,9.002178273965235,14.717605540954402,0.04769012876135863,10.080167792599998,0.6463155100216024,0.8404339781054007,0.7125933961254508,0.6463155100216024,0.0,0.49408855648283145,0.6022907886300558,0.5070059473107943,4.010746652262552,0.6708333333333334,1.462964594748115,0.4784134181971643,2.673920124950239,1.1338649450439187,0.2143448800466229,17.25894221379589,9.002178273965235,14.717605540954402,0.04769012876135863,0.9833333333333333,0.45,0.21762499999999999,23.029561021033057,11.60716485580274,Wh,11.60716485580274,Wh
226,a78e7dcbf333136615a2192153b54d61,DatepartRegression,"{""regression_model"": {""model"": ""RandomForest"", ""model_params"": {""n_estimators"": 100, ""min_samples_leaf"": 2, ""bootstrap"": true}}, ""datepart_method"": ""expanded"", ""polynomial_degree"": null, ""holiday_countries_used"": false, ""lags"": null, ""forward_lags"": null, ""regression_type"": null}","{""fillna"": ""zero"", ""transformations"": {""0"": ""Scaler""}, ""transformation_params"": {""0"": {}}}",0,4,10.080167792600001,0.6463155100216025,0.8404339781054009,0.7125933961254508,0.6463155100216025,0.0,-43.03997677500046,0.49408855648283145,112.07574563018414,0.602290788630056,0.5070059473107943,0.9833333333333333,0.45,4.010746652262552,0.6708333333333334,1.462964594748115,0.4784134181971643,2.673920124950239,1.1338649450439189,0.2143448800466229,17.25894221379592,9.00217827396525,14.717605540954406,0.047690128761358704,10.080167792600001,0.6463155100216025,0.8404339781054009,0.7125933961254508,0.6463155100216025,0.0,0.49408855648283145,0.602290788630056,0.5070059473107943,4.010746652262552,0.6708333333333334,1.462964594748115,0.4784134181971643,2.673920124950239,1.1338649450439189,0.2143448800466229,17.25894221379592,9.00217827396525,14.717605540954406,0.047690128761358704,0.9833333333333333,0.45,0.213925,23.02956019938378,11.607164855802738,Wh,11.607164855802738,Wh
227,cbb30429ea3f763c93ada097034490fb,DatepartRegression,"{""regression_model"": {""model"": ""RandomForest"", ""model_params"": {""n_estimators"": 100, ""min_samples_leaf"": 2, ""bootstrap"": true}}, ""datepart_method"": ""expanded"", ""polynomial_degree"": null, ""holiday_countries_used"": false, ""lags"": null, ""forward_lags"": null, ""regression_type"": null}","{""fillna"": ""time"", ""transformations"": {""0"": ""Scaler"", ""1"": ""Scaler""}, ""transformation_params"": {""0"": {}, ""1"": {}}}",0,4,10.080167792600001,0.6463155100216025,0.8404339781054009,0.7125933961254508,0.6463155100216025,0.0,-43.039976775000454,0.49408855648283145,112.07574563018414,0.602290788630056,0.5070059473107943,0.9833333333333333,0.45,4.010746652262551,0.6708333333333334,1.4629645947481151,0.4784134181971644,2.6739201249502393,1.1338649450439189,0.2143448800466229,17.258942213795923,9.002178273965251,14.7176055409544,0.04769012876135871,10.080167792600001,0.6463155100216025,0.8404339781054009,0.7125933961254508,0.6463155100216025,0.0,0.49408855648283145,0.602290788630056,0.5070059473107943,4.010746652262551,0.6708333333333334,1.4629645947481151,0.4784134181971644,2.6739201249502393,1.1338649450439189,0.2143448800466229,17.258942213795923,9.002178273965251,14.7176055409544,0.04769012876135871,0.9833333333333333,0.45,0.2135,23.029560105005146,11.607164855802742,Wh,11.607164855802742,Wh
228,a62ede7ee744d18ea713fc605e9e6103,DatepartRegression,"{""regression_model"": {""model"": ""RandomForest"", ""model_params"": {""n_estimators"": 100, ""min_samples_leaf"": 2, ""bootstrap"": true}}, ""datepart_method"": ""expanded"", ""polynomial_degree"": null, ""holiday_countries_used"": false, ""lags"": null, ""forward_lags"": null, ""regression_type"": null}","{""fillna"": ""cubic"", ""transformations"": {""0"": ""Scaler""}, ""transformation_params"": {""0"": {}}}",0,4,10.080167792599998,0.6463155100216025,0.8404339781054008,0.7125933961254508,0.6463155100216025,0.0,-43.03997677500048,0.49408855648283145,112.07574563018409,0.6022907886300559,0.5070059473107943,0.9833333333333333,0.45,4.010746652262551,0.6708333333333334,1.462964594748115,0.47841341819716426,2.6739201249502393,1.1338649450439184,0.2143448800466229,17.258942213795898,9.002178273965239,14.71760554095441,0.04769012876135865,10.080167792599998,0.6463155100216025,0.8404339781054008,0.7125933961254508,0.6463155100216025,0.0,0.49408855648283145,0.6022907886300559,0.5070059473107943,4.010746652262551,0.6708333333333334,1.462964594748115,0.47841341819716426,2.6739201249502393,1.1338649450439184,0.2143448800466229,17.258942213795898,9.002178273965239,14.71760554095441,0.04769012876135865,0.9833333333333333,0.45,0.212125,23.029559799662508,11.607164855802736,Wh,11.607164855802736,Wh
229,17099c2cd2a70c6dcdb0cea252e6f190,DatepartRegression,"{""regression_model"": {""model"": ""RandomForest"", ""model_params"": {""n_estimators"": 100, ""min_samples_leaf"": 2, ""bootstrap"": true}}, ""datepart_method"": ""expanded"", ""polynomial_degree"": null, ""holiday_countries_used"": false, ""lags"": null, ""forward_lags"": null, ""regression_type"": null}","{""fillna"": ""fake_date"", ""transformations"": {""0"": ""Scaler"", ""1"": ""Scaler"", ""2"": ""Scaler"", ""3"": ""Scaler"", ""4"": ""Scaler""}, ""transformation_params"": {""0"": {}, ""1"": {}, ""2"": {}, ""3"": {}, ""4"": {}}}",0,4,10.080167792599998,0.6463155100216024,0.8404339781054007,0.7125933961254508,0.6463155100216024,0.0,-43.03997677500047,0.49408855648283134,112.07574563018409,0.6022907886300558,0.5070059473107943,0.9833333333333333,0.45,4.010746652262552,0.6708333333333334,1.462964594748115,0.47841341819716415,2.6739201249502385,1.1338649450439189,0.2143448800466229,17.2589422137959,9.002178273965235,14.717605540954406,0.04769012876135866,10.080167792599998,0.6463155100216024,0.8404339781054007,0.7125933961254508,0.6463155100216024,0.0,0.49408855648283134,0.6022907886300558,0.5070059473107943,4.010746652262552,0.6708333333333334,1.462964594748115,0.47841341819716415,2.6739201249502385,1.1338649450439189,0.2143448800466229,17.2589422137959,9.002178273965235,14.717605540954406,0.04769012876135866,0.9833333333333333,0.45,0.2105,23.029559438803023,11.60716485580274,Wh,11.60716485580274,Wh
230,5e53b1cf279e0682b13d114560ba1d2b,RollingRegression,"{""regression_model"": {""model"": ""ElasticNet"", ""model_params"": {""l1_ratio"": 0.9, ""fit_intercept"": true, ""selection"": ""cyclic"", ""max_iter"": 1000}}, ""holiday"": false, ""mean_rolling_periods"": 5, ""macd_periods"": 7, ""std_rolling_periods"": null, ""max_rolling_periods"": 364, ""min_rolling_periods"": null, ""ewm_var_alpha"": null, ""quantile90_rolling_periods"": null, ""quantile10_rolling_periods"": null, ""ewm_alpha"": null, ""additional_lag_periods"": 2, ""abs_energy"": true, ""rolling_autocorr_periods"": null, ""nonzero_last_n"": null, ""add_date_part"": ""simple_binarized"", ""polynomial_degree"": null, ""x_transform"": null, ""regression_type"": null}","{""fillna"": ""cubic"", ""transformations"": {""0"": ""Scaler"", ""1"": ""Scaler"", ""2"": ""Scaler""}, ""transformation_params"": {""0"": {}, ""1"": {}, ""2"": {}}}",0,4,9.782012136868868,0.6344935705490148,0.785669005765269,0.6635971455770533,0.6344935705490148,0.0,-67.46558409563104,0.531761697575364,84.81287283613248,0.5539824810728259,0.5055933973715337,0.9916666666666667,0.5125,2.8691512626607114,0.6666666666666666,1.4288362475365195,0.4882661240575793,2.500680962811523,0.825696749750535,0.00676769274559427,19.2382708443661,9.724102103251019,18.81948832381501,0.04839877454015097,9.782012136868868,0.6344935705490148,0.785669005765269,0.6635971455770533,0.6344935705490148,0.0,0.531761697575364,0.5539824810728259,0.5055933973715337,2.8691512626607114,0.6666666666666666,1.4288362475365195,0.4882661240575793,2.500680962811523,0.825696749750535,0.00676769274559427,19.2382708443661,9.724102103251019,18.81948832381501,0.04839877454015097,0.9916666666666667,0.5125,0.641075,22.503846299402817,13.162762512206005,Wh,13.162762512206005,Wh
231,8662950f9fecec5f1cb99e8b5e5f619f,RollingRegression,"{""regression_model"": {""model"": ""BayesianRidge"", ""model_params"": {}}, ""holiday"": false, ""mean_rolling_periods"": 12, ""macd_periods"": 7, ""std_rolling_periods"": null, ""max_rolling_periods"": 12, ""min_rolling_periods"": null, ""ewm_var_alpha"": null, ""quantile90_rolling_periods"": null, ""quantile10_rolling_periods"": null, ""ewm_alpha"": null, ""additional_lag_periods"": 2, ""abs_energy"": true, ""rolling_autocorr_periods"": null, ""nonzero_last_n"": null, ""add_date_part"": null, ""polynomial_degree"": null, ""x_transform"": null, ""regression_type"": null}","{""fillna"": ""ffill"", ""transformations"": {""0"": ""Scaler"", ""1"": ""Scaler"", ""2"": ""Scaler"", ""3"": ""Scaler""}, ""transformation_params"": {""0"": {}, ""1"": {}, ""2"": {}, ""3"": {}}}",0,4,9.61420904518452,0.6224393104576846,0.7744084022850243,0.6636571866226437,0.6224393104576846,0.0,-63.18634829548407,0.5175120717847826,86.19908621436026,0.5498021804315399,0.505592911288343,0.9916666666666667,0.5125,3.0084521427655586,0.6625,1.4236612772757422,0.4764865658154101,2.4446834368622214,0.8085706902561429,0.006888305328491636,17.81223254446601,9.416218360595398,18.823491830605047,0.04532971619693857,9.61420904518452,0.6224393104576846,0.7744084022850243,0.6636571866226437,0.6224393104576846,0.0,0.5175120717847826,0.5498021804315399,0.505592911288343,3.0084521427655586,0.6625,1.4236612772757422,0.4764865658154101,2.4446834368622214,0.8085706902561429,0.006888305328491636,17.81223254446601,9.416218360595398,18.823491830605047,0.04532971619693857,0.9916666666666667,0.5125,0.325875,22.26290806163063,12.443731604074868,Wh,12.443731604074868,Wh
232,22b29e34433b550d847ee38c1143d6ad,RollingRegression,"{""regression_model"": {""model"": ""BayesianRidge"", ""model_params"": {}}, ""holiday"": false, ""mean_rolling_periods"": 12, ""macd_periods"": 28, ""std_rolling_periods"": 30, ""max_rolling_periods"": 4, ""min_rolling_periods"": null, ""ewm_var_alpha"": null, ""quantile90_rolling_periods"": null, ""quantile10_rolling_periods"": null, ""ewm_alpha"": null, ""additional_lag_periods"": 23, ""abs_energy"": true, ""rolling_autocorr_periods"": null, ""nonzero_last_n"": null, ""add_date_part"": ""expanded"", ""polynomial_degree"": null, ""x_transform"": ""RmZeroVariance"", ""regression_type"": null}","{""fillna"": ""cubic"", ""transformations"": {""0"": ""Scaler"", ""1"": ""Scaler"", ""2"": ""Scaler"", ""3"": ""Scaler""}, ""transformation_params"": {""0"": {}, ""1"": {}, ""2"": {}, ""3"": {}}}",0,4,9.605071481580872,0.6219147142486978,0.7736264670789259,0.6636957128401502,0.6219147142486978,0.0,-63.319042734259114,0.5173886828325107,85.94048868542835,0.549152535819012,0.5055919660907513,0.9916666666666667,0.5125,3.009510123938261,0.6625,1.4234184811645296,0.4761935732916889,2.4405591980090477,0.8078691283921094,0.0069363154271004255,17.6930171654096,9.377762252396664,18.82022120197366,0.044978413919362414,9.605071481580872,0.6219147142486978,0.7736264670789259,0.6636957128401502,0.6219147142486978,0.0,0.5173886828325107,0.549152535819012,0.5055919660907513,3.009510123938261,0.6625,1.4234184811645296,0.4761935732916889,2.4405591980090477,0.8078691283921094,0.0069363154271004255,17.6930171654096,9.377762252396664,18.82022120197366,0.044978413919362414,0.9916666666666667,0.5125,0.7069,22.249813138867992,12.438468288993509,Wh,12.438468288993509,Wh
233,ecc2a3d16321424a46a81b9071adf86f,RollingRegression,"{""regression_model"": {""model"": ""ElasticNet"", ""model_params"": {""l1_ratio"": 0.9, ""fit_intercept"": true, ""selection"": ""cyclic"", ""max_iter"": 1000}}, ""holiday"": false, ""mean_rolling_periods"": 5, ""macd_periods"": 7, ""std_rolling_periods"": 5, ""max_rolling_periods"": 364, ""min_rolling_periods"": 7, ""ewm_var_alpha"": null, ""quantile90_rolling_periods"": null, ""quantile10_rolling_periods"": null, ""ewm_alpha"": null, ""additional_lag_periods"": 2, ""abs_energy"": false, ""rolling_autocorr_periods"": null, ""nonzero_last_n"": null, ""add_date_part"": ""simple_binarized"", ""polynomial_degree"": null, ""x_transform"": null, ""regression_type"": null}","{""fillna"": ""time"", ""transformations"": {""0"": ""Scaler"", ""1"": ""Scaler"", ""2"": ""Scaler"", ""3"": ""Scaler""}, ""transformation_params"": {""0"": {}, ""1"": {}, ""2"": {}, ""3"": {}}}",0,4,8.978113115055264,0.5812211825184,0.7557088641469938,0.6648881940659642,0.5812211825184,0.0,-43.36048875434789,0.457920326041869,96.13259505006812,0.540608243448992,0.5075783956680271,0.9874999999999999,0.5125,4.267657245908465,0.6958333333333333,1.4155922142378374,0.4267987551662418,2.249008022530037,0.8118992931172272,0.008100936883477598,15.229175798423842,9.469783439173773,18.728065953624924,0.037277279346990905,8.978113115055264,0.5812211825184,0.7557088641469938,0.6648881940659642,0.5812211825184,0.0,0.457920326041869,0.540608243448992,0.5075783956680271,4.267657245908465,0.6958333333333333,1.4155922142378374,0.4267987551662418,2.249008022530037,0.8118992931172272,0.008100936883477598,15.229175798423842,9.469783439173773,18.728065953624924,0.037277279346990905,0.9874999999999999,0.5125,0.6434,21.502235670195397,10.853999002859176,Wh,10.853999002859176,Wh
234,77e0e9708d5ab43331568b75ee7010de,WindowRegression,"{""window_size"": 10, ""input_dim"": ""univariate"", ""output_dim"": ""1step"", ""normalize_window"": false, ""max_windows"": 5000000, ""fourier_encoding_components"": null, ""scale"": true, ""datepart_method"": null, ""regression_type"": null, ""regression_model"": {""model"": ""HistGradientBoost"", ""model_params"": {""loss"": ""squared_error"", ""learning_rate"": 0.01, ""max_depth"": 20, ""min_samples_leaf"": 20, ""max_iter"": 250, ""l2_regularization"": 0}}}","{""fillna"": ""ffill"", ""transformations"": {""0"": ""Scaler"", ""1"": ""Scaler"", ""2"": ""Scaler""}, ""transformation_params"": {""0"": {}, ""1"": {}, ""2"": {}}}",0,4,10.405412966931694,0.6694129439789424,0.8642429471916474,0.6690098604146564,0.6694129439789424,0.0,-34.09624677733319,0.4965805124706424,126.56285977761297,0.6364165447851722,0.38248170286178984,0.8458333333333333,0.4875,3.879734791242159,0.65,1.4730933854889061,0.4986000584120707,2.868522980470334,1.012927358735281,0.03321780825705452,23.116653250069948,12.636460992071997,18.16819922027003,0.06316266992671736,10.405412966931694,0.6694129439789424,0.8642429471916474,0.6690098604146564,0.6694129439789424,0.0,0.4965805124706424,0.6364165447851722,0.38248170286178984,3.879734791242159,0.65,1.4730933854889061,0.4986000584120707,2.868522980470334,1.012927358735281,0.03321780825705452,23.116653250069948,12.636460992071997,18.16819922027003,0.06316266992671736,0.8458333333333333,0.4875,0.728875,21.477904433264825,11.750957650665105,Wh,11.750957650665105,Wh
235,67015c4e867744e32abdfe406ccdcbb8,WindowRegression,"{""window_size"": 10, ""input_dim"": ""univariate"", ""output_dim"": ""1step"", ""normalize_window"": false, ""max_windows"": 5000000, ""fourier_encoding_components"": null, ""scale"": true, ""datepart_method"": null, ""regression_type"": null, ""regression_model"": {""model"": ""HistGradientBoost"", ""model_params"": {""loss"": ""squared_error"", ""learning_rate"": 0.01, ""max_depth"": 20, ""min_samples_leaf"": 20, ""max_iter"": 250, ""l2_regularization"": 0}}}","{""fillna"": ""fake_date"", ""transformations"": {""0"": ""Scaler"", ""1"": ""Scaler"", ""2"": ""Scaler"", ""3"": ""Scaler""}, ""transformation_params"": {""0"": {}, ""1"": {}, ""2"": {}, ""3"": {}}}",0,4,10.405412966931694,0.6694129439789424,0.8642429471916474,0.6690098604146564,0.6694129439789424,0.0,-34.09624677733319,0.4965805124706424,126.56285977761297,0.6364165447851722,0.38248170286178984,0.8458333333333333,0.4875,3.879734791242159,0.65,1.4730933854889061,0.4986000584120707,2.868522980470334,1.012927358735281,0.03321780825705452,23.116653250069948,12.636460992071997,18.16819922027003,0.06316266992671736,10.405412966931694,0.6694129439789424,0.8642429471916474,0.6690098604146564,0.6694129439789424,0.0,0.4965805124706424,0.6364165447851722,0.38248170286178984,3.879734791242159,0.65,1.4730933854889061,0.4986000584120707,2.868522980470334,1.012927358735281,0.03321780825705452,23.116653250069948,12.636460992071997,18.16819922027003,0.06316266992671736,0.8458333333333333,0.4875,0.6917,21.477896177910228,11.750957650665105,Wh,11.750957650665105,Wh
236,fdcb0dc009d19e71f9151f8f430b5762,RollingRegression,"{""regression_model"": {""model"": ""BayesianRidge"", ""model_params"": {}}, ""holiday"": false, ""mean_rolling_periods"": 7, ""macd_periods"": 12, ""std_rolling_periods"": 30, ""max_rolling_periods"": null, ""min_rolling_periods"": 7, ""ewm_var_alpha"": null, ""quantile90_rolling_periods"": null, ""quantile10_rolling_periods"": null, ""ewm_alpha"": null, ""additional_lag_periods"": 27, ""abs_energy"": false, ""rolling_autocorr_periods"": null, ""nonzero_last_n"": null, ""add_date_part"": ""expanded"", ""polynomial_degree"": null, ""x_transform"": ""RmZeroVariance"", ""regression_type"": null}","{""fillna"": ""zero"", ""transformations"": {""0"": ""Scaler"", ""1"": ""Scaler"", ""2"": ""Scaler"", ""3"": ""Scaler""}, ""transformation_params"": {""0"": {}, ""1"": {}, ""2"": {}, ""3"": {}}}",0,4,8.941347720632837,0.5786392151550008,0.7534991956710849,0.6651270948757769,0.5786392151550008,0.0,-44.150315209938526,0.4572972513716165,94.72309642726168,0.5369287932440576,0.5075117810632211,0.9874999999999999,0.5125,4.216473225081927,0.6958333333333333,1.413975310559788,0.42477143545314633,2.2399426844766546,0.8172238934136367,0.009190887683479193,15.466584357313536,9.793003571010242,18.72567827870268,0.03810641253533428,8.941347720632837,0.5786392151550008,0.7534991956710849,0.6651270948757769,0.5786392151550008,0.0,0.4572972513716165,0.5369287932440576,0.5075117810632211,4.216473225081927,0.6958333333333333,1.413975310559788,0.42477143545314633,2.2399426844766546,0.8172238934136367,0.009190887683479193,15.466584357313536,9.793003571010242,18.72567827870268,0.03810641253533428,0.9874999999999999,0.5125,0.6668,21.452149374766996,10.733905840536709,Wh,10.733905840536709,Wh
237,b4f9ceab82f9c6fb7c050fb67a3d9e1e,RollingRegression,"{""regression_model"": {""model"": ""BayesianRidge"", ""model_params"": {}}, ""holiday"": false, ""mean_rolling_periods"": 5, ""macd_periods"": null, ""std_rolling_periods"": 30, ""max_rolling_periods"": 364, ""min_rolling_periods"": null, ""ewm_var_alpha"": null, ""quantile90_rolling_periods"": null, ""quantile10_rolling_periods"": null, ""ewm_alpha"": null, ""additional_lag_periods"": 27, ""abs_energy"": false, ""rolling_autocorr_periods"": null, ""nonzero_last_n"": null, ""add_date_part"": ""expanded"", ""polynomial_degree"": null, ""x_transform"": ""RmZeroVariance"", ""regression_type"": null}","{""fillna"": ""cubic"", ""transformations"": {""0"": ""Scaler"", ""1"": ""Scaler"", ""2"": ""Scaler"", ""3"": ""Scaler""}, ""transformation_params"": {""0"": {}, ""1"": {}, ""2"": {}, ""3"": {}}}",0,4,8.934591227821553,0.578130910619662,0.7526166269979304,0.6651493042551717,0.578130910619662,0.0,-44.37897375816374,0.45733885269192814,94.37244479055516,0.5361772913213376,0.5074868597264018,0.9874999999999999,0.5125,4.208992956738257,0.6958333333333333,1.4136836042213061,0.42447366033214246,2.2369119453361472,0.8163934676168404,0.00925042291514089,15.33906044336186,9.75840610720854,18.72478556239347,0.03781925058254736,8.934591227821553,0.578130910619662,0.7526166269979304,0.6651493042551717,0.578130910619662,0.0,0.45733885269192814,0.5361772913213376,0.5074868597264018,4.208992956738257,0.6958333333333333,1.4136836042213061,0.42447366033214246,2.2369119453361472,0.8163934676168404,0.00925042291514089,15.33906044336186,9.75840610720854,18.72478556239347,0.03781925058254736,0.9874999999999999,0.5125,0.636325,21.440198714747837,10.717757205894776,Wh,10.717757205894776,Wh
238,e85b67daedf6faa63776da9fe1740444,RollingRegression,"{""regression_model"": {""model"": ""BayesianRidge"", ""model_params"": {}}, ""holiday"": false, ""mean_rolling_periods"": null, ""macd_periods"": null, ""std_rolling_periods"": 30, ""max_rolling_periods"": 12, ""min_rolling_periods"": 364, ""ewm_var_alpha"": null, ""quantile90_rolling_periods"": null, ""quantile10_rolling_periods"": null, ""ewm_alpha"": null, ""additional_lag_periods"": 27, ""abs_energy"": false, ""rolling_autocorr_periods"": null, ""nonzero_last_n"": null, ""add_date_part"": ""expanded"", ""polynomial_degree"": null, ""x_transform"": ""RmZeroVariance"", ""regression_type"": null}","{""fillna"": ""zero"", ""transformations"": {""0"": ""Scaler"", ""1"": ""Scaler"", ""2"": ""Scaler"", ""3"": ""Scaler""}, ""transformation_params"": {""0"": {}, ""1"": {}, ""2"": {}, ""3"": {}}}",0,4,8.933050523652017,0.578033186059226,0.7525156769062623,0.6651358206918272,0.578033186059226,0.0,-44.396509420499115,0.45729263021848277,94.33145523371513,0.5360618431459919,0.5074827686001013,0.9874999999999999,0.5125,4.208859292322813,0.6958333333333333,1.4136409776163674,0.4243731738230325,2.2365923028562684,0.8162074006926898,0.009267932728472823,15.33029258414615,9.753699832848666,18.724362006639588,0.037796770780236195,8.933050523652017,0.578033186059226,0.7525156769062623,0.6651358206918272,0.578033186059226,0.0,0.45729263021848277,0.5360618431459919,0.5074827686001013,4.208859292322813,0.6958333333333333,1.4136409776163674,0.4243731738230325,2.2365923028562684,0.8162074006926898,0.009267932728472823,15.33029258414615,9.753699832848666,18.724362006639588,0.037796770780236195,0.9874999999999999,0.5125,0.63885,21.437985615718986,10.71782656195742,Wh,10.71782656195742,Wh
239,14ecb667bcf4744ca0c32185523a017f,RollingRegression,"{""regression_model"": {""model"": ""BayesianRidge"", ""model_params"": {}}, ""holiday"": false, ""mean_rolling_periods"": null, ""macd_periods"": null, ""std_rolling_periods"": 30, ""max_rolling_periods"": 12, ""min_rolling_periods"": null, ""ewm_var_alpha"": null, ""quantile90_rolling_periods"": null, ""quantile10_rolling_periods"": null, ""ewm_alpha"": null, ""additional_lag_periods"": 27, ""abs_energy"": false, ""rolling_autocorr_periods"": null, ""nonzero_last_n"": null, ""add_date_part"": ""expanded"", ""polynomial_degree"": null, ""x_transform"": ""RmZeroVariance"", ""regression_type"": null}","{""fillna"": ""cubic"", ""transformations"": {""0"": ""Scaler"", ""1"": ""Scaler"", ""2"": ""Scaler"", ""3"": ""Scaler""}, ""transformation_params"": {""0"": {}, ""1"": {}, ""2"": {}, ""3"": {}}}",0,4,8.933050523652017,0.578033186059226,0.7525156769062623,0.6651358206918272,0.578033186059226,0.0,-44.396509420499115,0.45729263021848277,94.33145523371513,0.5360618431459919,0.5074827686001013,0.9874999999999999,0.5125,4.208859292322813,0.6958333333333333,1.4136409776163674,0.4243731738230325,2.2365923028562684,0.8162074006926898,0.009267932728472823,15.33029258414615,9.753699832848666,18.724362006639588,0.037796770780236195,8.933050523652017,0.578033186059226,0.7525156769062623,0.6651358206918272,0.578033186059226,0.0,0.45729263021848277,0.5360618431459919,0.5074827686001013,4.208859292322813,0.6958333333333333,1.4136409776163674,0.4243731738230325,2.2365923028562684,0.8162074006926898,0.009267932728472823,15.33029258414615,9.753699832848666,18.724362006639588,0.037796770780236195,0.9874999999999999,0.5125,0.6127,21.437979808657182,10.71782656195742,Wh,10.71782656195742,Wh
240,21a8f9b544094a38382093520afabca1,RollingRegression,"{""regression_model"": {""model"": ""BayesianRidge"", ""model_params"": {}}, ""holiday"": false, ""mean_rolling_periods"": 5, ""macd_periods"": 7, ""std_rolling_periods"": 5, ""max_rolling_periods"": 364, ""min_rolling_periods"": null, ""ewm_var_alpha"": null, ""quantile90_rolling_periods"": null, ""quantile10_rolling_periods"": null, ""ewm_alpha"": null, ""additional_lag_periods"": 2, ""abs_energy"": false, ""rolling_autocorr_periods"": null, ""nonzero_last_n"": null, ""add_date_part"": ""expanded"", ""polynomial_degree"": null, ""x_transform"": ""RmZeroVariance"", ""regression_type"": null}","{""fillna"": ""cubic"", ""transformations"": {""0"": ""Scaler"", ""1"": ""Scaler"", ""2"": ""Scaler"", ""3"": ""Scaler""}, ""transformation_params"": {""0"": {}, ""1"": {}, ""2"": {}, ""3"": {}}}",0,4,8.928889280499966,0.5777743892900455,0.7521321150633918,0.6650275887636995,0.5777743892900455,0.0,-44.39750411481464,0.45710114930229356,94.2683493147963,0.5358395023053195,0.5074726453933401,0.9874999999999999,0.5125,4.213565344722156,0.6958333333333333,1.4135338292730437,0.4242240152750638,2.2365671886375025,0.8142770725243134,0.009347899246821634,15.240010477989188,9.683356392141858,18.725690520981612,0.037527607693524145,8.928889280499966,0.5777743892900455,0.7521321150633918,0.6650275887636995,0.5777743892900455,0.0,0.45710114930229356,0.5358395023053195,0.5074726453933401,4.213565344722156,0.6958333333333333,1.4135338292730437,0.4242240152750638,2.2365671886375025,0.8142770725243134,0.009347899246821634,15.240010477989188,9.683356392141858,18.725690520981612,0.037527607693524145,0.9874999999999999,0.5125,0.682575,21.431277571910112,10.728144550627555,Wh,10.728144550627555,Wh
