rank,ID,Model,ModelParameters,TransformationParameters,Ensemble,Runs,smape,mae,rmse,made,mage,custom,underestimate,mle,overestimate,imle,spl,containment,contour,maxe,oda,dwae,mqae,ewmae,uwmse,smoothness,mate,wasserstein,dwd,matse,smape_weighted,mae_weighted,rmse_weighted,made_weighted,mage_weighted,custom_weighted,mle_weighted,imle_weighted,spl_weighted,maxe_weighted,oda_weighted,dwae_weighted,mqae_weighted,ewmae_weighted,uwmse_weighted,smoothness_weighted,mate_weighted,wasserstein_weighted,dwd_weighted,matse_weighted,containment_weighted,contour_weighted,TotalRuntimeSeconds,Score,lowest_series_mape,lowest_series_mape_name,highest_series_mape,highest_series_mape_name
0,43ae8b8ebb83c1e42c356ecdc3957550,WindowRegression,"{""window_size"": 16, ""input_dim"": ""univariate"", ""output_dim"": ""1step"", ""normalize_window"": false, ""max_windows"": 5000, ""fourier_encoding_components"": null, ""scale"": true, ""datepart_method"": null, ""regression_type"": null, ""regression_model"": {""model"": ""KNN"", ""model_params"": {""n_neighbors"": 5, ""weights"": ""uniform"", ""p"": 2, ""leaf_size"": 30}}}","{""fillna"": ""zero"", ""transformations"": {""0"": ""DifferencedTransformer"", ""1"": ""DifferencedTransformer"", ""2"": ""DifferencedTransformer"", ""3"": ""Scaler"", ""4"": ""DifferencedTransformer""}, ""transformation_params"": {""0"": {""lag"": 1, ""fill"": ""bfill""}, ""1"": {""lag"": 1, ""fill"": ""zero""}, ""2"": {""lag"": 1, ""fill"": ""bfill""}, ""3"": {}, ""4"": {""lag"": 1, ""fill"": ""zero""}}}",0,1,185.35293182232695,5621.493740591159,8768.353518495163,1535.7818090355217,5621.493740591159,0.0,0.0,7.169868089827431,168644.81221773475,5621.493740591159,11608.368778247466,1.0,0.5,23056.525237202644,0.5,7470.426844450314,3069.106572281122,39598.31302336219,339537432.6490281,4.480889415523409,168644.81221773475,69473.13551602841,11217.84806497206,1044.5599026686527,185.35293182232695,5621.493740591159,8768.353518495163,1535.7818090355217,5621.493740591159,0.0,7.169868089827431,5621.493740591159,11608.368778247466,23056.525237202644,0.5,7470.426844450314,3069.106572281122,39598.31302336219,339537432.6490281,4.480889415523409,168644.81221773475,69473.13551602841,11217.84806497206,1044.5599026686527,1.0,0.5,0.5824,137105.90921689724,85840.77246161453,Wh,85840.77246161453,Wh
1,73c0ace6a6200c2fc36b20b4a618881d,WindowRegression,"{""window_size"": 20, ""input_dim"": ""univariate"", ""output_dim"": ""1step"", ""normalize_window"": false, ""max_windows"": 5000000, ""fourier_encoding_components"": null, ""scale"": true, ""datepart_method"": null, ""regression_type"": null, ""regression_model"": {""model"": ""KNN"", ""model_params"": {""n_neighbors"": 14, ""weights"": ""uniform"", ""p"": 2, ""leaf_size"": 10}}}","{""fillna"": ""zero"", ""transformations"": {""0"": ""Scaler"", ""1"": ""DifferencedTransformer"", ""2"": ""DifferencedTransformer"", ""3"": ""DifferencedTransformer"", ""4"": ""DifferencedTransformer""}, ""transformation_params"": {""0"": {}, ""1"": {""lag"": 1, ""fill"": ""bfill""}, ""2"": {""lag"": 1, ""fill"": ""bfill""}, ""3"": {""lag"": 7, ""fill"": ""bfill""}, ""4"": {""lag"": 1, ""fill"": ""zero""}}}",0,1,178.04006651644784,4982.99710674826,7875.20762089563,1391.0219657824052,4982.99710674826,0.0,0.0,6.852416749264575,149489.91320244782,4982.99710674826,8326.06269468896,1.0,0.5,20883.261457372457,0.5,6705.494160533917,2661.660199098885,35414.285766436595,276438929.2232076,4.39995441321202,149489.91320244782,60025.964025379675,9941.951321688151,925.917418574903,178.04006651644784,4982.99710674826,7875.20762089563,1391.0219657824052,4982.99710674826,0.0,6.852416749264575,4982.99710674826,8326.06269468896,20883.261457372457,0.5,6705.494160533917,2661.660199098885,35414.285766436595,276438929.2232076,4.39995441321202,149489.91320244782,60025.964025379675,9941.951321688151,925.917418574903,1.0,0.5,0.5456,108842.32016921959,76090.86491169501,Wh,76090.86491169501,Wh
2,9137d1ee2aa8d35105e35243088a2d1f,ARIMA,"{""p"": 4, ""d"": 0, ""q"": 1, ""regression_type"": null}","{""fillna"": ""nearest"", ""transformations"": {""0"": ""DifferencedTransformer"", ""1"": ""DifferencedTransformer"", ""2"": ""DifferencedTransformer"", ""3"": ""Scaler"", ""4"": ""DifferencedTransformer"", ""5"": ""Scaler""}, ""transformation_params"": {""0"": {""lag"": 1, ""fill"": ""bfill""}, ""1"": {""lag"": 1, ""fill"": ""zero""}, ""2"": {""lag"": 1, ""fill"": ""bfill""}, ""3"": {}, ""4"": {""lag"": 1, ""fill"": ""bfill""}, ""5"": {}}}",0,1,79.96594006292852,10.551870918070222,14.041940638896588,2.309513814688285,10.551870918070222,0.0,0.0,2.0422862962094936,316.55612754210665,10.551870918070222,14798.2207340592,1.0,0.5,30.76251602418121,0.5,13.0824398335221,7.284968010053595,65.93076650596421,724.9617203965502,0.09908693908196091,316.55612754210665,173.30570175641833,7.5134041742813364,1.9606997299604807,79.96594006292852,10.551870918070222,14.041940638896588,2.309513814688285,10.551870918070222,0.0,2.0422862962094936,10.551870918070222,14798.2207340592,30.76251602418121,0.5,13.0824398335221,7.284968010053595,65.93076650596421,724.9617203965502,0.09908693908196091,316.55612754210665,173.30570175641833,7.5134041742813364,1.9606997299604807,1.0,0.5,0.2985,98734.96766620237,161.12812578301316,Wh,161.12812578301316,Wh
3,4975ae2a054cc1b48ce6396893a93190,ARIMA,"{""p"": 0, ""d"": 0, ""q"": 3, ""regression_type"": null}","{""fillna"": ""ffill"", ""transformations"": {""0"": ""DifferencedTransformer"", ""1"": ""DifferencedTransformer"", ""2"": ""DifferencedTransformer"", ""3"": ""DifferencedTransformer"", ""4"": ""Scaler""}, ""transformation_params"": {""0"": {""lag"": 1, ""fill"": ""bfill""}, ""1"": {""lag"": 7, ""fill"": ""bfill""}, ""2"": {""lag"": 1, ""fill"": ""bfill""}, ""3"": {""lag"": 1, ""fill"": ""zero""}, ""4"": {}}}",0,1,165.20050777013594,4.622447681364585,4.949121415805355,1.2584686420375406,4.622447681364585,0.0,-138.67343044093755,4.622447681364585,0.0,1.6384624362882745,11611.918932930612,1.0,0.5,6.5200700759887695,0.5,6.172498358351445,4.3055536078657735,20.928700602983326,62.064609082299185,0.052218160975465534,138.67343044093755,120.80120467102398,7.118095371874002,0.8589217960472854,165.20050777013594,4.622447681364585,4.949121415805355,1.2584686420375406,4.622447681364585,0.0,4.622447681364585,1.6384624362882745,11611.918932930612,6.5200700759887695,0.5,6.172498358351445,4.3055536078657735,20.928700602983326,62.064609082299185,0.052218160975465534,138.67343044093755,120.80120467102398,7.118095371874002,0.8589217960472854,1.0,0.5,0.1085,77501.63745134836,70.5852390738423,Wh,70.5852390738423,Wh
4,a1e97afcf1f342517c66c4d5113e3fb9,ARIMA,"{""p"": 1, ""d"": 0, ""q"": 12, ""regression_type"": null}","{""fillna"": ""ffill"", ""transformations"": {""0"": ""DifferencedTransformer"", ""1"": ""DifferencedTransformer"", ""2"": ""DifferencedTransformer"", ""3"": ""DifferencedTransformer""}, ""transformation_params"": {""0"": {""lag"": 7, ""fill"": ""zero""}, ""1"": {""lag"": 7, ""fill"": ""bfill""}, ""2"": {""lag"": 1, ""fill"": ""bfill""}, ""3"": {""lag"": 1, ""fill"": ""bfill""}}}",0,1,155.31563736298315,11.20290316862388,14.152703619074044,4.743676152927399,11.20290316862388,0.0,-85.14082280541919,4.134274627450995,250.94627225329722,9.330324756432818,8627.390978715615,0.9333333333333333,0.4666666666666667,28.38194669199362,0.36666666666666664,17.92456331172124,8.02848182441266,29.679040261793265,1695.4463048582625,0.8118336038894465,165.80544944787803,378.75946947887303,86.72433035042636,1.0269733284982399,155.31563736298315,11.20290316862388,14.152703619074044,4.743676152927399,11.20290316862388,0.0,4.134274627450995,9.330324756432818,8627.390978715615,28.38194669199362,0.36666666666666664,17.92456331172124,8.02848182441266,29.679040261793265,1695.4463048582625,0.8118336038894465,165.80544944787803,378.75946947887303,86.72433035042636,1.0269733284982399,0.9333333333333333,0.4666666666666667,8.1414,57680.81730403753,171.06945345565993,Wh,171.06945345565993,Wh
5,2ca09ebdfde9994e4b25d9c78c419d77,RollingRegression,"{""regression_model"": {""model"": ""ExtraTrees"", ""model_params"": {""n_estimators"": 100, ""min_samples_leaf"": 1, ""min_samples_split"": 2, ""max_depth"": null, ""criterion"": ""squared_error"", ""max_features"": 1}}, ""holiday"": true, ""mean_rolling_periods"": null, ""macd_periods"": null, ""std_rolling_periods"": 10, ""max_rolling_periods"": 420, ""min_rolling_periods"": null, ""ewm_var_alpha"": null, ""quantile90_rolling_periods"": null, ""quantile10_rolling_periods"": null, ""ewm_alpha"": null, ""additional_lag_periods"": 59, ""abs_energy"": false, ""rolling_autocorr_periods"": null, ""nonzero_last_n"": null, ""add_date_part"": ""recurring"", ""polynomial_degree"": null, ""x_transform"": null, ""regression_type"": null}","{""fillna"": ""pchip"", ""transformations"": {""0"": ""DifferencedTransformer"", ""1"": ""Scaler"", ""2"": ""DifferencedTransformer"", ""3"": ""DifferencedTransformer""}, ""transformation_params"": {""0"": {""lag"": 1, ""fill"": ""bfill""}, ""1"": {}, ""2"": {""lag"": 1, ""fill"": ""zero""}, ""3"": {""lag"": 1, ""fill"": ""bfill""}}}",0,1,168.55426701705895,165.99419423145056,203.5882842428618,23.51567886404847,165.99419423145056,0.0,0.0,4.602709373448508,4979.825826943517,165.99419423145056,1427.0680565356308,1.0,0.5,353.0383287580312,0.5,178.15592135445354,132.1648544800818,953.4789005563707,126413.20880825173,0.6091119864050585,4979.825826943517,3112.4043067156263,316.21799326229797,30.844271535510345,168.55426701705895,165.99419423145056,203.5882842428618,23.51567886404847,165.99419423145056,0.0,4.602709373448508,165.99419423145056,1427.0680565356308,353.0383287580312,0.5,178.15592135445354,132.1648544800818,953.4789005563707,126413.20880825173,0.6091119864050585,4979.825826943517,3112.4043067156263,316.21799326229797,30.844271535510345,1.0,0.5,4.2213,11172.304651628987,2534.74797171482,Wh,2534.74797171482,Wh
6,d7215a8e29ad4fedbcc6504f24298dce,RollingRegression,"{""regression_model"": {""model"": ""ExtraTrees"", ""model_params"": {""n_estimators"": 100, ""min_samples_leaf"": 1, ""min_samples_split"": 2, ""max_depth"": null, ""criterion"": ""squared_error"", ""max_features"": 1}}, ""holiday"": false, ""mean_rolling_periods"": null, ""macd_periods"": null, ""std_rolling_periods"": 10, ""max_rolling_periods"": 364, ""min_rolling_periods"": 12, ""ewm_var_alpha"": null, ""quantile90_rolling_periods"": null, ""quantile10_rolling_periods"": null, ""ewm_alpha"": null, ""additional_lag_periods"": 59, ""abs_energy"": false, ""rolling_autocorr_periods"": null, ""nonzero_last_n"": null, ""add_date_part"": ""recurring"", ""polynomial_degree"": null, ""x_transform"": null, ""regression_type"": null}","{""fillna"": ""fake_date"", ""transformations"": {""0"": ""Scaler"", ""1"": ""DifferencedTransformer"", ""2"": ""Scaler"", ""3"": ""DifferencedTransformer"", ""4"": ""DifferencedTransformer""}, ""transformation_params"": {""0"": {}, ""1"": {""lag"": 1, ""fill"": ""zero""}, ""2"": {}, ""3"": {""lag"": 1, ""fill"": ""one""}, ""4"": {""lag"": 1, ""fill"": ""bfill""}}}",0,1,160.0402233509365,29.068546574095873,39.44347383049537,10.827950689195507,29.068546574095873,0.0,-57.01935005187988,4.157680652544164,815.0370471709963,27.80105393852823,1473.5391014760569,1.0,0.43333333333333335,75.64986268579958,0.36666666666666664,38.54374175224204,20.430776275503625,85.62614586758706,3123.7497231488705,1.1470961734426055,758.0176971191164,973.7156437666115,162.86203543771924,4.695044463636309,160.0402233509365,29.068546574095873,39.44347383049537,10.827950689195507,29.068546574095873,0.0,4.157680652544164,27.80105393852823,1473.5391014760569,75.64986268579958,0.36666666666666664,38.54374175224204,20.430776275503625,85.62614586758706,3123.7497231488705,1.1470961734426055,758.0176971191164,973.7156437666115,162.86203543771924,4.695044463636309,1.0,0.43333333333333335,1.0576,10210.478445278739,443.87961766091104,Wh,443.87961766091104,Wh
7,ce6f7553861d29b1023df0c24e190e90,ARIMA,"{""p"": 1, ""d"": 0, ""q"": 0, ""regression_type"": ""Holiday""}","{""fillna"": ""nearest"", ""transformations"": {""0"": ""DifferencedTransformer"", ""1"": ""DifferencedTransformer"", ""2"": ""DifferencedTransformer""}, ""transformation_params"": {""0"": {""lag"": 1, ""fill"": ""zero""}, ""1"": {""lag"": 1, ""fill"": ""bfill""}, ""2"": {""lag"": 1, ""fill"": ""bfill""}}}",0,1,150.0570332281754,76.9714500317376,98.19769653064711,13.233419293919345,76.9714500317376,0.0,0.0,3.8225794870448073,2309.1435009521283,76.9714500317376,1365.4694082207398,1.0,0.5,198.67188433254756,0.5,86.014186061508,56.93462903408487,462.87116829371104,33072.210617754834,0.31806422300173265,2309.1435009521283,1347.09097927659,138.32538838044118,14.302477964684503,150.0570332281754,76.9714500317376,98.19769653064711,13.233419293919345,76.9714500317376,0.0,3.8225794870448073,76.9714500317376,1365.4694082207398,198.67188433254756,0.5,86.014186061508,56.93462903408487,462.87116829371104,33072.210617754834,0.31806422300173265,2309.1435009521283,1347.09097927659,138.32538838044118,14.302477964684503,1.0,0.5,0.2516,9928.733957359738,1175.3617513625647,Wh,1175.3617513625647,Wh
8,f3540c6eadf2246a061eb4ae9665a9b6,RollingRegression,"{""regression_model"": {""model"": ""ExtraTrees"", ""model_params"": {""n_estimators"": 100, ""min_samples_leaf"": 1, ""max_depth"": 10}}, ""holiday"": false, ""mean_rolling_periods"": null, ""macd_periods"": null, ""std_rolling_periods"": null, ""max_rolling_periods"": 24, ""min_rolling_periods"": 7, ""ewm_var_alpha"": null, ""quantile90_rolling_periods"": null, ""quantile10_rolling_periods"": null, ""ewm_alpha"": null, ""additional_lag_periods"": 363, ""abs_energy"": false, ""rolling_autocorr_periods"": 2, ""nonzero_last_n"": null, ""add_date_part"": null, ""polynomial_degree"": null, ""x_transform"": null, ""regression_type"": null}","{""fillna"": ""ffill"", ""transformations"": {""0"": ""Scaler"", ""1"": ""DifferencedTransformer"", ""2"": ""Scaler"", ""3"": ""DifferencedTransformer"", ""4"": ""DifferencedTransformer""}, ""transformation_params"": {""0"": {}, ""1"": {""lag"": 1, ""fill"": ""bfill""}, ""2"": {}, ""3"": {""lag"": 1, ""fill"": ""bfill""}, ""4"": {""lag"": 1, ""fill"": ""zero""}}}",0,1,142.54865204698447,39.817668291829584,47.02557380937147,10.193478066379068,39.817668291829584,0.0,-6.079659938812256,3.499451130330328,1188.4503888160752,39.68025382304621,1405.980785215067,1.0,0.4,73.4769587142475,0.4666666666666667,42.55755183814073,33.40687323991906,175.24960283139905,4432.813588058139,0.7060400910132425,1182.370728877263,1006.7055310598394,97.74365371720401,7.323421558202066,142.54865204698447,39.817668291829584,47.02557380937147,10.193478066379068,39.817668291829584,0.0,3.499451130330328,39.68025382304621,1405.980785215067,73.4769587142475,0.4666666666666667,42.55755183814073,33.40687323991906,175.24960283139905,4432.813588058139,0.7060400910132425,1182.370728877263,1006.7055310598394,97.74365371720401,7.323421558202066,1.0,0.4,3.8878,9826.941498201557,608.0197829112143,Wh,608.0197829112143,Wh
9,189369f7a4f260dc29aaf8dc715c2e91,RollingRegression,"{""regression_model"": {""model"": ""ExtraTrees"", ""model_params"": {""n_estimators"": 100, ""min_samples_leaf"": 1, ""min_samples_split"": 2, ""max_depth"": null, ""criterion"": ""squared_error"", ""max_features"": 1}}, ""holiday"": false, ""mean_rolling_periods"": null, ""macd_periods"": null, ""std_rolling_periods"": null, ""max_rolling_periods"": 10, ""min_rolling_periods"": 12, ""ewm_var_alpha"": null, ""quantile90_rolling_periods"": null, ""quantile10_rolling_periods"": null, ""ewm_alpha"": null, ""additional_lag_periods"": 59, ""abs_energy"": false, ""rolling_autocorr_periods"": null, ""nonzero_last_n"": null, ""add_date_part"": ""recurring"", ""polynomial_degree"": null, ""x_transform"": null, ""regression_type"": null}","{""fillna"": ""ffill_mean_biased"", ""transformations"": {""0"": ""Scaler"", ""1"": ""DifferencedTransformer"", ""2"": ""DifferencedTransformer"", ""3"": ""DifferencedTransformer"", ""4"": ""Scaler""}, ""transformation_params"": {""0"": {}, ""1"": {""lag"": 1, ""fill"": ""bfill""}, ""2"": {""lag"": 1, ""fill"": ""bfill""}, ""3"": {""lag"": 1, ""fill"": ""bfill""}, ""4"": {}}}",0,1,164.8246150765098,27.84935697040955,39.58505147862243,11.339996511816476,27.84935697040955,0.0,-70.2633137844503,4.326517213644055,765.2173953278361,26.308885413182523,1374.9492328164329,1.0,0.5,79.43117655724286,0.4,40.89728090181981,18.192692735075948,73.76166033329996,3146.608391732852,1.270740720492965,694.9540815433859,990.254363329857,193.60383250273318,4.3044381752989604,164.8246150765098,27.84935697040955,39.58505147862243,11.339996511816476,27.84935697040955,0.0,4.326517213644055,26.308885413182523,1374.9492328164329,79.43117655724286,0.4,40.89728090181981,18.192692735075948,73.76166033329996,3146.608391732852,1.270740720492965,694.9540815433859,990.254363329857,193.60383250273318,4.3044381752989604,1.0,0.5,1.048,9552.008085381693,425.262470299897,Wh,425.262470299897,Wh
10,c011468fbf31dd63c5eb32cd60edca3d,DatepartRegression,"{""regression_model"": {""model"": ""ElasticNet"", ""model_params"": {""l1_ratio"": 0.5, ""fit_intercept"": true, ""selection"": ""cyclic"", ""max_iter"": 1000}}, ""datepart_method"": ""common_fourier"", ""polynomial_degree"": null, ""holiday_countries_used"": false, ""lags"": null, ""forward_lags"": 2, ""regression_type"": null}","{""fillna"": ""rolling_mean"", ""transformations"": {""0"": ""DifferencedTransformer"", ""1"": ""DifferencedTransformer"", ""2"": ""DifferencedTransformer""}, ""transformation_params"": {""0"": {""lag"": 2, ""fill"": ""zero""}, ""1"": {""lag"": 1, ""fill"": ""zero""}, ""2"": {""lag"": 1, ""fill"": ""bfill""}}}",0,1,159.19683001362083,98.98111408222466,128.62759135444,18.17578201799154,98.98111408222466,0.0,0.0,4.112686087927494,2969.43342246674,98.98111408222466,1072.8962090436703,0.9666666666666667,0.5,272.87103828042746,0.5,112.09416412010766,70.93948984573595,606.0024603861183,59141.42983148711,0.5398898392076065,2969.43342246674,1687.6488475196793,182.30691810875442,18.392211690142467,159.19683001362083,98.98111408222466,128.62759135444,18.17578201799154,98.98111408222466,0.0,4.112686087927494,98.98111408222466,1072.8962090436703,272.87103828042746,0.5,112.09416412010766,70.93948984573595,606.0024603861183,59141.42983148711,0.5398898392076065,2969.43342246674,1687.6488475196793,182.30691810875442,18.392211690142467,0.9666666666666667,0.5,0.1077,8204.730242731077,1511.451525877862,Wh,1511.451525877862,Wh
11,80e4d0f0d3cbb8c908664044b0bfd145,DatepartRegression,"{""regression_model"": {""model"": ""ElasticNet"", ""model_params"": {""l1_ratio"": 0.5, ""fit_intercept"": true, ""selection"": ""cyclic"", ""max_iter"": 1000}}, ""datepart_method"": ""expanded_binarized"", ""polynomial_degree"": null, ""holiday_countries_used"": false, ""lags"": null, ""forward_lags"": null, ""regression_type"": null}","{""fillna"": ""time"", ""transformations"": {""0"": ""DifferencedTransformer"", ""1"": ""DifferencedTransformer"", ""2"": ""DifferencedTransformer"", ""3"": ""Scaler""}, ""transformation_params"": {""0"": {""lag"": 7, ""fill"": ""bfill""}, ""1"": {""lag"": 1, ""fill"": ""zero""}, ""2"": {""lag"": 1, ""fill"": ""zero""}, ""3"": {}}}",0,1,167.175623476363,10.114563751181898,13.009083576971346,4.95727371585067,10.114563751181898,0.0,-104.30075325351208,4.489677456703221,199.13615928194486,7.819656097713243,1080.4760463804973,0.9333333333333333,0.4666666666666667,29.075365414610133,0.3333333333333333,16.890142937026052,6.833599222162738,27.814689159327735,1702.5491064447117,0.850695827912781,94.83540602843277,283.8945960929795,94.46461803880152,0.5873958480424847,167.175623476363,10.114563751181898,13.009083576971346,4.95727371585067,10.114563751181898,0.0,4.489677456703221,7.819656097713243,1080.4760463804973,29.075365414610133,0.3333333333333333,16.890142937026052,6.833599222162738,27.814689159327735,1702.5491064447117,0.850695827912781,94.83540602843277,283.8945960929795,94.46461803880152,0.5873958480424847,0.9333333333333333,0.4666666666666667,0.0636,7403.471941681187,154.45040154441136,Wh,154.45040154441136,Wh
12,6b7c276b8cb462d4d25d7709eb2d3689,RollingRegression,"{""regression_model"": {""model"": ""ExtraTrees"", ""model_params"": {""n_estimators"": 100, ""min_samples_leaf"": 1, ""min_samples_split"": 2, ""max_depth"": null, ""criterion"": ""squared_error"", ""max_features"": 1}}, ""holiday"": false, ""mean_rolling_periods"": 7, ""macd_periods"": 96, ""std_rolling_periods"": null, ""max_rolling_periods"": 2, ""min_rolling_periods"": null, ""ewm_var_alpha"": null, ""quantile90_rolling_periods"": null, ""quantile10_rolling_periods"": null, ""ewm_alpha"": 0.5, ""additional_lag_periods"": 11, ""abs_energy"": false, ""rolling_autocorr_periods"": null, ""nonzero_last_n"": null, ""add_date_part"": ""recurring"", ""polynomial_degree"": null, ""x_transform"": null, ""regression_type"": null}","{""fillna"": ""fake_date"", ""transformations"": {""0"": ""DifferencedTransformer"", ""1"": ""DifferencedTransformer"", ""2"": ""Scaler"", ""3"": ""DifferencedTransformer"", ""4"": ""Scaler""}, ""transformation_params"": {""0"": {""lag"": 7, ""fill"": ""bfill""}, ""1"": {""lag"": 1, ""fill"": ""bfill""}, ""2"": {}, ""3"": {""lag"": 1, ""fill"": ""bfill""}, ""4"": {}}}",0,1,176.10688172770202,8.486144392887752,10.98957524529686,4.979162483110036,8.486144392887752,0.0,-121.03453060239553,4.7107152105708145,133.54980118423703,5.837309774089535,1065.3402264989363,0.9333333333333333,0.4666666666666667,28.265612196922305,0.4,14.92720665525029,5.519503898042441,25.393228294566466,1531.4738823218665,0.8909631050437118,12.515270581841477,155.51700674992037,96.71168303715794,0.07751765173755774,176.10688172770202,8.486144392887752,10.98957524529686,4.979162483110036,8.486144392887752,0.0,4.7107152105708145,5.837309774089535,1065.3402264989363,28.265612196922305,0.4,14.92720665525029,5.519503898042441,25.393228294566466,1531.4738823218665,0.8909631050437118,12.515270581841477,155.51700674992037,96.71168303715794,0.07751765173755774,0.9333333333333333,0.4666666666666667,1.0806,7292.1793962692955,129.5842748425223,Wh,129.5842748425223,Wh
13,b8ed239d104a38626d03c1350eccd32d,RollingRegression,"{""regression_model"": {""model"": ""ExtraTrees"", ""model_params"": {""n_estimators"": 100, ""min_samples_leaf"": 1, ""max_depth"": 10}}, ""holiday"": false, ""mean_rolling_periods"": null, ""macd_periods"": null, ""std_rolling_periods"": null, ""max_rolling_periods"": 420, ""min_rolling_periods"": 7, ""ewm_var_alpha"": null, ""quantile90_rolling_periods"": null, ""quantile10_rolling_periods"": null, ""ewm_alpha"": null, ""additional_lag_periods"": 363, ""abs_energy"": false, ""rolling_autocorr_periods"": null, ""nonzero_last_n"": null, ""add_date_part"": ""expanded"", ""polynomial_degree"": null, ""x_transform"": null, ""regression_type"": null}","{""fillna"": ""akima"", ""transformations"": {""0"": ""DifferencedTransformer"", ""1"": ""DifferencedTransformer"", ""2"": ""DifferencedTransformer"", ""3"": ""Scaler"", ""4"": ""Scaler""}, ""transformation_params"": {""0"": {""lag"": 1, ""fill"": ""bfill""}, ""1"": {""lag"": 2, ""fill"": ""bfill""}, ""2"": {""lag"": 2, ""fill"": ""bfill""}, ""3"": {}, ""4"": {}}}",0,1,191.10277483581598,5.1949670420047935,5.288936938124389,1.3709217814557955,5.1949670420047935,0.0,-155.8490112601438,5.1949670420047935,0.0,1.8047435899967084,1060.3462909049915,1.0,0.5,6.5200700759887695,0.5,6.393179426201164,4.992576840634023,21.648594060749744,71.18146777398066,0.13865701325095808,155.8490112601438,151.93664168547355,8.243624830690049,0.9653046891399256,191.10277483581598,5.1949670420047935,5.288936938124389,1.3709217814557955,5.1949670420047935,0.0,5.1949670420047935,1.8047435899967084,1060.3462909049915,6.5200700759887695,0.5,6.393179426201164,4.992576840634023,21.648594060749744,71.18146777398066,0.13865701325095808,155.8490112601438,151.93664168547355,8.243624830690049,0.9653046891399256,1.0,0.5,1.1782,7231.628170132947,79.32766705374378,Wh,79.32766705374378,Wh
14,fc2b65d3ae23f4eb11f9f6630b1a98e3,RollingRegression,"{""regression_model"": {""model"": ""ExtraTrees"", ""model_params"": {""n_estimators"": 100, ""min_samples_leaf"": 1, ""min_samples_split"": 2, ""max_depth"": null, ""criterion"": ""squared_error"", ""max_features"": 1}}, ""holiday"": false, ""mean_rolling_periods"": 5, ""macd_periods"": null, ""std_rolling_periods"": null, ""max_rolling_periods"": 420, ""min_rolling_periods"": 12, ""ewm_var_alpha"": null, ""quantile90_rolling_periods"": null, ""quantile10_rolling_periods"": null, ""ewm_alpha"": null, ""additional_lag_periods"": 11, ""abs_energy"": false, ""rolling_autocorr_periods"": null, ""nonzero_last_n"": null, ""add_date_part"": ""recurring"", ""polynomial_degree"": null, ""x_transform"": null, ""regression_type"": null}","{""fillna"": ""ffill"", ""transformations"": {""0"": ""DifferencedTransformer"", ""1"": ""Scaler"", ""2"": ""Scaler"", ""3"": ""DifferencedTransformer"", ""4"": ""DifferencedTransformer""}, ""transformation_params"": {""0"": {""lag"": 1, ""fill"": ""bfill""}, ""1"": {}, ""2"": {}, ""3"": {""lag"": 2, ""fill"": ""bfill""}, ""4"": {""lag"": 1, ""fill"": ""bfill""}}}",0,1,138.09020708131123,5.013635399296879,5.261642960499376,1.9906366141279108,5.013635399296879,0.0,-96.05471805617213,3.8446139190915516,54.354343922734245,2.9094081202790125,969.2960827755934,1.0,0.43333333333333335,6.827601879388093,0.36666666666666664,6.507734892180293,4.701527742666006,21.26656850875324,68.84176382024064,0.2976038816660327,41.70037413343789,51.25497215834788,11.50080718396157,0.258285672552041,138.09020708131123,5.013635399296879,5.261642960499376,1.9906366141279108,5.013635399296879,0.0,3.8446139190915516,2.9094081202790125,969.2960827755934,6.827601879388093,0.36666666666666664,6.507734892180293,4.701527742666006,21.26656850875324,68.84176382024064,0.2976038816660327,41.70037413343789,51.25497215834788,11.50080718396157,0.258285672552041,1.0,0.43333333333333335,1.0598,6589.23861969674,76.55871470761096,Wh,76.55871470761096,Wh
15,d59e28195ae9e2909f471fb6d33bb506,RollingRegression,"{""regression_model"": {""model"": ""ExtraTrees"", ""model_params"": {""n_estimators"": 100, ""min_samples_leaf"": 1, ""max_depth"": 10}}, ""holiday"": true, ""mean_rolling_periods"": null, ""macd_periods"": null, ""std_rolling_periods"": null, ""max_rolling_periods"": 7, ""min_rolling_periods"": 7, ""ewm_var_alpha"": null, ""quantile90_rolling_periods"": null, ""quantile10_rolling_periods"": null, ""ewm_alpha"": 0.2, ""additional_lag_periods"": 2, ""abs_energy"": false, ""rolling_autocorr_periods"": null, ""nonzero_last_n"": null, ""add_date_part"": ""simple"", ""polynomial_degree"": null, ""x_transform"": null, ""regression_type"": null}","{""fillna"": ""median"", ""transformations"": {""0"": ""Scaler"", ""1"": ""DifferencedTransformer"", ""2"": ""DifferencedTransformer"", ""3"": ""DifferencedTransformer"", ""4"": ""Scaler""}, ""transformation_params"": {""0"": {}, ""1"": {""lag"": 2, ""fill"": ""zero""}, ""2"": {""lag"": 7, ""fill"": ""bfill""}, ""3"": {""lag"": 1, ""fill"": ""zero""}, ""4"": {}}}",0,1,161.75097410556748,4.773518594709113,4.9694708188157355,1.747470162249517,4.773518594709113,0.0,-128.4344789797089,4.505171192871108,14.771078861564465,1.9817724188384767,956.3217098496489,0.9666666666666667,0.4666666666666667,6.5200700759887695,0.3333333333333333,6.283478899505228,4.486838703879206,21.002823630734735,87.744763155925,0.24066398260065947,113.66340011814445,86.41080963606626,9.02653838028981,0.7040135335506726,161.75097410556748,4.773518594709113,4.9694708188157355,1.747470162249517,4.773518594709113,0.0,4.505171192871108,1.9817724188384767,956.3217098496489,6.5200700759887695,0.3333333333333333,6.283478899505228,4.486838703879206,21.002823630734735,87.744763155925,0.24066398260065947,113.66340011814445,86.41080963606626,9.02653838028981,0.7040135335506726,0.9666666666666667,0.4666666666666667,4.1082,6516.109702034872,72.89210705171399,Wh,72.89210705171399,Wh
16,71d473cf6539afceb08103c81c71cad2,ARIMA,"{""p"": 2, ""d"": 0, ""q"": 7, ""regression_type"": null}","{""fillna"": ""zero"", ""transformations"": {""0"": ""DifferencedTransformer"", ""1"": ""DifferencedTransformer"", ""2"": ""Scaler"", ""3"": ""DifferencedTransformer""}, ""transformation_params"": {""0"": {""lag"": 1, ""fill"": ""bfill""}, ""1"": {""lag"": 1, ""fill"": ""zero""}, ""2"": {}, ""3"": {""lag"": 7, ""fill"": ""zero""}}}",0,1,130.83325540765657,28.351279222982043,33.10306828146879,3.926463272073249,28.351279222982043,0.0,0.0,3.13525712424469,850.5383766894613,28.351279222982043,926.3978524140135,1.0,0.5,58.947565984232995,0.5,30.056305851753358,23.101818254331516,155.80965465016573,3408.123740726263,0.1710473701258212,850.5383766894613,583.4587349865744,41.16854478138449,5.2681032537404615,130.83325540765657,28.351279222982043,33.10306828146879,3.926463272073249,28.351279222982043,0.0,3.13525712424469,28.351279222982043,926.3978524140135,58.947565984232995,0.5,30.056305851753358,23.101818254331516,155.80965465016573,3408.123740726263,0.1710473701258212,850.5383766894613,583.4587349865744,41.16854478138449,5.2681032537404615,1.0,0.5,1.7158,6515.498337641423,432.9268733686738,Wh,432.9268733686738,Wh
17,272e35e2085d366a087b951fded827cc,ARIMA,"{""p"": 4, ""d"": 0, ""q"": 0, ""regression_type"": null}","{""fillna"": ""ffill"", ""transformations"": {""0"": ""DifferencedTransformer"", ""1"": ""DifferencedTransformer"", ""2"": ""DifferencedTransformer""}, ""transformation_params"": {""0"": {""lag"": 1, ""fill"": ""bfill""}, ""1"": {""lag"": 2, ""fill"": ""bfill""}, ""2"": {""lag"": 1, ""fill"": ""zero""}}}",0,1,111.7855841946072,21.72518664895962,27.60996674220762,3.8115150937664213,21.72518664895962,0.0,0.0,2.7370701242094637,651.7555994687887,21.72518664895962,917.1428435865763,1.0,0.5,56.53867140344878,0.5,24.902863492218774,15.989531408444055,130.3332181847851,2642.172136952303,0.10927172327467788,651.7555994687887,385.0611523952469,27.92773897633297,4.036873453693314,111.7855841946072,21.72518664895962,27.60996674220762,3.8115150937664213,21.72518664895962,0.0,2.7370701242094637,21.72518664895962,917.1428435865763,56.53867140344878,0.5,24.902863492218774,15.989531408444055,130.3332181847851,2642.172136952303,0.10927172327467788,651.7555994687887,385.0611523952469,27.92773897633297,4.036873453693314,1.0,0.5,0.0483,6388.941092254538,331.74577610102153,Wh,331.74577610102153,Wh
18,e20959d3ee045c2a0f8bca726ec7ec56,DatepartRegression,"{""regression_model"": {""model"": ""RandomForest"", ""model_params"": {""n_estimators"": 100, ""min_samples_leaf"": 2, ""bootstrap"": true}}, ""datepart_method"": ""expanded"", ""polynomial_degree"": null, ""holiday_countries_used"": false, ""lags"": null, ""forward_lags"": null, ""regression_type"": null}","{""fillna"": ""ffill"", ""transformations"": {""0"": ""Scaler"", ""1"": ""DifferencedTransformer"", ""2"": ""DifferencedTransformer"", ""3"": ""Scaler""}, ""transformation_params"": {""0"": {}, ""1"": {""lag"": 1, ""fill"": ""zero""}, ""2"": {""lag"": 1, ""fill"": ""bfill""}, ""3"": {}}}",0,1,125.47023307627758,27.13375569164564,32.68937351906973,4.132112668612846,27.13375569164564,0.0,0.0,3.027357316552513,814.0126707493691,27.13375569164564,108.08666732616123,1.0,0.5,62.03495800400725,0.5,29.570034330088667,21.270558912522283,154.3978002306033,3482.89634038408,0.2361591528715942,814.0126707493691,527.7906986674759,38.735588636958084,5.041868676228362,125.47023307627758,27.13375569164564,32.68937351906973,4.132112668612846,27.13375569164564,0.0,3.027357316552513,27.13375569164564,108.08666732616123,62.03495800400725,0.5,29.570034330088667,21.270558912522283,154.3978002306033,3482.89634038408,0.2361591528715942,814.0126707493691,527.7906986674759,38.735588636958084,5.041868676228362,1.0,0.5,0.1959,1053.207293743847,414.3351670993151,Wh,414.3351670993151,Wh
19,3ec739047b7f9c9abb0dd3362f15ec9e,RollingRegression,"{""regression_model"": {""model"": ""ExtraTrees"", ""model_params"": {""n_estimators"": 100, ""min_samples_leaf"": 1, ""min_samples_split"": 2, ""max_depth"": null, ""criterion"": ""squared_error"", ""max_features"": 1}}, ""holiday"": false, ""mean_rolling_periods"": null, ""macd_periods"": null, ""std_rolling_periods"": null, ""max_rolling_periods"": 24, ""min_rolling_periods"": 7, ""ewm_var_alpha"": null, ""quantile90_rolling_periods"": null, ""quantile10_rolling_periods"": null, ""ewm_alpha"": null, ""additional_lag_periods"": 363, ""abs_energy"": false, ""rolling_autocorr_periods"": 2, ""nonzero_last_n"": null, ""add_date_part"": null, ""polynomial_degree"": null, ""x_transform"": null, ""regression_type"": null}","{""fillna"": ""ffill"", ""transformations"": {""0"": ""DifferencedTransformer"", ""1"": ""Scaler"", ""2"": ""Scaler"", ""3"": ""DifferencedTransformer"", ""4"": ""Scaler"", ""5"": ""Scaler""}, ""transformation_params"": {""0"": {""lag"": 1, ""fill"": ""bfill""}, ""1"": {}, ""2"": {}, ""3"": {""lag"": 1, ""fill"": ""zero""}, ""4"": {}, ""5"": {}}}",0,1,117.35687968518604,22.714744030977283,27.72566564854258,3.337106464867813,22.714744030977283,0.0,0.0,2.8434629289284667,681.4423209293185,22.714744030977283,99.54962787966444,1.0,0.5,49.11123059451579,0.5,25.317668161764313,17.737383926653862,130.58472004205606,2348.950311446506,0.4508020638288426,681.4423209293185,432.1629973796631,29.90515432057665,4.22074841831023,117.35687968518604,22.714744030977283,27.72566564854258,3.337106464867813,22.714744030977283,0.0,2.8434629289284667,22.714744030977283,99.54962787966444,49.11123059451579,0.5,25.317668161764313,17.737383926653862,130.58472004205606,2348.950311446506,0.4508020638288426,681.4423209293185,432.1629973796631,29.90515432057665,4.22074841831023,1.0,0.5,3.678,951.2942120878712,346.85641643743793,Wh,346.85641643743793,Wh
20,254771f230ba90cc34195e41b85e82a3,RollingRegression,"{""regression_model"": {""model"": ""ExtraTrees"", ""model_params"": {""n_estimators"": 100, ""min_samples_leaf"": 1, ""min_samples_split"": 2, ""max_depth"": null, ""criterion"": ""squared_error"", ""max_features"": 1}}, ""holiday"": false, ""mean_rolling_periods"": 30, ""macd_periods"": 60, ""std_rolling_periods"": 7, ""max_rolling_periods"": 420, ""min_rolling_periods"": 12, ""ewm_var_alpha"": null, ""quantile90_rolling_periods"": null, ""quantile10_rolling_periods"": null, ""ewm_alpha"": 0.2, ""additional_lag_periods"": 59, ""abs_energy"": false, ""rolling_autocorr_periods"": null, ""nonzero_last_n"": null, ""add_date_part"": ""recurring"", ""polynomial_degree"": null, ""x_transform"": null, ""regression_type"": null}","{""fillna"": ""ffill"", ""transformations"": {""0"": ""Scaler"", ""1"": ""DifferencedTransformer"", ""2"": ""DifferencedTransformer""}, ""transformation_params"": {""0"": {}, ""1"": {""lag"": 7, ""fill"": ""bfill""}, ""2"": {""lag"": 2, ""fill"": ""bfill""}}}",0,1,141.11759510849487,15.06504454179108,17.70723099652584,4.647342840526873,15.06504454179108,0.0,-49.681006352454425,3.631589251640967,402.27032990127805,13.97307755625875,96.11746098928543,0.9,0.4666666666666667,28.748128571510314,0.4,20.780352299897835,12.676007958739996,38.94787988605653,1960.6716560311938,0.8925653935726786,352.5893235488236,585.1396121061794,76.14696911139268,2.1838837770631088,141.11759510849487,15.06504454179108,17.70723099652584,4.647342840526873,15.06504454179108,0.0,3.631589251640967,13.97307755625875,96.11746098928543,28.748128571510314,0.4,20.780352299897835,12.676007958739996,38.94787988605653,1960.6716560311938,0.8925653935726786,352.5893235488236,585.1396121061794,76.14696911139268,2.1838837770631088,0.9,0.4666666666666667,1.0797,872.2138640774456,230.04473905186327,Wh,230.04473905186327,Wh
21,df7014358193e669ee1fc99e83f8b6e6,ARIMA,"{""p"": 2, ""d"": 1, ""q"": 1, ""regression_type"": null}","{""fillna"": ""akima"", ""transformations"": {""0"": ""Scaler"", ""1"": ""DifferencedTransformer"", ""2"": ""Scaler"", ""3"": ""DifferencedTransformer""}, ""transformation_params"": {""0"": {}, ""1"": {""lag"": 1, ""fill"": ""bfill""}, ""2"": {}, ""3"": {""lag"": 2, ""fill"": ""bfill""}}}",0,1,66.01013084709342,6.439351989858058,7.923833291660605,1.4516689152354316,6.439351989858058,0.0,0.0,1.7848196705180315,193.18055969574175,6.439351989858058,114.50239102992252,1.0,0.4666666666666667,15.72196741843587,0.5,7.930026598908299,4.877485605059756,37.43774522460626,209.98774247342718,0.05665077280264872,193.18055969574175,121.84485317833301,2.618368085831699,1.196530530525502,66.01013084709342,6.439351989858058,7.923833291660605,1.4516689152354316,6.439351989858058,0.0,1.7848196705180315,6.439351989858058,114.50239102992252,15.72196741843587,0.5,7.930026598908299,4.877485605059756,37.43774522460626,209.98774247342718,0.05665077280264872,193.18055969574175,121.84485317833301,2.618368085831699,1.196530530525502,1.0,0.4666666666666667,0.0954,865.7970189077367,98.32954984372569,Wh,98.32954984372569,Wh
22,c4615a9cc154ad72186af4c51b38c04a,RollingRegression,"{""regression_model"": {""model"": ""ExtraTrees"", ""model_params"": {""n_estimators"": 100, ""min_samples_leaf"": 1, ""min_samples_split"": 2, ""max_depth"": null, ""criterion"": ""squared_error"", ""max_features"": 1}}, ""holiday"": true, ""mean_rolling_periods"": null, ""macd_periods"": null, ""std_rolling_periods"": null, ""max_rolling_periods"": 420, ""min_rolling_periods"": null, ""ewm_var_alpha"": null, ""quantile90_rolling_periods"": null, ""quantile10_rolling_periods"": null, ""ewm_alpha"": null, ""additional_lag_periods"": 11, ""abs_energy"": false, ""rolling_autocorr_periods"": null, ""nonzero_last_n"": null, ""add_date_part"": null, ""polynomial_degree"": null, ""x_transform"": null, ""regression_type"": null}","{""fillna"": ""fake_date"", ""transformations"": {""0"": ""Scaler"", ""1"": ""Scaler"", ""2"": ""DifferencedTransformer"", ""3"": ""Scaler"", ""4"": ""DifferencedTransformer""}, ""transformation_params"": {""0"": {}, ""1"": {}, ""2"": {""lag"": 1, ""fill"": ""bfill""}, ""3"": {}, ""4"": {""lag"": 1, ""fill"": ""zero""}}}",0,1,106.4766743638696,14.90997754526138,16.930832702090374,2.383069749209127,14.90997754526138,0.0,0.0,2.5787638592668674,447.29932635784144,14.90997754526138,98.25166176505178,1.0,0.5333333333333333,32.26142598628997,0.5,15.919490097930117,12.28129838809967,79.27628913704848,936.83352459002,0.38405938015140884,447.29932635784144,326.63396360314624,14.81621912482077,2.770502896945718,106.4766743638696,14.90997754526138,16.930832702090374,2.383069749209127,14.90997754526138,0.0,2.5787638592668674,14.90997754526138,98.25166176505178,32.26142598628997,0.5,15.919490097930117,12.28129838809967,79.27628913704848,936.83352459002,0.38405938015140884,447.29932635784144,326.63396360314624,14.81621912482077,2.770502896945718,1.0,0.5333333333333333,4.1918,858.1042353731139,227.67685048351063,Wh,227.67685048351063,Wh
23,8f0680bd2e37fc42491e5956056ac0eb,WindowRegression,"{""window_size"": 20, ""input_dim"": ""univariate"", ""output_dim"": ""1step"", ""normalize_window"": false, ""max_windows"": 5000000, ""fourier_encoding_components"": null, ""scale"": true, ""datepart_method"": null, ""regression_type"": null, ""regression_model"": {""model"": ""KNN"", ""model_params"": {""n_neighbors"": 14, ""weights"": ""uniform"", ""p"": 2, ""leaf_size"": 10}}}","{""fillna"": ""ffill"", ""transformations"": {""0"": ""DifferencedTransformer"", ""1"": ""Scaler"", ""2"": ""Scaler"", ""3"": ""DifferencedTransformer""}, ""transformation_params"": {""0"": {""lag"": 1, ""fill"": ""zero""}, ""1"": {}, ""2"": {}, ""3"": {""lag"": 7, ""fill"": ""bfill""}}}",0,1,119.62982012431381,33.73984113583962,45.50958239787336,6.689775987647814,33.73984113583962,0.0,0.0,2.9654842448354217,1012.1952340751886,33.73984113583962,63.83718830750887,1.0,0.5,99.91074813529849,0.5,40.127948635190684,23.127142831534147,213.2533225873432,7629.70587769486,0.23231242173283262,1012.1952340751886,537.1223797987086,52.04695032753695,6.269380844174389,119.62982012431381,33.73984113583962,45.50958239787336,6.689775987647814,33.73984113583962,0.0,2.9654842448354217,33.73984113583962,63.83718830750887,99.91074813529849,0.5,40.127948635190684,23.127142831534147,213.2533225873432,7629.70587769486,0.23231242173283262,1012.1952340751886,537.1223797987086,52.04695032753695,6.269380844174389,1.0,0.5,0.532,833.8488228181427,515.2107534905944,Wh,515.2107534905944,Wh
24,a08bde784e9fd8fc67736e515ffb8bb1,DatepartRegression,"{""regression_model"": {""model"": ""ElasticNet"", ""model_params"": {""l1_ratio"": 0.5, ""fit_intercept"": true, ""selection"": ""cyclic"", ""max_iter"": 1000}}, ""datepart_method"": ""expanded_binarized"", ""polynomial_degree"": null, ""holiday_countries_used"": false, ""lags"": null, ""forward_lags"": null, ""regression_type"": null}","{""fillna"": ""ffill"", ""transformations"": {""0"": ""DifferencedTransformer"", ""1"": ""Scaler"", ""2"": ""DifferencedTransformer""}, ""transformation_params"": {""0"": {""lag"": 1, ""fill"": ""bfill""}, ""1"": {}, ""2"": {""lag"": 2, ""fill"": ""zero""}}}",0,1,97.72834640686152,17.830692505495,23.935083097598497,3.587861898573891,17.830692505495,0.0,0.0,2.420336524538273,534.92077516485,17.830692505495,89.07248197989277,1.0,0.5,52.0515356126125,0.5,21.59262919486145,12.2863573084143,112.23152567469474,2092.2558583426203,0.11858983455549536,534.92077516485,286.2302012540203,21.04261942312598,3.3132166088823034,97.72834640686152,17.830692505495,23.935083097598497,3.587861898573891,17.830692505495,0.0,2.420336524538273,17.830692505495,89.07248197989277,52.0515356126125,0.5,21.59262919486145,12.2863573084143,112.23152567469474,2092.2558583426203,0.11858983455549536,534.92077516485,286.2302012540203,21.04261942312598,3.3132166088823034,1.0,0.5,0.0787,831.0783108349546,272.27646046195775,Wh,272.27646046195775,Wh
25,4f237141b9acd54ecfebe41a7fde9ab0,RollingRegression,"{""regression_model"": {""model"": ""ExtraTrees"", ""model_params"": {""n_estimators"": 100, ""min_samples_leaf"": 1, ""min_samples_split"": 2, ""max_depth"": null, ""criterion"": ""squared_error"", ""max_features"": 1}}, ""holiday"": true, ""mean_rolling_periods"": null, ""macd_periods"": null, ""std_rolling_periods"": null, ""max_rolling_periods"": 420, ""min_rolling_periods"": 12, ""ewm_var_alpha"": null, ""quantile90_rolling_periods"": null, ""quantile10_rolling_periods"": null, ""ewm_alpha"": 0.2, ""additional_lag_periods"": 11, ""abs_energy"": false, ""rolling_autocorr_periods"": null, ""nonzero_last_n"": null, ""add_date_part"": ""recurring"", ""polynomial_degree"": null, ""x_transform"": null, ""regression_type"": null}","{""fillna"": ""ffill"", ""transformations"": {""0"": ""DifferencedTransformer"", ""1"": ""DifferencedTransformer""}, ""transformation_params"": {""0"": {""lag"": 7, ""fill"": ""bfill""}, ""1"": {""lag"": 1, ""fill"": ""bfill""}}}",0,1,113.98166426491966,17.91809355197847,20.41506971345603,4.313741776981957,17.91809355197847,0.0,-6.078062276095138,2.7929002159919962,531.464744283259,17.804295399204218,88.20466940590867,0.8666666666666667,0.4666666666666667,29.20263884305954,0.5,23.171271080543203,15.777283364230396,46.1963932066718,2204.0014801009615,0.8301299013079245,525.386682007164,716.8645939106574,66.29450316451015,3.254163909366302,113.98166426491966,17.91809355197847,20.41506971345603,4.313741776981957,17.91809355197847,0.0,2.7929002159919962,17.804295399204218,88.20466940590867,29.20263884305954,0.5,23.171271080543203,15.777283364230396,46.1963932066718,2204.0014801009615,0.8301299013079245,525.386682007164,716.8645939106574,66.29450316451015,3.254163909366302,0.8666666666666667,0.4666666666666667,4.2053,826.4312346077875,273.61108319575544,Wh,273.61108319575544,Wh
26,68897f9f12b1223f4d51bf290557dc36,RollingRegression,"{""regression_model"": {""model"": ""DecisionTree"", ""model_params"": {""max_depth"": 3, ""min_samples_split"": 2}}, ""holiday"": false, ""mean_rolling_periods"": 7, ""macd_periods"": 2, ""std_rolling_periods"": 30, ""max_rolling_periods"": null, ""min_rolling_periods"": null, ""ewm_var_alpha"": null, ""quantile90_rolling_periods"": null, ""quantile10_rolling_periods"": null, ""ewm_alpha"": null, ""additional_lag_periods"": 90, ""abs_energy"": false, ""rolling_autocorr_periods"": 2, ""nonzero_last_n"": null, ""add_date_part"": ""simple_binarized"", ""polynomial_degree"": null, ""x_transform"": null, ""regression_type"": null}","{""fillna"": ""ffill"", ""transformations"": {""0"": ""DifferencedTransformer"", ""1"": ""Scaler"", ""2"": ""DifferencedTransformer"", ""3"": ""Scaler""}, ""transformation_params"": {""0"": {""lag"": 1, ""fill"": ""bfill""}, ""1"": {}, ""2"": {""lag"": 1, ""fill"": ""zero""}, ""3"": {}}}",0,1,97.46957005300119,12.271215522785983,13.955162572097944,2.3699257251427035,12.271215522785983,0.0,0.0,2.410637830266544,368.1364656835795,12.271215522785983,97.80889755859766,1.0,0.4666666666666667,24.362332115570712,0.5,13.712260952188283,10.280534317427216,64.17713251728955,465.2282598405901,0.28365331212081846,368.1364656835795,269.0530982099847,10.176389250738012,2.2801803726209324,97.46957005300119,12.271215522785983,13.955162572097944,2.3699257251427035,12.271215522785983,0.0,2.410637830266544,12.271215522785983,97.80889755859766,24.362332115570712,0.5,13.712260952188283,10.280534317427216,64.17713251728955,465.2282598405901,0.28365331212081846,368.1364656835795,269.0530982099847,10.176389250738012,2.2801803726209324,1.0,0.4666666666666667,3.3535,825.5586570136536,187.38269010473553,Wh,187.38269010473553,Wh
27,43773451abf07a8d0bf81f943bbe5e2e,DatepartRegression,"{""regression_model"": {""model"": ""ElasticNet"", ""model_params"": {""l1_ratio"": 0.5, ""fit_intercept"": true, ""selection"": ""cyclic"", ""max_iter"": 1000}}, ""datepart_method"": [""constant"", ""year"", ""hour""], ""polynomial_degree"": null, ""holiday_countries_used"": false, ""lags"": null, ""forward_lags"": null, ""regression_type"": null}","{""fillna"": ""fake_date"", ""transformations"": {""0"": ""Scaler"", ""1"": ""DifferencedTransformer"", ""2"": ""DifferencedTransformer"", ""3"": ""Scaler"", ""4"": ""Scaler"", ""5"": ""Scaler""}, ""transformation_params"": {""0"": {}, ""1"": {""lag"": 7, ""fill"": ""bfill""}, ""2"": {""lag"": 1, ""fill"": ""bfill""}, ""3"": {}, ""4"": {}, ""5"": {}}}",0,1,114.29362207389165,17.683241534233094,19.74439602731375,3.9714628118751123,17.683241534233094,0.0,0.0,2.7407011107874557,530.4972460269928,17.683241534233094,88.30341450447958,0.8666666666666667,0.4666666666666667,29.60509794205427,0.5,22.625082049405098,15.44898652344942,47.530376550678135,2161.5505335940775,0.7252435456705768,530.4972460269928,697.939584222284,66.77307067994434,3.2858179530628377,114.29362207389165,17.683241534233094,19.74439602731375,3.9714628118751123,17.683241534233094,0.0,2.7407011107874557,17.683241534233094,88.30341450447958,29.60509794205427,0.5,22.625082049405098,15.44898652344942,47.530376550678135,2161.5505335940775,0.7252435456705768,530.4972460269928,697.939584222284,66.77307067994434,3.2858179530628377,0.8666666666666667,0.4666666666666667,0.072,823.4736797059326,270.0248693622572,Wh,270.0248693622572,Wh
28,4f34d02cc7887e24eb65482892cfdbdf,RollingRegression,"{""regression_model"": {""model"": ""ExtraTrees"", ""model_params"": {""n_estimators"": 100, ""min_samples_leaf"": 1, ""min_samples_split"": 2, ""max_depth"": null, ""criterion"": ""squared_error"", ""max_features"": 1}}, ""holiday"": false, ""mean_rolling_periods"": 5, ""macd_periods"": null, ""std_rolling_periods"": null, ""max_rolling_periods"": 10, ""min_rolling_periods"": 12, ""ewm_var_alpha"": null, ""quantile90_rolling_periods"": null, ""quantile10_rolling_periods"": null, ""ewm_alpha"": null, ""additional_lag_periods"": 2, ""abs_energy"": false, ""rolling_autocorr_periods"": null, ""nonzero_last_n"": null, ""add_date_part"": ""recurring"", ""polynomial_degree"": null, ""x_transform"": null, ""regression_type"": null}","{""fillna"": ""ffill"", ""transformations"": {""0"": ""Scaler"", ""1"": ""DifferencedTransformer"", ""2"": ""DifferencedTransformer""}, ""transformation_params"": {""0"": {}, ""1"": {""lag"": 7, ""fill"": ""zero""}, ""2"": {""lag"": 1, ""fill"": ""zero""}}}",0,1,120.51307052094408,12.94821499395867,15.975747921203313,4.418536289878791,12.94821499395867,0.0,-37.185170950889564,3.145171685868193,351.2612788678706,12.160866483495049,92.55645882128643,0.8666666666666667,0.4666666666666667,29.082609224319455,0.43333333333333335,19.425438018632335,9.97431768220663,31.994798517234162,1875.0514441425296,0.840743964144162,314.076107916981,531.5841717409304,79.89007206395446,1.9453388716917248,120.51307052094408,12.94821499395867,15.975747921203313,4.418536289878791,12.94821499395867,0.0,3.145171685868193,12.160866483495049,92.55645882128643,29.082609224319455,0.43333333333333335,19.425438018632335,9.97431768220663,31.994798517234162,1875.0514441425296,0.840743964144162,314.076107916981,531.5841717409304,79.89007206395446,1.9453388716917248,0.8666666666666667,0.4666666666666667,1.0386,818.5889472109193,197.72053983708383,Wh,197.72053983708383,Wh
29,e71fcc934cfc2912a66952c7213f9ba0,RollingRegression,"{""regression_model"": {""model"": ""ExtraTrees"", ""model_params"": {""n_estimators"": 100, ""min_samples_leaf"": 1, ""min_samples_split"": 2, ""max_depth"": null, ""criterion"": ""squared_error"", ""max_features"": 1}}, ""holiday"": false, ""mean_rolling_periods"": 5, ""macd_periods"": null, ""std_rolling_periods"": null, ""max_rolling_periods"": 10, ""min_rolling_periods"": 12, ""ewm_var_alpha"": null, ""quantile90_rolling_periods"": null, ""quantile10_rolling_periods"": null, ""ewm_alpha"": null, ""additional_lag_periods"": 2, ""abs_energy"": false, ""rolling_autocorr_periods"": null, ""nonzero_last_n"": null, ""add_date_part"": ""recurring"", ""polynomial_degree"": null, ""x_transform"": null, ""regression_type"": null}","{""fillna"": ""mean"", ""transformations"": {""0"": ""Scaler"", ""1"": ""Scaler"", ""2"": ""DifferencedTransformer"", ""3"": ""DifferencedTransformer""}, ""transformation_params"": {""0"": {}, ""1"": {}, ""2"": {""lag"": 7, ""fill"": ""one""}, ""3"": {""lag"": 1, ""fill"": ""bfill""}}}",0,1,103.09033691696617,14.625666083847475,17.13058850401976,4.086850439243548,14.625666083847475,0.0,-1.35995956286789,2.5386405578009357,437.41002295255635,14.608955581235636,92.22088681272241,0.8666666666666667,0.4666666666666667,29.148090701103207,0.4666666666666667,20.33152180070456,11.957759430861467,36.1998792653783,1945.267561409233,0.8221196620495609,436.05006338968843,606.3829572768201,72.02715844303401,2.700826700704727,103.09033691696617,14.625666083847475,17.13058850401976,4.086850439243548,14.625666083847475,0.0,2.5386405578009357,14.608955581235636,92.22088681272241,29.148090701103207,0.4666666666666667,20.33152180070456,11.957759430861467,36.1998792653783,1945.267561409233,0.8221196620495609,436.05006338968843,606.3829572768201,72.02715844303401,2.700826700704727,0.8666666666666667,0.4666666666666667,1.0581,817.7751105252183,223.33538599138905,Wh,223.33538599138905,Wh
30,ecd37109987e280daa173db421b57618,RollingRegression,"{""regression_model"": {""model"": ""ExtraTrees"", ""model_params"": {""n_estimators"": 100, ""min_samples_leaf"": 1, ""min_samples_split"": 2, ""max_depth"": null, ""criterion"": ""squared_error"", ""max_features"": 1}}, ""holiday"": true, ""mean_rolling_periods"": null, ""macd_periods"": null, ""std_rolling_periods"": null, ""max_rolling_periods"": 420, ""min_rolling_periods"": null, ""ewm_var_alpha"": null, ""quantile90_rolling_periods"": null, ""quantile10_rolling_periods"": null, ""ewm_alpha"": null, ""additional_lag_periods"": 11, ""abs_energy"": true, ""rolling_autocorr_periods"": 2, ""nonzero_last_n"": null, ""add_date_part"": ""recurring"", ""polynomial_degree"": null, ""x_transform"": null, ""regression_type"": null}","{""fillna"": ""ffill"", ""transformations"": {""0"": ""Scaler"", ""1"": ""Scaler"", ""2"": ""DifferencedTransformer"", ""3"": ""DifferencedTransformer""}, ""transformation_params"": {""0"": {}, ""1"": {}, ""2"": {""lag"": 2, ""fill"": ""bfill""}, ""3"": {""lag"": 2, ""fill"": ""bfill""}}}",0,1,171.6926600597137,4.8820610582828525,5.102261533828362,1.7717946338821007,4.8820610582828525,0.0,-138.58348584651947,4.739771217629208,7.878345901966097,1.8581366673772233,99.72026611146457,0.9666666666666667,0.4666666666666667,6.5200700759887695,0.4,6.433134012656477,4.617089660167694,21.23113440999034,89.2799333739748,0.25437088990299916,130.70513994455337,108.98550552133513,9.920130234627939,0.8095674362191724,171.6926600597137,4.8820610582828525,5.102261533828362,1.7717946338821007,4.8820610582828525,0.0,4.739771217629208,1.8581366673772233,99.72026611146457,6.5200700759887695,0.4,6.433134012656477,4.617089660167694,21.23113440999034,89.2799333739748,0.25437088990299916,130.70513994455337,108.98550552133513,9.920130234627939,0.8095674362191724,0.9666666666666667,0.4666666666666667,6.837,817.3240134989956,74.54956134198181,Wh,74.54956134198181,Wh
31,ad544e2890ff24026677fc2d189ce933,RollingRegression,"{""regression_model"": {""model"": ""ExtraTrees"", ""model_params"": {""n_estimators"": 100, ""min_samples_leaf"": 1, ""min_samples_split"": 2, ""max_depth"": null, ""criterion"": ""squared_error"", ""max_features"": 1}}, ""holiday"": false, ""mean_rolling_periods"": 7, ""macd_periods"": 52, ""std_rolling_periods"": null, ""max_rolling_periods"": 420, ""min_rolling_periods"": null, ""ewm_var_alpha"": null, ""quantile90_rolling_periods"": null, ""quantile10_rolling_periods"": null, ""ewm_alpha"": null, ""additional_lag_periods"": 11, ""abs_energy"": false, ""rolling_autocorr_periods"": null, ""nonzero_last_n"": null, ""add_date_part"": ""recurring"", ""polynomial_degree"": null, ""x_transform"": null, ""regression_type"": null}","{""fillna"": ""rolling_mean_24"", ""transformations"": {""0"": ""DifferencedTransformer"", ""1"": ""Scaler"", ""2"": ""Scaler"", ""3"": ""DifferencedTransformer""}, ""transformation_params"": {""0"": {""lag"": 1, ""fill"": ""bfill""}, ""1"": {}, ""2"": {}, ""3"": {""lag"": 7, ""fill"": ""bfill""}}}",0,1,168.91218955507628,4.75284258111318,4.9885642101548315,1.2583827347256578,4.75284258111318,0.0,-142.5852774333954,4.75284258111318,0.0,1.6964038131455097,94.97471328895898,1.0,0.5,6.5200700759887695,0.5,6.203534274405345,4.462027487564087,21.085207328534004,63.36205539647094,0.07580400157023408,142.5852774333954,128.03357132683448,7.360135192878485,0.8831511717390845,168.91218955507628,4.75284258111318,4.9885642101548315,1.2583827347256578,4.75284258111318,0.0,4.75284258111318,1.6964038131455097,94.97471328895898,6.5200700759887695,0.5,6.203534274405345,4.462027487564087,21.085207328534004,63.36205539647094,0.07580400157023408,142.5852774333954,128.03357132683448,7.360135192878485,0.8831511717390845,1.0,0.5,1.0471,783.0429614162035,72.57638225321674,Wh,72.57638225321674,Wh
32,121b5b9cde01933e7fefc55971f8591c,DatepartRegression,"{""regression_model"": {""model"": ""ElasticNet"", ""model_params"": {""l1_ratio"": 0.5, ""fit_intercept"": true, ""selection"": ""cyclic"", ""max_iter"": 2000}}, ""datepart_method"": ""expanded"", ""polynomial_degree"": null, ""holiday_countries_used"": false, ""lags"": null, ""forward_lags"": null, ""regression_type"": null}","{""fillna"": ""cubic"", ""transformations"": {""0"": ""DifferencedTransformer"", ""1"": ""DifferencedTransformer""}, ""transformation_params"": {""0"": {""lag"": 1, ""fill"": ""zero""}, ""1"": {""lag"": 1, ""fill"": ""bfill""}}}",0,1,62.73567458665929,5.085002950423708,5.367846496893921,1.408160838578015,5.085002950423708,0.0,0.0,1.7526601124201011,152.55008851271123,5.085002950423708,104.41676340455176,1.0,0.43333333333333335,7.486614352208562,0.5,6.067649855401494,4.661108281591441,20.358196905971877,60.431267469937545,0.04551414889215178,152.55008851271123,148.18656724395353,4.444144324077016,0.9448716714938173,62.73567458665929,5.085002950423708,5.367846496893921,1.408160838578015,5.085002950423708,0.0,1.7526601124201011,5.085002950423708,104.41676340455176,7.486614352208562,0.5,6.067649855401494,4.661108281591441,20.358196905971877,60.431267469937545,0.04551414889215178,152.55008851271123,148.18656724395353,4.444144324077016,0.9448716714938173,1.0,0.43333333333333335,0.0677,780.8247925580272,77.64850436141506,Wh,77.64850436141506,Wh
33,72b1a5f92ae9fafd876a8edfc34cd7a1,WindowRegression,"{""window_size"": 20, ""input_dim"": ""univariate"", ""output_dim"": ""1step"", ""normalize_window"": false, ""max_windows"": 5000000, ""fourier_encoding_components"": null, ""scale"": true, ""datepart_method"": null, ""regression_type"": null, ""regression_model"": {""model"": ""KNN"", ""model_params"": {""n_neighbors"": 14, ""weights"": ""uniform"", ""p"": 2, ""leaf_size"": 10}}}","{""fillna"": ""rolling_mean_24"", ""transformations"": {""0"": ""DifferencedTransformer"", ""1"": ""DifferencedTransformer""}, ""transformation_params"": {""0"": {""lag"": 1, ""fill"": ""zero""}, ""1"": {""lag"": 1, ""fill"": ""zero""}}}",0,1,114.10286574839866,25.116644173922637,32.58864040803376,4.460189691254957,25.116644173922637,0.0,0.0,2.7970488347682823,753.4993252176791,25.116644173922637,67.74480689034382,1.0,0.5,66.49276704713702,0.5,29.172692618583177,18.144507896006107,153.4224313005143,3668.6879391238153,0.16260698978425409,753.4993252176791,428.00281231954324,34.82691805723618,4.667058366397264,114.10286574839866,25.116644173922637,32.58864040803376,4.460189691254957,25.116644173922637,0.0,2.7970488347682823,25.116644173922637,67.74480689034382,66.49276704713702,0.5,29.172692618583177,18.144507896006107,153.4224313005143,3668.6879391238153,0.16260698978425409,753.4993252176791,428.00281231954324,34.82691805723618,4.667058366397264,1.0,0.5,0.5425,766.8333662908881,383.5336721919573,Wh,383.5336721919573,Wh
34,67fef2bcd9fc4bf460cdb46c87119479,RollingRegression,"{""regression_model"": {""model"": ""ExtraTrees"", ""model_params"": {""n_estimators"": 100, ""min_samples_leaf"": 1, ""min_samples_split"": 2, ""max_depth"": null, ""criterion"": ""squared_error"", ""max_features"": 1}}, ""holiday"": false, ""mean_rolling_periods"": 5, ""macd_periods"": 52, ""std_rolling_periods"": 7, ""max_rolling_periods"": 364, ""min_rolling_periods"": null, ""ewm_var_alpha"": null, ""quantile90_rolling_periods"": null, ""quantile10_rolling_periods"": null, ""ewm_alpha"": 0.5, ""additional_lag_periods"": 2, ""abs_energy"": false, ""rolling_autocorr_periods"": 7, ""nonzero_last_n"": null, ""add_date_part"": ""recurring"", ""polynomial_degree"": null, ""x_transform"": null, ""regression_type"": null}","{""fillna"": ""ffill"", ""transformations"": {""0"": ""Scaler"", ""1"": ""Scaler"", ""2"": ""DifferencedTransformer"", ""3"": ""DifferencedTransformer""}, ""transformation_params"": {""0"": {}, ""1"": {}, ""2"": {""lag"": 1, ""fill"": ""bfill""}, ""3"": {""lag"": 2, ""fill"": ""bfill""}}}",0,1,159.20444990648102,4.487615926106771,4.850747479982782,1.2769830226092667,4.487615926106771,0.0,-134.62847778320312,4.487615926106771,0.0,1.6069982342822244,93.08828779387345,1.0,0.5,6.5200700759887695,0.5,6.076715697858291,4.143755501556396,20.71673645394872,60.096595973624325,0.09656254783037528,134.62847778320312,114.24209091890384,7.024293662551873,0.8338679844363637,159.20444990648102,4.487615926106771,4.850747479982782,1.2769830226092667,4.487615926106771,0.0,4.487615926106771,1.6069982342822244,93.08828779387345,6.5200700759887695,0.5,6.076715697858291,4.143755501556396,20.71673645394872,60.096595973624325,0.09656254783037528,134.62847778320312,114.24209091890384,7.024293662551873,0.8338679844363637,1.0,0.5,3.4798,762.3934027188852,68.5263446664514,Wh,68.5263446664514,Wh
35,d5aedddf5c001b288ca3f4efa560d02f,RollingRegression,"{""regression_model"": {""model"": ""ExtraTrees"", ""model_params"": {""n_estimators"": 100, ""min_samples_leaf"": 1, ""min_samples_split"": 2, ""max_depth"": null, ""criterion"": ""squared_error"", ""max_features"": 1}}, ""holiday"": false, ""mean_rolling_periods"": 5, ""macd_periods"": 52, ""std_rolling_periods"": 7, ""max_rolling_periods"": 10, ""min_rolling_periods"": null, ""ewm_var_alpha"": null, ""quantile90_rolling_periods"": null, ""quantile10_rolling_periods"": null, ""ewm_alpha"": 0.5, ""additional_lag_periods"": 83, ""abs_energy"": false, ""rolling_autocorr_periods"": null, ""nonzero_last_n"": null, ""add_date_part"": ""recurring"", ""polynomial_degree"": null, ""x_transform"": null, ""regression_type"": null}","{""fillna"": ""ffill"", ""transformations"": {""0"": ""DifferencedTransformer"", ""1"": ""Scaler"", ""2"": ""DifferencedTransformer""}, ""transformation_params"": {""0"": {""lag"": 1, ""fill"": ""bfill""}, ""1"": {}, ""2"": {""lag"": 2, ""fill"": ""bfill""}}}",0,1,158.14665158459053,4.463718553781509,4.831649539559549,1.3017866099076758,4.463718553781509,0.0,-133.91155661344527,4.463718553781509,0.0,1.6033253497721323,93.05028519540105,1.0,0.5,6.5200700759887695,0.5,6.059271378049411,4.115078654766083,20.67391008615223,59.76596600885695,0.12725712788589413,133.91155661344527,113.17736885715829,7.069491919822145,0.8294274855116976,158.14665158459053,4.463718553781509,4.831649539559549,1.3017866099076758,4.463718553781509,0.0,4.463718553781509,1.6033253497721323,93.05028519540105,6.5200700759887695,0.5,6.059271378049411,4.115078654766083,20.67391008615223,59.76596600885695,0.12725712788589413,133.91155661344527,113.17736885715829,7.069491919822145,0.8294274855116976,1.0,0.5,1.0773,761.2710107513866,68.16142939750944,Wh,68.16142939750944,Wh
36,6074fb1864d00003d5fc70d228bd9a91,ARIMA,"{""p"": 0, ""d"": 0, ""q"": 0, ""regression_type"": ""Holiday""}","{""fillna"": ""nearest"", ""transformations"": {""0"": ""DifferencedTransformer"", ""1"": ""DifferencedTransformer"", ""2"": ""Scaler""}, ""transformation_params"": {""0"": {""lag"": 1, ""fill"": ""bfill""}, ""1"": {""lag"": 2, ""fill"": ""bfill""}, ""2"": {}}}",0,1,127.8261557350784,3.693380286848274,4.382021091611072,1.2003098425951184,3.693380286848274,0.0,-109.4612353609719,3.685589520015335,1.3401732444763184,1.3636536332309714,95.33627037506703,1.0,0.5,6.5200700759887695,0.5,5.59814739891537,3.1906727344462,19.241933352412826,51.30853214723188,0.06210750452973006,108.12106211649558,74.0859827745998,8.217165899442062,0.6696851485418018,127.8261557350784,3.693380286848274,4.382021091611072,1.2003098425951184,3.693380286848274,0.0,3.685589520015335,1.3636536332309714,95.33627037506703,6.5200700759887695,0.5,5.59814739891537,3.1906727344462,19.241933352412826,51.30853214723188,0.06210750452973006,108.12106211649558,74.0859827745998,8.217165899442062,0.6696851485418018,1.0,0.5,0.2788,751.466849887028,56.39828690518384,Wh,56.39828690518384,Wh
37,4b1d92348980cee9a1fb4686ea12c233,RollingRegression,"{""regression_model"": {""model"": ""ExtraTrees"", ""model_params"": {""n_estimators"": 100, ""min_samples_leaf"": 1, ""min_samples_split"": 2, ""max_depth"": null, ""criterion"": ""squared_error"", ""max_features"": 1}}, ""holiday"": true, ""mean_rolling_periods"": 7, ""macd_periods"": 4, ""std_rolling_periods"": 5, ""max_rolling_periods"": null, ""min_rolling_periods"": 7, ""ewm_var_alpha"": null, ""quantile90_rolling_periods"": null, ""quantile10_rolling_periods"": null, ""ewm_alpha"": null, ""additional_lag_periods"": 11, ""abs_energy"": false, ""rolling_autocorr_periods"": null, ""nonzero_last_n"": null, ""add_date_part"": null, ""polynomial_degree"": null, ""x_transform"": null, ""regression_type"": null}","{""fillna"": null, ""transformations"": {""0"": ""DifferencedTransformer"", ""1"": ""Scaler"", ""2"": ""DifferencedTransformer""}, ""transformation_params"": {""0"": {""lag"": 1, ""fill"": ""bfill""}, ""1"": {}, ""2"": {""lag"": 1, ""fill"": ""bfill""}}}",0,1,130.07826240121582,4.083303620750706,4.5098356685526975,1.5093502584521665,4.083303620750706,0.0,-102.36202376604079,3.7446037278983093,20.137084856480357,1.8588847159104962,93.96489528765048,1.0,0.43333333333333335,6.5200700759887695,0.4,5.77662883429605,3.6585807351291173,19.646960419076247,54.02015259627527,0.1920545892317763,82.22493890956044,54.485926211893315,5.300656061726839,0.5092885636672686,130.07826240121582,4.083303620750706,4.5098356685526975,1.5093502584521665,4.083303620750706,0.0,3.7446037278983093,1.8588847159104962,93.96489528765048,6.5200700759887695,0.4,5.77662883429605,3.6585807351291173,19.646960419076247,54.02015259627527,0.1920545892317763,82.22493890956044,54.485926211893315,5.300656061726839,0.5092885636672686,1.0,0.43333333333333335,4.1951,745.8720183019066,62.35245526817715,Wh,62.35245526817715,Wh
38,20165f245e60856b5a4482d4b2d24f02,WindowRegression,"{""window_size"": 20, ""input_dim"": ""univariate"", ""output_dim"": ""1step"", ""normalize_window"": false, ""max_windows"": 5000000, ""fourier_encoding_components"": null, ""scale"": true, ""datepart_method"": null, ""regression_type"": null, ""regression_model"": {""model"": ""KNN"", ""model_params"": {""n_neighbors"": 14, ""weights"": ""uniform"", ""p"": 2, ""leaf_size"": 10}}}","{""fillna"": ""ffill"", ""transformations"": {""0"": ""Scaler"", ""1"": ""DifferencedTransformer"", ""2"": ""Scaler"", ""3"": ""Scaler"", ""4"": ""DifferencedTransformer""}, ""transformation_params"": {""0"": {}, ""1"": {""lag"": 1, ""fill"": ""bfill""}, ""2"": {}, ""3"": {}, ""4"": {""lag"": 1, ""fill"": ""bfill""}}}",0,1,113.27658880075326,24.25532389500489,31.2025994829155,4.1661847446892235,24.25532389500489,0.0,0.0,2.774943790417652,727.6597168501467,24.25532389500489,66.01752165328438,1.0,0.5,62.03176589310169,0.5,27.9947680299416,17.808042181506753,146.8986554151424,3291.505725333824,0.1548857486685207,727.6597168501467,418.8620995113673,33.105756690759904,4.507011825703571,113.27658880075326,24.25532389500489,31.2025994829155,4.1661847446892235,24.25532389500489,0.0,2.774943790417652,24.25532389500489,66.01752165328438,62.03176589310169,0.5,27.9947680299416,17.808042181506753,146.8986554151424,3291.505725333824,0.1548857486685207,727.6597168501467,418.8620995113673,33.105756690759904,4.507011825703571,1.0,0.5,0.544,745.5018837110816,370.38122526396734,Wh,370.38122526396734,Wh
39,22f6d7704a4376b8a59b76ffb001a4e5,WindowRegression,"{""window_size"": 20, ""input_dim"": ""univariate"", ""output_dim"": ""1step"", ""normalize_window"": false, ""max_windows"": 5000000, ""fourier_encoding_components"": null, ""scale"": true, ""datepart_method"": null, ""regression_type"": null, ""regression_model"": {""model"": ""KNN"", ""model_params"": {""n_neighbors"": 14, ""weights"": ""uniform"", ""p"": 2, ""leaf_size"": 10}}}","{""fillna"": ""mean"", ""transformations"": {""0"": ""Scaler"", ""1"": ""DifferencedTransformer"", ""2"": ""DifferencedTransformer""}, ""transformation_params"": {""0"": {}, ""1"": {""lag"": 1, ""fill"": ""bfill""}, ""2"": {""lag"": 1, ""fill"": ""zero""}}}",0,1,113.27658880075326,24.25532389500489,31.2025994829155,4.1661847446892235,24.25532389500489,0.0,0.0,2.774943790417652,727.6597168501467,24.25532389500489,66.01752165328438,1.0,0.5,62.03176589310169,0.5,27.9947680299416,17.808042181506753,146.8986554151424,3291.505725333824,0.1548857486685207,727.6597168501467,418.8620995113673,33.105756690759904,4.507011825703571,113.27658880075326,24.25532389500489,31.2025994829155,4.1661847446892235,24.25532389500489,0.0,2.774943790417652,24.25532389500489,66.01752165328438,62.03176589310169,0.5,27.9947680299416,17.808042181506753,146.8986554151424,3291.505725333824,0.1548857486685207,727.6597168501467,418.8620995113673,33.105756690759904,4.507011825703571,1.0,0.5,0.5409,745.5018832605217,370.38122526396734,Wh,370.38122526396734,Wh
40,788d05dbf3937609a9aaaad9ffb7c8dd,WindowRegression,"{""window_size"": 20, ""input_dim"": ""univariate"", ""output_dim"": ""1step"", ""normalize_window"": false, ""max_windows"": 5000000, ""fourier_encoding_components"": null, ""scale"": true, ""datepart_method"": null, ""regression_type"": null, ""regression_model"": {""model"": ""KNN"", ""model_params"": {""n_neighbors"": 14, ""weights"": ""uniform"", ""p"": 2, ""leaf_size"": 10}}}","{""fillna"": ""ffill_mean_biased"", ""transformations"": {""0"": ""DifferencedTransformer"", ""1"": ""Scaler"", ""2"": ""DifferencedTransformer""}, ""transformation_params"": {""0"": {""lag"": 1, ""fill"": ""bfill""}, ""1"": {}, ""2"": {""lag"": 1, ""fill"": ""bfill""}}}",0,1,113.27658880075326,24.25532389500489,31.2025994829155,4.1661847446892235,24.25532389500489,0.0,0.0,2.774943790417652,727.6597168501467,24.25532389500489,66.01752165328438,1.0,0.5,62.03176589310169,0.5,27.9947680299416,17.808042181506753,146.8986554151424,3291.505725333824,0.1548857486685207,727.6597168501467,418.8620995113673,33.105756690759904,4.507011825703571,113.27658880075326,24.25532389500489,31.2025994829155,4.1661847446892235,24.25532389500489,0.0,2.774943790417652,24.25532389500489,66.01752165328438,62.03176589310169,0.5,27.9947680299416,17.808042181506753,146.8986554151424,3291.505725333824,0.1548857486685207,727.6597168501467,418.8620995113673,33.105756690759904,4.507011825703571,1.0,0.5,0.539,745.5018829843721,370.38122526396734,Wh,370.38122526396734,Wh
41,7525ea4dd27c96b1630202636c57bc81,RollingRegression,"{""regression_model"": {""model"": ""ExtraTrees"", ""model_params"": {""n_estimators"": 100, ""min_samples_leaf"": 1, ""min_samples_split"": 2, ""max_depth"": null, ""criterion"": ""squared_error"", ""max_features"": 1}}, ""holiday"": false, ""mean_rolling_periods"": 5, ""macd_periods"": 52, ""std_rolling_periods"": 7, ""max_rolling_periods"": 364, ""min_rolling_periods"": null, ""ewm_var_alpha"": null, ""quantile90_rolling_periods"": null, ""quantile10_rolling_periods"": null, ""ewm_alpha"": 0.5, ""additional_lag_periods"": 2, ""abs_energy"": false, ""rolling_autocorr_periods"": 7, ""nonzero_last_n"": null, ""add_date_part"": null, ""polynomial_degree"": null, ""x_transform"": null, ""regression_type"": null}","{""fillna"": ""ffill"", ""transformations"": {""0"": ""Scaler"", ""1"": ""Scaler"", ""2"": ""DifferencedTransformer"", ""3"": ""DifferencedTransformer"", ""4"": ""Scaler""}, ""transformation_params"": {""0"": {}, ""1"": {}, ""2"": {""lag"": 1, ""fill"": ""bfill""}, ""3"": {""lag"": 7, ""fill"": ""bfill""}, ""4"": {}}}",0,1,105.37263652733863,3.211096969745698,3.9679219446701723,1.2960632978941262,3.211096969745698,0.0,-88.45525359828557,3.133131133835251,7.877655494085374,1.3223721929545293,96.93964850056129,1.0,0.4,6.5200700759887695,0.4,5.2048127558676365,2.6295995515610486,17.790981724058994,44.45147041960473,0.09756229690827152,80.5775981042002,45.79384097553604,6.924250375773119,0.4990851893168762,105.37263652733863,3.211096969745698,3.9679219446701723,1.2960632978941262,3.211096969745698,0.0,3.133131133835251,1.3223721929545293,96.93964850056129,6.5200700759887695,0.4,5.2048127558676365,2.6295995515610486,17.790981724058994,44.45147041960473,0.09756229690827152,80.5775981042002,45.79384097553604,6.924250375773119,0.4990851893168762,1.0,0.4,3.5154,743.7129851593395,49.033772348047414,Wh,49.033772348047414,Wh
42,3410b87792259e1fb314032f6336bdae,RollingRegression,"{""regression_model"": {""model"": ""ExtraTrees"", ""model_params"": {""n_estimators"": 100, ""min_samples_leaf"": 1, ""min_samples_split"": 2, ""max_depth"": null, ""criterion"": ""squared_error"", ""max_features"": 1}}, ""holiday"": true, ""mean_rolling_periods"": 7, ""macd_periods"": 96, ""std_rolling_periods"": null, ""max_rolling_periods"": 420, ""min_rolling_periods"": null, ""ewm_var_alpha"": null, ""quantile90_rolling_periods"": null, ""quantile10_rolling_periods"": null, ""ewm_alpha"": 0.2, ""additional_lag_periods"": 6, ""abs_energy"": false, ""rolling_autocorr_periods"": null, ""nonzero_last_n"": null, ""add_date_part"": ""recurring"", ""polynomial_degree"": null, ""x_transform"": null, ""regression_type"": null}","{""fillna"": ""ffill_mean_biased"", ""transformations"": {""0"": ""DifferencedTransformer"", ""1"": ""DifferencedTransformer"", ""2"": ""Scaler""}, ""transformation_params"": {""0"": {""lag"": 1, ""fill"": ""bfill""}, ""1"": {""lag"": 1, ""fill"": ""bfill""}, ""2"": {}}}",0,1,124.19424989350095,3.6252659536103407,4.31436593027383,1.2032014091517709,3.6252659536103407,0.0,-107.53238550156355,3.6186508937127373,1.2255931067466745,1.351221934982496,94.24969405625463,1.0,0.5,6.5200700759887695,0.5,5.532263983201237,3.1089355345606804,19.05759376459961,50.20306195108591,0.13909306591325207,106.30679239481688,72.03151035443528,7.085424100990416,0.6584478422827476,124.19424989350095,3.6252659536103407,4.31436593027383,1.2032014091517709,3.6252659536103407,0.0,3.6186508937127373,1.351221934982496,94.24969405625463,6.5200700759887695,0.5,5.532263983201237,3.1089355345606804,19.05759376459961,50.20306195108591,0.13909306591325207,106.30679239481688,72.03151035443528,7.085424100990416,0.6584478422827476,1.0,0.5,4.1774,741.3101375879357,55.358174214382,Wh,55.358174214382,Wh
43,a6b556af14e29afb6e61ecf439cd339e,RollingRegression,"{""regression_model"": {""model"": ""ExtraTrees"", ""model_params"": {""n_estimators"": 100, ""min_samples_leaf"": 1, ""min_samples_split"": 2, ""max_depth"": null, ""criterion"": ""squared_error"", ""max_features"": 1}}, ""holiday"": true, ""mean_rolling_periods"": 5, ""macd_periods"": 24, ""std_rolling_periods"": null, ""max_rolling_periods"": 364, ""min_rolling_periods"": null, ""ewm_var_alpha"": null, ""quantile90_rolling_periods"": null, ""quantile10_rolling_periods"": null, ""ewm_alpha"": 0.5, ""additional_lag_periods"": 83, ""abs_energy"": false, ""rolling_autocorr_periods"": 7, ""nonzero_last_n"": null, ""add_date_part"": ""recurring"", ""polynomial_degree"": null, ""x_transform"": null, ""regression_type"": null}","{""fillna"": ""pchip"", ""transformations"": {""0"": ""DifferencedTransformer"", ""1"": ""DifferencedTransformer""}, ""transformation_params"": {""0"": {""lag"": 1, ""fill"": ""bfill""}, ""1"": {""lag"": 1, ""fill"": ""bfill""}}}",0,1,117.99272345784303,3.469670979996522,4.22303894616923,1.2674625038146698,3.469670979996522,0.0,-98.40638851627709,3.41048855897588,5.683740883618582,1.3380414005194978,94.5065353904538,1.0,0.4666666666666667,6.5200700759887695,0.43333333333333335,5.445681059850138,2.922221566224098,18.6286954784298,48.56708091606651,0.15323060530790933,92.7226476326585,57.242674818824696,6.309179356857895,0.5743097490677765,117.99272345784303,3.469670979996522,4.22303894616923,1.2674625038146698,3.469670979996522,0.0,3.41048855897588,1.3380414005194978,94.5065353904538,6.5200700759887695,0.43333333333333335,5.445681059850138,2.922221566224098,18.6286954784298,48.56708091606651,0.15323060530790933,92.7226476326585,57.242674818824696,6.309179356857895,0.5743097490677765,1.0,0.4666666666666667,6.5132,737.8585237469397,52.982223383073205,Wh,52.982223383073205,Wh
44,5ae61e82464c9eba4c335315610bebf8,RollingRegression,"{""regression_model"": {""model"": ""ExtraTrees"", ""model_params"": {""n_estimators"": 100, ""min_samples_leaf"": 1, ""min_samples_split"": 2, ""max_depth"": null, ""criterion"": ""squared_error"", ""max_features"": 1}}, ""holiday"": false, ""mean_rolling_periods"": null, ""macd_periods"": null, ""std_rolling_periods"": null, ""max_rolling_periods"": 420, ""min_rolling_periods"": 12, ""ewm_var_alpha"": null, ""quantile90_rolling_periods"": null, ""quantile10_rolling_periods"": null, ""ewm_alpha"": null, ""additional_lag_periods"": 59, ""abs_energy"": false, ""rolling_autocorr_periods"": null, ""nonzero_last_n"": null, ""add_date_part"": ""recurring"", ""polynomial_degree"": null, ""x_transform"": null, ""regression_type"": null}","{""fillna"": ""ffill"", ""transformations"": {""0"": ""Scaler"", ""1"": ""DifferencedTransformer"", ""2"": ""DifferencedTransformer"", ""3"": ""Scaler""}, ""transformation_params"": {""0"": {}, ""1"": {""lag"": 1, ""fill"": ""bfill""}, ""2"": {""lag"": 1, ""fill"": ""bfill""}, ""3"": {}}}",0,1,122.06653123888917,4.173865122561653,4.567177441726425,1.6418586678800686,4.173865122561653,0.0,-89.19050298720599,3.487071316919874,36.02545068964362,2.230996366169198,92.76647146222689,1.0,0.4666666666666667,6.5200700759887695,0.36666666666666664,5.865715591457911,3.767254537302256,19.584166339945924,54.6365018561332,0.1998007181153955,53.16505229756236,43.66554747203266,5.095606514640674,0.3292961172242663,122.06653123888917,4.173865122561653,4.567177441726425,1.6418586678800686,4.173865122561653,0.0,3.487071316919874,2.230996366169198,92.76647146222689,6.5200700759887695,0.36666666666666664,5.865715591457911,3.767254537302256,19.584166339945924,54.6365018561332,0.1998007181153955,53.16505229756236,43.66554747203266,5.095606514640674,0.3292961172242663,1.0,0.4666666666666667,1.0525,733.2777469570618,63.73533847137327,Wh,63.73533847137327,Wh
45,4dcf0a594695a7cef41105e7053449c5,RollingRegression,"{""regression_model"": {""model"": ""ExtraTrees"", ""model_params"": {""n_estimators"": 100, ""min_samples_leaf"": 1, ""min_samples_split"": 2, ""max_depth"": null, ""criterion"": ""squared_error"", ""max_features"": 1}}, ""holiday"": false, ""mean_rolling_periods"": null, ""macd_periods"": null, ""std_rolling_periods"": 10, ""max_rolling_periods"": 364, ""min_rolling_periods"": 12, ""ewm_var_alpha"": null, ""quantile90_rolling_periods"": null, ""quantile10_rolling_periods"": null, ""ewm_alpha"": null, ""additional_lag_periods"": 59, ""abs_energy"": false, ""rolling_autocorr_periods"": 7, ""nonzero_last_n"": null, ""add_date_part"": ""recurring"", ""polynomial_degree"": null, ""x_transform"": null, ""regression_type"": null}","{""fillna"": ""cubic"", ""transformations"": {""0"": ""Scaler"", ""1"": ""DifferencedTransformer"", ""2"": ""DifferencedTransformer""}, ""transformation_params"": {""0"": {}, ""1"": {""lag"": 1, ""fill"": ""bfill""}, ""2"": {""lag"": 1, ""fill"": ""bfill""}}}",0,1,114.87506266811077,3.474293299645185,4.153712765712672,1.327732293402971,3.474293299645185,0.0,-94.40638101801275,3.3632168642180913,9.822417971342798,1.437481837518539,93.99596148582525,1.0,0.5,6.5200700759887695,0.43333333333333335,5.418602312394862,2.9277683498024936,18.502137775028164,47.40455001825419,0.1341691719946408,84.58396304666996,50.380408316806566,4.512865565838658,0.5238999945832147,114.87506266811077,3.474293299645185,4.153712765712672,1.327732293402971,3.474293299645185,0.0,3.3632168642180913,1.437481837518539,93.99596148582525,6.5200700759887695,0.43333333333333335,5.418602312394862,2.9277683498024936,18.502137775028164,47.40455001825419,0.1341691719946408,84.58396304666996,50.380408316806566,4.512865565838658,0.5238999945832147,1.0,0.5,3.4829,732.1501293019254,53.05280666707487,Wh,53.05280666707487,Wh
46,832b76e4073b3352141933434ba482c8,ARIMA,"{""p"": 1, ""d"": 0, ""q"": 12, ""regression_type"": null}","{""fillna"": ""ffill_mean_biased"", ""transformations"": {""0"": ""Scaler"", ""1"": ""DifferencedTransformer"", ""2"": ""DifferencedTransformer""}, ""transformation_params"": {""0"": {}, ""1"": {""lag"": 1, ""fill"": ""bfill""}, ""2"": {""lag"": 1, ""fill"": ""zero""}}}",0,1,67.81028663653619,6.433133736888468,7.528206946294117,1.3612833114329643,6.433133736888468,0.0,0.0,1.8175441982580773,192.99401210665405,6.433133736888468,93.69864136580249,1.0,0.5,13.367753703876012,0.5,7.677979524995081,5.265248425423641,35.25577935593735,169.47259551948233,0.07722114018614125,192.99401210665405,132.26825030922365,2.6421003007048713,1.1953750835897914,67.81028663653619,6.433133736888468,7.528206946294117,1.3612833114329643,6.433133736888468,0.0,1.8175441982580773,6.433133736888468,93.69864136580249,13.367753703876012,0.5,7.677979524995081,5.265248425423641,35.25577935593735,169.47259551948233,0.07722114018614125,192.99401210665405,132.26825030922365,2.6421003007048713,1.1953750835897914,1.0,0.5,2.0612,726.9065936984605,98.2345964980665,Wh,98.2345964980665,Wh
47,6da8ff97ebbc335e4f029813a8d6bf41,RollingRegression,"{""regression_model"": {""model"": ""ExtraTrees"", ""model_params"": {""n_estimators"": 100, ""min_samples_leaf"": 1, ""min_samples_split"": 2, ""max_depth"": null, ""criterion"": ""squared_error"", ""max_features"": 1}}, ""holiday"": true, ""mean_rolling_periods"": 7, ""macd_periods"": null, ""std_rolling_periods"": null, ""max_rolling_periods"": 420, ""min_rolling_periods"": 12, ""ewm_var_alpha"": null, ""quantile90_rolling_periods"": null, ""quantile10_rolling_periods"": null, ""ewm_alpha"": null, ""additional_lag_periods"": 11, ""abs_energy"": false, ""rolling_autocorr_periods"": null, ""nonzero_last_n"": null, ""add_date_part"": ""recurring"", ""polynomial_degree"": null, ""x_transform"": null, ""regression_type"": null}","{""fillna"": ""ffill"", ""transformations"": {""0"": ""Scaler"", ""1"": ""DifferencedTransformer"", ""2"": ""Scaler"", ""3"": ""Scaler"", ""4"": ""DifferencedTransformer""}, ""transformation_params"": {""0"": {}, ""1"": {""lag"": 1, ""fill"": ""bfill""}, ""2"": {}, ""3"": {}, ""4"": {""lag"": 1, ""fill"": ""zero""}}}",0,1,97.76624397173042,3.0020928673247496,3.8077367648129337,1.1955203214843468,3.0020928673247496,0.0,-81.24534577086568,2.909643615889422,8.817440248876814,1.2698852619128291,94.91015113490042,1.0,0.5,6.5200700759887695,0.36666666666666664,4.988720639158526,2.379687439477444,17.167502419937158,41.91223877970961,0.17341066903378147,72.42790552198886,38.47659916751723,6.455918760779599,0.448607253005006,97.76624397173042,3.0020928673247496,3.8077367648129337,1.1955203214843468,3.0020928673247496,0.0,2.909643615889422,1.2698852619128291,94.91015113490042,6.5200700759887695,0.36666666666666664,4.988720639158526,2.379687439477444,17.167502419937158,41.91223877970961,0.17341066903378147,72.42790552198886,38.47659916751723,6.455918760779599,0.448607253005006,1.0,0.5,4.2142,723.6770334142612,45.84225877045265,Wh,45.84225877045265,Wh
48,1d825b1938dd0a2c0d80ff1445bad0ad,RollingRegression,"{""regression_model"": {""model"": ""ExtraTrees"", ""model_params"": {""n_estimators"": 100, ""min_samples_leaf"": 1, ""max_depth"": 10}}, ""holiday"": false, ""mean_rolling_periods"": 12, ""macd_periods"": 28, ""std_rolling_periods"": null, ""max_rolling_periods"": 24, ""min_rolling_periods"": 7, ""ewm_var_alpha"": null, ""quantile90_rolling_periods"": null, ""quantile10_rolling_periods"": null, ""ewm_alpha"": null, ""additional_lag_periods"": 27, ""abs_energy"": false, ""rolling_autocorr_periods"": null, ""nonzero_last_n"": null, ""add_date_part"": null, ""polynomial_degree"": null, ""x_transform"": null, ""regression_type"": null}","{""fillna"": ""mean"", ""transformations"": {""0"": ""DifferencedTransformer"", ""1"": ""Scaler"", ""2"": ""DifferencedTransformer""}, ""transformation_params"": {""0"": {""lag"": 1, ""fill"": ""bfill""}, ""1"": {}, ""2"": {""lag"": 1, ""fill"": ""bfill""}}}",0,1,92.8753947702765,2.9876049044428936,3.72115765576186,1.3017342041254916,2.9876049044428936,0.0,-74.07355387327758,2.7829329875366904,15.554593260009213,1.398560590049299,94.55489270428828,1.0,0.4666666666666667,6.5200700759887695,0.43333333333333335,4.892003275732418,2.362301884019216,16.759920015172423,40.60769764084433,0.11605909720002869,58.51896061326837,32.949159936009586,4.932770865351409,0.36245739788038517,92.8753947702765,2.9876049044428936,3.72115765576186,1.3017342041254916,2.9876049044428936,0.0,2.7829329875366904,1.398560590049299,94.55489270428828,6.5200700759887695,0.43333333333333335,4.892003275732418,2.362301884019216,16.759920015172423,40.60769764084433,0.11605909720002869,58.51896061326837,32.949159936009586,4.932770865351409,0.36245739788038517,1.0,0.4666666666666667,1.0158,717.7261167140744,45.62102612614788,Wh,45.62102612614788,Wh
49,d76a0af05a44f175a93cea6842556f49,RollingRegression,"{""regression_model"": {""model"": ""BayesianRidge"", ""model_params"": {}}, ""holiday"": false, ""mean_rolling_periods"": null, ""macd_periods"": null, ""std_rolling_periods"": null, ""max_rolling_periods"": 420, ""min_rolling_periods"": null, ""ewm_var_alpha"": null, ""quantile90_rolling_periods"": null, ""quantile10_rolling_periods"": null, ""ewm_alpha"": 0.2, ""additional_lag_periods"": 59, ""abs_energy"": false, ""rolling_autocorr_periods"": null, ""nonzero_last_n"": null, ""add_date_part"": ""recurring"", ""polynomial_degree"": null, ""x_transform"": null, ""regression_type"": null}","{""fillna"": ""ffill"", ""transformations"": {""0"": ""DifferencedTransformer"", ""1"": ""Scaler"", ""2"": ""DifferencedTransformer""}, ""transformation_params"": {""0"": {""lag"": 1, ""fill"": ""zero""}, ""1"": {}, ""2"": {""lag"": 1, ""fill"": ""bfill""}}}",0,1,22.607142459911913,1.074125194737545,1.3979323296235504,1.1741824015185238,1.074125194737545,0.0,-29.736895970633526,1.0572941273104084,2.4868598714928307,0.6663206238205426,103.4243188346019,1.0,0.4,3.8428153114076578,0.5,2.419392639126987,0.7497847762853186,6.234116812098881,9.180146556423626,0.06751246197039698,27.250036099140694,13.614665051134388,12.67177931468673,0.1687825120803945,22.607142459911913,1.074125194737545,1.3979323296235504,1.1741824015185238,1.074125194737545,0.0,1.0572941273104084,0.6663206238205426,103.4243188346019,3.8428153114076578,0.5,2.419392639126987,0.7497847762853186,6.234116812098881,9.180146556423626,0.06751246197039698,27.250036099140694,13.614665051134388,12.67177931468673,0.1687825120803945,1.0,0.4,0.2006,713.9322203642018,16.40199930687049,Wh,16.40199930687049,Wh
50,36fa68fe8f6d6fdbcd8f6f85761c9f98,ARIMA,"{""p"": 2, ""d"": 0, ""q"": 1, ""regression_type"": null}","{""fillna"": ""ffill"", ""transformations"": {""0"": ""Scaler"", ""1"": ""Scaler"", ""2"": ""DifferencedTransformer"", ""3"": ""DifferencedTransformer""}, ""transformation_params"": {""0"": {}, ""1"": {}, ""2"": {""lag"": 1, ""fill"": ""zero""}, ""3"": {""lag"": 1, ""fill"": ""bfill""}}}",0,1,9.140702818299099,0.4899422308648734,0.5624520135796324,1.069706350276436,0.4899422308648734,0.0,-9.27799240926017,0.4549288578254241,5.4202745166860336,0.4172218518356584,105.47956697052324,1.0,0.6,1.2478452589590994,0.5,1.679602839468035,0.3994428058188985,2.1474861236917446,0.8561970182966233,0.03444950461471186,3.8577178925741364,2.5057446139990267,14.24789890267889,0.0238941084128208,9.140702818299099,0.4899422308648734,0.5624520135796324,1.069706350276436,0.4899422308648734,0.0,0.4549288578254241,0.4172218518356584,105.47956697052324,1.2478452589590994,0.5,1.679602839468035,0.3994428058188985,2.1474861236917446,0.8561970182966233,0.03444950461471186,3.8577178925741364,2.5057446139990267,14.24789890267889,0.0238941084128208,1.0,0.6,0.0668,713.0240745054741,7.481466937395304,Wh,7.481466937395304,Wh
51,6b7af63bcd24d604fd16239dc24399ea,ARIMA,"{""p"": 3, ""d"": 0, ""q"": 12, ""regression_type"": null}","{""fillna"": ""ffill"", ""transformations"": {""0"": ""Scaler"", ""1"": ""Scaler"", ""2"": ""DifferencedTransformer"", ""3"": ""DifferencedTransformer"", ""4"": ""Scaler""}, ""transformation_params"": {""0"": {}, ""1"": {}, ""2"": {""lag"": 1, ""fill"": ""bfill""}, ""3"": {""lag"": 1, ""fill"": ""bfill""}, ""4"": {}}}",0,1,62.4921205940586,5.581479534883221,6.4981109935030235,1.2847302212008662,5.581479534883221,0.0,-0.05507749333774825,1.715270193250871,167.38930855315888,5.581430759026335,92.50662865976909,1.0,0.5333333333333333,11.568310353161682,0.5333333333333333,6.775822966509523,4.584951722863149,30.3994673393074,125.74847500911916,0.19054880921179104,167.33423105982115,115.83662125284984,4.114153810235743,1.036442365528037,62.4921205940586,5.581479534883221,6.4981109935030235,1.2847302212008662,5.581479534883221,0.0,1.715270193250871,5.581430759026335,92.50662865976909,11.568310353161682,0.5333333333333333,6.775822966509523,4.584951722863149,30.3994673393074,125.74847500911916,0.19054880921179104,167.33423105982115,115.83662125284984,4.114153810235743,1.036442365528037,1.0,0.5333333333333333,4.5452,707.6107755640237,85.22975153267436,Wh,85.22975153267436,Wh
52,e8e2062e1cd2f2aa6e20ced0bbd09884,DatepartRegression,"{""regression_model"": {""model"": ""Adaboost"", ""model_params"": {""n_estimators"": 50, ""loss"": ""linear"", ""estimator"": null, ""learning_rate"": 1, ""max_depth"": 3}}, ""datepart_method"": ""recurring"", ""polynomial_degree"": 2, ""holiday_countries_used"": false, ""lags"": null, ""forward_lags"": null, ""regression_type"": null}","{""fillna"": ""ffill"", ""transformations"": {""0"": ""DifferencedTransformer"", ""1"": ""DifferencedTransformer"", ""2"": ""Scaler"", ""3"": ""Scaler""}, ""transformation_params"": {""0"": {""lag"": 1, ""fill"": ""zero""}, ""1"": {""lag"": 7, ""fill"": ""bfill""}, ""2"": {}, ""3"": {}}}",0,1,190.64645561988303,5.2097109600951965,5.280720687875009,1.291314133677326,5.2097109600951965,0.0,-156.2913288028559,5.2097109600951965,0.0,1.8144517660790926,80.94761740639852,1.0,0.5,6.5200700759887695,0.5,6.395483225782391,5.010269542342506,21.659738634922064,77.22894614887971,0.07695066545544929,156.2913288028559,152.90426553971517,8.27308734635214,0.9680443356389087,190.64645561988303,5.2097109600951965,5.280720687875009,1.291314133677326,5.2097109600951965,0.0,5.2097109600951965,1.8144517660790926,80.94761740639852,6.5200700759887695,0.5,6.395483225782391,5.010269542342506,21.659738634922064,77.22894614887971,0.07695066545544929,156.2913288028559,152.90426553971517,8.27308734635214,0.9680443356389087,1.0,0.5,0.1361,706.9684634282613,79.55280815971926,Wh,79.55280815971926,Wh
53,f9676dfd2ca85ce4586d42641e162c73,DatepartRegression,"{""regression_model"": {""model"": ""Adaboost"", ""model_params"": {""n_estimators"": 50, ""loss"": ""linear"", ""estimator"": null, ""learning_rate"": 1, ""max_depth"": 3}}, ""datepart_method"": ""recurring"", ""polynomial_degree"": 2, ""holiday_countries_used"": false, ""lags"": null, ""forward_lags"": null, ""regression_type"": null}","{""fillna"": ""ffill"", ""transformations"": {""0"": ""DifferencedTransformer"", ""1"": ""Scaler"", ""2"": ""DifferencedTransformer""}, ""transformation_params"": {""0"": {""lag"": 1, ""fill"": ""bfill""}, ""1"": {}, ""2"": {""lag"": 7, ""fill"": ""bfill""}}}",0,1,186.14385587017085,5.093443210630706,5.219283882838527,1.2733443047095339,5.093443210630706,0.0,-152.80329631892118,5.093443210630706,0.0,1.780988186576566,79.10803822930241,1.0,0.5,6.5200700759887695,0.5,6.377293302425138,4.870748242985119,21.53427454212257,69.27283720914929,0.0938431317653951,152.80329631892118,146.1511145331347,8.040751520244728,0.9464400015119868,186.14385587017085,5.093443210630706,5.219283882838527,1.2733443047095339,5.093443210630706,0.0,5.093443210630706,1.780988186576566,79.10803822930241,6.5200700759887695,0.5,6.377293302425138,4.870748242985119,21.53427454212257,69.27283720914929,0.0938431317653951,152.80329631892118,146.1511145331347,8.040751520244728,0.9464400015119868,1.0,0.5,0.1087,691.0001118177727,77.77738798014335,Wh,77.77738798014335,Wh
54,b01109c1a980f623a9fd4b25d4d75d07,RollingRegression,"{""regression_model"": {""model"": ""ExtraTrees"", ""model_params"": {""n_estimators"": 100, ""min_samples_leaf"": 1, ""max_depth"": 10}}, ""holiday"": false, ""mean_rolling_periods"": null, ""macd_periods"": null, ""std_rolling_periods"": null, ""max_rolling_periods"": 420, ""min_rolling_periods"": 7, ""ewm_var_alpha"": null, ""quantile90_rolling_periods"": null, ""quantile10_rolling_periods"": null, ""ewm_alpha"": 0.5, ""additional_lag_periods"": 363, ""abs_energy"": false, ""rolling_autocorr_periods"": 2, ""nonzero_last_n"": null, ""add_date_part"": null, ""polynomial_degree"": null, ""x_transform"": null, ""regression_type"": null}","{""fillna"": ""ffill"", ""transformations"": {""0"": ""DifferencedTransformer"", ""1"": ""Scaler"", ""2"": ""DifferencedTransformer"", ""3"": ""Scaler""}, ""transformation_params"": {""0"": {""lag"": 1, ""fill"": ""bfill""}, ""1"": {}, ""2"": {""lag"": 2, ""fill"": ""zero""}, ""3"": {}}}",0,1,150.41468734981333,4.255220087201628,4.7270795362481595,1.253353914355929,4.255220087201628,0.0,-126.45570091080809,4.2463541322151315,1.2009017052407467,1.5287792361975185,82.75453171042149,1.0,0.4666666666666667,6.5200700759887695,0.43333333333333335,5.9436549934979555,3.864880494870225,20.351741378545128,57.63703308642475,0.08067564979632633,125.25479920556734,98.80021247114979,6.702105834914136,0.7758088680369752,150.41468734981333,4.255220087201628,4.7270795362481595,1.253353914355929,4.255220087201628,0.0,4.2463541322151315,1.5287792361975185,82.75453171042149,6.5200700759887695,0.43333333333333335,5.9436549934979555,3.864880494870225,20.351741378545128,57.63703308642475,0.08067564979632633,125.25479920556734,98.80021247114979,6.702105834914136,0.7758088680369752,1.0,0.4666666666666667,3.9302,686.2466039362153,64.97763692985174,Wh,64.97763692985174,Wh
55,3f9c45ca594ae5db3024a387051a85da,ARIMA,"{""p"": 4, ""d"": 0, ""q"": 12, ""regression_type"": null}","{""fillna"": ""median"", ""transformations"": {""0"": ""DifferencedTransformer"", ""1"": ""Scaler"", ""2"": ""DifferencedTransformer""}, ""transformation_params"": {""0"": {""lag"": 1, ""fill"": ""bfill""}, ""1"": {}, ""2"": {""lag"": 1, ""fill"": ""bfill""}}}",0,1,60.421525539584295,5.276376378698037,6.130226495115331,1.269567135127649,5.276376378698037,0.0,-0.0031524411554313403,1.6739958351617765,158.2881389197857,5.276376213413892,89.47112406220648,1.0,0.5333333333333333,10.907560556028193,0.5333333333333333,6.4575142700827755,4.341661738780806,28.659725482599644,111.59632800924673,0.17594559658859013,158.2849864786303,110.20355347564391,4.917523223279754,0.9803927431610614,60.421525539584295,5.276376378698037,6.130226495115331,1.269567135127649,5.276376378698037,0.0,1.6739958351617765,5.276376213413892,89.47112406220648,10.907560556028193,0.5333333333333333,6.4575142700827755,4.341661738780806,28.659725482599644,111.59632800924673,0.17594559658859013,158.2849864786303,110.20355347564391,4.917523223279754,0.9803927431610614,1.0,0.5333333333333333,8.358,683.2229727697713,80.57079577892151,Wh,80.57079577892151,Wh
56,0e749bc899a52a28302c7ce8f4cc2b64,DatepartRegression,"{""regression_model"": {""model"": ""Adaboost"", ""model_params"": {""n_estimators"": 50, ""loss"": ""linear"", ""estimator"": ""ExtraTree"", ""learning_rate"": 1, ""max_depth"": 2}}, ""datepart_method"": ""simple"", ""polynomial_degree"": null, ""holiday_countries_used"": false, ""lags"": null, ""forward_lags"": null, ""regression_type"": null}","{""fillna"": ""ffill_mean_biased"", ""transformations"": {""0"": ""Scaler"", ""1"": ""Scaler"", ""2"": ""DifferencedTransformer"", ""3"": ""DifferencedTransformer""}, ""transformation_params"": {""0"": {}, ""1"": {}, ""2"": {""lag"": 1, ""fill"": ""bfill""}, ""3"": {""lag"": 1, ""fill"": ""bfill""}}}",0,1,159.41286475767237,6.211578440437226,6.71688242638859,2.805407682994204,6.211578440437226,0.0,-110.21578025817871,4.337017874751142,76.13157295493806,3.784097159495424,78.38809232240172,1.0,0.4,12.83454984897325,0.36666666666666664,8.149028603539687,5.254968548107262,22.966505006766454,108.97255351090753,0.43774649761115997,34.08420730324065,70.21901778085724,31.687602187367762,0.2111123122912595,159.41286475767237,6.211578440437226,6.71688242638859,2.805407682994204,6.211578440437226,0.0,4.337017874751142,3.784097159495424,78.38809232240172,12.83454984897325,0.36666666666666664,8.149028603539687,5.254968548107262,22.966505006766454,108.97255351090753,0.43774649761115997,34.08420730324065,70.21901778085724,31.687602187367762,0.2111123122912595,1.0,0.4,0.0654,679.2226011036906,94.85142493051501,Wh,94.85142493051501,Wh
57,0caf6d42433b6148ff9a1d943ff05df5,DatepartRegression,"{""regression_model"": {""model"": ""DecisionTree"", ""model_params"": {""max_depth"": null, ""min_samples_split"": 1.0}}, ""datepart_method"": ""common_fourier_rw"", ""polynomial_degree"": null, ""holiday_countries_used"": false, ""lags"": 2, ""forward_lags"": null, ""regression_type"": null}","{""fillna"": ""ffill"", ""transformations"": {""0"": ""DifferencedTransformer"", ""1"": ""Scaler"", ""2"": ""DifferencedTransformer"", ""3"": ""Scaler""}, ""transformation_params"": {""0"": {""lag"": 2, ""fill"": ""zero""}, ""1"": {}, ""2"": {""lag"": 1, ""fill"": ""bfill""}, ""3"": {}}}",0,1,77.2985318641006,7.028031491505279,7.41417882718205,1.4663831349463876,7.028031491505279,0.0,0.0,2.0430688974860045,210.84094474515837,7.028031491505279,84.97991357694485,0.9666666666666667,0.5,12.410971454081647,0.5,7.899093352234189,6.1799665058660125,33.85200607641669,192.23557511476642,0.16597802976015433,210.84094474515837,180.16023214794865,4.274423758619291,1.3059162260931338,77.2985318641006,7.028031491505279,7.41417882718205,1.4663831349463876,7.028031491505279,0.0,2.0430688974860045,7.028031491505279,84.97991357694485,12.410971454081647,0.5,7.899093352234189,6.1799665058660125,33.85200607641669,192.23557511476642,0.16597802976015433,210.84094474515837,180.16023214794865,4.274423758619291,1.3059162260931338,0.9666666666666667,0.5,0.0642,677.5896541566992,107.31874479538664,Wh,107.31874479538664,Wh
58,d4feedcc25b6f6faab65f5eab13346c6,DatepartRegression,"{""regression_model"": {""model"": ""Adaboost"", ""model_params"": {""n_estimators"": 50, ""loss"": ""linear"", ""estimator"": null, ""learning_rate"": 1, ""max_depth"": 3}}, ""datepart_method"": ""recurring"", ""polynomial_degree"": 2, ""holiday_countries_used"": false, ""lags"": null, ""forward_lags"": null, ""regression_type"": null}","{""fillna"": ""fake_date"", ""transformations"": {""0"": ""Scaler"", ""1"": ""Scaler"", ""2"": ""DifferencedTransformer"", ""3"": ""DifferencedTransformer""}, ""transformation_params"": {""0"": {}, ""1"": {}, ""2"": {""lag"": 1, ""fill"": ""bfill""}, ""3"": {""lag"": 1, ""fill"": ""bfill""}}}",0,1,156.55237105682681,4.41250957962314,4.8126836110203435,1.4623618265073681,4.41250957962314,0.0,-127.48357855917958,4.36078772167374,4.891708829514624,1.6408831565727706,80.05243884626478,1.0,0.4666666666666667,6.5200700759887695,0.3333333333333333,6.028252468220111,4.05362788577604,20.586972452785986,59.588551181621206,0.20192153207721003,122.59186972966495,95.38869238826321,5.956958810054237,0.7593150944213907,156.55237105682681,4.41250957962314,4.8126836110203435,1.4623618265073681,4.41250957962314,0.0,4.36078772167374,1.6408831565727706,80.05243884626478,6.5200700759887695,0.3333333333333333,6.028252468220111,4.05362788577604,20.586972452785986,59.588551181621206,0.20192153207721003,122.59186972966495,95.38869238826321,5.956958810054237,0.7593150944213907,1.0,0.4666666666666667,0.1531,673.209408017602,67.37946323307519,Wh,67.37946323307519,Wh
59,4e1ea11da2d20513417da70714545fd6,RollingRegression,"{""regression_model"": {""model"": ""ElasticNet"", ""model_params"": {""l1_ratio"": 0.5, ""fit_intercept"": true, ""selection"": ""cyclic"", ""max_iter"": 200}}, ""holiday"": true, ""mean_rolling_periods"": null, ""macd_periods"": null, ""std_rolling_periods"": null, ""max_rolling_periods"": 420, ""min_rolling_periods"": 7, ""ewm_var_alpha"": null, ""quantile90_rolling_periods"": null, ""quantile10_rolling_periods"": null, ""ewm_alpha"": 0.2, ""additional_lag_periods"": 59, ""abs_energy"": false, ""rolling_autocorr_periods"": null, ""nonzero_last_n"": null, ""add_date_part"": ""recurring"", ""polynomial_degree"": null, ""x_transform"": null, ""regression_type"": null}","{""fillna"": ""ffill"", ""transformations"": {""0"": ""Scaler"", ""1"": ""DifferencedTransformer"", ""2"": ""DifferencedTransformer""}, ""transformation_params"": {""0"": {}, ""1"": {""lag"": 1, ""fill"": ""bfill""}, ""2"": {""lag"": 1, ""fill"": ""bfill""}}}",0,1,31.126260938576603,1.5394802382753043,1.8294355252745416,1.24708372399079,1.5394802382753043,0.0,-21.298021322529742,1.2179913949927628,24.886385825729395,1.1814766202532878,95.78894789264953,1.0,0.4666666666666667,4.664331680872451,0.36666666666666664,2.9031310357610294,1.1994458559976615,7.5896766833051315,14.32722994194198,0.03668590705079975,3.5883645031996547,28.8341790677792,10.128524051128306,0.022225775147844785,31.126260938576603,1.5394802382753043,1.8294355252745416,1.24708372399079,1.5394802382753043,0.0,1.2179913949927628,1.1814766202532878,95.78894789264953,4.664331680872451,0.36666666666666664,2.9031310357610294,1.1994458559976615,7.5896766833051315,14.32722994194198,0.03668590705079975,3.5883645031996547,28.8341790677792,10.128524051128306,0.022225775147844785,1.0,0.4666666666666667,3.4434,672.4326205549855,23.508017431154435,Wh,23.508017431154435,Wh
60,0cbbf0e487115b61ede5bbc6a5c22ed8,RollingRegression,"{""regression_model"": {""model"": ""ExtraTrees"", ""model_params"": {""n_estimators"": 100, ""min_samples_leaf"": 1, ""min_samples_split"": 2, ""max_depth"": null, ""criterion"": ""squared_error"", ""max_features"": 1}}, ""holiday"": false, ""mean_rolling_periods"": 7, ""macd_periods"": 28, ""std_rolling_periods"": 7, ""max_rolling_periods"": 420, ""min_rolling_periods"": null, ""ewm_var_alpha"": null, ""quantile90_rolling_periods"": null, ""quantile10_rolling_periods"": null, ""ewm_alpha"": null, ""additional_lag_periods"": 11, ""abs_energy"": false, ""rolling_autocorr_periods"": null, ""nonzero_last_n"": null, ""add_date_part"": ""expanded"", ""polynomial_degree"": null, ""x_transform"": null, ""regression_type"": null}","{""fillna"": ""ffill"", ""transformations"": {""0"": ""Scaler"", ""1"": ""Scaler"", ""2"": ""DifferencedTransformer"", ""3"": ""DifferencedTransformer""}, ""transformation_params"": {""0"": {}, ""1"": {}, ""2"": {""lag"": 2, ""fill"": ""zero""}, ""3"": {""lag"": 1, ""fill"": ""zero""}}}",0,1,125.00318238757676,4.15637782325844,4.545442019572688,1.6623529065781375,4.15637782325844,0.0,-96.2806650443375,3.6220529354954647,28.410669653415688,2.0777208518962587,82.71698995426708,0.9666666666666667,0.5,6.5200700759887695,0.4,5.967366559312267,3.7462697781384,19.403888969865502,85.42087184609392,0.27189843910600914,67.86999539092182,51.4230934523509,7.320220199270233,0.4203762620823027,125.00318238757676,4.15637782325844,4.545442019572688,1.6623529065781375,4.15637782325844,0.0,3.6220529354954647,2.0777208518962587,82.71698995426708,6.5200700759887695,0.4,5.967366559312267,3.7462697781384,19.403888969865502,85.42087184609392,0.27189843910600914,67.86999539092182,51.4230934523509,7.320220199270233,0.4203762620823027,0.9666666666666667,0.5,1.173,668.1256669044623,63.46830565950404,Wh,63.46830565950404,Wh
61,a1d2837e599a0bb0432b51b0ad3e5206,RollingRegression,"{""regression_model"": {""model"": ""ExtraTrees"", ""model_params"": {""n_estimators"": 100, ""min_samples_leaf"": 1, ""min_samples_split"": 2, ""max_depth"": null, ""criterion"": ""squared_error"", ""max_features"": 1}}, ""holiday"": false, ""mean_rolling_periods"": 7, ""macd_periods"": 96, ""std_rolling_periods"": null, ""max_rolling_periods"": 2, ""min_rolling_periods"": null, ""ewm_var_alpha"": null, ""quantile90_rolling_periods"": null, ""quantile10_rolling_periods"": null, ""ewm_alpha"": 0.5, ""additional_lag_periods"": 11, ""abs_energy"": false, ""rolling_autocorr_periods"": null, ""nonzero_last_n"": null, ""add_date_part"": ""simple_binarized"", ""polynomial_degree"": null, ""x_transform"": null, ""regression_type"": null}","{""fillna"": ""ffill"", ""transformations"": {""0"": ""Scaler"", ""1"": ""DifferencedTransformer"", ""2"": ""Scaler"", ""3"": ""DifferencedTransformer""}, ""transformation_params"": {""0"": {}, ""1"": {""lag"": 1, ""fill"": ""bfill""}, ""2"": {}, ""3"": {""lag"": 1, ""fill"": ""bfill""}}}",0,1,11.388512638942204,0.5953740035792191,0.7450848842654919,1.2601469573021946,0.5953740035792191,0.0,-11.300286282598972,0.5464698625728689,6.560933824777601,0.4859800506531757,95.74472675827755,1.0,0.5333333333333333,2.5246504764258857,0.5,1.8181660806525888,0.45607181949615483,2.9162931814872297,3.416544248296242,0.27805612077094005,4.739352457821372,3.1527863511126926,8.25141583456602,0.029354816652544097,11.388512638942204,0.5953740035792191,0.7450848842654919,1.2601469573021946,0.5953740035792191,0.0,0.5464698625728689,0.4859800506531757,95.74472675827755,2.5246504764258857,0.5,1.8181660806525888,0.45607181949615483,2.9162931814872297,3.416544248296242,0.27805612077094005,4.739352457821372,3.1527863511126926,8.25141583456602,0.029354816652544097,1.0,0.5333333333333333,1.1969,650.8116354673106,9.091420666676708,Wh,9.091420666676708,Wh
62,74037eb06ed5b6793c27ef481664243d,ARIMA,"{""p"": 4, ""d"": 0, ""q"": 3, ""regression_type"": ""Holiday""}","{""fillna"": ""rolling_mean_24"", ""transformations"": {""0"": ""DifferencedTransformer"", ""1"": ""Scaler"", ""2"": ""Scaler"", ""3"": ""DifferencedTransformer""}, ""transformation_params"": {""0"": {""lag"": 2, ""fill"": ""zero""}, ""1"": {}, ""2"": {}, ""3"": {""lag"": 1, ""fill"": ""zero""}}}",0,1,45.17244446298824,3.1906138962537676,3.463697662967828,1.4578865047668528,3.1906138962537676,0.0,0.0,1.373910956327644,95.71841688761303,3.1906138962537676,79.4330522075552,0.9333333333333333,0.5,5.477709835131705,0.5,4.626709209836969,2.8044253676826063,9.548776164252093,63.658296430459224,0.22915318586676847,95.71841688761303,120.35095179189064,6.336558529402012,0.5928650808341217,45.17244446298824,3.1906138962537676,3.463697662967828,1.4578865047668528,3.1906138962537676,0.0,1.373910956327644,3.1906138962537676,79.4330522075552,5.477709835131705,0.5,4.626709209836969,2.8044253676826063,9.548776164252093,63.658296430459224,0.22915318586676847,95.71841688761303,120.35095179189064,6.336558529402012,0.5928650808341217,0.9333333333333333,0.5,0.622,587.0220028080026,48.72099376426295,Wh,48.72099376426295,Wh
63,b7ca9140738acb51d5fc503db88c1f17,RollingRegression,"{""regression_model"": {""model"": ""ExtraTrees"", ""model_params"": {""n_estimators"": 100, ""min_samples_leaf"": 1, ""min_samples_split"": 2, ""max_depth"": null, ""criterion"": ""squared_error"", ""max_features"": 1}}, ""holiday"": true, ""mean_rolling_periods"": 12, ""macd_periods"": null, ""std_rolling_periods"": 7, ""max_rolling_periods"": 420, ""min_rolling_periods"": null, ""ewm_var_alpha"": null, ""quantile90_rolling_periods"": null, ""quantile10_rolling_periods"": null, ""ewm_alpha"": null, ""additional_lag_periods"": 6, ""abs_energy"": false, ""rolling_autocorr_periods"": null, ""nonzero_last_n"": null, ""add_date_part"": ""recurring"", ""polynomial_degree"": null, ""x_transform"": ""Nystroem"", ""regression_type"": null}","{""fillna"": ""linear"", ""transformations"": {""0"": ""Scaler"", ""1"": ""DifferencedTransformer""}, ""transformation_params"": {""0"": {}, ""1"": {""lag"": 7, ""fill"": ""zero""}}}",0,1,151.78575611009975,34.06755496033033,34.28407326270677,3.1922458536472402,34.06755496033033,0.0,0.0,3.551283259699104,1022.0266488099098,34.06755496033033,26.313529183416442,0.4666666666666667,0.5666666666666667,39.93910330533983,0.5,34.1242162872874,32.96762528247834,144.45899656536233,4264.176762585967,0.7982665351775354,1022.0266488099098,990.5823900028709,55.53624345232166,6.3302751075872274,151.78575611009975,34.06755496033033,34.28407326270677,3.1922458536472402,34.06755496033033,0.0,3.551283259699104,34.06755496033033,26.313529183416442,39.93910330533983,0.5,34.1242162872874,32.96762528247834,144.45899656536233,4264.176762585967,0.7982665351775354,1022.0266488099098,990.5823900028709,55.53624345232166,6.3302751075872274,0.4666666666666667,0.5666666666666667,4.2773,566.7156023234048,520.2149764140328,Wh,520.2149764140328,Wh
64,48bbfde2db050637e0fd333debeda07f,RollingRegression,"{""regression_model"": {""model"": ""RANSAC"", ""model_params"": {}}, ""holiday"": false, ""mean_rolling_periods"": 12, ""macd_periods"": 96, ""std_rolling_periods"": 30, ""max_rolling_periods"": null, ""min_rolling_periods"": null, ""ewm_var_alpha"": null, ""quantile90_rolling_periods"": null, ""quantile10_rolling_periods"": null, ""ewm_alpha"": 0.5, ""additional_lag_periods"": 2, ""abs_energy"": false, ""rolling_autocorr_periods"": 7, ""nonzero_last_n"": null, ""add_date_part"": null, ""polynomial_degree"": null, ""x_transform"": null, ""regression_type"": null}","{""fillna"": ""ffill"", ""transformations"": {""0"": ""Scaler"", ""1"": ""Scaler"", ""2"": ""Scaler"", ""3"": ""DifferencedTransformer"", ""4"": ""Scaler"", ""5"": ""Scaler""}, ""transformation_params"": {""0"": {}, ""1"": {}, ""2"": {}, ""3"": {""lag"": 7, ""fill"": ""zero""}, ""4"": {}, ""5"": {}}}",0,1,151.3246562821944,33.759613301325835,34.073733149081114,3.4249045451086793,33.759613301325835,0.0,0.0,3.540257858242619,1012.7883990397751,33.759613301325835,25.981695890824675,0.5,0.4666666666666667,44.084636599035335,0.5,34.0512240358662,32.03577096311837,145.55736668307588,4422.621993413593,0.7392646333099311,1012.7883990397751,974.7685790638465,52.99333920869326,6.273054816290856,151.3246562821944,33.759613301325835,34.073733149081114,3.4249045451086793,33.759613301325835,0.0,3.540257858242619,33.759613301325835,25.981695890824675,44.084636599035335,0.5,34.0512240358662,32.03577096311837,145.55736668307588,4422.621993413593,0.7392646333099311,1012.7883990397751,974.7685790638465,52.99333920869326,6.273054816290856,0.5,0.4666666666666667,3.0424,561.890176032177,515.5126764379278,Wh,515.5126764379278,Wh
65,b5c61b0c80b7a9163ac8b9fe749bf4e6,WindowRegression,"{""window_size"": 20, ""input_dim"": ""univariate"", ""output_dim"": ""1step"", ""normalize_window"": false, ""max_windows"": 5000000, ""fourier_encoding_components"": null, ""scale"": true, ""datepart_method"": null, ""regression_type"": null, ""regression_model"": {""model"": ""KNN"", ""model_params"": {""n_neighbors"": 14, ""weights"": ""uniform"", ""p"": 2, ""leaf_size"": 10}}}","{""fillna"": ""rolling_mean_24"", ""transformations"": {""0"": ""DifferencedTransformer"", ""1"": ""Scaler"", ""2"": ""DifferencedTransformer"", ""3"": ""Scaler"", ""4"": ""Scaler""}, ""transformation_params"": {""0"": {""lag"": 1, ""fill"": ""zero""}, ""1"": {}, ""2"": {""lag"": 2, ""fill"": ""bfill""}, ""3"": {}, ""4"": {}}}",0,1,169.35865148516814,4.72085724423329,5.013062462209931,1.3025975849161169,4.72085724423329,0.0,-141.50712895393372,4.720639882103345,0.11858837306499481,1.6654056505797534,59.03501221414769,1.0,0.4666666666666667,6.5200700759887695,0.4666666666666667,6.2617722027759735,4.4236450833082195,21.067888872684946,63.1665980614763,0.13516151832599385,141.38854058086872,125.39892801879562,7.157329172976887,0.8757387686312954,169.35865148516814,4.72085724423329,5.013062462209931,1.3025975849161169,4.72085724423329,0.0,4.720639882103345,1.6654056505797534,59.03501221414769,6.5200700759887695,0.4666666666666667,6.2617722027759735,4.4236450833082195,21.067888872684946,63.1665980614763,0.13516151832599385,141.38854058086872,125.39892801879562,7.157329172976887,0.8757387686312954,1.0,0.4666666666666667,0.5345,543.8422691750092,72.08796295544376,Wh,72.08796295544376,Wh
66,21ac86121fe73260149f931eab55a91e,RollingRegression,"{""regression_model"": {""model"": ""ExtraTrees"", ""model_params"": {""n_estimators"": 100, ""min_samples_leaf"": 1, ""min_samples_split"": 2, ""max_depth"": null, ""criterion"": ""squared_error"", ""max_features"": 1}}, ""holiday"": false, ""mean_rolling_periods"": 12, ""macd_periods"": null, ""std_rolling_periods"": 5, ""max_rolling_periods"": 4, ""min_rolling_periods"": null, ""ewm_var_alpha"": null, ""quantile90_rolling_periods"": null, ""quantile10_rolling_periods"": null, ""ewm_alpha"": null, ""additional_lag_periods"": 59, ""abs_energy"": false, ""rolling_autocorr_periods"": null, ""nonzero_last_n"": null, ""add_date_part"": null, ""polynomial_degree"": null, ""x_transform"": null, ""regression_type"": null}","{""fillna"": ""ffill"", ""transformations"": {""0"": ""DifferencedTransformer"", ""1"": ""Scaler""}, ""transformation_params"": {""0"": {""lag"": 7, ""fill"": ""bfill""}, ""1"": {}}}",0,1,149.58551731492116,31.881383525768918,31.894012476646722,3.169060892230331,31.881383525768918,0.0,0.0,3.492533051222698,956.4415057730675,31.881383525768918,25.175873073958194,0.6666666666666666,0.4,33.81967163801193,0.5,32.576572542137846,31.629005844116218,128.05235398682865,3824.471896032354,0.7718004048101852,956.4415057730675,975.7411536185422,49.3228023886863,5.9240508678601,149.58551731492116,31.881383525768918,31.894012476646722,3.169060892230331,31.881383525768918,0.0,3.492533051222698,31.881383525768918,25.175873073958194,33.81967163801193,0.5,32.576572542137846,31.629005844116218,128.05235398682865,3824.471896032354,0.7718004048101852,956.4415057730675,975.7411536185422,49.3228023886863,5.9240508678601,0.6666666666666666,0.4,1.0071,538.5763034551027,486.8319196436925,Wh,486.8319196436925,Wh
67,90003de34412af71839227e4cd991c6f,RollingRegression,"{""regression_model"": {""model"": ""ExtraTrees"", ""model_params"": {""n_estimators"": 100, ""min_samples_leaf"": 1, ""min_samples_split"": 2, ""max_depth"": null, ""criterion"": ""squared_error"", ""max_features"": 1}}, ""holiday"": false, ""mean_rolling_periods"": 12, ""macd_periods"": null, ""std_rolling_periods"": 10, ""max_rolling_periods"": 364, ""min_rolling_periods"": 24, ""ewm_var_alpha"": null, ""quantile90_rolling_periods"": null, ""quantile10_rolling_periods"": null, ""ewm_alpha"": null, ""additional_lag_periods"": 6, ""abs_energy"": false, ""rolling_autocorr_periods"": null, ""nonzero_last_n"": null, ""add_date_part"": ""recurring"", ""polynomial_degree"": null, ""x_transform"": null, ""regression_type"": null}","{""fillna"": ""rolling_mean"", ""transformations"": {""0"": ""Scaler"", ""1"": ""DifferencedTransformer"", ""2"": ""Scaler""}, ""transformation_params"": {""0"": {}, ""1"": {""lag"": 7, ""fill"": ""zero""}, ""2"": {}}}",0,1,147.4422293916947,30.142722583010787,30.154685870639756,3.1578251065755554,30.142722583010787,0.0,0.0,3.4382110360356695,904.2816774903237,30.142722583010787,25.060169231129557,0.5333333333333333,0.4666666666666667,32.00067816913127,0.5,30.9728248690507,29.859203766483066,120.86006588758954,3528.0777745036826,0.8123455034052136,904.2816774903237,925.3393677838116,49.58576126897016,5.600980952825339,147.4422293916947,30.142722583010787,30.154685870639756,3.1578251065755554,30.142722583010787,0.0,3.4382110360356695,30.142722583010787,25.060169231129557,32.00067816913127,0.5,30.9728248690507,29.859203766483066,120.86006588758954,3528.0777745036826,0.8123455034052136,904.2816774903237,925.3393677838116,49.58576126897016,5.600980952825339,0.5333333333333333,0.4666666666666667,1.0679,521.4811024428785,460.2823929053595,Wh,460.2823929053595,Wh
68,906c01b25908bab42136962ed872f290,ARIMA,"{""p"": 0, ""d"": 0, ""q"": 7, ""regression_type"": ""Holiday""}","{""fillna"": ""ffill"", ""transformations"": {""0"": ""DifferencedTransformer"", ""1"": ""Scaler""}, ""transformation_params"": {""0"": {""lag"": 7, ""fill"": ""bfill""}, ""1"": {}}}",0,1,146.84225559011483,29.68654181551803,29.693936139990573,3.122249063662387,29.68654181551803,0.0,0.0,3.42359216279075,890.5962544655409,29.68654181551803,25.431218635422667,0.6666666666666666,0.43333333333333335,31.37804942123273,0.5,30.74811109603453,29.484614465491816,116.98309727859801,3502.656658356554,0.7574162471807211,890.5962544655409,924.937154832775,49.563481929061204,5.51621555770432,146.84225559011483,29.68654181551803,29.693936139990573,3.122249063662387,29.68654181551803,0.0,3.42359216279075,29.68654181551803,25.431218635422667,31.37804942123273,0.5,30.74811109603453,29.484614465491816,116.98309727859801,3502.656658356554,0.7574162471807211,890.5962544655409,924.937154832775,49.563481929061204,5.51621555770432,0.6666666666666666,0.43333333333333335,1.9394,519.7399250718595,453.31646689516833,Wh,453.31646689516833,Wh
69,440ee59791af94068f3de35a97111d51,RollingRegression,"{""regression_model"": {""model"": ""ExtraTrees"", ""model_params"": {""n_estimators"": 100, ""min_samples_leaf"": 1, ""min_samples_split"": 2, ""max_depth"": null, ""criterion"": ""squared_error"", ""max_features"": 1}}, ""holiday"": false, ""mean_rolling_periods"": 5, ""macd_periods"": 24, ""std_rolling_periods"": 7, ""max_rolling_periods"": 364, ""min_rolling_periods"": null, ""ewm_var_alpha"": null, ""quantile90_rolling_periods"": null, ""quantile10_rolling_periods"": null, ""ewm_alpha"": null, ""additional_lag_periods"": 83, ""abs_energy"": false, ""rolling_autocorr_periods"": 7, ""nonzero_last_n"": null, ""add_date_part"": ""recurring"", ""polynomial_degree"": null, ""x_transform"": null, ""regression_type"": null}","{""fillna"": ""ffill_mean_biased"", ""transformations"": {""0"": ""DifferencedTransformer"", ""1"": ""Scaler""}, ""transformation_params"": {""0"": {""lag"": 7, ""fill"": ""bfill""}, ""1"": {}}}",0,1,146.11334065903196,29.140246830210096,29.147580525176974,3.064529166704043,29.140246830210096,0.0,0.0,3.405624884960338,874.2074049063028,29.140246830210096,23.992937924150525,0.7,0.5666666666666667,30.352046546787022,0.5,30.147683065659116,28.959723802042014,114.72008621244456,3360.544530191059,0.8000188274650651,874.2074049063028,908.1607127578083,48.539177175277075,5.414705556445896,146.11334065903196,29.140246830210096,29.147580525176974,3.064529166704043,29.140246830210096,0.0,3.405624884960338,29.140246830210096,23.992937924150525,30.352046546787022,0.5,30.147683065659116,28.959723802042014,114.72008621244456,3360.544530191059,0.8000188274650651,874.2074049063028,908.1607127578083,48.539177175277075,5.414705556445896,0.7,0.5666666666666667,3.6033,504.9818114699984,444.974487753196,Wh,444.974487753196,Wh
70,6dd422209055541c56e123dcec0fabdb,WindowRegression,"{""window_size"": 10, ""input_dim"": ""univariate"", ""output_dim"": ""1step"", ""normalize_window"": false, ""max_windows"": 5000000, ""fourier_encoding_components"": null, ""scale"": true, ""datepart_method"": null, ""regression_type"": null, ""regression_model"": {""model"": ""HistGradientBoost"", ""model_params"": {""loss"": ""squared_error"", ""learning_rate"": 0.01, ""max_depth"": 20, ""min_samples_leaf"": 20, ""max_iter"": 250, ""l2_regularization"": 0}}}","{""fillna"": ""seasonal_linear_window_3"", ""transformations"": {""0"": ""DifferencedTransformer"", ""1"": ""DifferencedTransformer""}, ""transformation_params"": {""0"": {""lag"": 1, ""fill"": ""bfill""}, ""1"": {""lag"": 1, ""fill"": ""zero""}}}",0,1,57.8800396427196,4.928665291767694,5.730836744154308,1.2585632809381355,4.928665291767694,0.0,0.0,1.6254430180717887,147.8599587530308,4.928665291767694,62.15906960479447,1.0,0.5333333333333333,10.36820605864629,0.5,6.1106545702873225,4.036941026271512,26.823489066796927,97.66266906696895,0.13024593339667592,147.8599587530308,102.93168090867262,5.485990672263531,0.9158217326261459,57.8800396427196,4.928665291767694,5.730836744154308,1.2585632809381355,4.928665291767694,0.0,1.6254430180717887,4.928665291767694,62.15906960479447,10.36820605864629,0.5,6.1106545702873225,4.036941026271512,26.823489066796927,97.66266906696895,0.13024593339667592,147.8599587530308,102.93168090867262,5.485990672263531,0.9158217326261459,1.0,0.5333333333333333,0.752,496.48224588084634,75.2612126551254,Wh,75.2612126551254,Wh
71,27df59f6fc710573b7224a769d52194e,WindowRegression,"{""window_size"": 10, ""input_dim"": ""univariate"", ""output_dim"": ""1step"", ""normalize_window"": false, ""max_windows"": 5000000, ""fourier_encoding_components"": null, ""scale"": true, ""datepart_method"": null, ""regression_type"": null, ""regression_model"": {""model"": ""HistGradientBoost"", ""model_params"": {""loss"": ""squared_error"", ""learning_rate"": 0.01, ""max_depth"": 20, ""min_samples_leaf"": 20, ""max_iter"": 250, ""l2_regularization"": 0}}}","{""fillna"": ""ffill"", ""transformations"": {""0"": ""DifferencedTransformer"", ""1"": ""DifferencedTransformer""}, ""transformation_params"": {""0"": {""lag"": 2, ""fill"": ""bfill""}, ""1"": {""lag"": 1, ""fill"": ""zero""}}}",0,1,49.49867171748876,3.6821341963062593,4.069394795562703,1.6511510056709848,3.6821341963062593,0.0,0.0,1.4701558490198587,110.46402588918778,3.6821341963062593,62.76572787333021,0.9333333333333333,0.5333333333333333,6.787064061034895,0.5,5.238387050201344,3.185347332297827,14.901826160461248,94.36761003428221,0.4312236429394081,110.46402588918778,119.95223001658991,7.656438823507866,0.6841971040426909,49.49867171748876,3.6821341963062593,4.069394795562703,1.6511510056709848,3.6821341963062593,0.0,1.4701558490198587,3.6821341963062593,62.76572787333021,6.787064061034895,0.5,5.238387050201344,3.185347332297827,14.901826160461248,94.36761003428221,0.4312236429394081,110.46402588918778,119.95223001658991,7.656438823507866,0.6841971040426909,0.9333333333333333,0.5333333333333333,0.6152,483.3155437739252,56.2265579762109,Wh,56.2265579762109,Wh
72,388b22095a53da3f94b552a1d2dfe52b,WindowRegression,"{""window_size"": 20, ""input_dim"": ""univariate"", ""output_dim"": ""1step"", ""normalize_window"": false, ""max_windows"": 5000000, ""fourier_encoding_components"": null, ""scale"": true, ""datepart_method"": null, ""regression_type"": null, ""regression_model"": {""model"": ""BayesianRidge"", ""model_params"": {}}}","{""fillna"": ""ffill"", ""transformations"": {""0"": ""Scaler"", ""1"": ""DifferencedTransformer"", ""2"": ""Scaler"", ""3"": ""DifferencedTransformer""}, ""transformation_params"": {""0"": {}, ""1"": {""lag"": 1, ""fill"": ""zero""}, ""2"": {}, ""3"": {""lag"": 1, ""fill"": ""bfill""}}}",0,1,15.728765482165308,0.9335031634098088,1.201672832472124,1.2424945655666175,0.9335031634098088,0.0,-0.48994362170760564,0.585851373048726,27.515151280586654,0.9319484228851426,63.47323246344346,1.0,0.36666666666666664,2.810043913465611,0.6,2.140256098406923,0.6832142462714075,5.138919002223116,4.053929228478656,0.3505586612216727,27.02520765887905,18.23307142947841,8.468657702422105,0.1673899594688523,15.728765482165308,0.9335031634098088,1.201672832472124,1.2424945655666175,0.9335031634098088,0.0,0.585851373048726,0.9319484228851426,63.47323246344346,2.810043913465611,0.6,2.140256098406923,0.6832142462714075,5.138919002223116,4.053929228478656,0.3505586612216727,27.02520765887905,18.23307142947841,8.468657702422105,0.1673899594688523,1.0,0.36666666666666664,0.1041,442.0284850283032,14.25468680394403,Wh,14.25468680394403,Wh
73,b24c94b18901b18a6f20b4cd6628d50f,ARIMA,"{""p"": 1, ""d"": 2, ""q"": 3, ""regression_type"": ""Holiday""}","{""fillna"": ""ffill_mean_biased"", ""transformations"": {""0"": ""DifferencedTransformer"", ""1"": ""Scaler"", ""2"": ""Scaler"", ""3"": ""Scaler""}, ""transformation_params"": {""0"": {""lag"": 2, ""fill"": ""bfill""}, ""1"": {}, ""2"": {}, ""3"": {}}}",0,1,98.81682522300834,11.320253077510674,12.182430790486226,1.7247338596521946,11.320253077510674,0.0,0.0,2.4442852021321704,339.60759232532024,11.320253077510674,11.329976492272335,0.9333333333333333,0.5,20.21700452806829,0.5,12.07358486922011,9.82263587851272,56.44943056757787,479.29579080738,0.18601354573674753,339.60759232532024,274.53123742036513,7.13574078208158,2.1034769402030107,98.81682522300834,11.320253077510674,12.182430790486226,1.7247338596521946,11.320253077510674,0.0,2.4442852021321704,11.320253077510674,11.329976492272335,20.21700452806829,0.5,12.07358486922011,9.82263587851272,56.44943056757787,479.29579080738,0.18601354573674753,339.60759232532024,274.53123742036513,7.13574078208158,2.1034769402030107,0.9333333333333333,0.5,0.8405,239.2595621836549,172.86139831800236,Wh,172.86139831800236,Wh
74,9e182b2af7d8401a8fa91dc8bdd2b637,DatepartRegression,"{""regression_model"": {""model"": ""DecisionTree"", ""model_params"": {""max_depth"": 3, ""min_samples_split"": 2}}, ""datepart_method"": ""recurring"", ""polynomial_degree"": null, ""holiday_countries_used"": false, ""lags"": null, ""forward_lags"": null, ""regression_type"": null}","{""fillna"": ""mean"", ""transformations"": {""2"": ""DifferencedTransformer""}, ""transformation_params"": {""2"": {}}}",0,1,91.2435923637852,12.327445030212402,15.317087767298245,3.2055319022298345,12.327445030212402,0.0,-1.6100372473398838,2.2914765935611565,368.21331365903217,12.310397755077064,9.241984541973894,1.0,0.4,27.82479323281182,0.6,14.460648916469982,9.465783415900336,71.5689616264548,696.0261693279018,0.7290531151264323,366.60327641169226,225.62291364117021,25.138623033511344,2.2706840352266493,91.2435923637852,12.327445030212402,15.317087767298245,3.2055319022298345,12.327445030212402,0.0,2.2914765935611565,12.310397755077064,9.241984541973894,27.82479323281182,0.6,14.460648916469982,9.465783415900336,71.5689616264548,696.0261693279018,0.7290531151264323,366.60327641169226,225.62291364117021,25.138623033511344,2.2706840352266493,1.0,0.4,0.0815,236.70101341206504,188.24132031502415,Wh,188.24132031502415,Wh
75,90dee52f7b996d772832dfcfe0d87b3a,DatepartRegression,"{""regression_model"": {""model"": ""Adaboost"", ""model_params"": {""n_estimators"": 50, ""loss"": ""linear"", ""estimator"": null, ""learning_rate"": 1, ""max_depth"": 3}}, ""datepart_method"": ""recurring"", ""polynomial_degree"": 2, ""holiday_countries_used"": false, ""lags"": null, ""forward_lags"": null, ""regression_type"": null}","{""fillna"": ""zero"", ""transformations"": {""0"": ""Scaler"", ""1"": ""DifferencedTransformer""}, ""transformation_params"": {""0"": {}, ""1"": {""lag"": 1, ""fill"": ""bfill""}}}",0,1,86.63405375505025,10.102728383448037,11.739306307169203,1.590609195156994,10.102728383448037,0.0,0.0,2.1848099944713306,303.0818515034411,10.102728383448037,8.879296390909003,1.0,0.4666666666666667,18.544288063447627,0.5,11.40781871695562,8.577428857025316,54.338120453189894,378.43739018787807,0.2314193025799142,303.0818515034411,211.06329519393844,5.067168553550706,1.877242146638514,86.63405375505025,10.102728383448037,11.739306307169203,1.590609195156994,10.102728383448037,0.0,2.1848099944713306,10.102728383448037,8.879296390909003,18.544288063447627,0.5,11.40781871695562,8.577428857025316,54.338120453189894,378.43739018787807,0.2314193025799142,303.0818515034411,211.06329519393844,5.067168553550706,1.877242146638514,1.0,0.4666666666666667,0.1335,207.3582031847235,154.26967429369756,Wh,154.26967429369756,Wh
76,072a0971df474098d9dc326c311e2e26,RollingRegression,"{""regression_model"": {""model"": ""RANSAC"", ""model_params"": {}}, ""holiday"": false, ""mean_rolling_periods"": 30, ""macd_periods"": 52, ""std_rolling_periods"": 7, ""max_rolling_periods"": 10, ""min_rolling_periods"": 28, ""ewm_var_alpha"": null, ""quantile90_rolling_periods"": null, ""quantile10_rolling_periods"": null, ""ewm_alpha"": null, ""additional_lag_periods"": 2, ""abs_energy"": false, ""rolling_autocorr_periods"": null, ""nonzero_last_n"": null, ""add_date_part"": ""recurring"", ""polynomial_degree"": null, ""x_transform"": null, ""regression_type"": null}","{""fillna"": ""ffill_mean_biased"", ""transformations"": {""0"": ""Scaler"", ""1"": ""Scaler""}, ""transformation_params"": {""0"": {}, ""1"": {}}}",0,1,79.33413666178326,8.319168703569934,9.661564553046126,2.5161450353189707,8.319168703569934,0.0,0.0,2.0308459007928046,249.57506110709804,8.319168703569934,11.196918993051181,0.13333333333333333,0.43333333333333335,15.365155336763138,0.5,10.876078822257409,7.035495696504146,21.88357519952999,223.93889537198737,0.4664212505595996,249.57506110709804,326.9580203164341,26.030114049396452,1.5458293564463317,79.33413666178326,8.319168703569934,9.661564553046126,2.5161450353189707,8.319168703569934,0.0,2.0308459007928046,8.319168703569934,11.196918993051181,15.365155336763138,0.5,10.876078822257409,7.035495696504146,21.88357519952999,223.93889537198737,0.4664212505595996,249.57506110709804,326.9580203164341,26.030114049396452,1.5458293564463317,0.13333333333333333,0.43333333333333335,0.2968,203.16159936572495,127.03453934253315,Wh,127.03453934253315,Wh
77,7e8546a01c7f8448c9226e2ddc93f62e,RollingRegression,"{""regression_model"": {""model"": ""RANSAC"", ""model_params"": {}}, ""holiday"": false, ""mean_rolling_periods"": 5, ""macd_periods"": null, ""std_rolling_periods"": null, ""max_rolling_periods"": 10, ""min_rolling_periods"": 12, ""ewm_var_alpha"": null, ""quantile90_rolling_periods"": null, ""quantile10_rolling_periods"": null, ""ewm_alpha"": null, ""additional_lag_periods"": 2, ""abs_energy"": false, ""rolling_autocorr_periods"": null, ""nonzero_last_n"": null, ""add_date_part"": ""recurring"", ""polynomial_degree"": null, ""x_transform"": null, ""regression_type"": null}","{""fillna"": ""fake_date"", ""transformations"": {""0"": ""Scaler"", ""1"": ""Scaler"", ""2"": ""DifferencedTransformer""}, ""transformation_params"": {""0"": {}, ""1"": {}, ""2"": {""lag"": 1, ""fill"": ""bfill""}}}",0,1,173.81025839483814,4.8894789563573715,5.052687044302173,1.267353988256282,4.8894789563573715,0.0,-146.68436869072116,4.8894789563573715,0.0,1.742295507890815,5.833650926996676,1.0,0.5,6.5200700759887695,0.5,6.259718280420176,4.625991137857119,21.252840691232354,67.86754422280111,0.14172453801423882,146.68436869072116,135.563728186198,7.633173290415391,0.9085403094687055,173.81025839483814,4.8894789563573715,5.052687044302173,1.267353988256282,4.8894789563573715,0.0,4.8894789563573715,1.742295507890815,5.833650926996676,6.5200700759887695,0.5,6.259718280420176,4.625991137857119,21.252840691232354,67.86754422280111,0.14172453801423882,146.68436869072116,135.563728186198,7.633173290415391,0.9085403094687055,1.0,0.5,0.2751,193.2931077300254,74.66283338854844,Wh,74.66283338854844,Wh
78,74ab6b1bda98ed8107ed7a23aae64d33,ARIMA,"{""p"": 2, ""d"": 0, ""q"": 12, ""regression_type"": null}","{""fillna"": ""rolling_mean"", ""transformations"": {""0"": ""Scaler"", ""1"": ""Scaler"", ""2"": ""DifferencedTransformer""}, ""transformation_params"": {""0"": {}, ""1"": {}, ""2"": {""lag"": 2, ""fill"": ""bfill""}}}",0,1,66.24605656071499,5.291837233042341,5.3165277227828405,1.3799737654846003,5.291837233042341,0.0,0.0,1.835941516737112,158.75511699127023,5.291837233042341,8.980689890274173,0.9333333333333333,0.5333333333333333,6.275290210629761,0.5,6.268836305093816,5.138383076316705,20.746514957705692,102.88060756282357,0.26263767156990114,158.75511699127023,165.17695546811294,6.902997678372024,0.9833046588972579,66.24605656071499,5.291837233042341,5.3165277227828405,1.3799737654846003,5.291837233042341,0.0,1.835941516737112,5.291837233042341,8.980689890274173,6.275290210629761,0.5,6.268836305093816,5.138383076316705,20.746514957705692,102.88060756282357,0.26263767156990114,158.75511699127023,165.17695546811294,6.902997678372024,0.9833046588972579,0.9333333333333333,0.5333333333333333,2.319,148.20041051863922,80.80688457330163,Wh,80.80688457330163,Wh
79,ad591d791f8f4215b8b757280905719d,ARIMA,"{""p"": 1, ""d"": 0, ""q"": 3, ""regression_type"": null}","{""fillna"": ""zero"", ""transformations"": {""0"": ""DifferencedTransformer"", ""1"": ""Scaler""}, ""transformation_params"": {""0"": {""lag"": 2, ""fill"": ""bfill""}, ""1"": {}}}",0,1,64.34806633652167,5.067449736268648,5.098524112403064,1.4472585758103578,5.067449736268648,0.0,0.0,1.7985827604516524,152.02349208805944,5.067449736268648,8.777323397923931,0.9333333333333333,0.4666666666666667,5.938571117717936,0.5,6.11601775857739,4.911325164895957,19.56093144234421,101.39940217751536,0.17209727396491212,152.02349208805944,160.7731507743857,8.600831455147047,0.9416100146254771,64.34806633652167,5.067449736268648,5.098524112403064,1.4472585758103578,5.067449736268648,0.0,1.7985827604516524,5.067449736268648,8.777323397923931,5.938571117717936,0.5,6.11601775857739,4.911325164895957,19.56093144234421,101.39940217751536,0.17209727396491212,152.02349208805944,160.7731507743857,8.600831455147047,0.9416100146254771,0.9333333333333333,0.4666666666666667,0.1156,143.74420465298198,77.38046502315618,Wh,77.38046502315618,Wh
80,f1d114f2a5f5c237256d11651688af20,DatepartRegression,"{""regression_model"": {""model"": ""DecisionTree"", ""model_params"": {""max_depth"": null, ""min_samples_split"": 0.05}}, ""datepart_method"": [""weekdayofmonth"", ""common_fourier""], ""polynomial_degree"": null, ""holiday_countries_used"": true, ""lags"": 2, ""forward_lags"": 2, ""regression_type"": null}","{""fillna"": ""linear"", ""transformations"": {""0"": ""Scaler""}, ""transformation_params"": {""0"": {}}}",0,1,130.96719864066392,3.78986169308424,4.360785940307372,1.6808848141425186,3.78986169308424,0.0,-113.03902911245822,3.786709126183857,0.6568216800689699,1.4077681297930913,3.4845076876710053,0.3,0.5,6.27160008251667,0.5,5.49040233364453,3.3671032257080076,13.576907469084235,38.71109773017964,0.5754091447039932,112.38220743238925,115.61809876816099,5.189880210355393,0.6960780240645913,130.96719864066392,3.78986169308424,4.360785940307372,1.6808848141425186,3.78986169308424,0.0,3.786709126183857,1.4077681297930913,3.4845076876710053,6.27160008251667,0.5,5.49040233364453,3.3671032257080076,13.576907469084235,38.71109773017964,0.5754091447039932,112.38220743238925,115.61809876816099,5.189880210355393,0.6960780240645913,0.3,0.5,1.0942,142.34380656848876,57.87156764188127,Wh,57.87156764188127,Wh
81,f2b12f8e666b33d47cc555ab9c7ec120,RollingRegression,"{""regression_model"": {""model"": ""ExtraTrees"", ""model_params"": {""n_estimators"": 100, ""min_samples_leaf"": 1, ""min_samples_split"": 2, ""max_depth"": null, ""criterion"": ""squared_error"", ""max_features"": 1}}, ""holiday"": true, ""mean_rolling_periods"": null, ""macd_periods"": null, ""std_rolling_periods"": 10, ""max_rolling_periods"": null, ""min_rolling_periods"": null, ""ewm_var_alpha"": null, ""quantile90_rolling_periods"": null, ""quantile10_rolling_periods"": null, ""ewm_alpha"": 0.5, ""additional_lag_periods"": 59, ""abs_energy"": false, ""rolling_autocorr_periods"": null, ""nonzero_last_n"": null, ""add_date_part"": ""recurring"", ""polynomial_degree"": null, ""x_transform"": ""Nystroem"", ""regression_type"": null}","{""fillna"": ""mean"", ""transformations"": {""0"": ""Scaler"", ""1"": ""Scaler"", ""2"": ""DifferencedTransformer""}, ""transformation_params"": {""0"": {}, ""1"": {}, ""2"": {""lag"": 1, ""fill"": ""bfill""}}}",0,1,101.38094317362744,3.1908221035003668,3.860878389874806,1.1398353676331319,3.1908221035003668,0.0,-95.08514439582825,3.1884902465076737,0.6395187091827372,1.2606240605245271,6.657499012854786,1.0,0.43333333333333335,6.5200700759887695,0.4666666666666667,5.079168364166715,2.6061625228881837,17.619435782512337,42.72270537756535,0.09987369830593444,94.44562568664551,60.93517277198511,8.69249625018187,0.5849816088463582,101.38094317362744,3.1908221035003668,3.860878389874806,1.1398353676331319,3.1908221035003668,0.0,3.1884902465076737,1.2606240605245271,6.657499012854786,6.5200700759887695,0.4666666666666667,5.079168364166715,2.6061625228881837,17.619435782512337,42.72270537756535,0.09987369830593444,94.44562568664551,60.93517277198511,8.69249625018187,0.5849816088463582,1.0,0.43333333333333335,4.2555,139.34084329396867,48.72417310977233,Wh,48.72417310977233,Wh
82,7cca013c32bbad8570686aec01e1a2f8,ARIMA,"{""p"": 4, ""d"": 0, ""q"": 12, ""regression_type"": ""Holiday""}","{""fillna"": ""ffill"", ""transformations"": {""0"": ""DifferencedTransformer""}, ""transformation_params"": {""0"": {""lag"": 2, ""fill"": ""bfill""}}}",0,1,61.70214126348274,4.7651440302733015,4.796635721427348,1.34468038536416,4.7651440302733015,0.0,0.0,1.7471868754347966,142.95432090819904,4.7651440302733015,8.577918429714455,0.9333333333333333,0.6333333333333333,5.651148535215544,0.5,5.781687380723776,4.617101881929301,18.50384602906963,90.09535115256982,0.4310632335384976,142.95432090819904,150.44509997772965,4.9478284329729165,0.8854369699860161,61.70214126348274,4.7651440302733015,4.796635721427348,1.34468038536416,4.7651440302733015,0.0,1.7471868754347966,4.7651440302733015,8.577918429714455,5.651148535215544,0.5,5.781687380723776,4.617101881929301,18.50384602906963,90.09535115256982,0.4310632335384976,142.95432090819904,150.44509997772965,4.9478284329729165,0.8854369699860161,0.9333333333333333,0.6333333333333333,9.0322,138.09818857739452,72.76422661399175,Wh,72.76422661399175,Wh
83,36d4f50db38da72d256ef839e354acd6,ARIMA,"{""p"": 1, ""d"": 0, ""q"": 0, ""regression_type"": ""Holiday""}","{""fillna"": ""ffill"", ""transformations"": {""0"": ""DifferencedTransformer"", ""1"": ""Scaler"", ""2"": ""Scaler""}, ""transformation_params"": {""0"": {""lag"": 2, ""fill"": ""bfill""}, ""1"": {}, ""2"": {}}}",0,1,57.41997566360742,4.300984145946302,4.347381078347396,1.3776798007171136,4.300984145946302,0.0,0.0,1.6605514124177079,129.02952437838906,4.300984145946302,8.557656377872236,0.9333333333333333,0.4666666666666667,5.479432555268259,0.5,5.391572572880761,4.12068221295493,16.21008909109554,75.76730961304973,0.1726694750055622,129.02952437838906,139.57359403484438,8.55508193077762,0.7991889323702493,57.41997566360742,4.300984145946302,4.347381078347396,1.3776798007171136,4.300984145946302,0.0,1.6605514124177079,4.300984145946302,8.557656377872236,5.479432555268259,0.5,5.391572572880761,4.12068221295493,16.21008909109554,75.76730961304973,0.1726694750055622,129.02952437838906,139.57359403484438,8.55508193077762,0.7991889323702493,0.9333333333333333,0.4666666666666667,0.2563,131.3040725582728,65.67645869056197,Wh,65.67645869056197,Wh
84,bc4ab9de74ce1b4cf03ac645724f3159,WindowRegression,"{""window_size"": 28, ""input_dim"": ""univariate"", ""output_dim"": ""forecast_length"", ""normalize_window"": false, ""max_windows"": 50000, ""fourier_encoding_components"": null, ""scale"": true, ""datepart_method"": null, ""regression_type"": null, ""regression_model"": {""model"": ""RANSAC"", ""model_params"": {}}}","{""fillna"": ""ffill"", ""transformations"": {""0"": ""Scaler""}, ""transformation_params"": {""0"": {}}}",0,1,88.18229693808836,3.505286526638244,4.274993351290308,7.706970111622722,3.505286526638244,0.0,-62.68282133648712,2.6482626587889624,42.47577446266021,2.2223233316468045,5.283481709231655,0.26666666666666666,0.4666666666666667,12.230450135026345,0.5333333333333333,4.5503630861271835,2.7723880929836366,13.833794608444938,42.24547723725834,2.0676325325061087,20.20704687382691,28.939169036116695,100.32170940792425,0.12515932531914475,88.18229693808836,3.505286526638244,4.274993351290308,7.706970111622722,3.505286526638244,0.0,2.6482626587889624,2.2223233316468045,5.283481709231655,12.230450135026345,0.5333333333333333,4.5503630861271835,2.7723880929836366,13.833794608444938,42.24547723725834,2.0676325325061087,20.20704687382691,28.939169036116695,100.32170940792425,0.12515932531914475,0.26666666666666666,0.4666666666666667,0.1077,124.77635724728,53.52607634750727,Wh,53.52607634750727,Wh
85,74ffbe105cd7f466bbe057a8db29fafb,RollingRegression,"{""regression_model"": {""model"": ""RANSAC"", ""model_params"": {}}, ""holiday"": false, ""mean_rolling_periods"": 7, ""macd_periods"": null, ""std_rolling_periods"": 7, ""max_rolling_periods"": 420, ""min_rolling_periods"": 364, ""ewm_var_alpha"": null, ""quantile90_rolling_periods"": null, ""quantile10_rolling_periods"": null, ""ewm_alpha"": null, ""additional_lag_periods"": 59, ""abs_energy"": false, ""rolling_autocorr_periods"": null, ""nonzero_last_n"": null, ""add_date_part"": ""recurring"", ""polynomial_degree"": null, ""x_transform"": null, ""regression_type"": null}","{""fillna"": ""ffill"", ""transformations"": {""0"": ""Scaler"", ""1"": ""DifferencedTransformer"", ""2"": ""Scaler""}, ""transformation_params"": {""0"": {}, ""1"": {""lag"": 1, ""fill"": ""bfill""}, ""2"": {}}}",0,1,52.57190800364786,4.160531838447467,4.683866158345455,1.2421762746664715,4.160531838447467,0.0,0.0,1.522641025435103,124.815955153424,4.160531838447467,7.892176417627736,1.0,0.5,7.388309510084685,0.5,5.181917109524274,3.626536830867018,21.406635744956567,58.07307459853872,0.2813688978584503,124.815955153424,93.20669325071431,5.686251629859108,0.7730907358017439,52.57190800364786,4.160531838447467,4.683866158345455,1.2421762746664715,4.160531838447467,0.0,1.522641025435103,4.160531838447467,7.892176417627736,7.388309510084685,0.5,5.181917109524274,3.626536830867018,21.406635744956567,58.07307459853872,0.2813688978584503,124.815955153424,93.20669325071431,5.686251629859108,0.7730907358017439,1.0,0.5,0.2681,124.00060649808593,63.531737887502196,Wh,63.531737887502196,Wh
86,d99d6ebd59c8b04d37d36f2e4f9d99ae,WindowRegression,"{""window_size"": 20, ""input_dim"": ""univariate"", ""output_dim"": ""1step"", ""normalize_window"": false, ""max_windows"": 5000000, ""fourier_encoding_components"": null, ""scale"": true, ""datepart_method"": null, ""regression_type"": null, ""regression_model"": {""model"": ""KNN"", ""model_params"": {""n_neighbors"": 14, ""weights"": ""uniform"", ""p"": 2, ""leaf_size"": 10}}}","{""fillna"": ""ffill_mean_biased"", ""transformations"": {""0"": ""Scaler"", ""1"": ""DifferencedTransformer"", ""2"": ""Scaler"", ""3"": ""Scaler"", ""4"": ""Scaler""}, ""transformation_params"": {""0"": {}, ""1"": {""lag"": 2, ""fill"": ""zero""}, ""2"": {}, ""3"": {}, ""4"": {}}}",0,1,59.37709196092985,4.5223195349797605,4.593930798520452,1.6948943104612857,4.5223195349797605,0.0,0.0,1.6975157847765736,135.66958604939282,4.5223195349797605,6.527378601496093,0.9,0.3333333333333333,5.938180595636368,0.5,5.702573702831187,4.298156263306737,16.60452037107109,91.30140384228683,0.45777548497909337,135.66958604939282,148.90887167371318,4.86967421340946,0.8403164481329202,59.37709196092985,4.5223195349797605,4.593930798520452,1.6948943104612857,4.5223195349797605,0.0,1.6975157847765736,4.5223195349797605,6.527378601496093,5.938180595636368,0.5,5.702573702831187,4.298156263306737,16.60452037107109,91.30140384228683,0.45777548497909337,135.66958604939282,148.90887167371318,4.86967421340946,0.8403164481329202,0.9,0.3333333333333333,0.5529,121.08053416680353,69.05627224981822,Wh,69.05627224981822,Wh
87,028fcec61a3cd214c8e2f10fcdcf80ad,WindowRegression,"{""window_size"": 5, ""input_dim"": ""univariate"", ""output_dim"": ""forecast_length"", ""normalize_window"": false, ""max_windows"": 5000000, ""fourier_encoding_components"": null, ""scale"": true, ""datepart_method"": null, ""regression_type"": null, ""regression_model"": {""model"": ""ElasticNet"", ""model_params"": {""l1_ratio"": 0.5, ""fit_intercept"": true, ""selection"": ""cyclic"", ""max_iter"": 200}}}","{""fillna"": ""ffill_mean_biased"", ""transformations"": {""0"": ""Scaler"", ""1"": ""DifferencedTransformer""}, ""transformation_params"": {""0"": {}, ""1"": {""lag"": 2, ""fill"": ""bfill""}}}",0,1,56.84450046852248,4.243880693767357,4.299847110666957,1.3725010325181375,4.243880693767357,0.0,0.0,1.6481704644123485,127.31642081302071,4.243880693767357,6.58104969959248,0.9,0.5666666666666667,5.560438238470338,0.5,5.359587388037616,4.024992612447164,15.68639303887235,74.26477716019593,0.21124620585804818,127.31642081302071,139.54701025497388,7.442898752545101,0.7885782336480606,56.84450046852248,4.243880693767357,4.299847110666957,1.3725010325181375,4.243880693767357,0.0,1.6481704644123485,4.243880693767357,6.58104969959248,5.560438238470338,0.5,5.359587388037616,4.024992612447164,15.68639303887235,74.26477716019593,0.21124620585804818,127.31642081302071,139.54701025497388,7.442898752545101,0.7885782336480606,0.9,0.5666666666666667,0.0108,117.32511825450544,64.80448325636893,Wh,64.80448325636893,Wh
88,b7a0093b70a4fe083a971fb31695d401,RollingRegression,"{""regression_model"": {""model"": ""RANSAC"", ""model_params"": {}}, ""holiday"": false, ""mean_rolling_periods"": null, ""macd_periods"": null, ""std_rolling_periods"": 10, ""max_rolling_periods"": 420, ""min_rolling_periods"": 12, ""ewm_var_alpha"": null, ""quantile90_rolling_periods"": null, ""quantile10_rolling_periods"": null, ""ewm_alpha"": null, ""additional_lag_periods"": 59, ""abs_energy"": true, ""rolling_autocorr_periods"": null, ""nonzero_last_n"": null, ""add_date_part"": ""recurring"", ""polynomial_degree"": null, ""x_transform"": null, ""regression_type"": null}","{""fillna"": ""ffill"", ""transformations"": {""0"": ""Scaler""}, ""transformation_params"": {""0"": {}}}",0,1,97.69337767453497,3.516458859828364,3.6239127753827396,1.2394082340469985,3.516458859828364,0.0,-105.49376579485093,3.516458859828364,0.0,1.4875849900421814,2.2593471677765486,0.2,0.6666666666666666,5.185188766109395,0.5,4.730820765246839,3.275896751517192,15.502561020623823,38.527624076598045,0.15332191226799322,105.49376579485093,97.25248158129156,7.157475569648372,0.6534120811765536,97.69337767453497,3.516458859828364,3.6239127753827396,1.2394082340469985,3.516458859828364,0.0,3.516458859828364,1.4875849900421814,2.2593471677765486,5.185188766109395,0.5,4.730820765246839,3.275896751517192,15.502561020623823,38.527624076598045,0.15332191226799322,105.49376579485093,97.25248158129156,7.157475569648372,0.6534120811765536,0.2,0.6666666666666666,0.284,108.54672007881771,53.696678994329325,Wh,53.696678994329325,Wh
89,d518514edec52d0efedc500fc3630575,RollingRegression,"{""regression_model"": {""model"": ""RANSAC"", ""model_params"": {}}, ""holiday"": false, ""mean_rolling_periods"": 5, ""macd_periods"": 364, ""std_rolling_periods"": 10, ""max_rolling_periods"": null, ""min_rolling_periods"": 28, ""ewm_var_alpha"": null, ""quantile90_rolling_periods"": null, ""quantile10_rolling_periods"": null, ""ewm_alpha"": null, ""additional_lag_periods"": 6, ""abs_energy"": false, ""rolling_autocorr_periods"": null, ""nonzero_last_n"": null, ""add_date_part"": ""recurring"", ""polynomial_degree"": null, ""x_transform"": null, ""regression_type"": null}","{""fillna"": ""linear"", ""transformations"": {""0"": ""Scaler"", ""1"": ""Scaler"", ""2"": ""Scaler""}, ""transformation_params"": {""0"": {}, ""1"": {}, ""2"": {}}}",0,1,58.79087808670632,4.488769233762195,4.620811732641781,1.5022476115776089,4.488769233762195,0.0,0.0,1.682792017596641,134.66307701286584,4.488769233762195,4.508070021055383,0.0,0.4,6.613362651641513,0.5,5.762890720055663,4.133254261981125,15.944936063052072,73.78140214593935,0.2429965166885052,134.66307701286584,153.0314076876596,6.127742713310289,0.8340822867175524,58.79087808670632,4.488769233762195,4.620811732641781,1.5022476115776089,4.488769233762195,0.0,1.682792017596641,4.488769233762195,4.508070021055383,6.613362651641513,0.5,5.762890720055663,4.133254261981125,15.944936063052072,73.78140214593935,0.2429965166885052,134.66307701286584,153.0314076876596,6.127742713310289,0.8340822867175524,0.0,0.4,0.3094,107.22868820055005,68.54395578986377,Wh,68.54395578986377,Wh
90,fe8778eb22a46a18775106e65e9ee77f,DatepartRegression,"{""regression_model"": {""model"": ""ElasticNet"", ""model_params"": {""l1_ratio"": 0.5, ""fit_intercept"": true, ""selection"": ""cyclic"", ""max_iter"": 1000}}, ""datepart_method"": ""expanded"", ""polynomial_degree"": null, ""holiday_countries_used"": false, ""lags"": null, ""forward_lags"": 1, ""regression_type"": null}","{""fillna"": ""ffill"", ""transformations"": {""0"": ""Scaler"", ""1"": ""DifferencedTransformer""}, ""transformation_params"": {""0"": {}, ""1"": {""lag"": 1, ""fill"": ""bfill""}}}",0,1,51.02702535688887,2.072989609138676,2.5024547551828977,1.1367793089384552,2.072989609138676,0.0,-61.20228507072443,2.0683719061553516,0.9874032034358606,1.0111303536873502,6.869789914098005,1.0,0.5,4.786264998715524,0.5,3.5911267498066977,1.6379667509829596,11.548037445290328,20.54609061902553,0.001277043507719884,60.21488186728857,38.0633200017811,11.412178093021662,0.3729616720216252,51.02702535688887,2.072989609138676,2.5024547551828977,1.1367793089384552,2.072989609138676,0.0,2.0683719061553516,1.0111303536873502,6.869789914098005,4.786264998715524,0.5,3.5911267498066977,1.6379667509829596,11.548037445290328,20.54609061902553,0.001277043507719884,60.21488186728857,38.0633200017811,11.412178093021662,0.3729616720216252,1.0,0.5,0.0795,97.93684522037033,31.654758959964852,Wh,31.654758959964852,Wh
91,08d586b5212bd89323df31b76c7f331a,RollingRegression,"{""regression_model"": {""model"": ""ExtraTrees"", ""model_params"": {""n_estimators"": 100, ""min_samples_leaf"": 1, ""min_samples_split"": 2, ""max_depth"": null, ""criterion"": ""squared_error"", ""max_features"": 1}}, ""holiday"": false, ""mean_rolling_periods"": 5, ""macd_periods"": 24, ""std_rolling_periods"": 7, ""max_rolling_periods"": 364, ""min_rolling_periods"": null, ""ewm_var_alpha"": null, ""quantile90_rolling_periods"": null, ""quantile10_rolling_periods"": null, ""ewm_alpha"": 0.5, ""additional_lag_periods"": 2, ""abs_energy"": false, ""rolling_autocorr_periods"": 7, ""nonzero_last_n"": null, ""add_date_part"": null, ""polynomial_degree"": null, ""x_transform"": null, ""regression_type"": null}","{""fillna"": ""rolling_mean_24"", ""transformations"": {""0"": ""Scaler"", ""1"": ""DifferencedTransformer""}, ""transformation_params"": {""0"": {}, ""1"": {""lag"": 1, ""fill"": ""bfill""}}}",0,1,35.89524364734334,1.6092124702135735,1.9152583093006845,1.134937190533133,1.6092124702135735,0.0,-47.693453221321136,1.6071553786919366,0.5829208850860592,0.8741075645798505,6.9447114189825285,1.0,0.5666666666666667,3.6096132564544696,0.5,2.968219641228504,1.2906988861083994,8.694956983344902,12.146596832658517,0.12371720339530308,47.11053233623508,31.79483387132292,11.878262159101656,0.29179535631533177,35.89524364734334,1.6092124702135735,1.9152583093006845,1.134937190533133,1.6092124702135735,0.0,1.6071553786919366,0.8741075645798505,6.9447114189825285,3.6096132564544696,0.5,2.968219641228504,1.2906988861083994,8.694956983344902,12.146596832658517,0.12371720339530308,47.11053233623508,31.79483387132292,11.878262159101656,0.29179535631533177,1.0,0.5666666666666667,3.4394,84.31127409804428,24.572835597157415,Wh,24.572835597157415,Wh
92,8a948395b077f32ed05e33ada5df62ce,RollingRegression,"{""regression_model"": {""model"": ""ExtraTrees"", ""model_params"": {""n_estimators"": 100, ""min_samples_leaf"": 1, ""max_depth"": 10}}, ""holiday"": false, ""mean_rolling_periods"": null, ""macd_periods"": null, ""std_rolling_periods"": null, ""max_rolling_periods"": 24, ""min_rolling_periods"": 7, ""ewm_var_alpha"": null, ""quantile90_rolling_periods"": null, ""quantile10_rolling_periods"": null, ""ewm_alpha"": null, ""additional_lag_periods"": 11, ""abs_energy"": false, ""rolling_autocorr_periods"": 2, ""nonzero_last_n"": null, ""add_date_part"": null, ""polynomial_degree"": null, ""x_transform"": null, ""regression_type"": null}","{""fillna"": ""ffill"", ""transformations"": {""0"": ""Scaler"", ""1"": ""DifferencedTransformer""}, ""transformation_params"": {""0"": {}, ""1"": {""lag"": 1, ""fill"": ""zero""}}}",0,1,36.00854814960909,1.6080086079232718,1.9341100339520136,1.1746008977274038,1.6080086079232718,0.0,-46.95691710094436,1.6007566126225181,1.2833411367538021,0.8760840968435446,6.3864080625339295,1.0,0.5,3.6984607389371607,0.5,2.9952231814101546,1.2641933414330753,8.797621033557219,12.387744108795879,0.11016563672022227,45.673575964190555,28.794742623683497,11.868635797321398,0.2828950706297927,36.00854814960909,1.6080086079232718,1.9341100339520136,1.1746008977274038,1.6080086079232718,0.0,1.6007566126225181,0.8760840968435446,6.3864080625339295,3.6984607389371607,0.5,2.9952231814101546,1.2641933414330753,8.797621033557219,12.387744108795879,0.11016563672022227,45.673575964190555,28.794742623683497,11.868635797321398,0.2828950706297927,1.0,0.5,3.6446,80.70872112578928,24.55445249940695,Wh,24.55445249940695,Wh
93,633805315202468b1691afd68f615dfa,RollingRegression,"{""regression_model"": {""model"": ""ExtraTrees"", ""model_params"": {""n_estimators"": 100, ""min_samples_leaf"": 1, ""max_depth"": 10}}, ""holiday"": false, ""mean_rolling_periods"": null, ""macd_periods"": null, ""std_rolling_periods"": null, ""max_rolling_periods"": 420, ""min_rolling_periods"": 7, ""ewm_var_alpha"": null, ""quantile90_rolling_periods"": null, ""quantile10_rolling_periods"": null, ""ewm_alpha"": null, ""additional_lag_periods"": 363, ""abs_energy"": false, ""rolling_autocorr_periods"": 2, ""nonzero_last_n"": null, ""add_date_part"": null, ""polynomial_degree"": null, ""x_transform"": null, ""regression_type"": null}","{""fillna"": ""ffill"", ""transformations"": {""0"": ""Scaler"", ""1"": ""DifferencedTransformer"", ""2"": ""Scaler""}, ""transformation_params"": {""0"": {}, ""1"": {""lag"": 1, ""fill"": ""bfill""}, ""2"": {}}}",0,1,31.18964671184706,1.404596859666472,1.7813364290288707,1.2861303855516957,1.404596859666472,0.0,-40.14532611030832,1.3920843752842236,1.9925796796858473,0.7920184300996721,6.995741830973234,1.0,0.4,4.021501248551718,0.5,2.8110043398275844,1.023021128379045,8.138397237574146,12.857593394504207,0.17919092757242575,38.15274643062247,20.632256665506564,8.872138711331525,0.23631221484986692,31.18964671184706,1.404596859666472,1.7813364290288707,1.2861303855516957,1.404596859666472,0.0,1.3920843752842236,0.7920184300996721,6.995741830973234,4.021501248551718,0.5,2.8110043398275844,1.023021128379045,8.138397237574146,12.857593394504207,0.17919092757242575,38.15274643062247,20.632256665506564,8.872138711331525,0.23631221484986692,1.0,0.4,4.0527,80.10395529375295,21.448334730022943,Wh,21.448334730022943,Wh
94,2daffcbee4669f17ce7ec83b5f888def,DatepartRegression,"{""regression_model"": {""model"": ""DecisionTree"", ""model_params"": {""max_depth"": null, ""min_samples_split"": 2}}, ""datepart_method"": [52, ""quarter""], ""polynomial_degree"": null, ""holiday_countries_used"": false, ""lags"": null, ""forward_lags"": null, ""regression_type"": null}","{""fillna"": ""rolling_mean_24"", ""transformations"": {""0"": ""Scaler"", ""1"": ""Scaler"", ""2"": ""DifferencedTransformer""}, ""transformation_params"": {""0"": {}, ""1"": {}, ""2"": {""lag"": 1, ""fill"": ""zero""}}}",0,1,27.035069743863012,1.7445110201835632,2.2266322469238418,1.5918708566850686,1.7445110201835632,0.0,-5.5353370904922485,0.9449800022605345,46.79999351501465,1.6847636350360682,6.8559961678183345,1.0,0.4666666666666667,4.791734457015991,0.5333333333333333,3.0853203860280582,1.2607138967514038,5.209582708096091,10.379093115544372,0.4646276609416667,41.2646564245224,58.65761566950138,1.7093801154319852,0.2555869044035838,27.035069743863012,1.7445110201835632,2.2266322469238418,1.5918708566850686,1.7445110201835632,0.0,0.9449800022605345,1.6847636350360682,6.8559961678183345,4.791734457015991,0.5333333333333333,3.0853203860280582,1.2607138967514038,5.209582708096091,10.379093115544372,0.4646276609416667,41.2646564245224,58.65761566950138,1.7093801154319852,0.2555869044035838,1.0,0.4666666666666667,0.0592,80.08896316001432,26.638858006556898,Wh,26.638858006556898,Wh
95,7dd4a8cdd61568764f599a961972a6d9,RollingRegression,"{""regression_model"": {""model"": ""ExtraTrees"", ""model_params"": {""n_estimators"": 100, ""min_samples_leaf"": 1, ""min_samples_split"": 2, ""max_depth"": null, ""criterion"": ""squared_error"", ""max_features"": 1}}, ""holiday"": false, ""mean_rolling_periods"": 7, ""macd_periods"": null, ""std_rolling_periods"": null, ""max_rolling_periods"": 420, ""min_rolling_periods"": null, ""ewm_var_alpha"": null, ""quantile90_rolling_periods"": null, ""quantile10_rolling_periods"": null, ""ewm_alpha"": null, ""additional_lag_periods"": 23, ""abs_energy"": false, ""rolling_autocorr_periods"": null, ""nonzero_last_n"": null, ""add_date_part"": null, ""polynomial_degree"": null, ""x_transform"": null, ""regression_type"": null}","{""fillna"": ""mean"", ""transformations"": {""0"": ""DifferencedTransformer""}, ""transformation_params"": {""0"": {""lag"": 1, ""fill"": ""bfill""}}}",0,1,30.933926589375467,1.4455631356239314,1.665886037588977,1.1650892689432395,1.4455631356239314,0.0,-42.976232833862284,1.4442217843592753,0.39066123485565196,0.8333171653285506,6.969400173618206,1.0,0.6,3.1169475603103627,0.5,2.7213744957863337,1.1851780675888057,7.348873952791793,9.076365608658355,0.1689100079010843,42.58557159900663,32.07131108773651,10.998323219559094,0.2637684488457062,30.933926589375467,1.4455631356239314,1.665886037588977,1.1650892689432395,1.4455631356239314,0.0,1.4442217843592753,0.8333171653285506,6.969400173618206,3.1169475603103627,0.5,2.7213744957863337,1.1851780675888057,7.348873952791793,9.076365608658355,0.1689100079010843,42.58557159900663,32.07131108773651,10.998323219559094,0.2637684488457062,1.0,0.6,1.0099,79.59558688808751,22.073893867031636,Wh,22.073893867031636,Wh
96,7003c04f57339ae61befd0b138c2a3f0,RollingRegression,"{""regression_model"": {""model"": ""DecisionTree"", ""model_params"": {""max_depth"": 3, ""min_samples_split"": 1.0}}, ""holiday"": false, ""mean_rolling_periods"": 12, ""macd_periods"": 24, ""std_rolling_periods"": null, ""max_rolling_periods"": 2, ""min_rolling_periods"": 24, ""ewm_var_alpha"": null, ""quantile90_rolling_periods"": null, ""quantile10_rolling_periods"": null, ""ewm_alpha"": null, ""additional_lag_periods"": 77, ""abs_energy"": false, ""rolling_autocorr_periods"": null, ""nonzero_last_n"": null, ""add_date_part"": null, ""polynomial_degree"": null, ""x_transform"": null, ""regression_type"": null}","{""fillna"": ""ffill"", ""transformations"": {""0"": ""DifferencedTransformer""}, ""transformation_params"": {""0"": {""lag"": 1, ""fill"": ""bfill""}}}",0,1,28.606917229315236,1.3374210187097817,1.6261148696651568,1.113561640116797,1.3374210187097817,0.0,-38.67169339666264,1.3288123112112233,1.4509371646308074,0.7761207341246463,6.996800517638116,1.0,0.5,3.1174834274020635,0.5,2.6698562908024397,1.0376937230302443,7.304054353923763,8.692361055603406,0.0,37.22075623203183,22.977797238030604,12.938861468868916,0.23053961159972317,28.606917229315236,1.3374210187097817,1.6261148696651568,1.113561640116797,1.3374210187097817,0.0,1.3288123112112233,0.7761207341246463,6.996800517638116,3.1174834274020635,0.5,2.6698562908024397,1.0376937230302443,7.304054353923763,8.692361055603406,0.0,37.22075623203183,22.977797238030604,12.938861468868916,0.23053961159972317,1.0,0.5,0.1845,77.56179118064675,20.422552910354057,Wh,20.422552910354057,Wh
97,41379a10082cf3c0201d991ca8842c31,RollingRegression,"{""regression_model"": {""model"": ""ExtraTrees"", ""model_params"": {""n_estimators"": 100, ""min_samples_leaf"": 1, ""min_samples_split"": 2, ""max_depth"": null, ""criterion"": ""squared_error"", ""max_features"": 1}}, ""holiday"": false, ""mean_rolling_periods"": null, ""macd_periods"": null, ""std_rolling_periods"": null, ""max_rolling_periods"": 420, ""min_rolling_periods"": 12, ""ewm_var_alpha"": null, ""quantile90_rolling_periods"": null, ""quantile10_rolling_periods"": null, ""ewm_alpha"": null, ""additional_lag_periods"": 59, ""abs_energy"": false, ""rolling_autocorr_periods"": null, ""nonzero_last_n"": null, ""add_date_part"": null, ""polynomial_degree"": null, ""x_transform"": null, ""regression_type"": null}","{""fillna"": ""ffill"", ""transformations"": {""0"": ""DifferencedTransformer""}, ""transformation_params"": {""0"": {""lag"": 1, ""fill"": ""bfill""}}}",0,1,26.455513549067938,1.2483987882137297,1.5497788036565323,1.3188730809239224,1.2483987882137297,0.0,-34.37060954093933,1.22560783776176,3.0813541054725686,0.7535046894671997,7.032798282724993,1.0,0.3333333333333333,3.305052683353424,0.5,2.591044124004484,0.9291477554321288,6.939980766965009,9.270776176110243,0.17711248945115524,31.289255435466753,16.155033924439273,9.650183343266287,0.19380081238460267,26.455513549067938,1.2483987882137297,1.5497788036565323,1.3188730809239224,1.2483987882137297,0.0,1.22560783776176,0.7535046894671997,7.032798282724993,3.305052683353424,0.5,2.591044124004484,0.9291477554321288,6.939980766965009,9.270776176110243,0.17711248945115524,31.289255435466753,16.155033924439273,9.650183343266287,0.19380081238460267,1.0,0.3333333333333333,1.0025,75.67859005266666,19.063174534308157,Wh,19.063174534308157,Wh
98,0077db6cb18d49e74a3ac7e10ca6a1bd,RollingRegression,"{""regression_model"": {""model"": ""ExtraTrees"", ""model_params"": {""n_estimators"": 100, ""min_samples_leaf"": 1, ""max_depth"": 10}}, ""holiday"": false, ""mean_rolling_periods"": 12, ""macd_periods"": 7, ""std_rolling_periods"": null, ""max_rolling_periods"": 24, ""min_rolling_periods"": null, ""ewm_var_alpha"": null, ""quantile90_rolling_periods"": null, ""quantile10_rolling_periods"": null, ""ewm_alpha"": 0.5, ""additional_lag_periods"": 23, ""abs_energy"": false, ""rolling_autocorr_periods"": 2, ""nonzero_last_n"": null, ""add_date_part"": null, ""polynomial_degree"": null, ""x_transform"": null, ""regression_type"": null}","{""fillna"": ""ffill"", ""transformations"": {""0"": ""Scaler"", ""1"": ""Scaler"", ""2"": ""DifferencedTransformer""}, ""transformation_params"": {""0"": {}, ""1"": {}, ""2"": {""lag"": 1, ""fill"": ""zero""}}}",0,1,29.930129733657136,1.4024948558422028,1.645629648826832,1.1397104959616449,1.4024948558422028,0.0,-41.80840902099067,1.401933720717731,0.26643665427541396,0.8065218896720037,6.41296298966209,1.0,0.5333333333333333,3.0037046782326047,0.5,2.6976427330214,1.1382105442546762,7.295371778650052,8.763128930559514,0.04409158057056253,41.54197236671525,30.342788675645377,12.681583013090876,0.25730455649009704,29.930129733657136,1.4024948558422028,1.645629648826832,1.1397104959616449,1.4024948558422028,0.0,1.401933720717731,0.8065218896720037,6.41296298966209,3.0037046782326047,0.5,2.6976427330214,1.1382105442546762,7.295371778650052,8.763128930559514,0.04409158057056253,41.54197236671525,30.342788675645377,12.681583013090876,0.25730455649009704,1.0,0.5333333333333333,4.0186,74.95681243576692,21.4162369210919,Wh,21.4162369210919,Wh
99,03e939db0661d6dcc40657870bfed926,WindowRegression,"{""window_size"": 10, ""input_dim"": ""univariate"", ""output_dim"": ""1step"", ""normalize_window"": false, ""max_windows"": 5000000, ""fourier_encoding_components"": null, ""scale"": true, ""datepart_method"": [""db2_365.25_12_0.5"", ""morlet_7_7_1""], ""regression_type"": null, ""regression_model"": {""model"": ""KNN"", ""model_params"": {""n_neighbors"": 5, ""weights"": ""uniform"", ""p"": 2, ""leaf_size"": 10}}}","{""fillna"": ""zero"", ""transformations"": {""0"": ""Scaler"", ""1"": ""DifferencedTransformer"", ""2"": ""Scaler""}, ""transformation_params"": {""0"": {}, ""1"": {""lag"": 1, ""fill"": ""zero""}, ""2"": {}}}",0,1,32.001255958718346,2.075293084420264,2.241250275515026,1.2171868960549406,2.075293084420264,0.0,0.0,1.0781936473877423,62.25879253260791,2.075293084420264,4.998623293597985,1.0,0.4666666666666667,3.5276436815038323,0.5,3.160811600801293,1.8288285464048386,9.488397916757199,12.639627673205272,0.29694599624141294,62.25879253260791,54.296983391963984,8.139662746022335,0.3856213387943745,32.001255958718346,2.075293084420264,2.241250275515026,1.2171868960549406,2.075293084420264,0.0,1.0781936473877423,2.075293084420264,4.998623293597985,3.5276436815038323,0.5,3.160811600801293,1.8288285464048386,9.488397916757199,12.639627673205272,0.29694599624141294,62.25879253260791,54.296983391963984,8.139662746022335,0.3856213387943745,1.0,0.4666666666666667,0.4099,72.39581489336886,31.689933258228315,Wh,31.689933258228315,Wh
100,ac2515fa9525799e0ba2d657cde123a0,RollingRegression,"{""regression_model"": {""model"": ""ExtraTrees"", ""model_params"": {""n_estimators"": 100, ""min_samples_leaf"": 1, ""min_samples_split"": 2, ""max_depth"": null, ""criterion"": ""squared_error"", ""max_features"": 1}}, ""holiday"": false, ""mean_rolling_periods"": null, ""macd_periods"": null, ""std_rolling_periods"": 10, ""max_rolling_periods"": 420, ""min_rolling_periods"": 12, ""ewm_var_alpha"": null, ""quantile90_rolling_periods"": null, ""quantile10_rolling_periods"": null, ""ewm_alpha"": null, ""additional_lag_periods"": 59, ""abs_energy"": false, ""rolling_autocorr_periods"": null, ""nonzero_last_n"": null, ""add_date_part"": ""recurring"", ""polynomial_degree"": null, ""x_transform"": null, ""regression_type"": null}","{""fillna"": ""ffill"", ""transformations"": {""0"": ""Scaler"", ""1"": ""Scaler"", ""2"": ""DifferencedTransformer""}, ""transformation_params"": {""0"": {}, ""1"": {}, ""2"": {""lag"": 1, ""fill"": ""bfill""}}}",0,1,20.423108848450667,0.9939780616760259,1.331597603607731,1.1863472478200525,0.9939780616760259,0.0,-23.05219956398011,0.9316162062222305,6.767142286300662,0.6594168038226544,7.113991753565482,1.0,0.5333333333333333,3.3467188692092904,0.5,2.345149994219725,0.6771626647949222,5.758651848706328,7.493101822833667,0.18069847163692948,16.28505727767945,9.153018261849475,10.748544686729486,0.10086712790764059,20.423108848450667,0.9939780616760259,1.331597603607731,1.1863472478200525,0.9939780616760259,0.0,0.9316162062222305,0.6594168038226544,7.113991753565482,3.3467188692092904,0.5,2.345149994219725,0.6771626647949222,5.758651848706328,7.493101822833667,0.18069847163692948,16.28505727767945,9.153018261849475,10.748544686729486,0.10086712790764059,1.0,0.5333333333333333,1.0882,70.28748203003572,15.178144557570153,Wh,15.178144557570153,Wh
101,0e4be09c61acaf9ae443b74714a29d4f,RollingRegression,"{""regression_model"": {""model"": ""ExtraTrees"", ""model_params"": {""n_estimators"": 100, ""min_samples_leaf"": 1, ""min_samples_split"": 2, ""max_depth"": null, ""criterion"": ""squared_error"", ""max_features"": 1}}, ""holiday"": false, ""mean_rolling_periods"": null, ""macd_periods"": null, ""std_rolling_periods"": null, ""max_rolling_periods"": 364, ""min_rolling_periods"": 12, ""ewm_var_alpha"": null, ""quantile90_rolling_periods"": null, ""quantile10_rolling_periods"": null, ""ewm_alpha"": 0.5, ""additional_lag_periods"": 6, ""abs_energy"": false, ""rolling_autocorr_periods"": 7, ""nonzero_last_n"": null, ""add_date_part"": null, ""polynomial_degree"": null, ""x_transform"": null, ""regression_type"": null}","{""fillna"": ""ffill"", ""transformations"": {""0"": ""DifferencedTransformer""}, ""transformation_params"": {""0"": {""lag"": 1, ""fill"": ""zero""}}}",0,1,24.147760821960993,1.1519969525337228,1.4539842564417358,1.1514689236359437,1.1519969525337228,0.0,-30.73386065959934,1.1215468971461247,3.826047916412352,0.7124294071915365,6.489785614655193,1.0,0.5,2.9810564088821425,0.5333333333333333,2.470918672790011,0.8525091093063365,6.501638002325576,7.394240898450283,0.12749876846773012,26.907812743186987,13.558378871965308,11.349018769172783,0.1666628335045459,24.147760821960993,1.1519969525337228,1.4539842564417358,1.1514689236359437,1.1519969525337228,0.0,1.1215468971461247,0.7124294071915365,6.489785614655193,2.9810564088821425,0.5333333333333333,2.470918672790011,0.8525091093063365,6.501638002325576,7.394240898450283,0.12749876846773012,26.907812743186987,13.558378871965308,11.349018769172783,0.1666628335045459,1.0,0.5,3.4442,69.74226589585734,17.59110884796992,Wh,17.59110884796992,Wh
102,1d554ef35033807ee623ee55658fba3e,RollingRegression,"{""regression_model"": {""model"": ""ExtraTrees"", ""model_params"": {""n_estimators"": 100, ""min_samples_leaf"": 1, ""max_depth"": 10}}, ""holiday"": false, ""mean_rolling_periods"": null, ""macd_periods"": null, ""std_rolling_periods"": null, ""max_rolling_periods"": 420, ""min_rolling_periods"": 7, ""ewm_var_alpha"": null, ""quantile90_rolling_periods"": null, ""quantile10_rolling_periods"": null, ""ewm_alpha"": 0.5, ""additional_lag_periods"": 363, ""abs_energy"": false, ""rolling_autocorr_periods"": null, ""nonzero_last_n"": null, ""add_date_part"": ""expanded"", ""polynomial_degree"": null, ""x_transform"": null, ""regression_type"": null}","{""fillna"": ""ffill_mean_biased"", ""transformations"": {""0"": ""DifferencedTransformer"", ""1"": ""Scaler"", ""2"": ""Scaler""}, ""transformation_params"": {""0"": {""lag"": 1, ""fill"": ""bfill""}, ""1"": {}, ""2"": {}}}",0,1,20.17223302499516,0.9987846884386857,1.2231884590360562,1.101216014662612,0.9987846884386857,0.0,-28.72092466174299,0.9942852440157904,1.2426159914175798,0.6369211425054897,7.0536572254336605,1.0,0.5666666666666667,2.5024447881851746,0.5,2.2576654610148257,0.7611199019806771,5.347187873796783,5.225844532143968,0.19589470264022973,27.47830867032541,17.604373613223476,11.262572813337341,0.17019639710658063,20.17223302499516,0.9987846884386857,1.2231884590360562,1.101216014662612,0.9987846884386857,0.0,0.9942852440157904,0.6369211425054897,7.0536572254336605,2.5024447881851746,0.5,2.2576654610148257,0.7611199019806771,5.347187873796783,5.225844532143968,0.19589470264022973,27.47830867032541,17.604373613223476,11.262572813337341,0.17019639710658063,1.0,0.5666666666666667,1.2476,69.3986912360608,15.251542229662554,Wh,15.251542229662554,Wh
103,cdd6e49a47814bf43a72dab6be9432bb,RollingRegression,"{""regression_model"": {""model"": ""ExtraTrees"", ""model_params"": {""n_estimators"": 100, ""min_samples_leaf"": 1, ""max_depth"": 10}}, ""holiday"": false, ""mean_rolling_periods"": null, ""macd_periods"": null, ""std_rolling_periods"": null, ""max_rolling_periods"": 24, ""min_rolling_periods"": 7, ""ewm_var_alpha"": null, ""quantile90_rolling_periods"": null, ""quantile10_rolling_periods"": null, ""ewm_alpha"": null, ""additional_lag_periods"": 363, ""abs_energy"": false, ""rolling_autocorr_periods"": 2, ""nonzero_last_n"": null, ""add_date_part"": null, ""polynomial_degree"": null, ""x_transform"": null, ""regression_type"": null}","{""fillna"": ""ffill"", ""transformations"": {""0"": ""DifferencedTransformer"", ""1"": ""Scaler""}, ""transformation_params"": {""0"": {""lag"": 1, ""fill"": ""bfill""}, ""1"": {}}}",0,1,19.935501423004162,0.9964698798076532,1.2018590135204017,1.2796501675824465,0.9964698798076532,0.0,-28.286895820234136,0.9857326173068512,1.607200573995459,0.6469556525000182,7.056192510713459,1.0,0.4666666666666667,2.484363371414493,0.5,2.2533606294190216,0.7784567483811452,4.968680958430724,4.570419846897416,0.34704098846234355,26.67969524623868,18.105477120246913,9.51504920592865,0.16524990898421318,19.935501423004162,0.9964698798076532,1.2018590135204017,1.2796501675824465,0.9964698798076532,0.0,0.9857326173068512,0.6469556525000182,7.056192510713459,2.484363371414493,0.5,2.2533606294190216,0.7784567483811452,4.968680958430724,4.570419846897416,0.34704098846234355,26.67969524623868,18.105477120246913,9.51504920592865,0.16524990898421318,1.0,0.4666666666666667,3.9984,69.18682363512843,15.216194870017938,Wh,15.216194870017938,Wh
104,5336372a3571accaea185b9ae09ad507,RollingRegression,"{""regression_model"": {""model"": ""ExtraTrees"", ""model_params"": {""n_estimators"": 100, ""min_samples_leaf"": 1, ""min_samples_split"": 2, ""max_depth"": null, ""criterion"": ""squared_error"", ""max_features"": 1}}, ""holiday"": true, ""mean_rolling_periods"": 7, ""macd_periods"": 96, ""std_rolling_periods"": null, ""max_rolling_periods"": 10, ""min_rolling_periods"": null, ""ewm_var_alpha"": null, ""quantile90_rolling_periods"": null, ""quantile10_rolling_periods"": null, ""ewm_alpha"": null, ""additional_lag_periods"": 11, ""abs_energy"": false, ""rolling_autocorr_periods"": null, ""nonzero_last_n"": null, ""add_date_part"": ""recurring"", ""polynomial_degree"": null, ""x_transform"": null, ""regression_type"": null}","{""fillna"": ""zero"", ""transformations"": {""0"": ""DifferencedTransformer"", ""1"": ""Scaler"", ""2"": ""Scaler"", ""3"": ""Scaler""}, ""transformation_params"": {""0"": {""lag"": 1, ""fill"": ""bfill""}, ""1"": {}, ""2"": {}, ""3"": {}}}",0,1,16.31653552267234,0.9564922056198116,1.1579393767619564,1.154410177890503,0.9564922056198116,0.0,-0.5266023778915416,0.6182113754517152,28.168163790702806,0.9540959536534892,7.357168988568956,1.0,0.5666666666666667,2.493827421665192,0.6666666666666666,2.087955516530021,0.7480173004150384,4.867671894550724,3.3248846629069684,0.2602167247986218,27.641561412811264,20.691722874075825,9.30207099882607,0.17120755936267926,16.31653552267234,0.9564922056198116,1.1579393767619564,1.154410177890503,0.9564922056198116,0.0,0.6182113754517152,0.9540959536534892,7.357168988568956,2.493827421665192,0.6666666666666666,2.087955516530021,0.7480173004150384,4.867671894550724,3.3248846629069684,0.2602167247986218,27.641561412811264,20.691722874075825,9.30207099882607,0.17120755936267926,1.0,0.5666666666666667,4.2426,68.53112414333347,14.6057317810486,Wh,14.6057317810486,Wh
105,37b2904050ead063a41281bb69dc1dcb,RollingRegression,"{""regression_model"": {""model"": ""ExtraTrees"", ""model_params"": {""n_estimators"": 100, ""min_samples_leaf"": 1, ""min_samples_split"": 2, ""max_depth"": null, ""criterion"": ""squared_error"", ""max_features"": 1}}, ""holiday"": true, ""mean_rolling_periods"": 5, ""macd_periods"": 24, ""std_rolling_periods"": null, ""max_rolling_periods"": 364, ""min_rolling_periods"": null, ""ewm_var_alpha"": null, ""quantile90_rolling_periods"": null, ""quantile10_rolling_periods"": null, ""ewm_alpha"": 0.5, ""additional_lag_periods"": 11, ""abs_energy"": false, ""rolling_autocorr_periods"": null, ""nonzero_last_n"": null, ""add_date_part"": ""recurring"", ""polynomial_degree"": null, ""x_transform"": null, ""regression_type"": null}","{""fillna"": ""mean"", ""transformations"": {""0"": ""Scaler"", ""1"": ""DifferencedTransformer""}, ""transformation_params"": {""0"": {}, ""1"": {""lag"": 1, ""fill"": ""bfill""}}}",0,1,16.549958635934296,0.8431705991427096,1.0325893622828854,1.0654040775994287,0.8431705991427096,0.0,-23.317845430374128,0.8323325267386819,1.9772725439071648,0.5734364389306115,7.0859992632548465,1.0,0.7333333333333333,2.1063122367858886,0.5,2.080226501345584,0.6350658220291132,4.3741165100709365,3.731756610167272,0.18955179133915845,21.340572886466965,12.823932714528485,11.353764388085533,0.13218021025396853,16.549958635934296,0.8431705991427096,1.0325893622828854,1.0654040775994287,0.8431705991427096,0.0,0.8323325267386819,0.5734364389306115,7.0859992632548465,2.1063122367858886,0.5,2.080226501345584,0.6350658220291132,4.3741165100709365,3.731756610167272,0.18955179133915845,21.340572886466965,12.823932714528485,11.353764388085533,0.13218021025396853,1.0,0.7333333333333333,4.2949,65.80769162812,12.875299499972614,Wh,12.875299499972614,Wh
106,da6001a0df3e30dc95d439d43f8e1338,WindowRegression,"{""window_size"": 10, ""input_dim"": ""univariate"", ""output_dim"": ""forecast_length"", ""normalize_window"": false, ""max_windows"": 5000000, ""fourier_encoding_components"": null, ""scale"": false, ""datepart_method"": null, ""regression_type"": null, ""regression_model"": {""model"": ""RANSAC"", ""model_params"": {}}}","{""fillna"": ""ffill"", ""transformations"": {""0"": ""DifferencedTransformer""}, ""transformation_params"": {""0"": {""lag"": 1, ""fill"": ""bfill""}}}",0,1,32.73126990296559,1.354338407325702,1.7929688000937671,2.7527090342250635,1.354338407325702,0.0,-36.175729080559414,1.3181123803632189,4.454423139211654,0.7932526258976088,4.547038680807494,1.0,0.6333333333333333,5.086609840393066,0.43333333333333335,2.6536824788323488,0.9243655805588241,5.562323761873482,8.451078622429979,1.0596396661772882,31.721305941347758,25.83402840780226,26.15314346008307,0.19647686644423384,32.73126990296559,1.354338407325702,1.7929688000937671,2.7527090342250635,1.354338407325702,0.0,1.3181123803632189,0.7932526258976088,4.547038680807494,5.086609840393066,0.43333333333333335,2.6536824788323488,0.9243655805588241,5.562323761873482,8.451078622429979,1.0596396661772882,31.721305941347758,25.83402840780226,26.15314346008307,0.19647686644423384,1.0,0.6333333333333333,0.0862,64.7203810909217,20.680883128946668,Wh,20.680883128946668,Wh
107,25e33b5f92db998e89f005643732451b,RollingRegression,"{""regression_model"": {""model"": ""ExtraTrees"", ""model_params"": {""n_estimators"": 100, ""min_samples_leaf"": 1, ""min_samples_split"": 2, ""max_depth"": null, ""criterion"": ""squared_error"", ""max_features"": 1}}, ""holiday"": false, ""mean_rolling_periods"": null, ""macd_periods"": null, ""std_rolling_periods"": 7, ""max_rolling_periods"": 96, ""min_rolling_periods"": 12, ""ewm_var_alpha"": null, ""quantile90_rolling_periods"": null, ""quantile10_rolling_periods"": null, ""ewm_alpha"": 0.2, ""additional_lag_periods"": 11, ""abs_energy"": false, ""rolling_autocorr_periods"": null, ""nonzero_last_n"": null, ""add_date_part"": ""recurring"", ""polynomial_degree"": null, ""x_transform"": null, ""regression_type"": null}","{""fillna"": ""ffill_mean_biased"", ""transformations"": {""0"": ""Scaler"", ""1"": ""DifferencedTransformer"", ""2"": ""Scaler""}, ""transformation_params"": {""0"": {}, ""1"": {""lag"": 1, ""fill"": ""bfill""}, ""2"": {}}}",0,1,15.156101222948196,0.7785460418065396,0.9904191591211161,1.1189473942671926,0.7785460418065396,0.0,-20.22627110958101,0.7545149295368827,3.1301101446151733,0.5439568884330555,7.110131199172449,1.0,0.5333333333333333,2.1197560071945203,0.5333333333333333,2.0160590170346797,0.5618238407135014,4.045421452815378,3.5741802917181267,0.20177216602139644,17.096160964965836,8.9556789467048,10.49097378073944,0.10589097878988527,15.156101222948196,0.7785460418065396,0.9904191591211161,1.1189473942671926,0.7785460418065396,0.0,0.7545149295368827,0.5439568884330555,7.110131199172449,2.1197560071945203,0.5333333333333333,2.0160590170346797,0.5618238407135014,4.045421452815378,3.5741802917181267,0.20177216602139644,17.096160964965836,8.9556789467048,10.49097378073944,0.10589097878988527,1.0,0.5333333333333333,1.0851,64.59103148789741,11.888476036722905,Wh,11.888476036722905,Wh
108,8b90e00c9a0a84eacf6bbc158e9e0d18,RollingRegression,"{""regression_model"": {""model"": ""ExtraTrees"", ""model_params"": {""n_estimators"": 100, ""min_samples_leaf"": 1, ""min_samples_split"": 2, ""max_depth"": null, ""criterion"": ""squared_error"", ""max_features"": 1}}, ""holiday"": false, ""mean_rolling_periods"": 5, ""macd_periods"": 52, ""std_rolling_periods"": 10, ""max_rolling_periods"": 420, ""min_rolling_periods"": 12, ""ewm_var_alpha"": null, ""quantile90_rolling_periods"": null, ""quantile10_rolling_periods"": null, ""ewm_alpha"": 0.5, ""additional_lag_periods"": 59, ""abs_energy"": false, ""rolling_autocorr_periods"": null, ""nonzero_last_n"": null, ""add_date_part"": ""recurring"", ""polynomial_degree"": null, ""x_transform"": null, ""regression_type"": null}","{""fillna"": ""time"", ""transformations"": {""0"": ""DifferencedTransformer"", ""1"": ""Scaler"", ""2"": ""Scaler"", ""3"": ""Scaler"", ""4"": ""Scaler""}, ""transformation_params"": {""0"": {""lag"": 1, ""fill"": ""zero""}, ""1"": {}, ""2"": {}, ""3"": {}, ""4"": {}}}",0,1,17.222860269131296,0.864375218550363,1.1236117909120138,1.1205322882132775,0.864375218550363,0.0,-21.655505032539327,0.8308876589738073,4.275751523971566,0.5864093277237036,6.540919299058799,1.0,0.4666666666666667,2.573696069717405,0.5,2.152008319242597,0.6128652320861809,4.800188097897655,4.511357436504289,0.11056109429962042,17.379753508567763,8.687109860456815,12.909783159837772,0.10764750717547193,17.222860269131296,0.864375218550363,1.1236117909120138,1.1205322882132775,0.864375218550363,0.0,0.8308876589738073,0.5864093277237036,6.540919299058799,2.573696069717405,0.5,2.152008319242597,0.6128652320861809,4.800188097897655,4.511357436504289,0.11056109429962042,17.379753508567763,8.687109860456815,12.909783159837772,0.10764750717547193,1.0,0.4666666666666667,1.0926,63.02418361664456,13.199096162159432,Wh,13.199096162159432,Wh
109,225da29a4fcf75031a406ed597ba152a,RollingRegression,"{""regression_model"": {""model"": ""ExtraTrees"", ""model_params"": {""n_estimators"": 100, ""min_samples_leaf"": 1, ""min_samples_split"": 2, ""max_depth"": null, ""criterion"": ""squared_error"", ""max_features"": 1}}, ""holiday"": true, ""mean_rolling_periods"": 7, ""macd_periods"": null, ""std_rolling_periods"": null, ""max_rolling_periods"": 420, ""min_rolling_periods"": null, ""ewm_var_alpha"": null, ""quantile90_rolling_periods"": null, ""quantile10_rolling_periods"": null, ""ewm_alpha"": 0.2, ""additional_lag_periods"": 11, ""abs_energy"": false, ""rolling_autocorr_periods"": null, ""nonzero_last_n"": null, ""add_date_part"": ""recurring"", ""polynomial_degree"": null, ""x_transform"": null, ""regression_type"": null}","{""fillna"": ""linear"", ""transformations"": {""0"": ""Scaler"", ""1"": ""DifferencedTransformer""}, ""transformation_params"": {""0"": {}, ""1"": {""lag"": 1, ""fill"": ""bfill""}}}",0,1,13.5805102245258,0.7069637290636697,0.9024655764878058,1.1047963069037197,0.7069637290636697,0.0,-20.024475069046016,0.7011238773738065,1.1844368028640755,0.49081766469849974,7.102557633298536,1.0,0.5666666666666667,1.934431028366089,0.5,1.9495474038559932,0.5076263635635374,3.253868995606667,2.698307496717651,0.26776358382168114,18.84003826618194,14.302765024015443,8.867584771451229,0.11669228527580636,13.5805102245258,0.7069637290636697,0.9024655764878058,1.1047963069037197,0.7069637290636697,0.0,0.7011238773738065,0.49081766469849974,7.102557633298536,1.934431028366089,0.5,1.9495474038559932,0.5076263635635374,3.253868995606667,2.698307496717651,0.26776358382168114,18.84003826618194,14.302765024015443,8.867584771451229,0.11669228527580636,1.0,0.5666666666666667,4.1662,62.91382305282245,10.795406951531564,Wh,10.795406951531564,Wh
110,b6764fe3c46dde1337f591e501b854df,RollingRegression,"{""regression_model"": {""model"": ""ExtraTrees"", ""model_params"": {""n_estimators"": 100, ""min_samples_leaf"": 1, ""min_samples_split"": 2, ""max_depth"": null, ""criterion"": ""squared_error"", ""max_features"": 1}}, ""holiday"": false, ""mean_rolling_periods"": null, ""macd_periods"": null, ""std_rolling_periods"": null, ""max_rolling_periods"": 420, ""min_rolling_periods"": 420, ""ewm_var_alpha"": null, ""quantile90_rolling_periods"": null, ""quantile10_rolling_periods"": null, ""ewm_alpha"": null, ""additional_lag_periods"": 11, ""abs_energy"": false, ""rolling_autocorr_periods"": null, ""nonzero_last_n"": null, ""add_date_part"": null, ""polynomial_degree"": null, ""x_transform"": null, ""regression_type"": null}","{""fillna"": ""rolling_mean"", ""transformations"": {""0"": ""DifferencedTransformer""}, ""transformation_params"": {""0"": {""lag"": 1, ""fill"": ""bfill""}}}",0,1,13.329515181125913,0.691657869974772,0.8706694640521802,1.274341234455379,0.691657869974772,0.0,-17.958178105354303,0.6745799270335887,2.7915579938888584,0.4990040019433387,7.12007609180677,1.0,0.43333333333333335,2.2192825412750246,0.5,1.920882288451196,0.5037265132904052,3.4244033462536403,2.506053804578478,0.35226588795745295,15.166620111465441,10.425803149271841,9.839360487620969,0.09393970095558489,13.329515181125913,0.691657869974772,0.8706694640521802,1.274341234455379,0.691657869974772,0.0,0.6745799270335887,0.4990040019433387,7.12007609180677,2.2192825412750246,0.5,1.920882288451196,0.5037265132904052,3.4244033462536403,2.506053804578478,0.35226588795745295,15.166620111465441,10.425803149271841,9.839360487620969,0.09393970095558489,1.0,0.43333333333333335,1.0006,62.65482280458697,10.561684950225656,Wh,10.561684950225656,Wh
111,439dcf3726e094fa81f9b65b67079868,ARIMA,"{""p"": 1, ""d"": 1, ""q"": 12, ""regression_type"": null}","{""fillna"": ""rolling_mean"", ""transformations"": {""0"": ""DifferencedTransformer"", ""1"": ""Scaler"", ""2"": ""Scaler""}, ""transformation_params"": {""0"": {""lag"": 1, ""fill"": ""bfill""}, ""1"": {}, ""2"": {}}}",0,1,10.27278134484968,0.5589149321836586,0.7210972377936535,1.1211257385413342,0.5589149321836586,0.0,-0.9872917846563736,0.4064694753387865,15.780156180853385,0.5541014698040061,7.577190772065316,1.0,0.5666666666666667,1.3062525217108574,0.5666666666666667,1.748918439339304,0.4240176231688877,2.238441719776395,1.04115879615924,0.05227855700029719,14.792864396197013,15.420533858321303,13.74929721618838,0.0916247158194955,10.27278134484968,0.5589149321836586,0.7210972377936535,1.1211257385413342,0.5589149321836586,0.0,0.4064694753387865,0.5541014698040061,7.577190772065316,1.3062525217108574,0.5666666666666667,1.748918439339304,0.4240176231688877,2.238441719776395,1.04115879615924,0.05227855700029719,14.792864396197013,15.420533858321303,13.74929721618838,0.0916247158194955,1.0,0.5666666666666667,2.2623,62.59684138204936,8.534686994764987,Wh,8.534686994764987,Wh
112,df506e188f5315c347b9bdecdd164d6c,RollingRegression,"{""regression_model"": {""model"": ""ExtraTrees"", ""model_params"": {""n_estimators"": 100, ""min_samples_leaf"": 1, ""min_samples_split"": 2, ""max_depth"": null, ""criterion"": ""squared_error"", ""max_features"": 1}}, ""holiday"": false, ""mean_rolling_periods"": null, ""macd_periods"": null, ""std_rolling_periods"": 10, ""max_rolling_periods"": 420, ""min_rolling_periods"": 12, ""ewm_var_alpha"": null, ""quantile90_rolling_periods"": null, ""quantile10_rolling_periods"": null, ""ewm_alpha"": 0.2, ""additional_lag_periods"": 59, ""abs_energy"": false, ""rolling_autocorr_periods"": null, ""nonzero_last_n"": null, ""add_date_part"": ""recurring"", ""polynomial_degree"": null, ""x_transform"": null, ""regression_type"": null}","{""fillna"": ""ffill"", ""transformations"": {""0"": ""DifferencedTransformer"", ""1"": ""Scaler"", ""2"": ""Scaler"", ""3"": ""Scaler""}, ""transformation_params"": {""0"": {""lag"": 1, ""fill"": ""zero""}, ""1"": {}, ""2"": {}, ""3"": {}}}",0,1,16.48716076780393,0.8383722422917684,1.0558467094506696,1.1617966294019666,0.8383722422917684,0.0,-22.60009750366211,0.8207348226139074,2.551069765090941,0.5704769621348291,6.530942688515704,1.0,0.5,2.349721746444702,0.5,2.0960804613078747,0.6087303075790406,4.409425743209389,4.177728073714015,0.21368177730137475,20.049027738571176,10.892387760393161,10.815132136705415,0.12418057921737076,16.48716076780393,0.8383722422917684,1.0558467094506696,1.1617966294019666,0.8383722422917684,0.0,0.8207348226139074,0.5704769621348291,6.530942688515704,2.349721746444702,0.5,2.0960804613078747,0.6087303075790406,4.409425743209389,4.177728073714015,0.21368177730137475,20.049027738571176,10.892387760393161,10.815132136705415,0.12418057921737076,1.0,0.5,1.044,62.12857323561758,12.802028110260464,Wh,12.802028110260464,Wh
113,d40d0cc62f42a4be86cf6d2c482ea5a9,RollingRegression,"{""regression_model"": {""model"": ""ExtraTrees"", ""model_params"": {""n_estimators"": 100, ""min_samples_leaf"": 1, ""min_samples_split"": 2, ""max_depth"": null, ""criterion"": ""squared_error"", ""max_features"": 1}}, ""holiday"": false, ""mean_rolling_periods"": null, ""macd_periods"": null, ""std_rolling_periods"": null, ""max_rolling_periods"": 24, ""min_rolling_periods"": 7, ""ewm_var_alpha"": null, ""quantile90_rolling_periods"": null, ""quantile10_rolling_periods"": null, ""ewm_alpha"": 0.2, ""additional_lag_periods"": 6, ""abs_energy"": false, ""rolling_autocorr_periods"": 2, ""nonzero_last_n"": null, ""add_date_part"": ""recurring"", ""polynomial_degree"": null, ""x_transform"": null, ""regression_type"": null}","{""fillna"": ""ffill"", ""transformations"": {""0"": ""Scaler"", ""1"": ""DifferencedTransformer""}, ""transformation_params"": {""0"": {}, ""1"": {""lag"": 1, ""fill"": ""zero""}}}",0,1,16.022454736006118,0.8225658667882277,1.002438624273565,1.1111836093102598,0.8225658667882277,0.0,-22.84544080734251,0.8118068307445958,1.8315351963043254,0.5652815501993641,6.525923339121341,1.0,0.5,2.0925065040588375,0.5,2.052326608722062,0.6194788080215448,4.057365139287773,3.541938752211417,0.19101155480827525,21.01390561103818,13.97686657110713,10.577970656904009,0.130156883636685,16.022454736006118,0.8225658667882277,1.002438624273565,1.1111836093102598,0.8225658667882277,0.0,0.8118068307445958,0.5652815501993641,6.525923339121341,2.0925065040588375,0.5,2.052326608722062,0.6194788080215448,4.057365139287773,3.541938752211417,0.19101155480827525,21.01390561103818,13.97686657110713,10.577970656904009,0.130156883636685,1.0,0.5,3.702,61.54489481313411,12.560663173171768,Wh,12.560663173171768,Wh
114,0a4234da18cc91826e6ec37b844d061e,ARIMA,"{""p"": 4, ""d"": 0, ""q"": 12, ""regression_type"": ""Holiday""}","{""fillna"": ""ffill"", ""transformations"": {""0"": ""DifferencedTransformer"", ""1"": ""Scaler"", ""2"": ""Scaler"", ""3"": ""Scaler""}, ""transformation_params"": {""0"": {""lag"": 1, ""fill"": ""bfill""}, ""1"": {}, ""2"": {}, ""3"": {}}}",0,1,11.781225260195136,0.6203183021662463,0.7574036376640325,1.0195997960647254,0.6203183021662463,0.0,-16.084840353705868,0.6029701925436285,2.5247087112815176,0.4679391722496422,7.143044798880139,1.0,0.7,2.0125120286915514,0.36666666666666664,1.8830875296650245,0.4648213189367015,2.9473056061141047,2.0307397844931723,0.3400652123940971,13.560131642424352,8.4634133565394,5.339277903619836,0.08398935966258776,11.781225260195136,0.6203183021662463,0.7574036376640325,1.0195997960647254,0.6203183021662463,0.0,0.6029701925436285,0.4679391722496422,7.143044798880139,2.0125120286915514,0.36666666666666664,1.8830875296650245,0.4648213189367015,2.9473056061141047,2.0307397844931723,0.3400652123940971,13.560131642424352,8.4634133565394,5.339277903619836,0.08398935966258776,1.0,0.7,6.867,61.02304387882711,9.472322604494824,Wh,9.472322604494824,Wh
115,72d019fd0fa62b1b8e0f16760863ec7e,ARIMA,"{""p"": 0, ""d"": 0, ""q"": 1, ""regression_type"": ""Holiday""}","{""fillna"": ""ffill"", ""transformations"": {""0"": ""DifferencedTransformer"", ""1"": ""Scaler""}, ""transformation_params"": {""0"": {""lag"": 1, ""fill"": ""bfill""}, ""1"": {}}}",0,1,11.985578582442315,0.6320205638668932,0.8169195983031285,1.0717752527614477,0.6320205638668932,0.0,-16.659108841202258,0.6159751648337704,2.301508074804536,0.4570171163613622,7.0752383096206515,1.0,0.5,1.7801729817680503,0.5,1.8633381295881486,0.4650204857126871,3.0374242138065606,1.9820846928173346,0.040718977779652915,14.357600766397722,9.125133095717143,14.466546496668737,0.08892876016690567,11.985578582442315,0.6320205638668932,0.8169195983031285,1.0717752527614477,0.6320205638668932,0.0,0.6159751648337704,0.4570171163613622,7.0752383096206515,1.7801729817680503,0.5,1.8633381295881486,0.4650204857126871,3.0374242138065606,1.9820846928173346,0.040718977779652915,14.357600766397722,9.125133095717143,14.466546496668737,0.08892876016690567,1.0,0.5,0.2812,60.99416512481113,9.65101731274969,Wh,9.65101731274969,Wh
116,4a7cb051e6d9627b78bd9b43b6e0b39e,DatepartRegression,"{""regression_model"": {""model"": ""RandomForest"", ""model_params"": {""n_estimators"": 100, ""min_samples_leaf"": 2, ""bootstrap"": true}}, ""datepart_method"": ""expanded"", ""polynomial_degree"": null, ""holiday_countries_used"": false, ""lags"": null, ""forward_lags"": null, ""regression_type"": null}","{""fillna"": ""time"", ""transformations"": {""0"": ""DifferencedTransformer""}, ""transformation_params"": {""0"": {""lag"": 1, ""fill"": ""bfill""}}}",0,1,11.48619522794335,0.6080399929340555,0.7569505816126496,1.2011538199930984,0.6080399929340555,0.0,-15.075901897195795,0.5885777451676665,3.1652978908258733,0.4582538828744258,7.13744643376646,1.0,0.5333333333333333,1.7713989866688138,0.43333333333333335,1.850125860608788,0.4427721044187699,2.7830339250851095,1.7973623565452188,0.2885394382659006,11.910604006369923,7.6976268519630855,9.652567578177557,0.07377244042085213,11.48619522794335,0.6080399929340555,0.7569505816126496,1.2011538199930984,0.6080399929340555,0.0,0.5885777451676665,0.4582538828744258,7.13744643376646,1.7713989866688138,0.43333333333333335,1.850125860608788,0.4427721044187699,2.7830339250851095,1.7973623565452188,0.2885394382659006,11.910604006369923,7.6976268519630855,9.652567578177557,0.07377244042085213,1.0,0.5333333333333333,0.1999,60.743387636198555,9.284831592736978,Wh,9.284831592736978,Wh
117,ed1f5e54dc2000dfab65222b60b72504,DatepartRegression,"{""regression_model"": {""model"": ""RandomForest"", ""model_params"": {""n_estimators"": 100, ""min_samples_leaf"": 2, ""bootstrap"": true}}, ""datepart_method"": ""expanded"", ""polynomial_degree"": null, ""holiday_countries_used"": false, ""lags"": null, ""forward_lags"": null, ""regression_type"": null}","{""fillna"": ""ffill"", ""transformations"": {""0"": ""Scaler"", ""1"": ""DifferencedTransformer"", ""2"": ""Scaler""}, ""transformation_params"": {""0"": {}, ""1"": {""lag"": 1, ""fill"": ""zero""}, ""2"": {}}}",0,1,14.998132002306376,0.7741039402266667,0.95989305269914,1.2142245218449024,0.7741039402266667,0.0,-21.370024966989277,0.7645185126024313,1.8530932398107272,0.5340316729541613,6.530857277370655,1.0,0.5,2.0585920198134025,0.4666666666666667,2.018636913195604,0.5699246217981981,3.8006632613550564,2.969351951702154,0.29586703706128564,19.516931727178548,13.547980630931493,9.437238741462988,0.1208848587587238,14.998132002306376,0.7741039402266667,0.95989305269914,1.2142245218449024,0.7741039402266667,0.0,0.7645185126024313,0.5340316729541613,6.530857277370655,2.0585920198134025,0.4666666666666667,2.018636913195604,0.5699246217981981,3.8006632613550564,2.969351951702154,0.29586703706128564,19.516931727178548,13.547980630931493,9.437238741462988,0.1208848587587238,1.0,0.5,0.2191,60.539049481574494,11.820644700682113,Wh,11.820644700682113,Wh
118,782ea7179dc894e205c5893d3fd7045f,RollingRegression,"{""regression_model"": {""model"": ""ExtraTrees"", ""model_params"": {""n_estimators"": 100, ""min_samples_leaf"": 1, ""min_samples_split"": 2, ""max_depth"": null, ""criterion"": ""squared_error"", ""max_features"": 1}}, ""holiday"": false, ""mean_rolling_periods"": 5, ""macd_periods"": 52, ""std_rolling_periods"": 10, ""max_rolling_periods"": 10, ""min_rolling_periods"": null, ""ewm_var_alpha"": null, ""quantile90_rolling_periods"": null, ""quantile10_rolling_periods"": null, ""ewm_alpha"": 0.5, ""additional_lag_periods"": 2, ""abs_energy"": false, ""rolling_autocorr_periods"": null, ""nonzero_last_n"": null, ""add_date_part"": ""recurring"", ""polynomial_degree"": null, ""x_transform"": null, ""regression_type"": null}","{""fillna"": ""ffill"", ""transformations"": {""0"": ""Scaler"", ""1"": ""DifferencedTransformer""}, ""transformation_params"": {""0"": {}, ""1"": {""lag"": 1, ""fill"": ""bfill""}}}",0,1,11.023910211280919,0.5862722029685977,0.7050649152308708,1.1496378188373337,0.5862722029685977,0.0,-14.103732087612167,0.5668512672325228,3.4844340014457638,0.4528383817766804,7.146391436521131,1.0,0.5,1.5751932001113902,0.5,1.783340262727987,0.4414527298927308,2.6745361458496943,1.7828831991653973,0.10389746223602842,10.619298086166404,6.196046557906546,12.680051064513231,0.0657742911236074,11.023910211280919,0.5862722029685977,0.7050649152308708,1.1496378188373337,0.5862722029685977,0.0,0.5668512672325228,0.4528383817766804,7.146391436521131,1.5751932001113902,0.5,1.783340262727987,0.4414527298927308,2.6745361458496943,1.7828831991653973,0.10389746223602842,10.619298086166404,6.196046557906546,12.680051064513231,0.0657742911236074,1.0,0.5,1.0645,60.19329266722881,8.952435259725927,Wh,8.952435259725927,Wh
119,823e4e1bdede8161f88107b739f6cd4b,RollingRegression,"{""regression_model"": {""model"": ""ExtraTrees"", ""model_params"": {""n_estimators"": 100, ""min_samples_leaf"": 1, ""min_samples_split"": 2, ""max_depth"": null, ""criterion"": ""squared_error"", ""max_features"": 1}}, ""holiday"": false, ""mean_rolling_periods"": 5, ""macd_periods"": null, ""std_rolling_periods"": null, ""max_rolling_periods"": 10, ""min_rolling_periods"": 12, ""ewm_var_alpha"": null, ""quantile90_rolling_periods"": null, ""quantile10_rolling_periods"": null, ""ewm_alpha"": null, ""additional_lag_periods"": 59, ""abs_energy"": false, ""rolling_autocorr_periods"": null, ""nonzero_last_n"": null, ""add_date_part"": ""recurring"", ""polynomial_degree"": null, ""x_transform"": null, ""regression_type"": null}","{""fillna"": ""ffill_mean_biased"", ""transformations"": {""0"": ""Scaler"", ""1"": ""DifferencedTransformer""}, ""transformation_params"": {""0"": {}, ""1"": {""lag"": 1, ""fill"": ""zero""}}}",0,1,13.917565754268448,0.7222897543907159,0.9328543251753171,1.1900395930579726,0.7222897543907159,0.0,-14.676338543891877,0.6621386130978294,6.9923540878295976,0.5497914723732772,6.598422948217219,1.0,0.5,2.2936984395980806,0.5,1.9732037051599811,0.5157382184982295,3.812802848916194,3.7071407889439802,0.13803260668883077,7.68398445606228,5.96970662136053,11.160319321571947,0.047593412154114265,13.917565754268448,0.7222897543907159,0.9328543251753171,1.1900395930579726,0.7222897543907159,0.0,0.6621386130978294,0.5497914723732772,6.598422948217219,2.2936984395980806,0.5,1.9732037051599811,0.5157382184982295,3.812802848916194,3.7071407889439802,0.13803260668883077,7.68398445606228,5.96970662136053,11.160319321571947,0.047593412154114265,1.0,0.5,1.0402,59.889994214897456,11.029436893313829,Wh,11.029436893313829,Wh
120,0b4152d9f4085c6402f02228ea6614b3,ARIMA,"{""p"": 1, ""d"": 1, ""q"": 12, ""regression_type"": ""Holiday""}","{""fillna"": ""zero"", ""transformations"": {""0"": ""DifferencedTransformer""}, ""transformation_params"": {""0"": {""lag"": 1, ""fill"": ""bfill""}}}",0,1,8.321500931805746,0.44523471084606236,0.5294589604951994,1.0953655857813418,0.44523471084606236,0.0,-4.920849490107311,0.3783939218492751,8.43619183527456,0.4151705135956172,7.541466491854753,1.0,0.5666666666666667,0.8814277319909269,0.6333333333333333,1.5765561797862895,0.3638207854957987,1.8194505663617846,0.6028252765358669,0.07621262361288536,3.51534234516725,4.641628594379892,12.98108991164828,0.021773487186632523,8.321500931805746,0.44523471084606236,0.5294589604951994,1.0953655857813418,0.44523471084606236,0.0,0.3783939218492751,0.4151705135956172,7.541466491854753,0.8814277319909269,0.6333333333333333,1.5765561797862895,0.3638207854957987,1.8194505663617846,0.6028252765358669,0.07621262361288536,3.51534234516725,4.641628594379892,12.98108991164828,0.021773487186632523,1.0,0.5666666666666667,2.9784,59.76151108044343,6.798778628850775,Wh,6.798778628850775,Wh
121,cb7e3362a524788ebb7e4bddad246cf0,RollingRegression,"{""regression_model"": {""model"": ""ExtraTrees"", ""model_params"": {""n_estimators"": 100, ""min_samples_leaf"": 1, ""min_samples_split"": 2, ""max_depth"": null, ""criterion"": ""squared_error"", ""max_features"": 1}}, ""holiday"": true, ""mean_rolling_periods"": 7, ""macd_periods"": 96, ""std_rolling_periods"": null, ""max_rolling_periods"": 420, ""min_rolling_periods"": null, ""ewm_var_alpha"": null, ""quantile90_rolling_periods"": null, ""quantile10_rolling_periods"": null, ""ewm_alpha"": null, ""additional_lag_periods"": 11, ""abs_energy"": false, ""rolling_autocorr_periods"": null, ""nonzero_last_n"": null, ""add_date_part"": ""recurring"", ""polynomial_degree"": null, ""x_transform"": null, ""regression_type"": null}","{""fillna"": ""ffill"", ""transformations"": {""0"": ""Scaler"", ""1"": ""DifferencedTransformer""}, ""transformation_params"": {""0"": {}, ""1"": {""lag"": 1, ""fill"": ""bfill""}}}",0,1,9.863081135034033,0.5357895193099973,0.6289695975119056,1.138199324725802,0.5357895193099973,0.0,-4.843705000877385,0.4387960753838505,11.229980578422534,0.5033281099512941,7.240211924279831,1.0,0.6333333333333333,1.3776428365707387,0.6,1.674051329408241,0.4334201120376585,2.397518994375115,0.8546438907647104,0.27534441260549924,6.386275577545148,4.9717199959182965,8.852959271350112,0.039555603922658014,9.863081135034033,0.5357895193099973,0.6289695975119056,1.138199324725802,0.5357895193099973,0.0,0.4387960753838505,0.5033281099512941,7.240211924279831,1.3776428365707387,0.6,1.674051329408241,0.4334201120376585,2.397518994375115,0.8546438907647104,0.27534441260549924,6.386275577545148,4.9717199959182965,8.852959271350112,0.039555603922658014,1.0,0.6333333333333333,4.2426,59.53974614689391,8.181559623967614,Wh,8.181559623967614,Wh
122,77ea507e7ce043e77af94b0c72ec894e,ARIMA,"{""p"": 4, ""d"": 0, ""q"": 12, ""regression_type"": ""Holiday""}","{""fillna"": ""cubic"", ""transformations"": {""0"": ""DifferencedTransformer"", ""1"": ""Scaler""}, ""transformation_params"": {""0"": {""lag"": 1, ""fill"": ""zero""}, ""1"": {}}}",0,1,15.107329122623202,0.7808412812793224,0.9544377311048082,1.2076433497105203,0.7808412812793224,0.0,-22.348490546034363,0.7756968803496965,1.0767478923453133,0.535201034083751,6.341513259959516,1.0,0.4,1.9112222467047024,0.5,2.000584931002737,0.6064520561820588,3.7165169969627905,2.974725865717231,0.3064644431359339,21.271742653689046,15.751395344399679,8.435040667530146,0.13175388642991673,15.107329122623202,0.7808412812793224,0.9544377311048082,1.2076433497105203,0.7808412812793224,0.0,0.7756968803496965,0.535201034083751,6.341513259959516,1.9112222467047024,0.5,2.000584931002737,0.6064520561820588,3.7165169969627905,2.974725865717231,0.3064644431359339,21.271742653689046,15.751395344399679,8.435040667530146,0.13175388642991673,1.0,0.4,6.0627,59.37846878616545,11.923524573361023,Wh,11.923524573361023,Wh
123,67e272e1de557a005ea3b093331f9d3d,ARIMA,"{""p"": 4, ""d"": 0, ""q"": 1, ""regression_type"": null}","{""fillna"": ""cubic"", ""transformations"": {""0"": ""DifferencedTransformer"", ""1"": ""Scaler""}, ""transformation_params"": {""0"": {""lag"": 1, ""fill"": ""bfill""}, ""1"": {}}}",0,1,9.268219412457418,0.4966025780202973,0.5721668096957928,1.1088050085340322,0.4966025780202973,0.0,-9.177867139004613,0.45803206631758464,5.720210201604305,0.4242135302519128,7.272040986581007,1.0,0.6333333333333333,1.2569964738394237,0.5,1.6850013279628495,0.40381584800867687,2.1606509414709745,0.8918425493321103,0.007590241763270362,3.4576569374003085,2.6853570058473513,15.076310272782301,0.021416192686255945,9.268219412457418,0.4966025780202973,0.5721668096957928,1.1088050085340322,0.4966025780202973,0.0,0.45803206631758464,0.4242135302519128,7.272040986581007,1.2569964738394237,0.5,1.6850013279628495,0.40381584800867687,2.1606509414709745,0.8918425493321103,0.007590241763270362,3.4576569374003085,2.6853570058473513,15.076310272782301,0.021416192686255945,1.0,0.6333333333333333,0.1258,58.95291538901713,7.583171105551859,Wh,7.583171105551859,Wh
124,2586c48fbd3aab5105b75373a108582f,RollingRegression,"{""regression_model"": {""model"": ""ExtraTrees"", ""model_params"": {""n_estimators"": 100, ""min_samples_leaf"": 1, ""min_samples_split"": 2, ""max_depth"": null, ""criterion"": ""squared_error"", ""max_features"": 1}}, ""holiday"": false, ""mean_rolling_periods"": null, ""macd_periods"": null, ""std_rolling_periods"": 10, ""max_rolling_periods"": 364, ""min_rolling_periods"": null, ""ewm_var_alpha"": null, ""quantile90_rolling_periods"": null, ""quantile10_rolling_periods"": null, ""ewm_alpha"": 0.5, ""additional_lag_periods"": 2, ""abs_energy"": false, ""rolling_autocorr_periods"": null, ""nonzero_last_n"": null, ""add_date_part"": ""recurring"", ""polynomial_degree"": null, ""x_transform"": null, ""regression_type"": null}","{""fillna"": ""ffill"", ""transformations"": {""0"": ""Scaler"", ""1"": ""DifferencedTransformer""}, ""transformation_params"": {""0"": {}, ""1"": {""lag"": 1, ""fill"": ""bfill""}}}",0,1,9.648123366099272,0.5158782211144766,0.5903377389391711,1.1593537633154687,0.5158782211144766,0.0,-9.42637983083725,0.47294899420245784,6.049966802597047,0.4422777967138767,7.1884763493354376,1.0,0.5666666666666667,1.253775882720948,0.5666666666666667,1.6707149066983662,0.4105890384674072,2.193394398266007,1.3826977853310036,0.21806983259306556,3.3764130282402034,1.7990495021912745,10.388160159398849,0.020912980469237768,9.648123366099272,0.5158782211144766,0.5903377389391711,1.1593537633154687,0.5158782211144766,0.0,0.47294899420245784,0.4422777967138767,7.1884763493354376,1.253775882720948,0.5666666666666667,1.6707149066983662,0.4105890384674072,2.193394398266007,1.3826977853310036,0.21806983259306556,3.3764130282402034,1.7990495021912745,10.388160159398849,0.020912980469237768,1.0,0.5666666666666667,1.0434,58.79293761439094,7.877512106227728,Wh,7.877512106227728,Wh
125,9ca4a230e41b92edfed14e05d44ae03c,RollingRegression,"{""regression_model"": {""model"": ""ElasticNet"", ""model_params"": {""l1_ratio"": 0.5, ""fit_intercept"": true, ""selection"": ""cyclic"", ""max_iter"": 1000}}, ""holiday"": true, ""mean_rolling_periods"": 7, ""macd_periods"": 96, ""std_rolling_periods"": null, ""max_rolling_periods"": 74, ""min_rolling_periods"": null, ""ewm_var_alpha"": null, ""quantile90_rolling_periods"": null, ""quantile10_rolling_periods"": null, ""ewm_alpha"": null, ""additional_lag_periods"": 23, ""abs_energy"": false, ""rolling_autocorr_periods"": null, ""nonzero_last_n"": null, ""add_date_part"": ""recurring"", ""polynomial_degree"": null, ""x_transform"": null, ""regression_type"": null}","{""fillna"": ""median"", ""transformations"": {""0"": ""Scaler"", ""1"": ""DifferencedTransformer""}, ""transformation_params"": {""0"": {}, ""1"": {""lag"": 1, ""fill"": ""bfill""}}}",0,1,9.554395146568815,0.5116132866529374,0.621539950510684,1.1016920851547454,0.5116132866529374,0.0,-9.979206867144992,0.4734488997538398,5.369191732443129,0.424335709623911,7.176647894268117,1.0,0.5,1.3869718080279512,0.5,1.7087520687245392,0.3982786147895903,2.2814136184847587,1.1313155786904794,0.0,4.610015134701863,3.617785512148623,15.10170134886092,0.028553721262341923,9.554395146568815,0.5116132866529374,0.621539950510684,1.1016920851547454,0.5116132866529374,0.0,0.4734488997538398,0.424335709623911,7.176647894268117,1.3869718080279512,0.5,1.7087520687245392,0.3982786147895903,2.2814136184847587,1.1313155786904794,0.0,4.610015134701863,3.617785512148623,15.10170134886092,0.028553721262341923,1.0,0.5,3.4666,58.76870870939735,7.81238612982876,Wh,7.81238612982876,Wh
126,eda69828dc71c3622d50b2e6fcd07027,DatepartRegression,"{""regression_model"": {""model"": ""DecisionTree"", ""model_params"": {""max_depth"": null, ""min_samples_split"": 1.0}}, ""datepart_method"": ""simple_binarized"", ""polynomial_degree"": 2, ""holiday_countries_used"": false, ""lags"": null, ""forward_lags"": null, ""regression_type"": null}","{""fillna"": ""ffill"", ""transformations"": {""0"": ""Scaler"", ""1"": ""DifferencedTransformer"", ""2"": ""Scaler""}, ""transformation_params"": {""0"": {}, ""1"": {""lag"": 1, ""fill"": ""bfill""}, ""2"": {}}}",0,1,9.554395146568815,0.5116132866529374,0.621539950510684,1.1016920851547454,0.5116132866529374,0.0,-9.979206867144992,0.4734488997538398,5.369191732443129,0.424335709623911,7.176647894268117,1.0,0.5,1.3869718080279512,0.5,1.7087520687245392,0.3982786147895903,2.2814136184847587,1.1313155786904794,0.0,4.610015134701863,3.617785512148623,15.10170134886092,0.028553721262341923,9.554395146568815,0.5116132866529374,0.621539950510684,1.1016920851547454,0.5116132866529374,0.0,0.4734488997538398,0.424335709623911,7.176647894268117,1.3869718080279512,0.5,1.7087520687245392,0.3982786147895903,2.2814136184847587,1.1313155786904794,0.0,4.610015134701863,3.617785512148623,15.10170134886092,0.028553721262341923,1.0,0.5,0.0771,58.7682160729229,7.81238612982876,Wh,7.81238612982876,Wh
127,9d2662552bade4f4841875e46fbef5b3,RollingRegression,"{""regression_model"": {""model"": ""ExtraTrees"", ""model_params"": {""n_estimators"": 100, ""min_samples_leaf"": 1, ""min_samples_split"": 2, ""max_depth"": null, ""criterion"": ""squared_error"", ""max_features"": 1}}, ""holiday"": true, ""mean_rolling_periods"": 12, ""macd_periods"": 96, ""std_rolling_periods"": null, ""max_rolling_periods"": 420, ""min_rolling_periods"": null, ""ewm_var_alpha"": null, ""quantile90_rolling_periods"": null, ""quantile10_rolling_periods"": null, ""ewm_alpha"": null, ""additional_lag_periods"": 11, ""abs_energy"": false, ""rolling_autocorr_periods"": null, ""nonzero_last_n"": null, ""add_date_part"": ""recurring"", ""polynomial_degree"": null, ""x_transform"": null, ""regression_type"": null}","{""fillna"": ""ffill"", ""transformations"": {""0"": ""DifferencedTransformer""}, ""transformation_params"": {""0"": {""lag"": 1, ""fill"": ""bfill""}}}",0,1,9.303303078528975,0.502272634188334,0.5898158906611247,1.1167082551803404,0.502272634188334,0.0,-6.520318393707293,0.4360424710741615,8.54786063194273,0.451697093297676,7.215222346148001,1.0,0.5333333333333333,1.1085611867904674,0.5333333333333333,1.671374890765352,0.4056713342666624,2.2755077706129656,0.7581731803019681,0.26707732813689067,2.0275422382354362,1.9472984940293119,8.574218965828667,0.01255828326514672,9.303303078528975,0.502272634188334,0.5898158906611247,1.1167082551803404,0.502272634188334,0.0,0.4360424710741615,0.451697093297676,7.215222346148001,1.1085611867904674,0.5333333333333333,1.671374890765352,0.4056713342666624,2.2755077706129656,0.7581731803019681,0.26707732813689067,2.0275422382354362,1.9472984940293119,8.574218965828667,0.01255828326514672,1.0,0.5333333333333333,4.1311,58.686200119826665,7.669753431144528,Wh,7.669753431144528,Wh
128,95086c3720478d12e4d3c43d60352617,RollingRegression,"{""regression_model"": {""model"": ""ExtraTrees"", ""model_params"": {""n_estimators"": 100, ""min_samples_leaf"": 1, ""min_samples_split"": 2, ""max_depth"": null, ""criterion"": ""squared_error"", ""max_features"": 1}}, ""holiday"": false, ""mean_rolling_periods"": null, ""macd_periods"": null, ""std_rolling_periods"": 10, ""max_rolling_periods"": 12, ""min_rolling_periods"": 12, ""ewm_var_alpha"": null, ""quantile90_rolling_periods"": null, ""quantile10_rolling_periods"": null, ""ewm_alpha"": 0.5, ""additional_lag_periods"": 11, ""abs_energy"": false, ""rolling_autocorr_periods"": null, ""nonzero_last_n"": null, ""add_date_part"": ""recurring"", ""polynomial_degree"": null, ""x_transform"": null, ""regression_type"": null}","{""fillna"": ""time"", ""transformations"": {""0"": ""Scaler"", ""1"": ""DifferencedTransformer"", ""2"": ""Scaler"", ""3"": ""Scaler""}, ""transformation_params"": {""0"": {}, ""1"": {""lag"": 1, ""fill"": ""zero""}, ""2"": {}, ""3"": {}}}",0,1,12.86128774304441,0.6738764548301703,0.8476454747145681,1.1956110444566823,0.6738764548301703,0.0,-16.82486374378207,0.651103281680672,3.3914299011230344,0.49486796850327136,6.5666996556357144,1.0,0.43333333333333335,1.9791481733322156,0.5,1.9008344475742378,0.48704657192230255,3.3148751197403024,2.522846197188275,0.2081425349469004,13.433433842659039,6.8757801772656,9.599841171850848,0.08320461307210075,12.86128774304441,0.6738764548301703,0.8476454747145681,1.1956110444566823,0.6738764548301703,0.0,0.651103281680672,0.49486796850327136,6.5666996556357144,1.9791481733322156,0.5,1.9008344475742378,0.48704657192230255,3.3148751197403024,2.522846197188275,0.2081425349469004,13.433433842659039,6.8757801772656,9.599841171850848,0.08320461307210075,1.0,0.43333333333333335,1.0629,58.46379847099887,10.290160960000106,Wh,10.290160960000106,Wh
129,047c74b3654f4e137776bc2030f56cca,RollingRegression,"{""regression_model"": {""model"": ""ExtraTrees"", ""model_params"": {""n_estimators"": 100, ""min_samples_leaf"": 1, ""min_samples_split"": 2, ""max_depth"": null, ""criterion"": ""squared_error"", ""max_features"": 1}}, ""holiday"": false, ""mean_rolling_periods"": null, ""macd_periods"": null, ""std_rolling_periods"": null, ""max_rolling_periods"": 2, ""min_rolling_periods"": 24, ""ewm_var_alpha"": null, ""quantile90_rolling_periods"": null, ""quantile10_rolling_periods"": null, ""ewm_alpha"": 0.2, ""additional_lag_periods"": 59, ""abs_energy"": false, ""rolling_autocorr_periods"": null, ""nonzero_last_n"": null, ""add_date_part"": ""recurring"", ""polynomial_degree"": null, ""x_transform"": null, ""regression_type"": null}","{""fillna"": ""ffill"", ""transformations"": {""0"": ""Scaler"", ""1"": ""DifferencedTransformer""}, ""transformation_params"": {""0"": {}, ""1"": {""lag"": 1, ""fill"": ""bfill""}}}",0,1,9.18011124437482,0.49116919883092247,0.5639237046108868,1.1549215895276146,0.49116919883092247,0.0,-7.358448185920715,0.43372823060016935,7.3766277790069585,0.4397166725690896,7.207473469937501,1.0,0.4666666666666667,1.0599448394775388,0.6,1.6224840169687968,0.4088926692962647,2.058278057680942,1.1247171986010145,0.1892323447334372,0.018179593086243173,1.16308381288349,10.816657358080917,0.00011260158990366452,9.18011124437482,0.49116919883092247,0.5639237046108868,1.1549215895276146,0.49116919883092247,0.0,0.43372823060016935,0.4397166725690896,7.207473469937501,1.0599448394775388,0.6,1.6224840169687968,0.4088926692962647,2.058278057680942,1.1247171986010145,0.1892323447334372,0.018179593086243173,1.16308381288349,10.816657358080917,0.00011260158990366452,1.0,0.4666666666666667,1.0448,58.40161388030062,7.50020286112867,Wh,7.50020286112867,Wh
130,88cb45952eb027cc7cf89191d2d0dd47,ARIMA,"{""p"": 0, ""d"": 2, ""q"": 3, ""regression_type"": null}","{""fillna"": ""ffill"", ""transformations"": {""0"": ""DifferencedTransformer""}, ""transformation_params"": {""0"": {""lag"": 1, ""fill"": ""zero""}}}",0,1,9.829227301112502,0.5357619975219791,0.6282910167188794,1.1053959681578098,0.5357619975219791,0.0,-6.193997233956197,0.4487598818476571,9.878862691703176,0.4953915910917555,6.7893761591948305,1.0,0.5666666666666667,1.6179153466941312,0.6,1.684702934551304,0.41955821010235395,2.5063586091141743,1.0692150776990335,0.015283899316240272,3.6848654577469784,2.1483628664956935,13.797514645857742,0.022823487146001253,9.829227301112502,0.5357619975219791,0.6282910167188794,1.1053959681578098,0.5357619975219791,0.0,0.4487598818476571,0.4953915910917555,6.7893761591948305,1.6179153466941312,0.6,1.684702934551304,0.41955821010235395,2.5063586091141743,1.0692150776990335,0.015283899316240272,3.6848654577469784,2.1483628664956935,13.797514645857742,0.022823487146001253,1.0,0.5666666666666667,0.2615,56.48592591465253,8.181139363508024,Wh,8.181139363508024,Wh
131,d4d16b22dd22d3f5e2fa55c5d0d03cf8,ARIMA,"{""p"": 2, ""d"": 0, ""q"": 7, ""regression_type"": null}","{""fillna"": ""ffill"", ""transformations"": {""0"": ""Scaler"", ""1"": ""Scaler"", ""2"": ""Scaler"", ""3"": ""DifferencedTransformer""}, ""transformation_params"": {""0"": {}, ""1"": {}, ""2"": {}, ""3"": {""lag"": 1, ""fill"": ""zero""}}}",0,1,9.692831806961749,0.5188735131803214,0.6013831655105625,1.1305169597334568,0.5188735131803214,0.0,-10.83349905797549,0.48949006411714724,4.732706337434151,0.4281654089416485,6.6357125484608295,1.0,0.4666666666666667,1.3498768445354035,0.5,1.705930835034467,0.415293217239772,2.2494011896671657,1.0434446842595517,0.05550056289646186,6.100792720541339,3.5671845998496536,13.885355014686853,0.03778736722800973,9.692831806961749,0.5188735131803214,0.6013831655105625,1.1305169597334568,0.5188735131803214,0.0,0.48949006411714724,0.4281654089416485,6.6357125484608295,1.3498768445354035,0.5,1.705930835034467,0.415293217239772,2.2494011896671657,1.0434446842595517,0.05550056289646186,6.100792720541339,3.5671845998496536,13.885355014686853,0.03778736722800973,1.0,0.4666666666666667,0.5495,55.21065411272676,7.923250516078421,Wh,7.923250516078421,Wh
132,4b1accc2f819981a7dda947fea857b61,ARIMA,"{""p"": 2, ""d"": 0, ""q"": 7, ""regression_type"": null}","{""fillna"": ""rolling_mean"", ""transformations"": {""0"": ""Scaler"", ""1"": ""DifferencedTransformer""}, ""transformation_params"": {""0"": {}, ""1"": {""lag"": 1, ""fill"": ""zero""}}}",0,1,9.692831806961749,0.5188735131803214,0.6013831655105625,1.1305169597334568,0.5188735131803214,0.0,-10.83349905797549,0.48949006411714724,4.732706337434151,0.4281654089416485,6.6357125484608295,1.0,0.4666666666666667,1.3498768445354035,0.5,1.705930835034467,0.415293217239772,2.2494011896671657,1.0434446842595517,0.05550056289646186,6.100792720541339,3.5671845998496536,13.885355014686853,0.03778736722800973,9.692831806961749,0.5188735131803214,0.6013831655105625,1.1305169597334568,0.5188735131803214,0.0,0.48949006411714724,0.4281654089416485,6.6357125484608295,1.3498768445354035,0.5,1.705930835034467,0.415293217239772,2.2494011896671657,1.0434446842595517,0.05550056289646186,6.100792720541339,3.5671845998496536,13.885355014686853,0.03778736722800973,1.0,0.4666666666666667,0.5187,55.21064963619529,7.923250516078421,Wh,7.923250516078421,Wh
133,1ec7755babf36d729cb9f18c0b47266e,ARIMA,"{""p"": 4, ""d"": 0, ""q"": 3, ""regression_type"": null}","{""fillna"": ""ffill"", ""transformations"": {""0"": ""Scaler"", ""1"": ""Scaler"", ""2"": ""Scaler"", ""3"": ""DifferencedTransformer""}, ""transformation_params"": {""0"": {}, ""1"": {}, ""2"": {}, ""3"": {""lag"": 1, ""fill"": ""zero""}}}",0,1,9.699309808610298,0.5191912653238291,0.601485442575035,1.1285085996705602,0.5191912653238291,0.0,-10.869147963648672,0.4900738398931338,4.706589996066202,0.4281819403545683,6.634571771903407,1.0,0.4666666666666667,1.3505152790584525,0.5,1.7060260232518296,0.4154961974161513,2.250590177892077,1.0439666455044287,0.04108301943684728,6.162557967582468,3.5753480511958613,14.273808715436704,0.03816993162230779,9.699309808610298,0.5191912653238291,0.601485442575035,1.1285085996705602,0.5191912653238291,0.0,0.4900738398931338,0.4281819403545683,6.634571771903407,1.3505152790584525,0.5,1.7060260232518296,0.4154961974161513,2.250590177892077,1.0439666455044287,0.04108301943684728,6.162557967582468,3.5753480511958613,14.273808715436704,0.03816993162230779,1.0,0.4666666666666667,0.3306,55.20897512046823,7.928102623135498,Wh,7.928102623135498,Wh
134,2d097289d04c7e02a9808a69a2fcaec0,DatepartRegression,"{""regression_model"": {""model"": ""ElasticNet"", ""model_params"": {""l1_ratio"": 0.5, ""fit_intercept"": true, ""selection"": ""cyclic"", ""max_iter"": 1000}}, ""datepart_method"": ""anchored_segment_fourier:us_school"", ""polynomial_degree"": null, ""holiday_countries_used"": false, ""lags"": null, ""forward_lags"": null, ""regression_type"": null}","{""fillna"": ""ffill"", ""transformations"": {""0"": ""DifferencedTransformer""}, ""transformation_params"": {""0"": {""lag"": 1, ""fill"": ""zero""}}}",0,1,8.713801772573852,0.4672326215232412,0.6115838332669845,1.1006161057262962,0.4672326215232412,0.0,-2.1620408967137337,0.35909759101158417,11.854937748983502,0.45560785756436284,6.690593620620396,1.0,0.5,1.0654559805989265,0.5,1.693021680755286,0.35407255217432976,1.8810091379627747,0.7511325832821906,0.0,9.692896852269769,10.727711290539775,14.841884542931984,0.060036305056998786,8.713801772573852,0.4672326215232412,0.6115838332669845,1.1006161057262962,0.4672326215232412,0.0,0.35909759101158417,0.45560785756436284,6.690593620620396,1.0654559805989265,0.5,1.693021680755286,0.35407255217432976,1.8810091379627747,0.7511325832821906,0.0,9.692896852269769,10.727711290539775,14.841884542931984,0.060036305056998786,1.0,0.5,0.7647,54.81407317727328,7.134688928178451,Wh,7.134688928178451,Wh
135,72cc4c80ff66409c724e7086479e68df,DatepartRegression,"{""regression_model"": {""model"": ""ElasticNet"", ""model_params"": {""l1_ratio"": 0.5, ""fit_intercept"": true, ""selection"": ""random"", ""max_iter"": 1000}}, ""datepart_method"": [""dayofweek"", [365.25, 14]], ""polynomial_degree"": null, ""holiday_countries_used"": false, ""lags"": null, ""forward_lags"": null, ""regression_type"": null}","{""fillna"": ""linear"", ""transformations"": {""0"": ""Scaler"", ""1"": ""Scaler"", ""2"": ""Scaler"", ""3"": ""DifferencedTransformer"", ""4"": ""Scaler"", ""5"": ""Scaler""}, ""transformation_params"": {""0"": {}, ""1"": {}, ""2"": {}, ""3"": {""lag"": 1, ""fill"": ""zero""}, ""4"": {}, ""5"": {}}}",0,1,8.713801772573852,0.4672326215232412,0.6115838332669845,1.1006161057262962,0.4672326215232412,0.0,-2.1620408967137337,0.35909759101158417,11.854937748983502,0.45560785756436284,6.690593620620396,1.0,0.5,1.0654559805989265,0.5,1.693021680755286,0.35407255217432976,1.8810091379627747,0.7511325832821906,0.0,9.692896852269769,10.727711290539775,14.841884542931984,0.060036305056998786,8.713801772573852,0.4672326215232412,0.6115838332669845,1.1006161057262962,0.4672326215232412,0.0,0.35909759101158417,0.45560785756436284,6.690593620620396,1.0654559805989265,0.5,1.693021680755286,0.35407255217432976,1.8810091379627747,0.7511325832821906,0.0,9.692896852269769,10.727711290539775,14.841884542931984,0.060036305056998786,1.0,0.5,0.0664,54.813971685003004,7.134688928178451,Wh,7.134688928178451,Wh
136,eb5d6edf49efb80c4ff43879f2cb5a9a,DatepartRegression,"{""regression_model"": {""model"": ""ElasticNet"", ""model_params"": {""l1_ratio"": 0.5, ""fit_intercept"": true, ""selection"": ""cyclic"", ""max_iter"": 2000}}, ""datepart_method"": [""dayofmonthofyear"", ""week"", ""isoweek_binary""], ""polynomial_degree"": null, ""holiday_countries_used"": true, ""lags"": null, ""forward_lags"": null, ""regression_type"": null}","{""fillna"": ""ffill"", ""transformations"": {""0"": ""Scaler""}, ""transformation_params"": {""0"": {}}}",0,1,36.482380919566396,2.36750996162494,2.4368365233834255,1.2677461838405173,2.36750996162494,0.0,0.0,1.1987567476064407,71.0252988487482,2.36750996162494,1.3992517611639415,0.4666666666666667,0.4666666666666667,3.2975205406546593,0.5,3.478662793272947,2.2044465309381485,8.765358546278806,22.27095224908502,0.09003156574979189,71.0252988487482,77.76274428536031,11.204470768147475,0.4399197240450811,36.482380919566396,2.36750996162494,2.4368365233834255,1.2677461838405173,2.36750996162494,0.0,1.1987567476064407,2.36750996162494,1.3992517611639415,3.2975205406546593,0.5,3.478662793272947,2.2044465309381485,8.765358546278806,22.27095224908502,0.09003156574979189,71.0252988487482,77.76274428536031,11.204470768147475,0.4399197240450811,0.4666666666666667,0.4666666666666667,0.2669,53.572914127803855,36.152114241272926,Wh,36.152114241272926,Wh
137,7e26c8f2df685ebbf0b16ea51603d3b9,WindowRegression,"{""window_size"": 20, ""input_dim"": ""univariate"", ""output_dim"": ""1step"", ""normalize_window"": false, ""max_windows"": 5000000, ""fourier_encoding_components"": null, ""scale"": true, ""datepart_method"": null, ""regression_type"": null, ""regression_model"": {""model"": ""KNN"", ""model_params"": {""n_neighbors"": 14, ""weights"": ""uniform"", ""p"": 2, ""leaf_size"": 10}}}","{""fillna"": ""ffill"", ""transformations"": {""0"": ""Scaler"", ""1"": ""Scaler"", ""2"": ""DifferencedTransformer""}, ""transformation_params"": {""0"": {}, ""1"": {}, ""2"": {""lag"": 1, ""fill"": ""zero""}}}",0,1,17.675582850416152,1.0287787135069568,1.1872339735950816,1.2045385061331202,1.0287787135069568,0.0,-0.06854194030165672,0.6625602067483374,30.79481946490705,1.028703817049432,4.804740285344473,1.0,0.4,1.9878824185580015,0.5666666666666667,2.1907849388514706,0.853349342495203,4.484543568450124,3.0298158386059435,0.20920278612262475,30.726277524605393,28.17652207497352,10.506911523412136,0.19031381421347185,17.675582850416152,1.0287787135069568,1.1872339735950816,1.2045385061331202,1.0287787135069568,0.0,0.6625602067483374,1.028703817049432,4.804740285344473,1.9878824185580015,0.5666666666666667,2.1907849388514706,0.853349342495203,4.484543568450124,3.0298158386059435,0.20920278612262475,30.726277524605393,28.17652207497352,10.506911523412136,0.19031381421347185,1.0,0.4,0.5626,52.90943895295596,15.709553996624456,Wh,15.709553996624456,Wh
138,1e1e6b0969bfc025ca64da7a88fd0b5e,WindowRegression,"{""window_size"": 20, ""input_dim"": ""univariate"", ""output_dim"": ""1step"", ""normalize_window"": false, ""max_windows"": 5000000, ""fourier_encoding_components"": null, ""scale"": true, ""datepart_method"": null, ""regression_type"": null, ""regression_model"": {""model"": ""KNN"", ""model_params"": {""n_neighbors"": 14, ""weights"": ""uniform"", ""p"": 2, ""leaf_size"": 10}}}","{""fillna"": ""ffill"", ""transformations"": {""0"": ""Scaler"", ""1"": ""Scaler"", ""2"": ""Scaler"", ""3"": ""DifferencedTransformer""}, ""transformation_params"": {""0"": {}, ""1"": {}, ""2"": {}, ""3"": {""lag"": 1, ""fill"": ""zero""}}}",0,1,17.675582850416152,1.0287787135069568,1.1872339735950816,1.2045385061331202,1.0287787135069568,0.0,-0.06854194030165672,0.6625602067483374,30.79481946490705,1.028703817049432,4.804740285344473,1.0,0.4,1.9878824185580015,0.5666666666666667,2.1907849388514706,0.853349342495203,4.484543568450124,3.0298158386059435,0.20920278612262475,30.726277524605393,28.17652207497352,10.506911523412136,0.19031381421347185,17.675582850416152,1.0287787135069568,1.1872339735950816,1.2045385061331202,1.0287787135069568,0.0,0.6625602067483374,1.028703817049432,4.804740285344473,1.9878824185580015,0.5666666666666667,2.1907849388514706,0.853349342495203,4.484543568450124,3.0298158386059435,0.20920278612262475,30.726277524605393,28.17652207497352,10.506911523412136,0.19031381421347185,1.0,0.4,0.5364,52.909435144997374,15.709553996624456,Wh,15.709553996624456,Wh
139,e3890c74bfe250c2b7e5dec1c1ce2f1d,WindowRegression,"{""window_size"": 20, ""input_dim"": ""univariate"", ""output_dim"": ""1step"", ""normalize_window"": false, ""max_windows"": 5000000, ""fourier_encoding_components"": null, ""scale"": true, ""datepart_method"": null, ""regression_type"": null, ""regression_model"": {""model"": ""KNN"", ""model_params"": {""n_neighbors"": 14, ""weights"": ""uniform"", ""p"": 2, ""leaf_size"": 10}}}","{""fillna"": ""ffill"", ""transformations"": {""0"": ""DifferencedTransformer""}, ""transformation_params"": {""0"": {""lag"": 1, ""fill"": ""zero""}}}",0,1,17.675582850416152,1.0287787135069568,1.1872339735950816,1.2045385061331202,1.0287787135069568,0.0,-0.06854194030165672,0.6625602067483374,30.79481946490705,1.028703817049432,4.804740285344473,1.0,0.4,1.9878824185580015,0.5666666666666667,2.1907849388514706,0.853349342495203,4.484543568450124,3.0298158386059435,0.20920278612262475,30.726277524605393,28.17652207497352,10.506911523412136,0.19031381421347185,17.675582850416152,1.0287787135069568,1.1872339735950816,1.2045385061331202,1.0287787135069568,0.0,0.6625602067483374,1.028703817049432,4.804740285344473,1.9878824185580015,0.5666666666666667,2.1907849388514706,0.853349342495203,4.484543568450124,3.0298158386059435,0.20920278612262475,30.726277524605393,28.17652207497352,10.506911523412136,0.19031381421347185,1.0,0.4,0.5314,52.90943441828772,15.709553996624456,Wh,15.709553996624456,Wh
140,96c4095c557f206206bb4ee2e405109e,WindowRegression,"{""window_size"": 20, ""input_dim"": ""univariate"", ""output_dim"": ""1step"", ""normalize_window"": false, ""max_windows"": 5000000, ""fourier_encoding_components"": null, ""scale"": true, ""datepart_method"": null, ""regression_type"": null, ""regression_model"": {""model"": ""KNN"", ""model_params"": {""n_neighbors"": 14, ""weights"": ""uniform"", ""p"": 2, ""leaf_size"": 10}}}","{""fillna"": ""ffill"", ""transformations"": {""0"": ""DifferencedTransformer""}, ""transformation_params"": {""0"": {""lag"": 1, ""fill"": ""bfill""}}}",0,1,15.21247934205024,0.8716385725885629,1.0389057893237548,1.1552331621824334,0.8716385725885629,0.0,-0.0748761035501957,0.5803853152479487,26.074281074106693,0.8715733804790458,4.926459878549712,1.0,0.43333333333333335,1.9173427745699883,0.6,2.034202794780238,0.697434072047472,3.7932930465046337,2.3439550015435655,0.17492510957044113,25.999404970556498,23.641491313934225,10.372587559215331,0.1610362961561141,15.21247934205024,0.8716385725885629,1.0389057893237548,1.1552331621824334,0.8716385725885629,0.0,0.5803853152479487,0.8715733804790458,4.926459878549712,1.9173427745699883,0.6,2.034202794780238,0.697434072047472,3.7932930465046337,2.3439550015435655,0.17492510957044113,25.999404970556498,23.641491313934225,10.372587559215331,0.1610362961561141,1.0,0.43333333333333335,0.5449,50.817259860450626,13.3100083058125,Wh,13.3100083058125,Wh
141,7f6fdbccd117f8142de6ab0ef9a908bd,WindowRegression,"{""window_size"": 20, ""input_dim"": ""univariate"", ""output_dim"": ""1step"", ""normalize_window"": false, ""max_windows"": 5000000, ""fourier_encoding_components"": null, ""scale"": true, ""datepart_method"": null, ""regression_type"": null, ""regression_model"": {""model"": ""KNN"", ""model_params"": {""n_neighbors"": 14, ""weights"": ""uniform"", ""p"": 2, ""leaf_size"": 10}}}","{""fillna"": ""ffill"", ""transformations"": {""0"": ""Scaler"", ""1"": ""DifferencedTransformer""}, ""transformation_params"": {""0"": {}, ""1"": {""lag"": 1, ""fill"": ""bfill""}}}",0,1,15.21247934205024,0.8716385725885629,1.0389057893237548,1.1552331621824334,0.8716385725885629,0.0,-0.0748761035501957,0.5803853152479487,26.074281074106693,0.8715733804790458,4.926459878549712,1.0,0.43333333333333335,1.9173427745699883,0.6,2.034202794780238,0.697434072047472,3.7932930465046337,2.3439550015435655,0.17492510957044113,25.999404970556498,23.641491313934225,10.372587559215331,0.1610362961561141,15.21247934205024,0.8716385725885629,1.0389057893237548,1.1552331621824334,0.8716385725885629,0.0,0.5803853152479487,0.8715733804790458,4.926459878549712,1.9173427745699883,0.6,2.034202794780238,0.697434072047472,3.7932930465046337,2.3439550015435655,0.17492510957044113,25.999404970556498,23.641491313934225,10.372587559215331,0.1610362961561141,1.0,0.43333333333333335,0.5344,50.81725833436035,13.3100083058125,Wh,13.3100083058125,Wh
142,cd16cd26ae0f2bd0867657b18965da56,WindowRegression,"{""window_size"": 90, ""input_dim"": ""univariate"", ""output_dim"": ""forecast_length"", ""normalize_window"": false, ""max_windows"": 5000000, ""fourier_encoding_components"": null, ""scale"": true, ""datepart_method"": null, ""regression_type"": null, ""regression_model"": {""model"": ""Ridge"", ""model_params"": {""alpha"": 10.0}}}","{""fillna"": ""ffill"", ""transformations"": {""0"": ""Scaler"", ""1"": ""DifferencedTransformer""}, ""transformation_params"": {""0"": {}, ""1"": {""lag"": 1, ""fill"": ""bfill""}}}",0,4,12.288078186493,0.6919028149444699,0.8306451813274229,1.2702532233392039,0.6919028149444699,0.0,-22.511321083556247,0.5332047909800304,60.51701670978014,0.6454425463043061,4.9346792135447615,1.0,0.5083333333333333,2.1675021261800014,0.5416666666666666,1.8318187258364305,0.5419450224725182,2.704060833946663,1.8634500381393655,0.5709603158638247,12.316624380808339,13.0361229838054,3.5343550062274236,0.07661903963327787,12.288078186493,0.6919028149444699,0.8306451813274229,1.2702532233392039,0.6919028149444699,0.0,0.5332047909800304,0.6454425463043061,4.9346792135447615,2.1675021261800014,0.5416666666666666,1.8318187258364305,0.5419450224725182,2.704060833946663,1.8634500381393655,0.5709603158638247,12.316624380808339,13.0361229838054,3.5343550062274236,0.07661903963327787,1.0,0.5083333333333333,0.0708,47.29579386347534,13.983400940861564,Wh,13.983400940861564,Wh
143,f934719fdbdcbe289752be6badff4984,WindowRegression,"{""window_size"": 90, ""input_dim"": ""univariate"", ""output_dim"": ""forecast_length"", ""normalize_window"": false, ""max_windows"": 5000000, ""fourier_encoding_components"": null, ""scale"": false, ""datepart_method"": null, ""regression_type"": null, ""regression_model"": {""model"": ""KNN"", ""model_params"": {""n_neighbors"": 5, ""weights"": ""uniform"", ""p"": 2, ""leaf_size"": 30}}}","{""fillna"": ""pchip"", ""transformations"": {""0"": ""DifferencedTransformer""}, ""transformation_params"": {""0"": {""lag"": 1, ""fill"": ""bfill""}}}",0,1,13.454868419097567,0.696135303696307,0.848690634055073,1.250761209997712,0.696135303696307,0.0,-19.77494216267951,0.6919026309166884,1.109116948209703,0.4918019180647057,4.648743413945564,1.0,0.5333333333333333,1.6537237979937345,0.5,1.89312941631869,0.5355543365329504,3.309435218106127,4.2177653361483,0.3316273368224896,18.665825214469805,14.473825703318461,6.7716180318653425,0.11561323655828584,13.454868419097567,0.696135303696307,0.848690634055073,1.250761209997712,0.696135303696307,0.0,0.6919026309166884,0.4918019180647057,4.648743413945564,1.6537237979937345,0.5,1.89312941631869,0.5355543365329504,3.309435218106127,4.2177653361483,0.3316273368224896,18.665825214469805,14.473825703318461,6.7716180318653425,0.11561323655828584,1.0,0.5333333333333333,0.1205,46.24060081179839,10.630055811608457,Wh,10.630055811608457,Wh
144,c102cdfda39c1ae50ecb45a095586052,WindowRegression,"{""window_size"": 5, ""input_dim"": ""univariate"", ""output_dim"": ""forecast_length"", ""normalize_window"": false, ""max_windows"": 5000, ""fourier_encoding_components"": null, ""scale"": true, ""datepart_method"": null, ""regression_type"": null, ""regression_model"": {""model"": ""KNN"", ""model_params"": {""n_neighbors"": 5, ""weights"": ""uniform"", ""p"": 2, ""leaf_size"": 30}}}","{""fillna"": ""linear"", ""transformations"": {""0"": ""DifferencedTransformer"", ""1"": ""Scaler""}, ""transformation_params"": {""0"": {""lag"": 1, ""fill"": ""zero""}, ""1"": {}}}",0,1,13.228755131465647,0.6834552032873035,0.844915487720218,1.404998653011939,0.6834552032873035,0.0,-17.54686470516026,0.6637040733013478,2.9567913934588432,0.4992088277854222,4.5456870425397655,0.9666666666666667,0.5,1.8138136360794306,0.5333333333333333,1.8673240425945776,0.5120125559717417,2.984822615344235,5.705937906814269,0.3436483757780972,14.590073311701417,10.621328237168797,3.5966246154664434,0.09036865918367498,13.228755131465647,0.6834552032873035,0.844915487720218,1.404998653011939,0.6834552032873035,0.0,0.6637040733013478,0.4992088277854222,4.5456870425397655,1.8138136360794306,0.5333333333333333,1.8673240425945776,0.5120125559717417,2.984822615344235,5.705937906814269,0.3436483757780972,14.590073311701417,10.621328237168797,3.5966246154664434,0.09036865918367498,0.9666666666666667,0.5,2.4315,45.31243280084374,10.436429408337707,Wh,10.436429408337707,Wh
145,fdf13f2db3e69738617ae9ebaf096ca1,RollingRegression,"{""regression_model"": {""model"": ""ExtraTrees"", ""model_params"": {""n_estimators"": 100, ""min_samples_leaf"": 1, ""min_samples_split"": 2, ""max_depth"": null, ""criterion"": ""squared_error"", ""max_features"": 1}}, ""holiday"": true, ""mean_rolling_periods"": 7, ""macd_periods"": null, ""std_rolling_periods"": null, ""max_rolling_periods"": 420, ""min_rolling_periods"": null, ""ewm_var_alpha"": null, ""quantile90_rolling_periods"": null, ""quantile10_rolling_periods"": null, ""ewm_alpha"": null, ""additional_lag_periods"": 11, ""abs_energy"": false, ""rolling_autocorr_periods"": null, ""nonzero_last_n"": null, ""add_date_part"": ""recurring"", ""polynomial_degree"": null, ""x_transform"": ""Nystroem"", ""regression_type"": null}","{""fillna"": ""ffill"", ""transformations"": {""0"": ""Scaler""}, ""transformation_params"": {""0"": {}}}",0,1,26.455666609328784,1.6210355326334636,1.7735020344313306,1.28100898571534,1.6210355326334636,0.0,0.0,0.9210911899379949,48.63106597900391,1.6210355326334636,1.0184594754862761,0.7333333333333333,0.5333333333333333,2.9055531597137447,0.5,2.7809459928026015,1.42062226524353,5.4989014213000456,7.751733349613168,0.32174638985415266,48.63106597900391,55.34076826715035,7.445251870592339,0.30121330669879454,26.455666609328784,1.6210355326334636,1.7735020344313306,1.28100898571534,1.6210355326334636,0.0,0.9210911899379949,1.6210355326334636,1.0184594754862761,2.9055531597137447,0.5,2.7809459928026015,1.42062226524353,5.4989014213000456,7.751733349613168,0.32174638985415266,48.63106597900391,55.34076826715035,7.445251870592339,0.30121330669879454,0.7333333333333333,0.5333333333333333,4.3203,38.48787822763001,24.753374944494393,Wh,24.753374944494393,Wh
146,e6a5a2fbc9f7bf64835b908db380bbd6,DatepartRegression,"{""regression_model"": {""model"": ""ElasticNet"", ""model_params"": {""l1_ratio"": 0.1, ""fit_intercept"": true, ""selection"": ""cyclic"", ""max_iter"": 1000}}, ""datepart_method"": ""anchored_warped_fourier:us_school"", ""polynomial_degree"": null, ""holiday_countries_used"": true, ""lags"": null, ""forward_lags"": null, ""regression_type"": null}","{""fillna"": ""ffill"", ""transformations"": {""0"": null}, ""transformation_params"": {""0"": {}}}",0,1,26.259896855098287,1.5939616151464482,1.6891528513965146,1.2054951554484103,1.5939616151464482,0.0,0.0,0.9283998984587147,47.818848454393446,1.5939616151464482,0.9193308604829039,0.7333333333333333,0.4666666666666667,2.474427710752934,0.5,2.7344080864848217,1.4392367470078171,5.81001739035578,9.961148934852686,0.05287173339490302,47.818848454393446,53.02368104493386,12.661636322065995,0.2961825568803091,26.259896855098287,1.5939616151464482,1.6891528513965146,1.2054951554484103,1.5939616151464482,0.0,0.9283998984587147,1.5939616151464482,0.9193308604829039,2.474427710752934,0.5,2.7344080864848217,1.4392367470078171,5.81001739035578,9.961148934852686,0.05287173339490302,47.818848454393446,53.02368104493386,12.661636322065995,0.2961825568803091,0.7333333333333333,0.4666666666666667,1.0492,37.23224491278519,24.339953512773114,Wh,24.339953512773114,Wh
147,4597814533265222b338e51fe9353b43,DatepartRegression,"{""regression_model"": {""model"": ""ElasticNet"", ""model_params"": {""l1_ratio"": 0.1, ""fit_intercept"": true, ""selection"": ""cyclic"", ""max_iter"": 1000}}, ""datepart_method"": ""anchored_warped_fourier:us_school"", ""polynomial_degree"": null, ""holiday_countries_used"": true, ""lags"": null, ""forward_lags"": null, ""regression_type"": null}","{""fillna"": ""linear"", ""transformations"": {}, ""transformation_params"": {}}",0,1,26.259896855098287,1.5939616151464482,1.6891528513965146,1.2054951554484103,1.5939616151464482,0.0,0.0,0.9283998984587147,47.818848454393446,1.5939616151464482,0.9193308604829039,0.7333333333333333,0.4666666666666667,2.474427710752934,0.5,2.7344080864848217,1.4392367470078171,5.81001739035578,9.961148934852686,0.05287173339490302,47.818848454393446,53.02368104493386,12.661636322065995,0.2961825568803091,26.259896855098287,1.5939616151464482,1.6891528513965146,1.2054951554484103,1.5939616151464482,0.0,0.9283998984587147,1.5939616151464482,0.9193308604829039,2.474427710752934,0.5,2.7344080864848217,1.4392367470078171,5.81001739035578,9.961148934852686,0.05287173339490302,47.818848454393446,53.02368104493386,12.661636322065995,0.2961825568803091,0.7333333333333333,0.4666666666666667,1.0448,37.23224427328069,24.339953512773114,Wh,24.339953512773114,Wh
148,38381c2feeefb4912761e9b2af111813,WindowRegression,"{""window_size"": 20, ""input_dim"": ""univariate"", ""output_dim"": ""forecast_length"", ""normalize_window"": true, ""max_windows"": 50000, ""fourier_encoding_components"": null, ""scale"": true, ""datepart_method"": null, ""regression_type"": null, ""regression_model"": {""model"": ""BayesianRidge"", ""model_params"": {}}}","{""fillna"": ""ffill"", ""transformations"": {""0"": ""Scaler""}, ""transformation_params"": {""0"": {}}}",0,4,20.5197429741454,1.2412556393674214,1.3943831440923184,1.1872017864850957,1.2412556393674214,0.0,-0.7331992855579514,0.751524546347656,148.21747743853263,1.2406968562399778,1.3382100895660818,0.5083333333333333,0.5416666666666666,3.1210119824977385,0.4,2.470377579253737,1.0421367237842332,4.565197320020026,8.998560126913235,0.37772979547303304,36.87106953824367,39.96160859466682,5.074424159975699,0.22640260218034697,20.5197429741454,1.2412556393674214,1.3943831440923184,1.1872017864850957,1.2412556393674214,0.0,0.751524546347656,1.2406968562399778,1.3382100895660818,3.1210119824977385,0.4,2.470377579253737,1.0421367237842332,4.565197320020026,8.998560126913235,0.37772979547303304,36.87106953824367,39.96160859466682,5.074424159975699,0.22640260218034697,0.5083333333333333,0.5416666666666666,0.0685,33.49695910654496,29.74878501013206,Wh,29.74878501013206,Wh
149,a182c3b3ad0cfd33b0b9c0aebe15b2ba,DatepartRegression,"{""regression_model"": {""model"": ""ElasticNet"", ""model_params"": {""l1_ratio"": 0.5, ""fit_intercept"": true, ""selection"": ""random"", ""max_iter"": 1000}}, ""datepart_method"": [""dayofweek"", [365.25, 14]], ""polynomial_degree"": null, ""holiday_countries_used"": false, ""lags"": null, ""forward_lags"": null, ""regression_type"": null}","{""fillna"": ""rolling_mean_24"", ""transformations"": {""0"": ""Scaler""}, ""transformation_params"": {""0"": {}}}",0,4,22.217623881284702,1.3492790487945223,1.4670750572238855,1.0862552819104856,1.3492790487945223,0.0,0.0,0.8146868268669778,161.91348585534269,1.3492790487945223,0.9107804610539999,0.8083333333333333,0.525,2.58866548538208,0.39166666666666666,2.551532005362649,1.174644524247263,5.212351227116381,8.16987534434263,0.033123369422714634,40.47837146383567,42.07433581268613,13.405289222825148,0.2473462610138748,22.217623881284702,1.3492790487945223,1.4670750572238855,1.0862552819104856,1.3492790487945223,0.0,0.8146868268669778,1.3492790487945223,0.9107804610539999,2.58866548538208,0.39166666666666666,2.551532005362649,1.174644524247263,5.212351227116381,8.16987534434263,0.033123369422714634,40.47837146383567,42.07433581268613,13.405289222825148,0.2473462610138748,0.8083333333333333,0.525,0.0625,32.51979222254995,29.458388859315143,Wh,29.458388859315143,Wh
150,2f92365b0f4ef2ee114b9eed675c27cb,RollingRegression,"{""regression_model"": {""model"": ""ElasticNet"", ""model_params"": {""l1_ratio"": 0.1, ""fit_intercept"": true, ""selection"": ""cyclic"", ""max_iter"": 200}}, ""holiday"": true, ""mean_rolling_periods"": 7, ""macd_periods"": null, ""std_rolling_periods"": null, ""max_rolling_periods"": null, ""min_rolling_periods"": null, ""ewm_var_alpha"": null, ""quantile90_rolling_periods"": null, ""quantile10_rolling_periods"": null, ""ewm_alpha"": null, ""additional_lag_periods"": 59, ""abs_energy"": false, ""rolling_autocorr_periods"": null, ""nonzero_last_n"": null, ""add_date_part"": null, ""polynomial_degree"": null, ""x_transform"": ""Nystroem"", ""regression_type"": null}","{""fillna"": ""ffill"", ""transformations"": {""0"": ""Scaler"", ""1"": ""Scaler""}, ""transformation_params"": {""0"": {}, ""1"": {}}}",0,1,22.302081441012053,1.3185728274085966,1.4321864494544705,1.187151667595448,1.3185728274085966,0.0,0.0,0.8094134469884212,39.557184822257895,1.3185728274085966,0.8556386050491624,0.9333333333333333,0.4666666666666667,2.199038923015083,0.5,2.4778761995092693,1.1638479592699655,4.718464331394995,6.944471809510336,0.043823795567516734,39.557184822257895,44.49395919330655,13.106714699793015,0.24501108919043524,22.302081441012053,1.3185728274085966,1.4321864494544705,1.187151667595448,1.3185728274085966,0.0,0.8094134469884212,1.3185728274085966,0.8556386050491624,2.199038923015083,0.5,2.4778761995092693,1.1638479592699655,4.718464331394995,6.944471809510336,0.043823795567516734,39.557184822257895,44.49395919330655,13.106714699793015,0.24501108919043524,0.9333333333333333,0.4666666666666667,3.306,31.96224793045796,20.13473914137032,Wh,20.13473914137032,Wh
151,bf309a60479254c904dbe874686dfdd9,DatepartRegression,"{""regression_model"": {""model"": ""ElasticNet"", ""model_params"": {""l1_ratio"": 0.5, ""fit_intercept"": true, ""selection"": ""cyclic"", ""max_iter"": 2000}}, ""datepart_method"": [""db2_365.25_12_0.5"", ""morlet_7_7_1""], ""polynomial_degree"": null, ""holiday_countries_used"": false, ""lags"": null, ""forward_lags"": null, ""regression_type"": null}","{""fillna"": ""ffill_mean_biased"", ""transformations"": {""0"": ""Scaler"", ""1"": ""Scaler"", ""2"": ""Scaler"", ""3"": ""Scaler""}, ""transformation_params"": {""0"": {}, ""1"": {}, ""2"": {}, ""3"": {}}}",0,1,22.031358210148422,1.300184138615926,1.415274715074476,1.1859268076718799,1.300184138615926,0.0,0.0,0.800901550924954,39.00552415847778,1.300184138615926,0.8535971718432143,0.9333333333333333,0.4666666666666667,2.180650234222412,0.5,2.4608908830137275,1.145459270477295,4.645577451479516,6.7643578471265045,0.04321670686168007,39.00552415847778,43.92439932884714,13.138561057805802,0.2415941882986349,22.031358210148422,1.300184138615926,1.415274715074476,1.1859268076718799,1.300184138615926,0.0,0.800901550924954,1.300184138615926,0.8535971718432143,2.180650234222412,0.5,2.4608908830137275,1.145459270477295,4.645577451479516,6.7643578471265045,0.04321670686168007,39.00552415847778,43.92439932884714,13.138561057805802,0.2415941882986349,0.9333333333333333,0.4666666666666667,0.0688,31.621395283936433,19.853942021714882,Wh,19.853942021714882,Wh
152,acbed75fca586f98589d174e78b5a827,RollingRegression,"{""regression_model"": {""model"": ""ElasticNet"", ""model_params"": {""l1_ratio"": 0.5, ""fit_intercept"": true, ""selection"": ""cyclic"", ""max_iter"": 1000}}, ""holiday"": false, ""mean_rolling_periods"": null, ""macd_periods"": null, ""std_rolling_periods"": null, ""max_rolling_periods"": 420, ""min_rolling_periods"": null, ""ewm_var_alpha"": null, ""quantile90_rolling_periods"": null, ""quantile10_rolling_periods"": null, ""ewm_alpha"": 0.2, ""additional_lag_periods"": 2, ""abs_energy"": false, ""rolling_autocorr_periods"": null, ""nonzero_last_n"": null, ""add_date_part"": null, ""polynomial_degree"": null, ""x_transform"": null, ""regression_type"": null}","{""fillna"": ""ffill"", ""transformations"": {""0"": ""Scaler""}, ""transformation_params"": {""0"": {}}}",0,1,21.272289899044363,1.2495676632200508,1.362502686951046,1.1659731885453346,1.2495676632200508,0.0,0.0,0.7797098149582595,37.48702989660152,1.2495676632200508,0.8499526233907059,1.0,0.5,2.08830881274835,0.5,2.4044760692350273,1.0971491073107829,4.598694627787316,4.949142267345036,0.028188513175621918,37.48702989660152,41.04926829294213,13.143044231836672,0.23218886952523254,21.272289899044363,1.2495676632200508,1.362502686951046,1.1659731885453346,1.2495676632200508,0.0,0.7797098149582595,1.2495676632200508,0.8499526233907059,2.08830881274835,0.5,2.4044760692350273,1.0971491073107829,4.598694627787316,4.949142267345036,0.028188513175621918,37.48702989660152,41.04926829294213,13.143044231836672,0.23218886952523254,1.0,0.5,0.1476,30.65203552904217,19.081023372727945,Wh,19.081023372727945,Wh
153,708066284235e0522ada4f975d83205d,DatepartRegression,"{""regression_model"": {""model"": ""ElasticNet"", ""model_params"": {""l1_ratio"": 0.5, ""fit_intercept"": true, ""selection"": ""random"", ""max_iter"": 1000}}, ""datepart_method"": [""dayofweek"", [365.25, 14]], ""polynomial_degree"": null, ""holiday_countries_used"": false, ""lags"": null, ""forward_lags"": null, ""regression_type"": null}","{""fillna"": ""linear"", ""transformations"": {""0"": ""Scaler""}, ""transformation_params"": {""0"": {}}}",0,1,20.203467443877233,1.1774579634428597,1.3023940614492895,1.1770437695914717,1.1774579634428597,0.0,0.0,0.74236802208268,35.32373890328579,1.1774579634428597,0.8499526233907059,1.0,0.5,2.0504800595481996,0.5,2.3471716955966375,1.0236074892314837,4.1762982803145805,5.596724279136902,0.03887794521410108,35.32373890328579,40.00942377669189,13.348772850328366,0.21878977945121117,20.203467443877233,1.1774579634428597,1.3023940614492895,1.1770437695914717,1.1774579634428597,0.0,0.74236802208268,1.1774579634428597,0.8499526233907059,2.0504800595481996,0.5,2.3471716955966375,1.0236074892314837,4.1762982803145805,5.596724279136902,0.03887794521410108,35.32373890328579,40.00942377669189,13.348772850328366,0.21878977945121117,1.0,0.5,0.0681,29.401050162153172,17.9799010347,Wh,17.9799010347,Wh
154,2849ead14ecf28bb610518670ee6dc98,WindowRegression,"{""window_size"": 2, ""input_dim"": ""univariate"", ""output_dim"": ""forecast_length"", ""normalize_window"": false, ""max_windows"": 5000000, ""fourier_encoding_components"": null, ""scale"": true, ""datepart_method"": null, ""regression_type"": null, ""regression_model"": {""model"": ""BayesianRidge"", ""model_params"": {}}}","{""fillna"": ""rolling_mean_24"", ""transformations"": {""0"": ""Scaler""}, ""transformation_params"": {""0"": {}}}",0,4,15.841401881866332,0.9240956883501201,1.0790465936692202,1.175648295638413,0.9240956883501201,0.0,-4.888161308526861,0.6111488392477953,106.00332129348755,0.9152126848475733,0.972407430054302,0.6333333333333333,0.45,2.290145696957431,0.39166666666666666,2.1504671391016035,0.7478889821643402,3.456274078986586,4.138573680118055,0.2084585205072249,25.27878999624017,28.17526047640368,10.057791269662548,0.15398414950408745,15.841401881866332,0.9240956883501201,1.0790465936692202,1.175648295638413,0.9240956883501201,0.0,0.6111488392477953,0.9152126848475733,0.972407430054302,2.290145696957431,0.39166666666666666,2.1504671391016035,0.7478889821643402,3.456274078986586,4.138573680118055,0.2084585205072249,25.27878999624017,28.17526047640368,10.057791269662548,0.15398414950408745,0.6333333333333333,0.45,0.047850000000000004,25.312026955390337,21.496407528992957,Wh,21.496407528992957,Wh
155,65731b0a5d707e5cf27483c67c689e48,RollingRegression,"{""regression_model"": {""model"": ""HistGradientBoost"", ""model_params"": {""loss"": ""squared_error"", ""learning_rate"": 0.01, ""max_depth"": null, ""min_samples_leaf"": 5, ""max_iter"": 100, ""l2_regularization"": 0}}, ""holiday"": false, ""mean_rolling_periods"": null, ""macd_periods"": null, ""std_rolling_periods"": null, ""max_rolling_periods"": 420, ""min_rolling_periods"": null, ""ewm_var_alpha"": null, ""quantile90_rolling_periods"": null, ""quantile10_rolling_periods"": null, ""ewm_alpha"": null, ""additional_lag_periods"": 27, ""abs_energy"": false, ""rolling_autocorr_periods"": null, ""nonzero_last_n"": null, ""add_date_part"": ""recurring"", ""polynomial_degree"": null, ""x_transform"": null, ""regression_type"": null}","{""fillna"": ""ffill"", ""transformations"": {""0"": ""Scaler""}, ""transformation_params"": {""0"": {}}}",0,1,15.363337269352906,0.870038317881461,1.0316495244435657,1.1986091462481243,0.870038317881461,0.0,-0.2616938686354091,0.5808120332423059,25.83945566780842,0.8695001645898468,0.8499526233907059,1.0,0.4,1.8164794416384389,0.5,2.076374706185072,0.7057963446615054,3.209884264620429,2.1569637487634448,0.18499005337865812,25.577761799173015,27.735565811887053,11.692722954461207,0.1584247035178976,15.363337269352906,0.870038317881461,1.0316495244435657,1.1986091462481243,0.870038317881461,0.0,0.5808120332423059,0.8695001645898468,0.8499526233907059,1.8164794416384389,0.5,2.076374706185072,0.7057963446615054,3.209884264620429,2.1569637487634448,0.18499005337865812,25.577761799173015,27.735565811887053,11.692722954461207,0.1584247035178976,1.0,0.4,0.6278,23.761669438843512,13.285572256155259,Wh,13.285572256155259,Wh
156,941d62589f6d35f04f215a70c86c62f7,DatepartRegression,"{""regression_model"": {""model"": ""DecisionTree"", ""model_params"": {""max_depth"": null, ""min_samples_split"": 2}}, ""datepart_method"": [52, ""quarter""], ""polynomial_degree"": null, ""holiday_countries_used"": false, ""lags"": null, ""forward_lags"": null, ""regression_type"": null}","{""fillna"": ""rolling_mean"", ""transformations"": {""0"": ""Scaler""}, ""transformation_params"": {""0"": {}}}",0,4,15.054118872012747,0.8700572500626247,1.0685943073715491,1.5311878741998877,0.8700572500626247,0.0,-25.189884066581726,0.6231866854601991,79.21698594093323,0.8114289000271601,0.8329529029859076,0.9166666666666667,0.44166666666666665,2.9241552352905273,0.43333333333333335,2.100819934183189,0.6625689423084259,3.407254265668274,4.783443236363674,0.5519449173919858,13.506775468587875,18.058795546132778,5.010492593781748,0.08508475815493334,15.054118872012747,0.8700572500626247,1.0685943073715491,1.5311878741998877,0.8700572500626247,0.0,0.6231866854601991,0.8114289000271601,0.8329529029859076,2.9241552352905273,0.43333333333333335,2.100819934183189,0.6625689423084259,3.407254265668274,4.783443236363674,0.5519449173919858,13.506775468587875,18.058795546132778,5.010492593781748,0.08508475815493334,0.9166666666666667,0.44166666666666665,0.055875,23.524030322442968,18.934096938493823,Wh,18.934096938493823,Wh
157,2f081804f3b70a4acb5fcf957b795d49,ARIMA,"{""p"": 1, ""d"": 0, ""q"": 12, ""regression_type"": null}","{""fillna"": ""ffill"", ""transformations"": {""0"": ""Scaler""}, ""transformation_params"": {""0"": {}}}",0,1,14.985872270577692,0.845489448069976,1.0019704098381943,1.1966151020134994,0.845489448069976,0.0,-0.23417074770614388,0.569955358572943,25.130512694393133,0.8446970659865343,0.8050991108970299,0.9333333333333333,0.4,1.9808488906175663,0.5,2.046926544251527,0.6807017473510476,3.093418364490058,2.067084177140667,0.16039024154935388,24.896341946686988,27.173558609451188,11.04773360415199,0.15420409426565262,14.985872270577692,0.845489448069976,1.0019704098381943,1.1966151020134994,0.845489448069976,0.0,0.569955358572943,0.8446970659865343,0.8050991108970299,1.9808488906175663,0.5,2.046926544251527,0.6807017473510476,3.093418364490058,2.067084177140667,0.16039024154935388,24.896341946686988,27.173558609451188,11.04773360415199,0.15420409426565262,0.9333333333333333,0.4,1.4986,22.990880438216106,12.910708555345392,Wh,12.910708555345392,Wh
158,2e79eaaf38f40d21706ff8ea10ad7263,ARIMA,"{""p"": 1, ""d"": 1, ""q"": 0, ""regression_type"": null}","{""fillna"": ""ffill"", ""transformations"": {""0"": ""Scaler"", ""1"": ""Scaler"", ""2"": ""Scaler""}, ""transformation_params"": {""0"": {}, ""1"": {}, ""2"": {}}}",0,1,9.808907230346884,0.524819159574626,0.6053715685237022,1.140225045711178,0.524819159574626,0.0,-11.25764140305391,0.49784680457008673,4.486933384184871,0.4302508754330283,1.7129442563588044,1.0,0.4666666666666667,1.3615537537337943,0.5,1.7104526786638228,0.4201026321295055,2.2644182346217807,1.2241418006615685,0.03175462229906472,6.770708018869038,3.908286252910605,14.241554812547914,0.041936719049837284,9.808907230346884,0.524819159574626,0.6053715685237022,1.140225045711178,0.524819159574626,0.0,0.49784680457008673,0.4302508754330283,1.7129442563588044,1.3615537537337943,0.5,1.7104526786638228,0.4201026321295055,2.2644182346217807,1.2241418006615685,0.03175462229906472,6.770708018869038,3.908286252910605,14.241554812547914,0.041936719049837284,1.0,0.4666666666666667,0.0293,22.53704226481363,8.014041132029021,Wh,8.014041132029021,Wh
159,ba8426f2237fa27c896e582e61d07864,RollingRegression,"{""regression_model"": {""model"": ""Ridge"", ""model_params"": {""alpha"": 1e-05}}, ""holiday"": false, ""mean_rolling_periods"": null, ""macd_periods"": null, ""std_rolling_periods"": 5, ""max_rolling_periods"": 420, ""min_rolling_periods"": 12, ""ewm_var_alpha"": null, ""quantile90_rolling_periods"": null, ""quantile10_rolling_periods"": null, ""ewm_alpha"": 0.2, ""additional_lag_periods"": 27, ""abs_energy"": false, ""rolling_autocorr_periods"": null, ""nonzero_last_n"": null, ""add_date_part"": null, ""polynomial_degree"": null, ""x_transform"": null, ""regression_type"": null}","{""fillna"": ""ffill"", ""transformations"": {""0"": ""Scaler""}, ""transformation_params"": {""0"": {}}}",0,1,14.242763190002249,0.7409853962674596,0.9039529374685629,1.1188314887504096,0.7409853962674596,0.0,-20.426589607527205,0.7318558368691008,1.8029722804965838,0.5216080710160688,0.8499526233907059,1.0,0.5,1.9444586559089867,0.5,1.9564993722443427,0.56263023120182,3.6057848036721527,2.6436363670621765,0.019238402499340813,18.623617327030615,12.437633526013888,14.204023434709459,0.11535180742675462,14.242763190002249,0.7409853962674596,0.9039529374685629,1.1188314887504096,0.7409853962674596,0.0,0.7318558368691008,0.5216080710160688,0.8499526233907059,1.9444586559089867,0.5,1.9564993722443427,0.56263023120182,3.6057848036721527,2.6436363670621765,0.019238402499340813,18.623617327030615,12.437633526013888,14.204023434709459,0.11535180742675462,1.0,0.5,0.1654,21.830644777454683,11.314921217307157,Wh,11.314921217307157,Wh
160,a026c2087acc14bd965dc0b560619e76,RollingRegression,"{""regression_model"": {""model"": ""ExtraTrees"", ""model_params"": {""n_estimators"": 100, ""min_samples_leaf"": 1, ""min_samples_split"": 2, ""max_depth"": null, ""criterion"": ""squared_error"", ""max_features"": 1}}, ""holiday"": false, ""mean_rolling_periods"": 7, ""macd_periods"": 96, ""std_rolling_periods"": null, ""max_rolling_periods"": 420, ""min_rolling_periods"": 24, ""ewm_var_alpha"": null, ""quantile90_rolling_periods"": null, ""quantile10_rolling_periods"": null, ""ewm_alpha"": null, ""additional_lag_periods"": 11, ""abs_energy"": false, ""rolling_autocorr_periods"": null, ""nonzero_last_n"": null, ""add_date_part"": ""expanded"", ""polynomial_degree"": null, ""x_transform"": null, ""regression_type"": null}","{""fillna"": ""ffill_mean_biased"", ""transformations"": {""0"": ""Scaler"", ""1"": ""Scaler""}, ""transformation_params"": {""0"": {}, ""1"": {}}}",0,1,13.128050643473138,0.731740890343984,0.8815559400508028,1.3005499070585789,0.731740890343984,0.0,-0.8966749238967902,0.5157226879095089,21.055551786422733,0.726643728939146,0.8499526233907059,1.0,0.3,1.7281734371185307,0.5,1.9384381826388506,0.5658338409423828,2.8882094801034315,1.7528929694485853,0.26843564112113927,20.158876862525936,21.467877033300795,9.768367781863944,0.12486096771386525,13.128050643473138,0.731740890343984,0.8815559400508028,1.3005499070585789,0.731740890343984,0.0,0.5157226879095089,0.726643728939146,0.8499526233907059,1.7281734371185307,0.5,1.9384381826388506,0.5658338409423828,2.8882094801034315,1.7528929694485853,0.26843564112113927,20.158876862525936,21.467877033300795,9.768367781863944,0.12486096771386525,1.0,0.3,1.1846,21.0781192129048,11.17375668593588,Wh,11.17375668593588,Wh
161,122e25625de553a5fca6bbcd10b7a2f9,ARIMA,"{""p"": 4, ""d"": 2, ""q"": 2, ""regression_type"": ""Holiday""}","{""fillna"": ""ffill"", ""transformations"": {""0"": ""Scaler""}, ""transformation_params"": {""0"": {}}}",0,4,10.87556553563065,0.6033640901173566,0.7405027455865253,1.0882975963878367,0.6033640901173566,0.0,-16.24921371316578,0.462736719280306,56.15447710091701,0.5751671379131698,1.2242002854512413,1.0,0.5083333333333333,1.9404665656643036,0.65,1.6883635342229022,0.45931822019026847,2.437449919587504,2.1627155537353717,0.14425218656437014,12.470088603836968,11.687616358154264,11.554367659887578,0.07771110552926325,10.87556553563065,0.6033640901173566,0.7405027455865253,1.0882975963878367,0.6033640901173566,0.0,0.462736719280306,0.5751671379131698,1.2242002854512413,1.9404665656643036,0.65,1.6883635342229022,0.45931822019026847,2.437449919587504,2.1627155537353717,0.14425218656437014,12.470088603836968,11.687616358154264,11.554367659887578,0.07771110552926325,1.0,0.5083333333333333,0.66645,20.903722175875828,13.410724817359727,Wh,13.410724817359727,Wh
162,d7ca94b3b1e63b4f061c6a511dd7551e,RollingRegression,"{""regression_model"": {""model"": ""ExtraTrees"", ""model_params"": {""n_estimators"": 100, ""min_samples_leaf"": 1, ""min_samples_split"": 2, ""max_depth"": null, ""criterion"": ""squared_error"", ""max_features"": 1}}, ""holiday"": true, ""mean_rolling_periods"": 7, ""macd_periods"": 96, ""std_rolling_periods"": null, ""max_rolling_periods"": 420, ""min_rolling_periods"": null, ""ewm_var_alpha"": null, ""quantile90_rolling_periods"": null, ""quantile10_rolling_periods"": null, ""ewm_alpha"": null, ""additional_lag_periods"": 11, ""abs_energy"": false, ""rolling_autocorr_periods"": null, ""nonzero_last_n"": null, ""add_date_part"": ""recurring"", ""polynomial_degree"": null, ""x_transform"": null, ""regression_type"": null}","{""fillna"": ""ffill_mean_biased"", ""transformations"": {""0"": ""Scaler""}, ""transformation_params"": {""0"": {}}}",0,4,12.783175654867714,0.728546519100666,0.8569321402811775,1.0740277536419593,0.728546519100666,0.0,-14.161526355743408,0.5098221606246404,73.26405593633652,0.70870068963297,0.8190363009146833,0.9583333333333334,0.475,2.7114742183685303,0.5916666666666667,1.857865009108759,0.5786155341386795,3.109750252067522,3.268434897805191,0.16427712696326743,14.775632395148277,14.167445633088043,11.335077042634392,0.09599083375238295,12.783175654867714,0.728546519100666,0.8569321402811775,1.0740277536419593,0.728546519100666,0.0,0.5098221606246404,0.70870068963297,0.8190363009146833,2.7114742183685303,0.5916666666666667,1.857865009108759,0.5786155341386795,3.109750252067522,3.268434897805191,0.16427712696326743,14.775632395148277,14.167445633088043,11.335077042634392,0.09599083375238295,0.9583333333333334,0.475,4.233925,20.46348889064957,22.468947296486853,Wh,22.468947296486853,Wh
163,3798f7ac5af5ad67c74df0b0007faf85,RollingRegression,"{""regression_model"": {""model"": ""ExtraTrees"", ""model_params"": {""n_estimators"": 100, ""min_samples_leaf"": 1, ""min_samples_split"": 2, ""max_depth"": null, ""criterion"": ""squared_error"", ""max_features"": 1}}, ""holiday"": true, ""mean_rolling_periods"": 7, ""macd_periods"": 96, ""std_rolling_periods"": null, ""max_rolling_periods"": 420, ""min_rolling_periods"": null, ""ewm_var_alpha"": null, ""quantile90_rolling_periods"": null, ""quantile10_rolling_periods"": null, ""ewm_alpha"": null, ""additional_lag_periods"": 11, ""abs_energy"": false, ""rolling_autocorr_periods"": null, ""nonzero_last_n"": null, ""add_date_part"": ""recurring"", ""polynomial_degree"": null, ""x_transform"": null, ""regression_type"": null}","{""fillna"": ""ffill_mean_biased"", ""transformations"": {""0"": ""Scaler"", ""1"": ""Scaler""}, ""transformation_params"": {""0"": {}, ""1"": {}}}",0,4,12.783175654867714,0.728546519100666,0.8569321402811775,1.0740277536419593,0.728546519100666,0.0,-14.161526355743408,0.5098221606246404,73.26405593633652,0.70870068963297,0.8190363009146833,0.9583333333333334,0.475,2.7114742183685303,0.5916666666666667,1.857865009108759,0.5786155341386795,3.109750252067522,3.268434897805191,0.16427712696326743,14.775632395148277,14.167445633088043,11.335077042634392,0.09599083375238295,12.783175654867714,0.728546519100666,0.8569321402811775,1.0740277536419593,0.728546519100666,0.0,0.5098221606246404,0.70870068963297,0.8190363009146833,2.7114742183685303,0.5916666666666667,1.857865009108759,0.5786155341386795,3.109750252067522,3.268434897805191,0.16427712696326743,14.775632395148277,14.167445633088043,11.335077042634392,0.09599083375238295,0.9583333333333334,0.475,4.203075,20.463484406851006,22.468947296486853,Wh,22.468947296486853,Wh
164,afb6a9149cd86275a00f3406614ed82a,ARIMA,"{""p"": 4, ""d"": 0, ""q"": 0, ""regression_type"": null}","{""fillna"": ""ffill"", ""transformations"": {""0"": null}, ""transformation_params"": {""0"": {}}}",0,1,11.374095148068289,0.6039570299579071,0.7287795143410424,1.1591679641715262,0.6039570299579071,0.0,-14.975074386988695,0.5855374489475286,3.143636511748519,0.46045131178355864,1.1085808443556993,1.0,0.4,1.634899188413816,0.5,1.8009798946606903,0.4594637712491078,2.744383500454837,1.7234259699783647,0.06894995422068542,11.831437875240173,7.100178171113056,13.287879258762572,0.0732820976398315,11.374095148068289,0.6039570299579071,0.7287795143410424,1.1591679641715262,0.6039570299579071,0.0,0.5855374489475286,0.46045131178355864,1.1085808443556993,1.634899188413816,0.5,1.8009798946606903,0.4594637712491078,2.744383500454837,1.7234259699783647,0.06894995422068542,11.831437875240173,7.100178171113056,13.287879258762572,0.0732820976398315,1.0,0.4,0.086,20.377038662478775,9.222484339145998,Wh,9.222484339145998,Wh
165,c6b560b2dec7e3723450c41b1a132d7c,RollingRegression,"{""regression_model"": {""model"": ""ExtraTrees"", ""model_params"": {""n_estimators"": 100, ""min_samples_leaf"": 1, ""min_samples_split"": 2, ""max_depth"": null, ""criterion"": ""squared_error"", ""max_features"": 1}}, ""holiday"": true, ""mean_rolling_periods"": 5, ""macd_periods"": 96, ""std_rolling_periods"": null, ""max_rolling_periods"": 364, ""min_rolling_periods"": null, ""ewm_var_alpha"": null, ""quantile90_rolling_periods"": null, ""quantile10_rolling_periods"": null, ""ewm_alpha"": 0.5, ""additional_lag_periods"": 11, ""abs_energy"": false, ""rolling_autocorr_periods"": null, ""nonzero_last_n"": null, ""add_date_part"": ""recurring"", ""polynomial_degree"": null, ""x_transform"": null, ""regression_type"": null}","{""fillna"": ""ffill"", ""transformations"": {""0"": null}, ""transformation_params"": {""0"": {}}}",0,4,12.563922338724012,0.7147978112697602,0.82881521319374,1.0869035697174518,0.7147978112697602,0.0,-19.56902435779572,0.5210183532201582,66.20671299457551,0.6841508075733501,0.8121144757903599,0.9666666666666667,0.5583333333333333,2.7341805553436282,0.5833333333333333,1.8464365126006568,0.5764458267927169,3.123278749988462,3.2623661926887073,0.16510395092203656,11.659422159194948,11.437998163373619,11.173069545794451,0.07657865656840425,12.563922338724012,0.7147978112697602,0.82881521319374,1.0869035697174518,0.7147978112697602,0.0,0.5210183532201582,0.6841508075733501,0.8121144757903599,2.7341805553436282,0.5833333333333333,1.8464365126006568,0.5764458267927169,3.123278749988462,3.2623661926887073,0.16510395092203656,11.659422159194948,11.437998163373619,11.173069545794451,0.07657865656840425,0.9666666666666667,0.5583333333333333,4.241675,20.082231236405928,20.895771430526295,Wh,20.895771430526295,Wh
166,649d120f4edddfbcf8c9251a86e0ac88,DatepartRegression,"{""regression_model"": {""model"": ""DecisionTree"", ""model_params"": {""max_depth"": null, ""min_samples_split"": 0.05}}, ""datepart_method"": ""expanded"", ""polynomial_degree"": null, ""holiday_countries_used"": false, ""lags"": 2, ""forward_lags"": null, ""regression_type"": null}","{""fillna"": ""quadratic"", ""transformations"": {""0"": ""Scaler""}, ""transformation_params"": {""0"": {}}}",0,4,12.585401197019328,0.7068027447209213,0.8551910306661312,1.3029052853605456,0.7068027447209213,0.0,-30.398202226275497,0.5535805366561501,54.41812714023506,0.6418198577579244,0.7821898719051739,0.9833333333333334,0.4666666666666667,2.0914597511291504,0.425,1.916667360190771,0.553172572670561,2.7614125879893736,3.32053203552826,0.34797242834888964,12.280172535557769,12.814591216538481,7.4140824794513325,0.07941141546148864,12.585401197019328,0.7068027447209213,0.8551910306661312,1.3029052853605456,0.7068027447209213,0.0,0.5535805366561501,0.6418198577579244,0.7821898719051739,2.0914597511291504,0.425,1.916667360190771,0.553172572670561,2.7614125879893736,3.32053203552826,0.34797242834888964,12.280172535557769,12.814591216538481,7.4140824794513325,0.07941141546148864,0.9833333333333334,0.4666666666666667,0.082125,19.986400233476175,17.098310392670193,Wh,17.098310392670193,Wh
167,dbfab06ac3cfb3323975d9462c0abc21,RollingRegression,"{""regression_model"": {""model"": ""ExtraTrees"", ""model_params"": {""n_estimators"": 100, ""min_samples_leaf"": 1, ""min_samples_split"": 2, ""max_depth"": null, ""criterion"": ""squared_error"", ""max_features"": 1}}, ""holiday"": false, ""mean_rolling_periods"": null, ""macd_periods"": null, ""std_rolling_periods"": null, ""max_rolling_periods"": 420, ""min_rolling_periods"": 12, ""ewm_var_alpha"": null, ""quantile90_rolling_periods"": null, ""quantile10_rolling_periods"": null, ""ewm_alpha"": 0.2, ""additional_lag_periods"": 59, ""abs_energy"": false, ""rolling_autocorr_periods"": null, ""nonzero_last_n"": null, ""add_date_part"": ""recurring"", ""polynomial_degree"": null, ""x_transform"": null, ""regression_type"": null}","{""fillna"": ""ffill"", ""transformations"": {""0"": ""Scaler"", ""1"": ""Scaler"", ""2"": ""Scaler""}, ""transformation_params"": {""0"": {}, ""1"": {}, ""2"": {}}}",0,4,12.36781949818295,0.7017286522388458,0.8219386423027313,1.098929160256172,0.7017286522388458,0.0,-21.54332330465317,0.5185356195304526,62.664114964008334,0.6666147593782307,0.8144594084982505,0.9583333333333334,0.45,2.6795727109909055,0.6166666666666667,1.8234022402043157,0.5568526340007782,3.054792638277791,3.2156921487867742,0.1471547765018796,10.830959156751632,10.255003869684273,11.328901839995144,0.07163156872902979,12.36781949818295,0.7017286522388458,0.8219386423027313,1.098929160256172,0.7017286522388458,0.0,0.5185356195304526,0.6666147593782307,0.8144594084982505,2.6795727109909055,0.6166666666666667,1.8234022402043157,0.5568526340007782,3.054792638277791,3.2156921487867742,0.1471547765018796,10.830959156751632,10.255003869684273,11.328901839995144,0.07163156872902979,0.9583333333333334,0.45,1.0780750000000001,19.877925163980674,20.00888595736797,Wh,20.00888595736797,Wh
168,94a966315440711c718c82c8b7c5c2b8,RollingRegression,"{""regression_model"": {""model"": ""ExtraTrees"", ""model_params"": {""n_estimators"": 100, ""min_samples_leaf"": 1, ""min_samples_split"": 2, ""max_depth"": null, ""criterion"": ""squared_error"", ""max_features"": 1}}, ""holiday"": false, ""mean_rolling_periods"": null, ""macd_periods"": null, ""std_rolling_periods"": null, ""max_rolling_periods"": 420, ""min_rolling_periods"": 12, ""ewm_var_alpha"": null, ""quantile90_rolling_periods"": null, ""quantile10_rolling_periods"": null, ""ewm_alpha"": 0.2, ""additional_lag_periods"": 59, ""abs_energy"": false, ""rolling_autocorr_periods"": null, ""nonzero_last_n"": null, ""add_date_part"": ""recurring"", ""polynomial_degree"": null, ""x_transform"": null, ""regression_type"": null}","{""fillna"": ""ffill"", ""transformations"": {""0"": ""Scaler""}, ""transformation_params"": {""0"": {}}}",0,4,12.36781949818295,0.7017286522388458,0.8219386423027313,1.098929160256172,0.7017286522388458,0.0,-21.54332330465317,0.5185356195304526,62.664114964008334,0.6666147593782307,0.8144594084982505,0.9583333333333334,0.45,2.6795727109909055,0.6166666666666667,1.8234022402043157,0.5568526340007782,3.054792638277791,3.2156921487867742,0.1471547765018796,10.830959156751632,10.255003869684273,11.328901839995144,0.07163156872902979,12.36781949818295,0.7017286522388458,0.8219386423027313,1.098929160256172,0.7017286522388458,0.0,0.5185356195304526,0.6666147593782307,0.8144594084982505,2.6795727109909055,0.6166666666666667,1.8234022402043157,0.5568526340007782,3.054792638277791,3.2156921487867742,0.1471547765018796,10.830959156751632,10.255003869684273,11.328901839995144,0.07163156872902979,0.9583333333333334,0.45,1.050125,19.877921101673707,20.00888595736797,Wh,20.00888595736797,Wh
169,a58093a4bfbf74ad013c4f81a123a1f0,RollingRegression,"{""regression_model"": {""model"": ""PoissonRegresssion"", ""model_params"": {}}, ""holiday"": false, ""mean_rolling_periods"": null, ""macd_periods"": null, ""std_rolling_periods"": 30, ""max_rolling_periods"": 420, ""min_rolling_periods"": 12, ""ewm_var_alpha"": null, ""quantile90_rolling_periods"": null, ""quantile10_rolling_periods"": null, ""ewm_alpha"": 0.1, ""additional_lag_periods"": 59, ""abs_energy"": false, ""rolling_autocorr_periods"": null, ""nonzero_last_n"": null, ""add_date_part"": null, ""polynomial_degree"": null, ""x_transform"": null, ""regression_type"": null}","{""fillna"": ""ffill"", ""transformations"": {""0"": ""Scaler"", ""1"": ""Scaler""}, ""transformation_params"": {""0"": {}, ""1"": {}}}",0,4,12.330675414326008,0.6939776354036555,0.8520816320336742,1.0375120916177125,0.6939776354036555,0.0,-6.329092077445289,0.47934355048640365,76.94822417099337,0.686468983901457,0.7839418888259089,0.975,0.5166666666666666,1.946691806360608,0.44166666666666665,1.915928518160559,0.5405712079313014,2.7121625513593504,2.8246513530533544,0.025383293075655372,17.654783023387022,18.98741111097374,14.356163599983802,0.11007218276862753,12.330675414326008,0.6939776354036555,0.8520816320336742,1.0375120916177125,0.6939776354036555,0.0,0.47934355048640365,0.686468983901457,0.7839418888259089,1.946691806360608,0.44166666666666665,1.915928518160559,0.5405712079313014,2.7121625513593504,2.8246513530533544,0.025383293075655372,17.654783023387022,18.98741111097374,14.356163599983802,0.11007218276862753,0.975,0.5166666666666666,0.2208,19.803766755879906,19.372703925614267,Wh,19.372703925614267,Wh
170,73cc0de320ec2213d8f33109bc692c7c,WindowRegression,"{""window_size"": 20, ""input_dim"": ""univariate"", ""output_dim"": ""forecast_length"", ""normalize_window"": false, ""max_windows"": 5000000, ""fourier_encoding_components"": null, ""scale"": true, ""datepart_method"": null, ""regression_type"": null, ""regression_model"": {""model"": ""SVM"", ""model_params"": {""C"": 0.1, ""tol"": 0.01, ""epsilon"": 0.05, ""loss"": ""squared_epsilon_insensitive"", ""max_iter"": 200}}}","{""fillna"": ""ffill"", ""transformations"": {""0"": ""Scaler""}, ""transformation_params"": {""0"": {}}}",0,4,13.537794521786546,0.7372382187702383,0.858971219974778,1.1397456136167947,0.7372382187702383,0.0,-58.314121348763805,0.6645781042379526,30.154464903664774,0.5915183307027512,0.6155664192696949,0.8916666666666666,0.55,1.8317620483728518,0.6,1.812429235342388,0.5991817631612443,3.105753102429256,2.7019744202457137,0.36130877202477363,17.392692697118267,16.12025144766539,6.182631802728267,0.10614680863385542,13.537794521786546,0.7372382187702383,0.858971219974778,1.1397456136167947,0.7372382187702383,0.0,0.6645781042379526,0.5915183307027512,0.6155664192696949,1.8317620483728518,0.6,1.812429235342388,0.5991817631612443,3.105753102429256,2.7019744202457137,0.36130877202477363,17.392692697118267,16.12025144766539,6.182631802728267,0.10614680863385542,0.8916666666666666,0.55,0.711525,19.659039015822383,12.328454782769823,Wh,12.328454782769823,Wh
171,65b38ecaa7299ed55276a61cf15011e3,RollingRegression,"{""regression_model"": {""model"": ""ExtraTrees"", ""model_params"": {""n_estimators"": 100, ""min_samples_leaf"": 1, ""min_samples_split"": 2, ""max_depth"": null, ""criterion"": ""squared_error"", ""max_features"": 1}}, ""holiday"": false, ""mean_rolling_periods"": 5, ""macd_periods"": 52, ""std_rolling_periods"": 10, ""max_rolling_periods"": 364, ""min_rolling_periods"": null, ""ewm_var_alpha"": null, ""quantile90_rolling_periods"": null, ""quantile10_rolling_periods"": null, ""ewm_alpha"": 0.5, ""additional_lag_periods"": 2, ""abs_energy"": false, ""rolling_autocorr_periods"": null, ""nonzero_last_n"": null, ""add_date_part"": ""recurring"", ""polynomial_degree"": null, ""x_transform"": null, ""regression_type"": null}","{""fillna"": ""ffill"", ""transformations"": {""0"": ""Scaler""}, ""transformation_params"": {""0"": {}}}",0,4,12.154848228373355,0.6892492660085361,0.8083008561641191,1.0958493025402918,0.6892492660085361,0.0,-21.410819625854494,0.51032518770172,61.29909229516983,0.6546139197457762,0.8123101671995948,0.9583333333333334,0.4666666666666667,2.623796467781067,0.6,1.8133473190629021,0.5497979845762252,3.0492980956865434,2.795970527661681,0.11967018942865217,9.972068167328834,10.056264328847913,11.914166840772195,0.06644999221598319,12.154848228373355,0.6892492660085361,0.8083008561641191,1.0958493025402918,0.6892492660085361,0.0,0.51032518770172,0.6546139197457762,0.8123101671995948,2.623796467781067,0.6,1.8133473190629021,0.5497979845762252,3.0492980956865434,2.795970527661681,0.11967018942865217,9.972068167328834,10.056264328847913,11.914166840772195,0.06644999221598319,0.9583333333333334,0.4666666666666667,1.08725,19.61604793901401,19.703257096412504,Wh,19.703257096412504,Wh
172,a2ab5aec8472b49cca13e338a1e15826,RollingRegression,"{""regression_model"": {""model"": ""ExtraTrees"", ""model_params"": {""n_estimators"": 100, ""min_samples_leaf"": 1, ""min_samples_split"": 2, ""max_depth"": null, ""criterion"": ""squared_error"", ""max_features"": 1}}, ""holiday"": false, ""mean_rolling_periods"": 5, ""macd_periods"": null, ""std_rolling_periods"": null, ""max_rolling_periods"": 10, ""min_rolling_periods"": 12, ""ewm_var_alpha"": null, ""quantile90_rolling_periods"": null, ""quantile10_rolling_periods"": null, ""ewm_alpha"": null, ""additional_lag_periods"": 2, ""abs_energy"": false, ""rolling_autocorr_periods"": null, ""nonzero_last_n"": null, ""add_date_part"": ""recurring"", ""polynomial_degree"": null, ""x_transform"": null, ""regression_type"": null}","{""fillna"": ""ffill"", ""transformations"": {""0"": ""Scaler"", ""1"": ""Scaler""}, ""transformation_params"": {""0"": {}, ""1"": {}}}",0,4,12.201553904660592,0.6902213191191355,0.8078729533105491,1.0887066040969968,0.6902213191191355,0.0,-21.43252148151398,0.5121092750098806,61.39403681278229,0.6557817811904271,0.8053847906536361,0.9666666666666667,0.5166666666666666,2.425624194145203,0.575,1.8246068309147143,0.5474356521606445,3.0021112086694903,2.8244765026155694,0.13612912732545493,11.20243535041809,10.412788901927815,11.58213917385826,0.07368796472983065,12.201553904660592,0.6902213191191355,0.8078729533105491,1.0887066040969968,0.6902213191191355,0.0,0.5121092750098806,0.6557817811904271,0.8053847906536361,2.425624194145203,0.575,1.8246068309147143,0.5474356521606445,3.0021112086694903,2.8244765026155694,0.13612912732545493,11.20243535041809,10.412788901927815,11.58213917385826,0.07368796472983065,0.9666666666666667,0.5166666666666666,1.0774000000000001,19.60471298021883,19.67233099783203,Wh,19.67233099783203,Wh
173,29d00d9f9c3ca4c2427d1c363b6d9e98,RollingRegression,"{""regression_model"": {""model"": ""HistGradientBoost"", ""model_params"": {""loss"": ""squared_error"", ""learning_rate"": 1, ""max_depth"": null, ""min_samples_leaf"": 20, ""max_iter"": 250, ""l2_regularization"": 0}}, ""holiday"": false, ""mean_rolling_periods"": 30, ""macd_periods"": null, ""std_rolling_periods"": null, ""max_rolling_periods"": null, ""min_rolling_periods"": null, ""ewm_var_alpha"": null, ""quantile90_rolling_periods"": null, ""quantile10_rolling_periods"": null, ""ewm_alpha"": 0.2, ""additional_lag_periods"": 59, ""abs_energy"": false, ""rolling_autocorr_periods"": null, ""nonzero_last_n"": null, ""add_date_part"": null, ""polynomial_degree"": null, ""x_transform"": null, ""regression_type"": null}","{""fillna"": ""ffill"", ""transformations"": {""0"": ""Scaler"", ""1"": ""Scaler""}, ""transformation_params"": {""0"": {}, ""1"": {}}}",0,1,12.092793276811058,0.6366247499576384,0.7833870673628355,1.5206677143462257,0.6366247499576384,0.0,-15.33284275071043,0.6130770513994638,3.76589974801872,0.4802205228642063,0.8499526233907059,1.0,0.5,2.009303064946259,0.4666666666666667,1.8598551294620116,0.4898729811320976,2.8198990517113702,2.2402928842667658,0.5704303389089769,11.566943002691712,7.986198446821596,1.3927252105804424,0.0716438572771877,12.092793276811058,0.6366247499576384,0.7833870673628355,1.5206677143462257,0.6366247499576384,0.0,0.6130770513994638,0.4802205228642063,0.8499526233907059,2.009303064946259,0.4666666666666667,1.8598551294620116,0.4898729811320976,2.8198990517113702,2.2402928842667658,0.5704303389089769,11.566943002691712,7.986198446821596,1.3927252105804424,0.0716438572771877,1.0,0.5,0.6674,19.49845630769414,9.721323695505713,Wh,9.721323695505713,Wh
174,69dafeaa50cb17f0a2543b6d1a5509b2,DatepartRegression,"{""regression_model"": {""model"": ""Adaboost"", ""model_params"": {""n_estimators"": 50, ""loss"": ""linear"", ""estimator"": null, ""learning_rate"": 1, ""max_depth"": 3}}, ""datepart_method"": ""recurring"", ""polynomial_degree"": 2, ""holiday_countries_used"": false, ""lags"": null, ""forward_lags"": null, ""regression_type"": null}","{""fillna"": ""ffill"", ""transformations"": {""0"": ""Scaler""}, ""transformation_params"": {""0"": {}}}",0,4,11.994629431011797,0.674257911751134,0.809377878374058,1.1324778716476702,0.674257911751134,0.0,-17.41449302050238,0.49985141991086335,63.49645638963369,0.6456851862632343,0.8015148433190974,0.9833333333333334,0.475,2.841512903571129,0.6083333333333333,1.783497363046213,0.5216399942766453,2.810213399214564,2.8249916044318732,0.23268414236214058,13.406103035637901,12.861602607697673,10.703831428353089,0.08500064646901274,11.994629431011797,0.674257911751134,0.809377878374058,1.1324778716476702,0.674257911751134,0.0,0.49985141991086335,0.6456851862632343,0.8015148433190974,2.841512903571129,0.6083333333333333,1.783497363046213,0.5216399942766453,2.810213399214564,2.8249916044318732,0.23268414236214058,13.406103035637901,12.861602607697673,10.703831428353089,0.08500064646901274,0.9833333333333334,0.475,0.12819999999999998,19.403963403975386,17.536574304702576,Wh,17.536574304702576,Wh
175,54a5d5d0e94ccfbc4f75a23c08cd561a,DatepartRegression,"{""regression_model"": {""model"": ""Adaboost"", ""model_params"": {""n_estimators"": 50, ""loss"": ""linear"", ""estimator"": null, ""learning_rate"": 1, ""max_depth"": 3}}, ""datepart_method"": ""recurring"", ""polynomial_degree"": 2, ""holiday_countries_used"": false, ""lags"": null, ""forward_lags"": null, ""regression_type"": null}","{""fillna"": ""linear"", ""transformations"": {""0"": ""Scaler""}, ""transformation_params"": {""0"": {}}}",0,4,11.994629431011797,0.674257911751134,0.809377878374058,1.1324778716476702,0.674257911751134,0.0,-17.41449302050238,0.49985141991086335,63.49645638963369,0.6456851862632343,0.8015148433190974,0.9833333333333334,0.475,2.841512903571129,0.6083333333333333,1.783497363046213,0.5216399942766453,2.810213399214564,2.8249916044318732,0.23268414236214058,13.406103035637901,12.861602607697673,10.703831428353089,0.08500064646901274,11.994629431011797,0.674257911751134,0.809377878374058,1.1324778716476702,0.674257911751134,0.0,0.49985141991086335,0.6456851862632343,0.8015148433190974,2.841512903571129,0.6083333333333333,1.783497363046213,0.5216399942766453,2.810213399214564,2.8249916044318732,0.23268414236214058,13.406103035637901,12.861602607697673,10.703831428353089,0.08500064646901274,0.9833333333333334,0.475,0.12667499999999998,19.40396318232894,17.536574304702576,Wh,17.536574304702576,Wh
176,66cb91eb779bd055dce627b22895a887,RollingRegression,"{""regression_model"": {""model"": ""ExtraTrees"", ""model_params"": {""n_estimators"": 100, ""min_samples_leaf"": 1, ""min_samples_split"": 2, ""max_depth"": null, ""criterion"": ""squared_error"", ""max_features"": 1}}, ""holiday"": false, ""mean_rolling_periods"": 5, ""macd_periods"": 24, ""std_rolling_periods"": 10, ""max_rolling_periods"": 364, ""min_rolling_periods"": null, ""ewm_var_alpha"": null, ""quantile90_rolling_periods"": null, ""quantile10_rolling_periods"": null, ""ewm_alpha"": null, ""additional_lag_periods"": 83, ""abs_energy"": false, ""rolling_autocorr_periods"": 7, ""nonzero_last_n"": null, ""add_date_part"": ""recurring"", ""polynomial_degree"": null, ""x_transform"": null, ""regression_type"": null}","{""fillna"": ""ffill"", ""transformations"": {""0"": ""Scaler""}, ""transformation_params"": {""0"": {}}}",0,4,11.962235831754871,0.6754095710515976,0.7964409716206098,1.0912464615165482,0.6754095710515976,0.0,-19.409170916080477,0.4995503869566952,61.63997761011123,0.644583059642488,0.8033678034143037,0.9666666666666667,0.4916666666666667,2.6387886953353883,0.6166666666666667,1.7915700551118152,0.5370883877515794,2.928192990407427,2.824124976564258,0.15294409172436937,10.769911785125732,11.194079652725351,12.017264688341792,0.0711081986229433,11.962235831754871,0.6754095710515976,0.7964409716206098,1.0912464615165482,0.6754095710515976,0.0,0.4995503869566952,0.644583059642488,0.8033678034143037,2.6387886953353883,0.6166666666666667,1.7915700551118152,0.5370883877515794,2.928192990407427,2.824124976564258,0.15294409172436937,10.769911785125732,11.194079652725351,12.017264688341792,0.0711081986229433,0.9666666666666667,0.4916666666666667,3.100525,19.334425334522585,18.932279264463475,Wh,18.932279264463475,Wh
177,b98fc6f51ed9696e0d7474fa7e0c3a1c,RollingRegression,"{""regression_model"": {""model"": ""HistGradientBoost"", ""model_params"": {""loss"": ""squared_error"", ""learning_rate"": 1, ""max_depth"": 20, ""min_samples_leaf"": 20, ""max_iter"": 100, ""l2_regularization"": 0}}, ""holiday"": false, ""mean_rolling_periods"": null, ""macd_periods"": null, ""std_rolling_periods"": null, ""max_rolling_periods"": 420, ""min_rolling_periods"": null, ""ewm_var_alpha"": null, ""quantile90_rolling_periods"": null, ""quantile10_rolling_periods"": null, ""ewm_alpha"": null, ""additional_lag_periods"": 2, ""abs_energy"": false, ""rolling_autocorr_periods"": null, ""nonzero_last_n"": null, ""add_date_part"": ""expanded"", ""polynomial_degree"": null, ""x_transform"": null, ""regression_type"": null}","{""fillna"": ""ffill"", ""transformations"": {""0"": ""Scaler"", ""1"": ""Scaler"", ""2"": ""Scaler""}, ""transformation_params"": {""0"": {}, ""1"": {}, ""2"": {}}}",0,1,11.826897282807034,0.6216941043842845,0.7529901942295609,1.3992069998918306,0.6216941043842845,0.0,-15.928219703368718,0.6049383783872083,2.72260342815982,0.4675381274459329,0.8499526233907059,1.0,0.5333333333333333,1.8326481783532644,0.5,1.8075373666242562,0.4874647715300503,2.7806499702086964,3.4408926785470397,0.4233185045340059,13.2056162752089,11.849552733729855,5.850661787650188,0.08179354626872534,11.826897282807034,0.6216941043842845,0.7529901942295609,1.3992069998918306,0.6216941043842845,0.0,0.6049383783872083,0.4675381274459329,0.8499526233907059,1.8326481783532644,0.5,1.8075373666242562,0.4874647715300503,2.7806499702086964,3.4408926785470397,0.4233185045340059,13.2056162752089,11.849552733729855,5.850661787650188,0.08179354626872534,1.0,0.5333333333333333,0.7995,19.170427897568008,9.493331242163142,Wh,9.493331242163142,Wh
178,449e8eb2ea1e6f3019cc2a952f36e8b3,RollingRegression,"{""regression_model"": {""model"": ""ExtraTrees"", ""model_params"": {""n_estimators"": 100, ""min_samples_leaf"": 1, ""min_samples_split"": 2, ""max_depth"": null, ""criterion"": ""squared_error"", ""max_features"": 1}}, ""holiday"": false, ""mean_rolling_periods"": null, ""macd_periods"": null, ""std_rolling_periods"": 10, ""max_rolling_periods"": 420, ""min_rolling_periods"": 12, ""ewm_var_alpha"": null, ""quantile90_rolling_periods"": null, ""quantile10_rolling_periods"": null, ""ewm_alpha"": 0.2, ""additional_lag_periods"": 59, ""abs_energy"": false, ""rolling_autocorr_periods"": null, ""nonzero_last_n"": null, ""add_date_part"": ""recurring"", ""polynomial_degree"": null, ""x_transform"": null, ""regression_type"": null}","{""fillna"": ""ffill"", ""transformations"": {""0"": ""Scaler"", ""1"": ""Scaler""}, ""transformation_params"": {""0"": {}, ""1"": {}}}",0,4,11.802592644060196,0.6658067044814427,0.7884898780070255,1.075511303533567,0.6658067044814427,0.0,-19.85444641590118,0.49618962717625315,60.04235812187194,0.6344830666983892,0.800752686014619,0.9666666666666667,0.4583333333333333,2.5295573902130126,0.625,1.781268887799362,0.5244392366409302,2.8742783252476842,2.8317959330345706,0.11760915728329253,10.046977926492692,9.99491851496722,12.139944918667531,0.0662002831632604,11.802592644060196,0.6658067044814427,0.7884898780070255,1.075511303533567,0.6658067044814427,0.0,0.49618962717625315,0.6344830666983892,0.800752686014619,2.5295573902130126,0.625,1.781268887799362,0.5244392366409302,2.8742783252476842,2.8317959330345706,0.11760915728329253,10.046977926492692,9.99491851496722,12.139944918667531,0.0662002831632604,0.9666666666666667,0.4583333333333333,1.050025,19.12948437885446,18.3393842594868,Wh,18.3393842594868,Wh
179,038fa0a7ae31cbd6e704c869ae73e494,ARIMA,"{""p"": 7, ""d"": 0, ""q"": 0, ""regression_type"": ""Holiday""}","{""fillna"": ""ffill"", ""transformations"": {""0"": null}, ""transformation_params"": {""0"": {}}}",0,4,10.714266622805376,0.5903253099411401,0.7044829536448591,1.088221317549227,0.5903253099411401,0.0,-32.55617110012973,0.49985899470556183,38.28286609280707,0.5237963806997347,0.9863673181156987,1.0,0.5,1.5710351364826387,0.6916666666666667,1.6398754379879519,0.46437430172313465,2.2821671016176683,2.4580736215149073,0.14238784519529568,9.628500733203548,9.953680083568008,11.439543286392901,0.06170624274338257,10.714266622805376,0.5903253099411401,0.7044829536448591,1.088221317549227,0.5903253099411401,0.0,0.49985899470556183,0.5237963806997347,0.9863673181156987,1.5710351364826387,0.6916666666666667,1.6398754379879519,0.46437430172313465,2.2821671016176683,2.4580736215149073,0.14238784519529568,9.628500733203548,9.953680083568008,11.439543286392901,0.06170624274338257,1.0,0.5,0.550225,19.003595805187135,11.457099619677567,Wh,11.457099619677567,Wh
180,32843466c5f2f0a8452bb1e91e044a08,RollingRegression,"{""regression_model"": {""model"": ""ExtraTrees"", ""model_params"": {""n_estimators"": 100, ""min_samples_leaf"": 1, ""min_samples_split"": 2, ""max_depth"": null, ""criterion"": ""squared_error"", ""max_features"": 1}}, ""holiday"": false, ""mean_rolling_periods"": null, ""macd_periods"": null, ""std_rolling_periods"": 10, ""max_rolling_periods"": 420, ""min_rolling_periods"": 12, ""ewm_var_alpha"": null, ""quantile90_rolling_periods"": null, ""quantile10_rolling_periods"": null, ""ewm_alpha"": null, ""additional_lag_periods"": 59, ""abs_energy"": false, ""rolling_autocorr_periods"": null, ""nonzero_last_n"": null, ""add_date_part"": ""recurring"", ""polynomial_degree"": null, ""x_transform"": null, ""regression_type"": null}","{""fillna"": ""ffill"", ""transformations"": {""0"": ""Scaler""}, ""transformation_params"": {""0"": {}}}",0,4,11.553846629041047,0.6530004713932673,0.790462494405039,1.0668168705218668,0.6530004713932673,0.0,-17.763959836959838,0.48013579254432426,60.59609673023224,0.6253915290367988,0.8069814555286496,0.9583333333333334,0.55,2.5670651054382327,0.6416666666666666,1.7728642006571393,0.5057152595996857,2.8602163985215867,2.795459720513793,0.1338068500137237,10.727458177804944,10.523317520342781,11.77294490738091,0.0706400413062204,11.553846629041047,0.6530004713932673,0.790462494405039,1.0668168705218668,0.6530004713932673,0.0,0.48013579254432426,0.6253915290367988,0.8069814555286496,2.5670651054382327,0.6416666666666666,1.7728642006571393,0.5057152595996857,2.8602163985215867,2.795459720513793,0.1338068500137237,10.727458177804944,10.523317520342781,11.77294490738091,0.0706400413062204,0.9583333333333334,0.55,1.0504,18.9637787424265,18.16197801202405,Wh,18.16197801202405,Wh
181,1b7a622f2e50fc32ae3aff73cb154731,RollingRegression,"{""regression_model"": {""model"": ""ExtraTrees"", ""model_params"": {""n_estimators"": 100, ""min_samples_leaf"": 1, ""min_samples_split"": 2, ""max_depth"": null, ""criterion"": ""squared_error"", ""max_features"": 1}}, ""holiday"": false, ""mean_rolling_periods"": 5, ""macd_periods"": 52, ""std_rolling_periods"": 10, ""max_rolling_periods"": 10, ""min_rolling_periods"": null, ""ewm_var_alpha"": null, ""quantile90_rolling_periods"": null, ""quantile10_rolling_periods"": null, ""ewm_alpha"": 0.5, ""additional_lag_periods"": 2, ""abs_energy"": false, ""rolling_autocorr_periods"": null, ""nonzero_last_n"": null, ""add_date_part"": ""recurring"", ""polynomial_degree"": null, ""x_transform"": null, ""regression_type"": null}","{""fillna"": ""ffill_mean_biased"", ""transformations"": {""0"": ""Scaler"", ""1"": ""Scaler"", ""2"": ""Scaler""}, ""transformation_params"": {""0"": {}, ""1"": {}, ""2"": {}}}",0,4,11.707471061920879,0.6581818506519,0.7699727404805795,1.0878872354051499,0.6581818506519,0.0,-20.650346870422364,0.4951515723866509,58.33147520780564,0.6258184798548708,0.7960312390658624,0.975,0.5166666666666666,2.497275319099426,0.6166666666666667,1.7626971328618586,0.524149895119667,2.838785670559525,2.4609275403090014,0.1217867403873942,9.94415333211422,9.718099777102724,12.037069680228132,0.06567053338313289,11.707471061920879,0.6581818506519,0.7699727404805795,1.0878872354051499,0.6581818506519,0.0,0.4951515723866509,0.6258184798548708,0.7960312390658624,2.497275319099426,0.6166666666666667,1.7626971328618586,0.524149895119667,2.838785670559525,2.4609275403090014,0.1217867403873942,9.94415333211422,9.718099777102724,12.037069680228132,0.06567053338313289,0.975,0.5166666666666666,1.080625,18.92887937744509,18.297153681188483,Wh,18.297153681188483,Wh
182,36633153c1898b7566c44f34cfd271ac,RollingRegression,"{""regression_model"": {""model"": ""ExtraTrees"", ""model_params"": {""n_estimators"": 100, ""min_samples_leaf"": 1, ""min_samples_split"": 2, ""max_depth"": null, ""criterion"": ""squared_error"", ""max_features"": 1}}, ""holiday"": false, ""mean_rolling_periods"": 5, ""macd_periods"": 52, ""std_rolling_periods"": 10, ""max_rolling_periods"": 10, ""min_rolling_periods"": null, ""ewm_var_alpha"": null, ""quantile90_rolling_periods"": null, ""quantile10_rolling_periods"": null, ""ewm_alpha"": 0.5, ""additional_lag_periods"": 2, ""abs_energy"": false, ""rolling_autocorr_periods"": null, ""nonzero_last_n"": null, ""add_date_part"": ""recurring"", ""polynomial_degree"": null, ""x_transform"": null, ""regression_type"": null}","{""fillna"": ""ffill"", ""transformations"": {""0"": ""Scaler"", ""1"": ""Scaler"", ""2"": ""Scaler""}, ""transformation_params"": {""0"": {}, ""1"": {}, ""2"": {}}}",0,4,11.707471061920879,0.6581818506519,0.7699727404805795,1.0878872354051499,0.6581818506519,0.0,-20.650346870422364,0.4951515723866509,58.33147520780564,0.6258184798548708,0.7960312390658624,0.975,0.5166666666666666,2.497275319099426,0.6166666666666667,1.7626971328618586,0.524149895119667,2.838785670559525,2.4609275403090014,0.1217867403873942,9.94415333211422,9.718099777102724,12.037069680228132,0.06567053338313289,11.707471061920879,0.6581818506519,0.7699727404805795,1.0878872354051499,0.6581818506519,0.0,0.4951515723866509,0.6258184798548708,0.7960312390658624,2.497275319099426,0.6166666666666667,1.7626971328618586,0.524149895119667,2.838785670559525,2.4609275403090014,0.1217867403873942,9.94415333211422,9.718099777102724,12.037069680228132,0.06567053338313289,0.975,0.5166666666666666,1.07485,18.92887853809544,18.297153681188483,Wh,18.297153681188483,Wh
183,be5f42b96c40ed2487c2b79946f5d5a6,ARIMA,"{""p"": 4, ""d"": 3, ""q"": 7, ""regression_type"": null}","{""fillna"": ""ffill"", ""transformations"": {""0"": ""Scaler"", ""1"": ""Scaler""}, ""transformation_params"": {""0"": {}, ""1"": {}}}",0,1,12.394569028079433,0.653632900771013,0.7789796135788905,1.3461626721655204,0.653632900771013,0.0,-16.87215865375166,0.6386031473520338,2.736828369378723,0.48570140428277975,0.6998337449822724,1.0,0.3333333333333333,1.5225563022671542,0.5,1.8422681177604536,0.5091284204548759,2.89471152779098,2.0253959416318414,0.4148958613342848,14.13533028437294,9.894177224972273,5.655217091277251,0.08755205115334785,12.394569028079433,0.653632900771013,0.7789796135788905,1.3461626721655204,0.653632900771013,0.0,0.6386031473520338,0.48570140428277975,0.6998337449822724,1.5225563022671542,0.5,1.8422681177604536,0.5091284204548759,2.89471152779098,2.0253959416318414,0.4148958613342848,14.13533028437294,9.894177224972273,5.655217091277251,0.08755205115334785,1.0,0.3333333333333333,2.9081,18.762195066196387,9.981039861944097,Wh,9.981039861944097,Wh
184,acfeb2e109a1a9add50f501800fa3528,RollingRegression,"{""regression_model"": {""model"": ""ExtraTrees"", ""model_params"": {""n_estimators"": 100, ""min_samples_leaf"": 1, ""min_samples_split"": 2, ""max_depth"": null, ""criterion"": ""squared_error"", ""max_features"": 1}}, ""holiday"": false, ""mean_rolling_periods"": 5, ""macd_periods"": 24, ""std_rolling_periods"": 7, ""max_rolling_periods"": 364, ""min_rolling_periods"": null, ""ewm_var_alpha"": null, ""quantile90_rolling_periods"": null, ""quantile10_rolling_periods"": null, ""ewm_alpha"": 0.5, ""additional_lag_periods"": 83, ""abs_energy"": false, ""rolling_autocorr_periods"": 7, ""nonzero_last_n"": null, ""add_date_part"": null, ""polynomial_degree"": null, ""x_transform"": null, ""regression_type"": null}","{""fillna"": ""ffill"", ""transformations"": {""0"": ""Scaler""}, ""transformation_params"": {""0"": {}}}",0,4,11.579418448197789,0.6470438698331515,0.751691486404024,1.0660335674775303,0.6470438698331515,0.0,-17.629525451660157,0.4890669699375692,60.01573892831803,0.6207240438981967,0.7809309418812274,1.0,0.4666666666666667,1.8294379520416264,0.6583333333333333,1.6894379466238187,0.5253691074371338,2.522473832594763,2.3644100097386387,0.14017344656976843,10.59655336916447,11.532429601772481,11.850856313262877,0.06859585211227191,11.579418448197789,0.6470438698331515,0.751691486404024,1.0660335674775303,0.6470438698331515,0.0,0.4890669699375692,0.6207240438981967,0.7809309418812274,1.8294379520416264,0.6583333333333333,1.6894379466238187,0.5253691074371338,2.522473832594763,2.3644100097386387,0.14017344656976843,10.59655336916447,11.532429601772481,11.850856313262877,0.06859585211227191,1.0,0.4666666666666667,3.1374250000000004,18.641315792715986,16.818952251429884,Wh,16.818952251429884,Wh
185,54df6dceeeacd214d570c2d8889cfa03,DatepartRegression,"{""regression_model"": {""model"": ""DecisionTree"", ""model_params"": {""max_depth"": null, ""min_samples_split"": 1.0}}, ""datepart_method"": ""common_fourier_rw"", ""polynomial_degree"": null, ""holiday_countries_used"": false, ""lags"": 2, ""forward_lags"": null, ""regression_type"": null}","{""fillna"": ""ffill"", ""transformations"": {""0"": ""Scaler""}, ""transformation_params"": {""0"": {}}}",0,4,11.366955919222235,0.6315352895407158,0.7384278710943389,1.037186080360479,0.6315352895407158,0.0,-18.26439933608016,0.48425370378997273,57.519835408805726,0.6021502489483808,0.7809309418812274,1.0,0.5166666666666666,1.6606767817359902,0.6916666666666667,1.6594274759407264,0.5169510421278948,2.374400775945754,2.1180789250653227,0.008524961850597925,10.550205603391804,12.99442128935758,14.641934051982492,0.06888755835027,11.366955919222235,0.6315352895407158,0.7384278710943389,1.037186080360479,0.6315352895407158,0.0,0.48425370378997273,0.6021502489483808,0.7809309418812274,1.6606767817359902,0.6916666666666667,1.6594274759407264,0.5169510421278948,2.374400775945754,2.1180789250653227,0.008524961850597925,10.550205603391804,12.99442128935758,14.641934051982492,0.06888755835027,1.0,0.5166666666666666,0.063875,18.39401824578412,15.287908408285478,Wh,15.287908408285478,Wh
186,2a7b37eaa9ce9329b139a8e968669ea5,RollingRegression,"{""regression_model"": {""model"": ""DecisionTree"", ""model_params"": {""max_depth"": 3, ""min_samples_split"": 2}}, ""holiday"": false, ""mean_rolling_periods"": 7, ""macd_periods"": null, ""std_rolling_periods"": null, ""max_rolling_periods"": 420, ""min_rolling_periods"": null, ""ewm_var_alpha"": null, ""quantile90_rolling_periods"": null, ""quantile10_rolling_periods"": null, ""ewm_alpha"": null, ""additional_lag_periods"": 27, ""abs_energy"": false, ""rolling_autocorr_periods"": null, ""nonzero_last_n"": null, ""add_date_part"": ""recurring"", ""polynomial_degree"": null, ""x_transform"": null, ""regression_type"": null}","{""fillna"": ""ffill"", ""transformations"": {""0"": ""Scaler""}, ""transformation_params"": {""0"": {}}}",0,1,10.956049571433448,0.5827482330799102,0.7006282802730135,1.1822250763316595,0.5827482330799102,0.0,-14.732603800296785,0.5683573031405237,2.749843192100524,0.4452485545403595,0.8499526233907059,1.0,0.4666666666666667,1.600310504436493,0.5,1.7782861507964989,0.44186618423461915,2.5620660568228937,1.8170500159264313,0.06609068193782171,11.98276060819626,9.280282615521541,14.023787957585117,0.0742193672606965,10.956049571433448,0.5827482330799102,0.7006282802730135,1.1822250763316595,0.5827482330799102,0.0,0.5683573031405237,0.4452485545403595,0.8499526233907059,1.600310504436493,0.5,1.7782861507964989,0.44186618423461915,2.5620660568228937,1.8170500159264313,0.06609068193782171,11.98276060819626,9.280282615521541,14.023787957585117,0.0742193672606965,1.0,0.4666666666666667,0.2014,18.201187167323702,8.898623886568622,Wh,8.898623886568622,Wh
187,2ad4bef1ac409331f89c54c3144546e8,WindowRegression,"{""window_size"": 20, ""input_dim"": ""univariate"", ""output_dim"": ""1step"", ""normalize_window"": false, ""max_windows"": 5000000, ""fourier_encoding_components"": null, ""scale"": true, ""datepart_method"": null, ""regression_type"": null, ""regression_model"": {""model"": ""KNN"", ""model_params"": {""n_neighbors"": 14, ""weights"": ""uniform"", ""p"": 2, ""leaf_size"": 10}}}","{""fillna"": ""pchip"", ""transformations"": {""0"": ""Scaler"", ""1"": ""Scaler""}, ""transformation_params"": {""0"": {}, ""1"": {}}}",0,4,11.587735200492048,0.6456442395846049,0.7394874953612192,1.035606035572579,0.6456442395846049,0.0,-21.819300651550293,0.49882996338039304,55.658008098602295,0.6091140818741265,0.7228966899799043,0.8,0.5666666666666667,1.7093772888183594,0.5916666666666667,1.7399991427550865,0.5348342084884643,2.5311877928901287,2.4824917857055286,0.09993712882548786,10.395212054252625,11.191932367251104,12.53418570142929,0.06814907069306202,11.587735200492048,0.6456442395846049,0.7394874953612192,1.035606035572579,0.6456442395846049,0.0,0.49882996338039304,0.6091140818741265,0.7228966899799043,1.7093772888183594,0.5916666666666667,1.7399991427550865,0.5348342084884643,2.5311877928901287,2.4824917857055286,0.09993712882548786,10.395212054252625,11.191932367251104,12.53418570142929,0.06814907069306202,0.8,0.5666666666666667,0.5395000000000001,18.200580192342084,17.50975009064389,Wh,17.50975009064389,Wh
188,5bd68c1c196a4a09df5767fe101dc0c0,WindowRegression,"{""window_size"": 20, ""input_dim"": ""univariate"", ""output_dim"": ""1step"", ""normalize_window"": false, ""max_windows"": 5000000, ""fourier_encoding_components"": null, ""scale"": true, ""datepart_method"": null, ""regression_type"": null, ""regression_model"": {""model"": ""KNN"", ""model_params"": {""n_neighbors"": 14, ""weights"": ""uniform"", ""p"": 2, ""leaf_size"": 10}}}","{""fillna"": ""ffill"", ""transformations"": {""0"": ""Scaler""}, ""transformation_params"": {""0"": {}}}",0,4,11.587735200492048,0.6456442395846049,0.7394874953612192,1.035606035572579,0.6456442395846049,0.0,-21.819300651550293,0.49882996338039304,55.658008098602295,0.6091140818741265,0.7228966899799043,0.8,0.5666666666666667,1.7093772888183594,0.5916666666666667,1.7399991427550865,0.5348342084884643,2.5311877928901287,2.4824917857055286,0.09993712882548786,10.395212054252625,11.191932367251104,12.53418570142929,0.06814907069306202,11.587735200492048,0.6456442395846049,0.7394874953612192,1.035606035572579,0.6456442395846049,0.0,0.49882996338039304,0.6091140818741265,0.7228966899799043,1.7093772888183594,0.5916666666666667,1.7399991427550865,0.5348342084884643,2.5311877928901287,2.4824917857055286,0.09993712882548786,10.395212054252625,11.191932367251104,12.53418570142929,0.06814907069306202,0.8,0.5666666666666667,0.538975,18.20058011603757,17.50975009064389,Wh,17.50975009064389,Wh
189,e07082d75fc80eea5b9ca61e20578697,WindowRegression,"{""window_size"": 20, ""input_dim"": ""univariate"", ""output_dim"": ""1step"", ""normalize_window"": false, ""max_windows"": 5000000, ""fourier_encoding_components"": null, ""scale"": true, ""datepart_method"": null, ""regression_type"": null, ""regression_model"": {""model"": ""KNN"", ""model_params"": {""n_neighbors"": 14, ""weights"": ""uniform"", ""p"": 2, ""leaf_size"": 10}}}","{""fillna"": ""pchip"", ""transformations"": {""0"": ""Scaler""}, ""transformation_params"": {""0"": {}}}",0,4,11.587735200492048,0.6456442395846049,0.7394874953612192,1.035606035572579,0.6456442395846049,0.0,-21.819300651550293,0.49882996338039304,55.658008098602295,0.6091140818741265,0.7228966899799043,0.8,0.5666666666666667,1.7093772888183594,0.5916666666666667,1.7399991427550865,0.5348342084884643,2.5311877928901287,2.4824917857055286,0.09993712882548786,10.395212054252625,11.191932367251104,12.53418570142929,0.06814907069306202,11.587735200492048,0.6456442395846049,0.7394874953612192,1.035606035572579,0.6456442395846049,0.0,0.49882996338039304,0.6091140818741265,0.7228966899799043,1.7093772888183594,0.5916666666666667,1.7399991427550865,0.5348342084884643,2.5311877928901287,2.4824917857055286,0.09993712882548786,10.395212054252625,11.191932367251104,12.53418570142929,0.06814907069306202,0.8,0.5666666666666667,0.537825,18.200579948894347,17.50975009064389,Wh,17.50975009064389,Wh
190,912b2ebe601622b54b7034e14bb08a0e,RollingRegression,"{""regression_model"": {""model"": ""ExtraTrees"", ""model_params"": {""n_estimators"": 100, ""min_samples_leaf"": 1, ""min_samples_split"": 2, ""max_depth"": null, ""criterion"": ""squared_error"", ""max_features"": 1}}, ""holiday"": false, ""mean_rolling_periods"": null, ""macd_periods"": null, ""std_rolling_periods"": null, ""max_rolling_periods"": null, ""min_rolling_periods"": 12, ""ewm_var_alpha"": null, ""quantile90_rolling_periods"": null, ""quantile10_rolling_periods"": null, ""ewm_alpha"": 0.2, ""additional_lag_periods"": 6, ""abs_energy"": false, ""rolling_autocorr_periods"": null, ""nonzero_last_n"": null, ""add_date_part"": ""recurring"", ""polynomial_degree"": null, ""x_transform"": null, ""regression_type"": null}","{""fillna"": ""ffill"", ""transformations"": {""0"": null}, ""transformation_params"": {""0"": {}}}",0,1,10.598250525191464,0.5803886020978292,0.7420938831556155,1.155858084418543,0.5803886020978292,0.0,-1.501772918701171,0.42304928178843065,15.909885144233701,0.5739222885797606,0.8499526233907059,1.0,0.5,1.5151685762405398,0.5666666666666667,1.7737829001385508,0.4334152347564697,2.3556146116391954,1.1685214977929015,0.15275227169536526,14.408112225532534,14.066848507942467,11.759015440280946,0.08924162033819508,10.598250525191464,0.5803886020978292,0.7420938831556155,1.155858084418543,0.5803886020978292,0.0,0.42304928178843065,0.5739222885797606,0.8499526233907059,1.5151685762405398,0.5666666666666667,1.7737829001385508,0.4334152347564697,2.3556146116391954,1.1685214977929015,0.15275227169536526,14.408112225532534,14.066848507942467,11.759015440280946,0.08924162033819508,1.0,0.5,1.0472,18.15968888493803,8.862592085134134,Wh,8.862592085134134,Wh
191,8a4d9e13ad03fec6dee4e9ba0524d222,RollingRegression,"{""regression_model"": {""model"": ""ExtraTrees"", ""model_params"": {""n_estimators"": 100, ""min_samples_leaf"": 1, ""max_depth"": 10}}, ""holiday"": false, ""mean_rolling_periods"": 7, ""macd_periods"": null, ""std_rolling_periods"": null, ""max_rolling_periods"": 24, ""min_rolling_periods"": null, ""ewm_var_alpha"": null, ""quantile90_rolling_periods"": null, ""quantile10_rolling_periods"": null, ""ewm_alpha"": null, ""additional_lag_periods"": 363, ""abs_energy"": false, ""rolling_autocorr_periods"": 2, ""nonzero_last_n"": null, ""add_date_part"": null, ""polynomial_degree"": null, ""x_transform"": null, ""regression_type"": null}","{""fillna"": ""ffill"", ""transformations"": {""0"": ""Scaler""}, ""transformation_params"": {""0"": {}}}",0,1,10.90623689878352,0.5801170529941345,0.694530424841753,1.259857949396914,0.5801170529941345,0.0,-14.456413416411795,0.5652148334540799,2.947098173412238,0.44384168098670534,0.8499526233907059,1.0,0.4666666666666667,1.498717326529614,0.5,1.7700725673050106,0.4547832957927351,2.4980413140495306,1.6926167974722568,0.2398587241689766,11.509315242999556,8.264222867306264,9.395063557591206,0.07128691984007676,10.90623689878352,0.5801170529941345,0.694530424841753,1.259857949396914,0.5801170529941345,0.0,0.5652148334540799,0.44384168098670534,0.8499526233907059,1.498717326529614,0.5,1.7700725673050106,0.4547832957927351,2.4980413140495306,1.6926167974722568,0.2398587241689766,11.509315242999556,8.264222867306264,9.395063557591206,0.07128691984007676,1.0,0.4666666666666667,3.6426,18.129655103102184,8.85844550312265,Wh,8.85844550312265,Wh
192,a501477b86ff6332e979c1dc0d2d551a,DatepartRegression,"{""regression_model"": {""model"": ""RandomForest"", ""model_params"": {""n_estimators"": 100, ""min_samples_leaf"": 2, ""bootstrap"": true}}, ""datepart_method"": ""expanded"", ""polynomial_degree"": null, ""holiday_countries_used"": false, ""lags"": null, ""forward_lags"": null, ""regression_type"": null}","{""fillna"": ""rolling_mean"", ""transformations"": {""0"": ""Scaler""}, ""transformation_params"": {""0"": {}}}",0,4,11.094734993333628,0.6149932599787159,0.7223944152528295,1.0993373726341302,0.6149932599787159,0.0,-26.55871728088126,0.49731842856816455,47.24047391656465,0.565873796634933,0.7809309418812274,1.0,0.525,1.6295148537064348,0.6916666666666667,1.650438308909563,0.4876435241479295,2.41895541925716,2.2707576139073438,0.17475842441271924,9.375421883284677,9.87199290847641,11.376079104889914,0.06125169453705792,11.094734993333628,0.6149932599787159,0.7223944152528295,1.0993373726341302,0.6149932599787159,0.0,0.49731842856816455,0.565873796634933,0.7809309418812274,1.6295148537064348,0.6916666666666667,1.650438308909563,0.4876435241479295,2.41895541925716,2.2707576139073438,0.17475842441271924,9.375421883284677,9.87199290847641,11.376079104889914,0.06125169453705792,1.0,0.525,0.203725,18.058910432472267,13.87563903285509,Wh,13.87563903285509,Wh
193,fda6f2211baea2cc674372d11442d16e,DatepartRegression,"{""regression_model"": {""model"": ""RandomForest"", ""model_params"": {""n_estimators"": 100, ""min_samples_leaf"": 2, ""bootstrap"": true}}, ""datepart_method"": ""expanded"", ""polynomial_degree"": null, ""holiday_countries_used"": false, ""lags"": null, ""forward_lags"": null, ""regression_type"": null}","{""fillna"": ""ffill"", ""transformations"": {}, ""transformation_params"": {}}",0,4,11.094734993333628,0.614993259978716,0.7223944152528295,1.0993373726341304,0.614993259978716,0.0,-26.558717280881243,0.49731842856816455,47.240473916564675,0.565873796634933,0.7809309418812274,1.0,0.525,1.6295148537064348,0.6916666666666667,1.650438308909563,0.48764352414792955,2.4189554192571605,2.270757613907344,0.17475842441271924,9.375421883284684,9.871992908476408,11.37607910488992,0.06125169453705796,11.094734993333628,0.614993259978716,0.7223944152528295,1.0993373726341304,0.614993259978716,0.0,0.49731842856816455,0.565873796634933,0.7809309418812274,1.6295148537064348,0.6916666666666667,1.650438308909563,0.48764352414792955,2.4189554192571605,2.270757613907344,0.17475842441271924,9.375421883284684,9.871992908476408,11.37607910488992,0.06125169453705796,1.0,0.525,0.19842500000000002,18.058909662160037,13.875639032855094,Wh,13.875639032855094,Wh
194,f06fbd1aee6bada03029191d1817a5d4,DatepartRegression,"{""regression_model"": {""model"": ""RandomForest"", ""model_params"": {""n_estimators"": 100, ""min_samples_leaf"": 2, ""bootstrap"": true}}, ""datepart_method"": ""expanded"", ""polynomial_degree"": null, ""holiday_countries_used"": false, ""lags"": null, ""forward_lags"": null, ""regression_type"": null}","{""fillna"": ""ffill"", ""transformations"": {""0"": ""Scaler""}, ""transformation_params"": {""0"": {}}}",0,4,11.094734993333628,0.614993259978716,0.7223944152528297,1.0993373726341302,0.614993259978716,0.0,-26.558717280881243,0.49731842856816466,47.24047391656468,0.5658737966349331,0.7809309418812274,1.0,0.525,1.6295148537064357,0.6916666666666667,1.650438308909563,0.48764352414792955,2.4189554192571605,2.2707576139073473,0.17475842441271924,9.37542188328469,9.87199290847641,11.376079104889918,0.06125169453705799,11.094734993333628,0.614993259978716,0.7223944152528297,1.0993373726341302,0.614993259978716,0.0,0.49731842856816466,0.5658737966349331,0.7809309418812274,1.6295148537064357,0.6916666666666667,1.650438308909563,0.48764352414792955,2.4189554192571605,2.2707576139073473,0.17475842441271924,9.37542188328469,9.87199290847641,11.376079104889918,0.06125169453705799,1.0,0.525,0.19835,18.05890965125939,13.875639032855103,Wh,13.875639032855103,Wh
195,43e5663199f52ab820dbd3b33e86e654,RollingRegression,"{""regression_model"": {""model"": ""ExtraTrees"", ""model_params"": {""n_estimators"": 100, ""min_samples_leaf"": 1, ""max_depth"": 10}}, ""holiday"": false, ""mean_rolling_periods"": null, ""macd_periods"": null, ""std_rolling_periods"": null, ""max_rolling_periods"": 420, ""min_rolling_periods"": null, ""ewm_var_alpha"": null, ""quantile90_rolling_periods"": null, ""quantile10_rolling_periods"": null, ""ewm_alpha"": 0.5, ""additional_lag_periods"": 363, ""abs_energy"": false, ""rolling_autocorr_periods"": null, ""nonzero_last_n"": null, ""add_date_part"": ""recurring"", ""polynomial_degree"": null, ""x_transform"": null, ""regression_type"": null}","{""fillna"": ""ffill_mean_biased"", ""transformations"": {""0"": null}, ""transformation_params"": {""0"": {}}}",0,1,10.813970468645463,0.5746002540464755,0.67919365500695,1.4080100607309942,0.5746002540464755,0.0,-12.730904795567199,0.5409187795824851,4.50710282582707,0.46051943796726064,0.8499526233907059,1.0,0.6333333333333333,1.3104579599698383,0.4666666666666667,1.7707225053768507,0.47172108003934243,2.4863114083680107,1.8725546370587383,0.6999928638935172,8.223801969740126,5.16986478290264,1.8025881473047218,0.05093695840455071,10.813970468645463,0.5746002540464755,0.67919365500695,1.4080100607309942,0.5746002540464755,0.0,0.5409187795824851,0.46051943796726064,0.8499526233907059,1.3104579599698383,0.4666666666666667,1.7707225053768507,0.47172108003934243,2.4863114083680107,1.8725546370587383,0.6999928638935172,8.223801969740126,5.16986478290264,1.8025881473047218,0.05093695840455071,1.0,0.6333333333333333,1.09,17.964699498342807,8.774203430635227,Wh,8.774203430635227,Wh
196,cf1e26cba65e80ff8e700573e89e454d,DatepartRegression,"{""regression_model"": {""model"": ""Adaboost"", ""model_params"": {""n_estimators"": 50, ""loss"": ""linear"", ""estimator"": null, ""learning_rate"": 1, ""max_depth"": 4}}, ""datepart_method"": [""morlet_365.25_12_12"", ""ricker_7_7_1""], ""polynomial_degree"": null, ""holiday_countries_used"": false, ""lags"": null, ""forward_lags"": 2, ""regression_type"": null}","{""fillna"": ""zero"", ""transformations"": {""0"": ""Scaler""}, ""transformation_params"": {""0"": {}}}",0,4,11.004578748758217,0.6076946276811656,0.7140747137521004,1.052786620180028,0.6076946276811656,0.0,-32.40993935874542,0.5103296371357474,40.51341596299444,0.5424957547339433,0.7809309418812274,1.0,0.55,1.4721490188881203,0.6833333333333333,1.6524987783657066,0.48972699450105905,2.401354954748732,2.0255353765748336,0.19911027491992828,10.292947590647964,10.987273703489578,10.722086933428004,0.06624941062455446,11.004578748758217,0.6076946276811656,0.7140747137521004,1.052786620180028,0.6076946276811656,0.0,0.5103296371357474,0.5424957547339433,0.7809309418812274,1.4721490188881203,0.6833333333333333,1.6524987783657066,0.48972699450105905,2.401354954748732,2.0255353765748336,0.19911027491992828,10.292947590647964,10.987273703489578,10.722086933428004,0.06624941062455446,1.0,0.55,0.1961,17.943079638053266,12.555229232040208,Wh,12.555229232040208,Wh
197,f2d96ef745de40af8f4283c8af1baec8,RollingRegression,"{""regression_model"": {""model"": ""ExtraTrees"", ""model_params"": {""n_estimators"": 100, ""min_samples_leaf"": 1, ""min_samples_split"": 2, ""max_depth"": null, ""criterion"": ""squared_error"", ""max_features"": 1}}, ""holiday"": true, ""mean_rolling_periods"": 5, ""macd_periods"": 4, ""std_rolling_periods"": null, ""max_rolling_periods"": 2, ""min_rolling_periods"": null, ""ewm_var_alpha"": null, ""quantile90_rolling_periods"": null, ""quantile10_rolling_periods"": null, ""ewm_alpha"": null, ""additional_lag_periods"": 11, ""abs_energy"": false, ""rolling_autocorr_periods"": null, ""nonzero_last_n"": null, ""add_date_part"": null, ""polynomial_degree"": null, ""x_transform"": null, ""regression_type"": null}","{""fillna"": ""ffill_mean_biased"", ""transformations"": {""0"": ""Scaler""}, ""transformation_params"": {""0"": {}}}",0,1,10.566745878592318,0.5630539037386577,0.7064646795214504,1.1872527593465758,0.5630539037386577,0.0,-14.508376483917239,0.551529331738194,2.3832406282424943,0.4238288991238509,0.8499526233907059,1.0,0.4666666666666667,1.6876861953735354,0.5,1.7792716135283912,0.41708518962860114,2.5270343797160453,1.6326959584472078,0.3192487197389613,12.125135855674742,8.4068525630545,8.77356556492743,0.07510121753935517,10.566745878592318,0.5630539037386577,0.7064646795214504,1.1872527593465758,0.5630539037386577,0.0,0.551529331738194,0.4238288991238509,0.8499526233907059,1.6876861953735354,0.5,1.7792716135283912,0.41708518962860114,2.5270343797160453,1.6326959584472078,0.3192487197389613,12.125135855674742,8.4068525630545,8.77356556492743,0.07510121753935517,1.0,0.4666666666666667,4.1024,17.87785654064881,8.59788950496478,Wh,8.59788950496478,Wh
198,00b0a3e1d36ffe6a0f5b3753652aafe6,ARIMA,"{""p"": 0, ""d"": 1, ""q"": 12, ""regression_type"": null}","{""fillna"": ""ffill"", ""transformations"": {""0"": ""Scaler"", ""1"": ""Scaler""}, ""transformation_params"": {""0"": {}, ""1"": {}}}",0,4,11.397390916292132,0.6316509042539761,0.7429558125297181,1.0787028822579565,0.6316509042539761,0.0,-26.697973230747646,0.5064873825651808,49.10013527972948,0.5809803215631113,0.6827171426071934,0.9833333333333334,0.4916666666666667,1.7583015771190427,0.6916666666666667,1.6623812105264595,0.504452160016517,2.4416107861554193,2.283949713300862,0.1318896204089821,10.668070496242661,11.086296479045224,11.436744715400803,0.06926518043434497,11.397390916292132,0.6316509042539761,0.7429558125297181,1.0787028822579565,0.6316509042539761,0.0,0.5064873825651808,0.5809803215631113,0.6827171426071934,1.7583015771190427,0.6916666666666667,1.6623812105264595,0.504452160016517,2.4416107861554193,2.283949713300862,0.1318896204089821,10.668070496242661,11.086296479045224,11.436744715400803,0.06926518043434497,0.9833333333333334,0.4916666666666667,0.444825,17.763166459869765,14.84226483457394,Wh,14.84226483457394,Wh
199,bcefbf48518d52c91800c918c8b0ac24,RollingRegression,"{""regression_model"": {""model"": ""ExtraTrees"", ""model_params"": {""n_estimators"": 100, ""min_samples_leaf"": 1, ""max_depth"": 10}}, ""holiday"": false, ""mean_rolling_periods"": 30, ""macd_periods"": null, ""std_rolling_periods"": null, ""max_rolling_periods"": null, ""min_rolling_periods"": 60, ""ewm_var_alpha"": null, ""quantile90_rolling_periods"": null, ""quantile10_rolling_periods"": null, ""ewm_alpha"": 0.5, ""additional_lag_periods"": 23, ""abs_energy"": false, ""rolling_autocorr_periods"": null, ""nonzero_last_n"": null, ""add_date_part"": ""simple"", ""polynomial_degree"": null, ""x_transform"": null, ""regression_type"": null}","{""fillna"": ""time"", ""transformations"": {""0"": ""Scaler"", ""1"": ""Scaler"", ""2"": ""Scaler""}, ""transformation_params"": {""0"": {}, ""1"": {}, ""2"": {}}}",0,1,10.534774248794626,0.5614871644042788,0.659546379074018,1.1792041680913377,0.5614871644042788,0.0,-12.816908611615506,0.5380171788779605,4.027706320512858,0.44592426189928797,0.8499526233907059,1.0,0.5,1.379895636876424,0.5,1.7482454983547329,0.43401530661855425,2.420091431843842,1.7034278803344094,0.246561658476838,8.789202291102647,5.6173754619024825,10.520689937054927,0.05443896061194,10.534774248794626,0.5614871644042788,0.659546379074018,1.1792041680913377,0.5614871644042788,0.0,0.5380171788779605,0.44592426189928797,0.8499526233907059,1.379895636876424,0.5,1.7482454983547329,0.43401530661855425,2.420091431843842,1.7034278803344094,0.246561658476838,8.789202291102647,5.6173754619024825,10.520689937054927,0.05443896061194,1.0,0.5,1.1416,17.644435939900784,8.573965238405881,Wh,8.573965238405881,Wh
200,99c0239dd2039da46be2c6d6611b444e,ARIMA,"{""p"": 1, ""d"": 0, ""q"": 7, ""regression_type"": null}","{""fillna"": ""ffill"", ""transformations"": {""0"": ""Scaler""}, ""transformation_params"": {""0"": {}}}",0,4,11.191131698523499,0.6193919889405946,0.7347510757114095,1.0633997015962484,0.6193919889405946,0.0,-22.46846473686995,0.48860799475904326,51.85857393600139,0.579115453019224,0.6857063147906244,1.0,0.4583333333333333,1.6251017155259797,0.6916666666666667,1.6582197257069784,0.4869074905886881,2.400579733443324,2.0637666498555767,0.04723141855313381,11.555579264495996,11.533214971051978,13.449628579506648,0.07374501556665984,11.191131698523499,0.6193919889405946,0.7347510757114095,1.0633997015962484,0.6193919889405946,0.0,0.48860799475904326,0.579115453019224,0.6857063147906244,1.6251017155259797,0.6916666666666667,1.6582197257069784,0.4869074905886881,2.400579733443324,2.0637666498555767,0.04723141855313381,11.555579264495996,11.533214971051978,13.449628579506648,0.07374501556665984,1.0,0.4583333333333333,0.30820000000000003,17.567360052489907,14.532948579878644,Wh,14.532948579878644,Wh
201,3cead788c5e152663d7f843cf49ed4b5,ARIMA,"{""p"": 4, ""d"": 0, ""q"": 3, ""regression_type"": null}","{""fillna"": ""ffill"", ""transformations"": {""0"": ""Scaler"", ""1"": ""Scaler"", ""2"": ""Scaler"", ""3"": ""Scaler""}, ""transformation_params"": {""0"": {}, ""1"": {}, ""2"": {}, ""3"": {}}}",0,4,11.229712352117302,0.6221160712473957,0.7320444570253819,1.0699162624836758,0.6221160712473957,0.0,-24.751383779329895,0.4967183877331221,49.90254477035757,0.576386201012594,0.6780478671587908,0.9916666666666667,0.5,1.8020646198813761,0.6916666666666667,1.6580299840208135,0.49517806249509666,2.428854874317597,2.1577548287286765,0.21348038082305099,10.590071890305264,10.865771408492503,10.950317829311988,0.06845868529662202,11.229712352117302,0.6221160712473957,0.7320444570253819,1.0699162624836758,0.6221160712473957,0.0,0.4967183877331221,0.576386201012594,0.6780478671587908,1.8020646198813761,0.6916666666666667,1.6580299840208135,0.49517806249509666,2.428854874317597,2.1577548287286765,0.21348038082305099,10.590071890305264,10.865771408492503,10.950317829311988,0.06845868529662202,0.9916666666666667,0.5,0.44855,17.536943680997776,14.63432385706977,Wh,14.63432385706977,Wh
202,ac179f510d6cc1f9c2f38568da8f795c,RollingRegression,"{""regression_model"": {""model"": ""HistGradientBoost"", ""model_params"": {""loss"": ""squared_error"", ""learning_rate"": 0.1, ""max_depth"": null, ""min_samples_leaf"": 20, ""max_iter"": 100, ""l2_regularization"": 0.02}}, ""holiday"": false, ""mean_rolling_periods"": 7, ""macd_periods"": 67, ""std_rolling_periods"": null, ""max_rolling_periods"": 12, ""min_rolling_periods"": 7, ""ewm_var_alpha"": null, ""quantile90_rolling_periods"": null, ""quantile10_rolling_periods"": null, ""ewm_alpha"": null, ""additional_lag_periods"": 2, ""abs_energy"": false, ""rolling_autocorr_periods"": null, ""nonzero_last_n"": null, ""add_date_part"": ""recurring"", ""polynomial_degree"": null, ""x_transform"": null, ""regression_type"": null}","{""fillna"": ""ffill"", ""transformations"": {""0"": ""Scaler"", ""1"": ""Scaler""}, ""transformation_params"": {""0"": {}, ""1"": {}}}",0,1,10.31156724632452,0.5505805727053961,0.6715131828976159,1.1567913667973426,0.5505805727053961,0.0,-13.663809979039069,0.5380456610909152,2.8536072021228094,0.4237728853767469,0.8499526233907059,1.0,0.4666666666666667,1.5763658904045643,0.5,1.7554151005858638,0.40732517298808946,2.4857182621153053,1.4854086651094054,0.10384181389188066,10.810202776916263,8.14093690651504,12.38451692274839,0.0669567252736197,10.31156724632452,0.5505805727053961,0.6715131828976159,1.1567913667973426,0.5505805727053961,0.0,0.5380456610909152,0.4237728853767469,0.8499526233907059,1.5763658904045643,0.5,1.7554151005858638,0.40732517298808946,2.4857182621153053,1.4854086651094054,0.10384181389188066,10.810202776916263,8.14093690651504,12.38451692274839,0.0669567252736197,1.0,0.4666666666666667,0.5435,17.519041604615165,8.407420490771408,Wh,8.407420490771408,Wh
203,f7ebe6979b69416651de494e0abedd29,ARIMA,"{""p"": 4, ""d"": 0, ""q"": 3, ""regression_type"": ""Holiday""}","{""fillna"": ""ffill"", ""transformations"": {""0"": null}, ""transformation_params"": {""0"": {}}}",0,4,11.193086362371616,0.6200890445274126,0.7294772930386337,1.0961526023508532,0.6200890445274126,0.0,-25.615984762641585,0.49801752207100725,48.794700580647934,0.5719944142890431,0.6795191843554582,0.9916666666666667,0.4916666666666667,1.8213403587586559,0.7,1.654004443545688,0.49154734388311183,2.4118633454010547,2.4359332117884653,0.22020886269571238,10.102157897249393,10.629270261030072,10.08803148496507,0.06564103907455886,11.193086362371616,0.6200890445274126,0.7294772930386337,1.0961526023508532,0.6200890445274126,0.0,0.49801752207100725,0.5719944142890431,0.6795191843554582,1.8213403587586559,0.7,1.654004443545688,0.49154734388311183,2.4118633454010547,2.4359332117884653,0.22020886269571238,10.102157897249393,10.629270261030072,10.08803148496507,0.06564103907455886,0.9916666666666667,0.4916666666666667,0.7971,17.503706466634636,14.504522640561063,Wh,14.504522640561063,Wh
204,8e5cb96e14ca4251e32bbde6c8bf644f,ARIMA,"{""p"": 4, ""d"": 0, ""q"": 7, ""regression_type"": ""Holiday""}","{""fillna"": ""ffill"", ""transformations"": {""0"": ""Scaler"", ""1"": ""Scaler""}, ""transformation_params"": {""0"": {}, ""1"": {}}}",0,4,11.15166020420949,0.6174690864038772,0.7299766470812044,1.1175822277238825,0.6174690864038772,0.0,-24.652979809743854,0.4932350653748181,49.44331055872141,0.5711659474484088,0.6818791855599403,0.9833333333333334,0.4916666666666667,1.660029656049173,0.7,1.651381017490758,0.4906720958303422,2.408753454890638,2.3165610545772353,0.22933797465659744,10.220633984513055,10.575077112977871,9.69225401529297,0.06626120846284805,11.15166020420949,0.6174690864038772,0.7299766470812044,1.1175822277238825,0.6174690864038772,0.0,0.4932350653748181,0.5711659474484088,0.6818791855599403,1.660029656049173,0.7,1.651381017490758,0.4906720958303422,2.408753454890638,2.3165610545772353,0.22933797465659744,10.220633984513055,10.575077112977871,9.69225401529297,0.06626120846284805,0.9833333333333334,0.4916666666666667,2.6643499999999998,17.48385355923652,14.534785030526406,Wh,14.534785030526406,Wh
205,2e10b3d77d079e2f403d95b3f18b4eec,ARIMA,"{""p"": 3, ""d"": 0, ""q"": 1, ""regression_type"": null}","{""fillna"": ""ffill"", ""transformations"": {""0"": ""Scaler"", ""1"": ""Scaler"", ""2"": ""Scaler""}, ""transformation_params"": {""0"": {}, ""1"": {}, ""2"": {}}}",0,4,11.111874808054683,0.6148293615769744,0.723697659577556,1.036205101403226,0.6148293615769744,0.0,-24.02587834012192,0.4901767348787246,49.75364504911501,0.5714039619129802,0.6797881864748916,1.0,0.4916666666666667,1.6149835397380903,0.6916666666666667,1.6520512692918832,0.4884788347478188,2.3980810909071897,2.023635506408653,0.011452896788414936,10.720904541281923,10.848549174651861,14.498025037282789,0.06912254214811568,11.111874808054683,0.6148293615769744,0.723697659577556,1.036205101403226,0.6148293615769744,0.0,0.4901767348787246,0.5714039619129802,0.6797881864748916,1.6149835397380903,0.6916666666666667,1.6520512692918832,0.4884788347478188,2.3980810909071897,2.023635506408653,0.011452896788414936,10.720904541281923,10.848549174651861,14.498025037282789,0.06912254214811568,1.0,0.4916666666666667,0.15155000000000002,17.40607818262342,14.522911557724798,Wh,14.522911557724798,Wh
206,d7fff3221c5a944160f652e7665f1ff5,ARIMA,"{""p"": 3, ""d"": 0, ""q"": 1, ""regression_type"": null}","{""fillna"": ""rolling_mean"", ""transformations"": {""0"": ""Scaler""}, ""transformation_params"": {""0"": {}}}",0,4,11.111874808054683,0.6148293615769744,0.723697659577556,1.036205101403226,0.6148293615769744,0.0,-24.02587834012192,0.4901767348787246,49.75364504911501,0.5714039619129802,0.6797881864748916,1.0,0.4916666666666667,1.6149835397380903,0.6916666666666667,1.6520512692918832,0.4884788347478188,2.3980810909071897,2.023635506408653,0.011452896788414936,10.720904541281923,10.848549174651861,14.498025037282789,0.06912254214811568,11.111874808054683,0.6148293615769744,0.723697659577556,1.036205101403226,0.6148293615769744,0.0,0.4901767348787246,0.5714039619129802,0.6797881864748916,1.6149835397380903,0.6916666666666667,1.6520512692918832,0.4884788347478188,2.3980810909071897,2.023635506408653,0.011452896788414936,10.720904541281923,10.848549174651861,14.498025037282789,0.06912254214811568,1.0,0.4916666666666667,0.143875,17.4060770671241,14.522911557724798,Wh,14.522911557724798,Wh
207,45b875d73e143997d72720b893abe967,RollingRegression,"{""regression_model"": {""model"": ""ExtraTrees"", ""model_params"": {""n_estimators"": 100, ""min_samples_leaf"": 1, ""max_depth"": 10}}, ""holiday"": false, ""mean_rolling_periods"": 7, ""macd_periods"": 28, ""std_rolling_periods"": null, ""max_rolling_periods"": 420, ""min_rolling_periods"": 7, ""ewm_var_alpha"": null, ""quantile90_rolling_periods"": null, ""quantile10_rolling_periods"": null, ""ewm_alpha"": 0.5, ""additional_lag_periods"": 363, ""abs_energy"": false, ""rolling_autocorr_periods"": null, ""nonzero_last_n"": null, ""add_date_part"": ""recurring"", ""polynomial_degree"": null, ""x_transform"": null, ""regression_type"": null}","{""fillna"": ""ffill"", ""transformations"": {""0"": ""Scaler""}, ""transformation_params"": {""0"": {}}}",0,1,10.32389524890827,0.5501476525174246,0.63965575856642,1.272520949278874,0.5501476525174246,0.0,-12.2192638165156,0.522429119885179,4.285165759007136,0.44414328764986244,0.8499526233907059,1.0,0.6666666666666666,1.255573388576507,0.5333333333333333,1.7172096083025505,0.4488867736148833,2.331145024197893,1.6508385457616146,0.5276639658425952,7.934098057508464,4.849504176792148,4.779188981277306,0.049142577146189005,10.32389524890827,0.5501476525174246,0.63965575856642,1.272520949278874,0.5501476525174246,0.0,0.522429119885179,0.44414328764986244,0.8499526233907059,1.255573388576507,0.5333333333333333,1.7172096083025505,0.4488867736148833,2.331145024197893,1.6508385457616146,0.5276639658425952,7.934098057508464,4.849504176792148,4.779188981277306,0.049142577146189005,1.0,0.6666666666666666,1.1282,17.377228688424477,8.40080975614026,Wh,8.40080975614026,Wh
208,8e951cd6659b5cc303b93562c53960e6,RollingRegression,"{""regression_model"": {""model"": ""ExtraTrees"", ""model_params"": {""n_estimators"": 100, ""min_samples_leaf"": 1, ""max_depth"": 10}}, ""holiday"": false, ""mean_rolling_periods"": 7, ""macd_periods"": 28, ""std_rolling_periods"": null, ""max_rolling_periods"": 420, ""min_rolling_periods"": null, ""ewm_var_alpha"": null, ""quantile90_rolling_periods"": null, ""quantile10_rolling_periods"": null, ""ewm_alpha"": 0.5, ""additional_lag_periods"": 363, ""abs_energy"": false, ""rolling_autocorr_periods"": null, ""nonzero_last_n"": null, ""add_date_part"": ""recurring"", ""polynomial_degree"": null, ""x_transform"": null, ""regression_type"": null}","{""fillna"": ""ffill_mean_biased"", ""transformations"": {""0"": ""Scaler""}, ""transformation_params"": {""0"": {}}}",0,1,10.282889971137214,0.547402436984153,0.6432120686553723,1.2296940246980164,0.547402436984153,0.0,-12.546367086052898,0.5229099722076834,3.875706023471695,0.4379258703993206,0.8499526233907059,1.0,0.5666666666666667,1.4034218881527583,0.5,1.7332140617289389,0.4375294191617058,2.2635014322992584,1.5937541763177547,0.4711357971055162,8.670661062581203,5.5169094794092,5.1715796838430705,0.05370473456313208,10.282889971137214,0.547402436984153,0.6432120686553723,1.2296940246980164,0.547402436984153,0.0,0.5229099722076834,0.4379258703993206,0.8499526233907059,1.4034218881527583,0.5,1.7332140617289389,0.4375294191617058,2.2635014322992584,1.5937541763177547,0.4711357971055162,8.670661062581203,5.5169094794092,5.1715796838430705,0.05370473456313208,1.0,0.5666666666666667,1.1011,17.35722419535564,8.35889003998936,Wh,8.35889003998936,Wh
209,be03bdfbd8bd48c7cda7e7a7ce8b3204,DatepartRegression,"{""regression_model"": {""model"": ""ElasticNet"", ""model_params"": {""l1_ratio"": 0.5, ""fit_intercept"": true, ""selection"": ""cyclic"", ""max_iter"": 2000}}, ""datepart_method"": ""expanded"", ""polynomial_degree"": null, ""holiday_countries_used"": false, ""lags"": null, ""forward_lags"": null, ""regression_type"": null}","{""fillna"": ""fake_date"", ""transformations"": {""0"": ""Scaler"", ""1"": ""Scaler""}, ""transformation_params"": {""0"": {}, ""1"": {}}}",0,4,10.487949259036595,0.5758774437087898,0.6784785330741193,1.035726601431237,0.5758774437087898,0.0,-37.456513070035726,0.506841688862866,31.648780175019056,0.49791339083206065,0.7809309418812274,1.0,0.525,1.6902760700322688,0.6916666666666667,1.6382176670472977,0.4612929546274245,2.285287584340116,1.7546432194088402,0.01425433872952217,9.623572372831404,9.809295564953702,13.997950729088709,0.060031877203473846,10.487949259036595,0.5758774437087898,0.6784785330741193,1.035726601431237,0.5758774437087898,0.0,0.506841688862866,0.49791339083206065,0.7809309418812274,1.6902760700322688,0.6916666666666667,1.6382176670472977,0.4612929546274245,2.285287584340116,1.7546432194088402,0.01425433872952217,9.623572372831404,9.809295564953702,13.997950729088709,0.060031877203473846,1.0,0.525,0.06335,17.320214919644528,9.469001960007198,Wh,9.469001960007198,Wh
210,6f7a664f7daded673e43b97cfafad218,DatepartRegression,"{""regression_model"": {""model"": ""ElasticNet"", ""model_params"": {""l1_ratio"": 0.5, ""fit_intercept"": true, ""selection"": ""cyclic"", ""max_iter"": 2000}}, ""datepart_method"": ""expanded"", ""polynomial_degree"": null, ""holiday_countries_used"": false, ""lags"": null, ""forward_lags"": null, ""regression_type"": null}","{""fillna"": ""cubic"", ""transformations"": {""0"": ""Scaler"", ""1"": ""Scaler"", ""2"": ""Scaler""}, ""transformation_params"": {""0"": {}, ""1"": {}, ""2"": {}}}",0,4,10.487949259036595,0.5758774437087898,0.6784785330741193,1.035726601431237,0.5758774437087898,0.0,-37.456513070035726,0.506841688862866,31.648780175019056,0.49791339083206065,0.7809309418812274,1.0,0.525,1.6902760700322688,0.6916666666666667,1.6382176670472977,0.4612929546274245,2.285287584340116,1.7546432194088402,0.01425433872952217,9.623572372831404,9.809295564953702,13.997950729088709,0.060031877203473846,10.487949259036595,0.5758774437087898,0.6784785330741193,1.035726601431237,0.5758774437087898,0.0,0.506841688862866,0.49791339083206065,0.7809309418812274,1.6902760700322688,0.6916666666666667,1.6382176670472977,0.4612929546274245,2.285287584340116,1.7546432194088402,0.01425433872952217,9.623572372831404,9.809295564953702,13.997950729088709,0.060031877203473846,1.0,0.525,0.06155,17.32021465802905,9.469001960007198,Wh,9.469001960007198,Wh
211,6bf48dcf7f385feb4f8ceacd4e89534c,DatepartRegression,"{""regression_model"": {""model"": ""ElasticNet"", ""model_params"": {""l1_ratio"": 0.5, ""fit_intercept"": true, ""selection"": ""cyclic"", ""max_iter"": 2000}}, ""datepart_method"": ""expanded"", ""polynomial_degree"": null, ""holiday_countries_used"": false, ""lags"": null, ""forward_lags"": null, ""regression_type"": null}","{""fillna"": ""fake_date"", ""transformations"": {""0"": ""Scaler""}, ""transformation_params"": {""0"": {}}}",0,4,10.487949259036595,0.5758774437087898,0.6784785330741193,1.035726601431237,0.5758774437087898,0.0,-37.456513070035726,0.506841688862866,31.648780175019056,0.49791339083206065,0.7809309418812274,1.0,0.525,1.6902760700322688,0.6916666666666667,1.6382176670472977,0.4612929546274245,2.285287584340116,1.7546432194088402,0.01425433872952217,9.623572372831404,9.809295564953702,13.997950729088709,0.060031877203473846,10.487949259036595,0.5758774437087898,0.6784785330741193,1.035726601431237,0.5758774437087898,0.0,0.506841688862866,0.49791339083206065,0.7809309418812274,1.6902760700322688,0.6916666666666667,1.6382176670472977,0.4612929546274245,2.285287584340116,1.7546432194088402,0.01425433872952217,9.623572372831404,9.809295564953702,13.997950729088709,0.060031877203473846,1.0,0.525,0.060425,17.320214494519377,9.469001960007198,Wh,9.469001960007198,Wh
212,6701be1ae6c724832bcb8edecc2763fd,DatepartRegression,"{""regression_model"": {""model"": ""ElasticNet"", ""model_params"": {""l1_ratio"": 0.5, ""fit_intercept"": true, ""selection"": ""cyclic"", ""max_iter"": 2000}}, ""datepart_method"": ""expanded"", ""polynomial_degree"": null, ""holiday_countries_used"": false, ""lags"": null, ""forward_lags"": null, ""regression_type"": null}","{""fillna"": ""time"", ""transformations"": {""0"": ""Scaler""}, ""transformation_params"": {""0"": {}}}",0,4,10.487949259036595,0.5758774437087898,0.6784785330741193,1.035726601431237,0.5758774437087898,0.0,-37.456513070035726,0.506841688862866,31.648780175019056,0.49791339083206065,0.7809309418812274,1.0,0.525,1.6902760700322688,0.6916666666666667,1.6382176670472977,0.4612929546274245,2.285287584340116,1.7546432194088402,0.01425433872952217,9.623572372831404,9.809295564953702,13.997950729088709,0.060031877203473846,10.487949259036595,0.5758774437087898,0.6784785330741193,1.035726601431237,0.5758774437087898,0.0,0.506841688862866,0.49791339083206065,0.7809309418812274,1.6902760700322688,0.6916666666666667,1.6382176670472977,0.4612929546274245,2.285287584340116,1.7546432194088402,0.01425433872952217,9.623572372831404,9.809295564953702,13.997950729088709,0.060031877203473846,1.0,0.525,0.060024999999999995,17.320214436382606,9.469001960007198,Wh,9.469001960007198,Wh
213,43498a9f976ff08c243889ccbd3526e8,RollingRegression,"{""regression_model"": {""model"": ""ExtraTrees"", ""model_params"": {""n_estimators"": 100, ""min_samples_leaf"": 1, ""min_samples_split"": 2, ""max_depth"": null, ""criterion"": ""squared_error"", ""max_features"": 1}}, ""holiday"": true, ""mean_rolling_periods"": 7, ""macd_periods"": 96, ""std_rolling_periods"": 7, ""max_rolling_periods"": 420, ""min_rolling_periods"": 24, ""ewm_var_alpha"": null, ""quantile90_rolling_periods"": null, ""quantile10_rolling_periods"": null, ""ewm_alpha"": null, ""additional_lag_periods"": 90, ""abs_energy"": false, ""rolling_autocorr_periods"": null, ""nonzero_last_n"": null, ""add_date_part"": ""recurring"", ""polynomial_degree"": null, ""x_transform"": null, ""regression_type"": null}","{""fillna"": ""ffill"", ""transformations"": {""0"": ""Scaler""}, ""transformation_params"": {""0"": {}}}",0,1,9.817188353052346,0.533509508450826,0.6887690135124113,1.112518214182629,0.533509508450826,0.0,-1.6586452960968012,0.39617455526160406,14.346639957427978,0.5252305294878112,0.8499526233907059,1.0,0.6,1.3611555957794188,0.5666666666666667,1.7272668631597148,0.39686720790863034,2.1797374964462732,1.048071933098897,0.18047431073920805,12.687994661331178,12.613821472729665,11.21714178058398,0.07858747799125451,9.817188353052346,0.533509508450826,0.6887690135124113,1.112518214182629,0.533509508450826,0.0,0.39617455526160406,0.5252305294878112,0.8499526233907059,1.3611555957794188,0.5666666666666667,1.7272668631597148,0.39686720790863034,2.1797374964462732,1.048071933098897,0.18047431073920805,12.687994661331178,12.613821472729665,11.21714178058398,0.07858747799125451,1.0,0.6,4.1555,17.225828359375488,8.146743629784625,Wh,8.146743629784625,Wh
214,fd9d62415add7b618c7bac59a2823023,RollingRegression,"{""regression_model"": {""model"": ""ExtraTrees"", ""model_params"": {""n_estimators"": 100, ""min_samples_leaf"": 1, ""min_samples_split"": 2, ""max_depth"": null, ""criterion"": ""squared_error"", ""max_features"": 1}}, ""holiday"": false, ""mean_rolling_periods"": 5, ""macd_periods"": 52, ""std_rolling_periods"": 10, ""max_rolling_periods"": 364, ""min_rolling_periods"": null, ""ewm_var_alpha"": null, ""quantile90_rolling_periods"": null, ""quantile10_rolling_periods"": null, ""ewm_alpha"": null, ""additional_lag_periods"": 83, ""abs_energy"": false, ""rolling_autocorr_periods"": 7, ""nonzero_last_n"": null, ""add_date_part"": ""recurring"", ""polynomial_degree"": null, ""x_transform"": null, ""regression_type"": null}","{""fillna"": ""ffill"", ""transformations"": {""0"": ""Scaler"", ""1"": ""Scaler""}, ""transformation_params"": {""0"": {}, ""1"": {}}}",0,1,9.952893085426068,0.5400258800188701,0.6569336097858832,1.1570541349021324,0.5400258800188701,0.0,-2.9512783765792854,0.419324661914319,13.249498023986817,0.5243373684821228,0.8499526233907059,1.0,0.5333333333333333,1.311000862121582,0.6333333333333333,1.6793880329455306,0.4153829870224,2.1215804081560194,1.008156312599827,0.15859655958374988,10.298219647407532,11.842318823969666,11.662576975775302,0.06378558089689756,9.952893085426068,0.5400258800188701,0.6569336097858832,1.1570541349021324,0.5400258800188701,0.0,0.419324661914319,0.5243373684821228,0.8499526233907059,1.311000862121582,0.6333333333333333,1.6793880329455306,0.4153829870224,2.1215804081560194,1.008156312599827,0.15859655958374988,10.298219647407532,11.842318823969666,11.662576975775302,0.06378558089689756,1.0,0.5333333333333333,3.4588,17.216606394645225,8.24624927630145,Wh,8.24624927630145,Wh
215,9b3fd274d0c05fd0dd5937eb73b5b3e5,RollingRegression,"{""regression_model"": {""model"": ""ExtraTrees"", ""model_params"": {""n_estimators"": 100, ""min_samples_leaf"": 1, ""min_samples_split"": 2, ""max_depth"": null, ""criterion"": ""squared_error"", ""max_features"": 1}}, ""holiday"": true, ""mean_rolling_periods"": 7, ""macd_periods"": 96, ""std_rolling_periods"": null, ""max_rolling_periods"": 420, ""min_rolling_periods"": null, ""ewm_var_alpha"": null, ""quantile90_rolling_periods"": null, ""quantile10_rolling_periods"": null, ""ewm_alpha"": null, ""additional_lag_periods"": 2, ""abs_energy"": false, ""rolling_autocorr_periods"": null, ""nonzero_last_n"": null, ""add_date_part"": ""recurring"", ""polynomial_degree"": null, ""x_transform"": null, ""regression_type"": null}","{""fillna"": ""ffill_mean_biased"", ""transformations"": {""0"": ""Scaler"", ""1"": ""Scaler""}, ""transformation_params"": {""0"": {}, ""1"": {}}}",0,1,9.719583019344606,0.5294756143887838,0.6683441598434733,1.1239767007889323,0.5294756143887838,0.0,-1.8634444427490227,0.4000200051226507,14.020823988914492,0.5198348872672852,0.8499526233907059,1.0,0.5666666666666667,1.264145832061768,0.6666666666666666,1.6637796535488276,0.39225989913940423,2.257702271867482,1.0042088526387227,0.1805712995645022,12.157379546165467,11.091252803514774,10.505978923848748,0.07530092997496324,9.719583019344606,0.5294756143887838,0.6683441598434733,1.1239767007889323,0.5294756143887838,0.0,0.4000200051226507,0.5198348872672852,0.8499526233907059,1.264145832061768,0.6666666666666666,1.6637796535488276,0.39225989913940423,2.257702271867482,1.0042088526387227,0.1805712995645022,12.157379546165467,11.091252803514774,10.505978923848748,0.07530092997496324,1.0,0.5666666666666667,4.2318,17.054176906147557,8.085145663426735,Wh,8.085145663426735,Wh
216,ba526c11c31211c6ed750913a5ce8f30,RollingRegression,"{""regression_model"": {""model"": ""ExtraTrees"", ""model_params"": {""n_estimators"": 100, ""min_samples_leaf"": 1, ""min_samples_split"": 2, ""max_depth"": null, ""criterion"": ""squared_error"", ""max_features"": 1}}, ""holiday"": false, ""mean_rolling_periods"": null, ""macd_periods"": null, ""std_rolling_periods"": 10, ""max_rolling_periods"": 420, ""min_rolling_periods"": 12, ""ewm_var_alpha"": null, ""quantile90_rolling_periods"": null, ""quantile10_rolling_periods"": null, ""ewm_alpha"": null, ""additional_lag_periods"": 59, ""abs_energy"": false, ""rolling_autocorr_periods"": null, ""nonzero_last_n"": null, ""add_date_part"": null, ""polynomial_degree"": null, ""x_transform"": null, ""regression_type"": null}","{""fillna"": ""ffill"", ""transformations"": {""0"": null}, ""transformation_params"": {""0"": {}}}",0,1,9.846263375470809,0.5306392175356547,0.635677966968088,1.3340686479007602,0.5306392175356547,0.0,-4.543037872314453,0.42711157170449116,11.376138653755186,0.5037230012669631,0.8499526233907059,1.0,0.3,1.221438436508179,0.6333333333333333,1.661695834889215,0.4131135393142699,2.1362368072197797,1.5024145589499474,0.19627519152184095,6.833100781440735,5.270430234818533,10.056564103545586,0.042323170178348586,9.846263375470809,0.5306392175356547,0.635677966968088,1.3340686479007602,0.5306392175356547,0.0,0.42711157170449116,0.5037230012669631,0.8499526233907059,1.221438436508179,0.6333333333333333,1.661695834889215,0.4131135393142699,2.1362368072197797,1.5024145589499474,0.19627519152184095,6.833100781440735,5.270430234818533,10.056564103545586,0.042323170178348586,1.0,0.3,1.0001,16.97922475936406,8.102914000024697,Wh,8.102914000024697,Wh
217,4809425ad883d9b5ee1b2ca5dd40b45e,RollingRegression,"{""regression_model"": {""model"": ""ExtraTrees"", ""model_params"": {""n_estimators"": 100, ""min_samples_leaf"": 1, ""max_depth"": 10}}, ""holiday"": false, ""mean_rolling_periods"": null, ""macd_periods"": null, ""std_rolling_periods"": 10, ""max_rolling_periods"": 24, ""min_rolling_periods"": 12, ""ewm_var_alpha"": null, ""quantile90_rolling_periods"": null, ""quantile10_rolling_periods"": null, ""ewm_alpha"": null, ""additional_lag_periods"": 59, ""abs_energy"": false, ""rolling_autocorr_periods"": null, ""nonzero_last_n"": null, ""add_date_part"": ""recurring"", ""polynomial_degree"": null, ""x_transform"": null, ""regression_type"": null}","{""fillna"": ""nearest"", ""transformations"": {""0"": ""Scaler"", ""1"": ""Scaler""}, ""transformation_params"": {""0"": {}, ""1"": {}}}",0,1,9.998697243686117,0.5341022511366746,0.5988699932297334,1.2341445259730328,0.5341022511366746,0.0,-10.604845953823999,0.4990887917379633,5.418221580276241,0.4485945113473027,0.8499526233907059,1.0,0.3333333333333333,1.3983736857005535,0.5333333333333333,1.6943849169163163,0.4403898204646712,2.245019002549928,1.405809614346912,0.2060021096498021,5.186624373547758,3.376268959959412,10.493567052291402,0.032125149772274916,9.998697243686117,0.5341022511366746,0.5988699932297334,1.2341445259730328,0.5341022511366746,0.0,0.4990887917379633,0.4485945113473027,0.8499526233907059,1.3983736857005535,0.5333333333333333,1.6943849169163163,0.4403898204646712,2.245019002549928,1.405809614346912,0.2060021096498021,5.186624373547758,3.376268959959412,10.493567052291402,0.032125149772274916,1.0,0.3333333333333333,1.0481,16.92933045561029,8.155794869966005,Wh,8.155794869966005,Wh
218,0683f591107432a41030bb169a6ce216,RollingRegression,"{""regression_model"": {""model"": ""ExtraTrees"", ""model_params"": {""n_estimators"": 100, ""min_samples_leaf"": 1, ""min_samples_split"": 2, ""max_depth"": null, ""criterion"": ""squared_error"", ""max_features"": 1}}, ""holiday"": false, ""mean_rolling_periods"": 5, ""macd_periods"": 364, ""std_rolling_periods"": null, ""max_rolling_periods"": 10, ""min_rolling_periods"": 12, ""ewm_var_alpha"": null, ""quantile90_rolling_periods"": null, ""quantile10_rolling_periods"": null, ""ewm_alpha"": 0.5, ""additional_lag_periods"": 2, ""abs_energy"": false, ""rolling_autocorr_periods"": null, ""nonzero_last_n"": null, ""add_date_part"": null, ""polynomial_degree"": null, ""x_transform"": null, ""regression_type"": null}","{""fillna"": ""ffill_mean_biased"", ""transformations"": {""0"": ""Scaler""}, ""transformation_params"": {""0"": {}}}",0,1,9.9158858627852,0.5301221680641175,0.6051618639135082,1.1763813723830296,0.5301221680641175,0.0,-12.06882131576538,0.5104852228901766,3.834843726158142,0.42787120085696057,0.8499526233907059,1.0,0.4,1.3310166740417477,0.5,1.712519896758441,0.42739054946899413,2.2720856291531657,1.3363606054019548,0.15411941784746488,8.233977589607239,5.988966635209289,11.547758977117988,0.05099998462135637,9.9158858627852,0.5301221680641175,0.6051618639135082,1.1763813723830296,0.5301221680641175,0.0,0.5104852228901766,0.42787120085696057,0.8499526233907059,1.3310166740417477,0.5,1.712519896758441,0.42739054946899413,2.2720856291531657,1.3363606054019548,0.15411941784746488,8.233977589607239,5.988966635209289,11.547758977117988,0.05099998462135637,1.0,0.4,1.0388,16.90116681144679,8.095018602807205,Wh,8.095018602807205,Wh
219,e318f5340a874ccae7951adffb77a47f,RollingRegression,"{""regression_model"": {""model"": ""ExtraTrees"", ""model_params"": {""n_estimators"": 100, ""min_samples_leaf"": 1, ""min_samples_split"": 2, ""max_depth"": null, ""criterion"": ""squared_error"", ""max_features"": 1}}, ""holiday"": false, ""mean_rolling_periods"": 12, ""macd_periods"": null, ""std_rolling_periods"": null, ""max_rolling_periods"": 24, ""min_rolling_periods"": 12, ""ewm_var_alpha"": null, ""quantile90_rolling_periods"": null, ""quantile10_rolling_periods"": null, ""ewm_alpha"": null, ""additional_lag_periods"": 32, ""abs_energy"": false, ""rolling_autocorr_periods"": null, ""nonzero_last_n"": null, ""add_date_part"": ""recurring"", ""polynomial_degree"": null, ""x_transform"": null, ""regression_type"": null}","{""fillna"": ""rolling_mean"", ""transformations"": {""0"": ""Scaler"", ""1"": ""Scaler""}, ""transformation_params"": {""0"": {}, ""1"": {}}}",0,1,9.927923002664203,0.5303192969957988,0.6087530395306693,1.115331355914512,0.5303192969957988,0.0,-10.999236445426941,0.49994319737593607,4.910342464447023,0.4380239559474931,0.8499526233907059,1.0,0.5333333333333333,1.276345639228821,0.5333333333333333,1.6972711304702934,0.4235763448715211,2.282974549990856,1.2710624862286752,0.22773794165852065,6.088893980979918,3.4394104820486793,10.738304304127812,0.037713668274127234,9.927923002664203,0.5303192969957988,0.6087530395306693,1.115331355914512,0.5303192969957988,0.0,0.49994319737593607,0.4380239559474931,0.8499526233907059,1.276345639228821,0.5333333333333333,1.6972711304702934,0.4235763448715211,2.282974549990856,1.2710624862286752,0.22773794165852065,6.088893980979918,3.4394104820486793,10.738304304127812,0.037713668274127234,1.0,0.5333333333333333,1.0348,16.896054178727255,8.0980287813382,Wh,8.0980287813382,Wh
220,022a5319ac51ff337678faf0fac4387c,RollingRegression,"{""regression_model"": {""model"": ""ExtraTrees"", ""model_params"": {""n_estimators"": 100, ""min_samples_leaf"": 1, ""max_depth"": 10}}, ""holiday"": false, ""mean_rolling_periods"": 7, ""macd_periods"": null, ""std_rolling_periods"": null, ""max_rolling_periods"": 420, ""min_rolling_periods"": 7, ""ewm_var_alpha"": null, ""quantile90_rolling_periods"": null, ""quantile10_rolling_periods"": null, ""ewm_alpha"": 0.5, ""additional_lag_periods"": 363, ""abs_energy"": false, ""rolling_autocorr_periods"": null, ""nonzero_last_n"": null, ""add_date_part"": ""simple"", ""polynomial_degree"": null, ""x_transform"": null, ""regression_type"": null}","{""fillna"": ""ffill_mean_biased"", ""transformations"": {""0"": ""Scaler"", ""1"": ""Scaler""}, ""transformation_params"": {""0"": {}, ""1"": {}}}",0,1,9.89115438838665,0.5281499224413011,0.6029951583726806,1.167719466271911,0.5281499224413011,0.0,-11.319089718409955,0.5013134051570882,4.525407954829078,0.4331050713020969,0.8499526233907059,1.0,0.6333333333333333,1.1980401563644412,0.5,1.7108506737591194,0.42991554472151267,2.241702504251411,1.6854073082924503,0.30463660244155255,6.793681763580876,4.075066157127451,8.589348393562139,0.04207901487396942,9.89115438838665,0.5281499224413011,0.6029951583726806,1.167719466271911,0.5281499224413011,0.0,0.5013134051570882,0.4331050713020969,0.8499526233907059,1.1980401563644412,0.5,1.7108506737591194,0.42991554472151267,2.241702504251411,1.6854073082924503,0.30463660244155255,6.793681763580876,4.075066157127451,8.589348393562139,0.04207901487396942,1.0,0.6333333333333333,1.051,16.847476311071137,8.06490221460879,Wh,8.06490221460879,Wh
221,aaabc5ce797f5c308316d556449c8d24,RollingRegression,"{""regression_model"": {""model"": ""ExtraTrees"", ""model_params"": {""n_estimators"": 100, ""min_samples_leaf"": 1, ""min_samples_split"": 2, ""max_depth"": null, ""criterion"": ""squared_error"", ""max_features"": 1}}, ""holiday"": false, ""mean_rolling_periods"": null, ""macd_periods"": null, ""std_rolling_periods"": 10, ""max_rolling_periods"": 420, ""min_rolling_periods"": 7, ""ewm_var_alpha"": null, ""quantile90_rolling_periods"": null, ""quantile10_rolling_periods"": null, ""ewm_alpha"": null, ""additional_lag_periods"": 59, ""abs_energy"": false, ""rolling_autocorr_periods"": null, ""nonzero_last_n"": null, ""add_date_part"": ""recurring"", ""polynomial_degree"": null, ""x_transform"": null, ""regression_type"": null}","{""fillna"": ""rolling_mean_24"", ""transformations"": {""0"": null}, ""transformation_params"": {""0"": {}}}",0,1,9.645505012135077,0.522186150630315,0.636166612818038,1.215597543226887,0.522186150630315,0.0,-4.236469485759733,0.4203185930714749,11.42911503314972,0.4941608563601782,0.8499526233907059,1.0,0.36666666666666664,1.236249132156372,0.6333333333333333,1.6564323604685551,0.402216553211212,2.1953271875713773,1.0027240011782923,0.16573436692628485,7.192645547389986,9.229899745269043,11.947127834770134,0.04455013489067004,9.645505012135077,0.522186150630315,0.636166612818038,1.215597543226887,0.522186150630315,0.0,0.4203185930714749,0.4941608563601782,0.8499526233907059,1.236249132156372,0.6333333333333333,1.6564323604685551,0.402216553211212,2.1953271875713773,1.0027240011782923,0.16573436692628485,7.192645547389986,9.229899745269043,11.947127834770134,0.04455013489067004,1.0,0.36666666666666664,1.021,16.84132866744957,7.97383482173004,Wh,7.97383482173004,Wh
222,db0e41fb25290810d4a0fb21211c4c5d,ARIMA,"{""p"": 4, ""d"": 0, ""q"": 12, ""regression_type"": null}","{""fillna"": ""cubic"", ""transformations"": {}, ""transformation_params"": {}}",0,4,10.337870980068772,0.5697161627150616,0.7109839525417926,1.0776754484611089,0.5697161627150616,0.0,-20.71444759251532,0.4535428684656801,47.65149193329208,0.5300436706533056,0.7052686147779443,0.9916666666666667,0.55,1.872311245812404,0.7,1.6438649200847706,0.4256035855947642,2.2128181933628124,2.021142338527837,0.22666758395701692,11.691792500037174,11.50611549137407,9.378083719436132,0.07318677636311793,10.337870980068772,0.5697161627150616,0.7109839525417926,1.0776754484611089,0.5697161627150616,0.0,0.4535428684656801,0.5300436706533056,0.7052686147779443,1.872311245812404,0.7,1.6438649200847706,0.4256035855947642,2.2128181933628124,2.021142338527837,0.22666758395701692,11.691792500037174,11.50611549137407,9.378083719436132,0.07318677636311793,0.9916666666666667,0.55,2.970625,16.83383209426789,12.002810774527502,Wh,12.002810774527502,Wh
223,a4a0781d47a88a631f5d6f39da738f28,ARIMA,"{""p"": 4, ""d"": 0, ""q"": 12, ""regression_type"": null}","{""fillna"": ""ffill"", ""transformations"": {""0"": null}, ""transformation_params"": {""0"": {}}}",0,4,10.337870980068772,0.5697161627150616,0.7109839525417926,1.0776754484611089,0.5697161627150616,0.0,-20.71444759251532,0.4535428684656801,47.65149193329208,0.5300436706533056,0.7052686147779443,0.9916666666666667,0.55,1.872311245812404,0.7,1.6438649200847706,0.4256035855947642,2.2128181933628124,2.021142338527837,0.22666758395701692,11.691792500037174,11.50611549137407,9.378083719436132,0.07318677636311793,10.337870980068772,0.5697161627150616,0.7109839525417926,1.0776754484611089,0.5697161627150616,0.0,0.4535428684656801,0.5300436706533056,0.7052686147779443,1.872311245812404,0.7,1.6438649200847706,0.4256035855947642,2.2128181933628124,2.021142338527837,0.22666758395701692,11.691792500037174,11.50611549137407,9.378083719436132,0.07318677636311793,0.9916666666666667,0.55,2.940625,16.83382773400997,12.002810774527502,Wh,12.002810774527502,Wh
224,632b467cfa6a0714a6ee22ab123b116f,RollingRegression,"{""regression_model"": {""model"": ""ExtraTrees"", ""model_params"": {""n_estimators"": 100, ""min_samples_leaf"": 1, ""min_samples_split"": 2, ""max_depth"": null, ""criterion"": ""squared_error"", ""max_features"": 1}}, ""holiday"": false, ""mean_rolling_periods"": 5, ""macd_periods"": null, ""std_rolling_periods"": 10, ""max_rolling_periods"": 364, ""min_rolling_periods"": null, ""ewm_var_alpha"": null, ""quantile90_rolling_periods"": null, ""quantile10_rolling_periods"": null, ""ewm_alpha"": null, ""additional_lag_periods"": 83, ""abs_energy"": false, ""rolling_autocorr_periods"": 7, ""nonzero_last_n"": null, ""add_date_part"": ""recurring"", ""polynomial_degree"": null, ""x_transform"": null, ""regression_type"": null}","{""fillna"": ""ffill"", ""transformations"": {""0"": ""Scaler"", ""1"": ""Scaler""}, ""transformation_params"": {""0"": {}, ""1"": {}}}",0,1,9.904026252448066,0.5302596856753031,0.5939810445870286,1.231294643271095,0.5302596856753031,0.0,-9.231938261985778,0.48028327726309666,6.675852308273314,0.46071301127322956,0.8499526233907059,1.0,0.4666666666666667,1.2029215955734252,0.4,1.7510326801412506,0.4390624994277954,2.2472606985800767,1.1009950759922218,0.2127204839637415,2.556085953712465,1.9546542049957243,10.429310201927482,0.01583200135190299,9.904026252448066,0.5302596856753031,0.5939810445870286,1.231294643271095,0.5302596856753031,0.0,0.48028327726309666,0.46071301127322956,0.8499526233907059,1.2029215955734252,0.4,1.7510326801412506,0.4390624994277954,2.2472606985800767,1.1009950759922218,0.2127204839637415,2.556085953712465,1.9546542049957243,10.429310201927482,0.01583200135190299,1.0,0.4666666666666667,3.7362,16.818466548035722,8.097118510503625,Wh,8.097118510503625,Wh
225,f35b128a207ce709972c167568d19770,RollingRegression,"{""regression_model"": {""model"": ""ExtraTrees"", ""model_params"": {""n_estimators"": 100, ""min_samples_leaf"": 1, ""max_depth"": 10}}, ""holiday"": false, ""mean_rolling_periods"": null, ""macd_periods"": null, ""std_rolling_periods"": null, ""max_rolling_periods"": 420, ""min_rolling_periods"": 7, ""ewm_var_alpha"": null, ""quantile90_rolling_periods"": null, ""quantile10_rolling_periods"": null, ""ewm_alpha"": null, ""additional_lag_periods"": 363, ""abs_energy"": false, ""rolling_autocorr_periods"": null, ""nonzero_last_n"": null, ""add_date_part"": ""expanded"", ""polynomial_degree"": null, ""x_transform"": null, ""regression_type"": null}","{""fillna"": ""ffill_mean_biased"", ""transformations"": {}, ""transformation_params"": {}}",0,1,9.819799251821223,0.5242387088116741,0.6036012631581474,1.183903763900301,0.5242387088116741,0.0,-11.29429866055941,0.4957756763394271,4.432862603790812,0.4312533793805216,0.8499526233907059,1.0,0.6,1.439127966361788,0.5333333333333333,1.6902840855619634,0.4331164128412813,2.2125298972087277,0.9226764455514643,0.37566536503208814,6.861436056768599,7.241867589041395,7.754304198344603,0.042498674494486986,9.819799251821223,0.5242387088116741,0.6036012631581474,1.183903763900301,0.5242387088116741,0.0,0.4957756763394271,0.4312533793805216,0.8499526233907059,1.439127966361788,0.5333333333333333,1.6902840855619634,0.4331164128412813,2.2125298972087277,0.9226764455514643,0.37566536503208814,6.861436056768599,7.241867589041395,7.754304198344603,0.042498674494486986,1.0,0.6,1.2246,16.815323115802,8.00517759074142,Wh,8.00517759074142,Wh
226,57bf828cec7283340974c08180205a83,RollingRegression,"{""regression_model"": {""model"": ""ExtraTrees"", ""model_params"": {""n_estimators"": 100, ""min_samples_leaf"": 1, ""min_samples_split"": 2, ""max_depth"": null, ""criterion"": ""squared_error"", ""max_features"": 1}}, ""holiday"": false, ""mean_rolling_periods"": 12, ""macd_periods"": 364, ""std_rolling_periods"": null, ""max_rolling_periods"": 90, ""min_rolling_periods"": null, ""ewm_var_alpha"": null, ""quantile90_rolling_periods"": null, ""quantile10_rolling_periods"": null, ""ewm_alpha"": null, ""additional_lag_periods"": 11, ""abs_energy"": false, ""rolling_autocorr_periods"": null, ""nonzero_last_n"": null, ""add_date_part"": ""recurring"", ""polynomial_degree"": null, ""x_transform"": null, ""regression_type"": null}","{""fillna"": ""ffill"", ""transformations"": {""0"": ""Scaler"", ""1"": ""Scaler""}, ""transformation_params"": {""0"": {}, ""1"": {}}}",0,1,9.641119072444619,0.5161587567329405,0.6247099166422247,1.0985908791870862,0.5161587567329405,0.0,-11.162976584434507,0.4896676424295739,4.32178611755371,0.41716561075613534,0.8499526233907059,1.0,0.5,1.3188650321960447,0.4666666666666667,1.7330155008483168,0.391966940498352,2.3183897253970587,1.4728764558514231,0.2235510549957051,6.841190466880798,3.7134331041549284,9.948686342306527,0.04237327643969615,9.641119072444619,0.5161587567329405,0.6247099166422247,1.0985908791870862,0.5161587567329405,0.0,0.4896676424295739,0.41716561075613534,0.8499526233907059,1.3188650321960447,0.4666666666666667,1.7330155008483168,0.391966940498352,2.3183897253970587,1.4728764558514231,0.2235510549957051,6.841190466880798,3.7134331041549284,9.948686342306527,0.04237327643969615,1.0,0.5,1.0525,16.711269182979386,7.88179591321982,Wh,7.88179591321982,Wh
227,7e4e67b9a8ba0d4f4ae9312fb23c653a,RollingRegression,"{""regression_model"": {""model"": ""ExtraTrees"", ""model_params"": {""n_estimators"": 100, ""min_samples_leaf"": 1, ""min_samples_split"": 2, ""max_depth"": null, ""criterion"": ""squared_error"", ""max_features"": 1}}, ""holiday"": false, ""mean_rolling_periods"": null, ""macd_periods"": null, ""std_rolling_periods"": null, ""max_rolling_periods"": 420, ""min_rolling_periods"": 12, ""ewm_var_alpha"": null, ""quantile90_rolling_periods"": null, ""quantile10_rolling_periods"": null, ""ewm_alpha"": null, ""additional_lag_periods"": 59, ""abs_energy"": false, ""rolling_autocorr_periods"": null, ""nonzero_last_n"": null, ""add_date_part"": ""recurring"", ""polynomial_degree"": null, ""x_transform"": null, ""regression_type"": null}","{""fillna"": ""mean"", ""transformations"": {""0"": ""Scaler""}, ""transformation_params"": {""0"": {}}}",0,1,9.385303188881748,0.5070121989250183,0.6375129888950777,1.216562948704068,0.5070121989250183,0.0,-3.9845723819732664,0.4068101354685478,11.225793585777282,0.47796841935438306,0.8499526233907059,1.0,0.43333333333333335,1.2841066360473636,0.6,1.6641718055841626,0.37990233116149896,2.128840451391871,1.0238937498713956,0.1710228807630628,7.241221203804017,10.426761305107412,11.916121930411158,0.04485100499908699,9.385303188881748,0.5070121989250183,0.6375129888950777,1.216562948704068,0.5070121989250183,0.0,0.4068101354685478,0.47796841935438306,0.8499526233907059,1.2841066360473636,0.6,1.6641718055841626,0.37990233116149896,2.128840451391871,1.0238937498713956,0.1710228807630628,7.241221203804017,10.426761305107412,11.916121930411158,0.04485100499908699,1.0,0.43333333333333335,1.0703,16.620501210170936,7.742127059383421,Wh,7.742127059383421,Wh
228,d2b8fa6530f9126167c66c6d123d44fc,RollingRegression,"{""regression_model"": {""model"": ""ExtraTrees"", ""model_params"": {""n_estimators"": 100, ""min_samples_leaf"": 1, ""min_samples_split"": 2, ""max_depth"": null, ""criterion"": ""squared_error"", ""max_features"": 1}}, ""holiday"": false, ""mean_rolling_periods"": null, ""macd_periods"": null, ""std_rolling_periods"": null, ""max_rolling_periods"": 420, ""min_rolling_periods"": 12, ""ewm_var_alpha"": null, ""quantile90_rolling_periods"": null, ""quantile10_rolling_periods"": null, ""ewm_alpha"": null, ""additional_lag_periods"": 59, ""abs_energy"": false, ""rolling_autocorr_periods"": null, ""nonzero_last_n"": null, ""add_date_part"": ""recurring"", ""polynomial_degree"": null, ""x_transform"": null, ""regression_type"": null}","{""fillna"": ""ffill"", ""transformations"": {""0"": ""Scaler""}, ""transformation_params"": {""0"": {}}}",0,1,9.385303188881748,0.5070121989250183,0.6375129888950777,1.216562948704068,0.5070121989250183,0.0,-3.9845723819732664,0.4068101354685478,11.225793585777282,0.47796841935438306,0.8499526233907059,1.0,0.43333333333333335,1.2841066360473636,0.6,1.6641718055841626,0.37990233116149896,2.128840451391871,1.0238937498713956,0.1710228807630628,7.241221203804017,10.426761305107412,11.916121930411158,0.04485100499908699,9.385303188881748,0.5070121989250183,0.6375129888950777,1.216562948704068,0.5070121989250183,0.0,0.4068101354685478,0.47796841935438306,0.8499526233907059,1.2841066360473636,0.6,1.6641718055841626,0.37990233116149896,2.128840451391871,1.0238937498713956,0.1710228807630628,7.241221203804017,10.426761305107412,11.916121930411158,0.04485100499908699,1.0,0.43333333333333335,1.0319,16.620495629040793,7.742127059383421,Wh,7.742127059383421,Wh
229,cef9a776d671034fb3bd27cbef438d64,RollingRegression,"{""regression_model"": {""model"": ""ExtraTrees"", ""model_params"": {""n_estimators"": 100, ""min_samples_leaf"": 1, ""min_samples_split"": 2, ""max_depth"": null, ""criterion"": ""squared_error"", ""max_features"": 1}}, ""holiday"": false, ""mean_rolling_periods"": 5, ""macd_periods"": null, ""std_rolling_periods"": 5, ""max_rolling_periods"": 10, ""min_rolling_periods"": 7, ""ewm_var_alpha"": null, ""quantile90_rolling_periods"": null, ""quantile10_rolling_periods"": null, ""ewm_alpha"": 0.05, ""additional_lag_periods"": 11, ""abs_energy"": false, ""rolling_autocorr_periods"": 7, ""nonzero_last_n"": null, ""add_date_part"": null, ""polynomial_degree"": null, ""x_transform"": null, ""regression_type"": null}","{""fillna"": ""mean"", ""transformations"": {""0"": ""Scaler"", ""1"": ""Scaler""}, ""transformation_params"": {""0"": {}, ""1"": {}}}",0,1,9.672460461102434,0.517734057108561,0.5934986703667406,1.1725163430633314,0.517734057108561,0.0,-10.060718059539793,0.47998015912236724,5.471303653717041,0.43732901600548735,0.8499526233907059,1.0,0.5666666666666667,1.2366880273818968,0.5,1.7036812626257287,0.416286802482605,2.219657775566294,1.2588136906498484,0.15156440782170041,4.589414405822752,2.7185558295266077,12.092523097682147,0.028426123531525956,9.672460461102434,0.517734057108561,0.5934986703667406,1.1725163430633314,0.517734057108561,0.0,0.47998015912236724,0.43732901600548735,0.8499526233907059,1.2366880273818968,0.5,1.7036812626257287,0.416286802482605,2.219657775566294,1.2588136906498484,0.15156440782170041,4.589414405822752,2.7185558295266077,12.092523097682147,0.028426123531525956,1.0,0.5666666666666667,3.532,16.61327701902738,7.905850907735941,Wh,7.905850907735941,Wh
230,c590ad189d28dda4b1e4930347b72f27,RollingRegression,"{""regression_model"": {""model"": ""ExtraTrees"", ""model_params"": {""n_estimators"": 100, ""min_samples_leaf"": 1, ""min_samples_split"": 2, ""max_depth"": null, ""criterion"": ""squared_error"", ""max_features"": 1}}, ""holiday"": false, ""mean_rolling_periods"": 5, ""macd_periods"": 52, ""std_rolling_periods"": null, ""max_rolling_periods"": 10, ""min_rolling_periods"": null, ""ewm_var_alpha"": null, ""quantile90_rolling_periods"": null, ""quantile10_rolling_periods"": null, ""ewm_alpha"": 0.5, ""additional_lag_periods"": 2, ""abs_energy"": false, ""rolling_autocorr_periods"": null, ""nonzero_last_n"": null, ""add_date_part"": ""recurring"", ""polynomial_degree"": null, ""x_transform"": null, ""regression_type"": null}","{""fillna"": ""ffill"", ""transformations"": {""0"": ""Scaler""}, ""transformation_params"": {""0"": {}}}",0,1,9.612896584542089,0.5144158652623495,0.5921244633585562,1.1140881228891666,0.5144158652623495,0.0,-9.816148495674131,0.4751296457773826,5.616327462196351,0.43646572269058725,0.8499526233907059,1.0,0.5333333333333333,1.2871004199981693,0.5,1.6978911642032897,0.41199222564697263,2.212532531756902,1.2884058398364335,0.18361063407920156,4.199821033477782,2.3050657271486474,11.453410575245647,0.026013042395228673,9.612896584542089,0.5144158652623495,0.5921244633585562,1.1140881228891666,0.5144158652623495,0.0,0.4751296457773826,0.43646572269058725,0.8499526233907059,1.2871004199981693,0.5,1.6978911642032897,0.41199222564697263,2.212532531756902,1.2884058398364335,0.18361063407920156,4.199821033477782,2.3050657271486474,11.453410575245647,0.026013042395228673,1.0,0.5333333333333333,1.0628,16.548184197786224,7.855181785897752,Wh,7.855181785897752,Wh
231,b75981038bcad0b23e2fcd9e05c4f018,RollingRegression,"{""regression_model"": {""model"": ""ExtraTrees"", ""model_params"": {""n_estimators"": 100, ""min_samples_leaf"": 1, ""min_samples_split"": 2, ""max_depth"": null, ""criterion"": ""squared_error"", ""max_features"": 1}}, ""holiday"": false, ""mean_rolling_periods"": 5, ""macd_periods"": 24, ""std_rolling_periods"": 7, ""max_rolling_periods"": 364, ""min_rolling_periods"": null, ""ewm_var_alpha"": null, ""quantile90_rolling_periods"": null, ""quantile10_rolling_periods"": null, ""ewm_alpha"": 0.5, ""additional_lag_periods"": 83, ""abs_energy"": false, ""rolling_autocorr_periods"": 7, ""nonzero_last_n"": null, ""add_date_part"": ""simple"", ""polynomial_degree"": null, ""x_transform"": null, ""regression_type"": null}","{""fillna"": ""ffill"", ""transformations"": {""0"": ""Scaler""}, ""transformation_params"": {""0"": {}}}",0,1,9.604477421827712,0.5139388348261514,0.578116743658978,1.132704658863371,0.5139388348261514,0.0,-9.406290421485899,0.47075058994394076,6.011874623298644,0.44251112269082316,0.8499526233907059,1.0,0.4666666666666667,1.0554985618591308,0.5333333333333333,1.6664422639701848,0.4290288988113402,2.1988219529879585,1.1948207693290356,0.2044926850739383,3.3944157981872545,2.179474944594573,10.970936632487094,0.02102448684394545,9.604477421827712,0.5139388348261514,0.578116743658978,1.132704658863371,0.5139388348261514,0.0,0.47075058994394076,0.44251112269082316,0.8499526233907059,1.0554985618591308,0.5333333333333333,1.6664422639701848,0.4290288988113402,2.1988219529879585,1.1948207693290356,0.2044926850739383,3.3944157981872545,2.179474944594573,10.970936632487094,0.02102448684394545,1.0,0.4666666666666667,3.45,16.488020967632057,7.847897483358151,Wh,7.847897483358151,Wh
232,7a689717171d5d36bf7509cfe80736a5,RollingRegression,"{""regression_model"": {""model"": ""ExtraTrees"", ""model_params"": {""n_estimators"": 100, ""min_samples_leaf"": 1, ""min_samples_split"": 2, ""max_depth"": null, ""criterion"": ""squared_error"", ""max_features"": 1}}, ""holiday"": false, ""mean_rolling_periods"": 7, ""macd_periods"": 96, ""std_rolling_periods"": null, ""max_rolling_periods"": 420, ""min_rolling_periods"": null, ""ewm_var_alpha"": null, ""quantile90_rolling_periods"": null, ""quantile10_rolling_periods"": null, ""ewm_alpha"": null, ""additional_lag_periods"": 11, ""abs_energy"": false, ""rolling_autocorr_periods"": null, ""nonzero_last_n"": null, ""add_date_part"": ""recurring"", ""polynomial_degree"": null, ""x_transform"": null, ""regression_type"": null}","{""fillna"": ""ffill"", ""transformations"": {""0"": null}, ""transformation_params"": {""0"": {}}}",0,1,9.179595101294256,0.4968736030260722,0.6510575592083546,1.1161381900515175,0.4968736030260722,0.0,-2.3768979883193966,0.37494619086761566,12.529310102462766,0.48741859414946187,0.8499526233907059,1.0,0.5,1.2950452899932863,0.5666666666666667,1.6939047056917111,0.36268565673828124,2.0540701317641745,0.9830387481931967,0.17017146107103462,10.15241211414337,10.064309140278134,10.745097876769595,0.06288247157054526,9.179595101294256,0.4968736030260722,0.6510575592083546,1.1161381900515175,0.4968736030260722,0.0,0.37494619086761566,0.48741859414946187,0.8499526233907059,1.2950452899932863,0.5666666666666667,1.6939047056917111,0.36268565673828124,2.0540701317641745,0.9830387481931967,0.17017146107103462,10.15241211414337,10.064309140278134,10.745097876769595,0.06288247157054526,1.0,0.5,1.0545,16.485176002773123,7.587309684535616,Wh,7.587309684535616,Wh
233,30e8f1d69e2e28b8e72ca324c24fd291,RollingRegression,"{""regression_model"": {""model"": ""ExtraTrees"", ""model_params"": {""n_estimators"": 100, ""min_samples_leaf"": 1, ""min_samples_split"": 2, ""max_depth"": null, ""criterion"": ""squared_error"", ""max_features"": 1}}, ""holiday"": false, ""mean_rolling_periods"": 7, ""macd_periods"": 96, ""std_rolling_periods"": null, ""max_rolling_periods"": 420, ""min_rolling_periods"": null, ""ewm_var_alpha"": null, ""quantile90_rolling_periods"": null, ""quantile10_rolling_periods"": null, ""ewm_alpha"": null, ""additional_lag_periods"": 11, ""abs_energy"": false, ""rolling_autocorr_periods"": null, ""nonzero_last_n"": null, ""add_date_part"": ""recurring"", ""polynomial_degree"": null, ""x_transform"": null, ""regression_type"": null}","{""fillna"": ""median"", ""transformations"": {""0"": ""Scaler""}, ""transformation_params"": {""0"": {}}}",0,1,9.179595101294256,0.4968736030260722,0.6510575592083546,1.1161381900515175,0.4968736030260722,0.0,-2.3768979883193966,0.37494619086761566,12.529310102462766,0.48741859414946187,0.8499526233907059,1.0,0.5,1.2950452899932863,0.5666666666666667,1.6939047056917111,0.36268565673828124,2.0540701317641745,0.9830387481931967,0.17017146107103462,10.15241211414337,10.064309140278134,10.745097876769595,0.06288247157054526,9.179595101294256,0.4968736030260722,0.6510575592083546,1.1161381900515175,0.4968736030260722,0.0,0.37494619086761566,0.48741859414946187,0.8499526233907059,1.2950452899932863,0.5666666666666667,1.6939047056917111,0.36268565673828124,2.0540701317641745,0.9830387481931967,0.17017146107103462,10.15241211414337,10.064309140278134,10.745097876769595,0.06288247157054526,1.0,0.5,1.0539,16.485175915567964,7.587309684535616,Wh,7.587309684535616,Wh
234,6a238585ffa772aa795d2f140436cb5a,ARIMA,"{""p"": 4, ""d"": 0, ""q"": 12, ""regression_type"": ""Holiday""}","{""fillna"": ""ffill_mean_biased"", ""transformations"": {""0"": ""Scaler"", ""1"": ""Scaler""}, ""transformation_params"": {""0"": {}, ""1"": {}}}",0,4,10.142894208148478,0.5588620503602243,0.6744008994431645,1.0966528925484877,0.5588620503602243,0.0,-27.002139731264265,0.46587000283165714,40.061306311962646,0.5076640229424059,0.7030123154942924,0.9916666666666667,0.5083333333333333,1.856912503312497,0.7166666666666667,1.6086807673010208,0.4326935275616685,2.181177002143567,1.9170597039771151,0.2554391857069545,8.105342386495991,8.942507866511741,8.85240666796759,0.052674762194717,10.142894208148478,0.5588620503602243,0.6744008994431645,1.0966528925484877,0.5588620503602243,0.0,0.46587000283165714,0.5076640229424059,0.7030123154942924,1.856912503312497,0.7166666666666667,1.6086807673010208,0.4326935275616685,2.181177002143567,1.9170597039771151,0.2554391857069545,8.105342386495991,8.942507866511741,8.85240666796759,0.052674762194717,0.9916666666666667,0.5083333333333333,5.8855,16.48378362038749,11.197877122222728,Wh,11.197877122222728,Wh
235,615eec16ef53b07aa805fa4ad2882ecc,ARIMA,"{""p"": 4, ""d"": 0, ""q"": 12, ""regression_type"": ""Holiday""}","{""fillna"": ""ffill"", ""transformations"": {""0"": ""Scaler"", ""1"": ""Scaler"", ""2"": ""Scaler""}, ""transformation_params"": {""0"": {}, ""1"": {}, ""2"": {}}}",0,4,10.142894208148478,0.5588620503602243,0.6744008994431645,1.0966528925484877,0.5588620503602243,0.0,-27.002139731264265,0.46587000283165714,40.061306311962646,0.5076640229424059,0.7030123154942924,0.9916666666666667,0.5083333333333333,1.856912503312497,0.7166666666666667,1.6086807673010208,0.4326935275616685,2.181177002143567,1.9170597039771151,0.2554391857069545,8.105342386495991,8.942507866511741,8.85240666796759,0.052674762194717,10.142894208148478,0.5588620503602243,0.6744008994431645,1.0966528925484877,0.5588620503602243,0.0,0.46587000283165714,0.5076640229424059,0.7030123154942924,1.856912503312497,0.7166666666666667,1.6086807673010208,0.4326935275616685,2.181177002143567,1.9170597039771151,0.2554391857069545,8.105342386495991,8.942507866511741,8.85240666796759,0.052674762194717,0.9916666666666667,0.5083333333333333,5.8788,16.483782646596556,11.197877122222728,Wh,11.197877122222728,Wh
236,d0ac361df11667331fb107cdc185d900,ARIMA,"{""p"": 4, ""d"": 0, ""q"": 12, ""regression_type"": ""Holiday""}","{""fillna"": ""ffill"", ""transformations"": {""0"": ""Scaler""}, ""transformation_params"": {""0"": {}}}",0,4,10.142894208148478,0.5588620503602243,0.6744008994431645,1.0966528925484877,0.5588620503602243,0.0,-27.002139731264265,0.46587000283165714,40.061306311962646,0.5076640229424059,0.7030123154942924,0.9916666666666667,0.5083333333333333,1.856912503312497,0.7166666666666667,1.6086807673010208,0.4326935275616685,2.181177002143567,1.9170597039771151,0.2554391857069545,8.105342386495991,8.942507866511741,8.85240666796759,0.052674762194717,10.142894208148478,0.5588620503602243,0.6744008994431645,1.0966528925484877,0.5588620503602243,0.0,0.46587000283165714,0.5076640229424059,0.7030123154942924,1.856912503312497,0.7166666666666667,1.6086807673010208,0.4326935275616685,2.181177002143567,1.9170597039771151,0.2554391857069545,8.105342386495991,8.942507866511741,8.85240666796759,0.052674762194717,0.9916666666666667,0.5083333333333333,5.8753,16.483782137899794,11.197877122222728,Wh,11.197877122222728,Wh
237,c66d5fbf42d2221fe64ca7fcd851ca45,RollingRegression,"{""regression_model"": {""model"": ""ExtraTrees"", ""model_params"": {""n_estimators"": 100, ""min_samples_leaf"": 1, ""min_samples_split"": 2, ""max_depth"": null, ""criterion"": ""squared_error"", ""max_features"": 1}}, ""holiday"": false, ""mean_rolling_periods"": 5, ""macd_periods"": 33, ""std_rolling_periods"": null, ""max_rolling_periods"": null, ""min_rolling_periods"": null, ""ewm_var_alpha"": null, ""quantile90_rolling_periods"": null, ""quantile10_rolling_periods"": null, ""ewm_alpha"": 0.5, ""additional_lag_periods"": 23, ""abs_energy"": false, ""rolling_autocorr_periods"": null, ""nonzero_last_n"": null, ""add_date_part"": ""recurring"", ""polynomial_degree"": null, ""x_transform"": null, ""regression_type"": null}","{""fillna"": ""ffill"", ""transformations"": {""0"": ""Scaler"", ""1"": ""Scaler"", ""2"": ""Scaler""}, ""transformation_params"": {""0"": {}, ""1"": {}, ""2"": {}}}",0,1,9.423966731669895,0.5044089751243591,0.6035950848986765,1.1475940789525796,0.5044089751243591,0.0,-8.882882676124572,0.4574365895097773,6.2493865776062005,0.4321540536378915,0.8499526233907059,1.0,0.5,1.3839737510681154,0.5333333333333333,1.6829975172615235,0.3948580963134765,2.2074285541501397,1.2230505115619528,0.17861150979699844,2.6334960985183713,2.3231455631793785,12.462573229186296,0.016311467825023,9.423966731669895,0.5044089751243591,0.6035950848986765,1.1475940789525796,0.5044089751243591,0.0,0.4574365895097773,0.4321540536378915,0.8499526233907059,1.3839737510681154,0.5333333333333333,1.6829975172615235,0.3948580963134765,2.2074285541501397,1.2230505115619528,0.17861150979699844,2.6334960985183713,2.3231455631793785,12.462573229186296,0.016311467825023,1.0,0.5,1.0558,16.428079680195,7.702375571211249,Wh,7.702375571211249,Wh
238,fd2918a92cdc40720219171f54006134,RollingRegression,"{""regression_model"": {""model"": ""ExtraTrees"", ""model_params"": {""n_estimators"": 100, ""min_samples_leaf"": 1, ""min_samples_split"": 2, ""max_depth"": null, ""criterion"": ""squared_error"", ""max_features"": 1}}, ""holiday"": false, ""mean_rolling_periods"": 7, ""macd_periods"": 96, ""std_rolling_periods"": 10, ""max_rolling_periods"": 420, ""min_rolling_periods"": null, ""ewm_var_alpha"": null, ""quantile90_rolling_periods"": null, ""quantile10_rolling_periods"": null, ""ewm_alpha"": null, ""additional_lag_periods"": 2, ""abs_energy"": false, ""rolling_autocorr_periods"": null, ""nonzero_last_n"": null, ""add_date_part"": ""recurring"", ""polynomial_degree"": null, ""x_transform"": null, ""regression_type"": null}","{""fillna"": ""rolling_mean_24"", ""transformations"": {""0"": ""Scaler"", ""1"": ""Scaler""}, ""transformation_params"": {""0"": {}, ""1"": {}}}",0,1,9.059022867229633,0.4897677291234335,0.6445616838659145,1.092183567134377,0.4897677291234335,0.0,-1.9709550142288226,0.36902078694058305,12.722076859474182,0.48202674371195176,0.8499526233907059,1.0,0.5666666666666667,1.3262817955017088,0.5666666666666667,1.692378688658158,0.35163563194274916,2.0899735153207435,0.8923913963638307,0.164281260462464,10.751121845245361,9.593866947672701,11.413684679159958,0.06659078711386147,9.059022867229633,0.4897677291234335,0.6445616838659145,1.092183567134377,0.4897677291234335,0.0,0.36902078694058305,0.48202674371195176,0.8499526233907059,1.3262817955017088,0.5666666666666667,1.692378688658158,0.35163563194274916,2.0899735153207435,0.8923913963638307,0.164281260462464,10.751121845245361,9.593866947672701,11.413684679159958,0.06659078711386147,1.0,0.5666666666666667,1.0831,16.34438607817135,7.47880227832561,Wh,7.47880227832561,Wh
239,94bbc93f22c9a5efcef9cd52e50af646,RollingRegression,"{""regression_model"": {""model"": ""ExtraTrees"", ""model_params"": {""n_estimators"": 100, ""min_samples_leaf"": 1, ""min_samples_split"": 2, ""max_depth"": null, ""criterion"": ""squared_error"", ""max_features"": 1}}, ""holiday"": false, ""mean_rolling_periods"": 5, ""macd_periods"": 364, ""std_rolling_periods"": 7, ""max_rolling_periods"": 96, ""min_rolling_periods"": null, ""ewm_var_alpha"": null, ""quantile90_rolling_periods"": null, ""quantile10_rolling_periods"": null, ""ewm_alpha"": null, ""additional_lag_periods"": 83, ""abs_energy"": false, ""rolling_autocorr_periods"": null, ""nonzero_last_n"": null, ""add_date_part"": null, ""polynomial_degree"": null, ""x_transform"": null, ""regression_type"": null}","{""fillna"": ""ffill"", ""transformations"": {""0"": ""Scaler""}, ""transformation_params"": {""0"": {}}}",0,1,9.39155789543211,0.5028685936927795,0.5751520974519689,1.1431100718944809,0.5028685936927795,0.0,-10.046835517883299,0.4716437261091585,5.039222292900084,0.4223299065249465,0.8499526233907059,1.0,0.5,1.2658724451065062,0.5,1.6913345016605439,0.4061727518081665,2.1988750351438155,1.2705754092657884,0.08278751132340541,5.007613224983216,2.8243653399457607,13.111396181132578,0.031016382384400784,9.39155789543211,0.5028685936927795,0.5751520974519689,1.1431100718944809,0.5028685936927795,0.0,0.4716437261091585,0.4223299065249465,0.8499526233907059,1.2658724451065062,0.5,1.6913345016605439,0.4061727518081665,2.1988750351438155,1.2705754092657884,0.08278751132340541,5.007613224983216,2.8243653399457607,13.111396181132578,0.031016382384400784,1.0,0.5,1.0408,16.29532511756903,7.678853792468075,Wh,7.678853792468075,Wh
240,ec0b04e2c4f2ccbee061345fe8657bac,RollingRegression,"{""regression_model"": {""model"": ""ExtraTrees"", ""model_params"": {""n_estimators"": 100, ""min_samples_leaf"": 1, ""min_samples_split"": 2, ""max_depth"": null, ""criterion"": ""squared_error"", ""max_features"": 1}}, ""holiday"": false, ""mean_rolling_periods"": 5, ""macd_periods"": 24, ""std_rolling_periods"": 10, ""max_rolling_periods"": 364, ""min_rolling_periods"": null, ""ewm_var_alpha"": null, ""quantile90_rolling_periods"": null, ""quantile10_rolling_periods"": null, ""ewm_alpha"": 0.5, ""additional_lag_periods"": 83, ""abs_energy"": false, ""rolling_autocorr_periods"": 7, ""nonzero_last_n"": null, ""add_date_part"": ""recurring"", ""polynomial_degree"": null, ""x_transform"": null, ""regression_type"": null}","{""fillna"": ""ffill"", ""transformations"": {""0"": ""Scaler""}, ""transformation_params"": {""0"": {}}}",0,1,9.365206147959515,0.5015847919782002,0.5715755749789154,1.1639783068604268,0.5015847919782002,0.0,-9.059411687850952,0.4590377626305182,5.988132071495056,0.4333048100684247,0.8499526233907059,1.0,0.5,1.316507658958435,0.4666666666666667,1.7031869371953776,0.40768547725677495,2.110145994125662,0.998940831552215,0.15168073702320053,3.071279616355895,2.0550847160364185,11.843485970219378,0.01902303127467067,9.365206147959515,0.5015847919782002,0.5715755749789154,1.1639783068604268,0.5015847919782002,0.0,0.4590377626305182,0.4333048100684247,0.8499526233907059,1.316507658958435,0.4666666666666667,1.7031869371953776,0.40768547725677495,2.110145994125662,0.998940831552215,0.15168073702320053,3.071279616355895,2.0550847160364185,11.843485970219378,0.01902303127467067,1.0,0.5,3.493,16.253666690675537,7.6592500117022455,Wh,7.6592500117022455,Wh
241,4d0713c6277185ff67040186cfaf147f,RollingRegression,"{""regression_model"": {""model"": ""ExtraTrees"", ""model_params"": {""n_estimators"": 100, ""min_samples_leaf"": 1, ""min_samples_split"": 2, ""max_depth"": null, ""criterion"": ""squared_error"", ""max_features"": 1}}, ""holiday"": false, ""mean_rolling_periods"": null, ""macd_periods"": null, ""std_rolling_periods"": 10, ""max_rolling_periods"": 7, ""min_rolling_periods"": null, ""ewm_var_alpha"": null, ""quantile90_rolling_periods"": null, ""quantile10_rolling_periods"": null, ""ewm_alpha"": null, ""additional_lag_periods"": 59, ""abs_energy"": false, ""rolling_autocorr_periods"": null, ""nonzero_last_n"": null, ""add_date_part"": null, ""polynomial_degree"": null, ""x_transform"": null, ""regression_type"": null}","{""fillna"": ""akima"", ""transformations"": {""0"": ""Scaler"", ""1"": ""Scaler""}, ""transformation_params"": {""0"": {}, ""1"": {}}}",0,1,9.289925501653526,0.49731166219711304,0.5701359577829547,1.1824027160556587,0.49731166219711304,0.0,-9.729403715133666,0.46320988255680223,5.189946150779725,0.42115018467346554,0.8499526233907059,1.0,0.5,1.270595474243164,0.6,1.6392830302589991,0.40727200431823735,2.113333629369628,1.490387172939093,0.11764743969922271,4.539457564353942,3.0709987053967422,12.090797162394642,0.028116698576343104,9.289925501653526,0.49731166219711304,0.5701359577829547,1.1824027160556587,0.49731166219711304,0.0,0.46320988255680223,0.42115018467346554,0.8499526233907059,1.270595474243164,0.6,1.6392830302589991,0.40727200431823735,2.113333629369628,1.490387172939093,0.11764743969922271,4.539457564353942,3.0709987053967422,12.090797162394642,0.028116698576343104,1.0,0.5,0.9959,16.189807290969355,7.593998891952946,Wh,7.593998891952946,Wh
242,86a183cc44b8641db5220de5cbab7b92,RollingRegression,"{""regression_model"": {""model"": ""ExtraTrees"", ""model_params"": {""n_estimators"": 100, ""min_samples_leaf"": 1, ""min_samples_split"": 2, ""max_depth"": null, ""criterion"": ""squared_error"", ""max_features"": 1}}, ""holiday"": false, ""mean_rolling_periods"": 5, ""macd_periods"": 17, ""std_rolling_periods"": 10, ""max_rolling_periods"": 10, ""min_rolling_periods"": 28, ""ewm_var_alpha"": null, ""quantile90_rolling_periods"": null, ""quantile10_rolling_periods"": null, ""ewm_alpha"": 0.5, ""additional_lag_periods"": 2, ""abs_energy"": false, ""rolling_autocorr_periods"": null, ""nonzero_last_n"": null, ""add_date_part"": ""recurring"", ""polynomial_degree"": null, ""x_transform"": null, ""regression_type"": null}","{""fillna"": ""ffill_mean_biased"", ""transformations"": {""0"": ""Scaler"", ""1"": ""Scaler"", ""2"": ""Scaler""}, ""transformation_params"": {""0"": {}, ""1"": {}, ""2"": {}}}",0,1,9.240886348331738,0.4947708638509115,0.5699476233056573,1.1125886340094755,0.4947708638509115,0.0,-9.064027385711668,0.45450062805577846,5.779098529815673,0.42560439701683705,0.8499526233907059,1.0,0.6333333333333333,1.3730626678466793,0.5666666666666667,1.654934061058556,0.39815884494781484,2.1068206133702594,1.0194912046044085,0.10885367715845404,3.2849288558959957,1.976070167936147,13.106355061109362,0.02034634164469918,9.240886348331738,0.4947708638509115,0.5699476233056573,1.1125886340094755,0.4947708638509115,0.0,0.45450062805577846,0.42560439701683705,0.8499526233907059,1.3730626678466793,0.5666666666666667,1.654934061058556,0.39815884494781484,2.1068206133702594,1.0194912046044085,0.10885367715845404,3.2849288558959957,1.976070167936147,13.106355061109362,0.02034634164469918,1.0,0.6333333333333333,1.0847,16.13095666342907,7.5552006467228106,Wh,7.5552006467228106,Wh
243,86938a77fcac4ffaf4a1046ea67901c9,RollingRegression,"{""regression_model"": {""model"": ""ExtraTrees"", ""model_params"": {""n_estimators"": 100, ""min_samples_leaf"": 1, ""min_samples_split"": 2, ""max_depth"": null, ""criterion"": ""squared_error"", ""max_features"": 1}}, ""holiday"": true, ""mean_rolling_periods"": null, ""macd_periods"": null, ""std_rolling_periods"": 7, ""max_rolling_periods"": 24, ""min_rolling_periods"": 12, ""ewm_var_alpha"": null, ""quantile90_rolling_periods"": null, ""quantile10_rolling_periods"": null, ""ewm_alpha"": null, ""additional_lag_periods"": 6, ""abs_energy"": false, ""rolling_autocorr_periods"": null, ""nonzero_last_n"": null, ""add_date_part"": ""recurring"", ""polynomial_degree"": null, ""x_transform"": null, ""regression_type"": null}","{""fillna"": ""linear"", ""transformations"": {""0"": ""Scaler"", ""1"": ""Scaler"", ""2"": ""Scaler"", ""3"": ""Scaler""}, ""transformation_params"": {""0"": {}, ""1"": {}, ""2"": {}, ""3"": {}}}",0,1,9.048024987205805,0.48500910902023314,0.5934802532809668,1.1407760029984721,0.48500910902023314,0.0,-5.397571229934692,0.40589793273288705,9.152702040672303,0.44797213682056564,0.8499526233907059,1.0,0.6,1.0793989181518553,0.5333333333333333,1.666515769075529,0.3793324981689453,2.0566806304281076,1.0085994645371736,0.25674542010428725,3.75513081073761,5.981300022765523,9.188958533868893,0.023258699882851477,9.048024987205805,0.48500910902023314,0.5934802532809668,1.1407760029984721,0.48500910902023314,0.0,0.40589793273288705,0.44797213682056564,0.8499526233907059,1.0793989181518553,0.5333333333333333,1.666515769075529,0.3793324981689453,2.0566806304281076,1.0085994645371736,0.25674542010428725,3.75513081073761,5.981300022765523,9.188958533868893,0.023258699882851477,1.0,0.6,4.2723,16.09085335935636,7.406137672731451,Wh,7.406137672731451,Wh
244,ae960e1bf4c88e7fe7619eff63e5a2cc,RollingRegression,"{""regression_model"": {""model"": ""ExtraTrees"", ""model_params"": {""n_estimators"": 100, ""min_samples_leaf"": 1, ""max_depth"": 10}}, ""holiday"": false, ""mean_rolling_periods"": null, ""macd_periods"": null, ""std_rolling_periods"": null, ""max_rolling_periods"": 24, ""min_rolling_periods"": 7, ""ewm_var_alpha"": null, ""quantile90_rolling_periods"": null, ""quantile10_rolling_periods"": null, ""ewm_alpha"": null, ""additional_lag_periods"": 90, ""abs_energy"": false, ""rolling_autocorr_periods"": 2, ""nonzero_last_n"": null, ""add_date_part"": null, ""polynomial_degree"": null, ""x_transform"": null, ""regression_type"": null}","{""fillna"": ""ffill"", ""transformations"": {""0"": ""Scaler"", ""1"": ""Scaler"", ""2"": ""Scaler""}, ""transformation_params"": {""0"": {}, ""1"": {}, ""2"": {}}}",0,1,9.08800843484766,0.4882129157920717,0.586972731491979,1.3277462931814803,0.4882129157920717,0.0,-6.934171786074105,0.4239135601280496,7.712215687688046,0.43772303515285554,0.8499526233907059,1.0,0.5666666666666667,1.0868473298760026,0.6,1.6310706977329819,0.38228333442958035,2.085647346480342,1.0865540986245779,0.3924316770276263,0.7780439016139411,3.068129738938736,7.158858429920175,0.004819083679209267,9.08800843484766,0.4882129157920717,0.586972731491979,1.3277462931814803,0.4882129157920717,0.0,0.4239135601280496,0.43772303515285554,0.8499526233907059,1.0868473298760026,0.6,1.6310706977329819,0.38228333442958035,2.085647346480342,1.0865540986245779,0.3924316770276263,0.7780439016139411,3.068129738938736,7.158858429920175,0.004819083679209267,1.0,0.5666666666666667,3.7176,16.090779427214912,7.455060123027278,Wh,7.455060123027278,Wh
245,90947b1abd029e05a75e4f2e7027bc53,RollingRegression,"{""regression_model"": {""model"": ""Adaboost"", ""model_params"": {""n_estimators"": 200, ""loss"": ""square"", ""estimator"": null, ""learning_rate"": 0.25, ""max_depth"": 3}}, ""holiday"": false, ""mean_rolling_periods"": 5, ""macd_periods"": null, ""std_rolling_periods"": null, ""max_rolling_periods"": 10, ""min_rolling_periods"": 12, ""ewm_var_alpha"": null, ""quantile90_rolling_periods"": null, ""quantile10_rolling_periods"": null, ""ewm_alpha"": null, ""additional_lag_periods"": 38, ""abs_energy"": false, ""rolling_autocorr_periods"": null, ""nonzero_last_n"": null, ""add_date_part"": null, ""polynomial_degree"": null, ""x_transform"": null, ""regression_type"": null}","{""fillna"": ""ffill"", ""transformations"": {""0"": ""Scaler"", ""1"": ""Scaler""}, ""transformation_params"": {""0"": {}, ""1"": {}}}",0,1,9.219371916915001,0.49394694592096816,0.5605477033332463,1.1284623941765026,0.49394694592096816,0.0,-8.890703285489437,0.4537331916158859,5.9277050921396075,0.4263684033233353,0.8499526233907059,1.0,0.3333333333333333,1.2088938479153617,0.5,1.6792442660234463,0.40713648586274404,2.1363153588980617,0.8585297066435765,0.035854117441377044,2.9629981933498275,2.2577950287546726,14.4539115768872,0.01835235287556278,9.219371916915001,0.49394694592096816,0.5605477033332463,1.1284623941765026,0.49394694592096816,0.0,0.4537331916158859,0.4263684033233353,0.8499526233907059,1.2088938479153617,0.5,1.6792442660234463,0.40713648586274404,2.1363153588980617,0.8585297066435765,0.035854117441377044,2.9629981933498275,2.2577950287546726,14.4539115768872,0.01835235287556278,1.0,0.3333333333333333,0.8785,16.085093404228193,7.542619337409839,Wh,7.542619337409839,Wh
246,ee17c1e6f18c628bbd06b3397a0e8f68,RollingRegression,"{""regression_model"": {""model"": ""ExtraTrees"", ""model_params"": {""n_estimators"": 100, ""min_samples_leaf"": 1, ""min_samples_split"": 2, ""max_depth"": null, ""criterion"": ""squared_error"", ""max_features"": 1}}, ""holiday"": false, ""mean_rolling_periods"": null, ""macd_periods"": null, ""std_rolling_periods"": null, ""max_rolling_periods"": 420, ""min_rolling_periods"": 12, ""ewm_var_alpha"": null, ""quantile90_rolling_periods"": null, ""quantile10_rolling_periods"": null, ""ewm_alpha"": 0.2, ""additional_lag_periods"": 6, ""abs_energy"": false, ""rolling_autocorr_periods"": null, ""nonzero_last_n"": null, ""add_date_part"": ""recurring"", ""polynomial_degree"": null, ""x_transform"": null, ""regression_type"": null}","{""fillna"": ""ffill"", ""transformations"": {""0"": ""Scaler""}, ""transformation_params"": {""0"": {}}}",0,1,9.09945294134065,0.48694403775533057,0.5772007178952491,1.1738381733207242,0.48694403775533057,0.0,-5.508964109420778,0.4087856104300762,9.099357023239138,0.45271288633997603,0.8499526233907059,1.0,0.5,1.0122512817382816,0.5666666666666667,1.6417462775356628,0.3979385263442994,1.9649198198746158,0.9481626329782051,0.20763919856329316,3.5903929138183592,4.355636643196639,10.818150401528936,0.022238338809724346,9.09945294134065,0.48694403775533057,0.5772007178952491,1.1738381733207242,0.48694403775533057,0.0,0.4087856104300762,0.45271288633997603,0.8499526233907059,1.0122512817382816,0.5666666666666667,1.6417462775356628,0.3979385263442994,1.9649198198746158,0.9481626329782051,0.20763919856329316,3.5903929138183592,4.355636643196639,10.818150401528936,0.022238338809724346,1.0,0.5,1.0455,16.058629742569252,7.435684228316777,Wh,7.435684228316777,Wh
247,3b5b5b02b189c7194964bbed98017a58,RollingRegression,"{""regression_model"": {""model"": ""ExtraTrees"", ""model_params"": {""n_estimators"": 100, ""min_samples_leaf"": 1, ""min_samples_split"": 2, ""max_depth"": null, ""criterion"": ""squared_error"", ""max_features"": 1}}, ""holiday"": true, ""mean_rolling_periods"": 7, ""macd_periods"": null, ""std_rolling_periods"": null, ""max_rolling_periods"": 420, ""min_rolling_periods"": null, ""ewm_var_alpha"": null, ""quantile90_rolling_periods"": null, ""quantile10_rolling_periods"": null, ""ewm_alpha"": null, ""additional_lag_periods"": 59, ""abs_energy"": false, ""rolling_autocorr_periods"": null, ""nonzero_last_n"": null, ""add_date_part"": ""recurring"", ""polynomial_degree"": null, ""x_transform"": null, ""regression_type"": null}","{""fillna"": ""ffill"", ""transformations"": {""0"": ""Scaler""}, ""transformation_params"": {""0"": {}}}",0,1,8.961910468846725,0.48174623394012445,0.5925056801866375,1.0597692860896322,0.48174623394012445,0.0,-3.5238994979858402,0.38737795229218414,10.928487520217896,0.4606030226935963,0.8499526233907059,1.0,0.7,1.1703594398498538,0.5666666666666667,1.654871648712443,0.3764126857757568,1.9218775274159694,0.9207924556231993,0.2363350464196588,7.404588022232054,10.103117796616361,10.442411924864283,0.045862873823940956,8.961910468846725,0.48174623394012445,0.5925056801866375,1.0597692860896322,0.48174623394012445,0.0,0.38737795229218414,0.4606030226935963,0.8499526233907059,1.1703594398498538,0.5666666666666667,1.654871648712443,0.3764126857757568,1.9218775274159694,0.9207924556231993,0.2363350464196588,7.404588022232054,10.103117796616361,10.442411924864283,0.045862873823940956,1.0,0.7,4.2104,16.047267468345595,7.356313243452122,Wh,7.356313243452122,Wh
248,219a214ef33b8472b91fe36347b77c30,RollingRegression,"{""regression_model"": {""model"": ""ExtraTrees"", ""model_params"": {""n_estimators"": 100, ""min_samples_leaf"": 1, ""min_samples_split"": 2, ""max_depth"": null, ""criterion"": ""squared_error"", ""max_features"": 1}}, ""holiday"": false, ""mean_rolling_periods"": 5, ""macd_periods"": 24, ""std_rolling_periods"": 10, ""max_rolling_periods"": 364, ""min_rolling_periods"": null, ""ewm_var_alpha"": null, ""quantile90_rolling_periods"": null, ""quantile10_rolling_periods"": null, ""ewm_alpha"": 0.5, ""additional_lag_periods"": 2, ""abs_energy"": false, ""rolling_autocorr_periods"": null, ""nonzero_last_n"": null, ""add_date_part"": ""recurring"", ""polynomial_degree"": null, ""x_transform"": null, ""regression_type"": null}","{""fillna"": ""cubic"", ""transformations"": {""0"": ""Scaler""}, ""transformation_params"": {""0"": {}}}",0,1,9.166102022269515,0.49086721881230666,0.5623699022486682,1.1055316327353728,0.49086721881230666,0.0,-9.183997893333435,0.45414871757409914,5.542018671035765,0.4200693499524474,0.8499526233907059,1.0,0.5,1.232462577819824,0.5333333333333333,1.6658884026532528,0.3946339069366455,2.1261533453143198,1.1156035914993319,0.14881314541125867,3.64197922229767,1.9365970952019707,12.47353208541869,0.022557856431734646,9.166102022269515,0.49086721881230666,0.5623699022486682,1.1055316327353728,0.49086721881230666,0.0,0.45414871757409914,0.4200693499524474,0.8499526233907059,1.232462577819824,0.5333333333333333,1.6658884026532528,0.3946339069366455,2.1261533453143198,1.1156035914993319,0.14881314541125867,3.64197922229767,1.9365970952019707,12.47353208541869,0.022557856431734646,1.0,0.5,1.0824,16.03749755269243,7.495591595998412,Wh,7.495591595998412,Wh
249,eec91e26995c144fa0b679f7d1fea3e7,RollingRegression,"{""regression_model"": {""model"": ""ExtraTrees"", ""model_params"": {""n_estimators"": 100, ""min_samples_leaf"": 1, ""min_samples_split"": 2, ""max_depth"": null, ""criterion"": ""squared_error"", ""max_features"": 1}}, ""holiday"": false, ""mean_rolling_periods"": null, ""macd_periods"": null, ""std_rolling_periods"": null, ""max_rolling_periods"": 10, ""min_rolling_periods"": 12, ""ewm_var_alpha"": null, ""quantile90_rolling_periods"": null, ""quantile10_rolling_periods"": null, ""ewm_alpha"": null, ""additional_lag_periods"": 11, ""abs_energy"": false, ""rolling_autocorr_periods"": null, ""nonzero_last_n"": null, ""add_date_part"": ""simple_2"", ""polynomial_degree"": null, ""x_transform"": null, ""regression_type"": null}","{""fillna"": ""linear"", ""transformations"": {""0"": ""Scaler""}, ""transformation_params"": {""0"": {}}}",0,1,8.87935339775086,0.47669354136784875,0.5989063569131601,1.1119703124708398,0.47669354136784875,0.0,-4.11257809638977,0.3854478626177122,10.188228144645693,0.4509944320788779,0.8499526233907059,1.0,0.6333333333333333,1.0747691011428833,0.5,1.6946068460823709,0.36490037174224854,2.0030548733192406,0.9765842360578638,0.18452320577852271,6.075650048255922,8.30047258063729,11.37456259198965,0.03763163740169657,8.87935339775086,0.47669354136784875,0.5989063569131601,1.1119703124708398,0.47669354136784875,0.0,0.3854478626177122,0.4509944320788779,0.8499526233907059,1.0747691011428833,0.5,1.6946068460823709,0.36490037174224854,2.0030548733192406,0.9765842360578638,0.18452320577852271,6.075650048255922,8.30047258063729,11.37456259198965,0.03763163740169657,1.0,0.6333333333333333,1.043,15.983643202782241,7.279158121801199,Wh,7.279158121801199,Wh
250,d4f5c6effc62f4c44e3e010dd58e8bf9,RollingRegression,"{""regression_model"": {""model"": ""ExtraTrees"", ""model_params"": {""n_estimators"": 100, ""min_samples_leaf"": 1, ""min_samples_split"": 2, ""max_depth"": null, ""criterion"": ""squared_error"", ""max_features"": 1}}, ""holiday"": false, ""mean_rolling_periods"": null, ""macd_periods"": null, ""std_rolling_periods"": null, ""max_rolling_periods"": 420, ""min_rolling_periods"": 12, ""ewm_var_alpha"": null, ""quantile90_rolling_periods"": null, ""quantile10_rolling_periods"": null, ""ewm_alpha"": null, ""additional_lag_periods"": 2, ""abs_energy"": false, ""rolling_autocorr_periods"": null, ""nonzero_last_n"": null, ""add_date_part"": ""recurring"", ""polynomial_degree"": null, ""x_transform"": null, ""regression_type"": null}","{""fillna"": ""ffill"", ""transformations"": {""0"": ""Scaler""}, ""transformation_params"": {""0"": {}}}",0,1,8.953813394834704,0.4812304940223694,0.5842820131261909,1.1243625090893021,0.4812304940223694,0.0,-4.594467091560363,0.39716241933711344,9.842447729110718,0.45210627964322125,0.8499526233907059,1.0,0.7,1.095029983520508,0.6333333333333333,1.614107317037765,0.37932396469116214,2.0601653170449086,0.9052606522275721,0.15072687707811605,5.247980637550356,6.425734746129835,12.333065134135715,0.03250518098884101,8.953813394834704,0.4812304940223694,0.5842820131261909,1.1243625090893021,0.4812304940223694,0.0,0.39716241933711344,0.45210627964322125,0.8499526233907059,1.095029983520508,0.6333333333333333,1.614107317037765,0.37932396469116214,2.0601653170449086,0.9052606522275721,0.15072687707811605,5.247980637550356,6.425734746129835,12.333065134135715,0.03250518098884101,1.0,0.7,1.0901,15.978913863584635,7.348437843252044,Wh,7.348437843252044,Wh
251,3a2135fe6b51a220672388ab3c2467bc,RollingRegression,"{""regression_model"": {""model"": ""ExtraTrees"", ""model_params"": {""n_estimators"": 100, ""min_samples_leaf"": 1, ""min_samples_split"": 2, ""max_depth"": null, ""criterion"": ""squared_error"", ""max_features"": 1}}, ""holiday"": true, ""mean_rolling_periods"": 5, ""macd_periods"": 96, ""std_rolling_periods"": null, ""max_rolling_periods"": 10, ""min_rolling_periods"": null, ""ewm_var_alpha"": null, ""quantile90_rolling_periods"": null, ""quantile10_rolling_periods"": null, ""ewm_alpha"": null, ""additional_lag_periods"": 11, ""abs_energy"": false, ""rolling_autocorr_periods"": null, ""nonzero_last_n"": null, ""add_date_part"": ""recurring"", ""polynomial_degree"": null, ""x_transform"": null, ""regression_type"": null}","{""fillna"": ""ffill"", ""transformations"": {""0"": ""Scaler"", ""1"": ""Scaler""}, ""transformation_params"": {""0"": {}, ""1"": {}}}",0,1,8.979545465285257,0.4817449898719788,0.5794245523129457,1.1509322868985299,0.4817449898719788,0.0,-6.29000720500946,0.4178354754971468,8.162342491149904,0.43426452571199436,0.8499526233907059,1.0,0.5666666666666667,1.3130263662338253,0.6333333333333333,1.6151714922719451,0.3831077903747559,2.101783632088605,0.97246834168728,0.2193166228878269,1.8723352861404434,4.875438798293781,10.475241295774032,0.011596955391244916,8.979545465285257,0.4817449898719788,0.5794245523129457,1.1509322868985299,0.4817449898719788,0.0,0.4178354754971468,0.43426452571199436,0.8499526233907059,1.3130263662338253,0.6333333333333333,1.6151714922719451,0.3831077903747559,2.101783632088605,0.97246834168728,0.2193166228878269,1.8723352861404434,4.875438798293781,10.475241295774032,0.011596955391244916,1.0,0.5666666666666667,4.3192,15.96940661260167,7.356294246406931,Wh,7.356294246406931,Wh
252,38297293e8c4a09ecf406fb2e0174815,RollingRegression,"{""regression_model"": {""model"": ""ExtraTrees"", ""model_params"": {""n_estimators"": 100, ""min_samples_leaf"": 1, ""min_samples_split"": 2, ""max_depth"": null, ""criterion"": ""squared_error"", ""max_features"": 1}}, ""holiday"": false, ""mean_rolling_periods"": 7, ""macd_periods"": 28, ""std_rolling_periods"": null, ""max_rolling_periods"": 420, ""min_rolling_periods"": 12, ""ewm_var_alpha"": null, ""quantile90_rolling_periods"": null, ""quantile10_rolling_periods"": null, ""ewm_alpha"": 0.2, ""additional_lag_periods"": 6, ""abs_energy"": false, ""rolling_autocorr_periods"": null, ""nonzero_last_n"": null, ""add_date_part"": ""recurring"", ""polynomial_degree"": null, ""x_transform"": null, ""regression_type"": null}","{""fillna"": ""mean"", ""transformations"": {""0"": ""Scaler""}, ""transformation_params"": {""0"": {}}}",0,1,9.00042551651791,0.48227306461334235,0.5762605795228326,1.1874144239730569,0.48227306461334235,0.0,-4.734116830825806,0.3982278889703614,9.734075107574466,0.45539635777696746,0.8499526233907059,1.0,0.43333333333333335,1.171683979034424,0.6333333333333333,1.6134913275407774,0.3827906276702881,1.931831019490105,0.7889396243253349,0.16901302968001936,4.999958276748658,3.897927474699591,11.087038132474987,0.030968968818115093,9.00042551651791,0.48227306461334235,0.5762605795228326,1.1874144239730569,0.48227306461334235,0.0,0.3982278889703614,0.45539635777696746,0.8499526233907059,1.171683979034424,0.6333333333333333,1.6134913275407774,0.3827906276702881,1.931831019490105,0.7889396243253349,0.16901302968001936,4.999958276748658,3.897927474699591,11.087038132474987,0.030968968818115093,1.0,0.43333333333333335,1.0827,15.967934328417478,7.364358000598954,Wh,7.364358000598954,Wh
253,4a7208185dbabaea40ce941857ff3f49,RollingRegression,"{""regression_model"": {""model"": ""ExtraTrees"", ""model_params"": {""n_estimators"": 100, ""min_samples_leaf"": 1, ""min_samples_split"": 2, ""max_depth"": null, ""criterion"": ""squared_error"", ""max_features"": 1}}, ""holiday"": false, ""mean_rolling_periods"": 5, ""macd_periods"": 24, ""std_rolling_periods"": 7, ""max_rolling_periods"": 364, ""min_rolling_periods"": null, ""ewm_var_alpha"": null, ""quantile90_rolling_periods"": null, ""quantile10_rolling_periods"": null, ""ewm_alpha"": 0.5, ""additional_lag_periods"": 83, ""abs_energy"": false, ""rolling_autocorr_periods"": null, ""nonzero_last_n"": null, ""add_date_part"": null, ""polynomial_degree"": null, ""x_transform"": null, ""regression_type"": null}","{""fillna"": ""ffill"", ""transformations"": {""0"": ""Scaler""}, ""transformation_params"": {""0"": {}}}",0,1,9.076876553939607,0.48620348676045744,0.5554358731845985,1.12772168779492,0.48620348676045744,0.0,-8.934597430229186,0.44869014835440846,5.651507172584535,0.41813052517774735,0.8499526233907059,1.0,0.5666666666666667,1.193789687156677,0.5,1.6798109947666076,0.3951639293670655,2.0997525587326744,1.1140598362875944,0.1218273048482697,3.283090257644652,1.9585271760477028,12.049904390352568,0.020334953651287378,9.076876553939607,0.48620348676045744,0.5554358731845985,1.12772168779492,0.48620348676045744,0.0,0.44869014835440846,0.41813052517774735,0.8499526233907059,1.193789687156677,0.5,1.6798109947666076,0.3951639293670655,2.0997525587326744,1.1140598362875944,0.1218273048482697,3.283090257644652,1.9585271760477028,12.049904390352568,0.020334953651287378,1.0,0.5666666666666667,1.0418,15.932964653389917,7.42437594045227,Wh,7.42437594045227,Wh
254,5708da5fba4e8fb57300a5c3fd20f291,RollingRegression,"{""regression_model"": {""model"": ""ExtraTrees"", ""model_params"": {""n_estimators"": 100, ""min_samples_leaf"": 1, ""min_samples_split"": 2, ""max_depth"": null, ""criterion"": ""squared_error"", ""max_features"": 1}}, ""holiday"": false, ""mean_rolling_periods"": 30, ""macd_periods"": 64, ""std_rolling_periods"": null, ""max_rolling_periods"": 420, ""min_rolling_periods"": 12, ""ewm_var_alpha"": null, ""quantile90_rolling_periods"": null, ""quantile10_rolling_periods"": null, ""ewm_alpha"": 0.2, ""additional_lag_periods"": 90, ""abs_energy"": false, ""rolling_autocorr_periods"": null, ""nonzero_last_n"": null, ""add_date_part"": null, ""polynomial_degree"": null, ""x_transform"": null, ""regression_type"": null}","{""fillna"": ""ffill"", ""transformations"": {""0"": ""Scaler"", ""1"": ""Scaler""}, ""transformation_params"": {""0"": {}, ""1"": {}}}",0,1,9.132885631946126,0.48911236000061037,0.5401687632646763,1.1454296700928683,0.48911236000061037,0.0,-9.215750875473024,0.45478174774468344,5.457619924545288,0.4212637490291187,0.8499526233907059,1.0,0.43333333333333335,1.13403703212738,0.5,1.6722902059191678,0.4128781349182129,2.0837828521900903,0.9081476389113318,0.09172006681478623,3.758130950927735,2.4818357765140022,13.123663604827788,0.023277282287514738,9.132885631946126,0.48911236000061037,0.5401687632646763,1.1454296700928683,0.48911236000061037,0.0,0.45478174774468344,0.4212637490291187,0.8499526233907059,1.13403703212738,0.5,1.6722902059191678,0.4128781349182129,2.0837828521900903,0.9081476389113318,0.09172006681478623,3.758130950927735,2.4818357765140022,13.123663604827788,0.023277282287514738,1.0,0.43333333333333335,1.039,15.930928133613797,7.4687947261790315,Wh,7.4687947261790315,Wh
255,c0df700fc679ceb92f574eac0a12a7c4,RollingRegression,"{""regression_model"": {""model"": ""ExtraTrees"", ""model_params"": {""n_estimators"": 100, ""min_samples_leaf"": 1, ""min_samples_split"": 2, ""max_depth"": null, ""criterion"": ""squared_error"", ""max_features"": 1}}, ""holiday"": false, ""mean_rolling_periods"": 7, ""macd_periods"": null, ""std_rolling_periods"": 10, ""max_rolling_periods"": 420, ""min_rolling_periods"": null, ""ewm_var_alpha"": null, ""quantile90_rolling_periods"": null, ""quantile10_rolling_periods"": null, ""ewm_alpha"": null, ""additional_lag_periods"": 11, ""abs_energy"": false, ""rolling_autocorr_periods"": null, ""nonzero_last_n"": null, ""add_date_part"": ""recurring"", ""polynomial_degree"": null, ""x_transform"": null, ""regression_type"": null}","{""fillna"": ""ffill_mean_biased"", ""transformations"": {""0"": ""Scaler"", ""1"": ""Scaler"", ""2"": ""Scaler"", ""3"": ""Scaler""}, ""transformation_params"": {""0"": {}, ""1"": {}, ""2"": {}, ""3"": {}}}",0,1,8.919400818707233,0.4781832946936291,0.5778197446419758,1.1187130887078847,0.4781832946936291,0.0,-7.117065501213075,0.4217611821805073,7.228433339595796,0.4236579573148126,0.8499526233907059,1.0,0.6,1.2155767965316775,0.5666666666666667,1.6501870269742516,0.37942814168930056,2.1495936080799924,1.0811334601408367,0.16822593337080335,0.11136783838272102,3.2154655496615554,11.677378371557387,0.0006897951789425988,8.919400818707233,0.4781832946936291,0.5778197446419758,1.1187130887078847,0.4781832946936291,0.0,0.4217611821805073,0.4236579573148126,0.8499526233907059,1.2155767965316775,0.5666666666666667,1.6501870269742516,0.37942814168930056,2.1495936080799924,1.0811334601408367,0.16822593337080335,0.11136783838272102,3.2154655496615554,11.677378371557387,0.0006897951789425988,1.0,0.6,1.0601,15.891464805656067,7.301906804297961,Wh,7.301906804297961,Wh
256,2acf369c682b28e6cd465fb754a0f261,RollingRegression,"{""regression_model"": {""model"": ""ExtraTrees"", ""model_params"": {""n_estimators"": 100, ""min_samples_leaf"": 1, ""min_samples_split"": 2, ""max_depth"": null, ""criterion"": ""squared_error"", ""max_features"": 1}}, ""holiday"": false, ""mean_rolling_periods"": 5, ""macd_periods"": null, ""std_rolling_periods"": 10, ""max_rolling_periods"": 420, ""min_rolling_periods"": 12, ""ewm_var_alpha"": null, ""quantile90_rolling_periods"": null, ""quantile10_rolling_periods"": null, ""ewm_alpha"": null, ""additional_lag_periods"": 59, ""abs_energy"": false, ""rolling_autocorr_periods"": null, ""nonzero_last_n"": null, ""add_date_part"": ""recurring"", ""polynomial_degree"": null, ""x_transform"": null, ""regression_type"": null}","{""fillna"": ""ffill"", ""transformations"": {""0"": ""Scaler"", ""1"": ""Scaler""}, ""transformation_params"": {""0"": {}, ""1"": {}}}",0,1,9.030330666444105,0.4836295297940573,0.5521297193396202,1.1285653393124404,0.4836295297940573,0.0,-7.18575095653534,0.42736952243946325,7.323134937286379,0.4348639754922733,0.8499526233907059,1.0,0.4666666666666667,1.0952943897247316,0.6,1.6125788694679153,0.40115802993774424,2.0606175501013033,0.910552198706814,0.13845759115013914,0.13738398075103841,2.4647988801234386,12.353922917548195,0.0008509351439536639,9.030330666444105,0.4836295297940573,0.5521297193396202,1.1285653393124404,0.4836295297940573,0.0,0.42736952243946325,0.4348639754922733,0.8499526233907059,1.0952943897247316,0.6,1.6125788694679153,0.40115802993774424,2.0606175501013033,0.910552198706814,0.13845759115013914,0.13738398075103841,2.4647988801234386,12.353922917548195,0.0008509351439536639,1.0,0.4666666666666667,1.042,15.884548605999973,7.385071359770571,Wh,7.385071359770571,Wh
257,fa7beb3679ecc8f6845f099dc96282c7,RollingRegression,"{""regression_model"": {""model"": ""ExtraTrees"", ""model_params"": {""n_estimators"": 100, ""min_samples_leaf"": 1, ""min_samples_split"": 2, ""max_depth"": null, ""criterion"": ""squared_error"", ""max_features"": 1}}, ""holiday"": false, ""mean_rolling_periods"": 5, ""macd_periods"": 52, ""std_rolling_periods"": 10, ""max_rolling_periods"": 364, ""min_rolling_periods"": null, ""ewm_var_alpha"": null, ""quantile90_rolling_periods"": null, ""quantile10_rolling_periods"": null, ""ewm_alpha"": null, ""additional_lag_periods"": 83, ""abs_energy"": false, ""rolling_autocorr_periods"": null, ""nonzero_last_n"": null, ""add_date_part"": ""recurring"", ""polynomial_degree"": null, ""x_transform"": null, ""regression_type"": null}","{""fillna"": ""ffill"", ""transformations"": {""0"": ""Scaler""}, ""transformation_params"": {""0"": {}}}",0,1,8.913718779767196,0.4775609258015949,0.5746942676269677,1.1096305121494885,0.4775609258015949,0.0,-7.015231800079344,0.4197236794493999,7.311595973968504,0.4245385278946975,0.8499526233907059,1.0,0.5666666666666667,1.1713175344467164,0.5666666666666667,1.6428898886893921,0.38537814521789543,2.0946972534473143,0.8909196252552601,0.11524429964482061,0.2963641738891596,4.209880456915157,13.193206663031122,0.0018356338897187949,8.913718779767196,0.4775609258015949,0.5746942676269677,1.1096305121494885,0.4775609258015949,0.0,0.4197236794493999,0.4245385278946975,0.8499526233907059,1.1713175344467164,0.5666666666666667,1.6428898886893921,0.38537814521789543,2.0946972534473143,0.8909196252552601,0.11524429964482061,0.2963641738891596,4.209880456915157,13.193206663031122,0.0018356338897187949,1.0,0.5666666666666667,1.0647,15.881709844600007,7.2924031689807975,Wh,7.2924031689807975,Wh
258,cf135e4006055d92ac5a609c62c7cc32,RollingRegression,"{""regression_model"": {""model"": ""ExtraTrees"", ""model_params"": {""n_estimators"": 100, ""min_samples_leaf"": 1, ""min_samples_split"": 2, ""max_depth"": null, ""criterion"": ""squared_error"", ""max_features"": 1}}, ""holiday"": true, ""mean_rolling_periods"": 30, ""macd_periods"": 24, ""std_rolling_periods"": null, ""max_rolling_periods"": null, ""min_rolling_periods"": 7, ""ewm_var_alpha"": null, ""quantile90_rolling_periods"": null, ""quantile10_rolling_periods"": null, ""ewm_alpha"": null, ""additional_lag_periods"": 23, ""abs_energy"": false, ""rolling_autocorr_periods"": null, ""nonzero_last_n"": null, ""add_date_part"": ""recurring"", ""polynomial_degree"": null, ""x_transform"": null, ""regression_type"": null}","{""fillna"": ""ffill"", ""transformations"": {""0"": ""Scaler""}, ""transformation_params"": {""0"": {}}}",0,1,8.900553931347266,0.4771353851954142,0.5676102525070412,1.1383446567751738,0.4771353851954142,0.0,-5.741813497543336,0.4077476722603476,8.572248058319094,0.4372607933849366,0.8499526233907059,1.0,0.6,0.9826758193969729,0.5333333333333333,1.648304715167127,0.387462812614441,2.022518158657015,0.8307104889697317,0.22591694147949457,2.830434560775757,5.286639378719389,10.911863051596088,0.01753127422322809,8.900553931347266,0.4771353851954142,0.5676102525070412,1.1383446567751738,0.4771353851954142,0.0,0.4077476722603476,0.4372607933849366,0.8499526233907059,0.9826758193969729,0.5333333333333333,1.648304715167127,0.387462812614441,2.022518158657015,0.8307104889697317,0.22591694147949457,2.830434560775757,5.286639378719389,10.911863051596088,0.01753127422322809,1.0,0.6,4.2396,15.855098395140999,7.2859051213027275,Wh,7.2859051213027275,Wh
259,53c63da2d8caf96bf314ad6505be2f5f,RollingRegression,"{""regression_model"": {""model"": ""ExtraTrees"", ""model_params"": {""n_estimators"": 100, ""min_samples_leaf"": 1, ""min_samples_split"": 2, ""max_depth"": null, ""criterion"": ""squared_error"", ""max_features"": 1}}, ""holiday"": false, ""mean_rolling_periods"": 7, ""macd_periods"": 17, ""std_rolling_periods"": 10, ""max_rolling_periods"": 420, ""min_rolling_periods"": null, ""ewm_var_alpha"": null, ""quantile90_rolling_periods"": null, ""quantile10_rolling_periods"": null, ""ewm_alpha"": 0.2, ""additional_lag_periods"": 59, ""abs_energy"": false, ""rolling_autocorr_periods"": null, ""nonzero_last_n"": null, ""add_date_part"": ""recurring"", ""polynomial_degree"": null, ""x_transform"": null, ""regression_type"": null}","{""fillna"": ""ffill"", ""transformations"": {""0"": ""Scaler"", ""1"": ""Scaler"", ""2"": ""Scaler""}, ""transformation_params"": {""0"": {}, ""1"": {}, ""2"": {}}}",0,1,8.92925781995878,0.4809840703010559,0.5572021865062102,1.151127457097709,0.4809840703010559,0.0,-5.174116649627686,0.4058272693904707,9.255405459403992,0.4502592642391154,0.8499526233907059,1.0,0.43333333333333335,1.1524117851257323,0.5666666666666667,1.640555914116856,0.38869737720489494,2.0548649578929195,0.8264298814278043,0.1447682557870108,4.081288809776305,4.397975484502701,11.974433704665582,0.02527887212088392,8.92925781995878,0.4809840703010559,0.5572021865062102,1.151127457097709,0.4809840703010559,0.0,0.4058272693904707,0.4502592642391154,0.8499526233907059,1.1524117851257323,0.5666666666666667,1.640555914116856,0.38869737720489494,2.0548649578929195,0.8264298814278043,0.1447682557870108,4.081288809776305,4.397975484502701,11.974433704665582,0.02527887212088392,1.0,0.43333333333333335,1.0916,15.845770780995796,7.344674928346051,Wh,7.344674928346051,Wh
260,0ad635c6fff829d4d83bc948ad74e9ad,RollingRegression,"{""regression_model"": {""model"": ""ExtraTrees"", ""model_params"": {""n_estimators"": 100, ""min_samples_leaf"": 1, ""max_depth"": 10}}, ""holiday"": false, ""mean_rolling_periods"": null, ""macd_periods"": null, ""std_rolling_periods"": null, ""max_rolling_periods"": 24, ""min_rolling_periods"": 7, ""ewm_var_alpha"": null, ""quantile90_rolling_periods"": null, ""quantile10_rolling_periods"": null, ""ewm_alpha"": null, ""additional_lag_periods"": 363, ""abs_energy"": false, ""rolling_autocorr_periods"": 2, ""nonzero_last_n"": null, ""add_date_part"": null, ""polynomial_degree"": null, ""x_transform"": null, ""regression_type"": null}","{""fillna"": ""ffill"", ""transformations"": {""0"": null}, ""transformation_params"": {""0"": {}}}",0,1,8.778511502692703,0.4713409680108974,0.5815242022484163,1.2324281180137084,0.4713409680108974,0.0,-7.133604396897398,0.41547762830007234,7.006624643429524,0.41549580639426203,0.8499526233907059,1.0,0.5666666666666667,1.2421668488638735,0.6,1.630622674282617,0.360095459391558,2.0665600697036672,1.2778402843605743,0.3292396469702426,0.12697975346787338,3.109793698786866,7.878082765171928,0.0007864929681444602,8.778511502692703,0.4713409680108974,0.5815242022484163,1.2324281180137084,0.4713409680108974,0.0,0.41547762830007234,0.41549580639426203,0.8499526233907059,1.2421668488638735,0.6,1.630622674282617,0.360095459391558,2.0665600697036672,1.2778402843605743,0.3292396469702426,0.12697975346787338,3.109793698786866,7.878082765171928,0.0007864929681444602,1.0,0.5666666666666667,3.8299,15.790262720184662,7.197423790532542,Wh,7.197423790532542,Wh
