group,rank,usage_weight,weight_method,score_column,score_value,model_name,model_parameters,transformation_parameters,ensemble,source,is_best,feature_name,raw_score,is_target,parameter_group,parameter_path,parameter_value
model_weights,1.0,0.15959437547364122,inverse_rank_from_validation_score,Score,28.758449587690308,Ensemble,"{'model_name': 'BestN', 'model_count': 3, 'model_metric': 'best_score', 'models': {'b52c8876f9849485b32c9cd995d206f2': {'Model': 'SeasonalNaive', 'ModelParameters': '{""method"": ""lastvalue"", ""lag_1"": 64, ""lag_2"": 12}', 'TransformationParameters': '{""fillna"": ""ffill"", ""transformations"": {""0"": ""AlignLastValue"", ""1"": ""bkfilter"", ""2"": ""RegressionFilter"", ""3"": ""PowerTransformer"", ""4"": ""FFTDecomposition""}, ""transformation_params"": {""0"": {""rows"": 1, ""lag"": 1, ""method"": ""additive"", ""strength"": 1.0, ""first_value_only"": false, ""threshold"": 1, ""threshold_method"": ""mean"", ""mean_type"": ""arithmetic""}, ""1"": {}, ""2"": {""sigma"": 2, ""rolling_window"": 90, ""run_order"": ""season_first"", ""regression_params"": {""regression_model"": {""model"": ""ElasticNet"", ""model_params"": {""l1_ratio"": 0.5, ""fit_intercept"": true, ""selection"": ""cyclic"", ""max_iter"": 1000}}, ""datepart_method"": ""anchored_segment_fourier:us_school"", ""polynomial_degree"": null, ""transform_dict"": null, ""holiday_countries_used"": true, ""lags"": null, ""forward_lags"": null}, ""holiday_params"": null, ""trend_method"": ""rolling_mean""}, ""3"": {}, ""4"": {""n_harmonics"": 10, ""detrend"": ""linear""}}}'}, 'a28ec290170b13fd699d9f65cf8a8be5': {'Model': 'SeasonalNaive', 'ModelParameters': '{""method"": ""mean"", ""lag_1"": 64, ""lag_2"": 12}', 'TransformationParameters': '{""fillna"": ""ffill"", ""transformations"": {""0"": ""MinMaxScaler"", ""1"": ""DifferencedTransformer"", ""2"": ""ConvolutionFilter""}, ""transformation_params"": {""0"": {}, ""1"": {""lag"": 1, ""fill"": ""bfill""}, ""2"": {""weight"": [1.0, 0.5, 0.3333333333333333, 0.25, 0.2, 0.16666666666666666, 0.14285714285714285]}}}'}, '483bc03fb7d41bd6b09ed562ac44c517': {'Model': 'SeasonalityMotif', 'ModelParameters': '{""window"": 30, ""point_method"": ""weighted_mean"", ""distance_metric"": ""mqae"", ""k"": 15, ""datepart_method"": ""common_fourier"", ""independent"": true}', 'TransformationParameters': '{""fillna"": ""ffill"", ""transformations"": {""0"": null}, ""transformation_params"": {""0"": {}}}'}}, 'model_weights': {}, 'point_method': 'mean'}",{},1.0,model.results,True,,,,,,
model_weights,2.0,0.07979718773682061,inverse_rank_from_validation_score,Score,31.519201721166866,Ensemble,"{'model_name': 'BestN', 'model_count': 3, 'model_metric': 'best_score_unique', 'models': {'b52c8876f9849485b32c9cd995d206f2': {'Model': 'SeasonalNaive', 'ModelParameters': '{""method"": ""lastvalue"", ""lag_1"": 64, ""lag_2"": 12}', 'TransformationParameters': '{""fillna"": ""ffill"", ""transformations"": {""0"": ""AlignLastValue"", ""1"": ""bkfilter"", ""2"": ""RegressionFilter"", ""3"": ""PowerTransformer"", ""4"": ""FFTDecomposition""}, ""transformation_params"": {""0"": {""rows"": 1, ""lag"": 1, ""method"": ""additive"", ""strength"": 1.0, ""first_value_only"": false, ""threshold"": 1, ""threshold_method"": ""mean"", ""mean_type"": ""arithmetic""}, ""1"": {}, ""2"": {""sigma"": 2, ""rolling_window"": 90, ""run_order"": ""season_first"", ""regression_params"": {""regression_model"": {""model"": ""ElasticNet"", ""model_params"": {""l1_ratio"": 0.5, ""fit_intercept"": true, ""selection"": ""cyclic"", ""max_iter"": 1000}}, ""datepart_method"": ""anchored_segment_fourier:us_school"", ""polynomial_degree"": null, ""transform_dict"": null, ""holiday_countries_used"": true, ""lags"": null, ""forward_lags"": null}, ""holiday_params"": null, ""trend_method"": ""rolling_mean""}, ""3"": {}, ""4"": {""n_harmonics"": 10, ""detrend"": ""linear""}}}'}, '483bc03fb7d41bd6b09ed562ac44c517': {'Model': 'SeasonalityMotif', 'ModelParameters': '{""window"": 30, ""point_method"": ""weighted_mean"", ""distance_metric"": ""mqae"", ""k"": 15, ""datepart_method"": ""common_fourier"", ""independent"": true}', 'TransformationParameters': '{""fillna"": ""ffill"", ""transformations"": {""0"": null}, ""transformation_params"": {""0"": {}}}'}, '759f4757070db9464a47d5b64481062e': {'Model': 'ARDL', 'ModelParameters': '{""lags"": 1, ""trend"": ""n"", ""order"": 1, ""causal"": false, ""regression_type"": ""holiday""}', 'TransformationParameters': '{""fillna"": ""fake_date"", ""transformations"": {""0"": ""IntermittentOccurrence""}, ""transformation_params"": {""0"": {""center"": ""mean""}}}'}}, 'model_weights': {}, 'point_method': 'mean'}","{'fillna': 'fake_date', 'transformations': {'0': 'FIRFilter', '1': 'AlignLastValue', '2': 'AlignLastValue'}, 'transformation_params': {'0': {'numtaps': 32, 'cutoff_hz': 0.1, 'window': 'triang', 'sampling_frequency': 12, 'on_transform': False, 'on_inverse': True, 'bounds_only': True}, '1': {'rows': 1, 'lag': 1, 'method': 'multiplicative', 'strength': 1.0, 'first_value_only': False, 'threshold': None, 'threshold_method': 'mean'}, '2': {'rows': 1, 'lag': 1, 'method': 'multiplicative', 'strength': 1.0, 'first_value_only': True, 'threshold': 10, 'threshold_method': 'max'}}}",1.0,model.results,False,,,,,,
model_weights,3.0,0.0531981251578804,inverse_rank_from_validation_score,Score,31.519201721166873,Ensemble,"{'model_name': 'BestN', 'model_count': 3, 'model_metric': 'best_score_unique', 'models': {'b52c8876f9849485b32c9cd995d206f2': {'Model': 'SeasonalNaive', 'ModelParameters': '{""method"": ""lastvalue"", ""lag_1"": 64, ""lag_2"": 12}', 'TransformationParameters': '{""fillna"": ""ffill"", ""transformations"": {""0"": ""AlignLastValue"", ""1"": ""bkfilter"", ""2"": ""RegressionFilter"", ""3"": ""PowerTransformer"", ""4"": ""FFTDecomposition""}, ""transformation_params"": {""0"": {""rows"": 1, ""lag"": 1, ""method"": ""additive"", ""strength"": 1.0, ""first_value_only"": false, ""threshold"": 1, ""threshold_method"": ""mean"", ""mean_type"": ""arithmetic""}, ""1"": {}, ""2"": {""sigma"": 2, ""rolling_window"": 90, ""run_order"": ""season_first"", ""regression_params"": {""regression_model"": {""model"": ""ElasticNet"", ""model_params"": {""l1_ratio"": 0.5, ""fit_intercept"": true, ""selection"": ""cyclic"", ""max_iter"": 1000}}, ""datepart_method"": ""anchored_segment_fourier:us_school"", ""polynomial_degree"": null, ""transform_dict"": null, ""holiday_countries_used"": true, ""lags"": null, ""forward_lags"": null}, ""holiday_params"": null, ""trend_method"": ""rolling_mean""}, ""3"": {}, ""4"": {""n_harmonics"": 10, ""detrend"": ""linear""}}}'}, '483bc03fb7d41bd6b09ed562ac44c517': {'Model': 'SeasonalityMotif', 'ModelParameters': '{""window"": 30, ""point_method"": ""weighted_mean"", ""distance_metric"": ""mqae"", ""k"": 15, ""datepart_method"": ""common_fourier"", ""independent"": true}', 'TransformationParameters': '{""fillna"": ""ffill"", ""transformations"": {""0"": null}, ""transformation_params"": {""0"": {}}}'}, '759f4757070db9464a47d5b64481062e': {'Model': 'ARDL', 'ModelParameters': '{""lags"": 1, ""trend"": ""n"", ""order"": 1, ""causal"": false, ""regression_type"": ""holiday""}', 'TransformationParameters': '{""fillna"": ""fake_date"", ""transformations"": {""0"": ""IntermittentOccurrence""}, ""transformation_params"": {""0"": {""center"": ""mean""}}}'}}, 'model_weights': {}, 'point_method': 'mean'}","{'fillna': 'fake_date', 'transformations': {'0': 'AlignLastValue', '1': 'AlignLastValue'}, 'transformation_params': {'0': {'rows': 1, 'lag': 1, 'method': 'multiplicative', 'strength': 1.0, 'first_value_only': False, 'threshold': None, 'threshold_method': 'mean'}, '1': {'rows': 1, 'lag': 1, 'method': 'multiplicative', 'strength': 1.0, 'first_value_only': True, 'threshold': 10, 'threshold_method': 'max'}}}",1.0,model.results,False,,,,,,
model_weights,4.0,0.039898593868410305,inverse_rank_from_validation_score,Score,31.651498700513542,Ensemble,"{'model_name': 'BestN', 'model_count': 3, 'model_metric': 'best_score_unique', 'models': {'b52c8876f9849485b32c9cd995d206f2': {'Model': 'SeasonalNaive', 'ModelParameters': '{""method"": ""lastvalue"", ""lag_1"": 64, ""lag_2"": 12}', 'TransformationParameters': '{""fillna"": ""ffill"", ""transformations"": {""0"": ""AlignLastValue"", ""1"": ""bkfilter"", ""2"": ""RegressionFilter"", ""3"": ""PowerTransformer"", ""4"": ""FFTDecomposition""}, ""transformation_params"": {""0"": {""rows"": 1, ""lag"": 1, ""method"": ""additive"", ""strength"": 1.0, ""first_value_only"": false, ""threshold"": 1, ""threshold_method"": ""mean"", ""mean_type"": ""arithmetic""}, ""1"": {}, ""2"": {""sigma"": 2, ""rolling_window"": 90, ""run_order"": ""season_first"", ""regression_params"": {""regression_model"": {""model"": ""ElasticNet"", ""model_params"": {""l1_ratio"": 0.5, ""fit_intercept"": true, ""selection"": ""cyclic"", ""max_iter"": 1000}}, ""datepart_method"": ""anchored_segment_fourier:us_school"", ""polynomial_degree"": null, ""transform_dict"": null, ""holiday_countries_used"": true, ""lags"": null, ""forward_lags"": null}, ""holiday_params"": null, ""trend_method"": ""rolling_mean""}, ""3"": {}, ""4"": {""n_harmonics"": 10, ""detrend"": ""linear""}}}'}, '483bc03fb7d41bd6b09ed562ac44c517': {'Model': 'SeasonalityMotif', 'ModelParameters': '{""window"": 30, ""point_method"": ""weighted_mean"", ""distance_metric"": ""mqae"", ""k"": 15, ""datepart_method"": ""common_fourier"", ""independent"": true}', 'TransformationParameters': '{""fillna"": ""ffill"", ""transformations"": {""0"": null}, ""transformation_params"": {""0"": {}}}'}, '759f4757070db9464a47d5b64481062e': {'Model': 'ARDL', 'ModelParameters': '{""lags"": 1, ""trend"": ""n"", ""order"": 1, ""causal"": false, ""regression_type"": ""holiday""}', 'TransformationParameters': '{""fillna"": ""fake_date"", ""transformations"": {""0"": ""IntermittentOccurrence""}, ""transformation_params"": {""0"": {""center"": ""mean""}}}'}}, 'model_weights': {}, 'point_method': 'mean'}",{},1.0,model.results,False,,,,,,
model_weights,5.0,0.031918875094728245,inverse_rank_from_validation_score,Score,36.771783886291836,Ensemble,"{'model_name': 'BestN', 'model_count': 3, 'model_metric': 'best_score', 'models': {'b52c8876f9849485b32c9cd995d206f2': {'Model': 'SeasonalNaive', 'ModelParameters': '{""method"": ""lastvalue"", ""lag_1"": 64, ""lag_2"": 12}', 'TransformationParameters': '{""fillna"": ""ffill"", ""transformations"": {""0"": ""AlignLastValue"", ""1"": ""bkfilter"", ""2"": ""RegressionFilter"", ""3"": ""PowerTransformer"", ""4"": ""FFTDecomposition""}, ""transformation_params"": {""0"": {""rows"": 1, ""lag"": 1, ""method"": ""additive"", ""strength"": 1.0, ""first_value_only"": false, ""threshold"": 1, ""threshold_method"": ""mean"", ""mean_type"": ""arithmetic""}, ""1"": {}, ""2"": {""sigma"": 2, ""rolling_window"": 90, ""run_order"": ""season_first"", ""regression_params"": {""regression_model"": {""model"": ""ElasticNet"", ""model_params"": {""l1_ratio"": 0.5, ""fit_intercept"": true, ""selection"": ""cyclic"", ""max_iter"": 1000}}, ""datepart_method"": ""anchored_segment_fourier:us_school"", ""polynomial_degree"": null, ""transform_dict"": null, ""holiday_countries_used"": true, ""lags"": null, ""forward_lags"": null}, ""holiday_params"": null, ""trend_method"": ""rolling_mean""}, ""3"": {}, ""4"": {""n_harmonics"": 10, ""detrend"": ""linear""}}}'}, 'a28ec290170b13fd699d9f65cf8a8be5': {'Model': 'SeasonalNaive', 'ModelParameters': '{""method"": ""mean"", ""lag_1"": 64, ""lag_2"": 12}', 'TransformationParameters': '{""fillna"": ""ffill"", ""transformations"": {""0"": ""MinMaxScaler"", ""1"": ""DifferencedTransformer"", ""2"": ""ConvolutionFilter""}, ""transformation_params"": {""0"": {}, ""1"": {""lag"": 1, ""fill"": ""bfill""}, ""2"": {""weight"": [1.0, 0.5, 0.3333333333333333, 0.25, 0.2, 0.16666666666666666, 0.14285714285714285]}}}'}, '483bc03fb7d41bd6b09ed562ac44c517': {'Model': 'SeasonalityMotif', 'ModelParameters': '{""window"": 30, ""point_method"": ""weighted_mean"", ""distance_metric"": ""mqae"", ""k"": 15, ""datepart_method"": ""common_fourier"", ""independent"": true}', 'TransformationParameters': '{""fillna"": ""ffill"", ""transformations"": {""0"": null}, ""transformation_params"": {""0"": {}}}'}}, 'model_weights': {}, 'point_method': 'mean'}","{'fillna': 'fake_date', 'transformations': {'0': 'AlignLastValue', '1': 'AlignLastValue'}, 'transformation_params': {'0': {'rows': 1, 'lag': 1, 'method': 'multiplicative', 'strength': 1.0, 'first_value_only': False, 'threshold': None, 'threshold_method': 'mean'}, '1': {'rows': 1, 'lag': 1, 'method': 'multiplicative', 'strength': 1.0, 'first_value_only': True, 'threshold': 10, 'threshold_method': 'max'}}}",1.0,model.results,False,,,,,,
model_weights,6.0,0.0265990625789402,inverse_rank_from_validation_score,Score,36.771783886291836,Ensemble,"{'model_name': 'BestN', 'model_count': 3, 'model_metric': 'best_score', 'models': {'b52c8876f9849485b32c9cd995d206f2': {'Model': 'SeasonalNaive', 'ModelParameters': '{""method"": ""lastvalue"", ""lag_1"": 64, ""lag_2"": 12}', 'TransformationParameters': '{""fillna"": ""ffill"", ""transformations"": {""0"": ""AlignLastValue"", ""1"": ""bkfilter"", ""2"": ""RegressionFilter"", ""3"": ""PowerTransformer"", ""4"": ""FFTDecomposition""}, ""transformation_params"": {""0"": {""rows"": 1, ""lag"": 1, ""method"": ""additive"", ""strength"": 1.0, ""first_value_only"": false, ""threshold"": 1, ""threshold_method"": ""mean"", ""mean_type"": ""arithmetic""}, ""1"": {}, ""2"": {""sigma"": 2, ""rolling_window"": 90, ""run_order"": ""season_first"", ""regression_params"": {""regression_model"": {""model"": ""ElasticNet"", ""model_params"": {""l1_ratio"": 0.5, ""fit_intercept"": true, ""selection"": ""cyclic"", ""max_iter"": 1000}}, ""datepart_method"": ""anchored_segment_fourier:us_school"", ""polynomial_degree"": null, ""transform_dict"": null, ""holiday_countries_used"": true, ""lags"": null, ""forward_lags"": null}, ""holiday_params"": null, ""trend_method"": ""rolling_mean""}, ""3"": {}, ""4"": {""n_harmonics"": 10, ""detrend"": ""linear""}}}'}, 'a28ec290170b13fd699d9f65cf8a8be5': {'Model': 'SeasonalNaive', 'ModelParameters': '{""method"": ""mean"", ""lag_1"": 64, ""lag_2"": 12}', 'TransformationParameters': '{""fillna"": ""ffill"", ""transformations"": {""0"": ""MinMaxScaler"", ""1"": ""DifferencedTransformer"", ""2"": ""ConvolutionFilter""}, ""transformation_params"": {""0"": {}, ""1"": {""lag"": 1, ""fill"": ""bfill""}, ""2"": {""weight"": [1.0, 0.5, 0.3333333333333333, 0.25, 0.2, 0.16666666666666666, 0.14285714285714285]}}}'}, '483bc03fb7d41bd6b09ed562ac44c517': {'Model': 'SeasonalityMotif', 'ModelParameters': '{""window"": 30, ""point_method"": ""weighted_mean"", ""distance_metric"": ""mqae"", ""k"": 15, ""datepart_method"": ""common_fourier"", ""independent"": true}', 'TransformationParameters': '{""fillna"": ""ffill"", ""transformations"": {""0"": null}, ""transformation_params"": {""0"": {}}}'}}, 'model_weights': {}, 'point_method': 'mean'}","{'fillna': 'fake_date', 'transformations': {'0': 'FIRFilter', '1': 'AlignLastValue', '2': 'AlignLastValue'}, 'transformation_params': {'0': {'numtaps': 32, 'cutoff_hz': 0.1, 'window': 'triang', 'sampling_frequency': 12, 'on_transform': False, 'on_inverse': True, 'bounds_only': True}, '1': {'rows': 1, 'lag': 1, 'method': 'multiplicative', 'strength': 1.0, 'first_value_only': False, 'threshold': None, 'threshold_method': 'mean'}, '2': {'rows': 1, 'lag': 1, 'method': 'multiplicative', 'strength': 1.0, 'first_value_only': True, 'threshold': 10, 'threshold_method': 'max'}}}",1.0,model.results,False,,,,,,
model_weights,7.0,0.022799196496234457,inverse_rank_from_validation_score,Score,36.85085601270884,SeasonalNaive,"{'method': 'lastvalue', 'lag_1': 64, 'lag_2': 12}","{'fillna': 'ffill', 'transformations': {'0': 'AlignLastValue', '1': 'bkfilter', '2': 'RegressionFilter', '3': 'PowerTransformer', '4': 'FFTDecomposition'}, 'transformation_params': {'0': {'rows': 1, 'lag': 1, 'method': 'additive', 'strength': 1.0, 'first_value_only': False, 'threshold': 1, 'threshold_method': 'mean', 'mean_type': 'arithmetic'}, '1': {}, '2': {'sigma': 2, 'rolling_window': 90, 'run_order': 'season_first', 'regression_params': {'regression_model': {'model': 'ElasticNet', 'model_params': {'l1_ratio': 0.5, 'fit_intercept': True, 'selection': 'cyclic', 'max_iter': 1000}}, 'datepart_method': 'anchored_segment_fourier:us_school', 'polynomial_degree': None, 'transform_dict': None, 'holiday_countries_used': True, 'lags': None, 'forward_lags': None}, 'holiday_params': None, 'trend_method': 'rolling_mean'}, '3': {}, '4': {'n_harmonics': 10, 'detrend': 'linear'}}}",0.0,model.results,False,,,,,,
model_weights,8.0,0.019949296934205153,inverse_rank_from_validation_score,Score,36.86818588112546,Ensemble,"{'model_name': 'BestN', 'model_count': 5, 'model_metric': 'bestn_horizontal', 'models': {'b52c8876f9849485b32c9cd995d206f2': {'Model': 'SeasonalNaive', 'ModelParameters': '{""method"": ""lastvalue"", ""lag_1"": 64, ""lag_2"": 12}', 'TransformationParameters': '{""fillna"": ""ffill"", ""transformations"": {""0"": ""AlignLastValue"", ""1"": ""bkfilter"", ""2"": ""RegressionFilter"", ""3"": ""PowerTransformer"", ""4"": ""FFTDecomposition""}, ""transformation_params"": {""0"": {""rows"": 1, ""lag"": 1, ""method"": ""additive"", ""strength"": 1.0, ""first_value_only"": false, ""threshold"": 1, ""threshold_method"": ""mean"", ""mean_type"": ""arithmetic""}, ""1"": {}, ""2"": {""sigma"": 2, ""rolling_window"": 90, ""run_order"": ""season_first"", ""regression_params"": {""regression_model"": {""model"": ""ElasticNet"", ""model_params"": {""l1_ratio"": 0.5, ""fit_intercept"": true, ""selection"": ""cyclic"", ""max_iter"": 1000}}, ""datepart_method"": ""anchored_segment_fourier:us_school"", ""polynomial_degree"": null, ""transform_dict"": null, ""holiday_countries_used"": true, ""lags"": null, ""forward_lags"": null}, ""holiday_params"": null, ""trend_method"": ""rolling_mean""}, ""3"": {}, ""4"": {""n_harmonics"": 10, ""detrend"": ""linear""}}}'}, 'a28ec290170b13fd699d9f65cf8a8be5': {'Model': 'SeasonalNaive', 'ModelParameters': '{""method"": ""mean"", ""lag_1"": 64, ""lag_2"": 12}', 'TransformationParameters': '{""fillna"": ""ffill"", ""transformations"": {""0"": ""MinMaxScaler"", ""1"": ""DifferencedTransformer"", ""2"": ""ConvolutionFilter""}, ""transformation_params"": {""0"": {}, ""1"": {""lag"": 1, ""fill"": ""bfill""}, ""2"": {""weight"": [1.0, 0.5, 0.3333333333333333, 0.25, 0.2, 0.16666666666666666, 0.14285714285714285]}}}'}, '483bc03fb7d41bd6b09ed562ac44c517': {'Model': 'SeasonalityMotif', 'ModelParameters': '{""window"": 30, ""point_method"": ""weighted_mean"", ""distance_metric"": ""mqae"", ""k"": 15, ""datepart_method"": ""common_fourier"", ""independent"": true}', 'TransformationParameters': '{""fillna"": ""ffill"", ""transformations"": {""0"": null}, ""transformation_params"": {""0"": {}}}'}, 'd00109751cdbcbd8ed2960d92095ef47': {'Model': 'SeasonalityMotif', 'ModelParameters': '{""window"": 5, ""point_method"": ""weighted_mean"", ""distance_metric"": ""mqae"", ""k"": 15, ""datepart_method"": ""common_fourier"", ""independent"": true}', 'TransformationParameters': '{""fillna"": ""ffill"", ""transformations"": {""0"": ""RegressionFilter"", ""1"": ""PowerTransformer""}, ""transformation_params"": {""0"": {""sigma"": 2, ""rolling_window"": 90, ""run_order"": ""season_first"", ""regression_params"": {""regression_model"": {""model"": ""ElasticNet"", ""model_params"": {""l1_ratio"": 0.5, ""fit_intercept"": true, ""selection"": ""cyclic"", ""max_iter"": 1000}}, ""datepart_method"": ""anchored_segment_fourier:us_school"", ""polynomial_degree"": null, ""transform_dict"": null, ""holiday_countries_used"": true, ""lags"": null, ""forward_lags"": null}, ""holiday_params"": null, ""trend_method"": ""rolling_mean""}, ""1"": {}}}'}, '759f4757070db9464a47d5b64481062e': {'Model': 'ARDL', 'ModelParameters': '{""lags"": 1, ""trend"": ""n"", ""order"": 1, ""causal"": false, ""regression_type"": ""holiday""}', 'TransformationParameters': '{""fillna"": ""fake_date"", ""transformations"": {""0"": ""IntermittentOccurrence""}, ""transformation_params"": {""0"": {""center"": ""mean""}}}'}}, 'point_method': 'median', 'model_weights': {}}",{},1.0,model.results,False,,,,,,
model_weights,9.0,0.017732708385960135,inverse_rank_from_validation_score,Score,39.8857792269584,Ensemble,"{'model_name': 'BestN', 'model_count': 5, 'model_metric': 'bestn_horizontal', 'models': {'b52c8876f9849485b32c9cd995d206f2': {'Model': 'SeasonalNaive', 'ModelParameters': '{""method"": ""lastvalue"", ""lag_1"": 64, ""lag_2"": 12}', 'TransformationParameters': '{""fillna"": ""ffill"", ""transformations"": {""0"": ""AlignLastValue"", ""1"": ""bkfilter"", ""2"": ""RegressionFilter"", ""3"": ""PowerTransformer"", ""4"": ""FFTDecomposition""}, ""transformation_params"": {""0"": {""rows"": 1, ""lag"": 1, ""method"": ""additive"", ""strength"": 1.0, ""first_value_only"": false, ""threshold"": 1, ""threshold_method"": ""mean"", ""mean_type"": ""arithmetic""}, ""1"": {}, ""2"": {""sigma"": 2, ""rolling_window"": 90, ""run_order"": ""season_first"", ""regression_params"": {""regression_model"": {""model"": ""ElasticNet"", ""model_params"": {""l1_ratio"": 0.5, ""fit_intercept"": true, ""selection"": ""cyclic"", ""max_iter"": 1000}}, ""datepart_method"": ""anchored_segment_fourier:us_school"", ""polynomial_degree"": null, ""transform_dict"": null, ""holiday_countries_used"": true, ""lags"": null, ""forward_lags"": null}, ""holiday_params"": null, ""trend_method"": ""rolling_mean""}, ""3"": {}, ""4"": {""n_harmonics"": 10, ""detrend"": ""linear""}}}'}, 'a28ec290170b13fd699d9f65cf8a8be5': {'Model': 'SeasonalNaive', 'ModelParameters': '{""method"": ""mean"", ""lag_1"": 64, ""lag_2"": 12}', 'TransformationParameters': '{""fillna"": ""ffill"", ""transformations"": {""0"": ""MinMaxScaler"", ""1"": ""DifferencedTransformer"", ""2"": ""ConvolutionFilter""}, ""transformation_params"": {""0"": {}, ""1"": {""lag"": 1, ""fill"": ""bfill""}, ""2"": {""weight"": [1.0, 0.5, 0.3333333333333333, 0.25, 0.2, 0.16666666666666666, 0.14285714285714285]}}}'}, '483bc03fb7d41bd6b09ed562ac44c517': {'Model': 'SeasonalityMotif', 'ModelParameters': '{""window"": 30, ""point_method"": ""weighted_mean"", ""distance_metric"": ""mqae"", ""k"": 15, ""datepart_method"": ""common_fourier"", ""independent"": true}', 'TransformationParameters': '{""fillna"": ""ffill"", ""transformations"": {""0"": null}, ""transformation_params"": {""0"": {}}}'}, 'd00109751cdbcbd8ed2960d92095ef47': {'Model': 'SeasonalityMotif', 'ModelParameters': '{""window"": 5, ""point_method"": ""weighted_mean"", ""distance_metric"": ""mqae"", ""k"": 15, ""datepart_method"": ""common_fourier"", ""independent"": true}', 'TransformationParameters': '{""fillna"": ""ffill"", ""transformations"": {""0"": ""RegressionFilter"", ""1"": ""PowerTransformer""}, ""transformation_params"": {""0"": {""sigma"": 2, ""rolling_window"": 90, ""run_order"": ""season_first"", ""regression_params"": {""regression_model"": {""model"": ""ElasticNet"", ""model_params"": {""l1_ratio"": 0.5, ""fit_intercept"": true, ""selection"": ""cyclic"", ""max_iter"": 1000}}, ""datepart_method"": ""anchored_segment_fourier:us_school"", ""polynomial_degree"": null, ""transform_dict"": null, ""holiday_countries_used"": true, ""lags"": null, ""forward_lags"": null}, ""holiday_params"": null, ""trend_method"": ""rolling_mean""}, ""1"": {}}}'}, '759f4757070db9464a47d5b64481062e': {'Model': 'ARDL', 'ModelParameters': '{""lags"": 1, ""trend"": ""n"", ""order"": 1, ""causal"": false, ""regression_type"": ""holiday""}', 'TransformationParameters': '{""fillna"": ""fake_date"", ""transformations"": {""0"": ""IntermittentOccurrence""}, ""transformation_params"": {""0"": {""center"": ""mean""}}}'}}, 'point_method': 'median', 'model_weights': {}}","{'fillna': 'ffill', 'transformations': {'0': 'RegressionFilter', '1': 'HistoricValues'}, 'transformation_params': {'0': {'sigma': 1, 'rolling_window': 90, 'run_order': 'season_first', 'regression_params': {'regression_model': {'model': 'ElasticNet', 'model_params': {'l1_ratio': 0.5, 'fit_intercept': False, 'selection': 'cyclic', 'max_iter': 2000}}, 'datepart_method': 'simple', 'polynomial_degree': None, 'transform_dict': {'fillna': None, 'transformations': {'0': 'ScipyFilter'}, 'transformation_params': {'0': {'method': 'savgol_filter', 'method_args': {'window_length': 31, 'polyorder': 3, 'deriv': 0, 'mode': 'interp'}}}}, 'holiday_countries_used': False, 'lags': None, 'forward_lags': None}, 'holiday_params': None, 'trend_method': 'rolling_mean'}, '1': {'window': 28}}}",1.0,model.results,False,,,,,,
model_weights,10.0,0.015959437547364123,inverse_rank_from_validation_score,Score,41.083846505172865,Ensemble,"{'model_name': 'BestN', 'model_count': 5, 'model_metric': 'best_score_unique', 'models': {'b52c8876f9849485b32c9cd995d206f2': {'Model': 'SeasonalNaive', 'ModelParameters': '{""method"": ""lastvalue"", ""lag_1"": 64, ""lag_2"": 12}', 'TransformationParameters': '{""fillna"": ""ffill"", ""transformations"": {""0"": ""AlignLastValue"", ""1"": ""bkfilter"", ""2"": ""RegressionFilter"", ""3"": ""PowerTransformer"", ""4"": ""FFTDecomposition""}, ""transformation_params"": {""0"": {""rows"": 1, ""lag"": 1, ""method"": ""additive"", ""strength"": 1.0, ""first_value_only"": false, ""threshold"": 1, ""threshold_method"": ""mean"", ""mean_type"": ""arithmetic""}, ""1"": {}, ""2"": {""sigma"": 2, ""rolling_window"": 90, ""run_order"": ""season_first"", ""regression_params"": {""regression_model"": {""model"": ""ElasticNet"", ""model_params"": {""l1_ratio"": 0.5, ""fit_intercept"": true, ""selection"": ""cyclic"", ""max_iter"": 1000}}, ""datepart_method"": ""anchored_segment_fourier:us_school"", ""polynomial_degree"": null, ""transform_dict"": null, ""holiday_countries_used"": true, ""lags"": null, ""forward_lags"": null}, ""holiday_params"": null, ""trend_method"": ""rolling_mean""}, ""3"": {}, ""4"": {""n_harmonics"": 10, ""detrend"": ""linear""}}}'}, '483bc03fb7d41bd6b09ed562ac44c517': {'Model': 'SeasonalityMotif', 'ModelParameters': '{""window"": 30, ""point_method"": ""weighted_mean"", ""distance_metric"": ""mqae"", ""k"": 15, ""datepart_method"": ""common_fourier"", ""independent"": true}', 'TransformationParameters': '{""fillna"": ""ffill"", ""transformations"": {""0"": null}, ""transformation_params"": {""0"": {}}}'}, '759f4757070db9464a47d5b64481062e': {'Model': 'ARDL', 'ModelParameters': '{""lags"": 1, ""trend"": ""n"", ""order"": 1, ""causal"": false, ""regression_type"": ""holiday""}', 'TransformationParameters': '{""fillna"": ""fake_date"", ""transformations"": {""0"": ""IntermittentOccurrence""}, ""transformation_params"": {""0"": {""center"": ""mean""}}}'}, 'e89a3b30b5276cefef55356f531cb97d': {'Model': 'UnivariateMotif', 'ModelParameters': '{""window"": 10, ""point_method"": ""weighted_mean"", ""distance_metric"": ""canberra"", ""k"": 10, ""max_windows"": 10000}', 'TransformationParameters': '{""fillna"": ""ffill"", ""transformations"": {""0"": ""MinMaxScaler"", ""1"": ""AlignLastValue"", ""2"": ""ScipyFilter""}, ""transformation_params"": {""0"": {}, ""1"": {""rows"": 1, ""lag"": 1, ""method"": ""additive"", ""strength"": 1.0, ""first_value_only"": false, ""threshold"": 1, ""threshold_method"": ""max"", ""mean_type"": ""arithmetic""}, ""2"": {""method"": ""butter"", ""method_args"": {""N"": 4, ""btype"": ""highpass"", ""analog"": false, ""output"": ""sos"", ""Wn"": 0.011904761904761904}}}}'}, '23c85c773110afcdc5c3a31becf66854': {'Model': 'RRVAR', 'ModelParameters': '{""method"": ""als"", ""rank"": 16, ""maxiter"": 200}', 'TransformationParameters': '{""fillna"": ""nearest"", ""transformations"": {""0"": ""AlignLastValue"", ""1"": ""PowerTransformer""}, ""transformation_params"": {""0"": {""rows"": 1, ""lag"": 1, ""method"": ""additive"", ""strength"": 0.5, ""first_value_only"": false, ""threshold"": 10, ""threshold_method"": ""max"", ""mean_type"": ""arithmetic""}, ""1"": {}}}'}}, 'point_method': 'midhinge', 'model_weights': {}}","{'fillna': 'ffill', 'transformations': {'0': 'RegressionFilter', '1': 'HistoricValues'}, 'transformation_params': {'0': {'sigma': 1, 'rolling_window': 90, 'run_order': 'season_first', 'regression_params': {'regression_model': {'model': 'ElasticNet', 'model_params': {'l1_ratio': 0.5, 'fit_intercept': False, 'selection': 'cyclic', 'max_iter': 2000}}, 'datepart_method': 'simple', 'polynomial_degree': None, 'transform_dict': {'fillna': None, 'transformations': {'0': 'ScipyFilter'}, 'transformation_params': {'0': {'method': 'savgol_filter', 'method_args': {'window_length': 31, 'polyorder': 3, 'deriv': 0, 'mode': 'interp'}}}}, 'holiday_countries_used': False, 'lags': None, 'forward_lags': None}, 'holiday_params': None, 'trend_method': 'rolling_mean'}, '1': {'window': 28}}}",1.0,model.results,False,,,,,,
model_weights,11.0,0.014508579588512838,inverse_rank_from_validation_score,Score,41.3170162778793,Ensemble,"{'model_name': 'BestN', 'model_count': 3, 'model_metric': 'best_score', 'models': {'b52c8876f9849485b32c9cd995d206f2': {'Model': 'SeasonalNaive', 'ModelParameters': '{""method"": ""lastvalue"", ""lag_1"": 64, ""lag_2"": 12}', 'TransformationParameters': '{""fillna"": ""ffill"", ""transformations"": {""0"": ""AlignLastValue"", ""1"": ""bkfilter"", ""2"": ""RegressionFilter"", ""3"": ""PowerTransformer"", ""4"": ""FFTDecomposition""}, ""transformation_params"": {""0"": {""rows"": 1, ""lag"": 1, ""method"": ""additive"", ""strength"": 1.0, ""first_value_only"": false, ""threshold"": 1, ""threshold_method"": ""mean"", ""mean_type"": ""arithmetic""}, ""1"": {}, ""2"": {""sigma"": 2, ""rolling_window"": 90, ""run_order"": ""season_first"", ""regression_params"": {""regression_model"": {""model"": ""ElasticNet"", ""model_params"": {""l1_ratio"": 0.5, ""fit_intercept"": true, ""selection"": ""cyclic"", ""max_iter"": 1000}}, ""datepart_method"": ""anchored_segment_fourier:us_school"", ""polynomial_degree"": null, ""transform_dict"": null, ""holiday_countries_used"": true, ""lags"": null, ""forward_lags"": null}, ""holiday_params"": null, ""trend_method"": ""rolling_mean""}, ""3"": {}, ""4"": {""n_harmonics"": 10, ""detrend"": ""linear""}}}'}, 'a28ec290170b13fd699d9f65cf8a8be5': {'Model': 'SeasonalNaive', 'ModelParameters': '{""method"": ""mean"", ""lag_1"": 64, ""lag_2"": 12}', 'TransformationParameters': '{""fillna"": ""ffill"", ""transformations"": {""0"": ""MinMaxScaler"", ""1"": ""DifferencedTransformer"", ""2"": ""ConvolutionFilter""}, ""transformation_params"": {""0"": {}, ""1"": {""lag"": 1, ""fill"": ""bfill""}, ""2"": {""weight"": [1.0, 0.5, 0.3333333333333333, 0.25, 0.2, 0.16666666666666666, 0.14285714285714285]}}}'}, '483bc03fb7d41bd6b09ed562ac44c517': {'Model': 'SeasonalityMotif', 'ModelParameters': '{""window"": 30, ""point_method"": ""weighted_mean"", ""distance_metric"": ""mqae"", ""k"": 15, ""datepart_method"": ""common_fourier"", ""independent"": true}', 'TransformationParameters': '{""fillna"": ""ffill"", ""transformations"": {""0"": null}, ""transformation_params"": {""0"": {}}}'}}, 'model_weights': {}, 'point_method': 'mean'}","{'fillna': 'ffill', 'transformations': {'0': 'RegressionFilter', '1': 'HistoricValues'}, 'transformation_params': {'0': {'sigma': 1, 'rolling_window': 90, 'run_order': 'season_first', 'regression_params': {'regression_model': {'model': 'ElasticNet', 'model_params': {'l1_ratio': 0.5, 'fit_intercept': False, 'selection': 'cyclic', 'max_iter': 2000}}, 'datepart_method': 'simple', 'polynomial_degree': None, 'transform_dict': {'fillna': None, 'transformations': {'0': 'ScipyFilter'}, 'transformation_params': {'0': {'method': 'savgol_filter', 'method_args': {'window_length': 31, 'polyorder': 3, 'deriv': 0, 'mode': 'interp'}}}}, 'holiday_countries_used': False, 'lags': None, 'forward_lags': None}, 'holiday_params': None, 'trend_method': 'rolling_mean'}, '1': {'window': 28}}}",1.0,model.results,False,,,,,,
model_weights,12.0,0.0132995312894701,inverse_rank_from_validation_score,Score,44.51780641620374,Ensemble,"{'model_name': 'BestN', 'model_count': 5, 'model_metric': 'bestn_horizontal', 'models': {'b52c8876f9849485b32c9cd995d206f2': {'Model': 'SeasonalNaive', 'ModelParameters': '{""method"": ""lastvalue"", ""lag_1"": 64, ""lag_2"": 12}', 'TransformationParameters': '{""fillna"": ""ffill"", ""transformations"": {""0"": ""AlignLastValue"", ""1"": ""bkfilter"", ""2"": ""RegressionFilter"", ""3"": ""PowerTransformer"", ""4"": ""FFTDecomposition""}, ""transformation_params"": {""0"": {""rows"": 1, ""lag"": 1, ""method"": ""additive"", ""strength"": 1.0, ""first_value_only"": false, ""threshold"": 1, ""threshold_method"": ""mean"", ""mean_type"": ""arithmetic""}, ""1"": {}, ""2"": {""sigma"": 2, ""rolling_window"": 90, ""run_order"": ""season_first"", ""regression_params"": {""regression_model"": {""model"": ""ElasticNet"", ""model_params"": {""l1_ratio"": 0.5, ""fit_intercept"": true, ""selection"": ""cyclic"", ""max_iter"": 1000}}, ""datepart_method"": ""anchored_segment_fourier:us_school"", ""polynomial_degree"": null, ""transform_dict"": null, ""holiday_countries_used"": true, ""lags"": null, ""forward_lags"": null}, ""holiday_params"": null, ""trend_method"": ""rolling_mean""}, ""3"": {}, ""4"": {""n_harmonics"": 10, ""detrend"": ""linear""}}}'}, 'a28ec290170b13fd699d9f65cf8a8be5': {'Model': 'SeasonalNaive', 'ModelParameters': '{""method"": ""mean"", ""lag_1"": 64, ""lag_2"": 12}', 'TransformationParameters': '{""fillna"": ""ffill"", ""transformations"": {""0"": ""MinMaxScaler"", ""1"": ""DifferencedTransformer"", ""2"": ""ConvolutionFilter""}, ""transformation_params"": {""0"": {}, ""1"": {""lag"": 1, ""fill"": ""bfill""}, ""2"": {""weight"": [1.0, 0.5, 0.3333333333333333, 0.25, 0.2, 0.16666666666666666, 0.14285714285714285]}}}'}, '483bc03fb7d41bd6b09ed562ac44c517': {'Model': 'SeasonalityMotif', 'ModelParameters': '{""window"": 30, ""point_method"": ""weighted_mean"", ""distance_metric"": ""mqae"", ""k"": 15, ""datepart_method"": ""common_fourier"", ""independent"": true}', 'TransformationParameters': '{""fillna"": ""ffill"", ""transformations"": {""0"": null}, ""transformation_params"": {""0"": {}}}'}, 'd00109751cdbcbd8ed2960d92095ef47': {'Model': 'SeasonalityMotif', 'ModelParameters': '{""window"": 5, ""point_method"": ""weighted_mean"", ""distance_metric"": ""mqae"", ""k"": 15, ""datepart_method"": ""common_fourier"", ""independent"": true}', 'TransformationParameters': '{""fillna"": ""ffill"", ""transformations"": {""0"": ""RegressionFilter"", ""1"": ""PowerTransformer""}, ""transformation_params"": {""0"": {""sigma"": 2, ""rolling_window"": 90, ""run_order"": ""season_first"", ""regression_params"": {""regression_model"": {""model"": ""ElasticNet"", ""model_params"": {""l1_ratio"": 0.5, ""fit_intercept"": true, ""selection"": ""cyclic"", ""max_iter"": 1000}}, ""datepart_method"": ""anchored_segment_fourier:us_school"", ""polynomial_degree"": null, ""transform_dict"": null, ""holiday_countries_used"": true, ""lags"": null, ""forward_lags"": null}, ""holiday_params"": null, ""trend_method"": ""rolling_mean""}, ""1"": {}}}'}, '759f4757070db9464a47d5b64481062e': {'Model': 'ARDL', 'ModelParameters': '{""lags"": 1, ""trend"": ""n"", ""order"": 1, ""causal"": false, ""regression_type"": ""holiday""}', 'TransformationParameters': '{""fillna"": ""fake_date"", ""transformations"": {""0"": ""IntermittentOccurrence""}, ""transformation_params"": {""0"": {""center"": ""mean""}}}'}}, 'point_method': 'median', 'model_weights': {}}","{'fillna': 'fake_date', 'transformations': {'0': 'FIRFilter', '1': 'AlignLastValue', '2': 'AlignLastValue'}, 'transformation_params': {'0': {'numtaps': 32, 'cutoff_hz': 0.1, 'window': 'triang', 'sampling_frequency': 12, 'on_transform': False, 'on_inverse': True, 'bounds_only': True}, '1': {'rows': 1, 'lag': 1, 'method': 'multiplicative', 'strength': 1.0, 'first_value_only': False, 'threshold': None, 'threshold_method': 'mean'}, '2': {'rows': 1, 'lag': 1, 'method': 'multiplicative', 'strength': 1.0, 'first_value_only': True, 'threshold': 10, 'threshold_method': 'max'}}}",1.0,model.results,False,,,,,,
model_weights,13.0,0.012276490421049325,inverse_rank_from_validation_score,Score,44.517806416203754,Ensemble,"{'model_name': 'BestN', 'model_count': 5, 'model_metric': 'bestn_horizontal', 'models': {'b52c8876f9849485b32c9cd995d206f2': {'Model': 'SeasonalNaive', 'ModelParameters': '{""method"": ""lastvalue"", ""lag_1"": 64, ""lag_2"": 12}', 'TransformationParameters': '{""fillna"": ""ffill"", ""transformations"": {""0"": ""AlignLastValue"", ""1"": ""bkfilter"", ""2"": ""RegressionFilter"", ""3"": ""PowerTransformer"", ""4"": ""FFTDecomposition""}, ""transformation_params"": {""0"": {""rows"": 1, ""lag"": 1, ""method"": ""additive"", ""strength"": 1.0, ""first_value_only"": false, ""threshold"": 1, ""threshold_method"": ""mean"", ""mean_type"": ""arithmetic""}, ""1"": {}, ""2"": {""sigma"": 2, ""rolling_window"": 90, ""run_order"": ""season_first"", ""regression_params"": {""regression_model"": {""model"": ""ElasticNet"", ""model_params"": {""l1_ratio"": 0.5, ""fit_intercept"": true, ""selection"": ""cyclic"", ""max_iter"": 1000}}, ""datepart_method"": ""anchored_segment_fourier:us_school"", ""polynomial_degree"": null, ""transform_dict"": null, ""holiday_countries_used"": true, ""lags"": null, ""forward_lags"": null}, ""holiday_params"": null, ""trend_method"": ""rolling_mean""}, ""3"": {}, ""4"": {""n_harmonics"": 10, ""detrend"": ""linear""}}}'}, 'a28ec290170b13fd699d9f65cf8a8be5': {'Model': 'SeasonalNaive', 'ModelParameters': '{""method"": ""mean"", ""lag_1"": 64, ""lag_2"": 12}', 'TransformationParameters': '{""fillna"": ""ffill"", ""transformations"": {""0"": ""MinMaxScaler"", ""1"": ""DifferencedTransformer"", ""2"": ""ConvolutionFilter""}, ""transformation_params"": {""0"": {}, ""1"": {""lag"": 1, ""fill"": ""bfill""}, ""2"": {""weight"": [1.0, 0.5, 0.3333333333333333, 0.25, 0.2, 0.16666666666666666, 0.14285714285714285]}}}'}, '483bc03fb7d41bd6b09ed562ac44c517': {'Model': 'SeasonalityMotif', 'ModelParameters': '{""window"": 30, ""point_method"": ""weighted_mean"", ""distance_metric"": ""mqae"", ""k"": 15, ""datepart_method"": ""common_fourier"", ""independent"": true}', 'TransformationParameters': '{""fillna"": ""ffill"", ""transformations"": {""0"": null}, ""transformation_params"": {""0"": {}}}'}, 'd00109751cdbcbd8ed2960d92095ef47': {'Model': 'SeasonalityMotif', 'ModelParameters': '{""window"": 5, ""point_method"": ""weighted_mean"", ""distance_metric"": ""mqae"", ""k"": 15, ""datepart_method"": ""common_fourier"", ""independent"": true}', 'TransformationParameters': '{""fillna"": ""ffill"", ""transformations"": {""0"": ""RegressionFilter"", ""1"": ""PowerTransformer""}, ""transformation_params"": {""0"": {""sigma"": 2, ""rolling_window"": 90, ""run_order"": ""season_first"", ""regression_params"": {""regression_model"": {""model"": ""ElasticNet"", ""model_params"": {""l1_ratio"": 0.5, ""fit_intercept"": true, ""selection"": ""cyclic"", ""max_iter"": 1000}}, ""datepart_method"": ""anchored_segment_fourier:us_school"", ""polynomial_degree"": null, ""transform_dict"": null, ""holiday_countries_used"": true, ""lags"": null, ""forward_lags"": null}, ""holiday_params"": null, ""trend_method"": ""rolling_mean""}, ""1"": {}}}'}, '759f4757070db9464a47d5b64481062e': {'Model': 'ARDL', 'ModelParameters': '{""lags"": 1, ""trend"": ""n"", ""order"": 1, ""causal"": false, ""regression_type"": ""holiday""}', 'TransformationParameters': '{""fillna"": ""fake_date"", ""transformations"": {""0"": ""IntermittentOccurrence""}, ""transformation_params"": {""0"": {""center"": ""mean""}}}'}}, 'point_method': 'median', 'model_weights': {}}","{'fillna': 'fake_date', 'transformations': {'0': 'AlignLastValue', '1': 'AlignLastValue'}, 'transformation_params': {'0': {'rows': 1, 'lag': 1, 'method': 'multiplicative', 'strength': 1.0, 'first_value_only': False, 'threshold': None, 'threshold_method': 'mean'}, '1': {'rows': 1, 'lag': 1, 'method': 'multiplicative', 'strength': 1.0, 'first_value_only': True, 'threshold': 10, 'threshold_method': 'max'}}}",1.0,model.results,False,,,,,,
model_weights,14.0,0.011399598248117229,inverse_rank_from_validation_score,Score,45.501117944627985,Ensemble,"{'model_name': 'BestN', 'model_count': 3, 'model_metric': 'best_score_unique', 'models': {'b52c8876f9849485b32c9cd995d206f2': {'Model': 'SeasonalNaive', 'ModelParameters': '{""method"": ""lastvalue"", ""lag_1"": 64, ""lag_2"": 12}', 'TransformationParameters': '{""fillna"": ""ffill"", ""transformations"": {""0"": ""AlignLastValue"", ""1"": ""bkfilter"", ""2"": ""RegressionFilter"", ""3"": ""PowerTransformer"", ""4"": ""FFTDecomposition""}, ""transformation_params"": {""0"": {""rows"": 1, ""lag"": 1, ""method"": ""additive"", ""strength"": 1.0, ""first_value_only"": false, ""threshold"": 1, ""threshold_method"": ""mean"", ""mean_type"": ""arithmetic""}, ""1"": {}, ""2"": {""sigma"": 2, ""rolling_window"": 90, ""run_order"": ""season_first"", ""regression_params"": {""regression_model"": {""model"": ""ElasticNet"", ""model_params"": {""l1_ratio"": 0.5, ""fit_intercept"": true, ""selection"": ""cyclic"", ""max_iter"": 1000}}, ""datepart_method"": ""anchored_segment_fourier:us_school"", ""polynomial_degree"": null, ""transform_dict"": null, ""holiday_countries_used"": true, ""lags"": null, ""forward_lags"": null}, ""holiday_params"": null, ""trend_method"": ""rolling_mean""}, ""3"": {}, ""4"": {""n_harmonics"": 10, ""detrend"": ""linear""}}}'}, '483bc03fb7d41bd6b09ed562ac44c517': {'Model': 'SeasonalityMotif', 'ModelParameters': '{""window"": 30, ""point_method"": ""weighted_mean"", ""distance_metric"": ""mqae"", ""k"": 15, ""datepart_method"": ""common_fourier"", ""independent"": true}', 'TransformationParameters': '{""fillna"": ""ffill"", ""transformations"": {""0"": null}, ""transformation_params"": {""0"": {}}}'}, '759f4757070db9464a47d5b64481062e': {'Model': 'ARDL', 'ModelParameters': '{""lags"": 1, ""trend"": ""n"", ""order"": 1, ""causal"": false, ""regression_type"": ""holiday""}', 'TransformationParameters': '{""fillna"": ""fake_date"", ""transformations"": {""0"": ""IntermittentOccurrence""}, ""transformation_params"": {""0"": {""center"": ""mean""}}}'}}, 'model_weights': {}, 'point_method': 'mean'}","{'fillna': 'ffill', 'transformations': {'0': 'RegressionFilter', '1': 'HistoricValues'}, 'transformation_params': {'0': {'sigma': 1, 'rolling_window': 90, 'run_order': 'season_first', 'regression_params': {'regression_model': {'model': 'ElasticNet', 'model_params': {'l1_ratio': 0.5, 'fit_intercept': False, 'selection': 'cyclic', 'max_iter': 2000}}, 'datepart_method': 'simple', 'polynomial_degree': None, 'transform_dict': {'fillna': None, 'transformations': {'0': 'ScipyFilter'}, 'transformation_params': {'0': {'method': 'savgol_filter', 'method_args': {'window_length': 31, 'polyorder': 3, 'deriv': 0, 'mode': 'interp'}}}}, 'holiday_countries_used': False, 'lags': None, 'forward_lags': None}, 'holiday_params': None, 'trend_method': 'rolling_mean'}, '1': {'window': 28}}}",1.0,model.results,False,,,,,,
model_weights,15.0,0.010639625031576082,inverse_rank_from_validation_score,Score,45.55688113830877,SeasonalNaive,"{'method': 'mean', 'lag_1': 64, 'lag_2': 12}","{'fillna': 'ffill', 'transformations': {'0': 'MinMaxScaler', '1': 'DifferencedTransformer', '2': 'ConvolutionFilter'}, 'transformation_params': {'0': {}, '1': {'lag': 1, 'fill': 'bfill'}, '2': {'weight': [1.0, 0.5, 0.3333333333333333, 0.25, 0.2, 0.16666666666666666, 0.14285714285714285]}}}",0.0,model.results,False,,,,,,
model_weights,16.0,0.009974648467102576,inverse_rank_from_validation_score,Score,47.098049937412874,Ensemble,"{'model_name': 'BestN', 'model_count': 5, 'model_metric': 'best_score_unique', 'models': {'b52c8876f9849485b32c9cd995d206f2': {'Model': 'SeasonalNaive', 'ModelParameters': '{""method"": ""lastvalue"", ""lag_1"": 64, ""lag_2"": 12}', 'TransformationParameters': '{""fillna"": ""ffill"", ""transformations"": {""0"": ""AlignLastValue"", ""1"": ""bkfilter"", ""2"": ""RegressionFilter"", ""3"": ""PowerTransformer"", ""4"": ""FFTDecomposition""}, ""transformation_params"": {""0"": {""rows"": 1, ""lag"": 1, ""method"": ""additive"", ""strength"": 1.0, ""first_value_only"": false, ""threshold"": 1, ""threshold_method"": ""mean"", ""mean_type"": ""arithmetic""}, ""1"": {}, ""2"": {""sigma"": 2, ""rolling_window"": 90, ""run_order"": ""season_first"", ""regression_params"": {""regression_model"": {""model"": ""ElasticNet"", ""model_params"": {""l1_ratio"": 0.5, ""fit_intercept"": true, ""selection"": ""cyclic"", ""max_iter"": 1000}}, ""datepart_method"": ""anchored_segment_fourier:us_school"", ""polynomial_degree"": null, ""transform_dict"": null, ""holiday_countries_used"": true, ""lags"": null, ""forward_lags"": null}, ""holiday_params"": null, ""trend_method"": ""rolling_mean""}, ""3"": {}, ""4"": {""n_harmonics"": 10, ""detrend"": ""linear""}}}'}, '483bc03fb7d41bd6b09ed562ac44c517': {'Model': 'SeasonalityMotif', 'ModelParameters': '{""window"": 30, ""point_method"": ""weighted_mean"", ""distance_metric"": ""mqae"", ""k"": 15, ""datepart_method"": ""common_fourier"", ""independent"": true}', 'TransformationParameters': '{""fillna"": ""ffill"", ""transformations"": {""0"": null}, ""transformation_params"": {""0"": {}}}'}, '759f4757070db9464a47d5b64481062e': {'Model': 'ARDL', 'ModelParameters': '{""lags"": 1, ""trend"": ""n"", ""order"": 1, ""causal"": false, ""regression_type"": ""holiday""}', 'TransformationParameters': '{""fillna"": ""fake_date"", ""transformations"": {""0"": ""IntermittentOccurrence""}, ""transformation_params"": {""0"": {""center"": ""mean""}}}'}, 'e89a3b30b5276cefef55356f531cb97d': {'Model': 'UnivariateMotif', 'ModelParameters': '{""window"": 10, ""point_method"": ""weighted_mean"", ""distance_metric"": ""canberra"", ""k"": 10, ""max_windows"": 10000}', 'TransformationParameters': '{""fillna"": ""ffill"", ""transformations"": {""0"": ""MinMaxScaler"", ""1"": ""AlignLastValue"", ""2"": ""ScipyFilter""}, ""transformation_params"": {""0"": {}, ""1"": {""rows"": 1, ""lag"": 1, ""method"": ""additive"", ""strength"": 1.0, ""first_value_only"": false, ""threshold"": 1, ""threshold_method"": ""max"", ""mean_type"": ""arithmetic""}, ""2"": {""method"": ""butter"", ""method_args"": {""N"": 4, ""btype"": ""highpass"", ""analog"": false, ""output"": ""sos"", ""Wn"": 0.011904761904761904}}}}'}, '23c85c773110afcdc5c3a31becf66854': {'Model': 'RRVAR', 'ModelParameters': '{""method"": ""als"", ""rank"": 16, ""maxiter"": 200}', 'TransformationParameters': '{""fillna"": ""nearest"", ""transformations"": {""0"": ""AlignLastValue"", ""1"": ""PowerTransformer""}, ""transformation_params"": {""0"": {""rows"": 1, ""lag"": 1, ""method"": ""additive"", ""strength"": 0.5, ""first_value_only"": false, ""threshold"": 10, ""threshold_method"": ""max"", ""mean_type"": ""arithmetic""}, ""1"": {}}}'}}, 'point_method': 'midhinge', 'model_weights': {}}",{},1.0,model.results,False,,,,,,
model_weights,17.0,0.009387904439625954,inverse_rank_from_validation_score,Score,49.109402471646476,Ensemble,"{'model_name': 'BestN', 'model_count': 5, 'model_metric': 'mixed_metric', 'models': {'a28ec290170b13fd699d9f65cf8a8be5': {'Model': 'SeasonalNaive', 'ModelParameters': '{""method"": ""mean"", ""lag_1"": 64, ""lag_2"": 12}', 'TransformationParameters': '{""fillna"": ""ffill"", ""transformations"": {""0"": ""MinMaxScaler"", ""1"": ""DifferencedTransformer"", ""2"": ""ConvolutionFilter""}, ""transformation_params"": {""0"": {}, ""1"": {""lag"": 1, ""fill"": ""bfill""}, ""2"": {""weight"": [1.0, 0.5, 0.3333333333333333, 0.25, 0.2, 0.16666666666666666, 0.14285714285714285]}}}'}, 'b52c8876f9849485b32c9cd995d206f2': {'Model': 'SeasonalNaive', 'ModelParameters': '{""method"": ""lastvalue"", ""lag_1"": 64, ""lag_2"": 12}', 'TransformationParameters': '{""fillna"": ""ffill"", ""transformations"": {""0"": ""AlignLastValue"", ""1"": ""bkfilter"", ""2"": ""RegressionFilter"", ""3"": ""PowerTransformer"", ""4"": ""FFTDecomposition""}, ""transformation_params"": {""0"": {""rows"": 1, ""lag"": 1, ""method"": ""additive"", ""strength"": 1.0, ""first_value_only"": false, ""threshold"": 1, ""threshold_method"": ""mean"", ""mean_type"": ""arithmetic""}, ""1"": {}, ""2"": {""sigma"": 2, ""rolling_window"": 90, ""run_order"": ""season_first"", ""regression_params"": {""regression_model"": {""model"": ""ElasticNet"", ""model_params"": {""l1_ratio"": 0.5, ""fit_intercept"": true, ""selection"": ""cyclic"", ""max_iter"": 1000}}, ""datepart_method"": ""anchored_segment_fourier:us_school"", ""polynomial_degree"": null, ""transform_dict"": null, ""holiday_countries_used"": true, ""lags"": null, ""forward_lags"": null}, ""holiday_params"": null, ""trend_method"": ""rolling_mean""}, ""3"": {}, ""4"": {""n_harmonics"": 10, ""detrend"": ""linear""}}}'}, '3e349e3aaa1ceb062f73adbd8e0c389c': {'Model': 'SeasonalityMotif', 'ModelParameters': '{""window"": 30, ""point_method"": ""weighted_mean"", ""distance_metric"": ""mqae"", ""k"": 10, ""datepart_method"": ""simple_binarized"", ""independent"": false}', 'TransformationParameters': '{""fillna"": ""ffill"", ""transformations"": {""0"": ""ScipyFilter"", ""1"": ""AlignLastValue"", ""2"": ""bkfilter"", ""3"": ""RollingMean100thN"", ""4"": ""AlignLastValue""}, ""transformation_params"": {""0"": {""method"": ""butter"", ""method_args"": {""N"": 4, ""btype"": ""lowpass"", ""analog"": false, ""output"": ""sos"", ""Wn"": 0.08333333333333333}}, ""1"": {""rows"": 1, ""lag"": 28, ""method"": ""additive"", ""strength"": 0.2, ""first_value_only"": false, ""threshold"": 1, ""threshold_method"": ""max"", ""mean_type"": ""arithmetic""}, ""2"": {}, ""3"": {}, ""4"": {""rows"": 1, ""lag"": 1, ""method"": ""additive"", ""strength"": 1.0, ""first_value_only"": false, ""threshold"": null, ""threshold_method"": ""mean"", ""mean_type"": ""arithmetic""}}}'}, 'b45e6182d5f3b0168c3bd9fb67794936': {'Model': 'SectionalMotif', 'ModelParameters': '{""window"": 30, ""point_method"": ""midhinge"", ""distance_metric"": ""canberra"", ""include_differenced"": false, ""k"": 10, ""stride_size"": 1, ""regression_type"": null, ""comparison_transformation"": null, ""combination_transformation"": null}', 'TransformationParameters': '{""fillna"": ""quadratic"", ""transformations"": {""0"": ""AlignLastValue"", ""1"": ""MaxAbsScaler"", ""2"": ""RegressionFilter"", ""3"": ""PowerTransformer"", ""4"": ""FFTFilter""}, ""transformation_params"": {""0"": {""rows"": 1, ""lag"": 1, ""method"": ""additive"", ""strength"": 1.0, ""first_value_only"": false, ""threshold"": 1, ""threshold_method"": ""mean"", ""mean_type"": ""arithmetic""}, ""1"": {}, ""2"": {""sigma"": 2, ""rolling_window"": 90, ""run_order"": ""season_first"", ""regression_params"": {""regression_model"": {""model"": ""ElasticNet"", ""model_params"": {""l1_ratio"": 0.5, ""fit_intercept"": true, ""selection"": ""cyclic"", ""max_iter"": 1000}}, ""datepart_method"": ""anchored_segment_fourier:us_school"", ""polynomial_degree"": null, ""transform_dict"": null, ""holiday_countries_used"": true, ""lags"": null, ""forward_lags"": null}, ""holiday_params"": null, ""trend_method"": ""rolling_mean""}, ""3"": {}, ""4"": {""cutoff"": 0.1, ""reverse"": false, ""on_transform"": true, ""on_inverse"": true}}}'}, '759f4757070db9464a47d5b64481062e': {'Model': 'ARDL', 'ModelParameters': '{""lags"": 1, ""trend"": ""n"", ""order"": 1, ""causal"": false, ""regression_type"": ""holiday""}', 'TransformationParameters': '{""fillna"": ""fake_date"", ""transformations"": {""0"": ""IntermittentOccurrence""}, ""transformation_params"": {""0"": {""center"": ""mean""}}}'}}, 'point_method': 'median', 'model_weights': {}}","{'fillna': 'ffill', 'transformations': {'0': 'RegressionFilter', '1': 'HistoricValues'}, 'transformation_params': {'0': {'sigma': 1, 'rolling_window': 90, 'run_order': 'season_first', 'regression_params': {'regression_model': {'model': 'ElasticNet', 'model_params': {'l1_ratio': 0.5, 'fit_intercept': False, 'selection': 'cyclic', 'max_iter': 2000}}, 'datepart_method': 'simple', 'polynomial_degree': None, 'transform_dict': {'fillna': None, 'transformations': {'0': 'ScipyFilter'}, 'transformation_params': {'0': {'method': 'savgol_filter', 'method_args': {'window_length': 31, 'polyorder': 3, 'deriv': 0, 'mode': 'interp'}}}}, 'holiday_countries_used': False, 'lags': None, 'forward_lags': None}, 'holiday_params': None, 'trend_method': 'rolling_mean'}, '1': {'window': 28}}}",1.0,model.results,False,,,,,,
model_weights,18.0,0.008866354192980068,inverse_rank_from_validation_score,Score,49.40912175664755,Ensemble,"{'model_name': 'BestN', 'model_count': 3, 'model_metric': 'bestn_horizontal', 'models': {'b52c8876f9849485b32c9cd995d206f2': {'Model': 'SeasonalNaive', 'ModelParameters': '{""method"": ""lastvalue"", ""lag_1"": 64, ""lag_2"": 12}', 'TransformationParameters': '{""fillna"": ""ffill"", ""transformations"": {""0"": ""AlignLastValue"", ""1"": ""bkfilter"", ""2"": ""RegressionFilter"", ""3"": ""PowerTransformer"", ""4"": ""FFTDecomposition""}, ""transformation_params"": {""0"": {""rows"": 1, ""lag"": 1, ""method"": ""additive"", ""strength"": 1.0, ""first_value_only"": false, ""threshold"": 1, ""threshold_method"": ""mean"", ""mean_type"": ""arithmetic""}, ""1"": {}, ""2"": {""sigma"": 2, ""rolling_window"": 90, ""run_order"": ""season_first"", ""regression_params"": {""regression_model"": {""model"": ""ElasticNet"", ""model_params"": {""l1_ratio"": 0.5, ""fit_intercept"": true, ""selection"": ""cyclic"", ""max_iter"": 1000}}, ""datepart_method"": ""anchored_segment_fourier:us_school"", ""polynomial_degree"": null, ""transform_dict"": null, ""holiday_countries_used"": true, ""lags"": null, ""forward_lags"": null}, ""holiday_params"": null, ""trend_method"": ""rolling_mean""}, ""3"": {}, ""4"": {""n_harmonics"": 10, ""detrend"": ""linear""}}}'}, 'e89a3b30b5276cefef55356f531cb97d': {'Model': 'UnivariateMotif', 'ModelParameters': '{""window"": 10, ""point_method"": ""weighted_mean"", ""distance_metric"": ""canberra"", ""k"": 10, ""max_windows"": 10000}', 'TransformationParameters': '{""fillna"": ""ffill"", ""transformations"": {""0"": ""MinMaxScaler"", ""1"": ""AlignLastValue"", ""2"": ""ScipyFilter""}, ""transformation_params"": {""0"": {}, ""1"": {""rows"": 1, ""lag"": 1, ""method"": ""additive"", ""strength"": 1.0, ""first_value_only"": false, ""threshold"": 1, ""threshold_method"": ""max"", ""mean_type"": ""arithmetic""}, ""2"": {""method"": ""butter"", ""method_args"": {""N"": 4, ""btype"": ""highpass"", ""analog"": false, ""output"": ""sos"", ""Wn"": 0.011904761904761904}}}}'}, 'b45e6182d5f3b0168c3bd9fb67794936': {'Model': 'SectionalMotif', 'ModelParameters': '{""window"": 30, ""point_method"": ""midhinge"", ""distance_metric"": ""canberra"", ""include_differenced"": false, ""k"": 10, ""stride_size"": 1, ""regression_type"": null, ""comparison_transformation"": null, ""combination_transformation"": null}', 'TransformationParameters': '{""fillna"": ""quadratic"", ""transformations"": {""0"": ""AlignLastValue"", ""1"": ""MaxAbsScaler"", ""2"": ""RegressionFilter"", ""3"": ""PowerTransformer"", ""4"": ""FFTFilter""}, ""transformation_params"": {""0"": {""rows"": 1, ""lag"": 1, ""method"": ""additive"", ""strength"": 1.0, ""first_value_only"": false, ""threshold"": 1, ""threshold_method"": ""mean"", ""mean_type"": ""arithmetic""}, ""1"": {}, ""2"": {""sigma"": 2, ""rolling_window"": 90, ""run_order"": ""season_first"", ""regression_params"": {""regression_model"": {""model"": ""ElasticNet"", ""model_params"": {""l1_ratio"": 0.5, ""fit_intercept"": true, ""selection"": ""cyclic"", ""max_iter"": 1000}}, ""datepart_method"": ""anchored_segment_fourier:us_school"", ""polynomial_degree"": null, ""transform_dict"": null, ""holiday_countries_used"": true, ""lags"": null, ""forward_lags"": null}, ""holiday_params"": null, ""trend_method"": ""rolling_mean""}, ""3"": {}, ""4"": {""cutoff"": 0.1, ""reverse"": false, ""on_transform"": true, ""on_inverse"": true}}}'}}, 'model_weights': {'b52c8876f9849485b32c9cd995d206f2': 20.0, 'b45e6182d5f3b0168c3bd9fb67794936': 19.0, 'e89a3b30b5276cefef55356f531cb97d': 18.0}, 'point_method': 'mean'}","{'fillna': 'ffill', 'transformations': {'0': 'RegressionFilter', '1': 'HistoricValues'}, 'transformation_params': {'0': {'sigma': 1, 'rolling_window': 90, 'run_order': 'season_first', 'regression_params': {'regression_model': {'model': 'ElasticNet', 'model_params': {'l1_ratio': 0.5, 'fit_intercept': False, 'selection': 'cyclic', 'max_iter': 2000}}, 'datepart_method': 'simple', 'polynomial_degree': None, 'transform_dict': {'fillna': None, 'transformations': {'0': 'ScipyFilter'}, 'transformation_params': {'0': {'method': 'savgol_filter', 'method_args': {'window_length': 31, 'polyorder': 3, 'deriv': 0, 'mode': 'interp'}}}}, 'holiday_countries_used': False, 'lags': None, 'forward_lags': None}, 'holiday_params': None, 'trend_method': 'rolling_mean'}, '1': {'window': 28}}}",1.0,model.results,False,,,,,,
model_weights,19.0,0.008399703972296906,inverse_rank_from_validation_score,Score,49.40912175664755,Ensemble,"{'model_name': 'BestN', 'model_count': 3, 'model_metric': 'horizontal', 'models': {'b52c8876f9849485b32c9cd995d206f2': {'Model': 'SeasonalNaive', 'ModelParameters': '{""method"": ""lastvalue"", ""lag_1"": 64, ""lag_2"": 12}', 'TransformationParameters': '{""fillna"": ""ffill"", ""transformations"": {""0"": ""AlignLastValue"", ""1"": ""bkfilter"", ""2"": ""RegressionFilter"", ""3"": ""PowerTransformer"", ""4"": ""FFTDecomposition""}, ""transformation_params"": {""0"": {""rows"": 1, ""lag"": 1, ""method"": ""additive"", ""strength"": 1.0, ""first_value_only"": false, ""threshold"": 1, ""threshold_method"": ""mean"", ""mean_type"": ""arithmetic""}, ""1"": {}, ""2"": {""sigma"": 2, ""rolling_window"": 90, ""run_order"": ""season_first"", ""regression_params"": {""regression_model"": {""model"": ""ElasticNet"", ""model_params"": {""l1_ratio"": 0.5, ""fit_intercept"": true, ""selection"": ""cyclic"", ""max_iter"": 1000}}, ""datepart_method"": ""anchored_segment_fourier:us_school"", ""polynomial_degree"": null, ""transform_dict"": null, ""holiday_countries_used"": true, ""lags"": null, ""forward_lags"": null}, ""holiday_params"": null, ""trend_method"": ""rolling_mean""}, ""3"": {}, ""4"": {""n_harmonics"": 10, ""detrend"": ""linear""}}}'}, 'b45e6182d5f3b0168c3bd9fb67794936': {'Model': 'SectionalMotif', 'ModelParameters': '{""window"": 30, ""point_method"": ""midhinge"", ""distance_metric"": ""canberra"", ""include_differenced"": false, ""k"": 10, ""stride_size"": 1, ""regression_type"": null, ""comparison_transformation"": null, ""combination_transformation"": null}', 'TransformationParameters': '{""fillna"": ""quadratic"", ""transformations"": {""0"": ""AlignLastValue"", ""1"": ""MaxAbsScaler"", ""2"": ""RegressionFilter"", ""3"": ""PowerTransformer"", ""4"": ""FFTFilter""}, ""transformation_params"": {""0"": {""rows"": 1, ""lag"": 1, ""method"": ""additive"", ""strength"": 1.0, ""first_value_only"": false, ""threshold"": 1, ""threshold_method"": ""mean"", ""mean_type"": ""arithmetic""}, ""1"": {}, ""2"": {""sigma"": 2, ""rolling_window"": 90, ""run_order"": ""season_first"", ""regression_params"": {""regression_model"": {""model"": ""ElasticNet"", ""model_params"": {""l1_ratio"": 0.5, ""fit_intercept"": true, ""selection"": ""cyclic"", ""max_iter"": 1000}}, ""datepart_method"": ""anchored_segment_fourier:us_school"", ""polynomial_degree"": null, ""transform_dict"": null, ""holiday_countries_used"": true, ""lags"": null, ""forward_lags"": null}, ""holiday_params"": null, ""trend_method"": ""rolling_mean""}, ""3"": {}, ""4"": {""cutoff"": 0.1, ""reverse"": false, ""on_transform"": true, ""on_inverse"": true}}}'}, 'e89a3b30b5276cefef55356f531cb97d': {'Model': 'UnivariateMotif', 'ModelParameters': '{""window"": 10, ""point_method"": ""weighted_mean"", ""distance_metric"": ""canberra"", ""k"": 10, ""max_windows"": 10000}', 'TransformationParameters': '{""fillna"": ""ffill"", ""transformations"": {""0"": ""MinMaxScaler"", ""1"": ""AlignLastValue"", ""2"": ""ScipyFilter""}, ""transformation_params"": {""0"": {}, ""1"": {""rows"": 1, ""lag"": 1, ""method"": ""additive"", ""strength"": 1.0, ""first_value_only"": false, ""threshold"": 1, ""threshold_method"": ""max"", ""mean_type"": ""arithmetic""}, ""2"": {""method"": ""butter"", ""method_args"": {""N"": 4, ""btype"": ""highpass"", ""analog"": false, ""output"": ""sos"", ""Wn"": 0.011904761904761904}}}}'}}, 'model_weights': {}, 'point_method': 'mean'}","{'fillna': 'ffill', 'transformations': {'0': 'RegressionFilter', '1': 'HistoricValues'}, 'transformation_params': {'0': {'sigma': 1, 'rolling_window': 90, 'run_order': 'season_first', 'regression_params': {'regression_model': {'model': 'ElasticNet', 'model_params': {'l1_ratio': 0.5, 'fit_intercept': False, 'selection': 'cyclic', 'max_iter': 2000}}, 'datepart_method': 'simple', 'polynomial_degree': None, 'transform_dict': {'fillna': None, 'transformations': {'0': 'ScipyFilter'}, 'transformation_params': {'0': {'method': 'savgol_filter', 'method_args': {'window_length': 31, 'polyorder': 3, 'deriv': 0, 'mode': 'interp'}}}}, 'holiday_countries_used': False, 'lags': None, 'forward_lags': None}, 'holiday_params': None, 'trend_method': 'rolling_mean'}, '1': {'window': 28}}}",1.0,model.results,False,,,,,,
model_weights,20.0,0.007979718773682061,inverse_rank_from_validation_score,Score,51.161146937535655,Ensemble,"{'model_name': 'BestN', 'model_count': 5, 'model_metric': 'mixed_metric', 'models': {'a28ec290170b13fd699d9f65cf8a8be5': {'Model': 'SeasonalNaive', 'ModelParameters': '{""method"": ""mean"", ""lag_1"": 64, ""lag_2"": 12}', 'TransformationParameters': '{""fillna"": ""ffill"", ""transformations"": {""0"": ""MinMaxScaler"", ""1"": ""DifferencedTransformer"", ""2"": ""ConvolutionFilter""}, ""transformation_params"": {""0"": {}, ""1"": {""lag"": 1, ""fill"": ""bfill""}, ""2"": {""weight"": [1.0, 0.5, 0.3333333333333333, 0.25, 0.2, 0.16666666666666666, 0.14285714285714285]}}}'}, 'b52c8876f9849485b32c9cd995d206f2': {'Model': 'SeasonalNaive', 'ModelParameters': '{""method"": ""lastvalue"", ""lag_1"": 64, ""lag_2"": 12}', 'TransformationParameters': '{""fillna"": ""ffill"", ""transformations"": {""0"": ""AlignLastValue"", ""1"": ""bkfilter"", ""2"": ""RegressionFilter"", ""3"": ""PowerTransformer"", ""4"": ""FFTDecomposition""}, ""transformation_params"": {""0"": {""rows"": 1, ""lag"": 1, ""method"": ""additive"", ""strength"": 1.0, ""first_value_only"": false, ""threshold"": 1, ""threshold_method"": ""mean"", ""mean_type"": ""arithmetic""}, ""1"": {}, ""2"": {""sigma"": 2, ""rolling_window"": 90, ""run_order"": ""season_first"", ""regression_params"": {""regression_model"": {""model"": ""ElasticNet"", ""model_params"": {""l1_ratio"": 0.5, ""fit_intercept"": true, ""selection"": ""cyclic"", ""max_iter"": 1000}}, ""datepart_method"": ""anchored_segment_fourier:us_school"", ""polynomial_degree"": null, ""transform_dict"": null, ""holiday_countries_used"": true, ""lags"": null, ""forward_lags"": null}, ""holiday_params"": null, ""trend_method"": ""rolling_mean""}, ""3"": {}, ""4"": {""n_harmonics"": 10, ""detrend"": ""linear""}}}'}, '3e349e3aaa1ceb062f73adbd8e0c389c': {'Model': 'SeasonalityMotif', 'ModelParameters': '{""window"": 30, ""point_method"": ""weighted_mean"", ""distance_metric"": ""mqae"", ""k"": 10, ""datepart_method"": ""simple_binarized"", ""independent"": false}', 'TransformationParameters': '{""fillna"": ""ffill"", ""transformations"": {""0"": ""ScipyFilter"", ""1"": ""AlignLastValue"", ""2"": ""bkfilter"", ""3"": ""RollingMean100thN"", ""4"": ""AlignLastValue""}, ""transformation_params"": {""0"": {""method"": ""butter"", ""method_args"": {""N"": 4, ""btype"": ""lowpass"", ""analog"": false, ""output"": ""sos"", ""Wn"": 0.08333333333333333}}, ""1"": {""rows"": 1, ""lag"": 28, ""method"": ""additive"", ""strength"": 0.2, ""first_value_only"": false, ""threshold"": 1, ""threshold_method"": ""max"", ""mean_type"": ""arithmetic""}, ""2"": {}, ""3"": {}, ""4"": {""rows"": 1, ""lag"": 1, ""method"": ""additive"", ""strength"": 1.0, ""first_value_only"": false, ""threshold"": null, ""threshold_method"": ""mean"", ""mean_type"": ""arithmetic""}}}'}, 'b45e6182d5f3b0168c3bd9fb67794936': {'Model': 'SectionalMotif', 'ModelParameters': '{""window"": 30, ""point_method"": ""midhinge"", ""distance_metric"": ""canberra"", ""include_differenced"": false, ""k"": 10, ""stride_size"": 1, ""regression_type"": null, ""comparison_transformation"": null, ""combination_transformation"": null}', 'TransformationParameters': '{""fillna"": ""quadratic"", ""transformations"": {""0"": ""AlignLastValue"", ""1"": ""MaxAbsScaler"", ""2"": ""RegressionFilter"", ""3"": ""PowerTransformer"", ""4"": ""FFTFilter""}, ""transformation_params"": {""0"": {""rows"": 1, ""lag"": 1, ""method"": ""additive"", ""strength"": 1.0, ""first_value_only"": false, ""threshold"": 1, ""threshold_method"": ""mean"", ""mean_type"": ""arithmetic""}, ""1"": {}, ""2"": {""sigma"": 2, ""rolling_window"": 90, ""run_order"": ""season_first"", ""regression_params"": {""regression_model"": {""model"": ""ElasticNet"", ""model_params"": {""l1_ratio"": 0.5, ""fit_intercept"": true, ""selection"": ""cyclic"", ""max_iter"": 1000}}, ""datepart_method"": ""anchored_segment_fourier:us_school"", ""polynomial_degree"": null, ""transform_dict"": null, ""holiday_countries_used"": true, ""lags"": null, ""forward_lags"": null}, ""holiday_params"": null, ""trend_method"": ""rolling_mean""}, ""3"": {}, ""4"": {""cutoff"": 0.1, ""reverse"": false, ""on_transform"": true, ""on_inverse"": true}}}'}, '759f4757070db9464a47d5b64481062e': {'Model': 'ARDL', 'ModelParameters': '{""lags"": 1, ""trend"": ""n"", ""order"": 1, ""causal"": false, ""regression_type"": ""holiday""}', 'TransformationParameters': '{""fillna"": ""fake_date"", ""transformations"": {""0"": ""IntermittentOccurrence""}, ""transformation_params"": {""0"": {""center"": ""mean""}}}'}}, 'point_method': 'median', 'model_weights': {}}","{'fillna': 'fake_date', 'transformations': {'0': 'AlignLastValue', '1': 'AlignLastValue'}, 'transformation_params': {'0': {'rows': 1, 'lag': 1, 'method': 'multiplicative', 'strength': 1.0, 'first_value_only': False, 'threshold': None, 'threshold_method': 'mean'}, '1': {'rows': 1, 'lag': 1, 'method': 'multiplicative', 'strength': 1.0, 'first_value_only': True, 'threshold': 10, 'threshold_method': 'max'}}}",1.0,model.results,False,,,,,,
model_weights,21.0,0.007599732165411486,inverse_rank_from_validation_score,Score,51.161146937535655,Ensemble,"{'model_name': 'BestN', 'model_count': 5, 'model_metric': 'mixed_metric', 'models': {'a28ec290170b13fd699d9f65cf8a8be5': {'Model': 'SeasonalNaive', 'ModelParameters': '{""method"": ""mean"", ""lag_1"": 64, ""lag_2"": 12}', 'TransformationParameters': '{""fillna"": ""ffill"", ""transformations"": {""0"": ""MinMaxScaler"", ""1"": ""DifferencedTransformer"", ""2"": ""ConvolutionFilter""}, ""transformation_params"": {""0"": {}, ""1"": {""lag"": 1, ""fill"": ""bfill""}, ""2"": {""weight"": [1.0, 0.5, 0.3333333333333333, 0.25, 0.2, 0.16666666666666666, 0.14285714285714285]}}}'}, 'b52c8876f9849485b32c9cd995d206f2': {'Model': 'SeasonalNaive', 'ModelParameters': '{""method"": ""lastvalue"", ""lag_1"": 64, ""lag_2"": 12}', 'TransformationParameters': '{""fillna"": ""ffill"", ""transformations"": {""0"": ""AlignLastValue"", ""1"": ""bkfilter"", ""2"": ""RegressionFilter"", ""3"": ""PowerTransformer"", ""4"": ""FFTDecomposition""}, ""transformation_params"": {""0"": {""rows"": 1, ""lag"": 1, ""method"": ""additive"", ""strength"": 1.0, ""first_value_only"": false, ""threshold"": 1, ""threshold_method"": ""mean"", ""mean_type"": ""arithmetic""}, ""1"": {}, ""2"": {""sigma"": 2, ""rolling_window"": 90, ""run_order"": ""season_first"", ""regression_params"": {""regression_model"": {""model"": ""ElasticNet"", ""model_params"": {""l1_ratio"": 0.5, ""fit_intercept"": true, ""selection"": ""cyclic"", ""max_iter"": 1000}}, ""datepart_method"": ""anchored_segment_fourier:us_school"", ""polynomial_degree"": null, ""transform_dict"": null, ""holiday_countries_used"": true, ""lags"": null, ""forward_lags"": null}, ""holiday_params"": null, ""trend_method"": ""rolling_mean""}, ""3"": {}, ""4"": {""n_harmonics"": 10, ""detrend"": ""linear""}}}'}, '3e349e3aaa1ceb062f73adbd8e0c389c': {'Model': 'SeasonalityMotif', 'ModelParameters': '{""window"": 30, ""point_method"": ""weighted_mean"", ""distance_metric"": ""mqae"", ""k"": 10, ""datepart_method"": ""simple_binarized"", ""independent"": false}', 'TransformationParameters': '{""fillna"": ""ffill"", ""transformations"": {""0"": ""ScipyFilter"", ""1"": ""AlignLastValue"", ""2"": ""bkfilter"", ""3"": ""RollingMean100thN"", ""4"": ""AlignLastValue""}, ""transformation_params"": {""0"": {""method"": ""butter"", ""method_args"": {""N"": 4, ""btype"": ""lowpass"", ""analog"": false, ""output"": ""sos"", ""Wn"": 0.08333333333333333}}, ""1"": {""rows"": 1, ""lag"": 28, ""method"": ""additive"", ""strength"": 0.2, ""first_value_only"": false, ""threshold"": 1, ""threshold_method"": ""max"", ""mean_type"": ""arithmetic""}, ""2"": {}, ""3"": {}, ""4"": {""rows"": 1, ""lag"": 1, ""method"": ""additive"", ""strength"": 1.0, ""first_value_only"": false, ""threshold"": null, ""threshold_method"": ""mean"", ""mean_type"": ""arithmetic""}}}'}, 'b45e6182d5f3b0168c3bd9fb67794936': {'Model': 'SectionalMotif', 'ModelParameters': '{""window"": 30, ""point_method"": ""midhinge"", ""distance_metric"": ""canberra"", ""include_differenced"": false, ""k"": 10, ""stride_size"": 1, ""regression_type"": null, ""comparison_transformation"": null, ""combination_transformation"": null}', 'TransformationParameters': '{""fillna"": ""quadratic"", ""transformations"": {""0"": ""AlignLastValue"", ""1"": ""MaxAbsScaler"", ""2"": ""RegressionFilter"", ""3"": ""PowerTransformer"", ""4"": ""FFTFilter""}, ""transformation_params"": {""0"": {""rows"": 1, ""lag"": 1, ""method"": ""additive"", ""strength"": 1.0, ""first_value_only"": false, ""threshold"": 1, ""threshold_method"": ""mean"", ""mean_type"": ""arithmetic""}, ""1"": {}, ""2"": {""sigma"": 2, ""rolling_window"": 90, ""run_order"": ""season_first"", ""regression_params"": {""regression_model"": {""model"": ""ElasticNet"", ""model_params"": {""l1_ratio"": 0.5, ""fit_intercept"": true, ""selection"": ""cyclic"", ""max_iter"": 1000}}, ""datepart_method"": ""anchored_segment_fourier:us_school"", ""polynomial_degree"": null, ""transform_dict"": null, ""holiday_countries_used"": true, ""lags"": null, ""forward_lags"": null}, ""holiday_params"": null, ""trend_method"": ""rolling_mean""}, ""3"": {}, ""4"": {""cutoff"": 0.1, ""reverse"": false, ""on_transform"": true, ""on_inverse"": true}}}'}, '759f4757070db9464a47d5b64481062e': {'Model': 'ARDL', 'ModelParameters': '{""lags"": 1, ""trend"": ""n"", ""order"": 1, ""causal"": false, ""regression_type"": ""holiday""}', 'TransformationParameters': '{""fillna"": ""fake_date"", ""transformations"": {""0"": ""IntermittentOccurrence""}, ""transformation_params"": {""0"": {""center"": ""mean""}}}'}}, 'point_method': 'median', 'model_weights': {}}",{},1.0,model.results,False,,,,,,
model_weights,22.0,0.007254289794256419,inverse_rank_from_validation_score,Score,51.16114693753566,Ensemble,"{'model_name': 'BestN', 'model_count': 5, 'model_metric': 'mixed_metric', 'models': {'a28ec290170b13fd699d9f65cf8a8be5': {'Model': 'SeasonalNaive', 'ModelParameters': '{""method"": ""mean"", ""lag_1"": 64, ""lag_2"": 12}', 'TransformationParameters': '{""fillna"": ""ffill"", ""transformations"": {""0"": ""MinMaxScaler"", ""1"": ""DifferencedTransformer"", ""2"": ""ConvolutionFilter""}, ""transformation_params"": {""0"": {}, ""1"": {""lag"": 1, ""fill"": ""bfill""}, ""2"": {""weight"": [1.0, 0.5, 0.3333333333333333, 0.25, 0.2, 0.16666666666666666, 0.14285714285714285]}}}'}, 'b52c8876f9849485b32c9cd995d206f2': {'Model': 'SeasonalNaive', 'ModelParameters': '{""method"": ""lastvalue"", ""lag_1"": 64, ""lag_2"": 12}', 'TransformationParameters': '{""fillna"": ""ffill"", ""transformations"": {""0"": ""AlignLastValue"", ""1"": ""bkfilter"", ""2"": ""RegressionFilter"", ""3"": ""PowerTransformer"", ""4"": ""FFTDecomposition""}, ""transformation_params"": {""0"": {""rows"": 1, ""lag"": 1, ""method"": ""additive"", ""strength"": 1.0, ""first_value_only"": false, ""threshold"": 1, ""threshold_method"": ""mean"", ""mean_type"": ""arithmetic""}, ""1"": {}, ""2"": {""sigma"": 2, ""rolling_window"": 90, ""run_order"": ""season_first"", ""regression_params"": {""regression_model"": {""model"": ""ElasticNet"", ""model_params"": {""l1_ratio"": 0.5, ""fit_intercept"": true, ""selection"": ""cyclic"", ""max_iter"": 1000}}, ""datepart_method"": ""anchored_segment_fourier:us_school"", ""polynomial_degree"": null, ""transform_dict"": null, ""holiday_countries_used"": true, ""lags"": null, ""forward_lags"": null}, ""holiday_params"": null, ""trend_method"": ""rolling_mean""}, ""3"": {}, ""4"": {""n_harmonics"": 10, ""detrend"": ""linear""}}}'}, '3e349e3aaa1ceb062f73adbd8e0c389c': {'Model': 'SeasonalityMotif', 'ModelParameters': '{""window"": 30, ""point_method"": ""weighted_mean"", ""distance_metric"": ""mqae"", ""k"": 10, ""datepart_method"": ""simple_binarized"", ""independent"": false}', 'TransformationParameters': '{""fillna"": ""ffill"", ""transformations"": {""0"": ""ScipyFilter"", ""1"": ""AlignLastValue"", ""2"": ""bkfilter"", ""3"": ""RollingMean100thN"", ""4"": ""AlignLastValue""}, ""transformation_params"": {""0"": {""method"": ""butter"", ""method_args"": {""N"": 4, ""btype"": ""lowpass"", ""analog"": false, ""output"": ""sos"", ""Wn"": 0.08333333333333333}}, ""1"": {""rows"": 1, ""lag"": 28, ""method"": ""additive"", ""strength"": 0.2, ""first_value_only"": false, ""threshold"": 1, ""threshold_method"": ""max"", ""mean_type"": ""arithmetic""}, ""2"": {}, ""3"": {}, ""4"": {""rows"": 1, ""lag"": 1, ""method"": ""additive"", ""strength"": 1.0, ""first_value_only"": false, ""threshold"": null, ""threshold_method"": ""mean"", ""mean_type"": ""arithmetic""}}}'}, 'b45e6182d5f3b0168c3bd9fb67794936': {'Model': 'SectionalMotif', 'ModelParameters': '{""window"": 30, ""point_method"": ""midhinge"", ""distance_metric"": ""canberra"", ""include_differenced"": false, ""k"": 10, ""stride_size"": 1, ""regression_type"": null, ""comparison_transformation"": null, ""combination_transformation"": null}', 'TransformationParameters': '{""fillna"": ""quadratic"", ""transformations"": {""0"": ""AlignLastValue"", ""1"": ""MaxAbsScaler"", ""2"": ""RegressionFilter"", ""3"": ""PowerTransformer"", ""4"": ""FFTFilter""}, ""transformation_params"": {""0"": {""rows"": 1, ""lag"": 1, ""method"": ""additive"", ""strength"": 1.0, ""first_value_only"": false, ""threshold"": 1, ""threshold_method"": ""mean"", ""mean_type"": ""arithmetic""}, ""1"": {}, ""2"": {""sigma"": 2, ""rolling_window"": 90, ""run_order"": ""season_first"", ""regression_params"": {""regression_model"": {""model"": ""ElasticNet"", ""model_params"": {""l1_ratio"": 0.5, ""fit_intercept"": true, ""selection"": ""cyclic"", ""max_iter"": 1000}}, ""datepart_method"": ""anchored_segment_fourier:us_school"", ""polynomial_degree"": null, ""transform_dict"": null, ""holiday_countries_used"": true, ""lags"": null, ""forward_lags"": null}, ""holiday_params"": null, ""trend_method"": ""rolling_mean""}, ""3"": {}, ""4"": {""cutoff"": 0.1, ""reverse"": false, ""on_transform"": true, ""on_inverse"": true}}}'}, '759f4757070db9464a47d5b64481062e': {'Model': 'ARDL', 'ModelParameters': '{""lags"": 1, ""trend"": ""n"", ""order"": 1, ""causal"": false, ""regression_type"": ""holiday""}', 'TransformationParameters': '{""fillna"": ""fake_date"", ""transformations"": {""0"": ""IntermittentOccurrence""}, ""transformation_params"": {""0"": {""center"": ""mean""}}}'}}, 'point_method': 'median', 'model_weights': {}}","{'fillna': 'fake_date', 'transformations': {'0': 'FIRFilter', '1': 'AlignLastValue', '2': 'AlignLastValue'}, 'transformation_params': {'0': {'numtaps': 32, 'cutoff_hz': 0.1, 'window': 'triang', 'sampling_frequency': 12, 'on_transform': False, 'on_inverse': True, 'bounds_only': True}, '1': {'rows': 1, 'lag': 1, 'method': 'multiplicative', 'strength': 1.0, 'first_value_only': False, 'threshold': None, 'threshold_method': 'mean'}, '2': {'rows': 1, 'lag': 1, 'method': 'multiplicative', 'strength': 1.0, 'first_value_only': True, 'threshold': 10, 'threshold_method': 'max'}}}",1.0,model.results,False,,,,,,
model_weights,23.0,0.006938885890158314,inverse_rank_from_validation_score,Score,51.2737127319312,Ensemble,"{'model_name': 'BestN', 'model_count': 5, 'model_metric': 'best_score_unique', 'models': {'b52c8876f9849485b32c9cd995d206f2': {'Model': 'SeasonalNaive', 'ModelParameters': '{""method"": ""lastvalue"", ""lag_1"": 64, ""lag_2"": 12}', 'TransformationParameters': '{""fillna"": ""ffill"", ""transformations"": {""0"": ""AlignLastValue"", ""1"": ""bkfilter"", ""2"": ""RegressionFilter"", ""3"": ""PowerTransformer"", ""4"": ""FFTDecomposition""}, ""transformation_params"": {""0"": {""rows"": 1, ""lag"": 1, ""method"": ""additive"", ""strength"": 1.0, ""first_value_only"": false, ""threshold"": 1, ""threshold_method"": ""mean"", ""mean_type"": ""arithmetic""}, ""1"": {}, ""2"": {""sigma"": 2, ""rolling_window"": 90, ""run_order"": ""season_first"", ""regression_params"": {""regression_model"": {""model"": ""ElasticNet"", ""model_params"": {""l1_ratio"": 0.5, ""fit_intercept"": true, ""selection"": ""cyclic"", ""max_iter"": 1000}}, ""datepart_method"": ""anchored_segment_fourier:us_school"", ""polynomial_degree"": null, ""transform_dict"": null, ""holiday_countries_used"": true, ""lags"": null, ""forward_lags"": null}, ""holiday_params"": null, ""trend_method"": ""rolling_mean""}, ""3"": {}, ""4"": {""n_harmonics"": 10, ""detrend"": ""linear""}}}'}, '483bc03fb7d41bd6b09ed562ac44c517': {'Model': 'SeasonalityMotif', 'ModelParameters': '{""window"": 30, ""point_method"": ""weighted_mean"", ""distance_metric"": ""mqae"", ""k"": 15, ""datepart_method"": ""common_fourier"", ""independent"": true}', 'TransformationParameters': '{""fillna"": ""ffill"", ""transformations"": {""0"": null}, ""transformation_params"": {""0"": {}}}'}, '759f4757070db9464a47d5b64481062e': {'Model': 'ARDL', 'ModelParameters': '{""lags"": 1, ""trend"": ""n"", ""order"": 1, ""causal"": false, ""regression_type"": ""holiday""}', 'TransformationParameters': '{""fillna"": ""fake_date"", ""transformations"": {""0"": ""IntermittentOccurrence""}, ""transformation_params"": {""0"": {""center"": ""mean""}}}'}, 'e89a3b30b5276cefef55356f531cb97d': {'Model': 'UnivariateMotif', 'ModelParameters': '{""window"": 10, ""point_method"": ""weighted_mean"", ""distance_metric"": ""canberra"", ""k"": 10, ""max_windows"": 10000}', 'TransformationParameters': '{""fillna"": ""ffill"", ""transformations"": {""0"": ""MinMaxScaler"", ""1"": ""AlignLastValue"", ""2"": ""ScipyFilter""}, ""transformation_params"": {""0"": {}, ""1"": {""rows"": 1, ""lag"": 1, ""method"": ""additive"", ""strength"": 1.0, ""first_value_only"": false, ""threshold"": 1, ""threshold_method"": ""max"", ""mean_type"": ""arithmetic""}, ""2"": {""method"": ""butter"", ""method_args"": {""N"": 4, ""btype"": ""highpass"", ""analog"": false, ""output"": ""sos"", ""Wn"": 0.011904761904761904}}}}'}, '23c85c773110afcdc5c3a31becf66854': {'Model': 'RRVAR', 'ModelParameters': '{""method"": ""als"", ""rank"": 16, ""maxiter"": 200}', 'TransformationParameters': '{""fillna"": ""nearest"", ""transformations"": {""0"": ""AlignLastValue"", ""1"": ""PowerTransformer""}, ""transformation_params"": {""0"": {""rows"": 1, ""lag"": 1, ""method"": ""additive"", ""strength"": 0.5, ""first_value_only"": false, ""threshold"": 10, ""threshold_method"": ""max"", ""mean_type"": ""arithmetic""}, ""1"": {}}}'}}, 'point_method': 'midhinge', 'model_weights': {}}","{'fillna': 'fake_date', 'transformations': {'0': 'AlignLastValue', '1': 'AlignLastValue'}, 'transformation_params': {'0': {'rows': 1, 'lag': 1, 'method': 'multiplicative', 'strength': 1.0, 'first_value_only': False, 'threshold': None, 'threshold_method': 'mean'}, '1': {'rows': 1, 'lag': 1, 'method': 'multiplicative', 'strength': 1.0, 'first_value_only': True, 'threshold': 10, 'threshold_method': 'max'}}}",1.0,model.results,False,,,,,,
model_weights,24.0,0.00664976564473505,inverse_rank_from_validation_score,Score,51.273712731931205,Ensemble,"{'model_name': 'BestN', 'model_count': 5, 'model_metric': 'best_score_unique', 'models': {'b52c8876f9849485b32c9cd995d206f2': {'Model': 'SeasonalNaive', 'ModelParameters': '{""method"": ""lastvalue"", ""lag_1"": 64, ""lag_2"": 12}', 'TransformationParameters': '{""fillna"": ""ffill"", ""transformations"": {""0"": ""AlignLastValue"", ""1"": ""bkfilter"", ""2"": ""RegressionFilter"", ""3"": ""PowerTransformer"", ""4"": ""FFTDecomposition""}, ""transformation_params"": {""0"": {""rows"": 1, ""lag"": 1, ""method"": ""additive"", ""strength"": 1.0, ""first_value_only"": false, ""threshold"": 1, ""threshold_method"": ""mean"", ""mean_type"": ""arithmetic""}, ""1"": {}, ""2"": {""sigma"": 2, ""rolling_window"": 90, ""run_order"": ""season_first"", ""regression_params"": {""regression_model"": {""model"": ""ElasticNet"", ""model_params"": {""l1_ratio"": 0.5, ""fit_intercept"": true, ""selection"": ""cyclic"", ""max_iter"": 1000}}, ""datepart_method"": ""anchored_segment_fourier:us_school"", ""polynomial_degree"": null, ""transform_dict"": null, ""holiday_countries_used"": true, ""lags"": null, ""forward_lags"": null}, ""holiday_params"": null, ""trend_method"": ""rolling_mean""}, ""3"": {}, ""4"": {""n_harmonics"": 10, ""detrend"": ""linear""}}}'}, '483bc03fb7d41bd6b09ed562ac44c517': {'Model': 'SeasonalityMotif', 'ModelParameters': '{""window"": 30, ""point_method"": ""weighted_mean"", ""distance_metric"": ""mqae"", ""k"": 15, ""datepart_method"": ""common_fourier"", ""independent"": true}', 'TransformationParameters': '{""fillna"": ""ffill"", ""transformations"": {""0"": null}, ""transformation_params"": {""0"": {}}}'}, '759f4757070db9464a47d5b64481062e': {'Model': 'ARDL', 'ModelParameters': '{""lags"": 1, ""trend"": ""n"", ""order"": 1, ""causal"": false, ""regression_type"": ""holiday""}', 'TransformationParameters': '{""fillna"": ""fake_date"", ""transformations"": {""0"": ""IntermittentOccurrence""}, ""transformation_params"": {""0"": {""center"": ""mean""}}}'}, 'e89a3b30b5276cefef55356f531cb97d': {'Model': 'UnivariateMotif', 'ModelParameters': '{""window"": 10, ""point_method"": ""weighted_mean"", ""distance_metric"": ""canberra"", ""k"": 10, ""max_windows"": 10000}', 'TransformationParameters': '{""fillna"": ""ffill"", ""transformations"": {""0"": ""MinMaxScaler"", ""1"": ""AlignLastValue"", ""2"": ""ScipyFilter""}, ""transformation_params"": {""0"": {}, ""1"": {""rows"": 1, ""lag"": 1, ""method"": ""additive"", ""strength"": 1.0, ""first_value_only"": false, ""threshold"": 1, ""threshold_method"": ""max"", ""mean_type"": ""arithmetic""}, ""2"": {""method"": ""butter"", ""method_args"": {""N"": 4, ""btype"": ""highpass"", ""analog"": false, ""output"": ""sos"", ""Wn"": 0.011904761904761904}}}}'}, '23c85c773110afcdc5c3a31becf66854': {'Model': 'RRVAR', 'ModelParameters': '{""method"": ""als"", ""rank"": 16, ""maxiter"": 200}', 'TransformationParameters': '{""fillna"": ""nearest"", ""transformations"": {""0"": ""AlignLastValue"", ""1"": ""PowerTransformer""}, ""transformation_params"": {""0"": {""rows"": 1, ""lag"": 1, ""method"": ""additive"", ""strength"": 0.5, ""first_value_only"": false, ""threshold"": 10, ""threshold_method"": ""max"", ""mean_type"": ""arithmetic""}, ""1"": {}}}'}}, 'point_method': 'midhinge', 'model_weights': {}}","{'fillna': 'fake_date', 'transformations': {'0': 'FIRFilter', '1': 'AlignLastValue', '2': 'AlignLastValue'}, 'transformation_params': {'0': {'numtaps': 32, 'cutoff_hz': 0.1, 'window': 'triang', 'sampling_frequency': 12, 'on_transform': False, 'on_inverse': True, 'bounds_only': True}, '1': {'rows': 1, 'lag': 1, 'method': 'multiplicative', 'strength': 1.0, 'first_value_only': False, 'threshold': None, 'threshold_method': 'mean'}, '2': {'rows': 1, 'lag': 1, 'method': 'multiplicative', 'strength': 1.0, 'first_value_only': True, 'threshold': 10, 'threshold_method': 'max'}}}",1.0,model.results,False,,,,,,
model_weights,25.0,0.006383775018945649,inverse_rank_from_validation_score,Score,53.143479584576745,SeasonalityMotif,"{'window': 30, 'point_method': 'weighted_mean', 'distance_metric': 'mqae', 'k': 15, 'datepart_method': 'common_fourier', 'independent': True}","{'fillna': 'ffill', 'transformations': {'0': None}, 'transformation_params': {'0': {}}}",0.0,model.results,False,,,,,,
model_weights,26.0,0.0061382452105246624,inverse_rank_from_validation_score,Score,57.26904056337641,SeasonalityMotif,"{'window': 5, 'point_method': 'weighted_mean', 'distance_metric': 'mqae', 'k': 15, 'datepart_method': 'common_fourier', 'independent': True}","{'fillna': 'ffill', 'transformations': {'0': 'RegressionFilter', '1': 'PowerTransformer'}, 'transformation_params': {'0': {'sigma': 2, 'rolling_window': 90, 'run_order': 'season_first', 'regression_params': {'regression_model': {'model': 'ElasticNet', 'model_params': {'l1_ratio': 0.5, 'fit_intercept': True, 'selection': 'cyclic', 'max_iter': 1000}}, 'datepart_method': 'anchored_segment_fourier:us_school', 'polynomial_degree': None, 'transform_dict': None, 'holiday_countries_used': True, 'lags': None, 'forward_lags': None}, 'holiday_params': None, 'trend_method': 'rolling_mean'}, '1': {}}}",0.0,model.results,False,,,,,,
model_weights,27.0,0.005910902795320045,inverse_rank_from_validation_score,Score,59.39239440565698,Ensemble,"{'model_name': 'BestN', 'model_count': 3, 'model_metric': 'mixed_metric', 'models': {'a28ec290170b13fd699d9f65cf8a8be5': {'Model': 'SeasonalNaive', 'ModelParameters': '{""method"": ""mean"", ""lag_1"": 64, ""lag_2"": 12}', 'TransformationParameters': '{""fillna"": ""ffill"", ""transformations"": {""0"": ""MinMaxScaler"", ""1"": ""DifferencedTransformer"", ""2"": ""ConvolutionFilter""}, ""transformation_params"": {""0"": {}, ""1"": {""lag"": 1, ""fill"": ""bfill""}, ""2"": {""weight"": [1.0, 0.5, 0.3333333333333333, 0.25, 0.2, 0.16666666666666666, 0.14285714285714285]}}}'}, 'b52c8876f9849485b32c9cd995d206f2': {'Model': 'SeasonalNaive', 'ModelParameters': '{""method"": ""lastvalue"", ""lag_1"": 64, ""lag_2"": 12}', 'TransformationParameters': '{""fillna"": ""ffill"", ""transformations"": {""0"": ""AlignLastValue"", ""1"": ""bkfilter"", ""2"": ""RegressionFilter"", ""3"": ""PowerTransformer"", ""4"": ""FFTDecomposition""}, ""transformation_params"": {""0"": {""rows"": 1, ""lag"": 1, ""method"": ""additive"", ""strength"": 1.0, ""first_value_only"": false, ""threshold"": 1, ""threshold_method"": ""mean"", ""mean_type"": ""arithmetic""}, ""1"": {}, ""2"": {""sigma"": 2, ""rolling_window"": 90, ""run_order"": ""season_first"", ""regression_params"": {""regression_model"": {""model"": ""ElasticNet"", ""model_params"": {""l1_ratio"": 0.5, ""fit_intercept"": true, ""selection"": ""cyclic"", ""max_iter"": 1000}}, ""datepart_method"": ""anchored_segment_fourier:us_school"", ""polynomial_degree"": null, ""transform_dict"": null, ""holiday_countries_used"": true, ""lags"": null, ""forward_lags"": null}, ""holiday_params"": null, ""trend_method"": ""rolling_mean""}, ""3"": {}, ""4"": {""n_harmonics"": 10, ""detrend"": ""linear""}}}'}, '3e349e3aaa1ceb062f73adbd8e0c389c': {'Model': 'SeasonalityMotif', 'ModelParameters': '{""window"": 30, ""point_method"": ""weighted_mean"", ""distance_metric"": ""mqae"", ""k"": 10, ""datepart_method"": ""simple_binarized"", ""independent"": false}', 'TransformationParameters': '{""fillna"": ""ffill"", ""transformations"": {""0"": ""ScipyFilter"", ""1"": ""AlignLastValue"", ""2"": ""bkfilter"", ""3"": ""RollingMean100thN"", ""4"": ""AlignLastValue""}, ""transformation_params"": {""0"": {""method"": ""butter"", ""method_args"": {""N"": 4, ""btype"": ""lowpass"", ""analog"": false, ""output"": ""sos"", ""Wn"": 0.08333333333333333}}, ""1"": {""rows"": 1, ""lag"": 28, ""method"": ""additive"", ""strength"": 0.2, ""first_value_only"": false, ""threshold"": 1, ""threshold_method"": ""max"", ""mean_type"": ""arithmetic""}, ""2"": {}, ""3"": {}, ""4"": {""rows"": 1, ""lag"": 1, ""method"": ""additive"", ""strength"": 1.0, ""first_value_only"": false, ""threshold"": null, ""threshold_method"": ""mean"", ""mean_type"": ""arithmetic""}}}'}}, 'model_weights': {}, 'point_method': 'mean'}","{'fillna': 'ffill', 'transformations': {'0': 'RegressionFilter', '1': 'HistoricValues'}, 'transformation_params': {'0': {'sigma': 1, 'rolling_window': 90, 'run_order': 'season_first', 'regression_params': {'regression_model': {'model': 'ElasticNet', 'model_params': {'l1_ratio': 0.5, 'fit_intercept': False, 'selection': 'cyclic', 'max_iter': 2000}}, 'datepart_method': 'simple', 'polynomial_degree': None, 'transform_dict': {'fillna': None, 'transformations': {'0': 'ScipyFilter'}, 'transformation_params': {'0': {'method': 'savgol_filter', 'method_args': {'window_length': 31, 'polyorder': 3, 'deriv': 0, 'mode': 'interp'}}}}, 'holiday_countries_used': False, 'lags': None, 'forward_lags': None}, 'holiday_params': None, 'trend_method': 'rolling_mean'}, '1': {'window': 28}}}",1.0,model.results,False,,,,,,
model_weights,28.0,0.005699799124058614,inverse_rank_from_validation_score,Score,64.84863082032467,Ensemble,"{'model_name': 'BestN', 'model_count': 3, 'model_metric': 'best_score', 'models': {'b52c8876f9849485b32c9cd995d206f2': {'Model': 'SeasonalNaive', 'ModelParameters': '{""method"": ""lastvalue"", ""lag_1"": 64, ""lag_2"": 12}', 'TransformationParameters': '{""fillna"": ""ffill"", ""transformations"": {""0"": ""AlignLastValue"", ""1"": ""bkfilter"", ""2"": ""RegressionFilter"", ""3"": ""PowerTransformer"", ""4"": ""FFTDecomposition""}, ""transformation_params"": {""0"": {""rows"": 1, ""lag"": 1, ""method"": ""additive"", ""strength"": 1.0, ""first_value_only"": false, ""threshold"": 1, ""threshold_method"": ""mean"", ""mean_type"": ""arithmetic""}, ""1"": {}, ""2"": {""sigma"": 2, ""rolling_window"": 90, ""run_order"": ""season_first"", ""regression_params"": {""regression_model"": {""model"": ""ElasticNet"", ""model_params"": {""l1_ratio"": 0.5, ""fit_intercept"": true, ""selection"": ""cyclic"", ""max_iter"": 1000}}, ""datepart_method"": ""anchored_segment_fourier:us_school"", ""polynomial_degree"": null, ""transform_dict"": null, ""holiday_countries_used"": true, ""lags"": null, ""forward_lags"": null}, ""holiday_params"": null, ""trend_method"": ""rolling_mean""}, ""3"": {}, ""4"": {""n_harmonics"": 10, ""detrend"": ""linear""}}}'}, 'a28ec290170b13fd699d9f65cf8a8be5': {'Model': 'SeasonalNaive', 'ModelParameters': '{""method"": ""mean"", ""lag_1"": 64, ""lag_2"": 12}', 'TransformationParameters': '{""fillna"": ""ffill"", ""transformations"": {""0"": ""MinMaxScaler"", ""1"": ""DifferencedTransformer"", ""2"": ""ConvolutionFilter""}, ""transformation_params"": {""0"": {}, ""1"": {""lag"": 1, ""fill"": ""bfill""}, ""2"": {""weight"": [1.0, 0.5, 0.3333333333333333, 0.25, 0.2, 0.16666666666666666, 0.14285714285714285]}}}'}, '483bc03fb7d41bd6b09ed562ac44c517': {'Model': 'SeasonalityMotif', 'ModelParameters': '{""window"": 30, ""point_method"": ""weighted_mean"", ""distance_metric"": ""mqae"", ""k"": 15, ""datepart_method"": ""common_fourier"", ""independent"": true}', 'TransformationParameters': '{""fillna"": ""ffill"", ""transformations"": {""0"": null}, ""transformation_params"": {""0"": {}}}'}}, 'model_weights': {}, 'point_method': 'mean'}","{'fillna': 'quadratic', 'transformations': {'0': 'AlignLastValue', '1': 'ChangepointDetrend'}, 'transformation_params': {'0': {'rows': 1, 'lag': 1, 'method': 'multiplicative', 'strength': 1.0, 'first_value_only': False, 'threshold': None, 'threshold_method': 'mean'}, '1': {'model': 'Linear', 'changepoint_spacing': 180, 'changepoint_distance_end': 360, 'datepart_method': None}}}",1.0,model.results,False,,,,,,
model_weights,29.0,0.005503254326677283,inverse_rank_from_validation_score,Score,66.41365408267544,Ensemble,"{'model_name': 'BestN', 'model_count': 3, 'model_metric': 'best_score_unique', 'models': {'b52c8876f9849485b32c9cd995d206f2': {'Model': 'SeasonalNaive', 'ModelParameters': '{""method"": ""lastvalue"", ""lag_1"": 64, ""lag_2"": 12}', 'TransformationParameters': '{""fillna"": ""ffill"", ""transformations"": {""0"": ""AlignLastValue"", ""1"": ""bkfilter"", ""2"": ""RegressionFilter"", ""3"": ""PowerTransformer"", ""4"": ""FFTDecomposition""}, ""transformation_params"": {""0"": {""rows"": 1, ""lag"": 1, ""method"": ""additive"", ""strength"": 1.0, ""first_value_only"": false, ""threshold"": 1, ""threshold_method"": ""mean"", ""mean_type"": ""arithmetic""}, ""1"": {}, ""2"": {""sigma"": 2, ""rolling_window"": 90, ""run_order"": ""season_first"", ""regression_params"": {""regression_model"": {""model"": ""ElasticNet"", ""model_params"": {""l1_ratio"": 0.5, ""fit_intercept"": true, ""selection"": ""cyclic"", ""max_iter"": 1000}}, ""datepart_method"": ""anchored_segment_fourier:us_school"", ""polynomial_degree"": null, ""transform_dict"": null, ""holiday_countries_used"": true, ""lags"": null, ""forward_lags"": null}, ""holiday_params"": null, ""trend_method"": ""rolling_mean""}, ""3"": {}, ""4"": {""n_harmonics"": 10, ""detrend"": ""linear""}}}'}, '483bc03fb7d41bd6b09ed562ac44c517': {'Model': 'SeasonalityMotif', 'ModelParameters': '{""window"": 30, ""point_method"": ""weighted_mean"", ""distance_metric"": ""mqae"", ""k"": 15, ""datepart_method"": ""common_fourier"", ""independent"": true}', 'TransformationParameters': '{""fillna"": ""ffill"", ""transformations"": {""0"": null}, ""transformation_params"": {""0"": {}}}'}, '759f4757070db9464a47d5b64481062e': {'Model': 'ARDL', 'ModelParameters': '{""lags"": 1, ""trend"": ""n"", ""order"": 1, ""causal"": false, ""regression_type"": ""holiday""}', 'TransformationParameters': '{""fillna"": ""fake_date"", ""transformations"": {""0"": ""IntermittentOccurrence""}, ""transformation_params"": {""0"": {""center"": ""mean""}}}'}}, 'model_weights': {}, 'point_method': 'mean'}","{'fillna': 'quadratic', 'transformations': {'0': 'AlignLastValue', '1': 'ChangepointDetrend'}, 'transformation_params': {'0': {'rows': 1, 'lag': 1, 'method': 'multiplicative', 'strength': 1.0, 'first_value_only': False, 'threshold': None, 'threshold_method': 'mean'}, '1': {'model': 'Linear', 'changepoint_spacing': 180, 'changepoint_distance_end': 360, 'datepart_method': None}}}",1.0,model.results,False,,,,,,
model_weights,30.0,0.005319812515788041,inverse_rank_from_validation_score,Score,68.89542714172177,ARDL,"{'lags': 1, 'trend': 'n', 'order': 1, 'causal': False, 'regression_type': 'holiday'}","{'fillna': 'fake_date', 'transformations': {'0': 'IntermittentOccurrence'}, 'transformation_params': {'0': {'center': 'mean'}}}",0.0,model.results,False,,,,,,
model_weights,31.0,0.005148205660440039,inverse_rank_from_validation_score,Score,69.88960722828415,Ensemble,"{'model_name': 'BestN', 'model_count': 3, 'model_metric': 'mixed_metric', 'models': {'a28ec290170b13fd699d9f65cf8a8be5': {'Model': 'SeasonalNaive', 'ModelParameters': '{""method"": ""mean"", ""lag_1"": 64, ""lag_2"": 12}', 'TransformationParameters': '{""fillna"": ""ffill"", ""transformations"": {""0"": ""MinMaxScaler"", ""1"": ""DifferencedTransformer"", ""2"": ""ConvolutionFilter""}, ""transformation_params"": {""0"": {}, ""1"": {""lag"": 1, ""fill"": ""bfill""}, ""2"": {""weight"": [1.0, 0.5, 0.3333333333333333, 0.25, 0.2, 0.16666666666666666, 0.14285714285714285]}}}'}, 'b52c8876f9849485b32c9cd995d206f2': {'Model': 'SeasonalNaive', 'ModelParameters': '{""method"": ""lastvalue"", ""lag_1"": 64, ""lag_2"": 12}', 'TransformationParameters': '{""fillna"": ""ffill"", ""transformations"": {""0"": ""AlignLastValue"", ""1"": ""bkfilter"", ""2"": ""RegressionFilter"", ""3"": ""PowerTransformer"", ""4"": ""FFTDecomposition""}, ""transformation_params"": {""0"": {""rows"": 1, ""lag"": 1, ""method"": ""additive"", ""strength"": 1.0, ""first_value_only"": false, ""threshold"": 1, ""threshold_method"": ""mean"", ""mean_type"": ""arithmetic""}, ""1"": {}, ""2"": {""sigma"": 2, ""rolling_window"": 90, ""run_order"": ""season_first"", ""regression_params"": {""regression_model"": {""model"": ""ElasticNet"", ""model_params"": {""l1_ratio"": 0.5, ""fit_intercept"": true, ""selection"": ""cyclic"", ""max_iter"": 1000}}, ""datepart_method"": ""anchored_segment_fourier:us_school"", ""polynomial_degree"": null, ""transform_dict"": null, ""holiday_countries_used"": true, ""lags"": null, ""forward_lags"": null}, ""holiday_params"": null, ""trend_method"": ""rolling_mean""}, ""3"": {}, ""4"": {""n_harmonics"": 10, ""detrend"": ""linear""}}}'}, '3e349e3aaa1ceb062f73adbd8e0c389c': {'Model': 'SeasonalityMotif', 'ModelParameters': '{""window"": 30, ""point_method"": ""weighted_mean"", ""distance_metric"": ""mqae"", ""k"": 10, ""datepart_method"": ""simple_binarized"", ""independent"": false}', 'TransformationParameters': '{""fillna"": ""ffill"", ""transformations"": {""0"": ""ScipyFilter"", ""1"": ""AlignLastValue"", ""2"": ""bkfilter"", ""3"": ""RollingMean100thN"", ""4"": ""AlignLastValue""}, ""transformation_params"": {""0"": {""method"": ""butter"", ""method_args"": {""N"": 4, ""btype"": ""lowpass"", ""analog"": false, ""output"": ""sos"", ""Wn"": 0.08333333333333333}}, ""1"": {""rows"": 1, ""lag"": 28, ""method"": ""additive"", ""strength"": 0.2, ""first_value_only"": false, ""threshold"": 1, ""threshold_method"": ""max"", ""mean_type"": ""arithmetic""}, ""2"": {}, ""3"": {}, ""4"": {""rows"": 1, ""lag"": 1, ""method"": ""additive"", ""strength"": 1.0, ""first_value_only"": false, ""threshold"": null, ""threshold_method"": ""mean"", ""mean_type"": ""arithmetic""}}}'}}, 'model_weights': {}, 'point_method': 'mean'}","{'fillna': 'fake_date', 'transformations': {'0': 'AlignLastValue', '1': 'AlignLastValue'}, 'transformation_params': {'0': {'rows': 1, 'lag': 1, 'method': 'multiplicative', 'strength': 1.0, 'first_value_only': False, 'threshold': None, 'threshold_method': 'mean'}, '1': {'rows': 1, 'lag': 1, 'method': 'multiplicative', 'strength': 1.0, 'first_value_only': True, 'threshold': 10, 'threshold_method': 'max'}}}",1.0,model.results,False,,,,,,
model_weights,32.0,0.004987324233551288,inverse_rank_from_validation_score,Score,69.88960722828415,Ensemble,"{'model_name': 'BestN', 'model_count': 3, 'model_metric': 'mixed_metric', 'models': {'a28ec290170b13fd699d9f65cf8a8be5': {'Model': 'SeasonalNaive', 'ModelParameters': '{""method"": ""mean"", ""lag_1"": 64, ""lag_2"": 12}', 'TransformationParameters': '{""fillna"": ""ffill"", ""transformations"": {""0"": ""MinMaxScaler"", ""1"": ""DifferencedTransformer"", ""2"": ""ConvolutionFilter""}, ""transformation_params"": {""0"": {}, ""1"": {""lag"": 1, ""fill"": ""bfill""}, ""2"": {""weight"": [1.0, 0.5, 0.3333333333333333, 0.25, 0.2, 0.16666666666666666, 0.14285714285714285]}}}'}, 'b52c8876f9849485b32c9cd995d206f2': {'Model': 'SeasonalNaive', 'ModelParameters': '{""method"": ""lastvalue"", ""lag_1"": 64, ""lag_2"": 12}', 'TransformationParameters': '{""fillna"": ""ffill"", ""transformations"": {""0"": ""AlignLastValue"", ""1"": ""bkfilter"", ""2"": ""RegressionFilter"", ""3"": ""PowerTransformer"", ""4"": ""FFTDecomposition""}, ""transformation_params"": {""0"": {""rows"": 1, ""lag"": 1, ""method"": ""additive"", ""strength"": 1.0, ""first_value_only"": false, ""threshold"": 1, ""threshold_method"": ""mean"", ""mean_type"": ""arithmetic""}, ""1"": {}, ""2"": {""sigma"": 2, ""rolling_window"": 90, ""run_order"": ""season_first"", ""regression_params"": {""regression_model"": {""model"": ""ElasticNet"", ""model_params"": {""l1_ratio"": 0.5, ""fit_intercept"": true, ""selection"": ""cyclic"", ""max_iter"": 1000}}, ""datepart_method"": ""anchored_segment_fourier:us_school"", ""polynomial_degree"": null, ""transform_dict"": null, ""holiday_countries_used"": true, ""lags"": null, ""forward_lags"": null}, ""holiday_params"": null, ""trend_method"": ""rolling_mean""}, ""3"": {}, ""4"": {""n_harmonics"": 10, ""detrend"": ""linear""}}}'}, '3e349e3aaa1ceb062f73adbd8e0c389c': {'Model': 'SeasonalityMotif', 'ModelParameters': '{""window"": 30, ""point_method"": ""weighted_mean"", ""distance_metric"": ""mqae"", ""k"": 10, ""datepart_method"": ""simple_binarized"", ""independent"": false}', 'TransformationParameters': '{""fillna"": ""ffill"", ""transformations"": {""0"": ""ScipyFilter"", ""1"": ""AlignLastValue"", ""2"": ""bkfilter"", ""3"": ""RollingMean100thN"", ""4"": ""AlignLastValue""}, ""transformation_params"": {""0"": {""method"": ""butter"", ""method_args"": {""N"": 4, ""btype"": ""lowpass"", ""analog"": false, ""output"": ""sos"", ""Wn"": 0.08333333333333333}}, ""1"": {""rows"": 1, ""lag"": 28, ""method"": ""additive"", ""strength"": 0.2, ""first_value_only"": false, ""threshold"": 1, ""threshold_method"": ""max"", ""mean_type"": ""arithmetic""}, ""2"": {}, ""3"": {}, ""4"": {""rows"": 1, ""lag"": 1, ""method"": ""additive"", ""strength"": 1.0, ""first_value_only"": false, ""threshold"": null, ""threshold_method"": ""mean"", ""mean_type"": ""arithmetic""}}}'}}, 'model_weights': {}, 'point_method': 'mean'}","{'fillna': 'fake_date', 'transformations': {'0': 'FIRFilter', '1': 'AlignLastValue', '2': 'AlignLastValue'}, 'transformation_params': {'0': {'numtaps': 32, 'cutoff_hz': 0.1, 'window': 'triang', 'sampling_frequency': 12, 'on_transform': False, 'on_inverse': True, 'bounds_only': True}, '1': {'rows': 1, 'lag': 1, 'method': 'multiplicative', 'strength': 1.0, 'first_value_only': False, 'threshold': None, 'threshold_method': 'mean'}, '2': {'rows': 1, 'lag': 1, 'method': 'multiplicative', 'strength': 1.0, 'first_value_only': True, 'threshold': 10, 'threshold_method': 'max'}}}",1.0,model.results,False,,,,,,
model_weights,33.0,0.004836193196170946,inverse_rank_from_validation_score,Score,71.30660901760008,RRVAR,"{'method': 'als', 'rank': 16, 'maxiter': 200}","{'fillna': 'nearest', 'transformations': {'0': 'AlignLastValue', '1': 'PowerTransformer'}, 'transformation_params': {'0': {'rows': 1, 'lag': 1, 'method': 'additive', 'strength': 0.5, 'first_value_only': False, 'threshold': 10, 'threshold_method': 'max', 'mean_type': 'arithmetic'}, '1': {}}}",0.0,model.results,False,,,,,,
model_weights,34.0,0.004693952219812977,inverse_rank_from_validation_score,Score,72.88382450653437,Ensemble,"{'model_name': 'BestN', 'model_count': 3, 'model_metric': 'bestn_horizontal', 'models': {'b52c8876f9849485b32c9cd995d206f2': {'Model': 'SeasonalNaive', 'ModelParameters': '{""method"": ""lastvalue"", ""lag_1"": 64, ""lag_2"": 12}', 'TransformationParameters': '{""fillna"": ""ffill"", ""transformations"": {""0"": ""AlignLastValue"", ""1"": ""bkfilter"", ""2"": ""RegressionFilter"", ""3"": ""PowerTransformer"", ""4"": ""FFTDecomposition""}, ""transformation_params"": {""0"": {""rows"": 1, ""lag"": 1, ""method"": ""additive"", ""strength"": 1.0, ""first_value_only"": false, ""threshold"": 1, ""threshold_method"": ""mean"", ""mean_type"": ""arithmetic""}, ""1"": {}, ""2"": {""sigma"": 2, ""rolling_window"": 90, ""run_order"": ""season_first"", ""regression_params"": {""regression_model"": {""model"": ""ElasticNet"", ""model_params"": {""l1_ratio"": 0.5, ""fit_intercept"": true, ""selection"": ""cyclic"", ""max_iter"": 1000}}, ""datepart_method"": ""anchored_segment_fourier:us_school"", ""polynomial_degree"": null, ""transform_dict"": null, ""holiday_countries_used"": true, ""lags"": null, ""forward_lags"": null}, ""holiday_params"": null, ""trend_method"": ""rolling_mean""}, ""3"": {}, ""4"": {""n_harmonics"": 10, ""detrend"": ""linear""}}}'}, 'e89a3b30b5276cefef55356f531cb97d': {'Model': 'UnivariateMotif', 'ModelParameters': '{""window"": 10, ""point_method"": ""weighted_mean"", ""distance_metric"": ""canberra"", ""k"": 10, ""max_windows"": 10000}', 'TransformationParameters': '{""fillna"": ""ffill"", ""transformations"": {""0"": ""MinMaxScaler"", ""1"": ""AlignLastValue"", ""2"": ""ScipyFilter""}, ""transformation_params"": {""0"": {}, ""1"": {""rows"": 1, ""lag"": 1, ""method"": ""additive"", ""strength"": 1.0, ""first_value_only"": false, ""threshold"": 1, ""threshold_method"": ""max"", ""mean_type"": ""arithmetic""}, ""2"": {""method"": ""butter"", ""method_args"": {""N"": 4, ""btype"": ""highpass"", ""analog"": false, ""output"": ""sos"", ""Wn"": 0.011904761904761904}}}}'}, 'b45e6182d5f3b0168c3bd9fb67794936': {'Model': 'SectionalMotif', 'ModelParameters': '{""window"": 30, ""point_method"": ""midhinge"", ""distance_metric"": ""canberra"", ""include_differenced"": false, ""k"": 10, ""stride_size"": 1, ""regression_type"": null, ""comparison_transformation"": null, ""combination_transformation"": null}', 'TransformationParameters': '{""fillna"": ""quadratic"", ""transformations"": {""0"": ""AlignLastValue"", ""1"": ""MaxAbsScaler"", ""2"": ""RegressionFilter"", ""3"": ""PowerTransformer"", ""4"": ""FFTFilter""}, ""transformation_params"": {""0"": {""rows"": 1, ""lag"": 1, ""method"": ""additive"", ""strength"": 1.0, ""first_value_only"": false, ""threshold"": 1, ""threshold_method"": ""mean"", ""mean_type"": ""arithmetic""}, ""1"": {}, ""2"": {""sigma"": 2, ""rolling_window"": 90, ""run_order"": ""season_first"", ""regression_params"": {""regression_model"": {""model"": ""ElasticNet"", ""model_params"": {""l1_ratio"": 0.5, ""fit_intercept"": true, ""selection"": ""cyclic"", ""max_iter"": 1000}}, ""datepart_method"": ""anchored_segment_fourier:us_school"", ""polynomial_degree"": null, ""transform_dict"": null, ""holiday_countries_used"": true, ""lags"": null, ""forward_lags"": null}, ""holiday_params"": null, ""trend_method"": ""rolling_mean""}, ""3"": {}, ""4"": {""cutoff"": 0.1, ""reverse"": false, ""on_transform"": true, ""on_inverse"": true}}}'}}, 'model_weights': {'b52c8876f9849485b32c9cd995d206f2': 20.0, 'b45e6182d5f3b0168c3bd9fb67794936': 19.0, 'e89a3b30b5276cefef55356f531cb97d': 18.0}, 'point_method': 'mean'}","{'fillna': 'fake_date', 'transformations': {'0': 'FIRFilter', '1': 'AlignLastValue', '2': 'AlignLastValue'}, 'transformation_params': {'0': {'numtaps': 32, 'cutoff_hz': 0.1, 'window': 'triang', 'sampling_frequency': 12, 'on_transform': False, 'on_inverse': True, 'bounds_only': True}, '1': {'rows': 1, 'lag': 1, 'method': 'multiplicative', 'strength': 1.0, 'first_value_only': False, 'threshold': None, 'threshold_method': 'mean'}, '2': {'rows': 1, 'lag': 1, 'method': 'multiplicative', 'strength': 1.0, 'first_value_only': True, 'threshold': 10, 'threshold_method': 'max'}}}",1.0,model.results,False,,,,,,
model_weights,35.0,0.004559839299246892,inverse_rank_from_validation_score,Score,72.88382450653437,Ensemble,"{'model_name': 'BestN', 'model_count': 3, 'model_metric': 'bestn_horizontal', 'models': {'b52c8876f9849485b32c9cd995d206f2': {'Model': 'SeasonalNaive', 'ModelParameters': '{""method"": ""lastvalue"", ""lag_1"": 64, ""lag_2"": 12}', 'TransformationParameters': '{""fillna"": ""ffill"", ""transformations"": {""0"": ""AlignLastValue"", ""1"": ""bkfilter"", ""2"": ""RegressionFilter"", ""3"": ""PowerTransformer"", ""4"": ""FFTDecomposition""}, ""transformation_params"": {""0"": {""rows"": 1, ""lag"": 1, ""method"": ""additive"", ""strength"": 1.0, ""first_value_only"": false, ""threshold"": 1, ""threshold_method"": ""mean"", ""mean_type"": ""arithmetic""}, ""1"": {}, ""2"": {""sigma"": 2, ""rolling_window"": 90, ""run_order"": ""season_first"", ""regression_params"": {""regression_model"": {""model"": ""ElasticNet"", ""model_params"": {""l1_ratio"": 0.5, ""fit_intercept"": true, ""selection"": ""cyclic"", ""max_iter"": 1000}}, ""datepart_method"": ""anchored_segment_fourier:us_school"", ""polynomial_degree"": null, ""transform_dict"": null, ""holiday_countries_used"": true, ""lags"": null, ""forward_lags"": null}, ""holiday_params"": null, ""trend_method"": ""rolling_mean""}, ""3"": {}, ""4"": {""n_harmonics"": 10, ""detrend"": ""linear""}}}'}, 'e89a3b30b5276cefef55356f531cb97d': {'Model': 'UnivariateMotif', 'ModelParameters': '{""window"": 10, ""point_method"": ""weighted_mean"", ""distance_metric"": ""canberra"", ""k"": 10, ""max_windows"": 10000}', 'TransformationParameters': '{""fillna"": ""ffill"", ""transformations"": {""0"": ""MinMaxScaler"", ""1"": ""AlignLastValue"", ""2"": ""ScipyFilter""}, ""transformation_params"": {""0"": {}, ""1"": {""rows"": 1, ""lag"": 1, ""method"": ""additive"", ""strength"": 1.0, ""first_value_only"": false, ""threshold"": 1, ""threshold_method"": ""max"", ""mean_type"": ""arithmetic""}, ""2"": {""method"": ""butter"", ""method_args"": {""N"": 4, ""btype"": ""highpass"", ""analog"": false, ""output"": ""sos"", ""Wn"": 0.011904761904761904}}}}'}, 'b45e6182d5f3b0168c3bd9fb67794936': {'Model': 'SectionalMotif', 'ModelParameters': '{""window"": 30, ""point_method"": ""midhinge"", ""distance_metric"": ""canberra"", ""include_differenced"": false, ""k"": 10, ""stride_size"": 1, ""regression_type"": null, ""comparison_transformation"": null, ""combination_transformation"": null}', 'TransformationParameters': '{""fillna"": ""quadratic"", ""transformations"": {""0"": ""AlignLastValue"", ""1"": ""MaxAbsScaler"", ""2"": ""RegressionFilter"", ""3"": ""PowerTransformer"", ""4"": ""FFTFilter""}, ""transformation_params"": {""0"": {""rows"": 1, ""lag"": 1, ""method"": ""additive"", ""strength"": 1.0, ""first_value_only"": false, ""threshold"": 1, ""threshold_method"": ""mean"", ""mean_type"": ""arithmetic""}, ""1"": {}, ""2"": {""sigma"": 2, ""rolling_window"": 90, ""run_order"": ""season_first"", ""regression_params"": {""regression_model"": {""model"": ""ElasticNet"", ""model_params"": {""l1_ratio"": 0.5, ""fit_intercept"": true, ""selection"": ""cyclic"", ""max_iter"": 1000}}, ""datepart_method"": ""anchored_segment_fourier:us_school"", ""polynomial_degree"": null, ""transform_dict"": null, ""holiday_countries_used"": true, ""lags"": null, ""forward_lags"": null}, ""holiday_params"": null, ""trend_method"": ""rolling_mean""}, ""3"": {}, ""4"": {""cutoff"": 0.1, ""reverse"": false, ""on_transform"": true, ""on_inverse"": true}}}'}}, 'model_weights': {'b52c8876f9849485b32c9cd995d206f2': 20.0, 'b45e6182d5f3b0168c3bd9fb67794936': 19.0, 'e89a3b30b5276cefef55356f531cb97d': 18.0}, 'point_method': 'mean'}",{},1.0,model.results,False,,,,,,
model_weights,36.0,0.004433177096490034,inverse_rank_from_validation_score,Score,72.88382450653437,Ensemble,"{'model_name': 'BestN', 'model_count': 3, 'model_metric': 'bestn_horizontal', 'models': {'b52c8876f9849485b32c9cd995d206f2': {'Model': 'SeasonalNaive', 'ModelParameters': '{""method"": ""lastvalue"", ""lag_1"": 64, ""lag_2"": 12}', 'TransformationParameters': '{""fillna"": ""ffill"", ""transformations"": {""0"": ""AlignLastValue"", ""1"": ""bkfilter"", ""2"": ""RegressionFilter"", ""3"": ""PowerTransformer"", ""4"": ""FFTDecomposition""}, ""transformation_params"": {""0"": {""rows"": 1, ""lag"": 1, ""method"": ""additive"", ""strength"": 1.0, ""first_value_only"": false, ""threshold"": 1, ""threshold_method"": ""mean"", ""mean_type"": ""arithmetic""}, ""1"": {}, ""2"": {""sigma"": 2, ""rolling_window"": 90, ""run_order"": ""season_first"", ""regression_params"": {""regression_model"": {""model"": ""ElasticNet"", ""model_params"": {""l1_ratio"": 0.5, ""fit_intercept"": true, ""selection"": ""cyclic"", ""max_iter"": 1000}}, ""datepart_method"": ""anchored_segment_fourier:us_school"", ""polynomial_degree"": null, ""transform_dict"": null, ""holiday_countries_used"": true, ""lags"": null, ""forward_lags"": null}, ""holiday_params"": null, ""trend_method"": ""rolling_mean""}, ""3"": {}, ""4"": {""n_harmonics"": 10, ""detrend"": ""linear""}}}'}, 'e89a3b30b5276cefef55356f531cb97d': {'Model': 'UnivariateMotif', 'ModelParameters': '{""window"": 10, ""point_method"": ""weighted_mean"", ""distance_metric"": ""canberra"", ""k"": 10, ""max_windows"": 10000}', 'TransformationParameters': '{""fillna"": ""ffill"", ""transformations"": {""0"": ""MinMaxScaler"", ""1"": ""AlignLastValue"", ""2"": ""ScipyFilter""}, ""transformation_params"": {""0"": {}, ""1"": {""rows"": 1, ""lag"": 1, ""method"": ""additive"", ""strength"": 1.0, ""first_value_only"": false, ""threshold"": 1, ""threshold_method"": ""max"", ""mean_type"": ""arithmetic""}, ""2"": {""method"": ""butter"", ""method_args"": {""N"": 4, ""btype"": ""highpass"", ""analog"": false, ""output"": ""sos"", ""Wn"": 0.011904761904761904}}}}'}, 'b45e6182d5f3b0168c3bd9fb67794936': {'Model': 'SectionalMotif', 'ModelParameters': '{""window"": 30, ""point_method"": ""midhinge"", ""distance_metric"": ""canberra"", ""include_differenced"": false, ""k"": 10, ""stride_size"": 1, ""regression_type"": null, ""comparison_transformation"": null, ""combination_transformation"": null}', 'TransformationParameters': '{""fillna"": ""quadratic"", ""transformations"": {""0"": ""AlignLastValue"", ""1"": ""MaxAbsScaler"", ""2"": ""RegressionFilter"", ""3"": ""PowerTransformer"", ""4"": ""FFTFilter""}, ""transformation_params"": {""0"": {""rows"": 1, ""lag"": 1, ""method"": ""additive"", ""strength"": 1.0, ""first_value_only"": false, ""threshold"": 1, ""threshold_method"": ""mean"", ""mean_type"": ""arithmetic""}, ""1"": {}, ""2"": {""sigma"": 2, ""rolling_window"": 90, ""run_order"": ""season_first"", ""regression_params"": {""regression_model"": {""model"": ""ElasticNet"", ""model_params"": {""l1_ratio"": 0.5, ""fit_intercept"": true, ""selection"": ""cyclic"", ""max_iter"": 1000}}, ""datepart_method"": ""anchored_segment_fourier:us_school"", ""polynomial_degree"": null, ""transform_dict"": null, ""holiday_countries_used"": true, ""lags"": null, ""forward_lags"": null}, ""holiday_params"": null, ""trend_method"": ""rolling_mean""}, ""3"": {}, ""4"": {""cutoff"": 0.1, ""reverse"": false, ""on_transform"": true, ""on_inverse"": true}}}'}}, 'model_weights': {'b52c8876f9849485b32c9cd995d206f2': 20.0, 'b45e6182d5f3b0168c3bd9fb67794936': 19.0, 'e89a3b30b5276cefef55356f531cb97d': 18.0}, 'point_method': 'mean'}","{'fillna': 'fake_date', 'transformations': {'0': 'AlignLastValue', '1': 'AlignLastValue'}, 'transformation_params': {'0': {'rows': 1, 'lag': 1, 'method': 'multiplicative', 'strength': 1.0, 'first_value_only': False, 'threshold': None, 'threshold_method': 'mean'}, '1': {'rows': 1, 'lag': 1, 'method': 'multiplicative', 'strength': 1.0, 'first_value_only': True, 'threshold': 10, 'threshold_method': 'max'}}}",1.0,model.results,False,,,,,,
model_weights,37.0,0.004313361499287601,inverse_rank_from_validation_score,Score,73.55413760351507,Ensemble,"{'model_name': 'BestN', 'model_count': 3, 'model_metric': 'horizontal', 'models': {'b52c8876f9849485b32c9cd995d206f2': {'Model': 'SeasonalNaive', 'ModelParameters': '{""method"": ""lastvalue"", ""lag_1"": 64, ""lag_2"": 12}', 'TransformationParameters': '{""fillna"": ""ffill"", ""transformations"": {""0"": ""AlignLastValue"", ""1"": ""bkfilter"", ""2"": ""RegressionFilter"", ""3"": ""PowerTransformer"", ""4"": ""FFTDecomposition""}, ""transformation_params"": {""0"": {""rows"": 1, ""lag"": 1, ""method"": ""additive"", ""strength"": 1.0, ""first_value_only"": false, ""threshold"": 1, ""threshold_method"": ""mean"", ""mean_type"": ""arithmetic""}, ""1"": {}, ""2"": {""sigma"": 2, ""rolling_window"": 90, ""run_order"": ""season_first"", ""regression_params"": {""regression_model"": {""model"": ""ElasticNet"", ""model_params"": {""l1_ratio"": 0.5, ""fit_intercept"": true, ""selection"": ""cyclic"", ""max_iter"": 1000}}, ""datepart_method"": ""anchored_segment_fourier:us_school"", ""polynomial_degree"": null, ""transform_dict"": null, ""holiday_countries_used"": true, ""lags"": null, ""forward_lags"": null}, ""holiday_params"": null, ""trend_method"": ""rolling_mean""}, ""3"": {}, ""4"": {""n_harmonics"": 10, ""detrend"": ""linear""}}}'}, 'b45e6182d5f3b0168c3bd9fb67794936': {'Model': 'SectionalMotif', 'ModelParameters': '{""window"": 30, ""point_method"": ""midhinge"", ""distance_metric"": ""canberra"", ""include_differenced"": false, ""k"": 10, ""stride_size"": 1, ""regression_type"": null, ""comparison_transformation"": null, ""combination_transformation"": null}', 'TransformationParameters': '{""fillna"": ""quadratic"", ""transformations"": {""0"": ""AlignLastValue"", ""1"": ""MaxAbsScaler"", ""2"": ""RegressionFilter"", ""3"": ""PowerTransformer"", ""4"": ""FFTFilter""}, ""transformation_params"": {""0"": {""rows"": 1, ""lag"": 1, ""method"": ""additive"", ""strength"": 1.0, ""first_value_only"": false, ""threshold"": 1, ""threshold_method"": ""mean"", ""mean_type"": ""arithmetic""}, ""1"": {}, ""2"": {""sigma"": 2, ""rolling_window"": 90, ""run_order"": ""season_first"", ""regression_params"": {""regression_model"": {""model"": ""ElasticNet"", ""model_params"": {""l1_ratio"": 0.5, ""fit_intercept"": true, ""selection"": ""cyclic"", ""max_iter"": 1000}}, ""datepart_method"": ""anchored_segment_fourier:us_school"", ""polynomial_degree"": null, ""transform_dict"": null, ""holiday_countries_used"": true, ""lags"": null, ""forward_lags"": null}, ""holiday_params"": null, ""trend_method"": ""rolling_mean""}, ""3"": {}, ""4"": {""cutoff"": 0.1, ""reverse"": false, ""on_transform"": true, ""on_inverse"": true}}}'}, 'e89a3b30b5276cefef55356f531cb97d': {'Model': 'UnivariateMotif', 'ModelParameters': '{""window"": 10, ""point_method"": ""weighted_mean"", ""distance_metric"": ""canberra"", ""k"": 10, ""max_windows"": 10000}', 'TransformationParameters': '{""fillna"": ""ffill"", ""transformations"": {""0"": ""MinMaxScaler"", ""1"": ""AlignLastValue"", ""2"": ""ScipyFilter""}, ""transformation_params"": {""0"": {}, ""1"": {""rows"": 1, ""lag"": 1, ""method"": ""additive"", ""strength"": 1.0, ""first_value_only"": false, ""threshold"": 1, ""threshold_method"": ""max"", ""mean_type"": ""arithmetic""}, ""2"": {""method"": ""butter"", ""method_args"": {""N"": 4, ""btype"": ""highpass"", ""analog"": false, ""output"": ""sos"", ""Wn"": 0.011904761904761904}}}}'}}, 'model_weights': {}, 'point_method': 'mean'}","{'fillna': 'fake_date', 'transformations': {'0': 'FIRFilter', '1': 'AlignLastValue', '2': 'AlignLastValue'}, 'transformation_params': {'0': {'numtaps': 32, 'cutoff_hz': 0.1, 'window': 'triang', 'sampling_frequency': 12, 'on_transform': False, 'on_inverse': True, 'bounds_only': True}, '1': {'rows': 1, 'lag': 1, 'method': 'multiplicative', 'strength': 1.0, 'first_value_only': False, 'threshold': None, 'threshold_method': 'mean'}, '2': {'rows': 1, 'lag': 1, 'method': 'multiplicative', 'strength': 1.0, 'first_value_only': True, 'threshold': 10, 'threshold_method': 'max'}}}",1.0,model.results,False,,,,,,
model_weights,38.0,0.004199851986148453,inverse_rank_from_validation_score,Score,73.55413760351507,Ensemble,"{'model_name': 'BestN', 'model_count': 3, 'model_metric': 'horizontal', 'models': {'b52c8876f9849485b32c9cd995d206f2': {'Model': 'SeasonalNaive', 'ModelParameters': '{""method"": ""lastvalue"", ""lag_1"": 64, ""lag_2"": 12}', 'TransformationParameters': '{""fillna"": ""ffill"", ""transformations"": {""0"": ""AlignLastValue"", ""1"": ""bkfilter"", ""2"": ""RegressionFilter"", ""3"": ""PowerTransformer"", ""4"": ""FFTDecomposition""}, ""transformation_params"": {""0"": {""rows"": 1, ""lag"": 1, ""method"": ""additive"", ""strength"": 1.0, ""first_value_only"": false, ""threshold"": 1, ""threshold_method"": ""mean"", ""mean_type"": ""arithmetic""}, ""1"": {}, ""2"": {""sigma"": 2, ""rolling_window"": 90, ""run_order"": ""season_first"", ""regression_params"": {""regression_model"": {""model"": ""ElasticNet"", ""model_params"": {""l1_ratio"": 0.5, ""fit_intercept"": true, ""selection"": ""cyclic"", ""max_iter"": 1000}}, ""datepart_method"": ""anchored_segment_fourier:us_school"", ""polynomial_degree"": null, ""transform_dict"": null, ""holiday_countries_used"": true, ""lags"": null, ""forward_lags"": null}, ""holiday_params"": null, ""trend_method"": ""rolling_mean""}, ""3"": {}, ""4"": {""n_harmonics"": 10, ""detrend"": ""linear""}}}'}, 'b45e6182d5f3b0168c3bd9fb67794936': {'Model': 'SectionalMotif', 'ModelParameters': '{""window"": 30, ""point_method"": ""midhinge"", ""distance_metric"": ""canberra"", ""include_differenced"": false, ""k"": 10, ""stride_size"": 1, ""regression_type"": null, ""comparison_transformation"": null, ""combination_transformation"": null}', 'TransformationParameters': '{""fillna"": ""quadratic"", ""transformations"": {""0"": ""AlignLastValue"", ""1"": ""MaxAbsScaler"", ""2"": ""RegressionFilter"", ""3"": ""PowerTransformer"", ""4"": ""FFTFilter""}, ""transformation_params"": {""0"": {""rows"": 1, ""lag"": 1, ""method"": ""additive"", ""strength"": 1.0, ""first_value_only"": false, ""threshold"": 1, ""threshold_method"": ""mean"", ""mean_type"": ""arithmetic""}, ""1"": {}, ""2"": {""sigma"": 2, ""rolling_window"": 90, ""run_order"": ""season_first"", ""regression_params"": {""regression_model"": {""model"": ""ElasticNet"", ""model_params"": {""l1_ratio"": 0.5, ""fit_intercept"": true, ""selection"": ""cyclic"", ""max_iter"": 1000}}, ""datepart_method"": ""anchored_segment_fourier:us_school"", ""polynomial_degree"": null, ""transform_dict"": null, ""holiday_countries_used"": true, ""lags"": null, ""forward_lags"": null}, ""holiday_params"": null, ""trend_method"": ""rolling_mean""}, ""3"": {}, ""4"": {""cutoff"": 0.1, ""reverse"": false, ""on_transform"": true, ""on_inverse"": true}}}'}, 'e89a3b30b5276cefef55356f531cb97d': {'Model': 'UnivariateMotif', 'ModelParameters': '{""window"": 10, ""point_method"": ""weighted_mean"", ""distance_metric"": ""canberra"", ""k"": 10, ""max_windows"": 10000}', 'TransformationParameters': '{""fillna"": ""ffill"", ""transformations"": {""0"": ""MinMaxScaler"", ""1"": ""AlignLastValue"", ""2"": ""ScipyFilter""}, ""transformation_params"": {""0"": {}, ""1"": {""rows"": 1, ""lag"": 1, ""method"": ""additive"", ""strength"": 1.0, ""first_value_only"": false, ""threshold"": 1, ""threshold_method"": ""max"", ""mean_type"": ""arithmetic""}, ""2"": {""method"": ""butter"", ""method_args"": {""N"": 4, ""btype"": ""highpass"", ""analog"": false, ""output"": ""sos"", ""Wn"": 0.011904761904761904}}}}'}}, 'model_weights': {}, 'point_method': 'mean'}","{'fillna': 'fake_date', 'transformations': {'0': 'AlignLastValue', '1': 'AlignLastValue'}, 'transformation_params': {'0': {'rows': 1, 'lag': 1, 'method': 'multiplicative', 'strength': 1.0, 'first_value_only': False, 'threshold': None, 'threshold_method': 'mean'}, '1': {'rows': 1, 'lag': 1, 'method': 'multiplicative', 'strength': 1.0, 'first_value_only': True, 'threshold': 10, 'threshold_method': 'max'}}}",1.0,model.results,False,,,,,,
model_weights,39.0,0.004092163473683108,inverse_rank_from_validation_score,Score,73.55413760351507,Ensemble,"{'model_name': 'BestN', 'model_count': 3, 'model_metric': 'horizontal', 'models': {'b52c8876f9849485b32c9cd995d206f2': {'Model': 'SeasonalNaive', 'ModelParameters': '{""method"": ""lastvalue"", ""lag_1"": 64, ""lag_2"": 12}', 'TransformationParameters': '{""fillna"": ""ffill"", ""transformations"": {""0"": ""AlignLastValue"", ""1"": ""bkfilter"", ""2"": ""RegressionFilter"", ""3"": ""PowerTransformer"", ""4"": ""FFTDecomposition""}, ""transformation_params"": {""0"": {""rows"": 1, ""lag"": 1, ""method"": ""additive"", ""strength"": 1.0, ""first_value_only"": false, ""threshold"": 1, ""threshold_method"": ""mean"", ""mean_type"": ""arithmetic""}, ""1"": {}, ""2"": {""sigma"": 2, ""rolling_window"": 90, ""run_order"": ""season_first"", ""regression_params"": {""regression_model"": {""model"": ""ElasticNet"", ""model_params"": {""l1_ratio"": 0.5, ""fit_intercept"": true, ""selection"": ""cyclic"", ""max_iter"": 1000}}, ""datepart_method"": ""anchored_segment_fourier:us_school"", ""polynomial_degree"": null, ""transform_dict"": null, ""holiday_countries_used"": true, ""lags"": null, ""forward_lags"": null}, ""holiday_params"": null, ""trend_method"": ""rolling_mean""}, ""3"": {}, ""4"": {""n_harmonics"": 10, ""detrend"": ""linear""}}}'}, 'b45e6182d5f3b0168c3bd9fb67794936': {'Model': 'SectionalMotif', 'ModelParameters': '{""window"": 30, ""point_method"": ""midhinge"", ""distance_metric"": ""canberra"", ""include_differenced"": false, ""k"": 10, ""stride_size"": 1, ""regression_type"": null, ""comparison_transformation"": null, ""combination_transformation"": null}', 'TransformationParameters': '{""fillna"": ""quadratic"", ""transformations"": {""0"": ""AlignLastValue"", ""1"": ""MaxAbsScaler"", ""2"": ""RegressionFilter"", ""3"": ""PowerTransformer"", ""4"": ""FFTFilter""}, ""transformation_params"": {""0"": {""rows"": 1, ""lag"": 1, ""method"": ""additive"", ""strength"": 1.0, ""first_value_only"": false, ""threshold"": 1, ""threshold_method"": ""mean"", ""mean_type"": ""arithmetic""}, ""1"": {}, ""2"": {""sigma"": 2, ""rolling_window"": 90, ""run_order"": ""season_first"", ""regression_params"": {""regression_model"": {""model"": ""ElasticNet"", ""model_params"": {""l1_ratio"": 0.5, ""fit_intercept"": true, ""selection"": ""cyclic"", ""max_iter"": 1000}}, ""datepart_method"": ""anchored_segment_fourier:us_school"", ""polynomial_degree"": null, ""transform_dict"": null, ""holiday_countries_used"": true, ""lags"": null, ""forward_lags"": null}, ""holiday_params"": null, ""trend_method"": ""rolling_mean""}, ""3"": {}, ""4"": {""cutoff"": 0.1, ""reverse"": false, ""on_transform"": true, ""on_inverse"": true}}}'}, 'e89a3b30b5276cefef55356f531cb97d': {'Model': 'UnivariateMotif', 'ModelParameters': '{""window"": 10, ""point_method"": ""weighted_mean"", ""distance_metric"": ""canberra"", ""k"": 10, ""max_windows"": 10000}', 'TransformationParameters': '{""fillna"": ""ffill"", ""transformations"": {""0"": ""MinMaxScaler"", ""1"": ""AlignLastValue"", ""2"": ""ScipyFilter""}, ""transformation_params"": {""0"": {}, ""1"": {""rows"": 1, ""lag"": 1, ""method"": ""additive"", ""strength"": 1.0, ""first_value_only"": false, ""threshold"": 1, ""threshold_method"": ""max"", ""mean_type"": ""arithmetic""}, ""2"": {""method"": ""butter"", ""method_args"": {""N"": 4, ""btype"": ""highpass"", ""analog"": false, ""output"": ""sos"", ""Wn"": 0.011904761904761904}}}}'}}, 'model_weights': {}, 'point_method': 'mean'}",{},1.0,model.results,False,,,,,,
model_weights,40.0,0.003989859386841031,inverse_rank_from_validation_score,Score,74.6558132648893,UnivariateMotif,"{'window': 10, 'point_method': 'weighted_mean', 'distance_metric': 'canberra', 'k': 10, 'max_windows': 10000}","{'fillna': 'ffill', 'transformations': {'0': 'MinMaxScaler', '1': 'AlignLastValue', '2': 'ScipyFilter'}, 'transformation_params': {'0': {}, '1': {'rows': 1, 'lag': 1, 'method': 'additive', 'strength': 1.0, 'first_value_only': False, 'threshold': 1, 'threshold_method': 'max', 'mean_type': 'arithmetic'}, '2': {'method': 'butter', 'method_args': {'N': 4, 'btype': 'highpass', 'analog': False, 'output': 'sos', 'Wn': 0.011904761904761904}}}}",0.0,model.results,False,,,,,,
model_weights,41.0,0.003892545743259542,inverse_rank_from_validation_score,Score,77.89663453484563,Ensemble,"{'model_name': 'BestN', 'model_count': 5, 'model_metric': 'mixed_metric', 'models': {'a28ec290170b13fd699d9f65cf8a8be5': {'Model': 'SeasonalNaive', 'ModelParameters': '{""method"": ""mean"", ""lag_1"": 64, ""lag_2"": 12}', 'TransformationParameters': '{""fillna"": ""ffill"", ""transformations"": {""0"": ""MinMaxScaler"", ""1"": ""DifferencedTransformer"", ""2"": ""ConvolutionFilter""}, ""transformation_params"": {""0"": {}, ""1"": {""lag"": 1, ""fill"": ""bfill""}, ""2"": {""weight"": [1.0, 0.5, 0.3333333333333333, 0.25, 0.2, 0.16666666666666666, 0.14285714285714285]}}}'}, 'b52c8876f9849485b32c9cd995d206f2': {'Model': 'SeasonalNaive', 'ModelParameters': '{""method"": ""lastvalue"", ""lag_1"": 64, ""lag_2"": 12}', 'TransformationParameters': '{""fillna"": ""ffill"", ""transformations"": {""0"": ""AlignLastValue"", ""1"": ""bkfilter"", ""2"": ""RegressionFilter"", ""3"": ""PowerTransformer"", ""4"": ""FFTDecomposition""}, ""transformation_params"": {""0"": {""rows"": 1, ""lag"": 1, ""method"": ""additive"", ""strength"": 1.0, ""first_value_only"": false, ""threshold"": 1, ""threshold_method"": ""mean"", ""mean_type"": ""arithmetic""}, ""1"": {}, ""2"": {""sigma"": 2, ""rolling_window"": 90, ""run_order"": ""season_first"", ""regression_params"": {""regression_model"": {""model"": ""ElasticNet"", ""model_params"": {""l1_ratio"": 0.5, ""fit_intercept"": true, ""selection"": ""cyclic"", ""max_iter"": 1000}}, ""datepart_method"": ""anchored_segment_fourier:us_school"", ""polynomial_degree"": null, ""transform_dict"": null, ""holiday_countries_used"": true, ""lags"": null, ""forward_lags"": null}, ""holiday_params"": null, ""trend_method"": ""rolling_mean""}, ""3"": {}, ""4"": {""n_harmonics"": 10, ""detrend"": ""linear""}}}'}, '3e349e3aaa1ceb062f73adbd8e0c389c': {'Model': 'SeasonalityMotif', 'ModelParameters': '{""window"": 30, ""point_method"": ""weighted_mean"", ""distance_metric"": ""mqae"", ""k"": 10, ""datepart_method"": ""simple_binarized"", ""independent"": false}', 'TransformationParameters': '{""fillna"": ""ffill"", ""transformations"": {""0"": ""ScipyFilter"", ""1"": ""AlignLastValue"", ""2"": ""bkfilter"", ""3"": ""RollingMean100thN"", ""4"": ""AlignLastValue""}, ""transformation_params"": {""0"": {""method"": ""butter"", ""method_args"": {""N"": 4, ""btype"": ""lowpass"", ""analog"": false, ""output"": ""sos"", ""Wn"": 0.08333333333333333}}, ""1"": {""rows"": 1, ""lag"": 28, ""method"": ""additive"", ""strength"": 0.2, ""first_value_only"": false, ""threshold"": 1, ""threshold_method"": ""max"", ""mean_type"": ""arithmetic""}, ""2"": {}, ""3"": {}, ""4"": {""rows"": 1, ""lag"": 1, ""method"": ""additive"", ""strength"": 1.0, ""first_value_only"": false, ""threshold"": null, ""threshold_method"": ""mean"", ""mean_type"": ""arithmetic""}}}'}, 'b45e6182d5f3b0168c3bd9fb67794936': {'Model': 'SectionalMotif', 'ModelParameters': '{""window"": 30, ""point_method"": ""midhinge"", ""distance_metric"": ""canberra"", ""include_differenced"": false, ""k"": 10, ""stride_size"": 1, ""regression_type"": null, ""comparison_transformation"": null, ""combination_transformation"": null}', 'TransformationParameters': '{""fillna"": ""quadratic"", ""transformations"": {""0"": ""AlignLastValue"", ""1"": ""MaxAbsScaler"", ""2"": ""RegressionFilter"", ""3"": ""PowerTransformer"", ""4"": ""FFTFilter""}, ""transformation_params"": {""0"": {""rows"": 1, ""lag"": 1, ""method"": ""additive"", ""strength"": 1.0, ""first_value_only"": false, ""threshold"": 1, ""threshold_method"": ""mean"", ""mean_type"": ""arithmetic""}, ""1"": {}, ""2"": {""sigma"": 2, ""rolling_window"": 90, ""run_order"": ""season_first"", ""regression_params"": {""regression_model"": {""model"": ""ElasticNet"", ""model_params"": {""l1_ratio"": 0.5, ""fit_intercept"": true, ""selection"": ""cyclic"", ""max_iter"": 1000}}, ""datepart_method"": ""anchored_segment_fourier:us_school"", ""polynomial_degree"": null, ""transform_dict"": null, ""holiday_countries_used"": true, ""lags"": null, ""forward_lags"": null}, ""holiday_params"": null, ""trend_method"": ""rolling_mean""}, ""3"": {}, ""4"": {""cutoff"": 0.1, ""reverse"": false, ""on_transform"": true, ""on_inverse"": true}}}'}, '759f4757070db9464a47d5b64481062e': {'Model': 'ARDL', 'ModelParameters': '{""lags"": 1, ""trend"": ""n"", ""order"": 1, ""causal"": false, ""regression_type"": ""holiday""}', 'TransformationParameters': '{""fillna"": ""fake_date"", ""transformations"": {""0"": ""IntermittentOccurrence""}, ""transformation_params"": {""0"": {""center"": ""mean""}}}'}}, 'point_method': 'median', 'model_weights': {}}","{'fillna': 'quadratic', 'transformations': {'0': 'AlignLastValue', '1': 'ChangepointDetrend'}, 'transformation_params': {'0': {'rows': 1, 'lag': 1, 'method': 'multiplicative', 'strength': 1.0, 'first_value_only': False, 'threshold': None, 'threshold_method': 'mean'}, '1': {'model': 'Linear', 'changepoint_spacing': 180, 'changepoint_distance_end': 360, 'datepart_method': None}}}",1.0,model.results,False,,,,,,
model_weights,42.0,0.003799866082705743,inverse_rank_from_validation_score,Score,78.66977922062368,Ensemble,"{'model_name': 'BestN', 'model_count': 5, 'model_metric': 'mixed_metric', 'models': {'a28ec290170b13fd699d9f65cf8a8be5': {'Model': 'SeasonalNaive', 'ModelParameters': '{""method"": ""mean"", ""lag_1"": 64, ""lag_2"": 12}', 'TransformationParameters': '{""fillna"": ""ffill"", ""transformations"": {""0"": ""MinMaxScaler"", ""1"": ""DifferencedTransformer"", ""2"": ""ConvolutionFilter""}, ""transformation_params"": {""0"": {}, ""1"": {""lag"": 1, ""fill"": ""bfill""}, ""2"": {""weight"": [1.0, 0.5, 0.3333333333333333, 0.25, 0.2, 0.16666666666666666, 0.14285714285714285]}}}'}, 'b52c8876f9849485b32c9cd995d206f2': {'Model': 'SeasonalNaive', 'ModelParameters': '{""method"": ""lastvalue"", ""lag_1"": 64, ""lag_2"": 12}', 'TransformationParameters': '{""fillna"": ""ffill"", ""transformations"": {""0"": ""AlignLastValue"", ""1"": ""bkfilter"", ""2"": ""RegressionFilter"", ""3"": ""PowerTransformer"", ""4"": ""FFTDecomposition""}, ""transformation_params"": {""0"": {""rows"": 1, ""lag"": 1, ""method"": ""additive"", ""strength"": 1.0, ""first_value_only"": false, ""threshold"": 1, ""threshold_method"": ""mean"", ""mean_type"": ""arithmetic""}, ""1"": {}, ""2"": {""sigma"": 2, ""rolling_window"": 90, ""run_order"": ""season_first"", ""regression_params"": {""regression_model"": {""model"": ""ElasticNet"", ""model_params"": {""l1_ratio"": 0.5, ""fit_intercept"": true, ""selection"": ""cyclic"", ""max_iter"": 1000}}, ""datepart_method"": ""anchored_segment_fourier:us_school"", ""polynomial_degree"": null, ""transform_dict"": null, ""holiday_countries_used"": true, ""lags"": null, ""forward_lags"": null}, ""holiday_params"": null, ""trend_method"": ""rolling_mean""}, ""3"": {}, ""4"": {""n_harmonics"": 10, ""detrend"": ""linear""}}}'}, '3e349e3aaa1ceb062f73adbd8e0c389c': {'Model': 'SeasonalityMotif', 'ModelParameters': '{""window"": 30, ""point_method"": ""weighted_mean"", ""distance_metric"": ""mqae"", ""k"": 10, ""datepart_method"": ""simple_binarized"", ""independent"": false}', 'TransformationParameters': '{""fillna"": ""ffill"", ""transformations"": {""0"": ""ScipyFilter"", ""1"": ""AlignLastValue"", ""2"": ""bkfilter"", ""3"": ""RollingMean100thN"", ""4"": ""AlignLastValue""}, ""transformation_params"": {""0"": {""method"": ""butter"", ""method_args"": {""N"": 4, ""btype"": ""lowpass"", ""analog"": false, ""output"": ""sos"", ""Wn"": 0.08333333333333333}}, ""1"": {""rows"": 1, ""lag"": 28, ""method"": ""additive"", ""strength"": 0.2, ""first_value_only"": false, ""threshold"": 1, ""threshold_method"": ""max"", ""mean_type"": ""arithmetic""}, ""2"": {}, ""3"": {}, ""4"": {""rows"": 1, ""lag"": 1, ""method"": ""additive"", ""strength"": 1.0, ""first_value_only"": false, ""threshold"": null, ""threshold_method"": ""mean"", ""mean_type"": ""arithmetic""}}}'}, 'b45e6182d5f3b0168c3bd9fb67794936': {'Model': 'SectionalMotif', 'ModelParameters': '{""window"": 30, ""point_method"": ""midhinge"", ""distance_metric"": ""canberra"", ""include_differenced"": false, ""k"": 10, ""stride_size"": 1, ""regression_type"": null, ""comparison_transformation"": null, ""combination_transformation"": null}', 'TransformationParameters': '{""fillna"": ""quadratic"", ""transformations"": {""0"": ""AlignLastValue"", ""1"": ""MaxAbsScaler"", ""2"": ""RegressionFilter"", ""3"": ""PowerTransformer"", ""4"": ""FFTFilter""}, ""transformation_params"": {""0"": {""rows"": 1, ""lag"": 1, ""method"": ""additive"", ""strength"": 1.0, ""first_value_only"": false, ""threshold"": 1, ""threshold_method"": ""mean"", ""mean_type"": ""arithmetic""}, ""1"": {}, ""2"": {""sigma"": 2, ""rolling_window"": 90, ""run_order"": ""season_first"", ""regression_params"": {""regression_model"": {""model"": ""ElasticNet"", ""model_params"": {""l1_ratio"": 0.5, ""fit_intercept"": true, ""selection"": ""cyclic"", ""max_iter"": 1000}}, ""datepart_method"": ""anchored_segment_fourier:us_school"", ""polynomial_degree"": null, ""transform_dict"": null, ""holiday_countries_used"": true, ""lags"": null, ""forward_lags"": null}, ""holiday_params"": null, ""trend_method"": ""rolling_mean""}, ""3"": {}, ""4"": {""cutoff"": 0.1, ""reverse"": false, ""on_transform"": true, ""on_inverse"": true}}}'}, '759f4757070db9464a47d5b64481062e': {'Model': 'ARDL', 'ModelParameters': '{""lags"": 1, ""trend"": ""n"", ""order"": 1, ""causal"": false, ""regression_type"": ""holiday""}', 'TransformationParameters': '{""fillna"": ""fake_date"", ""transformations"": {""0"": ""IntermittentOccurrence""}, ""transformation_params"": {""0"": {""center"": ""mean""}}}'}}, 'point_method': 'kalman', 'model_weights': {}}","{'fillna': 'fake_date', 'transformations': {'0': 'AlignLastValue', '1': 'AlignLastValue'}, 'transformation_params': {'0': {'rows': 1, 'lag': 1, 'method': 'multiplicative', 'strength': 1.0, 'first_value_only': False, 'threshold': None, 'threshold_method': 'mean'}, '1': {'rows': 1, 'lag': 1, 'method': 'multiplicative', 'strength': 1.0, 'first_value_only': True, 'threshold': 10, 'threshold_method': 'max'}}}",1.0,model.results,False,,,,,,
model_weights,43.0,0.0037114971040381676,inverse_rank_from_validation_score,Score,79.48265510374259,Ensemble,"{'model_name': 'BestN', 'model_count': 5, 'model_metric': 'bestn_horizontal', 'models': {'b52c8876f9849485b32c9cd995d206f2': {'Model': 'SeasonalNaive', 'ModelParameters': '{""method"": ""lastvalue"", ""lag_1"": 64, ""lag_2"": 12}', 'TransformationParameters': '{""fillna"": ""ffill"", ""transformations"": {""0"": ""AlignLastValue"", ""1"": ""bkfilter"", ""2"": ""RegressionFilter"", ""3"": ""PowerTransformer"", ""4"": ""FFTDecomposition""}, ""transformation_params"": {""0"": {""rows"": 1, ""lag"": 1, ""method"": ""additive"", ""strength"": 1.0, ""first_value_only"": false, ""threshold"": 1, ""threshold_method"": ""mean"", ""mean_type"": ""arithmetic""}, ""1"": {}, ""2"": {""sigma"": 2, ""rolling_window"": 90, ""run_order"": ""season_first"", ""regression_params"": {""regression_model"": {""model"": ""ElasticNet"", ""model_params"": {""l1_ratio"": 0.5, ""fit_intercept"": true, ""selection"": ""cyclic"", ""max_iter"": 1000}}, ""datepart_method"": ""anchored_segment_fourier:us_school"", ""polynomial_degree"": null, ""transform_dict"": null, ""holiday_countries_used"": true, ""lags"": null, ""forward_lags"": null}, ""holiday_params"": null, ""trend_method"": ""rolling_mean""}, ""3"": {}, ""4"": {""n_harmonics"": 10, ""detrend"": ""linear""}}}'}, 'a28ec290170b13fd699d9f65cf8a8be5': {'Model': 'SeasonalNaive', 'ModelParameters': '{""method"": ""mean"", ""lag_1"": 64, ""lag_2"": 12}', 'TransformationParameters': '{""fillna"": ""ffill"", ""transformations"": {""0"": ""MinMaxScaler"", ""1"": ""DifferencedTransformer"", ""2"": ""ConvolutionFilter""}, ""transformation_params"": {""0"": {}, ""1"": {""lag"": 1, ""fill"": ""bfill""}, ""2"": {""weight"": [1.0, 0.5, 0.3333333333333333, 0.25, 0.2, 0.16666666666666666, 0.14285714285714285]}}}'}, '483bc03fb7d41bd6b09ed562ac44c517': {'Model': 'SeasonalityMotif', 'ModelParameters': '{""window"": 30, ""point_method"": ""weighted_mean"", ""distance_metric"": ""mqae"", ""k"": 15, ""datepart_method"": ""common_fourier"", ""independent"": true}', 'TransformationParameters': '{""fillna"": ""ffill"", ""transformations"": {""0"": null}, ""transformation_params"": {""0"": {}}}'}, 'd00109751cdbcbd8ed2960d92095ef47': {'Model': 'SeasonalityMotif', 'ModelParameters': '{""window"": 5, ""point_method"": ""weighted_mean"", ""distance_metric"": ""mqae"", ""k"": 15, ""datepart_method"": ""common_fourier"", ""independent"": true}', 'TransformationParameters': '{""fillna"": ""ffill"", ""transformations"": {""0"": ""RegressionFilter"", ""1"": ""PowerTransformer""}, ""transformation_params"": {""0"": {""sigma"": 2, ""rolling_window"": 90, ""run_order"": ""season_first"", ""regression_params"": {""regression_model"": {""model"": ""ElasticNet"", ""model_params"": {""l1_ratio"": 0.5, ""fit_intercept"": true, ""selection"": ""cyclic"", ""max_iter"": 1000}}, ""datepart_method"": ""anchored_segment_fourier:us_school"", ""polynomial_degree"": null, ""transform_dict"": null, ""holiday_countries_used"": true, ""lags"": null, ""forward_lags"": null}, ""holiday_params"": null, ""trend_method"": ""rolling_mean""}, ""1"": {}}}'}, '759f4757070db9464a47d5b64481062e': {'Model': 'ARDL', 'ModelParameters': '{""lags"": 1, ""trend"": ""n"", ""order"": 1, ""causal"": false, ""regression_type"": ""holiday""}', 'TransformationParameters': '{""fillna"": ""fake_date"", ""transformations"": {""0"": ""IntermittentOccurrence""}, ""transformation_params"": {""0"": {""center"": ""mean""}}}'}}, 'point_method': 'median', 'model_weights': {}}","{'fillna': 'quadratic', 'transformations': {'0': 'AlignLastValue', '1': 'ChangepointDetrend'}, 'transformation_params': {'0': {'rows': 1, 'lag': 1, 'method': 'multiplicative', 'strength': 1.0, 'first_value_only': False, 'threshold': None, 'threshold_method': 'mean'}, '1': {'model': 'Linear', 'changepoint_spacing': 180, 'changepoint_distance_end': 360, 'datepart_method': None}}}",1.0,model.results,False,,,,,,
model_weights,44.0,0.0036271448971282095,inverse_rank_from_validation_score,Score,80.04953713346497,LastValueNaive,{},"{'fillna': 'ffill', 'transformations': {'0': 'AlignLastValue', '1': 'bkfilter', '2': 'DifferencedTransformer', '3': 'PowerTransformer'}, 'transformation_params': {'0': {'rows': 1, 'lag': 1, 'method': 'additive', 'strength': 1.0, 'first_value_only': False, 'threshold': 1, 'threshold_method': 'mean', 'mean_type': 'arithmetic'}, '1': {}, '2': {'lag': 7, 'fill': 'bfill'}, '3': {}}}",0.0,model.results,False,,,,,,
model_weights,45.0,0.003546541677192027,inverse_rank_from_validation_score,Score,80.59151889250839,Ensemble,"{'model_name': 'BestN', 'model_count': 5, 'model_metric': 'best_score_unique', 'models': {'b52c8876f9849485b32c9cd995d206f2': {'Model': 'SeasonalNaive', 'ModelParameters': '{""method"": ""lastvalue"", ""lag_1"": 64, ""lag_2"": 12}', 'TransformationParameters': '{""fillna"": ""ffill"", ""transformations"": {""0"": ""AlignLastValue"", ""1"": ""bkfilter"", ""2"": ""RegressionFilter"", ""3"": ""PowerTransformer"", ""4"": ""FFTDecomposition""}, ""transformation_params"": {""0"": {""rows"": 1, ""lag"": 1, ""method"": ""additive"", ""strength"": 1.0, ""first_value_only"": false, ""threshold"": 1, ""threshold_method"": ""mean"", ""mean_type"": ""arithmetic""}, ""1"": {}, ""2"": {""sigma"": 2, ""rolling_window"": 90, ""run_order"": ""season_first"", ""regression_params"": {""regression_model"": {""model"": ""ElasticNet"", ""model_params"": {""l1_ratio"": 0.5, ""fit_intercept"": true, ""selection"": ""cyclic"", ""max_iter"": 1000}}, ""datepart_method"": ""anchored_segment_fourier:us_school"", ""polynomial_degree"": null, ""transform_dict"": null, ""holiday_countries_used"": true, ""lags"": null, ""forward_lags"": null}, ""holiday_params"": null, ""trend_method"": ""rolling_mean""}, ""3"": {}, ""4"": {""n_harmonics"": 10, ""detrend"": ""linear""}}}'}, '483bc03fb7d41bd6b09ed562ac44c517': {'Model': 'SeasonalityMotif', 'ModelParameters': '{""window"": 30, ""point_method"": ""weighted_mean"", ""distance_metric"": ""mqae"", ""k"": 15, ""datepart_method"": ""common_fourier"", ""independent"": true}', 'TransformationParameters': '{""fillna"": ""ffill"", ""transformations"": {""0"": null}, ""transformation_params"": {""0"": {}}}'}, '759f4757070db9464a47d5b64481062e': {'Model': 'ARDL', 'ModelParameters': '{""lags"": 1, ""trend"": ""n"", ""order"": 1, ""causal"": false, ""regression_type"": ""holiday""}', 'TransformationParameters': '{""fillna"": ""fake_date"", ""transformations"": {""0"": ""IntermittentOccurrence""}, ""transformation_params"": {""0"": {""center"": ""mean""}}}'}, 'e89a3b30b5276cefef55356f531cb97d': {'Model': 'UnivariateMotif', 'ModelParameters': '{""window"": 10, ""point_method"": ""weighted_mean"", ""distance_metric"": ""canberra"", ""k"": 10, ""max_windows"": 10000}', 'TransformationParameters': '{""fillna"": ""ffill"", ""transformations"": {""0"": ""MinMaxScaler"", ""1"": ""AlignLastValue"", ""2"": ""ScipyFilter""}, ""transformation_params"": {""0"": {}, ""1"": {""rows"": 1, ""lag"": 1, ""method"": ""additive"", ""strength"": 1.0, ""first_value_only"": false, ""threshold"": 1, ""threshold_method"": ""max"", ""mean_type"": ""arithmetic""}, ""2"": {""method"": ""butter"", ""method_args"": {""N"": 4, ""btype"": ""highpass"", ""analog"": false, ""output"": ""sos"", ""Wn"": 0.011904761904761904}}}}'}, '23c85c773110afcdc5c3a31becf66854': {'Model': 'RRVAR', 'ModelParameters': '{""method"": ""als"", ""rank"": 16, ""maxiter"": 200}', 'TransformationParameters': '{""fillna"": ""nearest"", ""transformations"": {""0"": ""AlignLastValue"", ""1"": ""PowerTransformer""}, ""transformation_params"": {""0"": {""rows"": 1, ""lag"": 1, ""method"": ""additive"", ""strength"": 0.5, ""first_value_only"": false, ""threshold"": 10, ""threshold_method"": ""max"", ""mean_type"": ""arithmetic""}, ""1"": {}}}'}}, 'point_method': 'midhinge', 'model_weights': {}}","{'fillna': 'quadratic', 'transformations': {'0': 'AlignLastValue', '1': 'ChangepointDetrend'}, 'transformation_params': {'0': {'rows': 1, 'lag': 1, 'method': 'multiplicative', 'strength': 1.0, 'first_value_only': False, 'threshold': None, 'threshold_method': 'mean'}, '1': {'model': 'Linear', 'changepoint_spacing': 180, 'changepoint_distance_end': 360, 'datepart_method': None}}}",1.0,model.results,False,,,,,,
model_weights,46.0,0.003469442945079157,inverse_rank_from_validation_score,Score,80.85387474078915,Ensemble,"{'model_name': 'BestN', 'model_count': 3, 'model_metric': 'mixed_metric', 'models': {'a28ec290170b13fd699d9f65cf8a8be5': {'Model': 'SeasonalNaive', 'ModelParameters': '{""method"": ""mean"", ""lag_1"": 64, ""lag_2"": 12}', 'TransformationParameters': '{""fillna"": ""ffill"", ""transformations"": {""0"": ""MinMaxScaler"", ""1"": ""DifferencedTransformer"", ""2"": ""ConvolutionFilter""}, ""transformation_params"": {""0"": {}, ""1"": {""lag"": 1, ""fill"": ""bfill""}, ""2"": {""weight"": [1.0, 0.5, 0.3333333333333333, 0.25, 0.2, 0.16666666666666666, 0.14285714285714285]}}}'}, 'b52c8876f9849485b32c9cd995d206f2': {'Model': 'SeasonalNaive', 'ModelParameters': '{""method"": ""lastvalue"", ""lag_1"": 64, ""lag_2"": 12}', 'TransformationParameters': '{""fillna"": ""ffill"", ""transformations"": {""0"": ""AlignLastValue"", ""1"": ""bkfilter"", ""2"": ""RegressionFilter"", ""3"": ""PowerTransformer"", ""4"": ""FFTDecomposition""}, ""transformation_params"": {""0"": {""rows"": 1, ""lag"": 1, ""method"": ""additive"", ""strength"": 1.0, ""first_value_only"": false, ""threshold"": 1, ""threshold_method"": ""mean"", ""mean_type"": ""arithmetic""}, ""1"": {}, ""2"": {""sigma"": 2, ""rolling_window"": 90, ""run_order"": ""season_first"", ""regression_params"": {""regression_model"": {""model"": ""ElasticNet"", ""model_params"": {""l1_ratio"": 0.5, ""fit_intercept"": true, ""selection"": ""cyclic"", ""max_iter"": 1000}}, ""datepart_method"": ""anchored_segment_fourier:us_school"", ""polynomial_degree"": null, ""transform_dict"": null, ""holiday_countries_used"": true, ""lags"": null, ""forward_lags"": null}, ""holiday_params"": null, ""trend_method"": ""rolling_mean""}, ""3"": {}, ""4"": {""n_harmonics"": 10, ""detrend"": ""linear""}}}'}, '3e349e3aaa1ceb062f73adbd8e0c389c': {'Model': 'SeasonalityMotif', 'ModelParameters': '{""window"": 30, ""point_method"": ""weighted_mean"", ""distance_metric"": ""mqae"", ""k"": 10, ""datepart_method"": ""simple_binarized"", ""independent"": false}', 'TransformationParameters': '{""fillna"": ""ffill"", ""transformations"": {""0"": ""ScipyFilter"", ""1"": ""AlignLastValue"", ""2"": ""bkfilter"", ""3"": ""RollingMean100thN"", ""4"": ""AlignLastValue""}, ""transformation_params"": {""0"": {""method"": ""butter"", ""method_args"": {""N"": 4, ""btype"": ""lowpass"", ""analog"": false, ""output"": ""sos"", ""Wn"": 0.08333333333333333}}, ""1"": {""rows"": 1, ""lag"": 28, ""method"": ""additive"", ""strength"": 0.2, ""first_value_only"": false, ""threshold"": 1, ""threshold_method"": ""max"", ""mean_type"": ""arithmetic""}, ""2"": {}, ""3"": {}, ""4"": {""rows"": 1, ""lag"": 1, ""method"": ""additive"", ""strength"": 1.0, ""first_value_only"": false, ""threshold"": null, ""threshold_method"": ""mean"", ""mean_type"": ""arithmetic""}}}'}}, 'model_weights': {}, 'point_method': 'mean'}","{'fillna': 'quadratic', 'transformations': {'0': 'AlignLastValue', '1': 'ChangepointDetrend'}, 'transformation_params': {'0': {'rows': 1, 'lag': 1, 'method': 'multiplicative', 'strength': 1.0, 'first_value_only': False, 'threshold': None, 'threshold_method': 'mean'}, '1': {'model': 'Linear', 'changepoint_spacing': 180, 'changepoint_distance_end': 360, 'datepart_method': None}}}",1.0,model.results,False,,,,,,
model_weights,47.0,0.0033956250100774725,inverse_rank_from_validation_score,Score,81.21887163411817,Ensemble,"{'model_name': 'BestN', 'model_count': 3, 'model_metric': 'mixed_metric', 'models': {'a28ec290170b13fd699d9f65cf8a8be5': {'Model': 'SeasonalNaive', 'ModelParameters': '{""method"": ""mean"", ""lag_1"": 64, ""lag_2"": 12}', 'TransformationParameters': '{""fillna"": ""ffill"", ""transformations"": {""0"": ""MinMaxScaler"", ""1"": ""DifferencedTransformer"", ""2"": ""ConvolutionFilter""}, ""transformation_params"": {""0"": {}, ""1"": {""lag"": 1, ""fill"": ""bfill""}, ""2"": {""weight"": [1.0, 0.5, 0.3333333333333333, 0.25, 0.2, 0.16666666666666666, 0.14285714285714285]}}}'}, 'b52c8876f9849485b32c9cd995d206f2': {'Model': 'SeasonalNaive', 'ModelParameters': '{""method"": ""lastvalue"", ""lag_1"": 64, ""lag_2"": 12}', 'TransformationParameters': '{""fillna"": ""ffill"", ""transformations"": {""0"": ""AlignLastValue"", ""1"": ""bkfilter"", ""2"": ""RegressionFilter"", ""3"": ""PowerTransformer"", ""4"": ""FFTDecomposition""}, ""transformation_params"": {""0"": {""rows"": 1, ""lag"": 1, ""method"": ""additive"", ""strength"": 1.0, ""first_value_only"": false, ""threshold"": 1, ""threshold_method"": ""mean"", ""mean_type"": ""arithmetic""}, ""1"": {}, ""2"": {""sigma"": 2, ""rolling_window"": 90, ""run_order"": ""season_first"", ""regression_params"": {""regression_model"": {""model"": ""ElasticNet"", ""model_params"": {""l1_ratio"": 0.5, ""fit_intercept"": true, ""selection"": ""cyclic"", ""max_iter"": 1000}}, ""datepart_method"": ""anchored_segment_fourier:us_school"", ""polynomial_degree"": null, ""transform_dict"": null, ""holiday_countries_used"": true, ""lags"": null, ""forward_lags"": null}, ""holiday_params"": null, ""trend_method"": ""rolling_mean""}, ""3"": {}, ""4"": {""n_harmonics"": 10, ""detrend"": ""linear""}}}'}, '3e349e3aaa1ceb062f73adbd8e0c389c': {'Model': 'SeasonalityMotif', 'ModelParameters': '{""window"": 30, ""point_method"": ""weighted_mean"", ""distance_metric"": ""mqae"", ""k"": 10, ""datepart_method"": ""simple_binarized"", ""independent"": false}', 'TransformationParameters': '{""fillna"": ""ffill"", ""transformations"": {""0"": ""ScipyFilter"", ""1"": ""AlignLastValue"", ""2"": ""bkfilter"", ""3"": ""RollingMean100thN"", ""4"": ""AlignLastValue""}, ""transformation_params"": {""0"": {""method"": ""butter"", ""method_args"": {""N"": 4, ""btype"": ""lowpass"", ""analog"": false, ""output"": ""sos"", ""Wn"": 0.08333333333333333}}, ""1"": {""rows"": 1, ""lag"": 28, ""method"": ""additive"", ""strength"": 0.2, ""first_value_only"": false, ""threshold"": 1, ""threshold_method"": ""max"", ""mean_type"": ""arithmetic""}, ""2"": {}, ""3"": {}, ""4"": {""rows"": 1, ""lag"": 1, ""method"": ""additive"", ""strength"": 1.0, ""first_value_only"": false, ""threshold"": null, ""threshold_method"": ""mean"", ""mean_type"": ""arithmetic""}}}'}}, 'model_weights': {}, 'point_method': 'mean'}",{},1.0,model.results,False,,,,,,
model_weights,48.0,0.003324882822367525,inverse_rank_from_validation_score,Score,81.6828095379801,Ensemble,"{'model_name': 'BestN', 'model_count': 5, 'model_metric': 'mixed_metric', 'models': {'a28ec290170b13fd699d9f65cf8a8be5': {'Model': 'SeasonalNaive', 'ModelParameters': '{""method"": ""mean"", ""lag_1"": 64, ""lag_2"": 12}', 'TransformationParameters': '{""fillna"": ""ffill"", ""transformations"": {""0"": ""MinMaxScaler"", ""1"": ""DifferencedTransformer"", ""2"": ""ConvolutionFilter""}, ""transformation_params"": {""0"": {}, ""1"": {""lag"": 1, ""fill"": ""bfill""}, ""2"": {""weight"": [1.0, 0.5, 0.3333333333333333, 0.25, 0.2, 0.16666666666666666, 0.14285714285714285]}}}'}, 'b52c8876f9849485b32c9cd995d206f2': {'Model': 'SeasonalNaive', 'ModelParameters': '{""method"": ""lastvalue"", ""lag_1"": 64, ""lag_2"": 12}', 'TransformationParameters': '{""fillna"": ""ffill"", ""transformations"": {""0"": ""AlignLastValue"", ""1"": ""bkfilter"", ""2"": ""RegressionFilter"", ""3"": ""PowerTransformer"", ""4"": ""FFTDecomposition""}, ""transformation_params"": {""0"": {""rows"": 1, ""lag"": 1, ""method"": ""additive"", ""strength"": 1.0, ""first_value_only"": false, ""threshold"": 1, ""threshold_method"": ""mean"", ""mean_type"": ""arithmetic""}, ""1"": {}, ""2"": {""sigma"": 2, ""rolling_window"": 90, ""run_order"": ""season_first"", ""regression_params"": {""regression_model"": {""model"": ""ElasticNet"", ""model_params"": {""l1_ratio"": 0.5, ""fit_intercept"": true, ""selection"": ""cyclic"", ""max_iter"": 1000}}, ""datepart_method"": ""anchored_segment_fourier:us_school"", ""polynomial_degree"": null, ""transform_dict"": null, ""holiday_countries_used"": true, ""lags"": null, ""forward_lags"": null}, ""holiday_params"": null, ""trend_method"": ""rolling_mean""}, ""3"": {}, ""4"": {""n_harmonics"": 10, ""detrend"": ""linear""}}}'}, '3e349e3aaa1ceb062f73adbd8e0c389c': {'Model': 'SeasonalityMotif', 'ModelParameters': '{""window"": 30, ""point_method"": ""weighted_mean"", ""distance_metric"": ""mqae"", ""k"": 10, ""datepart_method"": ""simple_binarized"", ""independent"": false}', 'TransformationParameters': '{""fillna"": ""ffill"", ""transformations"": {""0"": ""ScipyFilter"", ""1"": ""AlignLastValue"", ""2"": ""bkfilter"", ""3"": ""RollingMean100thN"", ""4"": ""AlignLastValue""}, ""transformation_params"": {""0"": {""method"": ""butter"", ""method_args"": {""N"": 4, ""btype"": ""lowpass"", ""analog"": false, ""output"": ""sos"", ""Wn"": 0.08333333333333333}}, ""1"": {""rows"": 1, ""lag"": 28, ""method"": ""additive"", ""strength"": 0.2, ""first_value_only"": false, ""threshold"": 1, ""threshold_method"": ""max"", ""mean_type"": ""arithmetic""}, ""2"": {}, ""3"": {}, ""4"": {""rows"": 1, ""lag"": 1, ""method"": ""additive"", ""strength"": 1.0, ""first_value_only"": false, ""threshold"": null, ""threshold_method"": ""mean"", ""mean_type"": ""arithmetic""}}}'}, 'b45e6182d5f3b0168c3bd9fb67794936': {'Model': 'SectionalMotif', 'ModelParameters': '{""window"": 30, ""point_method"": ""midhinge"", ""distance_metric"": ""canberra"", ""include_differenced"": false, ""k"": 10, ""stride_size"": 1, ""regression_type"": null, ""comparison_transformation"": null, ""combination_transformation"": null}', 'TransformationParameters': '{""fillna"": ""quadratic"", ""transformations"": {""0"": ""AlignLastValue"", ""1"": ""MaxAbsScaler"", ""2"": ""RegressionFilter"", ""3"": ""PowerTransformer"", ""4"": ""FFTFilter""}, ""transformation_params"": {""0"": {""rows"": 1, ""lag"": 1, ""method"": ""additive"", ""strength"": 1.0, ""first_value_only"": false, ""threshold"": 1, ""threshold_method"": ""mean"", ""mean_type"": ""arithmetic""}, ""1"": {}, ""2"": {""sigma"": 2, ""rolling_window"": 90, ""run_order"": ""season_first"", ""regression_params"": {""regression_model"": {""model"": ""ElasticNet"", ""model_params"": {""l1_ratio"": 0.5, ""fit_intercept"": true, ""selection"": ""cyclic"", ""max_iter"": 1000}}, ""datepart_method"": ""anchored_segment_fourier:us_school"", ""polynomial_degree"": null, ""transform_dict"": null, ""holiday_countries_used"": true, ""lags"": null, ""forward_lags"": null}, ""holiday_params"": null, ""trend_method"": ""rolling_mean""}, ""3"": {}, ""4"": {""cutoff"": 0.1, ""reverse"": false, ""on_transform"": true, ""on_inverse"": true}}}'}, '759f4757070db9464a47d5b64481062e': {'Model': 'ARDL', 'ModelParameters': '{""lags"": 1, ""trend"": ""n"", ""order"": 1, ""causal"": false, ""regression_type"": ""holiday""}', 'TransformationParameters': '{""fillna"": ""fake_date"", ""transformations"": {""0"": ""IntermittentOccurrence""}, ""transformation_params"": {""0"": {""center"": ""mean""}}}'}}, 'point_method': 'kalman', 'model_weights': {}}","{'fillna': 'fake_date', 'transformations': {'0': 'FIRFilter', '1': 'AlignLastValue', '2': 'AlignLastValue'}, 'transformation_params': {'0': {'numtaps': 32, 'cutoff_hz': 0.1, 'window': 'triang', 'sampling_frequency': 12, 'on_transform': False, 'on_inverse': True, 'bounds_only': True}, '1': {'rows': 1, 'lag': 1, 'method': 'multiplicative', 'strength': 1.0, 'first_value_only': False, 'threshold': None, 'threshold_method': 'mean'}, '2': {'rows': 1, 'lag': 1, 'method': 'multiplicative', 'strength': 1.0, 'first_value_only': True, 'threshold': 10, 'threshold_method': 'max'}}}",1.0,model.results,False,,,,,,
model_weights,49.0,0.003257028070890637,inverse_rank_from_validation_score,Score,82.68336774002344,SeasonalityMotif,"{'window': 30, 'point_method': 'weighted_mean', 'distance_metric': 'mae', 'k': 15, 'datepart_method': 'common_fourier', 'independent': True}","{'fillna': 'ffill', 'transformations': {'0': None}, 'transformation_params': {'0': {}}}",0.0,model.results,False,,,,,,
model_weights,50.0,0.0031918875094728246,inverse_rank_from_validation_score,Score,86.96514994769313,Ensemble,"{'model_name': 'BestN', 'model_count': 5, 'model_metric': 'mixed_metric', 'models': {'a28ec290170b13fd699d9f65cf8a8be5': {'Model': 'SeasonalNaive', 'ModelParameters': '{""method"": ""mean"", ""lag_1"": 64, ""lag_2"": 12}', 'TransformationParameters': '{""fillna"": ""ffill"", ""transformations"": {""0"": ""MinMaxScaler"", ""1"": ""DifferencedTransformer"", ""2"": ""ConvolutionFilter""}, ""transformation_params"": {""0"": {}, ""1"": {""lag"": 1, ""fill"": ""bfill""}, ""2"": {""weight"": [1.0, 0.5, 0.3333333333333333, 0.25, 0.2, 0.16666666666666666, 0.14285714285714285]}}}'}, 'b52c8876f9849485b32c9cd995d206f2': {'Model': 'SeasonalNaive', 'ModelParameters': '{""method"": ""lastvalue"", ""lag_1"": 64, ""lag_2"": 12}', 'TransformationParameters': '{""fillna"": ""ffill"", ""transformations"": {""0"": ""AlignLastValue"", ""1"": ""bkfilter"", ""2"": ""RegressionFilter"", ""3"": ""PowerTransformer"", ""4"": ""FFTDecomposition""}, ""transformation_params"": {""0"": {""rows"": 1, ""lag"": 1, ""method"": ""additive"", ""strength"": 1.0, ""first_value_only"": false, ""threshold"": 1, ""threshold_method"": ""mean"", ""mean_type"": ""arithmetic""}, ""1"": {}, ""2"": {""sigma"": 2, ""rolling_window"": 90, ""run_order"": ""season_first"", ""regression_params"": {""regression_model"": {""model"": ""ElasticNet"", ""model_params"": {""l1_ratio"": 0.5, ""fit_intercept"": true, ""selection"": ""cyclic"", ""max_iter"": 1000}}, ""datepart_method"": ""anchored_segment_fourier:us_school"", ""polynomial_degree"": null, ""transform_dict"": null, ""holiday_countries_used"": true, ""lags"": null, ""forward_lags"": null}, ""holiday_params"": null, ""trend_method"": ""rolling_mean""}, ""3"": {}, ""4"": {""n_harmonics"": 10, ""detrend"": ""linear""}}}'}, '3e349e3aaa1ceb062f73adbd8e0c389c': {'Model': 'SeasonalityMotif', 'ModelParameters': '{""window"": 30, ""point_method"": ""weighted_mean"", ""distance_metric"": ""mqae"", ""k"": 10, ""datepart_method"": ""simple_binarized"", ""independent"": false}', 'TransformationParameters': '{""fillna"": ""ffill"", ""transformations"": {""0"": ""ScipyFilter"", ""1"": ""AlignLastValue"", ""2"": ""bkfilter"", ""3"": ""RollingMean100thN"", ""4"": ""AlignLastValue""}, ""transformation_params"": {""0"": {""method"": ""butter"", ""method_args"": {""N"": 4, ""btype"": ""lowpass"", ""analog"": false, ""output"": ""sos"", ""Wn"": 0.08333333333333333}}, ""1"": {""rows"": 1, ""lag"": 28, ""method"": ""additive"", ""strength"": 0.2, ""first_value_only"": false, ""threshold"": 1, ""threshold_method"": ""max"", ""mean_type"": ""arithmetic""}, ""2"": {}, ""3"": {}, ""4"": {""rows"": 1, ""lag"": 1, ""method"": ""additive"", ""strength"": 1.0, ""first_value_only"": false, ""threshold"": null, ""threshold_method"": ""mean"", ""mean_type"": ""arithmetic""}}}'}, 'b45e6182d5f3b0168c3bd9fb67794936': {'Model': 'SectionalMotif', 'ModelParameters': '{""window"": 30, ""point_method"": ""midhinge"", ""distance_metric"": ""canberra"", ""include_differenced"": false, ""k"": 10, ""stride_size"": 1, ""regression_type"": null, ""comparison_transformation"": null, ""combination_transformation"": null}', 'TransformationParameters': '{""fillna"": ""quadratic"", ""transformations"": {""0"": ""AlignLastValue"", ""1"": ""MaxAbsScaler"", ""2"": ""RegressionFilter"", ""3"": ""PowerTransformer"", ""4"": ""FFTFilter""}, ""transformation_params"": {""0"": {""rows"": 1, ""lag"": 1, ""method"": ""additive"", ""strength"": 1.0, ""first_value_only"": false, ""threshold"": 1, ""threshold_method"": ""mean"", ""mean_type"": ""arithmetic""}, ""1"": {}, ""2"": {""sigma"": 2, ""rolling_window"": 90, ""run_order"": ""season_first"", ""regression_params"": {""regression_model"": {""model"": ""ElasticNet"", ""model_params"": {""l1_ratio"": 0.5, ""fit_intercept"": true, ""selection"": ""cyclic"", ""max_iter"": 1000}}, ""datepart_method"": ""anchored_segment_fourier:us_school"", ""polynomial_degree"": null, ""transform_dict"": null, ""holiday_countries_used"": true, ""lags"": null, ""forward_lags"": null}, ""holiday_params"": null, ""trend_method"": ""rolling_mean""}, ""3"": {}, ""4"": {""cutoff"": 0.1, ""reverse"": false, ""on_transform"": true, ""on_inverse"": true}}}'}, '759f4757070db9464a47d5b64481062e': {'Model': 'ARDL', 'ModelParameters': '{""lags"": 1, ""trend"": ""n"", ""order"": 1, ""causal"": false, ""regression_type"": ""holiday""}', 'TransformationParameters': '{""fillna"": ""fake_date"", ""transformations"": {""0"": ""IntermittentOccurrence""}, ""transformation_params"": {""0"": {""center"": ""mean""}}}'}}, 'point_method': 'kalman', 'model_weights': {}}",{},1.0,model.results,False,,,,,,
model_weights,51.0,0.003129301479875318,inverse_rank_from_validation_score,Score,89.97837390524585,Ensemble,"{'model_name': 'BestN', 'model_count': 3, 'model_metric': 'bestn_horizontal', 'models': {'b52c8876f9849485b32c9cd995d206f2': {'Model': 'SeasonalNaive', 'ModelParameters': '{""method"": ""lastvalue"", ""lag_1"": 64, ""lag_2"": 12}', 'TransformationParameters': '{""fillna"": ""ffill"", ""transformations"": {""0"": ""AlignLastValue"", ""1"": ""bkfilter"", ""2"": ""RegressionFilter"", ""3"": ""PowerTransformer"", ""4"": ""FFTDecomposition""}, ""transformation_params"": {""0"": {""rows"": 1, ""lag"": 1, ""method"": ""additive"", ""strength"": 1.0, ""first_value_only"": false, ""threshold"": 1, ""threshold_method"": ""mean"", ""mean_type"": ""arithmetic""}, ""1"": {}, ""2"": {""sigma"": 2, ""rolling_window"": 90, ""run_order"": ""season_first"", ""regression_params"": {""regression_model"": {""model"": ""ElasticNet"", ""model_params"": {""l1_ratio"": 0.5, ""fit_intercept"": true, ""selection"": ""cyclic"", ""max_iter"": 1000}}, ""datepart_method"": ""anchored_segment_fourier:us_school"", ""polynomial_degree"": null, ""transform_dict"": null, ""holiday_countries_used"": true, ""lags"": null, ""forward_lags"": null}, ""holiday_params"": null, ""trend_method"": ""rolling_mean""}, ""3"": {}, ""4"": {""n_harmonics"": 10, ""detrend"": ""linear""}}}'}, 'e89a3b30b5276cefef55356f531cb97d': {'Model': 'UnivariateMotif', 'ModelParameters': '{""window"": 10, ""point_method"": ""weighted_mean"", ""distance_metric"": ""canberra"", ""k"": 10, ""max_windows"": 10000}', 'TransformationParameters': '{""fillna"": ""ffill"", ""transformations"": {""0"": ""MinMaxScaler"", ""1"": ""AlignLastValue"", ""2"": ""ScipyFilter""}, ""transformation_params"": {""0"": {}, ""1"": {""rows"": 1, ""lag"": 1, ""method"": ""additive"", ""strength"": 1.0, ""first_value_only"": false, ""threshold"": 1, ""threshold_method"": ""max"", ""mean_type"": ""arithmetic""}, ""2"": {""method"": ""butter"", ""method_args"": {""N"": 4, ""btype"": ""highpass"", ""analog"": false, ""output"": ""sos"", ""Wn"": 0.011904761904761904}}}}'}, 'b45e6182d5f3b0168c3bd9fb67794936': {'Model': 'SectionalMotif', 'ModelParameters': '{""window"": 30, ""point_method"": ""midhinge"", ""distance_metric"": ""canberra"", ""include_differenced"": false, ""k"": 10, ""stride_size"": 1, ""regression_type"": null, ""comparison_transformation"": null, ""combination_transformation"": null}', 'TransformationParameters': '{""fillna"": ""quadratic"", ""transformations"": {""0"": ""AlignLastValue"", ""1"": ""MaxAbsScaler"", ""2"": ""RegressionFilter"", ""3"": ""PowerTransformer"", ""4"": ""FFTFilter""}, ""transformation_params"": {""0"": {""rows"": 1, ""lag"": 1, ""method"": ""additive"", ""strength"": 1.0, ""first_value_only"": false, ""threshold"": 1, ""threshold_method"": ""mean"", ""mean_type"": ""arithmetic""}, ""1"": {}, ""2"": {""sigma"": 2, ""rolling_window"": 90, ""run_order"": ""season_first"", ""regression_params"": {""regression_model"": {""model"": ""ElasticNet"", ""model_params"": {""l1_ratio"": 0.5, ""fit_intercept"": true, ""selection"": ""cyclic"", ""max_iter"": 1000}}, ""datepart_method"": ""anchored_segment_fourier:us_school"", ""polynomial_degree"": null, ""transform_dict"": null, ""holiday_countries_used"": true, ""lags"": null, ""forward_lags"": null}, ""holiday_params"": null, ""trend_method"": ""rolling_mean""}, ""3"": {}, ""4"": {""cutoff"": 0.1, ""reverse"": false, ""on_transform"": true, ""on_inverse"": true}}}'}}, 'model_weights': {'b52c8876f9849485b32c9cd995d206f2': 20.0, 'b45e6182d5f3b0168c3bd9fb67794936': 19.0, 'e89a3b30b5276cefef55356f531cb97d': 18.0}, 'point_method': 'mean'}","{'fillna': 'quadratic', 'transformations': {'0': 'AlignLastValue', '1': 'ChangepointDetrend'}, 'transformation_params': {'0': {'rows': 1, 'lag': 1, 'method': 'multiplicative', 'strength': 1.0, 'first_value_only': False, 'threshold': None, 'threshold_method': 'mean'}, '1': {'model': 'Linear', 'changepoint_spacing': 180, 'changepoint_distance_end': 360, 'datepart_method': None}}}",1.0,model.results,False,,,,,,
model_weights,52.0,0.0030691226052623312,inverse_rank_from_validation_score,Score,90.34950881117278,Ensemble,"{'model_name': 'BestN', 'model_count': 3, 'model_metric': 'horizontal', 'models': {'b52c8876f9849485b32c9cd995d206f2': {'Model': 'SeasonalNaive', 'ModelParameters': '{""method"": ""lastvalue"", ""lag_1"": 64, ""lag_2"": 12}', 'TransformationParameters': '{""fillna"": ""ffill"", ""transformations"": {""0"": ""AlignLastValue"", ""1"": ""bkfilter"", ""2"": ""RegressionFilter"", ""3"": ""PowerTransformer"", ""4"": ""FFTDecomposition""}, ""transformation_params"": {""0"": {""rows"": 1, ""lag"": 1, ""method"": ""additive"", ""strength"": 1.0, ""first_value_only"": false, ""threshold"": 1, ""threshold_method"": ""mean"", ""mean_type"": ""arithmetic""}, ""1"": {}, ""2"": {""sigma"": 2, ""rolling_window"": 90, ""run_order"": ""season_first"", ""regression_params"": {""regression_model"": {""model"": ""ElasticNet"", ""model_params"": {""l1_ratio"": 0.5, ""fit_intercept"": true, ""selection"": ""cyclic"", ""max_iter"": 1000}}, ""datepart_method"": ""anchored_segment_fourier:us_school"", ""polynomial_degree"": null, ""transform_dict"": null, ""holiday_countries_used"": true, ""lags"": null, ""forward_lags"": null}, ""holiday_params"": null, ""trend_method"": ""rolling_mean""}, ""3"": {}, ""4"": {""n_harmonics"": 10, ""detrend"": ""linear""}}}'}, 'b45e6182d5f3b0168c3bd9fb67794936': {'Model': 'SectionalMotif', 'ModelParameters': '{""window"": 30, ""point_method"": ""midhinge"", ""distance_metric"": ""canberra"", ""include_differenced"": false, ""k"": 10, ""stride_size"": 1, ""regression_type"": null, ""comparison_transformation"": null, ""combination_transformation"": null}', 'TransformationParameters': '{""fillna"": ""quadratic"", ""transformations"": {""0"": ""AlignLastValue"", ""1"": ""MaxAbsScaler"", ""2"": ""RegressionFilter"", ""3"": ""PowerTransformer"", ""4"": ""FFTFilter""}, ""transformation_params"": {""0"": {""rows"": 1, ""lag"": 1, ""method"": ""additive"", ""strength"": 1.0, ""first_value_only"": false, ""threshold"": 1, ""threshold_method"": ""mean"", ""mean_type"": ""arithmetic""}, ""1"": {}, ""2"": {""sigma"": 2, ""rolling_window"": 90, ""run_order"": ""season_first"", ""regression_params"": {""regression_model"": {""model"": ""ElasticNet"", ""model_params"": {""l1_ratio"": 0.5, ""fit_intercept"": true, ""selection"": ""cyclic"", ""max_iter"": 1000}}, ""datepart_method"": ""anchored_segment_fourier:us_school"", ""polynomial_degree"": null, ""transform_dict"": null, ""holiday_countries_used"": true, ""lags"": null, ""forward_lags"": null}, ""holiday_params"": null, ""trend_method"": ""rolling_mean""}, ""3"": {}, ""4"": {""cutoff"": 0.1, ""reverse"": false, ""on_transform"": true, ""on_inverse"": true}}}'}, 'e89a3b30b5276cefef55356f531cb97d': {'Model': 'UnivariateMotif', 'ModelParameters': '{""window"": 10, ""point_method"": ""weighted_mean"", ""distance_metric"": ""canberra"", ""k"": 10, ""max_windows"": 10000}', 'TransformationParameters': '{""fillna"": ""ffill"", ""transformations"": {""0"": ""MinMaxScaler"", ""1"": ""AlignLastValue"", ""2"": ""ScipyFilter""}, ""transformation_params"": {""0"": {}, ""1"": {""rows"": 1, ""lag"": 1, ""method"": ""additive"", ""strength"": 1.0, ""first_value_only"": false, ""threshold"": 1, ""threshold_method"": ""max"", ""mean_type"": ""arithmetic""}, ""2"": {""method"": ""butter"", ""method_args"": {""N"": 4, ""btype"": ""highpass"", ""analog"": false, ""output"": ""sos"", ""Wn"": 0.011904761904761904}}}}'}}, 'model_weights': {}, 'point_method': 'mean'}","{'fillna': 'quadratic', 'transformations': {'0': 'AlignLastValue', '1': 'ChangepointDetrend'}, 'transformation_params': {'0': {'rows': 1, 'lag': 1, 'method': 'multiplicative', 'strength': 1.0, 'first_value_only': False, 'threshold': None, 'threshold_method': 'mean'}, '1': {'model': 'Linear', 'changepoint_spacing': 180, 'changepoint_distance_end': 360, 'datepart_method': None}}}",1.0,model.results,False,,,,,,
model_weights,53.0,0.003011214631578136,inverse_rank_from_validation_score,Score,90.54790987981832,DMD,"{'rank': 10, 'alpha': 0.0, 'amplitude_threshold': None, 'eigenvalue_threshold': None}","{'fillna': 'ffill', 'transformations': {'0': 'AlignLastValue', '1': 'PowerTransformer'}, 'transformation_params': {'0': {'rows': 1, 'lag': 1, 'method': 'additive', 'strength': 1.0, 'first_value_only': False, 'threshold': 1, 'threshold_method': 'mean', 'mean_type': 'arithmetic'}, '1': {}}}",0.0,model.results,False,,,,,,
model_weights,54.0,0.0029554513976600225,inverse_rank_from_validation_score,Score,91.82682230022606,Ensemble,"{'model_name': 'BestN', 'model_count': 5, 'model_metric': 'mixed_metric', 'models': {'a28ec290170b13fd699d9f65cf8a8be5': {'Model': 'SeasonalNaive', 'ModelParameters': '{""method"": ""mean"", ""lag_1"": 64, ""lag_2"": 12}', 'TransformationParameters': '{""fillna"": ""ffill"", ""transformations"": {""0"": ""MinMaxScaler"", ""1"": ""DifferencedTransformer"", ""2"": ""ConvolutionFilter""}, ""transformation_params"": {""0"": {}, ""1"": {""lag"": 1, ""fill"": ""bfill""}, ""2"": {""weight"": [1.0, 0.5, 0.3333333333333333, 0.25, 0.2, 0.16666666666666666, 0.14285714285714285]}}}'}, 'b52c8876f9849485b32c9cd995d206f2': {'Model': 'SeasonalNaive', 'ModelParameters': '{""method"": ""lastvalue"", ""lag_1"": 64, ""lag_2"": 12}', 'TransformationParameters': '{""fillna"": ""ffill"", ""transformations"": {""0"": ""AlignLastValue"", ""1"": ""bkfilter"", ""2"": ""RegressionFilter"", ""3"": ""PowerTransformer"", ""4"": ""FFTDecomposition""}, ""transformation_params"": {""0"": {""rows"": 1, ""lag"": 1, ""method"": ""additive"", ""strength"": 1.0, ""first_value_only"": false, ""threshold"": 1, ""threshold_method"": ""mean"", ""mean_type"": ""arithmetic""}, ""1"": {}, ""2"": {""sigma"": 2, ""rolling_window"": 90, ""run_order"": ""season_first"", ""regression_params"": {""regression_model"": {""model"": ""ElasticNet"", ""model_params"": {""l1_ratio"": 0.5, ""fit_intercept"": true, ""selection"": ""cyclic"", ""max_iter"": 1000}}, ""datepart_method"": ""anchored_segment_fourier:us_school"", ""polynomial_degree"": null, ""transform_dict"": null, ""holiday_countries_used"": true, ""lags"": null, ""forward_lags"": null}, ""holiday_params"": null, ""trend_method"": ""rolling_mean""}, ""3"": {}, ""4"": {""n_harmonics"": 10, ""detrend"": ""linear""}}}'}, '3e349e3aaa1ceb062f73adbd8e0c389c': {'Model': 'SeasonalityMotif', 'ModelParameters': '{""window"": 30, ""point_method"": ""weighted_mean"", ""distance_metric"": ""mqae"", ""k"": 10, ""datepart_method"": ""simple_binarized"", ""independent"": false}', 'TransformationParameters': '{""fillna"": ""ffill"", ""transformations"": {""0"": ""ScipyFilter"", ""1"": ""AlignLastValue"", ""2"": ""bkfilter"", ""3"": ""RollingMean100thN"", ""4"": ""AlignLastValue""}, ""transformation_params"": {""0"": {""method"": ""butter"", ""method_args"": {""N"": 4, ""btype"": ""lowpass"", ""analog"": false, ""output"": ""sos"", ""Wn"": 0.08333333333333333}}, ""1"": {""rows"": 1, ""lag"": 28, ""method"": ""additive"", ""strength"": 0.2, ""first_value_only"": false, ""threshold"": 1, ""threshold_method"": ""max"", ""mean_type"": ""arithmetic""}, ""2"": {}, ""3"": {}, ""4"": {""rows"": 1, ""lag"": 1, ""method"": ""additive"", ""strength"": 1.0, ""first_value_only"": false, ""threshold"": null, ""threshold_method"": ""mean"", ""mean_type"": ""arithmetic""}}}'}, 'b45e6182d5f3b0168c3bd9fb67794936': {'Model': 'SectionalMotif', 'ModelParameters': '{""window"": 30, ""point_method"": ""midhinge"", ""distance_metric"": ""canberra"", ""include_differenced"": false, ""k"": 10, ""stride_size"": 1, ""regression_type"": null, ""comparison_transformation"": null, ""combination_transformation"": null}', 'TransformationParameters': '{""fillna"": ""quadratic"", ""transformations"": {""0"": ""AlignLastValue"", ""1"": ""MaxAbsScaler"", ""2"": ""RegressionFilter"", ""3"": ""PowerTransformer"", ""4"": ""FFTFilter""}, ""transformation_params"": {""0"": {""rows"": 1, ""lag"": 1, ""method"": ""additive"", ""strength"": 1.0, ""first_value_only"": false, ""threshold"": 1, ""threshold_method"": ""mean"", ""mean_type"": ""arithmetic""}, ""1"": {}, ""2"": {""sigma"": 2, ""rolling_window"": 90, ""run_order"": ""season_first"", ""regression_params"": {""regression_model"": {""model"": ""ElasticNet"", ""model_params"": {""l1_ratio"": 0.5, ""fit_intercept"": true, ""selection"": ""cyclic"", ""max_iter"": 1000}}, ""datepart_method"": ""anchored_segment_fourier:us_school"", ""polynomial_degree"": null, ""transform_dict"": null, ""holiday_countries_used"": true, ""lags"": null, ""forward_lags"": null}, ""holiday_params"": null, ""trend_method"": ""rolling_mean""}, ""3"": {}, ""4"": {""cutoff"": 0.1, ""reverse"": false, ""on_transform"": true, ""on_inverse"": true}}}'}, '759f4757070db9464a47d5b64481062e': {'Model': 'ARDL', 'ModelParameters': '{""lags"": 1, ""trend"": ""n"", ""order"": 1, ""causal"": false, ""regression_type"": ""holiday""}', 'TransformationParameters': '{""fillna"": ""fake_date"", ""transformations"": {""0"": ""IntermittentOccurrence""}, ""transformation_params"": {""0"": {""center"": ""mean""}}}'}}, 'point_method': 'kalman', 'model_weights': {}}","{'fillna': 'quadratic', 'transformations': {'0': 'AlignLastValue', '1': 'ChangepointDetrend'}, 'transformation_params': {'0': {'rows': 1, 'lag': 1, 'method': 'multiplicative', 'strength': 1.0, 'first_value_only': False, 'threshold': None, 'threshold_method': 'mean'}, '1': {'model': 'Linear', 'changepoint_spacing': 180, 'changepoint_distance_end': 360, 'datepart_method': None}}}",1.0,model.results,False,,,,,,
model_weights,55.0,0.0029017159177025676,inverse_rank_from_validation_score,Score,91.97980144846979,SeasonalNaive,"{'method': 'mean', 'lag_1': 64, 'lag_2': 364}","{'fillna': 'ffill', 'transformations': {'0': 'AlignLastValue', '1': 'bkfilter', '2': 'RegressionFilter', '3': 'PowerTransformer', '4': 'FFTDecomposition'}, 'transformation_params': {'0': {'rows': 1, 'lag': 1, 'method': 'additive', 'strength': 1.0, 'first_value_only': False, 'threshold': 1, 'threshold_method': 'mean', 'mean_type': 'arithmetic'}, '1': {}, '2': {'sigma': 2, 'rolling_window': 90, 'run_order': 'season_first', 'regression_params': {'regression_model': {'model': 'ElasticNet', 'model_params': {'l1_ratio': 0.5, 'fit_intercept': True, 'selection': 'cyclic', 'max_iter': 1000}}, 'datepart_method': 'anchored_segment_fourier:us_school', 'polynomial_degree': None, 'transform_dict': None, 'holiday_countries_used': True, 'lags': None, 'forward_lags': None}, 'holiday_params': None, 'trend_method': 'rolling_mean'}, '3': {}, '4': {'n_harmonics': 10, 'detrend': 'linear'}}}",0.0,model.results,False,,,,,,
model_weights,56.0,0.002849899562029307,inverse_rank_from_validation_score,Score,95.19751470030214,Ensemble,"{'model_name': 'BestN', 'model_count': 5, 'model_metric': 'mixed_metric', 'models': {'a28ec290170b13fd699d9f65cf8a8be5': {'Model': 'SeasonalNaive', 'ModelParameters': '{""method"": ""mean"", ""lag_1"": 64, ""lag_2"": 12}', 'TransformationParameters': '{""fillna"": ""ffill"", ""transformations"": {""0"": ""MinMaxScaler"", ""1"": ""DifferencedTransformer"", ""2"": ""ConvolutionFilter""}, ""transformation_params"": {""0"": {}, ""1"": {""lag"": 1, ""fill"": ""bfill""}, ""2"": {""weight"": [1.0, 0.5, 0.3333333333333333, 0.25, 0.2, 0.16666666666666666, 0.14285714285714285]}}}'}, 'b52c8876f9849485b32c9cd995d206f2': {'Model': 'SeasonalNaive', 'ModelParameters': '{""method"": ""lastvalue"", ""lag_1"": 64, ""lag_2"": 12}', 'TransformationParameters': '{""fillna"": ""ffill"", ""transformations"": {""0"": ""AlignLastValue"", ""1"": ""bkfilter"", ""2"": ""RegressionFilter"", ""3"": ""PowerTransformer"", ""4"": ""FFTDecomposition""}, ""transformation_params"": {""0"": {""rows"": 1, ""lag"": 1, ""method"": ""additive"", ""strength"": 1.0, ""first_value_only"": false, ""threshold"": 1, ""threshold_method"": ""mean"", ""mean_type"": ""arithmetic""}, ""1"": {}, ""2"": {""sigma"": 2, ""rolling_window"": 90, ""run_order"": ""season_first"", ""regression_params"": {""regression_model"": {""model"": ""ElasticNet"", ""model_params"": {""l1_ratio"": 0.5, ""fit_intercept"": true, ""selection"": ""cyclic"", ""max_iter"": 1000}}, ""datepart_method"": ""anchored_segment_fourier:us_school"", ""polynomial_degree"": null, ""transform_dict"": null, ""holiday_countries_used"": true, ""lags"": null, ""forward_lags"": null}, ""holiday_params"": null, ""trend_method"": ""rolling_mean""}, ""3"": {}, ""4"": {""n_harmonics"": 10, ""detrend"": ""linear""}}}'}, '3e349e3aaa1ceb062f73adbd8e0c389c': {'Model': 'SeasonalityMotif', 'ModelParameters': '{""window"": 30, ""point_method"": ""weighted_mean"", ""distance_metric"": ""mqae"", ""k"": 10, ""datepart_method"": ""simple_binarized"", ""independent"": false}', 'TransformationParameters': '{""fillna"": ""ffill"", ""transformations"": {""0"": ""ScipyFilter"", ""1"": ""AlignLastValue"", ""2"": ""bkfilter"", ""3"": ""RollingMean100thN"", ""4"": ""AlignLastValue""}, ""transformation_params"": {""0"": {""method"": ""butter"", ""method_args"": {""N"": 4, ""btype"": ""lowpass"", ""analog"": false, ""output"": ""sos"", ""Wn"": 0.08333333333333333}}, ""1"": {""rows"": 1, ""lag"": 28, ""method"": ""additive"", ""strength"": 0.2, ""first_value_only"": false, ""threshold"": 1, ""threshold_method"": ""max"", ""mean_type"": ""arithmetic""}, ""2"": {}, ""3"": {}, ""4"": {""rows"": 1, ""lag"": 1, ""method"": ""additive"", ""strength"": 1.0, ""first_value_only"": false, ""threshold"": null, ""threshold_method"": ""mean"", ""mean_type"": ""arithmetic""}}}'}, 'b45e6182d5f3b0168c3bd9fb67794936': {'Model': 'SectionalMotif', 'ModelParameters': '{""window"": 30, ""point_method"": ""midhinge"", ""distance_metric"": ""canberra"", ""include_differenced"": false, ""k"": 10, ""stride_size"": 1, ""regression_type"": null, ""comparison_transformation"": null, ""combination_transformation"": null}', 'TransformationParameters': '{""fillna"": ""quadratic"", ""transformations"": {""0"": ""AlignLastValue"", ""1"": ""MaxAbsScaler"", ""2"": ""RegressionFilter"", ""3"": ""PowerTransformer"", ""4"": ""FFTFilter""}, ""transformation_params"": {""0"": {""rows"": 1, ""lag"": 1, ""method"": ""additive"", ""strength"": 1.0, ""first_value_only"": false, ""threshold"": 1, ""threshold_method"": ""mean"", ""mean_type"": ""arithmetic""}, ""1"": {}, ""2"": {""sigma"": 2, ""rolling_window"": 90, ""run_order"": ""season_first"", ""regression_params"": {""regression_model"": {""model"": ""ElasticNet"", ""model_params"": {""l1_ratio"": 0.5, ""fit_intercept"": true, ""selection"": ""cyclic"", ""max_iter"": 1000}}, ""datepart_method"": ""anchored_segment_fourier:us_school"", ""polynomial_degree"": null, ""transform_dict"": null, ""holiday_countries_used"": true, ""lags"": null, ""forward_lags"": null}, ""holiday_params"": null, ""trend_method"": ""rolling_mean""}, ""3"": {}, ""4"": {""cutoff"": 0.1, ""reverse"": false, ""on_transform"": true, ""on_inverse"": true}}}'}, '759f4757070db9464a47d5b64481062e': {'Model': 'ARDL', 'ModelParameters': '{""lags"": 1, ""trend"": ""n"", ""order"": 1, ""causal"": false, ""regression_type"": ""holiday""}', 'TransformationParameters': '{""fillna"": ""fake_date"", ""transformations"": {""0"": ""IntermittentOccurrence""}, ""transformation_params"": {""0"": {""center"": ""mean""}}}'}}, 'point_method': 'kalman', 'model_weights': {}}","{'fillna': 'ffill', 'transformations': {'0': 'FFTFilter', '1': 'HistoricValues'}, 'transformation_params': {'0': {'cutoff': 0.01, 'reverse': False, 'on_transform': False, 'on_inverse': True}, '1': {'window': None}}}",1.0,model.results,False,,,,,,
model_weights,57.0,0.0027999013240989686,inverse_rank_from_validation_score,Score,95.90259724239334,Ensemble,"{'model_name': 'BestN', 'model_count': 5, 'model_metric': 'mixed_metric', 'models': {'a28ec290170b13fd699d9f65cf8a8be5': {'Model': 'SeasonalNaive', 'ModelParameters': '{""method"": ""mean"", ""lag_1"": 64, ""lag_2"": 12}', 'TransformationParameters': '{""fillna"": ""ffill"", ""transformations"": {""0"": ""MinMaxScaler"", ""1"": ""DifferencedTransformer"", ""2"": ""ConvolutionFilter""}, ""transformation_params"": {""0"": {}, ""1"": {""lag"": 1, ""fill"": ""bfill""}, ""2"": {""weight"": [1.0, 0.5, 0.3333333333333333, 0.25, 0.2, 0.16666666666666666, 0.14285714285714285]}}}'}, 'b52c8876f9849485b32c9cd995d206f2': {'Model': 'SeasonalNaive', 'ModelParameters': '{""method"": ""lastvalue"", ""lag_1"": 64, ""lag_2"": 12}', 'TransformationParameters': '{""fillna"": ""ffill"", ""transformations"": {""0"": ""AlignLastValue"", ""1"": ""bkfilter"", ""2"": ""RegressionFilter"", ""3"": ""PowerTransformer"", ""4"": ""FFTDecomposition""}, ""transformation_params"": {""0"": {""rows"": 1, ""lag"": 1, ""method"": ""additive"", ""strength"": 1.0, ""first_value_only"": false, ""threshold"": 1, ""threshold_method"": ""mean"", ""mean_type"": ""arithmetic""}, ""1"": {}, ""2"": {""sigma"": 2, ""rolling_window"": 90, ""run_order"": ""season_first"", ""regression_params"": {""regression_model"": {""model"": ""ElasticNet"", ""model_params"": {""l1_ratio"": 0.5, ""fit_intercept"": true, ""selection"": ""cyclic"", ""max_iter"": 1000}}, ""datepart_method"": ""anchored_segment_fourier:us_school"", ""polynomial_degree"": null, ""transform_dict"": null, ""holiday_countries_used"": true, ""lags"": null, ""forward_lags"": null}, ""holiday_params"": null, ""trend_method"": ""rolling_mean""}, ""3"": {}, ""4"": {""n_harmonics"": 10, ""detrend"": ""linear""}}}'}, '3e349e3aaa1ceb062f73adbd8e0c389c': {'Model': 'SeasonalityMotif', 'ModelParameters': '{""window"": 30, ""point_method"": ""weighted_mean"", ""distance_metric"": ""mqae"", ""k"": 10, ""datepart_method"": ""simple_binarized"", ""independent"": false}', 'TransformationParameters': '{""fillna"": ""ffill"", ""transformations"": {""0"": ""ScipyFilter"", ""1"": ""AlignLastValue"", ""2"": ""bkfilter"", ""3"": ""RollingMean100thN"", ""4"": ""AlignLastValue""}, ""transformation_params"": {""0"": {""method"": ""butter"", ""method_args"": {""N"": 4, ""btype"": ""lowpass"", ""analog"": false, ""output"": ""sos"", ""Wn"": 0.08333333333333333}}, ""1"": {""rows"": 1, ""lag"": 28, ""method"": ""additive"", ""strength"": 0.2, ""first_value_only"": false, ""threshold"": 1, ""threshold_method"": ""max"", ""mean_type"": ""arithmetic""}, ""2"": {}, ""3"": {}, ""4"": {""rows"": 1, ""lag"": 1, ""method"": ""additive"", ""strength"": 1.0, ""first_value_only"": false, ""threshold"": null, ""threshold_method"": ""mean"", ""mean_type"": ""arithmetic""}}}'}, 'b45e6182d5f3b0168c3bd9fb67794936': {'Model': 'SectionalMotif', 'ModelParameters': '{""window"": 30, ""point_method"": ""midhinge"", ""distance_metric"": ""canberra"", ""include_differenced"": false, ""k"": 10, ""stride_size"": 1, ""regression_type"": null, ""comparison_transformation"": null, ""combination_transformation"": null}', 'TransformationParameters': '{""fillna"": ""quadratic"", ""transformations"": {""0"": ""AlignLastValue"", ""1"": ""MaxAbsScaler"", ""2"": ""RegressionFilter"", ""3"": ""PowerTransformer"", ""4"": ""FFTFilter""}, ""transformation_params"": {""0"": {""rows"": 1, ""lag"": 1, ""method"": ""additive"", ""strength"": 1.0, ""first_value_only"": false, ""threshold"": 1, ""threshold_method"": ""mean"", ""mean_type"": ""arithmetic""}, ""1"": {}, ""2"": {""sigma"": 2, ""rolling_window"": 90, ""run_order"": ""season_first"", ""regression_params"": {""regression_model"": {""model"": ""ElasticNet"", ""model_params"": {""l1_ratio"": 0.5, ""fit_intercept"": true, ""selection"": ""cyclic"", ""max_iter"": 1000}}, ""datepart_method"": ""anchored_segment_fourier:us_school"", ""polynomial_degree"": null, ""transform_dict"": null, ""holiday_countries_used"": true, ""lags"": null, ""forward_lags"": null}, ""holiday_params"": null, ""trend_method"": ""rolling_mean""}, ""3"": {}, ""4"": {""cutoff"": 0.1, ""reverse"": false, ""on_transform"": true, ""on_inverse"": true}}}'}, '759f4757070db9464a47d5b64481062e': {'Model': 'ARDL', 'ModelParameters': '{""lags"": 1, ""trend"": ""n"", ""order"": 1, ""causal"": false, ""regression_type"": ""holiday""}', 'TransformationParameters': '{""fillna"": ""fake_date"", ""transformations"": {""0"": ""IntermittentOccurrence""}, ""transformation_params"": {""0"": {""center"": ""mean""}}}'}}, 'point_method': 'median', 'model_weights': {}}","{'fillna': 'ffill', 'transformations': {'0': 'FFTFilter', '1': 'HistoricValues'}, 'transformation_params': {'0': {'cutoff': 0.01, 'reverse': False, 'on_transform': False, 'on_inverse': True}, '1': {'window': None}}}",1.0,model.results,False,,,,,,
model_weights,58.0,0.0027516271633386416,inverse_rank_from_validation_score,Score,96.57683105111815,SeasonalNaive,"{'method': 'lastvalue', 'lag_1': 64, 'lag_2': 12}","{'fillna': 'ffill', 'transformations': {'0': 'MinMaxScaler', '1': 'DifferencedTransformer', '2': 'RegressionFilter'}, 'transformation_params': {'0': {}, '1': {'lag': 1, 'fill': 'bfill'}, '2': {'sigma': 2, 'rolling_window': 90, 'run_order': 'season_first', 'regression_params': {'regression_model': {'model': 'ElasticNet', 'model_params': {'l1_ratio': 0.5, 'fit_intercept': True, 'selection': 'cyclic', 'max_iter': 1000}}, 'datepart_method': 'anchored_segment_fourier:us_school', 'polynomial_degree': None, 'transform_dict': None, 'holiday_countries_used': True, 'lags': None, 'forward_lags': None}, 'holiday_params': None, 'trend_method': 'rolling_mean'}}}",0.0,model.results,False,,,,,,
model_weights,59.0,0.0027049894148074784,inverse_rank_from_validation_score,Score,97.29526769731204,Ensemble,"{'model_name': 'BestN', 'model_count': 3, 'model_metric': 'bestn_horizontal', 'models': {'b52c8876f9849485b32c9cd995d206f2': {'Model': 'SeasonalNaive', 'ModelParameters': '{""method"": ""lastvalue"", ""lag_1"": 64, ""lag_2"": 12}', 'TransformationParameters': '{""fillna"": ""ffill"", ""transformations"": {""0"": ""AlignLastValue"", ""1"": ""bkfilter"", ""2"": ""RegressionFilter"", ""3"": ""PowerTransformer"", ""4"": ""FFTDecomposition""}, ""transformation_params"": {""0"": {""rows"": 1, ""lag"": 1, ""method"": ""additive"", ""strength"": 1.0, ""first_value_only"": false, ""threshold"": 1, ""threshold_method"": ""mean"", ""mean_type"": ""arithmetic""}, ""1"": {}, ""2"": {""sigma"": 2, ""rolling_window"": 90, ""run_order"": ""season_first"", ""regression_params"": {""regression_model"": {""model"": ""ElasticNet"", ""model_params"": {""l1_ratio"": 0.5, ""fit_intercept"": true, ""selection"": ""cyclic"", ""max_iter"": 1000}}, ""datepart_method"": ""anchored_segment_fourier:us_school"", ""polynomial_degree"": null, ""transform_dict"": null, ""holiday_countries_used"": true, ""lags"": null, ""forward_lags"": null}, ""holiday_params"": null, ""trend_method"": ""rolling_mean""}, ""3"": {}, ""4"": {""n_harmonics"": 10, ""detrend"": ""linear""}}}'}, 'e89a3b30b5276cefef55356f531cb97d': {'Model': 'UnivariateMotif', 'ModelParameters': '{""window"": 10, ""point_method"": ""weighted_mean"", ""distance_metric"": ""canberra"", ""k"": 10, ""max_windows"": 10000}', 'TransformationParameters': '{""fillna"": ""ffill"", ""transformations"": {""0"": ""MinMaxScaler"", ""1"": ""AlignLastValue"", ""2"": ""ScipyFilter""}, ""transformation_params"": {""0"": {}, ""1"": {""rows"": 1, ""lag"": 1, ""method"": ""additive"", ""strength"": 1.0, ""first_value_only"": false, ""threshold"": 1, ""threshold_method"": ""max"", ""mean_type"": ""arithmetic""}, ""2"": {""method"": ""butter"", ""method_args"": {""N"": 4, ""btype"": ""highpass"", ""analog"": false, ""output"": ""sos"", ""Wn"": 0.011904761904761904}}}}'}, 'b45e6182d5f3b0168c3bd9fb67794936': {'Model': 'SectionalMotif', 'ModelParameters': '{""window"": 30, ""point_method"": ""midhinge"", ""distance_metric"": ""canberra"", ""include_differenced"": false, ""k"": 10, ""stride_size"": 1, ""regression_type"": null, ""comparison_transformation"": null, ""combination_transformation"": null}', 'TransformationParameters': '{""fillna"": ""quadratic"", ""transformations"": {""0"": ""AlignLastValue"", ""1"": ""MaxAbsScaler"", ""2"": ""RegressionFilter"", ""3"": ""PowerTransformer"", ""4"": ""FFTFilter""}, ""transformation_params"": {""0"": {""rows"": 1, ""lag"": 1, ""method"": ""additive"", ""strength"": 1.0, ""first_value_only"": false, ""threshold"": 1, ""threshold_method"": ""mean"", ""mean_type"": ""arithmetic""}, ""1"": {}, ""2"": {""sigma"": 2, ""rolling_window"": 90, ""run_order"": ""season_first"", ""regression_params"": {""regression_model"": {""model"": ""ElasticNet"", ""model_params"": {""l1_ratio"": 0.5, ""fit_intercept"": true, ""selection"": ""cyclic"", ""max_iter"": 1000}}, ""datepart_method"": ""anchored_segment_fourier:us_school"", ""polynomial_degree"": null, ""transform_dict"": null, ""holiday_countries_used"": true, ""lags"": null, ""forward_lags"": null}, ""holiday_params"": null, ""trend_method"": ""rolling_mean""}, ""3"": {}, ""4"": {""cutoff"": 0.1, ""reverse"": false, ""on_transform"": true, ""on_inverse"": true}}}'}}, 'model_weights': {'b52c8876f9849485b32c9cd995d206f2': 20.0, 'b45e6182d5f3b0168c3bd9fb67794936': 19.0, 'e89a3b30b5276cefef55356f531cb97d': 18.0}, 'point_method': 'mean'}","{'fillna': 'ffill', 'transformations': {'0': 'FFTFilter', '1': 'HistoricValues'}, 'transformation_params': {'0': {'cutoff': 0.01, 'reverse': False, 'on_transform': False, 'on_inverse': True}, '1': {'window': None}}}",1.0,model.results,False,,,,,,
model_weights,60.0,0.0026599062578940205,inverse_rank_from_validation_score,Score,97.33135936403268,Ensemble,"{'model_name': 'BestN', 'model_count': 3, 'model_metric': 'horizontal', 'models': {'b52c8876f9849485b32c9cd995d206f2': {'Model': 'SeasonalNaive', 'ModelParameters': '{""method"": ""lastvalue"", ""lag_1"": 64, ""lag_2"": 12}', 'TransformationParameters': '{""fillna"": ""ffill"", ""transformations"": {""0"": ""AlignLastValue"", ""1"": ""bkfilter"", ""2"": ""RegressionFilter"", ""3"": ""PowerTransformer"", ""4"": ""FFTDecomposition""}, ""transformation_params"": {""0"": {""rows"": 1, ""lag"": 1, ""method"": ""additive"", ""strength"": 1.0, ""first_value_only"": false, ""threshold"": 1, ""threshold_method"": ""mean"", ""mean_type"": ""arithmetic""}, ""1"": {}, ""2"": {""sigma"": 2, ""rolling_window"": 90, ""run_order"": ""season_first"", ""regression_params"": {""regression_model"": {""model"": ""ElasticNet"", ""model_params"": {""l1_ratio"": 0.5, ""fit_intercept"": true, ""selection"": ""cyclic"", ""max_iter"": 1000}}, ""datepart_method"": ""anchored_segment_fourier:us_school"", ""polynomial_degree"": null, ""transform_dict"": null, ""holiday_countries_used"": true, ""lags"": null, ""forward_lags"": null}, ""holiday_params"": null, ""trend_method"": ""rolling_mean""}, ""3"": {}, ""4"": {""n_harmonics"": 10, ""detrend"": ""linear""}}}'}, 'b45e6182d5f3b0168c3bd9fb67794936': {'Model': 'SectionalMotif', 'ModelParameters': '{""window"": 30, ""point_method"": ""midhinge"", ""distance_metric"": ""canberra"", ""include_differenced"": false, ""k"": 10, ""stride_size"": 1, ""regression_type"": null, ""comparison_transformation"": null, ""combination_transformation"": null}', 'TransformationParameters': '{""fillna"": ""quadratic"", ""transformations"": {""0"": ""AlignLastValue"", ""1"": ""MaxAbsScaler"", ""2"": ""RegressionFilter"", ""3"": ""PowerTransformer"", ""4"": ""FFTFilter""}, ""transformation_params"": {""0"": {""rows"": 1, ""lag"": 1, ""method"": ""additive"", ""strength"": 1.0, ""first_value_only"": false, ""threshold"": 1, ""threshold_method"": ""mean"", ""mean_type"": ""arithmetic""}, ""1"": {}, ""2"": {""sigma"": 2, ""rolling_window"": 90, ""run_order"": ""season_first"", ""regression_params"": {""regression_model"": {""model"": ""ElasticNet"", ""model_params"": {""l1_ratio"": 0.5, ""fit_intercept"": true, ""selection"": ""cyclic"", ""max_iter"": 1000}}, ""datepart_method"": ""anchored_segment_fourier:us_school"", ""polynomial_degree"": null, ""transform_dict"": null, ""holiday_countries_used"": true, ""lags"": null, ""forward_lags"": null}, ""holiday_params"": null, ""trend_method"": ""rolling_mean""}, ""3"": {}, ""4"": {""cutoff"": 0.1, ""reverse"": false, ""on_transform"": true, ""on_inverse"": true}}}'}, 'e89a3b30b5276cefef55356f531cb97d': {'Model': 'UnivariateMotif', 'ModelParameters': '{""window"": 10, ""point_method"": ""weighted_mean"", ""distance_metric"": ""canberra"", ""k"": 10, ""max_windows"": 10000}', 'TransformationParameters': '{""fillna"": ""ffill"", ""transformations"": {""0"": ""MinMaxScaler"", ""1"": ""AlignLastValue"", ""2"": ""ScipyFilter""}, ""transformation_params"": {""0"": {}, ""1"": {""rows"": 1, ""lag"": 1, ""method"": ""additive"", ""strength"": 1.0, ""first_value_only"": false, ""threshold"": 1, ""threshold_method"": ""max"", ""mean_type"": ""arithmetic""}, ""2"": {""method"": ""butter"", ""method_args"": {""N"": 4, ""btype"": ""highpass"", ""analog"": false, ""output"": ""sos"", ""Wn"": 0.011904761904761904}}}}'}}, 'model_weights': {}, 'point_method': 'mean'}","{'fillna': 'ffill', 'transformations': {'0': 'FFTFilter', '1': 'HistoricValues'}, 'transformation_params': {'0': {'cutoff': 0.01, 'reverse': False, 'on_transform': False, 'on_inverse': True}, '1': {'window': None}}}",1.0,model.results,False,,,,,,
model_weights,61.0,0.002616301237272807,inverse_rank_from_validation_score,Score,100.69231865704243,Ensemble,"{'model_name': 'BestN', 'model_count': 3, 'model_metric': 'best_score_unique', 'models': {'b52c8876f9849485b32c9cd995d206f2': {'Model': 'SeasonalNaive', 'ModelParameters': '{""method"": ""lastvalue"", ""lag_1"": 64, ""lag_2"": 12}', 'TransformationParameters': '{""fillna"": ""ffill"", ""transformations"": {""0"": ""AlignLastValue"", ""1"": ""bkfilter"", ""2"": ""RegressionFilter"", ""3"": ""PowerTransformer"", ""4"": ""FFTDecomposition""}, ""transformation_params"": {""0"": {""rows"": 1, ""lag"": 1, ""method"": ""additive"", ""strength"": 1.0, ""first_value_only"": false, ""threshold"": 1, ""threshold_method"": ""mean"", ""mean_type"": ""arithmetic""}, ""1"": {}, ""2"": {""sigma"": 2, ""rolling_window"": 90, ""run_order"": ""season_first"", ""regression_params"": {""regression_model"": {""model"": ""ElasticNet"", ""model_params"": {""l1_ratio"": 0.5, ""fit_intercept"": true, ""selection"": ""cyclic"", ""max_iter"": 1000}}, ""datepart_method"": ""anchored_segment_fourier:us_school"", ""polynomial_degree"": null, ""transform_dict"": null, ""holiday_countries_used"": true, ""lags"": null, ""forward_lags"": null}, ""holiday_params"": null, ""trend_method"": ""rolling_mean""}, ""3"": {}, ""4"": {""n_harmonics"": 10, ""detrend"": ""linear""}}}'}, '483bc03fb7d41bd6b09ed562ac44c517': {'Model': 'SeasonalityMotif', 'ModelParameters': '{""window"": 30, ""point_method"": ""weighted_mean"", ""distance_metric"": ""mqae"", ""k"": 15, ""datepart_method"": ""common_fourier"", ""independent"": true}', 'TransformationParameters': '{""fillna"": ""ffill"", ""transformations"": {""0"": null}, ""transformation_params"": {""0"": {}}}'}, '759f4757070db9464a47d5b64481062e': {'Model': 'ARDL', 'ModelParameters': '{""lags"": 1, ""trend"": ""n"", ""order"": 1, ""causal"": false, ""regression_type"": ""holiday""}', 'TransformationParameters': '{""fillna"": ""fake_date"", ""transformations"": {""0"": ""IntermittentOccurrence""}, ""transformation_params"": {""0"": {""center"": ""mean""}}}'}}, 'model_weights': {}, 'point_method': 'mean'}","{'fillna': 'ffill', 'transformations': {'0': 'FFTFilter', '1': 'HistoricValues'}, 'transformation_params': {'0': {'cutoff': 0.01, 'reverse': False, 'on_transform': False, 'on_inverse': True}, '1': {'window': None}}}",1.0,model.results,False,,,,,,
model_weights,62.0,0.0025741028302200195,inverse_rank_from_validation_score,Score,101.2068590952813,Ensemble,"{'model_name': 'BestN', 'model_count': 5, 'model_metric': 'mixed_metric', 'models': {'a28ec290170b13fd699d9f65cf8a8be5': {'Model': 'SeasonalNaive', 'ModelParameters': '{""method"": ""mean"", ""lag_1"": 64, ""lag_2"": 12}', 'TransformationParameters': '{""fillna"": ""ffill"", ""transformations"": {""0"": ""MinMaxScaler"", ""1"": ""DifferencedTransformer"", ""2"": ""ConvolutionFilter""}, ""transformation_params"": {""0"": {}, ""1"": {""lag"": 1, ""fill"": ""bfill""}, ""2"": {""weight"": [1.0, 0.5, 0.3333333333333333, 0.25, 0.2, 0.16666666666666666, 0.14285714285714285]}}}'}, 'b52c8876f9849485b32c9cd995d206f2': {'Model': 'SeasonalNaive', 'ModelParameters': '{""method"": ""lastvalue"", ""lag_1"": 64, ""lag_2"": 12}', 'TransformationParameters': '{""fillna"": ""ffill"", ""transformations"": {""0"": ""AlignLastValue"", ""1"": ""bkfilter"", ""2"": ""RegressionFilter"", ""3"": ""PowerTransformer"", ""4"": ""FFTDecomposition""}, ""transformation_params"": {""0"": {""rows"": 1, ""lag"": 1, ""method"": ""additive"", ""strength"": 1.0, ""first_value_only"": false, ""threshold"": 1, ""threshold_method"": ""mean"", ""mean_type"": ""arithmetic""}, ""1"": {}, ""2"": {""sigma"": 2, ""rolling_window"": 90, ""run_order"": ""season_first"", ""regression_params"": {""regression_model"": {""model"": ""ElasticNet"", ""model_params"": {""l1_ratio"": 0.5, ""fit_intercept"": true, ""selection"": ""cyclic"", ""max_iter"": 1000}}, ""datepart_method"": ""anchored_segment_fourier:us_school"", ""polynomial_degree"": null, ""transform_dict"": null, ""holiday_countries_used"": true, ""lags"": null, ""forward_lags"": null}, ""holiday_params"": null, ""trend_method"": ""rolling_mean""}, ""3"": {}, ""4"": {""n_harmonics"": 10, ""detrend"": ""linear""}}}'}, '3e349e3aaa1ceb062f73adbd8e0c389c': {'Model': 'SeasonalityMotif', 'ModelParameters': '{""window"": 30, ""point_method"": ""weighted_mean"", ""distance_metric"": ""mqae"", ""k"": 10, ""datepart_method"": ""simple_binarized"", ""independent"": false}', 'TransformationParameters': '{""fillna"": ""ffill"", ""transformations"": {""0"": ""ScipyFilter"", ""1"": ""AlignLastValue"", ""2"": ""bkfilter"", ""3"": ""RollingMean100thN"", ""4"": ""AlignLastValue""}, ""transformation_params"": {""0"": {""method"": ""butter"", ""method_args"": {""N"": 4, ""btype"": ""lowpass"", ""analog"": false, ""output"": ""sos"", ""Wn"": 0.08333333333333333}}, ""1"": {""rows"": 1, ""lag"": 28, ""method"": ""additive"", ""strength"": 0.2, ""first_value_only"": false, ""threshold"": 1, ""threshold_method"": ""max"", ""mean_type"": ""arithmetic""}, ""2"": {}, ""3"": {}, ""4"": {""rows"": 1, ""lag"": 1, ""method"": ""additive"", ""strength"": 1.0, ""first_value_only"": false, ""threshold"": null, ""threshold_method"": ""mean"", ""mean_type"": ""arithmetic""}}}'}, 'b45e6182d5f3b0168c3bd9fb67794936': {'Model': 'SectionalMotif', 'ModelParameters': '{""window"": 30, ""point_method"": ""midhinge"", ""distance_metric"": ""canberra"", ""include_differenced"": false, ""k"": 10, ""stride_size"": 1, ""regression_type"": null, ""comparison_transformation"": null, ""combination_transformation"": null}', 'TransformationParameters': '{""fillna"": ""quadratic"", ""transformations"": {""0"": ""AlignLastValue"", ""1"": ""MaxAbsScaler"", ""2"": ""RegressionFilter"", ""3"": ""PowerTransformer"", ""4"": ""FFTFilter""}, ""transformation_params"": {""0"": {""rows"": 1, ""lag"": 1, ""method"": ""additive"", ""strength"": 1.0, ""first_value_only"": false, ""threshold"": 1, ""threshold_method"": ""mean"", ""mean_type"": ""arithmetic""}, ""1"": {}, ""2"": {""sigma"": 2, ""rolling_window"": 90, ""run_order"": ""season_first"", ""regression_params"": {""regression_model"": {""model"": ""ElasticNet"", ""model_params"": {""l1_ratio"": 0.5, ""fit_intercept"": true, ""selection"": ""cyclic"", ""max_iter"": 1000}}, ""datepart_method"": ""anchored_segment_fourier:us_school"", ""polynomial_degree"": null, ""transform_dict"": null, ""holiday_countries_used"": true, ""lags"": null, ""forward_lags"": null}, ""holiday_params"": null, ""trend_method"": ""rolling_mean""}, ""3"": {}, ""4"": {""cutoff"": 0.1, ""reverse"": false, ""on_transform"": true, ""on_inverse"": true}}}'}, '759f4757070db9464a47d5b64481062e': {'Model': 'ARDL', 'ModelParameters': '{""lags"": 1, ""trend"": ""n"", ""order"": 1, ""causal"": false, ""regression_type"": ""holiday""}', 'TransformationParameters': '{""fillna"": ""fake_date"", ""transformations"": {""0"": ""IntermittentOccurrence""}, ""transformation_params"": {""0"": {""center"": ""mean""}}}'}}, 'point_method': 'kalman', 'model_weights': {}}","{'fillna': 'ffill', 'transformations': {'0': 'RegressionFilter', '1': 'HistoricValues'}, 'transformation_params': {'0': {'sigma': 1, 'rolling_window': 90, 'run_order': 'season_first', 'regression_params': {'regression_model': {'model': 'ElasticNet', 'model_params': {'l1_ratio': 0.5, 'fit_intercept': False, 'selection': 'cyclic', 'max_iter': 2000}}, 'datepart_method': 'simple', 'polynomial_degree': None, 'transform_dict': {'fillna': None, 'transformations': {'0': 'ScipyFilter'}, 'transformation_params': {'0': {'method': 'savgol_filter', 'method_args': {'window_length': 31, 'polyorder': 3, 'deriv': 0, 'mode': 'interp'}}}}, 'holiday_countries_used': False, 'lags': None, 'forward_lags': None}, 'holiday_params': None, 'trend_method': 'rolling_mean'}, '1': {'window': 28}}}",1.0,model.results,False,,,,,,
model_weights,63.0,0.0025332440551371622,inverse_rank_from_validation_score,Score,101.73212957150854,Ensemble,"{'model_name': 'BestN', 'model_count': 3, 'model_metric': 'mixed_metric', 'models': {'a28ec290170b13fd699d9f65cf8a8be5': {'Model': 'SeasonalNaive', 'ModelParameters': '{""method"": ""mean"", ""lag_1"": 64, ""lag_2"": 12}', 'TransformationParameters': '{""fillna"": ""ffill"", ""transformations"": {""0"": ""MinMaxScaler"", ""1"": ""DifferencedTransformer"", ""2"": ""ConvolutionFilter""}, ""transformation_params"": {""0"": {}, ""1"": {""lag"": 1, ""fill"": ""bfill""}, ""2"": {""weight"": [1.0, 0.5, 0.3333333333333333, 0.25, 0.2, 0.16666666666666666, 0.14285714285714285]}}}'}, 'b52c8876f9849485b32c9cd995d206f2': {'Model': 'SeasonalNaive', 'ModelParameters': '{""method"": ""lastvalue"", ""lag_1"": 64, ""lag_2"": 12}', 'TransformationParameters': '{""fillna"": ""ffill"", ""transformations"": {""0"": ""AlignLastValue"", ""1"": ""bkfilter"", ""2"": ""RegressionFilter"", ""3"": ""PowerTransformer"", ""4"": ""FFTDecomposition""}, ""transformation_params"": {""0"": {""rows"": 1, ""lag"": 1, ""method"": ""additive"", ""strength"": 1.0, ""first_value_only"": false, ""threshold"": 1, ""threshold_method"": ""mean"", ""mean_type"": ""arithmetic""}, ""1"": {}, ""2"": {""sigma"": 2, ""rolling_window"": 90, ""run_order"": ""season_first"", ""regression_params"": {""regression_model"": {""model"": ""ElasticNet"", ""model_params"": {""l1_ratio"": 0.5, ""fit_intercept"": true, ""selection"": ""cyclic"", ""max_iter"": 1000}}, ""datepart_method"": ""anchored_segment_fourier:us_school"", ""polynomial_degree"": null, ""transform_dict"": null, ""holiday_countries_used"": true, ""lags"": null, ""forward_lags"": null}, ""holiday_params"": null, ""trend_method"": ""rolling_mean""}, ""3"": {}, ""4"": {""n_harmonics"": 10, ""detrend"": ""linear""}}}'}, '3e349e3aaa1ceb062f73adbd8e0c389c': {'Model': 'SeasonalityMotif', 'ModelParameters': '{""window"": 30, ""point_method"": ""weighted_mean"", ""distance_metric"": ""mqae"", ""k"": 10, ""datepart_method"": ""simple_binarized"", ""independent"": false}', 'TransformationParameters': '{""fillna"": ""ffill"", ""transformations"": {""0"": ""ScipyFilter"", ""1"": ""AlignLastValue"", ""2"": ""bkfilter"", ""3"": ""RollingMean100thN"", ""4"": ""AlignLastValue""}, ""transformation_params"": {""0"": {""method"": ""butter"", ""method_args"": {""N"": 4, ""btype"": ""lowpass"", ""analog"": false, ""output"": ""sos"", ""Wn"": 0.08333333333333333}}, ""1"": {""rows"": 1, ""lag"": 28, ""method"": ""additive"", ""strength"": 0.2, ""first_value_only"": false, ""threshold"": 1, ""threshold_method"": ""max"", ""mean_type"": ""arithmetic""}, ""2"": {}, ""3"": {}, ""4"": {""rows"": 1, ""lag"": 1, ""method"": ""additive"", ""strength"": 1.0, ""first_value_only"": false, ""threshold"": null, ""threshold_method"": ""mean"", ""mean_type"": ""arithmetic""}}}'}}, 'model_weights': {}, 'point_method': 'mean'}","{'fillna': 'ffill', 'transformations': {'0': 'FFTFilter', '1': 'HistoricValues'}, 'transformation_params': {'0': {'cutoff': 0.01, 'reverse': False, 'on_transform': False, 'on_inverse': True}, '1': {'window': None}}}",1.0,model.results,False,,,,,,
model_weights,64.0,0.002493662116775644,inverse_rank_from_validation_score,Score,102.2258616797035,Ensemble,"{'model_name': 'BestN', 'model_count': 5, 'model_metric': 'bestn_horizontal', 'models': {'b52c8876f9849485b32c9cd995d206f2': {'Model': 'SeasonalNaive', 'ModelParameters': '{""method"": ""lastvalue"", ""lag_1"": 64, ""lag_2"": 12}', 'TransformationParameters': '{""fillna"": ""ffill"", ""transformations"": {""0"": ""AlignLastValue"", ""1"": ""bkfilter"", ""2"": ""RegressionFilter"", ""3"": ""PowerTransformer"", ""4"": ""FFTDecomposition""}, ""transformation_params"": {""0"": {""rows"": 1, ""lag"": 1, ""method"": ""additive"", ""strength"": 1.0, ""first_value_only"": false, ""threshold"": 1, ""threshold_method"": ""mean"", ""mean_type"": ""arithmetic""}, ""1"": {}, ""2"": {""sigma"": 2, ""rolling_window"": 90, ""run_order"": ""season_first"", ""regression_params"": {""regression_model"": {""model"": ""ElasticNet"", ""model_params"": {""l1_ratio"": 0.5, ""fit_intercept"": true, ""selection"": ""cyclic"", ""max_iter"": 1000}}, ""datepart_method"": ""anchored_segment_fourier:us_school"", ""polynomial_degree"": null, ""transform_dict"": null, ""holiday_countries_used"": true, ""lags"": null, ""forward_lags"": null}, ""holiday_params"": null, ""trend_method"": ""rolling_mean""}, ""3"": {}, ""4"": {""n_harmonics"": 10, ""detrend"": ""linear""}}}'}, 'a28ec290170b13fd699d9f65cf8a8be5': {'Model': 'SeasonalNaive', 'ModelParameters': '{""method"": ""mean"", ""lag_1"": 64, ""lag_2"": 12}', 'TransformationParameters': '{""fillna"": ""ffill"", ""transformations"": {""0"": ""MinMaxScaler"", ""1"": ""DifferencedTransformer"", ""2"": ""ConvolutionFilter""}, ""transformation_params"": {""0"": {}, ""1"": {""lag"": 1, ""fill"": ""bfill""}, ""2"": {""weight"": [1.0, 0.5, 0.3333333333333333, 0.25, 0.2, 0.16666666666666666, 0.14285714285714285]}}}'}, '483bc03fb7d41bd6b09ed562ac44c517': {'Model': 'SeasonalityMotif', 'ModelParameters': '{""window"": 30, ""point_method"": ""weighted_mean"", ""distance_metric"": ""mqae"", ""k"": 15, ""datepart_method"": ""common_fourier"", ""independent"": true}', 'TransformationParameters': '{""fillna"": ""ffill"", ""transformations"": {""0"": null}, ""transformation_params"": {""0"": {}}}'}, 'd00109751cdbcbd8ed2960d92095ef47': {'Model': 'SeasonalityMotif', 'ModelParameters': '{""window"": 5, ""point_method"": ""weighted_mean"", ""distance_metric"": ""mqae"", ""k"": 15, ""datepart_method"": ""common_fourier"", ""independent"": true}', 'TransformationParameters': '{""fillna"": ""ffill"", ""transformations"": {""0"": ""RegressionFilter"", ""1"": ""PowerTransformer""}, ""transformation_params"": {""0"": {""sigma"": 2, ""rolling_window"": 90, ""run_order"": ""season_first"", ""regression_params"": {""regression_model"": {""model"": ""ElasticNet"", ""model_params"": {""l1_ratio"": 0.5, ""fit_intercept"": true, ""selection"": ""cyclic"", ""max_iter"": 1000}}, ""datepart_method"": ""anchored_segment_fourier:us_school"", ""polynomial_degree"": null, ""transform_dict"": null, ""holiday_countries_used"": true, ""lags"": null, ""forward_lags"": null}, ""holiday_params"": null, ""trend_method"": ""rolling_mean""}, ""1"": {}}}'}, '759f4757070db9464a47d5b64481062e': {'Model': 'ARDL', 'ModelParameters': '{""lags"": 1, ""trend"": ""n"", ""order"": 1, ""causal"": false, ""regression_type"": ""holiday""}', 'TransformationParameters': '{""fillna"": ""fake_date"", ""transformations"": {""0"": ""IntermittentOccurrence""}, ""transformation_params"": {""0"": {""center"": ""mean""}}}'}}, 'point_method': 'median', 'model_weights': {}}","{'fillna': 'ffill', 'transformations': {'0': 'FFTFilter', '1': 'HistoricValues'}, 'transformation_params': {'0': {'cutoff': 0.01, 'reverse': False, 'on_transform': False, 'on_inverse': True}, '1': {'window': None}}}",1.0,model.results,False,,,,,,
model_weights,65.0,0.002455298084209865,inverse_rank_from_validation_score,Score,102.93924124231884,Ensemble,"{'model_name': 'BestN', 'model_count': 5, 'model_metric': 'best_score_unique', 'models': {'b52c8876f9849485b32c9cd995d206f2': {'Model': 'SeasonalNaive', 'ModelParameters': '{""method"": ""lastvalue"", ""lag_1"": 64, ""lag_2"": 12}', 'TransformationParameters': '{""fillna"": ""ffill"", ""transformations"": {""0"": ""AlignLastValue"", ""1"": ""bkfilter"", ""2"": ""RegressionFilter"", ""3"": ""PowerTransformer"", ""4"": ""FFTDecomposition""}, ""transformation_params"": {""0"": {""rows"": 1, ""lag"": 1, ""method"": ""additive"", ""strength"": 1.0, ""first_value_only"": false, ""threshold"": 1, ""threshold_method"": ""mean"", ""mean_type"": ""arithmetic""}, ""1"": {}, ""2"": {""sigma"": 2, ""rolling_window"": 90, ""run_order"": ""season_first"", ""regression_params"": {""regression_model"": {""model"": ""ElasticNet"", ""model_params"": {""l1_ratio"": 0.5, ""fit_intercept"": true, ""selection"": ""cyclic"", ""max_iter"": 1000}}, ""datepart_method"": ""anchored_segment_fourier:us_school"", ""polynomial_degree"": null, ""transform_dict"": null, ""holiday_countries_used"": true, ""lags"": null, ""forward_lags"": null}, ""holiday_params"": null, ""trend_method"": ""rolling_mean""}, ""3"": {}, ""4"": {""n_harmonics"": 10, ""detrend"": ""linear""}}}'}, '483bc03fb7d41bd6b09ed562ac44c517': {'Model': 'SeasonalityMotif', 'ModelParameters': '{""window"": 30, ""point_method"": ""weighted_mean"", ""distance_metric"": ""mqae"", ""k"": 15, ""datepart_method"": ""common_fourier"", ""independent"": true}', 'TransformationParameters': '{""fillna"": ""ffill"", ""transformations"": {""0"": null}, ""transformation_params"": {""0"": {}}}'}, '759f4757070db9464a47d5b64481062e': {'Model': 'ARDL', 'ModelParameters': '{""lags"": 1, ""trend"": ""n"", ""order"": 1, ""causal"": false, ""regression_type"": ""holiday""}', 'TransformationParameters': '{""fillna"": ""fake_date"", ""transformations"": {""0"": ""IntermittentOccurrence""}, ""transformation_params"": {""0"": {""center"": ""mean""}}}'}, 'e89a3b30b5276cefef55356f531cb97d': {'Model': 'UnivariateMotif', 'ModelParameters': '{""window"": 10, ""point_method"": ""weighted_mean"", ""distance_metric"": ""canberra"", ""k"": 10, ""max_windows"": 10000}', 'TransformationParameters': '{""fillna"": ""ffill"", ""transformations"": {""0"": ""MinMaxScaler"", ""1"": ""AlignLastValue"", ""2"": ""ScipyFilter""}, ""transformation_params"": {""0"": {}, ""1"": {""rows"": 1, ""lag"": 1, ""method"": ""additive"", ""strength"": 1.0, ""first_value_only"": false, ""threshold"": 1, ""threshold_method"": ""max"", ""mean_type"": ""arithmetic""}, ""2"": {""method"": ""butter"", ""method_args"": {""N"": 4, ""btype"": ""highpass"", ""analog"": false, ""output"": ""sos"", ""Wn"": 0.011904761904761904}}}}'}, '23c85c773110afcdc5c3a31becf66854': {'Model': 'RRVAR', 'ModelParameters': '{""method"": ""als"", ""rank"": 16, ""maxiter"": 200}', 'TransformationParameters': '{""fillna"": ""nearest"", ""transformations"": {""0"": ""AlignLastValue"", ""1"": ""PowerTransformer""}, ""transformation_params"": {""0"": {""rows"": 1, ""lag"": 1, ""method"": ""additive"", ""strength"": 0.5, ""first_value_only"": false, ""threshold"": 10, ""threshold_method"": ""max"", ""mean_type"": ""arithmetic""}, ""1"": {}}}'}}, 'point_method': 'midhinge', 'model_weights': {}}","{'fillna': 'ffill', 'transformations': {'0': 'FFTFilter', '1': 'HistoricValues'}, 'transformation_params': {'0': {'cutoff': 0.01, 'reverse': False, 'on_transform': False, 'on_inverse': True}, '1': {'window': None}}}",1.0,model.results,False,,,,,,
model_weights,66.0,0.002418096598085473,inverse_rank_from_validation_score,Score,103.36345312184851,Ensemble,"{'model_name': 'BestN', 'model_count': 3, 'model_metric': 'best_score', 'models': {'b52c8876f9849485b32c9cd995d206f2': {'Model': 'SeasonalNaive', 'ModelParameters': '{""method"": ""lastvalue"", ""lag_1"": 64, ""lag_2"": 12}', 'TransformationParameters': '{""fillna"": ""ffill"", ""transformations"": {""0"": ""AlignLastValue"", ""1"": ""bkfilter"", ""2"": ""RegressionFilter"", ""3"": ""PowerTransformer"", ""4"": ""FFTDecomposition""}, ""transformation_params"": {""0"": {""rows"": 1, ""lag"": 1, ""method"": ""additive"", ""strength"": 1.0, ""first_value_only"": false, ""threshold"": 1, ""threshold_method"": ""mean"", ""mean_type"": ""arithmetic""}, ""1"": {}, ""2"": {""sigma"": 2, ""rolling_window"": 90, ""run_order"": ""season_first"", ""regression_params"": {""regression_model"": {""model"": ""ElasticNet"", ""model_params"": {""l1_ratio"": 0.5, ""fit_intercept"": true, ""selection"": ""cyclic"", ""max_iter"": 1000}}, ""datepart_method"": ""anchored_segment_fourier:us_school"", ""polynomial_degree"": null, ""transform_dict"": null, ""holiday_countries_used"": true, ""lags"": null, ""forward_lags"": null}, ""holiday_params"": null, ""trend_method"": ""rolling_mean""}, ""3"": {}, ""4"": {""n_harmonics"": 10, ""detrend"": ""linear""}}}'}, 'a28ec290170b13fd699d9f65cf8a8be5': {'Model': 'SeasonalNaive', 'ModelParameters': '{""method"": ""mean"", ""lag_1"": 64, ""lag_2"": 12}', 'TransformationParameters': '{""fillna"": ""ffill"", ""transformations"": {""0"": ""MinMaxScaler"", ""1"": ""DifferencedTransformer"", ""2"": ""ConvolutionFilter""}, ""transformation_params"": {""0"": {}, ""1"": {""lag"": 1, ""fill"": ""bfill""}, ""2"": {""weight"": [1.0, 0.5, 0.3333333333333333, 0.25, 0.2, 0.16666666666666666, 0.14285714285714285]}}}'}, '483bc03fb7d41bd6b09ed562ac44c517': {'Model': 'SeasonalityMotif', 'ModelParameters': '{""window"": 30, ""point_method"": ""weighted_mean"", ""distance_metric"": ""mqae"", ""k"": 15, ""datepart_method"": ""common_fourier"", ""independent"": true}', 'TransformationParameters': '{""fillna"": ""ffill"", ""transformations"": {""0"": null}, ""transformation_params"": {""0"": {}}}'}}, 'model_weights': {}, 'point_method': 'mean'}","{'fillna': 'ffill', 'transformations': {'0': 'FFTFilter', '1': 'HistoricValues'}, 'transformation_params': {'0': {'cutoff': 0.01, 'reverse': False, 'on_transform': False, 'on_inverse': True}, '1': {'window': None}}}",1.0,model.results,False,,,,,,
model_weights,67.0,0.002382005604084197,inverse_rank_from_validation_score,Score,107.73424988691369,Ensemble,"{'model_name': 'BestN', 'model_count': 3, 'model_metric': 'best_score', 'models': {'b52c8876f9849485b32c9cd995d206f2': {'Model': 'SeasonalNaive', 'ModelParameters': '{""method"": ""lastvalue"", ""lag_1"": 64, ""lag_2"": 12}', 'TransformationParameters': '{""fillna"": ""ffill"", ""transformations"": {""0"": ""AlignLastValue"", ""1"": ""bkfilter"", ""2"": ""RegressionFilter"", ""3"": ""PowerTransformer"", ""4"": ""FFTDecomposition""}, ""transformation_params"": {""0"": {""rows"": 1, ""lag"": 1, ""method"": ""additive"", ""strength"": 1.0, ""first_value_only"": false, ""threshold"": 1, ""threshold_method"": ""mean"", ""mean_type"": ""arithmetic""}, ""1"": {}, ""2"": {""sigma"": 2, ""rolling_window"": 90, ""run_order"": ""season_first"", ""regression_params"": {""regression_model"": {""model"": ""ElasticNet"", ""model_params"": {""l1_ratio"": 0.5, ""fit_intercept"": true, ""selection"": ""cyclic"", ""max_iter"": 1000}}, ""datepart_method"": ""anchored_segment_fourier:us_school"", ""polynomial_degree"": null, ""transform_dict"": null, ""holiday_countries_used"": true, ""lags"": null, ""forward_lags"": null}, ""holiday_params"": null, ""trend_method"": ""rolling_mean""}, ""3"": {}, ""4"": {""n_harmonics"": 10, ""detrend"": ""linear""}}}'}, 'a28ec290170b13fd699d9f65cf8a8be5': {'Model': 'SeasonalNaive', 'ModelParameters': '{""method"": ""mean"", ""lag_1"": 64, ""lag_2"": 12}', 'TransformationParameters': '{""fillna"": ""ffill"", ""transformations"": {""0"": ""MinMaxScaler"", ""1"": ""DifferencedTransformer"", ""2"": ""ConvolutionFilter""}, ""transformation_params"": {""0"": {}, ""1"": {""lag"": 1, ""fill"": ""bfill""}, ""2"": {""weight"": [1.0, 0.5, 0.3333333333333333, 0.25, 0.2, 0.16666666666666666, 0.14285714285714285]}}}'}, '483bc03fb7d41bd6b09ed562ac44c517': {'Model': 'SeasonalityMotif', 'ModelParameters': '{""window"": 30, ""point_method"": ""weighted_mean"", ""distance_metric"": ""mqae"", ""k"": 15, ""datepart_method"": ""common_fourier"", ""independent"": true}', 'TransformationParameters': '{""fillna"": ""ffill"", ""transformations"": {""0"": null}, ""transformation_params"": {""0"": {}}}'}}, 'model_weights': {}, 'point_method': 'mean'}","{'fillna': 'fake_date', 'transformations': {'0': 'AlignLastValue', '1': 'AlignLastValue'}, 'transformation_params': {'0': {'rows': 4, 'lag': 28, 'method': 'additive', 'strength': 0.2, 'first_value_only': False, 'threshold': 1, 'threshold_method': 'max'}, '1': {'rows': 1, 'lag': 1, 'method': 'additive', 'strength': 1.0, 'first_value_only': False, 'threshold': 1, 'threshold_method': 'mean'}}}",1.0,model.results,False,,,,,,
model_weights,68.0,0.0023469761099064886,inverse_rank_from_validation_score,Score,108.61655752056923,Ensemble,"{'model_name': 'BestN', 'model_count': 5, 'model_metric': 'mixed_metric', 'models': {'a28ec290170b13fd699d9f65cf8a8be5': {'Model': 'SeasonalNaive', 'ModelParameters': '{""method"": ""mean"", ""lag_1"": 64, ""lag_2"": 12}', 'TransformationParameters': '{""fillna"": ""ffill"", ""transformations"": {""0"": ""MinMaxScaler"", ""1"": ""DifferencedTransformer"", ""2"": ""ConvolutionFilter""}, ""transformation_params"": {""0"": {}, ""1"": {""lag"": 1, ""fill"": ""bfill""}, ""2"": {""weight"": [1.0, 0.5, 0.3333333333333333, 0.25, 0.2, 0.16666666666666666, 0.14285714285714285]}}}'}, 'b52c8876f9849485b32c9cd995d206f2': {'Model': 'SeasonalNaive', 'ModelParameters': '{""method"": ""lastvalue"", ""lag_1"": 64, ""lag_2"": 12}', 'TransformationParameters': '{""fillna"": ""ffill"", ""transformations"": {""0"": ""AlignLastValue"", ""1"": ""bkfilter"", ""2"": ""RegressionFilter"", ""3"": ""PowerTransformer"", ""4"": ""FFTDecomposition""}, ""transformation_params"": {""0"": {""rows"": 1, ""lag"": 1, ""method"": ""additive"", ""strength"": 1.0, ""first_value_only"": false, ""threshold"": 1, ""threshold_method"": ""mean"", ""mean_type"": ""arithmetic""}, ""1"": {}, ""2"": {""sigma"": 2, ""rolling_window"": 90, ""run_order"": ""season_first"", ""regression_params"": {""regression_model"": {""model"": ""ElasticNet"", ""model_params"": {""l1_ratio"": 0.5, ""fit_intercept"": true, ""selection"": ""cyclic"", ""max_iter"": 1000}}, ""datepart_method"": ""anchored_segment_fourier:us_school"", ""polynomial_degree"": null, ""transform_dict"": null, ""holiday_countries_used"": true, ""lags"": null, ""forward_lags"": null}, ""holiday_params"": null, ""trend_method"": ""rolling_mean""}, ""3"": {}, ""4"": {""n_harmonics"": 10, ""detrend"": ""linear""}}}'}, '3e349e3aaa1ceb062f73adbd8e0c389c': {'Model': 'SeasonalityMotif', 'ModelParameters': '{""window"": 30, ""point_method"": ""weighted_mean"", ""distance_metric"": ""mqae"", ""k"": 10, ""datepart_method"": ""simple_binarized"", ""independent"": false}', 'TransformationParameters': '{""fillna"": ""ffill"", ""transformations"": {""0"": ""ScipyFilter"", ""1"": ""AlignLastValue"", ""2"": ""bkfilter"", ""3"": ""RollingMean100thN"", ""4"": ""AlignLastValue""}, ""transformation_params"": {""0"": {""method"": ""butter"", ""method_args"": {""N"": 4, ""btype"": ""lowpass"", ""analog"": false, ""output"": ""sos"", ""Wn"": 0.08333333333333333}}, ""1"": {""rows"": 1, ""lag"": 28, ""method"": ""additive"", ""strength"": 0.2, ""first_value_only"": false, ""threshold"": 1, ""threshold_method"": ""max"", ""mean_type"": ""arithmetic""}, ""2"": {}, ""3"": {}, ""4"": {""rows"": 1, ""lag"": 1, ""method"": ""additive"", ""strength"": 1.0, ""first_value_only"": false, ""threshold"": null, ""threshold_method"": ""mean"", ""mean_type"": ""arithmetic""}}}'}, 'b45e6182d5f3b0168c3bd9fb67794936': {'Model': 'SectionalMotif', 'ModelParameters': '{""window"": 30, ""point_method"": ""midhinge"", ""distance_metric"": ""canberra"", ""include_differenced"": false, ""k"": 10, ""stride_size"": 1, ""regression_type"": null, ""comparison_transformation"": null, ""combination_transformation"": null}', 'TransformationParameters': '{""fillna"": ""quadratic"", ""transformations"": {""0"": ""AlignLastValue"", ""1"": ""MaxAbsScaler"", ""2"": ""RegressionFilter"", ""3"": ""PowerTransformer"", ""4"": ""FFTFilter""}, ""transformation_params"": {""0"": {""rows"": 1, ""lag"": 1, ""method"": ""additive"", ""strength"": 1.0, ""first_value_only"": false, ""threshold"": 1, ""threshold_method"": ""mean"", ""mean_type"": ""arithmetic""}, ""1"": {}, ""2"": {""sigma"": 2, ""rolling_window"": 90, ""run_order"": ""season_first"", ""regression_params"": {""regression_model"": {""model"": ""ElasticNet"", ""model_params"": {""l1_ratio"": 0.5, ""fit_intercept"": true, ""selection"": ""cyclic"", ""max_iter"": 1000}}, ""datepart_method"": ""anchored_segment_fourier:us_school"", ""polynomial_degree"": null, ""transform_dict"": null, ""holiday_countries_used"": true, ""lags"": null, ""forward_lags"": null}, ""holiday_params"": null, ""trend_method"": ""rolling_mean""}, ""3"": {}, ""4"": {""cutoff"": 0.1, ""reverse"": false, ""on_transform"": true, ""on_inverse"": true}}}'}, '759f4757070db9464a47d5b64481062e': {'Model': 'ARDL', 'ModelParameters': '{""lags"": 1, ""trend"": ""n"", ""order"": 1, ""causal"": false, ""regression_type"": ""holiday""}', 'TransformationParameters': '{""fillna"": ""fake_date"", ""transformations"": {""0"": ""IntermittentOccurrence""}, ""transformation_params"": {""0"": {""center"": ""mean""}}}'}}, 'point_method': 'kalman', 'model_weights': {}}","{'fillna': 'cubic', 'transformations': {'0': 'ScipyFilter', '1': 'DatepartRegression'}, 'transformation_params': {'0': {'method': 'butter', 'method_args': {'N': 1, 'btype': 'highpass', 'analog': False, 'output': 'sos', 'Wn': 0.024390243902439025}}, '1': {'regression_model': {'model': 'ElasticNet', 'model_params': {'l1_ratio': 0.5, 'fit_intercept': True, 'selection': 'cyclic', 'max_iter': 1000}}, 'datepart_method': ['weekdayofmonth', 'common_fourier'], 'polynomial_degree': None, 'transform_dict': None, 'holiday_countries_used': False, 'lags': None, 'forward_lags': None}}}",1.0,model.results,False,,,,,,
model_weights,69.0,0.0023129619633861045,inverse_rank_from_validation_score,Score,109.75262648950635,AverageValueNaive,"{'method': 'Weighted_Mean', 'window': None}","{'fillna': 'quadratic', 'transformations': {'0': 'DifferencedTransformer', '1': 'CumSumTransformer', '2': 'Constraint'}, 'transformation_params': {'0': {'lag': 1, 'fill': 'bfill'}, '1': {}, '2': {'constraint_method': 'last_window', 'constraint_direction': 'upper', 'constraint_regularization': 0.5, 'constraint_value': {'window': 10, 'threshold': 0.1}, 'bounds_only': False, 'fillna': None}}}",0.0,model.results,False,,,,,,
model_weights,70.0,0.002279919649623446,inverse_rank_from_validation_score,Score,110.28233461107715,Ensemble,"{'model_name': 'BestN', 'model_count': 3, 'model_metric': 'best_score_unique', 'models': {'b52c8876f9849485b32c9cd995d206f2': {'Model': 'SeasonalNaive', 'ModelParameters': '{""method"": ""lastvalue"", ""lag_1"": 64, ""lag_2"": 12}', 'TransformationParameters': '{""fillna"": ""ffill"", ""transformations"": {""0"": ""AlignLastValue"", ""1"": ""bkfilter"", ""2"": ""RegressionFilter"", ""3"": ""PowerTransformer"", ""4"": ""FFTDecomposition""}, ""transformation_params"": {""0"": {""rows"": 1, ""lag"": 1, ""method"": ""additive"", ""strength"": 1.0, ""first_value_only"": false, ""threshold"": 1, ""threshold_method"": ""mean"", ""mean_type"": ""arithmetic""}, ""1"": {}, ""2"": {""sigma"": 2, ""rolling_window"": 90, ""run_order"": ""season_first"", ""regression_params"": {""regression_model"": {""model"": ""ElasticNet"", ""model_params"": {""l1_ratio"": 0.5, ""fit_intercept"": true, ""selection"": ""cyclic"", ""max_iter"": 1000}}, ""datepart_method"": ""anchored_segment_fourier:us_school"", ""polynomial_degree"": null, ""transform_dict"": null, ""holiday_countries_used"": true, ""lags"": null, ""forward_lags"": null}, ""holiday_params"": null, ""trend_method"": ""rolling_mean""}, ""3"": {}, ""4"": {""n_harmonics"": 10, ""detrend"": ""linear""}}}'}, '483bc03fb7d41bd6b09ed562ac44c517': {'Model': 'SeasonalityMotif', 'ModelParameters': '{""window"": 30, ""point_method"": ""weighted_mean"", ""distance_metric"": ""mqae"", ""k"": 15, ""datepart_method"": ""common_fourier"", ""independent"": true}', 'TransformationParameters': '{""fillna"": ""ffill"", ""transformations"": {""0"": null}, ""transformation_params"": {""0"": {}}}'}, '759f4757070db9464a47d5b64481062e': {'Model': 'ARDL', 'ModelParameters': '{""lags"": 1, ""trend"": ""n"", ""order"": 1, ""causal"": false, ""regression_type"": ""holiday""}', 'TransformationParameters': '{""fillna"": ""fake_date"", ""transformations"": {""0"": ""IntermittentOccurrence""}, ""transformation_params"": {""0"": {""center"": ""mean""}}}'}}, 'model_weights': {}, 'point_method': 'mean'}","{'fillna': 'fake_date', 'transformations': {'0': 'AlignLastValue', '1': 'AlignLastValue'}, 'transformation_params': {'0': {'rows': 4, 'lag': 28, 'method': 'additive', 'strength': 0.2, 'first_value_only': False, 'threshold': 1, 'threshold_method': 'max'}, '1': {'rows': 1, 'lag': 1, 'method': 'additive', 'strength': 1.0, 'first_value_only': False, 'threshold': 1, 'threshold_method': 'mean'}}}",1.0,model.results,False,,,,,,
model_weights,71.0,0.0022478081052625526,inverse_rank_from_validation_score,Score,110.9807667162187,ETS,"{'damped_trend': False, 'trend': None, 'seasonal': None, 'seasonal_periods': None, 'method': 'SLSQP'}","{'fillna': 'ffill', 'transformations': {'0': 'ClipOutliers', '1': 'Detrend', '2': 'FFTFilter', '3': 'AlignLastValue'}, 'transformation_params': {'0': {'method': 'clip', 'std_threshold': 5, 'fillna': None}, '1': {'model': 'GLS', 'phi': 1, 'window': None, 'transform_dict': None}, '2': {'cutoff': 0.05, 'reverse': False, 'on_transform': True, 'on_inverse': False}, '3': {'rows': 1, 'lag': 1, 'method': 'additive', 'strength': 1.0, 'first_value_only': False, 'threshold': 10, 'threshold_method': 'max', 'mean_type': 'arithmetic'}}}",0.0,model.results,False,,,,,,
model_weights,72.0,0.002216588548245017,inverse_rank_from_validation_score,Score,111.65003860688901,SectionalMotif,"{'window': 30, 'point_method': 'midhinge', 'distance_metric': 'canberra', 'include_differenced': False, 'k': 10, 'stride_size': 1, 'regression_type': None, 'comparison_transformation': None, 'combination_transformation': None}","{'fillna': 'quadratic', 'transformations': {'0': 'AlignLastValue', '1': 'MaxAbsScaler', '2': 'RegressionFilter', '3': 'PowerTransformer', '4': 'FFTFilter'}, 'transformation_params': {'0': {'rows': 1, 'lag': 1, 'method': 'additive', 'strength': 1.0, 'first_value_only': False, 'threshold': 1, 'threshold_method': 'mean', 'mean_type': 'arithmetic'}, '1': {}, '2': {'sigma': 2, 'rolling_window': 90, 'run_order': 'season_first', 'regression_params': {'regression_model': {'model': 'ElasticNet', 'model_params': {'l1_ratio': 0.5, 'fit_intercept': True, 'selection': 'cyclic', 'max_iter': 1000}}, 'datepart_method': 'anchored_segment_fourier:us_school', 'polynomial_degree': None, 'transform_dict': None, 'holiday_countries_used': True, 'lags': None, 'forward_lags': None}, 'holiday_params': None, 'trend_method': 'rolling_mean'}, '3': {}, '4': {'cutoff': 0.1, 'reverse': False, 'on_transform': True, 'on_inverse': True}}}",0.0,model.results,False,,,,,,
model_weights,73.0,0.002186224321556729,inverse_rank_from_validation_score,Score,113.48093720493826,ETS,"{'damped_trend': False, 'trend': None, 'seasonal': None, 'seasonal_periods': None, 'method': None}","{'fillna': 'ffill', 'transformations': {'0': 'ClipOutliers', '1': 'FFTFilter', '2': 'AlignLastValue'}, 'transformation_params': {'0': {'method': 'clip', 'std_threshold': 5, 'fillna': None}, '1': {'cutoff': 0.05, 'reverse': False, 'on_transform': True, 'on_inverse': False}, '2': {'rows': 1, 'lag': 1, 'method': 'additive', 'strength': 1.0, 'first_value_only': False, 'threshold': 10, 'threshold_method': 'max', 'mean_type': 'arithmetic'}}}",0.0,model.results,False,,,,,,
model_weights,74.0,0.0021566807496438004,inverse_rank_from_validation_score,Score,114.2092369620202,LastValueNaive,{},"{'fillna': 'rolling_mean', 'transformations': {'0': 'ClipOutliers', '1': 'MaxAbsScaler', '2': 'AlignLastValue'}, 'transformation_params': {'0': {'method': 'clip', 'std_threshold': 1, 'fillna': None}, '1': {}, '2': {'rows': 1, 'lag': 1, 'method': 'additive', 'strength': 0.2, 'first_value_only': False, 'threshold': 10, 'threshold_method': 'max', 'mean_type': 'arithmetic'}}}",0.0,model.results,False,,,,,,
model_weights,75.0,0.0021279250063152163,inverse_rank_from_validation_score,Score,116.37911344623788,LastValueNaive,{},"{'fillna': 'mean', 'transformations': {'0': 'ClipOutliers', '1': 'QuantileTransformer'}, 'transformation_params': {'0': {'method': 'clip', 'std_threshold': 1, 'fillna': None}, '1': {'output_distribution': 'uniform', 'n_quantiles': 103}}}",0.0,model.results,False,,,,,,
model_weights,76.0,0.0020999259930742265,inverse_rank_from_validation_score,Score,116.48495906860299,UnivariateMotif,"{'window': 28, 'point_method': 'midhinge', 'distance_metric': 'jensenshannon', 'k': 5, 'max_windows': 10000}","{'fillna': 'rolling_mean_24', 'transformations': {'0': 'AlignLastValue', '1': 'Slice', '2': 'HPFilter', '3': 'DifferencedTransformer'}, 'transformation_params': {'0': {'rows': 1, 'lag': 1, 'method': 'additive', 'strength': 1.0, 'first_value_only': False, 'threshold': 10, 'threshold_method': 'mean', 'mean_type': 'arithmetic'}, '1': {'method': 0.2}, '2': {'part': 'trend', 'lamb': 129600}, '3': {'lag': 1, 'fill': 'zero'}}}",0.0,model.results,False,,,,,,
model_weights,77.0,0.0020726542269304056,inverse_rank_from_validation_score,Score,117.49311214494661,LastValueNaive,{},"{'fillna': 'ffill', 'transformations': {'0': 'ClipOutliers', '1': 'Detrend'}, 'transformation_params': {'0': {'method': 'clip', 'std_threshold': 4.5, 'fillna': None}, '1': {'model': 'GLS', 'phi': 1, 'window': None, 'transform_dict': None}}}",0.0,model.results,False,,,,,,
model_weights,78.0,0.002046081736841554,inverse_rank_from_validation_score,Score,117.87407705675002,ConstantNaive,{'constant': 1},"{'fillna': 'ffill', 'transformations': {'0': 'AlignLastValue'}, 'transformation_params': {'0': {'rows': 1, 'lag': 1, 'method': 'additive', 'strength': 1.0, 'first_value_only': False, 'threshold': 10, 'threshold_method': 'mean', 'mean_type': 'arithmetic'}}}",0.0,model.results,False,,,,,,
model_weights,79.0,0.002020181968020775,inverse_rank_from_validation_score,Score,117.97064919535688,LastValueNaive,{},"{'fillna': 'rolling_mean_24', 'transformations': {'0': 'PositiveShift', '1': 'RobustScaler', '2': 'AlignLastValue'}, 'transformation_params': {'0': {}, '1': {}, '2': {'rows': 1, 'lag': 1, 'method': 'multiplicative', 'strength': 1.0, 'first_value_only': False, 'threshold': 10, 'threshold_method': 'mean', 'mean_type': 'arithmetic'}}}",0.0,model.results,False,,,,,,
model_weights,80.0,0.0019949296934205153,inverse_rank_from_validation_score,Score,118.33504100968507,LastValueNaive,{},"{'fillna': 'ffill', 'transformations': {'0': 'AlignLastValue', '1': 'bkfilter', '2': 'MinMaxScaler', '3': 'PowerTransformer'}, 'transformation_params': {'0': {'rows': 1, 'lag': 1, 'method': 'additive', 'strength': 1.0, 'first_value_only': False, 'threshold': 1, 'threshold_method': 'mean', 'mean_type': 'arithmetic'}, '1': {}, '2': {}, '3': {}}}",0.0,model.results,False,,,,,,
model_weights,81.0,0.001970300931773348,inverse_rank_from_validation_score,Score,118.86071174998578,AverageValueNaive,"{'method': 'Mean', 'window': None}","{'fillna': 'mean', 'transformations': {'0': 'ClipOutliers', '1': 'QuantileTransformer', '2': 'DifferencedTransformer'}, 'transformation_params': {'0': {'method': 'clip', 'std_threshold': 3, 'fillna': None}, '1': {'output_distribution': 'uniform', 'n_quantiles': 103}, '2': {}}}",0.0,model.results,False,,,,,,
model_weights,82.0,0.001946272871629771,inverse_rank_from_validation_score,Score,119.85515004107627,BallTreeRegressionMotif,"{'window': None, 'point_method': 'weighted_mean', 'distance_metric': 'euclidean', 'k': 3, 'sample_fraction': 5000000, 'comparison_transformation': None, 'combination_transformation': None, 'extend_df': True, 'mean_rolling_periods': 12, 'macd_periods': 364, 'std_rolling_periods': 30, 'max_rolling_periods': 7, 'min_rolling_periods': 24, 'quantile90_rolling_periods': 30, 'quantile10_rolling_periods': None, 'ewm_alpha': None, 'ewm_var_alpha': None, 'additional_lag_periods': None, 'abs_energy': False, 'rolling_autocorr_periods': None, 'nonzero_last_n': 7, 'datepart_method': None, 'polynomial_degree': None, 'regression_type': None, 'holiday': False, 'scale_full_X': False, 'series_hash': False, 'frac_slice': 0.2}","{'fillna': 'nearest', 'transformations': {'0': 'AlignLastValue', '1': 'bkfilter', '2': 'MaxAbsScaler', '3': 'PowerTransformer', '4': 'FFTDecomposition'}, 'transformation_params': {'0': {'rows': 1, 'lag': 1, 'method': 'additive', 'strength': 1.0, 'first_value_only': False, 'threshold': 1, 'threshold_method': 'mean', 'mean_type': 'arithmetic'}, '1': {}, '2': {}, '3': {}, '4': {'n_harmonics': 10, 'detrend': 'linear'}}}",0.0,model.results,False,,,,,,
model_weights,83.0,0.0019228238008872436,inverse_rank_from_validation_score,Score,120.81638334918635,ConstantNaive,{'constant': -1},"{'fillna': 'ffill', 'transformations': {'0': 'AlignLastValue', '1': 'Detrend', '2': 'RegressionFilter', '3': 'PowerTransformer', '4': 'FFTDecomposition'}, 'transformation_params': {'0': {'rows': 1, 'lag': 1, 'method': 'additive', 'strength': 1.0, 'first_value_only': False, 'threshold': 1, 'threshold_method': 'mean', 'mean_type': 'arithmetic'}, '1': {'model': 'Linear', 'phi': 1, 'window': None, 'transform_dict': {'fillna': 'ffill', 'transformations': {'0': 'HPFilter'}, 'transformation_params': {'0': {'part': 'trend', 'lamb': 1600}}}}, '2': {'sigma': 2, 'rolling_window': 90, 'run_order': 'season_first', 'regression_params': {'regression_model': {'model': 'ElasticNet', 'model_params': {'l1_ratio': 0.5, 'fit_intercept': True, 'selection': 'cyclic', 'max_iter': 1000}}, 'datepart_method': 'anchored_segment_fourier:us_school', 'polynomial_degree': None, 'transform_dict': None, 'holiday_countries_used': True, 'lags': None, 'forward_lags': None}, 'holiday_params': None, 'trend_method': 'rolling_mean'}, '3': {}, '4': {'n_harmonics': 10, 'detrend': 'linear'}}}",0.0,model.results,False,,,,,,
model_weights,84.0,0.0018999330413528716,inverse_rank_from_validation_score,Score,120.99389267896592,ConstantNaive,{'constant': 0},"{'fillna': 'ffill', 'transformations': {'0': 'ScipyFilter', '1': 'AlignLastValue', '2': 'Slice', '3': 'MinMaxScaler', '4': 'bkfilter', '5': 'AlignLastValue'}, 'transformation_params': {'0': {'method': 'butter', 'method_args': {'N': 5, 'btype': 'lowpass', 'analog': False, 'output': 'sos', 'Wn': 0.08333333333333333}}, '1': {'rows': 1, 'lag': 1, 'method': 'additive', 'strength': 1.0, 'first_value_only': False, 'threshold': None, 'threshold_method': 'mean', 'mean_type': 'arithmetic'}, '2': {'method': 0.2}, '3': {}, '4': {}, '5': {'rows': 7, 'lag': 1, 'method': 'additive', 'strength': 0.9, 'first_value_only': False, 'threshold': 10, 'threshold_method': 'mean', 'mean_type': 'arithmetic'}}}",0.0,model.results,False,,,,,,
model_weights,85.0,0.0018775808879251908,inverse_rank_from_validation_score,Score,120.99626703810729,ConstantNaive,{'constant': 0},"{'fillna': 'zero', 'transformations': {'0': 'ScipyFilter', '1': 'AlignLastValue', '2': 'QuantileTransformer', '3': 'MinMaxScaler'}, 'transformation_params': {'0': {'method': 'butter', 'method_args': {'N': 5, 'btype': 'lowpass', 'analog': False, 'output': 'sos', 'Wn': 0.08333333333333333}}, '1': {'rows': 1, 'lag': 1, 'method': 'additive', 'strength': 1.0, 'first_value_only': False, 'threshold': None, 'threshold_method': 'mean', 'mean_type': 'arithmetic'}, '2': {'output_distribution': 'uniform', 'n_quantiles': 100}, '3': {}}}",0.0,model.results,False,,,,,,
model_weights,86.0,0.0018557485520190838,inverse_rank_from_validation_score,Score,120.99626703810729,ConstantNaive,{'constant': 1},"{'fillna': 'ffill', 'transformations': {'0': 'ScipyFilter', '1': 'AlignLastValue', '2': 'Slice', '3': 'PowerTransformer', '4': 'bkfilter'}, 'transformation_params': {'0': {'method': 'butter', 'method_args': {'N': 5, 'btype': 'lowpass', 'analog': False, 'output': 'sos', 'Wn': 0.08333333333333333}}, '1': {'rows': 1, 'lag': 1, 'method': 'additive', 'strength': 1.0, 'first_value_only': False, 'threshold': None, 'threshold_method': 'mean', 'mean_type': 'arithmetic'}, '2': {'method': 0.2}, '3': {}, '4': {}}}",0.0,model.results,False,,,,,,
model_weights,87.0,0.0018344181088924278,inverse_rank_from_validation_score,Score,124.6151942093437,DMD,"{'rank': 10, 'alpha': 1, 'amplitude_threshold': None, 'eigenvalue_threshold': None}","{'fillna': 'linear', 'transformations': {'0': 'HistoricValues', '1': 'AnomalyRemoval', '2': 'SeasonalDifference', '3': 'AnomalyRemoval'}, 'transformation_params': {'0': {'window': 10}, '1': {'method': 'zscore', 'method_params': {'distribution': 'norm', 'alpha': 0.05}, 'fillna': 'ffill', 'transform_dict': {'fillna': None, 'transformations': {'0': 'ClipOutliers'}, 'transformation_params': {'0': {'method': 'clip', 'std_threshold': 6}}}, 'isolated_only': False}, '2': {'lag_1': 7, 'method': 'Mean'}, '3': {'method': 'zscore', 'method_params': {'distribution': 'norm', 'alpha': 0.05}, 'fillna': 'fake_date', 'transform_dict': {'transformations': {'0': 'DifferencedTransformer'}, 'transformation_params': {'0': {}}}, 'isolated_only': False}}}",0.0,model.results,False,,,,,,
model_weights,88.0,0.0018135724485641048,inverse_rank_from_validation_score,Score,124.61756518741117,DMD,"{'rank': 2, 'alpha': 0.1, 'amplitude_threshold': None, 'eigenvalue_threshold': None}","{'fillna': 'linear', 'transformations': {'0': 'HistoricValues', '1': 'AnomalyRemoval', '2': 'SeasonalDifference', '3': 'AnomalyRemoval'}, 'transformation_params': {'0': {'window': 10}, '1': {'method': 'zscore', 'method_params': {'distribution': 'norm', 'alpha': 0.05}, 'fillna': 'ffill', 'transform_dict': {'fillna': None, 'transformations': {'0': 'ClipOutliers'}, 'transformation_params': {'0': {'method': 'clip', 'std_threshold': 6}}}, 'isolated_only': False}, '2': {'lag_1': 7, 'method': 'Mean'}, '3': {'method': 'zscore', 'method_params': {'distribution': 'norm', 'alpha': 0.05}, 'fillna': 'fake_date', 'transform_dict': {'transformations': {'0': 'DifferencedTransformer'}, 'transformation_params': {'0': {}}}, 'isolated_only': False}}}",0.0,model.results,False,,,,,,
model_weights,89.0,0.0017931952300409126,inverse_rank_from_validation_score,Score,126.40186638988949,AverageValueNaive,"{'method': 'Mean', 'window': None}","{'fillna': 'cubic', 'transformations': {'0': 'AlignLastValue'}, 'transformation_params': {'0': {'rows': 168, 'lag': 1, 'method': 'additive', 'strength': 0.7, 'first_value_only': False, 'threshold': None, 'threshold_method': 'max', 'mean_type': 'arithmetic'}}}",0.0,model.results,False,,,,,,
model_weights,90.0,0.0017732708385960136,inverse_rank_from_validation_score,Score,129.10403020962278,WindowRegression,"{'window_size': 5, 'input_dim': 'univariate', 'output_dim': 'forecast_length', 'normalize_window': False, 'max_windows': 5000000, 'fourier_encoding_components': None, 'scale': True, 'datepart_method': None, 'regression_type': None, 'regression_model': {'model': 'HistGradientBoost', 'model_params': {'loss': 'poisson', 'learning_rate': 0.1, 'max_depth': None, 'min_samples_leaf': 20, 'max_iter': 100, 'l2_regularization': 0}}}","{'fillna': 'rolling_mean_24', 'transformations': {'0': 'AlignLastValue', '1': 'HPFilter', '2': 'EWMAFilter', '3': 'AlignLastValue'}, 'transformation_params': {'0': {'rows': 1, 'lag': 1, 'method': 'multiplicative', 'strength': 1.0, 'first_value_only': False, 'threshold': None, 'threshold_method': 'max', 'mean_type': 'geometric'}, '1': {'part': 'trend', 'lamb': 129600}, '2': {'span': 7}, '3': {'rows': 1, 'lag': 2, 'method': 'additive', 'strength': 1.0, 'first_value_only': False, 'threshold': None, 'threshold_method': 'mean', 'mean_type': 'arithmetic'}}}",0.0,model.results,False,,,,,,
model_weights,91.0,0.0017537843458641893,inverse_rank_from_validation_score,Score,129.11417896319222,Ensemble,"{'model_name': 'BestN', 'model_count': 3, 'model_metric': 'mixed_metric', 'models': {'a28ec290170b13fd699d9f65cf8a8be5': {'Model': 'SeasonalNaive', 'ModelParameters': '{""method"": ""mean"", ""lag_1"": 64, ""lag_2"": 12}', 'TransformationParameters': '{""fillna"": ""ffill"", ""transformations"": {""0"": ""MinMaxScaler"", ""1"": ""DifferencedTransformer"", ""2"": ""ConvolutionFilter""}, ""transformation_params"": {""0"": {}, ""1"": {""lag"": 1, ""fill"": ""bfill""}, ""2"": {""weight"": [1.0, 0.5, 0.3333333333333333, 0.25, 0.2, 0.16666666666666666, 0.14285714285714285]}}}'}, 'b52c8876f9849485b32c9cd995d206f2': {'Model': 'SeasonalNaive', 'ModelParameters': '{""method"": ""lastvalue"", ""lag_1"": 64, ""lag_2"": 12}', 'TransformationParameters': '{""fillna"": ""ffill"", ""transformations"": {""0"": ""AlignLastValue"", ""1"": ""bkfilter"", ""2"": ""RegressionFilter"", ""3"": ""PowerTransformer"", ""4"": ""FFTDecomposition""}, ""transformation_params"": {""0"": {""rows"": 1, ""lag"": 1, ""method"": ""additive"", ""strength"": 1.0, ""first_value_only"": false, ""threshold"": 1, ""threshold_method"": ""mean"", ""mean_type"": ""arithmetic""}, ""1"": {}, ""2"": {""sigma"": 2, ""rolling_window"": 90, ""run_order"": ""season_first"", ""regression_params"": {""regression_model"": {""model"": ""ElasticNet"", ""model_params"": {""l1_ratio"": 0.5, ""fit_intercept"": true, ""selection"": ""cyclic"", ""max_iter"": 1000}}, ""datepart_method"": ""anchored_segment_fourier:us_school"", ""polynomial_degree"": null, ""transform_dict"": null, ""holiday_countries_used"": true, ""lags"": null, ""forward_lags"": null}, ""holiday_params"": null, ""trend_method"": ""rolling_mean""}, ""3"": {}, ""4"": {""n_harmonics"": 10, ""detrend"": ""linear""}}}'}, '3e349e3aaa1ceb062f73adbd8e0c389c': {'Model': 'SeasonalityMotif', 'ModelParameters': '{""window"": 30, ""point_method"": ""weighted_mean"", ""distance_metric"": ""mqae"", ""k"": 10, ""datepart_method"": ""simple_binarized"", ""independent"": false}', 'TransformationParameters': '{""fillna"": ""ffill"", ""transformations"": {""0"": ""ScipyFilter"", ""1"": ""AlignLastValue"", ""2"": ""bkfilter"", ""3"": ""RollingMean100thN"", ""4"": ""AlignLastValue""}, ""transformation_params"": {""0"": {""method"": ""butter"", ""method_args"": {""N"": 4, ""btype"": ""lowpass"", ""analog"": false, ""output"": ""sos"", ""Wn"": 0.08333333333333333}}, ""1"": {""rows"": 1, ""lag"": 28, ""method"": ""additive"", ""strength"": 0.2, ""first_value_only"": false, ""threshold"": 1, ""threshold_method"": ""max"", ""mean_type"": ""arithmetic""}, ""2"": {}, ""3"": {}, ""4"": {""rows"": 1, ""lag"": 1, ""method"": ""additive"", ""strength"": 1.0, ""first_value_only"": false, ""threshold"": null, ""threshold_method"": ""mean"", ""mean_type"": ""arithmetic""}}}'}}, 'model_weights': {}, 'point_method': 'mean'}","{'fillna': 'cubic', 'transformations': {'0': 'ScipyFilter', '1': 'DatepartRegression'}, 'transformation_params': {'0': {'method': 'butter', 'method_args': {'N': 1, 'btype': 'highpass', 'analog': False, 'output': 'sos', 'Wn': 0.024390243902439025}}, '1': {'regression_model': {'model': 'ElasticNet', 'model_params': {'l1_ratio': 0.5, 'fit_intercept': True, 'selection': 'cyclic', 'max_iter': 1000}}, 'datepart_method': ['weekdayofmonth', 'common_fourier'], 'polynomial_degree': None, 'transform_dict': None, 'holiday_countries_used': False, 'lags': None, 'forward_lags': None}}}",1.0,model.results,False,,,,,,
model_weights,92.0,0.0017347214725395785,inverse_rank_from_validation_score,Score,129.3900435248014,ConstantNaive,{'constant': 1},"{'fillna': 'zero', 'transformations': {'0': 'ClipOutliers', '1': 'Detrend', '2': 'RobustScaler', '3': 'AlignLastValue'}, 'transformation_params': {'0': {'method': 'clip', 'std_threshold': 3.5, 'fillna': None}, '1': {'model': 'Linear', 'phi': 1, 'window': None, 'transform_dict': {'fillna': 'ffill', 'transformations': {'0': 'HPFilter'}, 'transformation_params': {'0': {'part': 'trend', 'lamb': 1600}}}}, '2': {}, '3': {'rows': 1, 'lag': 1, 'method': 'additive', 'strength': 1.0, 'first_value_only': False, 'threshold': 10, 'threshold_method': 'mean', 'mean_type': 'arithmetic'}}}",0.0,model.results,False,,,,,,
model_weights,93.0,0.0017160685534800132,inverse_rank_from_validation_score,Score,129.76972761136375,Ensemble,"{'model_name': 'BestN', 'model_count': 5, 'model_metric': 'mixed_metric', 'models': {'a28ec290170b13fd699d9f65cf8a8be5': {'Model': 'SeasonalNaive', 'ModelParameters': '{""method"": ""mean"", ""lag_1"": 64, ""lag_2"": 12}', 'TransformationParameters': '{""fillna"": ""ffill"", ""transformations"": {""0"": ""MinMaxScaler"", ""1"": ""DifferencedTransformer"", ""2"": ""ConvolutionFilter""}, ""transformation_params"": {""0"": {}, ""1"": {""lag"": 1, ""fill"": ""bfill""}, ""2"": {""weight"": [1.0, 0.5, 0.3333333333333333, 0.25, 0.2, 0.16666666666666666, 0.14285714285714285]}}}'}, 'b52c8876f9849485b32c9cd995d206f2': {'Model': 'SeasonalNaive', 'ModelParameters': '{""method"": ""lastvalue"", ""lag_1"": 64, ""lag_2"": 12}', 'TransformationParameters': '{""fillna"": ""ffill"", ""transformations"": {""0"": ""AlignLastValue"", ""1"": ""bkfilter"", ""2"": ""RegressionFilter"", ""3"": ""PowerTransformer"", ""4"": ""FFTDecomposition""}, ""transformation_params"": {""0"": {""rows"": 1, ""lag"": 1, ""method"": ""additive"", ""strength"": 1.0, ""first_value_only"": false, ""threshold"": 1, ""threshold_method"": ""mean"", ""mean_type"": ""arithmetic""}, ""1"": {}, ""2"": {""sigma"": 2, ""rolling_window"": 90, ""run_order"": ""season_first"", ""regression_params"": {""regression_model"": {""model"": ""ElasticNet"", ""model_params"": {""l1_ratio"": 0.5, ""fit_intercept"": true, ""selection"": ""cyclic"", ""max_iter"": 1000}}, ""datepart_method"": ""anchored_segment_fourier:us_school"", ""polynomial_degree"": null, ""transform_dict"": null, ""holiday_countries_used"": true, ""lags"": null, ""forward_lags"": null}, ""holiday_params"": null, ""trend_method"": ""rolling_mean""}, ""3"": {}, ""4"": {""n_harmonics"": 10, ""detrend"": ""linear""}}}'}, '3e349e3aaa1ceb062f73adbd8e0c389c': {'Model': 'SeasonalityMotif', 'ModelParameters': '{""window"": 30, ""point_method"": ""weighted_mean"", ""distance_metric"": ""mqae"", ""k"": 10, ""datepart_method"": ""simple_binarized"", ""independent"": false}', 'TransformationParameters': '{""fillna"": ""ffill"", ""transformations"": {""0"": ""ScipyFilter"", ""1"": ""AlignLastValue"", ""2"": ""bkfilter"", ""3"": ""RollingMean100thN"", ""4"": ""AlignLastValue""}, ""transformation_params"": {""0"": {""method"": ""butter"", ""method_args"": {""N"": 4, ""btype"": ""lowpass"", ""analog"": false, ""output"": ""sos"", ""Wn"": 0.08333333333333333}}, ""1"": {""rows"": 1, ""lag"": 28, ""method"": ""additive"", ""strength"": 0.2, ""first_value_only"": false, ""threshold"": 1, ""threshold_method"": ""max"", ""mean_type"": ""arithmetic""}, ""2"": {}, ""3"": {}, ""4"": {""rows"": 1, ""lag"": 1, ""method"": ""additive"", ""strength"": 1.0, ""first_value_only"": false, ""threshold"": null, ""threshold_method"": ""mean"", ""mean_type"": ""arithmetic""}}}'}, 'b45e6182d5f3b0168c3bd9fb67794936': {'Model': 'SectionalMotif', 'ModelParameters': '{""window"": 30, ""point_method"": ""midhinge"", ""distance_metric"": ""canberra"", ""include_differenced"": false, ""k"": 10, ""stride_size"": 1, ""regression_type"": null, ""comparison_transformation"": null, ""combination_transformation"": null}', 'TransformationParameters': '{""fillna"": ""quadratic"", ""transformations"": {""0"": ""AlignLastValue"", ""1"": ""MaxAbsScaler"", ""2"": ""RegressionFilter"", ""3"": ""PowerTransformer"", ""4"": ""FFTFilter""}, ""transformation_params"": {""0"": {""rows"": 1, ""lag"": 1, ""method"": ""additive"", ""strength"": 1.0, ""first_value_only"": false, ""threshold"": 1, ""threshold_method"": ""mean"", ""mean_type"": ""arithmetic""}, ""1"": {}, ""2"": {""sigma"": 2, ""rolling_window"": 90, ""run_order"": ""season_first"", ""regression_params"": {""regression_model"": {""model"": ""ElasticNet"", ""model_params"": {""l1_ratio"": 0.5, ""fit_intercept"": true, ""selection"": ""cyclic"", ""max_iter"": 1000}}, ""datepart_method"": ""anchored_segment_fourier:us_school"", ""polynomial_degree"": null, ""transform_dict"": null, ""holiday_countries_used"": true, ""lags"": null, ""forward_lags"": null}, ""holiday_params"": null, ""trend_method"": ""rolling_mean""}, ""3"": {}, ""4"": {""cutoff"": 0.1, ""reverse"": false, ""on_transform"": true, ""on_inverse"": true}}}'}, '759f4757070db9464a47d5b64481062e': {'Model': 'ARDL', 'ModelParameters': '{""lags"": 1, ""trend"": ""n"", ""order"": 1, ""causal"": false, ""regression_type"": ""holiday""}', 'TransformationParameters': '{""fillna"": ""fake_date"", ""transformations"": {""0"": ""IntermittentOccurrence""}, ""transformation_params"": {""0"": {""center"": ""mean""}}}'}}, 'point_method': 'median', 'model_weights': {}}","{'fillna': 'fake_date', 'transformations': {'0': 'AlignLastValue', '1': 'AlignLastValue'}, 'transformation_params': {'0': {'rows': 4, 'lag': 28, 'method': 'additive', 'strength': 0.2, 'first_value_only': False, 'threshold': 1, 'threshold_method': 'max'}, '1': {'rows': 1, 'lag': 1, 'method': 'additive', 'strength': 1.0, 'first_value_only': False, 'threshold': 1, 'threshold_method': 'mean'}}}",1.0,model.results,False,,,,,,
model_weights,94.0,0.0016978125050387362,inverse_rank_from_validation_score,Score,130.5299584231494,DatepartRegression,"{'regression_model': {'model': 'DecisionTree', 'model_params': {'max_depth': 3, 'min_samples_split': 2}}, 'datepart_method': 'recurring', 'polynomial_degree': None, 'holiday_countries_used': False, 'lags': None, 'forward_lags': None, 'regression_type': None}","{'fillna': 'ffill', 'transformations': {'0': 'AlignLastValue', '1': 'bkfilter', '2': 'RegressionFilter', '3': 'PowerTransformer'}, 'transformation_params': {'0': {'rows': 1, 'lag': 1, 'method': 'additive', 'strength': 1.0, 'first_value_only': False, 'threshold': 1, 'threshold_method': 'mean', 'mean_type': 'arithmetic'}, '1': {}, '2': {'sigma': 2, 'rolling_window': 90, 'run_order': 'season_first', 'regression_params': {'regression_model': {'model': 'ElasticNet', 'model_params': {'l1_ratio': 0.5, 'fit_intercept': True, 'selection': 'cyclic', 'max_iter': 1000}}, 'datepart_method': 'anchored_segment_fourier:us_school', 'polynomial_degree': None, 'transform_dict': None, 'holiday_countries_used': True, 'lags': None, 'forward_lags': None}, 'holiday_params': None, 'trend_method': 'rolling_mean'}, '3': {}}}",0.0,model.results,False,,,,,,
model_weights,95.0,0.0016799407944593813,inverse_rank_from_validation_score,Score,131.05684436289857,Ensemble,"{'model_name': 'BestN', 'model_count': 3, 'model_metric': 'horizontal', 'models': {'b52c8876f9849485b32c9cd995d206f2': {'Model': 'SeasonalNaive', 'ModelParameters': '{""method"": ""lastvalue"", ""lag_1"": 64, ""lag_2"": 12}', 'TransformationParameters': '{""fillna"": ""ffill"", ""transformations"": {""0"": ""AlignLastValue"", ""1"": ""bkfilter"", ""2"": ""RegressionFilter"", ""3"": ""PowerTransformer"", ""4"": ""FFTDecomposition""}, ""transformation_params"": {""0"": {""rows"": 1, ""lag"": 1, ""method"": ""additive"", ""strength"": 1.0, ""first_value_only"": false, ""threshold"": 1, ""threshold_method"": ""mean"", ""mean_type"": ""arithmetic""}, ""1"": {}, ""2"": {""sigma"": 2, ""rolling_window"": 90, ""run_order"": ""season_first"", ""regression_params"": {""regression_model"": {""model"": ""ElasticNet"", ""model_params"": {""l1_ratio"": 0.5, ""fit_intercept"": true, ""selection"": ""cyclic"", ""max_iter"": 1000}}, ""datepart_method"": ""anchored_segment_fourier:us_school"", ""polynomial_degree"": null, ""transform_dict"": null, ""holiday_countries_used"": true, ""lags"": null, ""forward_lags"": null}, ""holiday_params"": null, ""trend_method"": ""rolling_mean""}, ""3"": {}, ""4"": {""n_harmonics"": 10, ""detrend"": ""linear""}}}'}, 'b45e6182d5f3b0168c3bd9fb67794936': {'Model': 'SectionalMotif', 'ModelParameters': '{""window"": 30, ""point_method"": ""midhinge"", ""distance_metric"": ""canberra"", ""include_differenced"": false, ""k"": 10, ""stride_size"": 1, ""regression_type"": null, ""comparison_transformation"": null, ""combination_transformation"": null}', 'TransformationParameters': '{""fillna"": ""quadratic"", ""transformations"": {""0"": ""AlignLastValue"", ""1"": ""MaxAbsScaler"", ""2"": ""RegressionFilter"", ""3"": ""PowerTransformer"", ""4"": ""FFTFilter""}, ""transformation_params"": {""0"": {""rows"": 1, ""lag"": 1, ""method"": ""additive"", ""strength"": 1.0, ""first_value_only"": false, ""threshold"": 1, ""threshold_method"": ""mean"", ""mean_type"": ""arithmetic""}, ""1"": {}, ""2"": {""sigma"": 2, ""rolling_window"": 90, ""run_order"": ""season_first"", ""regression_params"": {""regression_model"": {""model"": ""ElasticNet"", ""model_params"": {""l1_ratio"": 0.5, ""fit_intercept"": true, ""selection"": ""cyclic"", ""max_iter"": 1000}}, ""datepart_method"": ""anchored_segment_fourier:us_school"", ""polynomial_degree"": null, ""transform_dict"": null, ""holiday_countries_used"": true, ""lags"": null, ""forward_lags"": null}, ""holiday_params"": null, ""trend_method"": ""rolling_mean""}, ""3"": {}, ""4"": {""cutoff"": 0.1, ""reverse"": false, ""on_transform"": true, ""on_inverse"": true}}}'}, 'e89a3b30b5276cefef55356f531cb97d': {'Model': 'UnivariateMotif', 'ModelParameters': '{""window"": 10, ""point_method"": ""weighted_mean"", ""distance_metric"": ""canberra"", ""k"": 10, ""max_windows"": 10000}', 'TransformationParameters': '{""fillna"": ""ffill"", ""transformations"": {""0"": ""MinMaxScaler"", ""1"": ""AlignLastValue"", ""2"": ""ScipyFilter""}, ""transformation_params"": {""0"": {}, ""1"": {""rows"": 1, ""lag"": 1, ""method"": ""additive"", ""strength"": 1.0, ""first_value_only"": false, ""threshold"": 1, ""threshold_method"": ""max"", ""mean_type"": ""arithmetic""}, ""2"": {""method"": ""butter"", ""method_args"": {""N"": 4, ""btype"": ""highpass"", ""analog"": false, ""output"": ""sos"", ""Wn"": 0.011904761904761904}}}}'}}, 'model_weights': {}, 'point_method': 'mean'}","{'fillna': 'cubic', 'transformations': {'0': 'ScipyFilter', '1': 'DatepartRegression'}, 'transformation_params': {'0': {'method': 'butter', 'method_args': {'N': 1, 'btype': 'highpass', 'analog': False, 'output': 'sos', 'Wn': 0.024390243902439025}}, '1': {'regression_model': {'model': 'ElasticNet', 'model_params': {'l1_ratio': 0.5, 'fit_intercept': True, 'selection': 'cyclic', 'max_iter': 1000}}, 'datepart_method': ['weekdayofmonth', 'common_fourier'], 'polynomial_degree': None, 'transform_dict': None, 'holiday_countries_used': False, 'lags': None, 'forward_lags': None}}}",1.0,model.results,False,,,,,,
model_weights,96.0,0.0016624414111837626,inverse_rank_from_validation_score,Score,131.4588819613398,Ensemble,"{'model_name': 'BestN', 'model_count': 3, 'model_metric': 'bestn_horizontal', 'models': {'b52c8876f9849485b32c9cd995d206f2': {'Model': 'SeasonalNaive', 'ModelParameters': '{""method"": ""lastvalue"", ""lag_1"": 64, ""lag_2"": 12}', 'TransformationParameters': '{""fillna"": ""ffill"", ""transformations"": {""0"": ""AlignLastValue"", ""1"": ""bkfilter"", ""2"": ""RegressionFilter"", ""3"": ""PowerTransformer"", ""4"": ""FFTDecomposition""}, ""transformation_params"": {""0"": {""rows"": 1, ""lag"": 1, ""method"": ""additive"", ""strength"": 1.0, ""first_value_only"": false, ""threshold"": 1, ""threshold_method"": ""mean"", ""mean_type"": ""arithmetic""}, ""1"": {}, ""2"": {""sigma"": 2, ""rolling_window"": 90, ""run_order"": ""season_first"", ""regression_params"": {""regression_model"": {""model"": ""ElasticNet"", ""model_params"": {""l1_ratio"": 0.5, ""fit_intercept"": true, ""selection"": ""cyclic"", ""max_iter"": 1000}}, ""datepart_method"": ""anchored_segment_fourier:us_school"", ""polynomial_degree"": null, ""transform_dict"": null, ""holiday_countries_used"": true, ""lags"": null, ""forward_lags"": null}, ""holiday_params"": null, ""trend_method"": ""rolling_mean""}, ""3"": {}, ""4"": {""n_harmonics"": 10, ""detrend"": ""linear""}}}'}, 'e89a3b30b5276cefef55356f531cb97d': {'Model': 'UnivariateMotif', 'ModelParameters': '{""window"": 10, ""point_method"": ""weighted_mean"", ""distance_metric"": ""canberra"", ""k"": 10, ""max_windows"": 10000}', 'TransformationParameters': '{""fillna"": ""ffill"", ""transformations"": {""0"": ""MinMaxScaler"", ""1"": ""AlignLastValue"", ""2"": ""ScipyFilter""}, ""transformation_params"": {""0"": {}, ""1"": {""rows"": 1, ""lag"": 1, ""method"": ""additive"", ""strength"": 1.0, ""first_value_only"": false, ""threshold"": 1, ""threshold_method"": ""max"", ""mean_type"": ""arithmetic""}, ""2"": {""method"": ""butter"", ""method_args"": {""N"": 4, ""btype"": ""highpass"", ""analog"": false, ""output"": ""sos"", ""Wn"": 0.011904761904761904}}}}'}, 'b45e6182d5f3b0168c3bd9fb67794936': {'Model': 'SectionalMotif', 'ModelParameters': '{""window"": 30, ""point_method"": ""midhinge"", ""distance_metric"": ""canberra"", ""include_differenced"": false, ""k"": 10, ""stride_size"": 1, ""regression_type"": null, ""comparison_transformation"": null, ""combination_transformation"": null}', 'TransformationParameters': '{""fillna"": ""quadratic"", ""transformations"": {""0"": ""AlignLastValue"", ""1"": ""MaxAbsScaler"", ""2"": ""RegressionFilter"", ""3"": ""PowerTransformer"", ""4"": ""FFTFilter""}, ""transformation_params"": {""0"": {""rows"": 1, ""lag"": 1, ""method"": ""additive"", ""strength"": 1.0, ""first_value_only"": false, ""threshold"": 1, ""threshold_method"": ""mean"", ""mean_type"": ""arithmetic""}, ""1"": {}, ""2"": {""sigma"": 2, ""rolling_window"": 90, ""run_order"": ""season_first"", ""regression_params"": {""regression_model"": {""model"": ""ElasticNet"", ""model_params"": {""l1_ratio"": 0.5, ""fit_intercept"": true, ""selection"": ""cyclic"", ""max_iter"": 1000}}, ""datepart_method"": ""anchored_segment_fourier:us_school"", ""polynomial_degree"": null, ""transform_dict"": null, ""holiday_countries_used"": true, ""lags"": null, ""forward_lags"": null}, ""holiday_params"": null, ""trend_method"": ""rolling_mean""}, ""3"": {}, ""4"": {""cutoff"": 0.1, ""reverse"": false, ""on_transform"": true, ""on_inverse"": true}}}'}}, 'model_weights': {'b52c8876f9849485b32c9cd995d206f2': 20.0, 'b45e6182d5f3b0168c3bd9fb67794936': 19.0, 'e89a3b30b5276cefef55356f531cb97d': 18.0}, 'point_method': 'mean'}","{'fillna': 'cubic', 'transformations': {'0': 'ScipyFilter', '1': 'DatepartRegression'}, 'transformation_params': {'0': {'method': 'butter', 'method_args': {'N': 1, 'btype': 'highpass', 'analog': False, 'output': 'sos', 'Wn': 0.024390243902439025}}, '1': {'regression_model': {'model': 'ElasticNet', 'model_params': {'l1_ratio': 0.5, 'fit_intercept': True, 'selection': 'cyclic', 'max_iter': 1000}}, 'datepart_method': ['weekdayofmonth', 'common_fourier'], 'polynomial_degree': None, 'transform_dict': None, 'holiday_countries_used': False, 'lags': None, 'forward_lags': None}}}",1.0,model.results,False,,,,,,
model_weights,97.0,0.0016453028399344455,inverse_rank_from_validation_score,Score,132.70504522150597,Ensemble,"{'model_name': 'BestN', 'model_count': 5, 'model_metric': 'bestn_horizontal', 'models': {'b52c8876f9849485b32c9cd995d206f2': {'Model': 'SeasonalNaive', 'ModelParameters': '{""method"": ""lastvalue"", ""lag_1"": 64, ""lag_2"": 12}', 'TransformationParameters': '{""fillna"": ""ffill"", ""transformations"": {""0"": ""AlignLastValue"", ""1"": ""bkfilter"", ""2"": ""RegressionFilter"", ""3"": ""PowerTransformer"", ""4"": ""FFTDecomposition""}, ""transformation_params"": {""0"": {""rows"": 1, ""lag"": 1, ""method"": ""additive"", ""strength"": 1.0, ""first_value_only"": false, ""threshold"": 1, ""threshold_method"": ""mean"", ""mean_type"": ""arithmetic""}, ""1"": {}, ""2"": {""sigma"": 2, ""rolling_window"": 90, ""run_order"": ""season_first"", ""regression_params"": {""regression_model"": {""model"": ""ElasticNet"", ""model_params"": {""l1_ratio"": 0.5, ""fit_intercept"": true, ""selection"": ""cyclic"", ""max_iter"": 1000}}, ""datepart_method"": ""anchored_segment_fourier:us_school"", ""polynomial_degree"": null, ""transform_dict"": null, ""holiday_countries_used"": true, ""lags"": null, ""forward_lags"": null}, ""holiday_params"": null, ""trend_method"": ""rolling_mean""}, ""3"": {}, ""4"": {""n_harmonics"": 10, ""detrend"": ""linear""}}}'}, 'a28ec290170b13fd699d9f65cf8a8be5': {'Model': 'SeasonalNaive', 'ModelParameters': '{""method"": ""mean"", ""lag_1"": 64, ""lag_2"": 12}', 'TransformationParameters': '{""fillna"": ""ffill"", ""transformations"": {""0"": ""MinMaxScaler"", ""1"": ""DifferencedTransformer"", ""2"": ""ConvolutionFilter""}, ""transformation_params"": {""0"": {}, ""1"": {""lag"": 1, ""fill"": ""bfill""}, ""2"": {""weight"": [1.0, 0.5, 0.3333333333333333, 0.25, 0.2, 0.16666666666666666, 0.14285714285714285]}}}'}, '483bc03fb7d41bd6b09ed562ac44c517': {'Model': 'SeasonalityMotif', 'ModelParameters': '{""window"": 30, ""point_method"": ""weighted_mean"", ""distance_metric"": ""mqae"", ""k"": 15, ""datepart_method"": ""common_fourier"", ""independent"": true}', 'TransformationParameters': '{""fillna"": ""ffill"", ""transformations"": {""0"": null}, ""transformation_params"": {""0"": {}}}'}, 'd00109751cdbcbd8ed2960d92095ef47': {'Model': 'SeasonalityMotif', 'ModelParameters': '{""window"": 5, ""point_method"": ""weighted_mean"", ""distance_metric"": ""mqae"", ""k"": 15, ""datepart_method"": ""common_fourier"", ""independent"": true}', 'TransformationParameters': '{""fillna"": ""ffill"", ""transformations"": {""0"": ""RegressionFilter"", ""1"": ""PowerTransformer""}, ""transformation_params"": {""0"": {""sigma"": 2, ""rolling_window"": 90, ""run_order"": ""season_first"", ""regression_params"": {""regression_model"": {""model"": ""ElasticNet"", ""model_params"": {""l1_ratio"": 0.5, ""fit_intercept"": true, ""selection"": ""cyclic"", ""max_iter"": 1000}}, ""datepart_method"": ""anchored_segment_fourier:us_school"", ""polynomial_degree"": null, ""transform_dict"": null, ""holiday_countries_used"": true, ""lags"": null, ""forward_lags"": null}, ""holiday_params"": null, ""trend_method"": ""rolling_mean""}, ""1"": {}}}'}, '759f4757070db9464a47d5b64481062e': {'Model': 'ARDL', 'ModelParameters': '{""lags"": 1, ""trend"": ""n"", ""order"": 1, ""causal"": false, ""regression_type"": ""holiday""}', 'TransformationParameters': '{""fillna"": ""fake_date"", ""transformations"": {""0"": ""IntermittentOccurrence""}, ""transformation_params"": {""0"": {""center"": ""mean""}}}'}}, 'point_method': 'median', 'model_weights': {}}","{'fillna': 'fake_date', 'transformations': {'0': 'AlignLastValue', '1': 'AlignLastValue'}, 'transformation_params': {'0': {'rows': 4, 'lag': 28, 'method': 'additive', 'strength': 0.2, 'first_value_only': False, 'threshold': 1, 'threshold_method': 'max'}, '1': {'rows': 1, 'lag': 1, 'method': 'additive', 'strength': 1.0, 'first_value_only': False, 'threshold': 1, 'threshold_method': 'mean'}}}",1.0,model.results,False,,,,,,
model_weights,98.0,0.0016285140354453185,inverse_rank_from_validation_score,Score,134.71176408968392,Ensemble,"{'model_name': 'BestN', 'model_count': 5, 'model_metric': 'best_score_unique', 'models': {'b52c8876f9849485b32c9cd995d206f2': {'Model': 'SeasonalNaive', 'ModelParameters': '{""method"": ""lastvalue"", ""lag_1"": 64, ""lag_2"": 12}', 'TransformationParameters': '{""fillna"": ""ffill"", ""transformations"": {""0"": ""AlignLastValue"", ""1"": ""bkfilter"", ""2"": ""RegressionFilter"", ""3"": ""PowerTransformer"", ""4"": ""FFTDecomposition""}, ""transformation_params"": {""0"": {""rows"": 1, ""lag"": 1, ""method"": ""additive"", ""strength"": 1.0, ""first_value_only"": false, ""threshold"": 1, ""threshold_method"": ""mean"", ""mean_type"": ""arithmetic""}, ""1"": {}, ""2"": {""sigma"": 2, ""rolling_window"": 90, ""run_order"": ""season_first"", ""regression_params"": {""regression_model"": {""model"": ""ElasticNet"", ""model_params"": {""l1_ratio"": 0.5, ""fit_intercept"": true, ""selection"": ""cyclic"", ""max_iter"": 1000}}, ""datepart_method"": ""anchored_segment_fourier:us_school"", ""polynomial_degree"": null, ""transform_dict"": null, ""holiday_countries_used"": true, ""lags"": null, ""forward_lags"": null}, ""holiday_params"": null, ""trend_method"": ""rolling_mean""}, ""3"": {}, ""4"": {""n_harmonics"": 10, ""detrend"": ""linear""}}}'}, '483bc03fb7d41bd6b09ed562ac44c517': {'Model': 'SeasonalityMotif', 'ModelParameters': '{""window"": 30, ""point_method"": ""weighted_mean"", ""distance_metric"": ""mqae"", ""k"": 15, ""datepart_method"": ""common_fourier"", ""independent"": true}', 'TransformationParameters': '{""fillna"": ""ffill"", ""transformations"": {""0"": null}, ""transformation_params"": {""0"": {}}}'}, '759f4757070db9464a47d5b64481062e': {'Model': 'ARDL', 'ModelParameters': '{""lags"": 1, ""trend"": ""n"", ""order"": 1, ""causal"": false, ""regression_type"": ""holiday""}', 'TransformationParameters': '{""fillna"": ""fake_date"", ""transformations"": {""0"": ""IntermittentOccurrence""}, ""transformation_params"": {""0"": {""center"": ""mean""}}}'}, 'e89a3b30b5276cefef55356f531cb97d': {'Model': 'UnivariateMotif', 'ModelParameters': '{""window"": 10, ""point_method"": ""weighted_mean"", ""distance_metric"": ""canberra"", ""k"": 10, ""max_windows"": 10000}', 'TransformationParameters': '{""fillna"": ""ffill"", ""transformations"": {""0"": ""MinMaxScaler"", ""1"": ""AlignLastValue"", ""2"": ""ScipyFilter""}, ""transformation_params"": {""0"": {}, ""1"": {""rows"": 1, ""lag"": 1, ""method"": ""additive"", ""strength"": 1.0, ""first_value_only"": false, ""threshold"": 1, ""threshold_method"": ""max"", ""mean_type"": ""arithmetic""}, ""2"": {""method"": ""butter"", ""method_args"": {""N"": 4, ""btype"": ""highpass"", ""analog"": false, ""output"": ""sos"", ""Wn"": 0.011904761904761904}}}}'}, '23c85c773110afcdc5c3a31becf66854': {'Model': 'RRVAR', 'ModelParameters': '{""method"": ""als"", ""rank"": 16, ""maxiter"": 200}', 'TransformationParameters': '{""fillna"": ""nearest"", ""transformations"": {""0"": ""AlignLastValue"", ""1"": ""PowerTransformer""}, ""transformation_params"": {""0"": {""rows"": 1, ""lag"": 1, ""method"": ""additive"", ""strength"": 0.5, ""first_value_only"": false, ""threshold"": 10, ""threshold_method"": ""max"", ""mean_type"": ""arithmetic""}, ""1"": {}}}'}}, 'point_method': 'midhinge', 'model_weights': {}}","{'fillna': 'fake_date', 'transformations': {'0': 'AlignLastValue', '1': 'AlignLastValue'}, 'transformation_params': {'0': {'rows': 4, 'lag': 28, 'method': 'additive', 'strength': 0.2, 'first_value_only': False, 'threshold': 1, 'threshold_method': 'max'}, '1': {'rows': 1, 'lag': 1, 'method': 'additive', 'strength': 1.0, 'first_value_only': False, 'threshold': 1, 'threshold_method': 'mean'}}}",1.0,model.results,False,,,,,,
model_weights,99.0,0.0016120643987236488,inverse_rank_from_validation_score,Score,135.04935599229108,DatepartRegression,"{'regression_model': {'model': 'Adaboost', 'model_params': {'n_estimators': 50, 'loss': 'linear', 'estimator': None, 'learning_rate': 0.25, 'max_depth': 3}}, 'datepart_method': 'recurring', 'polynomial_degree': None, 'holiday_countries_used': False, 'lags': None, 'forward_lags': None, 'regression_type': 'User'}","{'fillna': 'zero', 'transformations': {'0': 'AlignLastValue', '1': 'MinMaxScaler', '2': 'RegressionFilter'}, 'transformation_params': {'0': {'rows': 1, 'lag': 1, 'method': 'additive', 'strength': 1.0, 'first_value_only': False, 'threshold': 1, 'threshold_method': 'mean', 'mean_type': 'arithmetic'}, '1': {}, '2': {'sigma': 2, 'rolling_window': 90, 'run_order': 'season_first', 'regression_params': {'regression_model': {'model': 'ElasticNet', 'model_params': {'l1_ratio': 0.5, 'fit_intercept': True, 'selection': 'cyclic', 'max_iter': 1000}}, 'datepart_method': 'anchored_segment_fourier:us_school', 'polynomial_degree': None, 'transform_dict': None, 'holiday_countries_used': True, 'lags': None, 'forward_lags': None}, 'holiday_params': None, 'trend_method': 'rolling_mean'}}}",0.0,model.results,False,,,,,,
model_weights,100.0,0.0015959437547364123,inverse_rank_from_validation_score,Score,135.24220143110225,Ensemble,"{'model_name': 'BestN', 'model_count': 3, 'model_metric': 'mixed_metric', 'models': {'a28ec290170b13fd699d9f65cf8a8be5': {'Model': 'SeasonalNaive', 'ModelParameters': '{""method"": ""mean"", ""lag_1"": 64, ""lag_2"": 12}', 'TransformationParameters': '{""fillna"": ""ffill"", ""transformations"": {""0"": ""MinMaxScaler"", ""1"": ""DifferencedTransformer"", ""2"": ""ConvolutionFilter""}, ""transformation_params"": {""0"": {}, ""1"": {""lag"": 1, ""fill"": ""bfill""}, ""2"": {""weight"": [1.0, 0.5, 0.3333333333333333, 0.25, 0.2, 0.16666666666666666, 0.14285714285714285]}}}'}, 'b52c8876f9849485b32c9cd995d206f2': {'Model': 'SeasonalNaive', 'ModelParameters': '{""method"": ""lastvalue"", ""lag_1"": 64, ""lag_2"": 12}', 'TransformationParameters': '{""fillna"": ""ffill"", ""transformations"": {""0"": ""AlignLastValue"", ""1"": ""bkfilter"", ""2"": ""RegressionFilter"", ""3"": ""PowerTransformer"", ""4"": ""FFTDecomposition""}, ""transformation_params"": {""0"": {""rows"": 1, ""lag"": 1, ""method"": ""additive"", ""strength"": 1.0, ""first_value_only"": false, ""threshold"": 1, ""threshold_method"": ""mean"", ""mean_type"": ""arithmetic""}, ""1"": {}, ""2"": {""sigma"": 2, ""rolling_window"": 90, ""run_order"": ""season_first"", ""regression_params"": {""regression_model"": {""model"": ""ElasticNet"", ""model_params"": {""l1_ratio"": 0.5, ""fit_intercept"": true, ""selection"": ""cyclic"", ""max_iter"": 1000}}, ""datepart_method"": ""anchored_segment_fourier:us_school"", ""polynomial_degree"": null, ""transform_dict"": null, ""holiday_countries_used"": true, ""lags"": null, ""forward_lags"": null}, ""holiday_params"": null, ""trend_method"": ""rolling_mean""}, ""3"": {}, ""4"": {""n_harmonics"": 10, ""detrend"": ""linear""}}}'}, '3e349e3aaa1ceb062f73adbd8e0c389c': {'Model': 'SeasonalityMotif', 'ModelParameters': '{""window"": 30, ""point_method"": ""weighted_mean"", ""distance_metric"": ""mqae"", ""k"": 10, ""datepart_method"": ""simple_binarized"", ""independent"": false}', 'TransformationParameters': '{""fillna"": ""ffill"", ""transformations"": {""0"": ""ScipyFilter"", ""1"": ""AlignLastValue"", ""2"": ""bkfilter"", ""3"": ""RollingMean100thN"", ""4"": ""AlignLastValue""}, ""transformation_params"": {""0"": {""method"": ""butter"", ""method_args"": {""N"": 4, ""btype"": ""lowpass"", ""analog"": false, ""output"": ""sos"", ""Wn"": 0.08333333333333333}}, ""1"": {""rows"": 1, ""lag"": 28, ""method"": ""additive"", ""strength"": 0.2, ""first_value_only"": false, ""threshold"": 1, ""threshold_method"": ""max"", ""mean_type"": ""arithmetic""}, ""2"": {}, ""3"": {}, ""4"": {""rows"": 1, ""lag"": 1, ""method"": ""additive"", ""strength"": 1.0, ""first_value_only"": false, ""threshold"": null, ""threshold_method"": ""mean"", ""mean_type"": ""arithmetic""}}}'}}, 'model_weights': {}, 'point_method': 'mean'}","{'fillna': 'fake_date', 'transformations': {'0': 'AlignLastValue', '1': 'AlignLastValue'}, 'transformation_params': {'0': {'rows': 4, 'lag': 28, 'method': 'additive', 'strength': 0.2, 'first_value_only': False, 'threshold': 1, 'threshold_method': 'max'}, '1': {'rows': 1, 'lag': 1, 'method': 'additive', 'strength': 1.0, 'first_value_only': False, 'threshold': 1, 'threshold_method': 'mean'}}}",1.0,model.results,False,,,,,,
model_weights,101.0,0.0015801423314221903,inverse_rank_from_validation_score,Score,136.98929657620218,ETS,"{'damped_trend': False, 'trend': None, 'seasonal': 'multiplicative', 'seasonal_periods': 30, 'method': None}","{'fillna': 'zero', 'transformations': {'0': 'AlignLastValue', '1': 'Round', '2': 'StandardScaler'}, 'transformation_params': {'0': {'rows': 1, 'lag': 1, 'method': 'additive', 'strength': 1.0, 'first_value_only': False, 'threshold': None, 'threshold_method': 'max', 'mean_type': 'arithmetic'}, '1': {'decimals': 1, 'on_transform': True, 'on_inverse': True}, '2': {}}}",0.0,model.results,False,,,,,,
model_weights,102.0,0.001564650739937659,inverse_rank_from_validation_score,Score,136.9916899538842,ETS,"{'damped_trend': False, 'trend': None, 'seasonal': None, 'seasonal_periods': None, 'method': 'SLSQP'}","{'fillna': 'zero', 'transformations': {'0': 'AlignLastValue', '1': 'Round', '2': 'StandardScaler'}, 'transformation_params': {'0': {'rows': 1, 'lag': 1, 'method': 'additive', 'strength': 1.0, 'first_value_only': False, 'threshold': None, 'threshold_method': 'max', 'mean_type': 'arithmetic'}, '1': {'decimals': 1, 'on_transform': True, 'on_inverse': True}, '2': {}}}",0.0,model.results,False,,,,,,
model_weights,103.0,0.001549459956054769,inverse_rank_from_validation_score,Score,138.9212337765124,ETS,"{'damped_trend': True, 'trend': 'multiplicative', 'seasonal': 'additive', 'seasonal_periods': 364, 'method': 'L-BFGS-B'}","{'fillna': 'zero', 'transformations': {'0': 'AlignLastValue', '1': 'QuantileTransformer', '2': 'StandardScaler'}, 'transformation_params': {'0': {'rows': 1, 'lag': 1, 'method': 'additive', 'strength': 1.0, 'first_value_only': False, 'threshold': None, 'threshold_method': 'max', 'mean_type': 'arithmetic'}, '1': {'output_distribution': 'uniform', 'n_quantiles': 103}, '2': {}}}",0.0,model.results,False,,,,,,
model_weights,104.0,0.0015345613026311656,inverse_rank_from_validation_score,Score,141.26156359024287,SeasonalNaive,"{'method': 'median', 'lag_1': 7, 'lag_2': 2}","{'fillna': 'zero', 'transformations': {'0': 'AlignLastValue', '1': 'RegressionFilter', '2': 'PowerTransformer'}, 'transformation_params': {'0': {'rows': 1, 'lag': 1, 'method': 'additive', 'strength': 1.0, 'first_value_only': False, 'threshold': 1, 'threshold_method': 'mean', 'mean_type': 'arithmetic'}, '1': {'sigma': 2, 'rolling_window': 90, 'run_order': 'season_first', 'regression_params': {'regression_model': {'model': 'ElasticNet', 'model_params': {'l1_ratio': 0.5, 'fit_intercept': True, 'selection': 'cyclic', 'max_iter': 1000}}, 'datepart_method': 'anchored_segment_fourier:us_school', 'polynomial_degree': None, 'transform_dict': None, 'holiday_countries_used': True, 'lags': None, 'forward_lags': None}, 'holiday_params': None, 'trend_method': 'rolling_mean'}, '2': {}}}",0.0,model.results,False,,,,,,
model_weights,105.0,0.0015199464330822976,inverse_rank_from_validation_score,Score,141.68211908719073,UnivariateMotif,"{'window': 14, 'point_method': 'median', 'distance_metric': 'sqeuclidean', 'k': 3, 'max_windows': 10000}","{'fillna': 'ffill', 'transformations': {'0': 'AlignLastValue', '1': 'bkfilter', '2': 'PowerTransformer', '3': 'FFTDecomposition'}, 'transformation_params': {'0': {'rows': 1, 'lag': 1, 'method': 'additive', 'strength': 1.0, 'first_value_only': False, 'threshold': 1, 'threshold_method': 'mean', 'mean_type': 'arithmetic'}, '1': {}, '2': {}, '3': {'n_harmonics': 10, 'detrend': 'linear'}}}",0.0,model.results,False,,,,,,
model_weights,106.0,0.001505607315789068,inverse_rank_from_validation_score,Score,145.16855303559637,DatepartRegression,"{'regression_model': {'model': 'Adaboost', 'model_params': {'n_estimators': 50, 'loss': 'linear', 'estimator': None, 'learning_rate': 0.5, 'max_depth': 3}}, 'datepart_method': [7, 365.25], 'polynomial_degree': None, 'holiday_countries_used': False, 'lags': None, 'forward_lags': None, 'regression_type': 'User'}","{'fillna': 'ffill', 'transformations': {'0': 'AlignLastValue', '1': 'bkfilter', '2': 'RegressionFilter', '3': 'PowerTransformer'}, 'transformation_params': {'0': {'rows': 1, 'lag': 1, 'method': 'additive', 'strength': 1.0, 'first_value_only': False, 'threshold': 1, 'threshold_method': 'mean', 'mean_type': 'arithmetic'}, '1': {}, '2': {'sigma': 2, 'rolling_window': 90, 'run_order': 'season_first', 'regression_params': {'regression_model': {'model': 'ElasticNet', 'model_params': {'l1_ratio': 0.5, 'fit_intercept': True, 'selection': 'cyclic', 'max_iter': 1000}}, 'datepart_method': 'anchored_segment_fourier:us_school', 'polynomial_degree': None, 'transform_dict': None, 'holiday_countries_used': True, 'lags': None, 'forward_lags': None}, 'holiday_params': None, 'trend_method': 'rolling_mean'}, '3': {}}}",0.0,model.results,False,,,,,,
model_weights,107.0,0.0014915362193798243,inverse_rank_from_validation_score,Score,145.18918788720987,Ensemble,"{'model_name': 'BestN', 'model_count': 5, 'model_metric': 'mixed_metric', 'models': {'a28ec290170b13fd699d9f65cf8a8be5': {'Model': 'SeasonalNaive', 'ModelParameters': '{""method"": ""mean"", ""lag_1"": 64, ""lag_2"": 12}', 'TransformationParameters': '{""fillna"": ""ffill"", ""transformations"": {""0"": ""MinMaxScaler"", ""1"": ""DifferencedTransformer"", ""2"": ""ConvolutionFilter""}, ""transformation_params"": {""0"": {}, ""1"": {""lag"": 1, ""fill"": ""bfill""}, ""2"": {""weight"": [1.0, 0.5, 0.3333333333333333, 0.25, 0.2, 0.16666666666666666, 0.14285714285714285]}}}'}, 'b52c8876f9849485b32c9cd995d206f2': {'Model': 'SeasonalNaive', 'ModelParameters': '{""method"": ""lastvalue"", ""lag_1"": 64, ""lag_2"": 12}', 'TransformationParameters': '{""fillna"": ""ffill"", ""transformations"": {""0"": ""AlignLastValue"", ""1"": ""bkfilter"", ""2"": ""RegressionFilter"", ""3"": ""PowerTransformer"", ""4"": ""FFTDecomposition""}, ""transformation_params"": {""0"": {""rows"": 1, ""lag"": 1, ""method"": ""additive"", ""strength"": 1.0, ""first_value_only"": false, ""threshold"": 1, ""threshold_method"": ""mean"", ""mean_type"": ""arithmetic""}, ""1"": {}, ""2"": {""sigma"": 2, ""rolling_window"": 90, ""run_order"": ""season_first"", ""regression_params"": {""regression_model"": {""model"": ""ElasticNet"", ""model_params"": {""l1_ratio"": 0.5, ""fit_intercept"": true, ""selection"": ""cyclic"", ""max_iter"": 1000}}, ""datepart_method"": ""anchored_segment_fourier:us_school"", ""polynomial_degree"": null, ""transform_dict"": null, ""holiday_countries_used"": true, ""lags"": null, ""forward_lags"": null}, ""holiday_params"": null, ""trend_method"": ""rolling_mean""}, ""3"": {}, ""4"": {""n_harmonics"": 10, ""detrend"": ""linear""}}}'}, '3e349e3aaa1ceb062f73adbd8e0c389c': {'Model': 'SeasonalityMotif', 'ModelParameters': '{""window"": 30, ""point_method"": ""weighted_mean"", ""distance_metric"": ""mqae"", ""k"": 10, ""datepart_method"": ""simple_binarized"", ""independent"": false}', 'TransformationParameters': '{""fillna"": ""ffill"", ""transformations"": {""0"": ""ScipyFilter"", ""1"": ""AlignLastValue"", ""2"": ""bkfilter"", ""3"": ""RollingMean100thN"", ""4"": ""AlignLastValue""}, ""transformation_params"": {""0"": {""method"": ""butter"", ""method_args"": {""N"": 4, ""btype"": ""lowpass"", ""analog"": false, ""output"": ""sos"", ""Wn"": 0.08333333333333333}}, ""1"": {""rows"": 1, ""lag"": 28, ""method"": ""additive"", ""strength"": 0.2, ""first_value_only"": false, ""threshold"": 1, ""threshold_method"": ""max"", ""mean_type"": ""arithmetic""}, ""2"": {}, ""3"": {}, ""4"": {""rows"": 1, ""lag"": 1, ""method"": ""additive"", ""strength"": 1.0, ""first_value_only"": false, ""threshold"": null, ""threshold_method"": ""mean"", ""mean_type"": ""arithmetic""}}}'}, 'b45e6182d5f3b0168c3bd9fb67794936': {'Model': 'SectionalMotif', 'ModelParameters': '{""window"": 30, ""point_method"": ""midhinge"", ""distance_metric"": ""canberra"", ""include_differenced"": false, ""k"": 10, ""stride_size"": 1, ""regression_type"": null, ""comparison_transformation"": null, ""combination_transformation"": null}', 'TransformationParameters': '{""fillna"": ""quadratic"", ""transformations"": {""0"": ""AlignLastValue"", ""1"": ""MaxAbsScaler"", ""2"": ""RegressionFilter"", ""3"": ""PowerTransformer"", ""4"": ""FFTFilter""}, ""transformation_params"": {""0"": {""rows"": 1, ""lag"": 1, ""method"": ""additive"", ""strength"": 1.0, ""first_value_only"": false, ""threshold"": 1, ""threshold_method"": ""mean"", ""mean_type"": ""arithmetic""}, ""1"": {}, ""2"": {""sigma"": 2, ""rolling_window"": 90, ""run_order"": ""season_first"", ""regression_params"": {""regression_model"": {""model"": ""ElasticNet"", ""model_params"": {""l1_ratio"": 0.5, ""fit_intercept"": true, ""selection"": ""cyclic"", ""max_iter"": 1000}}, ""datepart_method"": ""anchored_segment_fourier:us_school"", ""polynomial_degree"": null, ""transform_dict"": null, ""holiday_countries_used"": true, ""lags"": null, ""forward_lags"": null}, ""holiday_params"": null, ""trend_method"": ""rolling_mean""}, ""3"": {}, ""4"": {""cutoff"": 0.1, ""reverse"": false, ""on_transform"": true, ""on_inverse"": true}}}'}, '759f4757070db9464a47d5b64481062e': {'Model': 'ARDL', 'ModelParameters': '{""lags"": 1, ""trend"": ""n"", ""order"": 1, ""causal"": false, ""regression_type"": ""holiday""}', 'TransformationParameters': '{""fillna"": ""fake_date"", ""transformations"": {""0"": ""IntermittentOccurrence""}, ""transformation_params"": {""0"": {""center"": ""mean""}}}'}}, 'point_method': 'kalman', 'model_weights': {}}","{'fillna': 'linear', 'transformations': {'0': 'Constraint'}, 'transformation_params': {'0': {'constraint_method': 'quantile', 'constraint_direction': 'lower', 'constraint_regularization': 0.7, 'constraint_value': 0.5, 'bounds_only': False, 'fillna': 'linear'}}}",1.0,model.results,False,,,,,,
model_weights,108.0,0.0014777256988300113,inverse_rank_from_validation_score,Score,147.78880942706482,Ensemble,"{'model_name': 'BestN', 'model_count': 3, 'model_metric': 'mixed_metric', 'models': {'a28ec290170b13fd699d9f65cf8a8be5': {'Model': 'SeasonalNaive', 'ModelParameters': '{""method"": ""mean"", ""lag_1"": 64, ""lag_2"": 12}', 'TransformationParameters': '{""fillna"": ""ffill"", ""transformations"": {""0"": ""MinMaxScaler"", ""1"": ""DifferencedTransformer"", ""2"": ""ConvolutionFilter""}, ""transformation_params"": {""0"": {}, ""1"": {""lag"": 1, ""fill"": ""bfill""}, ""2"": {""weight"": [1.0, 0.5, 0.3333333333333333, 0.25, 0.2, 0.16666666666666666, 0.14285714285714285]}}}'}, 'b52c8876f9849485b32c9cd995d206f2': {'Model': 'SeasonalNaive', 'ModelParameters': '{""method"": ""lastvalue"", ""lag_1"": 64, ""lag_2"": 12}', 'TransformationParameters': '{""fillna"": ""ffill"", ""transformations"": {""0"": ""AlignLastValue"", ""1"": ""bkfilter"", ""2"": ""RegressionFilter"", ""3"": ""PowerTransformer"", ""4"": ""FFTDecomposition""}, ""transformation_params"": {""0"": {""rows"": 1, ""lag"": 1, ""method"": ""additive"", ""strength"": 1.0, ""first_value_only"": false, ""threshold"": 1, ""threshold_method"": ""mean"", ""mean_type"": ""arithmetic""}, ""1"": {}, ""2"": {""sigma"": 2, ""rolling_window"": 90, ""run_order"": ""season_first"", ""regression_params"": {""regression_model"": {""model"": ""ElasticNet"", ""model_params"": {""l1_ratio"": 0.5, ""fit_intercept"": true, ""selection"": ""cyclic"", ""max_iter"": 1000}}, ""datepart_method"": ""anchored_segment_fourier:us_school"", ""polynomial_degree"": null, ""transform_dict"": null, ""holiday_countries_used"": true, ""lags"": null, ""forward_lags"": null}, ""holiday_params"": null, ""trend_method"": ""rolling_mean""}, ""3"": {}, ""4"": {""n_harmonics"": 10, ""detrend"": ""linear""}}}'}, '3e349e3aaa1ceb062f73adbd8e0c389c': {'Model': 'SeasonalityMotif', 'ModelParameters': '{""window"": 30, ""point_method"": ""weighted_mean"", ""distance_metric"": ""mqae"", ""k"": 10, ""datepart_method"": ""simple_binarized"", ""independent"": false}', 'TransformationParameters': '{""fillna"": ""ffill"", ""transformations"": {""0"": ""ScipyFilter"", ""1"": ""AlignLastValue"", ""2"": ""bkfilter"", ""3"": ""RollingMean100thN"", ""4"": ""AlignLastValue""}, ""transformation_params"": {""0"": {""method"": ""butter"", ""method_args"": {""N"": 4, ""btype"": ""lowpass"", ""analog"": false, ""output"": ""sos"", ""Wn"": 0.08333333333333333}}, ""1"": {""rows"": 1, ""lag"": 28, ""method"": ""additive"", ""strength"": 0.2, ""first_value_only"": false, ""threshold"": 1, ""threshold_method"": ""max"", ""mean_type"": ""arithmetic""}, ""2"": {}, ""3"": {}, ""4"": {""rows"": 1, ""lag"": 1, ""method"": ""additive"", ""strength"": 1.0, ""first_value_only"": false, ""threshold"": null, ""threshold_method"": ""mean"", ""mean_type"": ""arithmetic""}}}'}}, 'model_weights': {}, 'point_method': 'mean'}","{'fillna': 'linear', 'transformations': {'0': 'Constraint'}, 'transformation_params': {'0': {'constraint_method': 'quantile', 'constraint_direction': 'lower', 'constraint_regularization': 0.7, 'constraint_value': 0.5, 'bounds_only': False, 'fillna': 'linear'}}}",1.0,model.results,False,,,,,,
model_weights,109.0,0.0014641685823269838,inverse_rank_from_validation_score,Score,147.8272472202136,Ensemble,"{'model_name': 'BestN', 'model_count': 3, 'model_metric': 'horizontal', 'models': {'b52c8876f9849485b32c9cd995d206f2': {'Model': 'SeasonalNaive', 'ModelParameters': '{""method"": ""lastvalue"", ""lag_1"": 64, ""lag_2"": 12}', 'TransformationParameters': '{""fillna"": ""ffill"", ""transformations"": {""0"": ""AlignLastValue"", ""1"": ""bkfilter"", ""2"": ""RegressionFilter"", ""3"": ""PowerTransformer"", ""4"": ""FFTDecomposition""}, ""transformation_params"": {""0"": {""rows"": 1, ""lag"": 1, ""method"": ""additive"", ""strength"": 1.0, ""first_value_only"": false, ""threshold"": 1, ""threshold_method"": ""mean"", ""mean_type"": ""arithmetic""}, ""1"": {}, ""2"": {""sigma"": 2, ""rolling_window"": 90, ""run_order"": ""season_first"", ""regression_params"": {""regression_model"": {""model"": ""ElasticNet"", ""model_params"": {""l1_ratio"": 0.5, ""fit_intercept"": true, ""selection"": ""cyclic"", ""max_iter"": 1000}}, ""datepart_method"": ""anchored_segment_fourier:us_school"", ""polynomial_degree"": null, ""transform_dict"": null, ""holiday_countries_used"": true, ""lags"": null, ""forward_lags"": null}, ""holiday_params"": null, ""trend_method"": ""rolling_mean""}, ""3"": {}, ""4"": {""n_harmonics"": 10, ""detrend"": ""linear""}}}'}, 'b45e6182d5f3b0168c3bd9fb67794936': {'Model': 'SectionalMotif', 'ModelParameters': '{""window"": 30, ""point_method"": ""midhinge"", ""distance_metric"": ""canberra"", ""include_differenced"": false, ""k"": 10, ""stride_size"": 1, ""regression_type"": null, ""comparison_transformation"": null, ""combination_transformation"": null}', 'TransformationParameters': '{""fillna"": ""quadratic"", ""transformations"": {""0"": ""AlignLastValue"", ""1"": ""MaxAbsScaler"", ""2"": ""RegressionFilter"", ""3"": ""PowerTransformer"", ""4"": ""FFTFilter""}, ""transformation_params"": {""0"": {""rows"": 1, ""lag"": 1, ""method"": ""additive"", ""strength"": 1.0, ""first_value_only"": false, ""threshold"": 1, ""threshold_method"": ""mean"", ""mean_type"": ""arithmetic""}, ""1"": {}, ""2"": {""sigma"": 2, ""rolling_window"": 90, ""run_order"": ""season_first"", ""regression_params"": {""regression_model"": {""model"": ""ElasticNet"", ""model_params"": {""l1_ratio"": 0.5, ""fit_intercept"": true, ""selection"": ""cyclic"", ""max_iter"": 1000}}, ""datepart_method"": ""anchored_segment_fourier:us_school"", ""polynomial_degree"": null, ""transform_dict"": null, ""holiday_countries_used"": true, ""lags"": null, ""forward_lags"": null}, ""holiday_params"": null, ""trend_method"": ""rolling_mean""}, ""3"": {}, ""4"": {""cutoff"": 0.1, ""reverse"": false, ""on_transform"": true, ""on_inverse"": true}}}'}, 'e89a3b30b5276cefef55356f531cb97d': {'Model': 'UnivariateMotif', 'ModelParameters': '{""window"": 10, ""point_method"": ""weighted_mean"", ""distance_metric"": ""canberra"", ""k"": 10, ""max_windows"": 10000}', 'TransformationParameters': '{""fillna"": ""ffill"", ""transformations"": {""0"": ""MinMaxScaler"", ""1"": ""AlignLastValue"", ""2"": ""ScipyFilter""}, ""transformation_params"": {""0"": {}, ""1"": {""rows"": 1, ""lag"": 1, ""method"": ""additive"", ""strength"": 1.0, ""first_value_only"": false, ""threshold"": 1, ""threshold_method"": ""max"", ""mean_type"": ""arithmetic""}, ""2"": {""method"": ""butter"", ""method_args"": {""N"": 4, ""btype"": ""highpass"", ""analog"": false, ""output"": ""sos"", ""Wn"": 0.011904761904761904}}}}'}}, 'model_weights': {}, 'point_method': 'mean'}","{'fillna': 'linear', 'transformations': {'0': 'Constraint'}, 'transformation_params': {'0': {'constraint_method': 'quantile', 'constraint_direction': 'lower', 'constraint_regularization': 0.7, 'constraint_value': 0.5, 'bounds_only': False, 'fillna': 'linear'}}}",1.0,model.results,False,,,,,,
model_weights,110.0,0.0014508579588512838,inverse_rank_from_validation_score,Score,148.01012493749758,Ensemble,"{'model_name': 'BestN', 'model_count': 3, 'model_metric': 'bestn_horizontal', 'models': {'b52c8876f9849485b32c9cd995d206f2': {'Model': 'SeasonalNaive', 'ModelParameters': '{""method"": ""lastvalue"", ""lag_1"": 64, ""lag_2"": 12}', 'TransformationParameters': '{""fillna"": ""ffill"", ""transformations"": {""0"": ""AlignLastValue"", ""1"": ""bkfilter"", ""2"": ""RegressionFilter"", ""3"": ""PowerTransformer"", ""4"": ""FFTDecomposition""}, ""transformation_params"": {""0"": {""rows"": 1, ""lag"": 1, ""method"": ""additive"", ""strength"": 1.0, ""first_value_only"": false, ""threshold"": 1, ""threshold_method"": ""mean"", ""mean_type"": ""arithmetic""}, ""1"": {}, ""2"": {""sigma"": 2, ""rolling_window"": 90, ""run_order"": ""season_first"", ""regression_params"": {""regression_model"": {""model"": ""ElasticNet"", ""model_params"": {""l1_ratio"": 0.5, ""fit_intercept"": true, ""selection"": ""cyclic"", ""max_iter"": 1000}}, ""datepart_method"": ""anchored_segment_fourier:us_school"", ""polynomial_degree"": null, ""transform_dict"": null, ""holiday_countries_used"": true, ""lags"": null, ""forward_lags"": null}, ""holiday_params"": null, ""trend_method"": ""rolling_mean""}, ""3"": {}, ""4"": {""n_harmonics"": 10, ""detrend"": ""linear""}}}'}, 'e89a3b30b5276cefef55356f531cb97d': {'Model': 'UnivariateMotif', 'ModelParameters': '{""window"": 10, ""point_method"": ""weighted_mean"", ""distance_metric"": ""canberra"", ""k"": 10, ""max_windows"": 10000}', 'TransformationParameters': '{""fillna"": ""ffill"", ""transformations"": {""0"": ""MinMaxScaler"", ""1"": ""AlignLastValue"", ""2"": ""ScipyFilter""}, ""transformation_params"": {""0"": {}, ""1"": {""rows"": 1, ""lag"": 1, ""method"": ""additive"", ""strength"": 1.0, ""first_value_only"": false, ""threshold"": 1, ""threshold_method"": ""max"", ""mean_type"": ""arithmetic""}, ""2"": {""method"": ""butter"", ""method_args"": {""N"": 4, ""btype"": ""highpass"", ""analog"": false, ""output"": ""sos"", ""Wn"": 0.011904761904761904}}}}'}, 'b45e6182d5f3b0168c3bd9fb67794936': {'Model': 'SectionalMotif', 'ModelParameters': '{""window"": 30, ""point_method"": ""midhinge"", ""distance_metric"": ""canberra"", ""include_differenced"": false, ""k"": 10, ""stride_size"": 1, ""regression_type"": null, ""comparison_transformation"": null, ""combination_transformation"": null}', 'TransformationParameters': '{""fillna"": ""quadratic"", ""transformations"": {""0"": ""AlignLastValue"", ""1"": ""MaxAbsScaler"", ""2"": ""RegressionFilter"", ""3"": ""PowerTransformer"", ""4"": ""FFTFilter""}, ""transformation_params"": {""0"": {""rows"": 1, ""lag"": 1, ""method"": ""additive"", ""strength"": 1.0, ""first_value_only"": false, ""threshold"": 1, ""threshold_method"": ""mean"", ""mean_type"": ""arithmetic""}, ""1"": {}, ""2"": {""sigma"": 2, ""rolling_window"": 90, ""run_order"": ""season_first"", ""regression_params"": {""regression_model"": {""model"": ""ElasticNet"", ""model_params"": {""l1_ratio"": 0.5, ""fit_intercept"": true, ""selection"": ""cyclic"", ""max_iter"": 1000}}, ""datepart_method"": ""anchored_segment_fourier:us_school"", ""polynomial_degree"": null, ""transform_dict"": null, ""holiday_countries_used"": true, ""lags"": null, ""forward_lags"": null}, ""holiday_params"": null, ""trend_method"": ""rolling_mean""}, ""3"": {}, ""4"": {""cutoff"": 0.1, ""reverse"": false, ""on_transform"": true, ""on_inverse"": true}}}'}}, 'model_weights': {'b52c8876f9849485b32c9cd995d206f2': 20.0, 'b45e6182d5f3b0168c3bd9fb67794936': 19.0, 'e89a3b30b5276cefef55356f531cb97d': 18.0}, 'point_method': 'mean'}","{'fillna': 'linear', 'transformations': {'0': 'Constraint'}, 'transformation_params': {'0': {'constraint_method': 'quantile', 'constraint_direction': 'lower', 'constraint_regularization': 0.7, 'constraint_value': 0.5, 'bounds_only': False, 'fillna': 'linear'}}}",1.0,model.results,False,,,,,,
model_weights,111.0,0.0014377871664292001,inverse_rank_from_validation_score,Score,148.1469446503066,WindowRegression,"{'window_size': 2, 'input_dim': 'univariate', 'output_dim': 'forecast_length', 'normalize_window': True, 'max_windows': 50000, 'fourier_encoding_components': None, 'scale': True, 'datepart_method': None, 'regression_type': None, 'regression_model': {'model': 'LightGBM', 'model_params': {'objective': 'regression', 'learning_rate': 0.001, 'num_leaves': 31, 'max_depth': -1, 'boosting_type': 'gbdt', 'n_estimators': 100, 'linear_tree': False, 'lambda_l1': 0.0, 'lambda_l2': 0.0, 'min_data_in_leaf': 15, 'feature_fraction': 1.0, 'max_bin': 1000}}}","{'fillna': 'ffill', 'transformations': {'0': 'AlignLastValue', '1': 'AlignLastValue', '2': 'PowerTransformer', '3': 'PowerTransformer', '4': 'StandardScaler'}, 'transformation_params': {'0': {'rows': 1, 'lag': 1, 'method': 'additive', 'strength': 1.0, 'first_value_only': False, 'threshold': 1, 'threshold_method': 'mean', 'mean_type': 'arithmetic'}, '1': {'rows': 1, 'lag': 1, 'method': 'additive', 'strength': 1.0, 'first_value_only': False, 'threshold': 10, 'threshold_method': 'mean', 'mean_type': 'arithmetic'}, '2': {}, '3': {}, '4': {}}}",0.0,model.results,False,,,,,,
model_weights,112.0,0.0014249497810146536,inverse_rank_from_validation_score,Score,150.21290954866754,RRVAR,"{'method': 'als', 'rank': 16, 'maxiter': 200}","{'fillna': 'nearest', 'transformations': {'0': 'AlignLastValue', '1': 'bkfilter', '2': 'RegressionFilter', '3': 'FFTDecomposition'}, 'transformation_params': {'0': {'rows': 1, 'lag': 1, 'method': 'additive', 'strength': 1.0, 'first_value_only': False, 'threshold': 1, 'threshold_method': 'mean', 'mean_type': 'arithmetic'}, '1': {}, '2': {'sigma': 2, 'rolling_window': 90, 'run_order': 'season_first', 'regression_params': {'regression_model': {'model': 'ElasticNet', 'model_params': {'l1_ratio': 0.5, 'fit_intercept': True, 'selection': 'cyclic', 'max_iter': 1000}}, 'datepart_method': 'anchored_segment_fourier:us_school', 'polynomial_degree': None, 'transform_dict': None, 'holiday_countries_used': True, 'lags': None, 'forward_lags': None}, 'holiday_params': None, 'trend_method': 'rolling_mean'}, '3': {'n_harmonics': 10, 'detrend': 'linear'}}}",0.0,model.results,False,,,,,,
model_weights,113.0,0.0014123396059614267,inverse_rank_from_validation_score,Score,151.13348503611243,Ensemble,"{'model_name': 'BestN', 'model_count': 3, 'model_metric': 'bestn_horizontal', 'models': {'b52c8876f9849485b32c9cd995d206f2': {'Model': 'SeasonalNaive', 'ModelParameters': '{""method"": ""lastvalue"", ""lag_1"": 64, ""lag_2"": 12}', 'TransformationParameters': '{""fillna"": ""ffill"", ""transformations"": {""0"": ""AlignLastValue"", ""1"": ""bkfilter"", ""2"": ""RegressionFilter"", ""3"": ""PowerTransformer"", ""4"": ""FFTDecomposition""}, ""transformation_params"": {""0"": {""rows"": 1, ""lag"": 1, ""method"": ""additive"", ""strength"": 1.0, ""first_value_only"": false, ""threshold"": 1, ""threshold_method"": ""mean"", ""mean_type"": ""arithmetic""}, ""1"": {}, ""2"": {""sigma"": 2, ""rolling_window"": 90, ""run_order"": ""season_first"", ""regression_params"": {""regression_model"": {""model"": ""ElasticNet"", ""model_params"": {""l1_ratio"": 0.5, ""fit_intercept"": true, ""selection"": ""cyclic"", ""max_iter"": 1000}}, ""datepart_method"": ""anchored_segment_fourier:us_school"", ""polynomial_degree"": null, ""transform_dict"": null, ""holiday_countries_used"": true, ""lags"": null, ""forward_lags"": null}, ""holiday_params"": null, ""trend_method"": ""rolling_mean""}, ""3"": {}, ""4"": {""n_harmonics"": 10, ""detrend"": ""linear""}}}'}, 'e89a3b30b5276cefef55356f531cb97d': {'Model': 'UnivariateMotif', 'ModelParameters': '{""window"": 10, ""point_method"": ""weighted_mean"", ""distance_metric"": ""canberra"", ""k"": 10, ""max_windows"": 10000}', 'TransformationParameters': '{""fillna"": ""ffill"", ""transformations"": {""0"": ""MinMaxScaler"", ""1"": ""AlignLastValue"", ""2"": ""ScipyFilter""}, ""transformation_params"": {""0"": {}, ""1"": {""rows"": 1, ""lag"": 1, ""method"": ""additive"", ""strength"": 1.0, ""first_value_only"": false, ""threshold"": 1, ""threshold_method"": ""max"", ""mean_type"": ""arithmetic""}, ""2"": {""method"": ""butter"", ""method_args"": {""N"": 4, ""btype"": ""highpass"", ""analog"": false, ""output"": ""sos"", ""Wn"": 0.011904761904761904}}}}'}, 'b45e6182d5f3b0168c3bd9fb67794936': {'Model': 'SectionalMotif', 'ModelParameters': '{""window"": 30, ""point_method"": ""midhinge"", ""distance_metric"": ""canberra"", ""include_differenced"": false, ""k"": 10, ""stride_size"": 1, ""regression_type"": null, ""comparison_transformation"": null, ""combination_transformation"": null}', 'TransformationParameters': '{""fillna"": ""quadratic"", ""transformations"": {""0"": ""AlignLastValue"", ""1"": ""MaxAbsScaler"", ""2"": ""RegressionFilter"", ""3"": ""PowerTransformer"", ""4"": ""FFTFilter""}, ""transformation_params"": {""0"": {""rows"": 1, ""lag"": 1, ""method"": ""additive"", ""strength"": 1.0, ""first_value_only"": false, ""threshold"": 1, ""threshold_method"": ""mean"", ""mean_type"": ""arithmetic""}, ""1"": {}, ""2"": {""sigma"": 2, ""rolling_window"": 90, ""run_order"": ""season_first"", ""regression_params"": {""regression_model"": {""model"": ""ElasticNet"", ""model_params"": {""l1_ratio"": 0.5, ""fit_intercept"": true, ""selection"": ""cyclic"", ""max_iter"": 1000}}, ""datepart_method"": ""anchored_segment_fourier:us_school"", ""polynomial_degree"": null, ""transform_dict"": null, ""holiday_countries_used"": true, ""lags"": null, ""forward_lags"": null}, ""holiday_params"": null, ""trend_method"": ""rolling_mean""}, ""3"": {}, ""4"": {""cutoff"": 0.1, ""reverse"": false, ""on_transform"": true, ""on_inverse"": true}}}'}}, 'model_weights': {'b52c8876f9849485b32c9cd995d206f2': 20.0, 'b45e6182d5f3b0168c3bd9fb67794936': 19.0, 'e89a3b30b5276cefef55356f531cb97d': 18.0}, 'point_method': 'mean'}","{'fillna': 'fake_date', 'transformations': {'0': 'AlignLastValue', '1': 'AlignLastValue'}, 'transformation_params': {'0': {'rows': 4, 'lag': 28, 'method': 'additive', 'strength': 0.2, 'first_value_only': False, 'threshold': 1, 'threshold_method': 'max'}, '1': {'rows': 1, 'lag': 1, 'method': 'additive', 'strength': 1.0, 'first_value_only': False, 'threshold': 1, 'threshold_method': 'mean'}}}",1.0,model.results,False,,,,,,
model_weights,114.0,0.0013999506620494843,inverse_rank_from_validation_score,Score,151.69935238236133,Ensemble,"{'model_name': 'BestN', 'model_count': 5, 'model_metric': 'mixed_metric', 'models': {'a28ec290170b13fd699d9f65cf8a8be5': {'Model': 'SeasonalNaive', 'ModelParameters': '{""method"": ""mean"", ""lag_1"": 64, ""lag_2"": 12}', 'TransformationParameters': '{""fillna"": ""ffill"", ""transformations"": {""0"": ""MinMaxScaler"", ""1"": ""DifferencedTransformer"", ""2"": ""ConvolutionFilter""}, ""transformation_params"": {""0"": {}, ""1"": {""lag"": 1, ""fill"": ""bfill""}, ""2"": {""weight"": [1.0, 0.5, 0.3333333333333333, 0.25, 0.2, 0.16666666666666666, 0.14285714285714285]}}}'}, 'b52c8876f9849485b32c9cd995d206f2': {'Model': 'SeasonalNaive', 'ModelParameters': '{""method"": ""lastvalue"", ""lag_1"": 64, ""lag_2"": 12}', 'TransformationParameters': '{""fillna"": ""ffill"", ""transformations"": {""0"": ""AlignLastValue"", ""1"": ""bkfilter"", ""2"": ""RegressionFilter"", ""3"": ""PowerTransformer"", ""4"": ""FFTDecomposition""}, ""transformation_params"": {""0"": {""rows"": 1, ""lag"": 1, ""method"": ""additive"", ""strength"": 1.0, ""first_value_only"": false, ""threshold"": 1, ""threshold_method"": ""mean"", ""mean_type"": ""arithmetic""}, ""1"": {}, ""2"": {""sigma"": 2, ""rolling_window"": 90, ""run_order"": ""season_first"", ""regression_params"": {""regression_model"": {""model"": ""ElasticNet"", ""model_params"": {""l1_ratio"": 0.5, ""fit_intercept"": true, ""selection"": ""cyclic"", ""max_iter"": 1000}}, ""datepart_method"": ""anchored_segment_fourier:us_school"", ""polynomial_degree"": null, ""transform_dict"": null, ""holiday_countries_used"": true, ""lags"": null, ""forward_lags"": null}, ""holiday_params"": null, ""trend_method"": ""rolling_mean""}, ""3"": {}, ""4"": {""n_harmonics"": 10, ""detrend"": ""linear""}}}'}, '3e349e3aaa1ceb062f73adbd8e0c389c': {'Model': 'SeasonalityMotif', 'ModelParameters': '{""window"": 30, ""point_method"": ""weighted_mean"", ""distance_metric"": ""mqae"", ""k"": 10, ""datepart_method"": ""simple_binarized"", ""independent"": false}', 'TransformationParameters': '{""fillna"": ""ffill"", ""transformations"": {""0"": ""ScipyFilter"", ""1"": ""AlignLastValue"", ""2"": ""bkfilter"", ""3"": ""RollingMean100thN"", ""4"": ""AlignLastValue""}, ""transformation_params"": {""0"": {""method"": ""butter"", ""method_args"": {""N"": 4, ""btype"": ""lowpass"", ""analog"": false, ""output"": ""sos"", ""Wn"": 0.08333333333333333}}, ""1"": {""rows"": 1, ""lag"": 28, ""method"": ""additive"", ""strength"": 0.2, ""first_value_only"": false, ""threshold"": 1, ""threshold_method"": ""max"", ""mean_type"": ""arithmetic""}, ""2"": {}, ""3"": {}, ""4"": {""rows"": 1, ""lag"": 1, ""method"": ""additive"", ""strength"": 1.0, ""first_value_only"": false, ""threshold"": null, ""threshold_method"": ""mean"", ""mean_type"": ""arithmetic""}}}'}, 'b45e6182d5f3b0168c3bd9fb67794936': {'Model': 'SectionalMotif', 'ModelParameters': '{""window"": 30, ""point_method"": ""midhinge"", ""distance_metric"": ""canberra"", ""include_differenced"": false, ""k"": 10, ""stride_size"": 1, ""regression_type"": null, ""comparison_transformation"": null, ""combination_transformation"": null}', 'TransformationParameters': '{""fillna"": ""quadratic"", ""transformations"": {""0"": ""AlignLastValue"", ""1"": ""MaxAbsScaler"", ""2"": ""RegressionFilter"", ""3"": ""PowerTransformer"", ""4"": ""FFTFilter""}, ""transformation_params"": {""0"": {""rows"": 1, ""lag"": 1, ""method"": ""additive"", ""strength"": 1.0, ""first_value_only"": false, ""threshold"": 1, ""threshold_method"": ""mean"", ""mean_type"": ""arithmetic""}, ""1"": {}, ""2"": {""sigma"": 2, ""rolling_window"": 90, ""run_order"": ""season_first"", ""regression_params"": {""regression_model"": {""model"": ""ElasticNet"", ""model_params"": {""l1_ratio"": 0.5, ""fit_intercept"": true, ""selection"": ""cyclic"", ""max_iter"": 1000}}, ""datepart_method"": ""anchored_segment_fourier:us_school"", ""polynomial_degree"": null, ""transform_dict"": null, ""holiday_countries_used"": true, ""lags"": null, ""forward_lags"": null}, ""holiday_params"": null, ""trend_method"": ""rolling_mean""}, ""3"": {}, ""4"": {""cutoff"": 0.1, ""reverse"": false, ""on_transform"": true, ""on_inverse"": true}}}'}, '759f4757070db9464a47d5b64481062e': {'Model': 'ARDL', 'ModelParameters': '{""lags"": 1, ""trend"": ""n"", ""order"": 1, ""causal"": false, ""regression_type"": ""holiday""}', 'TransformationParameters': '{""fillna"": ""fake_date"", ""transformations"": {""0"": ""IntermittentOccurrence""}, ""transformation_params"": {""0"": {""center"": ""mean""}}}'}}, 'point_method': 'median', 'model_weights': {}}","{'fillna': 'cubic', 'transformations': {'0': 'ScipyFilter', '1': 'DatepartRegression'}, 'transformation_params': {'0': {'method': 'butter', 'method_args': {'N': 1, 'btype': 'highpass', 'analog': False, 'output': 'sos', 'Wn': 0.024390243902439025}}, '1': {'regression_model': {'model': 'ElasticNet', 'model_params': {'l1_ratio': 0.5, 'fit_intercept': True, 'selection': 'cyclic', 'max_iter': 1000}}, 'datepart_method': ['weekdayofmonth', 'common_fourier'], 'polynomial_degree': None, 'transform_dict': None, 'holiday_countries_used': False, 'lags': None, 'forward_lags': None}}}",1.0,model.results,False,,,,,,
model_weights,115.0,0.0013877771780316627,inverse_rank_from_validation_score,Score,151.7970719112813,Ensemble,"{'model_name': 'BestN', 'model_count': 3, 'model_metric': 'horizontal', 'models': {'b52c8876f9849485b32c9cd995d206f2': {'Model': 'SeasonalNaive', 'ModelParameters': '{""method"": ""lastvalue"", ""lag_1"": 64, ""lag_2"": 12}', 'TransformationParameters': '{""fillna"": ""ffill"", ""transformations"": {""0"": ""AlignLastValue"", ""1"": ""bkfilter"", ""2"": ""RegressionFilter"", ""3"": ""PowerTransformer"", ""4"": ""FFTDecomposition""}, ""transformation_params"": {""0"": {""rows"": 1, ""lag"": 1, ""method"": ""additive"", ""strength"": 1.0, ""first_value_only"": false, ""threshold"": 1, ""threshold_method"": ""mean"", ""mean_type"": ""arithmetic""}, ""1"": {}, ""2"": {""sigma"": 2, ""rolling_window"": 90, ""run_order"": ""season_first"", ""regression_params"": {""regression_model"": {""model"": ""ElasticNet"", ""model_params"": {""l1_ratio"": 0.5, ""fit_intercept"": true, ""selection"": ""cyclic"", ""max_iter"": 1000}}, ""datepart_method"": ""anchored_segment_fourier:us_school"", ""polynomial_degree"": null, ""transform_dict"": null, ""holiday_countries_used"": true, ""lags"": null, ""forward_lags"": null}, ""holiday_params"": null, ""trend_method"": ""rolling_mean""}, ""3"": {}, ""4"": {""n_harmonics"": 10, ""detrend"": ""linear""}}}'}, 'b45e6182d5f3b0168c3bd9fb67794936': {'Model': 'SectionalMotif', 'ModelParameters': '{""window"": 30, ""point_method"": ""midhinge"", ""distance_metric"": ""canberra"", ""include_differenced"": false, ""k"": 10, ""stride_size"": 1, ""regression_type"": null, ""comparison_transformation"": null, ""combination_transformation"": null}', 'TransformationParameters': '{""fillna"": ""quadratic"", ""transformations"": {""0"": ""AlignLastValue"", ""1"": ""MaxAbsScaler"", ""2"": ""RegressionFilter"", ""3"": ""PowerTransformer"", ""4"": ""FFTFilter""}, ""transformation_params"": {""0"": {""rows"": 1, ""lag"": 1, ""method"": ""additive"", ""strength"": 1.0, ""first_value_only"": false, ""threshold"": 1, ""threshold_method"": ""mean"", ""mean_type"": ""arithmetic""}, ""1"": {}, ""2"": {""sigma"": 2, ""rolling_window"": 90, ""run_order"": ""season_first"", ""regression_params"": {""regression_model"": {""model"": ""ElasticNet"", ""model_params"": {""l1_ratio"": 0.5, ""fit_intercept"": true, ""selection"": ""cyclic"", ""max_iter"": 1000}}, ""datepart_method"": ""anchored_segment_fourier:us_school"", ""polynomial_degree"": null, ""transform_dict"": null, ""holiday_countries_used"": true, ""lags"": null, ""forward_lags"": null}, ""holiday_params"": null, ""trend_method"": ""rolling_mean""}, ""3"": {}, ""4"": {""cutoff"": 0.1, ""reverse"": false, ""on_transform"": true, ""on_inverse"": true}}}'}, 'e89a3b30b5276cefef55356f531cb97d': {'Model': 'UnivariateMotif', 'ModelParameters': '{""window"": 10, ""point_method"": ""weighted_mean"", ""distance_metric"": ""canberra"", ""k"": 10, ""max_windows"": 10000}', 'TransformationParameters': '{""fillna"": ""ffill"", ""transformations"": {""0"": ""MinMaxScaler"", ""1"": ""AlignLastValue"", ""2"": ""ScipyFilter""}, ""transformation_params"": {""0"": {}, ""1"": {""rows"": 1, ""lag"": 1, ""method"": ""additive"", ""strength"": 1.0, ""first_value_only"": false, ""threshold"": 1, ""threshold_method"": ""max"", ""mean_type"": ""arithmetic""}, ""2"": {""method"": ""butter"", ""method_args"": {""N"": 4, ""btype"": ""highpass"", ""analog"": false, ""output"": ""sos"", ""Wn"": 0.011904761904761904}}}}'}}, 'model_weights': {}, 'point_method': 'mean'}","{'fillna': 'fake_date', 'transformations': {'0': 'AlignLastValue', '1': 'AlignLastValue'}, 'transformation_params': {'0': {'rows': 4, 'lag': 28, 'method': 'additive', 'strength': 0.2, 'first_value_only': False, 'threshold': 1, 'threshold_method': 'max'}, '1': {'rows': 1, 'lag': 1, 'method': 'additive', 'strength': 1.0, 'first_value_only': False, 'threshold': 1, 'threshold_method': 'mean'}}}",1.0,model.results,False,,,,,,
model_weights,116.0,0.0013758135816693208,inverse_rank_from_validation_score,Score,152.65139132946408,Ensemble,"{'model_name': 'BestN', 'model_count': 5, 'model_metric': 'mixed_metric', 'models': {'a28ec290170b13fd699d9f65cf8a8be5': {'Model': 'SeasonalNaive', 'ModelParameters': '{""method"": ""mean"", ""lag_1"": 64, ""lag_2"": 12}', 'TransformationParameters': '{""fillna"": ""ffill"", ""transformations"": {""0"": ""MinMaxScaler"", ""1"": ""DifferencedTransformer"", ""2"": ""ConvolutionFilter""}, ""transformation_params"": {""0"": {}, ""1"": {""lag"": 1, ""fill"": ""bfill""}, ""2"": {""weight"": [1.0, 0.5, 0.3333333333333333, 0.25, 0.2, 0.16666666666666666, 0.14285714285714285]}}}'}, 'b52c8876f9849485b32c9cd995d206f2': {'Model': 'SeasonalNaive', 'ModelParameters': '{""method"": ""lastvalue"", ""lag_1"": 64, ""lag_2"": 12}', 'TransformationParameters': '{""fillna"": ""ffill"", ""transformations"": {""0"": ""AlignLastValue"", ""1"": ""bkfilter"", ""2"": ""RegressionFilter"", ""3"": ""PowerTransformer"", ""4"": ""FFTDecomposition""}, ""transformation_params"": {""0"": {""rows"": 1, ""lag"": 1, ""method"": ""additive"", ""strength"": 1.0, ""first_value_only"": false, ""threshold"": 1, ""threshold_method"": ""mean"", ""mean_type"": ""arithmetic""}, ""1"": {}, ""2"": {""sigma"": 2, ""rolling_window"": 90, ""run_order"": ""season_first"", ""regression_params"": {""regression_model"": {""model"": ""ElasticNet"", ""model_params"": {""l1_ratio"": 0.5, ""fit_intercept"": true, ""selection"": ""cyclic"", ""max_iter"": 1000}}, ""datepart_method"": ""anchored_segment_fourier:us_school"", ""polynomial_degree"": null, ""transform_dict"": null, ""holiday_countries_used"": true, ""lags"": null, ""forward_lags"": null}, ""holiday_params"": null, ""trend_method"": ""rolling_mean""}, ""3"": {}, ""4"": {""n_harmonics"": 10, ""detrend"": ""linear""}}}'}, '3e349e3aaa1ceb062f73adbd8e0c389c': {'Model': 'SeasonalityMotif', 'ModelParameters': '{""window"": 30, ""point_method"": ""weighted_mean"", ""distance_metric"": ""mqae"", ""k"": 10, ""datepart_method"": ""simple_binarized"", ""independent"": false}', 'TransformationParameters': '{""fillna"": ""ffill"", ""transformations"": {""0"": ""ScipyFilter"", ""1"": ""AlignLastValue"", ""2"": ""bkfilter"", ""3"": ""RollingMean100thN"", ""4"": ""AlignLastValue""}, ""transformation_params"": {""0"": {""method"": ""butter"", ""method_args"": {""N"": 4, ""btype"": ""lowpass"", ""analog"": false, ""output"": ""sos"", ""Wn"": 0.08333333333333333}}, ""1"": {""rows"": 1, ""lag"": 28, ""method"": ""additive"", ""strength"": 0.2, ""first_value_only"": false, ""threshold"": 1, ""threshold_method"": ""max"", ""mean_type"": ""arithmetic""}, ""2"": {}, ""3"": {}, ""4"": {""rows"": 1, ""lag"": 1, ""method"": ""additive"", ""strength"": 1.0, ""first_value_only"": false, ""threshold"": null, ""threshold_method"": ""mean"", ""mean_type"": ""arithmetic""}}}'}, 'b45e6182d5f3b0168c3bd9fb67794936': {'Model': 'SectionalMotif', 'ModelParameters': '{""window"": 30, ""point_method"": ""midhinge"", ""distance_metric"": ""canberra"", ""include_differenced"": false, ""k"": 10, ""stride_size"": 1, ""regression_type"": null, ""comparison_transformation"": null, ""combination_transformation"": null}', 'TransformationParameters': '{""fillna"": ""quadratic"", ""transformations"": {""0"": ""AlignLastValue"", ""1"": ""MaxAbsScaler"", ""2"": ""RegressionFilter"", ""3"": ""PowerTransformer"", ""4"": ""FFTFilter""}, ""transformation_params"": {""0"": {""rows"": 1, ""lag"": 1, ""method"": ""additive"", ""strength"": 1.0, ""first_value_only"": false, ""threshold"": 1, ""threshold_method"": ""mean"", ""mean_type"": ""arithmetic""}, ""1"": {}, ""2"": {""sigma"": 2, ""rolling_window"": 90, ""run_order"": ""season_first"", ""regression_params"": {""regression_model"": {""model"": ""ElasticNet"", ""model_params"": {""l1_ratio"": 0.5, ""fit_intercept"": true, ""selection"": ""cyclic"", ""max_iter"": 1000}}, ""datepart_method"": ""anchored_segment_fourier:us_school"", ""polynomial_degree"": null, ""transform_dict"": null, ""holiday_countries_used"": true, ""lags"": null, ""forward_lags"": null}, ""holiday_params"": null, ""trend_method"": ""rolling_mean""}, ""3"": {}, ""4"": {""cutoff"": 0.1, ""reverse"": false, ""on_transform"": true, ""on_inverse"": true}}}'}, '759f4757070db9464a47d5b64481062e': {'Model': 'ARDL', 'ModelParameters': '{""lags"": 1, ""trend"": ""n"", ""order"": 1, ""causal"": false, ""regression_type"": ""holiday""}', 'TransformationParameters': '{""fillna"": ""fake_date"", ""transformations"": {""0"": ""IntermittentOccurrence""}, ""transformation_params"": {""0"": {""center"": ""mean""}}}'}}, 'point_method': 'kalman', 'model_weights': {}}","{'fillna': 'fake_date', 'transformations': {'0': 'AlignLastValue', '1': 'AlignLastValue'}, 'transformation_params': {'0': {'rows': 4, 'lag': 28, 'method': 'additive', 'strength': 0.2, 'first_value_only': False, 'threshold': 1, 'threshold_method': 'max'}, '1': {'rows': 1, 'lag': 1, 'method': 'additive', 'strength': 1.0, 'first_value_only': False, 'threshold': 1, 'threshold_method': 'mean'}}}",1.0,model.results,False,,,,,,
model_weights,117.0,0.0013640544912277028,inverse_rank_from_validation_score,Score,154.85327905747556,Ensemble,"{'model_name': 'BestN', 'model_count': 5, 'model_metric': 'mixed_metric', 'models': {'a28ec290170b13fd699d9f65cf8a8be5': {'Model': 'SeasonalNaive', 'ModelParameters': '{""method"": ""mean"", ""lag_1"": 64, ""lag_2"": 12}', 'TransformationParameters': '{""fillna"": ""ffill"", ""transformations"": {""0"": ""MinMaxScaler"", ""1"": ""DifferencedTransformer"", ""2"": ""ConvolutionFilter""}, ""transformation_params"": {""0"": {}, ""1"": {""lag"": 1, ""fill"": ""bfill""}, ""2"": {""weight"": [1.0, 0.5, 0.3333333333333333, 0.25, 0.2, 0.16666666666666666, 0.14285714285714285]}}}'}, 'b52c8876f9849485b32c9cd995d206f2': {'Model': 'SeasonalNaive', 'ModelParameters': '{""method"": ""lastvalue"", ""lag_1"": 64, ""lag_2"": 12}', 'TransformationParameters': '{""fillna"": ""ffill"", ""transformations"": {""0"": ""AlignLastValue"", ""1"": ""bkfilter"", ""2"": ""RegressionFilter"", ""3"": ""PowerTransformer"", ""4"": ""FFTDecomposition""}, ""transformation_params"": {""0"": {""rows"": 1, ""lag"": 1, ""method"": ""additive"", ""strength"": 1.0, ""first_value_only"": false, ""threshold"": 1, ""threshold_method"": ""mean"", ""mean_type"": ""arithmetic""}, ""1"": {}, ""2"": {""sigma"": 2, ""rolling_window"": 90, ""run_order"": ""season_first"", ""regression_params"": {""regression_model"": {""model"": ""ElasticNet"", ""model_params"": {""l1_ratio"": 0.5, ""fit_intercept"": true, ""selection"": ""cyclic"", ""max_iter"": 1000}}, ""datepart_method"": ""anchored_segment_fourier:us_school"", ""polynomial_degree"": null, ""transform_dict"": null, ""holiday_countries_used"": true, ""lags"": null, ""forward_lags"": null}, ""holiday_params"": null, ""trend_method"": ""rolling_mean""}, ""3"": {}, ""4"": {""n_harmonics"": 10, ""detrend"": ""linear""}}}'}, '3e349e3aaa1ceb062f73adbd8e0c389c': {'Model': 'SeasonalityMotif', 'ModelParameters': '{""window"": 30, ""point_method"": ""weighted_mean"", ""distance_metric"": ""mqae"", ""k"": 10, ""datepart_method"": ""simple_binarized"", ""independent"": false}', 'TransformationParameters': '{""fillna"": ""ffill"", ""transformations"": {""0"": ""ScipyFilter"", ""1"": ""AlignLastValue"", ""2"": ""bkfilter"", ""3"": ""RollingMean100thN"", ""4"": ""AlignLastValue""}, ""transformation_params"": {""0"": {""method"": ""butter"", ""method_args"": {""N"": 4, ""btype"": ""lowpass"", ""analog"": false, ""output"": ""sos"", ""Wn"": 0.08333333333333333}}, ""1"": {""rows"": 1, ""lag"": 28, ""method"": ""additive"", ""strength"": 0.2, ""first_value_only"": false, ""threshold"": 1, ""threshold_method"": ""max"", ""mean_type"": ""arithmetic""}, ""2"": {}, ""3"": {}, ""4"": {""rows"": 1, ""lag"": 1, ""method"": ""additive"", ""strength"": 1.0, ""first_value_only"": false, ""threshold"": null, ""threshold_method"": ""mean"", ""mean_type"": ""arithmetic""}}}'}, 'b45e6182d5f3b0168c3bd9fb67794936': {'Model': 'SectionalMotif', 'ModelParameters': '{""window"": 30, ""point_method"": ""midhinge"", ""distance_metric"": ""canberra"", ""include_differenced"": false, ""k"": 10, ""stride_size"": 1, ""regression_type"": null, ""comparison_transformation"": null, ""combination_transformation"": null}', 'TransformationParameters': '{""fillna"": ""quadratic"", ""transformations"": {""0"": ""AlignLastValue"", ""1"": ""MaxAbsScaler"", ""2"": ""RegressionFilter"", ""3"": ""PowerTransformer"", ""4"": ""FFTFilter""}, ""transformation_params"": {""0"": {""rows"": 1, ""lag"": 1, ""method"": ""additive"", ""strength"": 1.0, ""first_value_only"": false, ""threshold"": 1, ""threshold_method"": ""mean"", ""mean_type"": ""arithmetic""}, ""1"": {}, ""2"": {""sigma"": 2, ""rolling_window"": 90, ""run_order"": ""season_first"", ""regression_params"": {""regression_model"": {""model"": ""ElasticNet"", ""model_params"": {""l1_ratio"": 0.5, ""fit_intercept"": true, ""selection"": ""cyclic"", ""max_iter"": 1000}}, ""datepart_method"": ""anchored_segment_fourier:us_school"", ""polynomial_degree"": null, ""transform_dict"": null, ""holiday_countries_used"": true, ""lags"": null, ""forward_lags"": null}, ""holiday_params"": null, ""trend_method"": ""rolling_mean""}, ""3"": {}, ""4"": {""cutoff"": 0.1, ""reverse"": false, ""on_transform"": true, ""on_inverse"": true}}}'}, '759f4757070db9464a47d5b64481062e': {'Model': 'ARDL', 'ModelParameters': '{""lags"": 1, ""trend"": ""n"", ""order"": 1, ""causal"": false, ""regression_type"": ""holiday""}', 'TransformationParameters': '{""fillna"": ""fake_date"", ""transformations"": {""0"": ""IntermittentOccurrence""}, ""transformation_params"": {""0"": {""center"": ""mean""}}}'}}, 'point_method': 'median', 'model_weights': {}}","{'fillna': 'linear', 'transformations': {'0': 'Constraint'}, 'transformation_params': {'0': {'constraint_method': 'quantile', 'constraint_direction': 'lower', 'constraint_regularization': 0.7, 'constraint_value': 0.5, 'bounds_only': False, 'fillna': 'linear'}}}",1.0,model.results,False,,,,,,
model_weights,118.0,0.0013524947074037392,inverse_rank_from_validation_score,Score,156.39344041974275,DatepartRegression,"{'regression_model': {'model': 'DecisionTree', 'model_params': {'max_depth': 3, 'min_samples_split': 2}}, 'datepart_method': 'recurring', 'polynomial_degree': None, 'holiday_countries_used': False, 'lags': None, 'forward_lags': None, 'regression_type': None}","{'fillna': 'mean', 'transformations': {'0': 'ClipOutliers', '1': 'QuantileTransformer', '2': 'DifferencedTransformer'}, 'transformation_params': {'0': {'method': 'clip', 'std_threshold': 3, 'fillna': None}, '1': {'output_distribution': 'uniform', 'n_quantiles': 103}, '2': {}}}",0.0,model.results,False,,,,,,
model_weights,119.0,0.0013411292056608505,inverse_rank_from_validation_score,Score,157.03371167502291,SeasonalityMotif,"{'window': 50, 'point_method': 'trimmed_mean_20', 'distance_metric': 'canberra', 'k': 10, 'datepart_method': 'common_fourier', 'independent': False}","{'fillna': 'nearest', 'transformations': {'0': None}, 'transformation_params': {'0': {}}}",0.0,model.results,False,,,,,,
model_weights,120.0,0.0013299531289470102,inverse_rank_from_validation_score,Score,157.4974058472012,GLS,"{'changepoint_spacing': None, 'changepoint_distance_end': None, 'constant': False}","{'fillna': 'ffill', 'transformations': {'0': 'AlignLastValue', '1': 'QuantileTransformer', '2': 'RegressionFilter', '3': 'PowerTransformer', '4': 'FFTDecomposition'}, 'transformation_params': {'0': {'rows': 1, 'lag': 1, 'method': 'additive', 'strength': 1.0, 'first_value_only': False, 'threshold': 1, 'threshold_method': 'mean', 'mean_type': 'arithmetic'}, '1': {'output_distribution': 'uniform', 'n_quantiles': 103}, '2': {'sigma': 2, 'rolling_window': 90, 'run_order': 'season_first', 'regression_params': {'regression_model': {'model': 'ElasticNet', 'model_params': {'l1_ratio': 0.5, 'fit_intercept': True, 'selection': 'cyclic', 'max_iter': 1000}}, 'datepart_method': 'anchored_segment_fourier:us_school', 'polynomial_degree': None, 'transform_dict': None, 'holiday_countries_used': True, 'lags': None, 'forward_lags': None}, 'holiday_params': None, 'trend_method': 'rolling_mean'}, '3': {}, '4': {'n_harmonics': 10, 'detrend': 'linear'}}}",0.0,model.results,False,,,,,,
model_weights,121.0,0.0013189617807738943,inverse_rank_from_validation_score,Score,157.55120044808257,DMD,"{'rank': 3, 'alpha': 0.001, 'amplitude_threshold': None, 'eigenvalue_threshold': None}","{'fillna': 'ffill', 'transformations': {'0': 'Slice', '1': 'Constraint'}, 'transformation_params': {'0': {'method': 0.5}, '1': {'constraint_method': 'historic_growth', 'constraint_direction': 'lower', 'constraint_regularization': 1.0, 'constraint_value': {'threshold': 0.5, 'quantile': 0.99}, 'bounds_only': False, 'fillna': None}}}",0.0,model.results,False,,,,,,
model_weights,122.0,0.0013081506186364035,inverse_rank_from_validation_score,Score,158.20295080658045,Ensemble,"{'model_name': 'BestN', 'model_count': 5, 'model_metric': 'best_score_unique', 'models': {'b52c8876f9849485b32c9cd995d206f2': {'Model': 'SeasonalNaive', 'ModelParameters': '{""method"": ""lastvalue"", ""lag_1"": 64, ""lag_2"": 12}', 'TransformationParameters': '{""fillna"": ""ffill"", ""transformations"": {""0"": ""AlignLastValue"", ""1"": ""bkfilter"", ""2"": ""RegressionFilter"", ""3"": ""PowerTransformer"", ""4"": ""FFTDecomposition""}, ""transformation_params"": {""0"": {""rows"": 1, ""lag"": 1, ""method"": ""additive"", ""strength"": 1.0, ""first_value_only"": false, ""threshold"": 1, ""threshold_method"": ""mean"", ""mean_type"": ""arithmetic""}, ""1"": {}, ""2"": {""sigma"": 2, ""rolling_window"": 90, ""run_order"": ""season_first"", ""regression_params"": {""regression_model"": {""model"": ""ElasticNet"", ""model_params"": {""l1_ratio"": 0.5, ""fit_intercept"": true, ""selection"": ""cyclic"", ""max_iter"": 1000}}, ""datepart_method"": ""anchored_segment_fourier:us_school"", ""polynomial_degree"": null, ""transform_dict"": null, ""holiday_countries_used"": true, ""lags"": null, ""forward_lags"": null}, ""holiday_params"": null, ""trend_method"": ""rolling_mean""}, ""3"": {}, ""4"": {""n_harmonics"": 10, ""detrend"": ""linear""}}}'}, '483bc03fb7d41bd6b09ed562ac44c517': {'Model': 'SeasonalityMotif', 'ModelParameters': '{""window"": 30, ""point_method"": ""weighted_mean"", ""distance_metric"": ""mqae"", ""k"": 15, ""datepart_method"": ""common_fourier"", ""independent"": true}', 'TransformationParameters': '{""fillna"": ""ffill"", ""transformations"": {""0"": null}, ""transformation_params"": {""0"": {}}}'}, '759f4757070db9464a47d5b64481062e': {'Model': 'ARDL', 'ModelParameters': '{""lags"": 1, ""trend"": ""n"", ""order"": 1, ""causal"": false, ""regression_type"": ""holiday""}', 'TransformationParameters': '{""fillna"": ""fake_date"", ""transformations"": {""0"": ""IntermittentOccurrence""}, ""transformation_params"": {""0"": {""center"": ""mean""}}}'}, 'e89a3b30b5276cefef55356f531cb97d': {'Model': 'UnivariateMotif', 'ModelParameters': '{""window"": 10, ""point_method"": ""weighted_mean"", ""distance_metric"": ""canberra"", ""k"": 10, ""max_windows"": 10000}', 'TransformationParameters': '{""fillna"": ""ffill"", ""transformations"": {""0"": ""MinMaxScaler"", ""1"": ""AlignLastValue"", ""2"": ""ScipyFilter""}, ""transformation_params"": {""0"": {}, ""1"": {""rows"": 1, ""lag"": 1, ""method"": ""additive"", ""strength"": 1.0, ""first_value_only"": false, ""threshold"": 1, ""threshold_method"": ""max"", ""mean_type"": ""arithmetic""}, ""2"": {""method"": ""butter"", ""method_args"": {""N"": 4, ""btype"": ""highpass"", ""analog"": false, ""output"": ""sos"", ""Wn"": 0.011904761904761904}}}}'}, '23c85c773110afcdc5c3a31becf66854': {'Model': 'RRVAR', 'ModelParameters': '{""method"": ""als"", ""rank"": 16, ""maxiter"": 200}', 'TransformationParameters': '{""fillna"": ""nearest"", ""transformations"": {""0"": ""AlignLastValue"", ""1"": ""PowerTransformer""}, ""transformation_params"": {""0"": {""rows"": 1, ""lag"": 1, ""method"": ""additive"", ""strength"": 0.5, ""first_value_only"": false, ""threshold"": 10, ""threshold_method"": ""max"", ""mean_type"": ""arithmetic""}, ""1"": {}}}'}}, 'point_method': 'midhinge', 'model_weights': {}}","{'fillna': 'linear', 'transformations': {'0': 'Constraint'}, 'transformation_params': {'0': {'constraint_method': 'quantile', 'constraint_direction': 'lower', 'constraint_regularization': 0.7, 'constraint_value': 0.5, 'bounds_only': False, 'fillna': 'linear'}}}",1.0,model.results,False,,,,,,
model_weights,123.0,0.0012975152477531808,inverse_rank_from_validation_score,Score,161.47270273473262,FFT,"{'n_harmonics': 6, 'detrend': 'linear'}","{'fillna': 'ffill', 'transformations': {'0': 'DifferencedTransformer', '1': 'G711Scaler'}, 'transformation_params': {'0': {'lag': 1, 'fill': 'zero'}, '1': {'mode': 'mu', 'mu': 75.0, 'A': 87.6, 'center': 'median', 'scale_method': 'mad', 'scale_factor': 2.547462371225305, 'min_scale': 1e-06, 'clip': True, 'zero_offset': 0.0, 'fill_method': 'interpolate', 'on_transform': True, 'on_inverse': True, 'bounds_only': False}}}",0.0,model.results,False,,,,,,
model_weights,124.0,0.0012870514151100097,inverse_rank_from_validation_score,Score,162.32045189270957,Ensemble,"{'model_name': 'BestN', 'model_count': 3, 'model_metric': 'best_score_unique', 'models': {'b52c8876f9849485b32c9cd995d206f2': {'Model': 'SeasonalNaive', 'ModelParameters': '{""method"": ""lastvalue"", ""lag_1"": 64, ""lag_2"": 12}', 'TransformationParameters': '{""fillna"": ""ffill"", ""transformations"": {""0"": ""AlignLastValue"", ""1"": ""bkfilter"", ""2"": ""RegressionFilter"", ""3"": ""PowerTransformer"", ""4"": ""FFTDecomposition""}, ""transformation_params"": {""0"": {""rows"": 1, ""lag"": 1, ""method"": ""additive"", ""strength"": 1.0, ""first_value_only"": false, ""threshold"": 1, ""threshold_method"": ""mean"", ""mean_type"": ""arithmetic""}, ""1"": {}, ""2"": {""sigma"": 2, ""rolling_window"": 90, ""run_order"": ""season_first"", ""regression_params"": {""regression_model"": {""model"": ""ElasticNet"", ""model_params"": {""l1_ratio"": 0.5, ""fit_intercept"": true, ""selection"": ""cyclic"", ""max_iter"": 1000}}, ""datepart_method"": ""anchored_segment_fourier:us_school"", ""polynomial_degree"": null, ""transform_dict"": null, ""holiday_countries_used"": true, ""lags"": null, ""forward_lags"": null}, ""holiday_params"": null, ""trend_method"": ""rolling_mean""}, ""3"": {}, ""4"": {""n_harmonics"": 10, ""detrend"": ""linear""}}}'}, '483bc03fb7d41bd6b09ed562ac44c517': {'Model': 'SeasonalityMotif', 'ModelParameters': '{""window"": 30, ""point_method"": ""weighted_mean"", ""distance_metric"": ""mqae"", ""k"": 15, ""datepart_method"": ""common_fourier"", ""independent"": true}', 'TransformationParameters': '{""fillna"": ""ffill"", ""transformations"": {""0"": null}, ""transformation_params"": {""0"": {}}}'}, '759f4757070db9464a47d5b64481062e': {'Model': 'ARDL', 'ModelParameters': '{""lags"": 1, ""trend"": ""n"", ""order"": 1, ""causal"": false, ""regression_type"": ""holiday""}', 'TransformationParameters': '{""fillna"": ""fake_date"", ""transformations"": {""0"": ""IntermittentOccurrence""}, ""transformation_params"": {""0"": {""center"": ""mean""}}}'}}, 'model_weights': {}, 'point_method': 'mean'}","{'fillna': 'linear', 'transformations': {'0': 'Constraint'}, 'transformation_params': {'0': {'constraint_method': 'quantile', 'constraint_direction': 'lower', 'constraint_regularization': 0.7, 'constraint_value': 0.5, 'bounds_only': False, 'fillna': 'linear'}}}",1.0,model.results,False,,,,,,
model_weights,125.0,0.0012767550037891297,inverse_rank_from_validation_score,Score,163.70024729249113,Ensemble,"{'model_name': 'BestN', 'model_count': 5, 'model_metric': 'bestn_horizontal', 'models': {'b52c8876f9849485b32c9cd995d206f2': {'Model': 'SeasonalNaive', 'ModelParameters': '{""method"": ""lastvalue"", ""lag_1"": 64, ""lag_2"": 12}', 'TransformationParameters': '{""fillna"": ""ffill"", ""transformations"": {""0"": ""AlignLastValue"", ""1"": ""bkfilter"", ""2"": ""RegressionFilter"", ""3"": ""PowerTransformer"", ""4"": ""FFTDecomposition""}, ""transformation_params"": {""0"": {""rows"": 1, ""lag"": 1, ""method"": ""additive"", ""strength"": 1.0, ""first_value_only"": false, ""threshold"": 1, ""threshold_method"": ""mean"", ""mean_type"": ""arithmetic""}, ""1"": {}, ""2"": {""sigma"": 2, ""rolling_window"": 90, ""run_order"": ""season_first"", ""regression_params"": {""regression_model"": {""model"": ""ElasticNet"", ""model_params"": {""l1_ratio"": 0.5, ""fit_intercept"": true, ""selection"": ""cyclic"", ""max_iter"": 1000}}, ""datepart_method"": ""anchored_segment_fourier:us_school"", ""polynomial_degree"": null, ""transform_dict"": null, ""holiday_countries_used"": true, ""lags"": null, ""forward_lags"": null}, ""holiday_params"": null, ""trend_method"": ""rolling_mean""}, ""3"": {}, ""4"": {""n_harmonics"": 10, ""detrend"": ""linear""}}}'}, 'a28ec290170b13fd699d9f65cf8a8be5': {'Model': 'SeasonalNaive', 'ModelParameters': '{""method"": ""mean"", ""lag_1"": 64, ""lag_2"": 12}', 'TransformationParameters': '{""fillna"": ""ffill"", ""transformations"": {""0"": ""MinMaxScaler"", ""1"": ""DifferencedTransformer"", ""2"": ""ConvolutionFilter""}, ""transformation_params"": {""0"": {}, ""1"": {""lag"": 1, ""fill"": ""bfill""}, ""2"": {""weight"": [1.0, 0.5, 0.3333333333333333, 0.25, 0.2, 0.16666666666666666, 0.14285714285714285]}}}'}, '483bc03fb7d41bd6b09ed562ac44c517': {'Model': 'SeasonalityMotif', 'ModelParameters': '{""window"": 30, ""point_method"": ""weighted_mean"", ""distance_metric"": ""mqae"", ""k"": 15, ""datepart_method"": ""common_fourier"", ""independent"": true}', 'TransformationParameters': '{""fillna"": ""ffill"", ""transformations"": {""0"": null}, ""transformation_params"": {""0"": {}}}'}, 'd00109751cdbcbd8ed2960d92095ef47': {'Model': 'SeasonalityMotif', 'ModelParameters': '{""window"": 5, ""point_method"": ""weighted_mean"", ""distance_metric"": ""mqae"", ""k"": 15, ""datepart_method"": ""common_fourier"", ""independent"": true}', 'TransformationParameters': '{""fillna"": ""ffill"", ""transformations"": {""0"": ""RegressionFilter"", ""1"": ""PowerTransformer""}, ""transformation_params"": {""0"": {""sigma"": 2, ""rolling_window"": 90, ""run_order"": ""season_first"", ""regression_params"": {""regression_model"": {""model"": ""ElasticNet"", ""model_params"": {""l1_ratio"": 0.5, ""fit_intercept"": true, ""selection"": ""cyclic"", ""max_iter"": 1000}}, ""datepart_method"": ""anchored_segment_fourier:us_school"", ""polynomial_degree"": null, ""transform_dict"": null, ""holiday_countries_used"": true, ""lags"": null, ""forward_lags"": null}, ""holiday_params"": null, ""trend_method"": ""rolling_mean""}, ""1"": {}}}'}, '759f4757070db9464a47d5b64481062e': {'Model': 'ARDL', 'ModelParameters': '{""lags"": 1, ""trend"": ""n"", ""order"": 1, ""causal"": false, ""regression_type"": ""holiday""}', 'TransformationParameters': '{""fillna"": ""fake_date"", ""transformations"": {""0"": ""IntermittentOccurrence""}, ""transformation_params"": {""0"": {""center"": ""mean""}}}'}}, 'point_method': 'median', 'model_weights': {}}","{'fillna': 'linear', 'transformations': {'0': 'Constraint'}, 'transformation_params': {'0': {'constraint_method': 'quantile', 'constraint_direction': 'lower', 'constraint_regularization': 0.7, 'constraint_value': 0.5, 'bounds_only': False, 'fillna': 'linear'}}}",1.0,model.results,False,,,,,,
model_weights,126.0,0.0012666220275685811,inverse_rank_from_validation_score,Score,169.6394709494923,DatepartRegression,"{'regression_model': {'model': 'ExtraTrees', 'model_params': {'n_estimators': 500, 'min_samples_leaf': 1, 'max_depth': 10}}, 'datepart_method': 'expanded', 'polynomial_degree': None, 'holiday_countries_used': False, 'lags': None, 'forward_lags': None, 'regression_type': 'User'}","{'fillna': 'zero', 'transformations': {'0': 'MaxAbsScaler', '1': 'MinMaxScaler'}, 'transformation_params': {'0': {}, '1': {}}}",0.0,model.results,False,,,,,,
model_weights,127.0,0.0012566486257767026,inverse_rank_from_validation_score,Score,169.78652671688545,RRVAR,"{'method': 'als', 'rank': 1, 'maxiter': 200}","{'fillna': 'nearest', 'transformations': {'0': 'Log'}, 'transformation_params': {'0': {}}}",0.0,model.results,False,,,,,,
model_weights,128.0,0.001246831058387822,inverse_rank_from_validation_score,Score,170.40526092245926,Ensemble,"{'model_name': 'BestN', 'model_count': 3, 'model_metric': 'best_score', 'models': {'b52c8876f9849485b32c9cd995d206f2': {'Model': 'SeasonalNaive', 'ModelParameters': '{""method"": ""lastvalue"", ""lag_1"": 64, ""lag_2"": 12}', 'TransformationParameters': '{""fillna"": ""ffill"", ""transformations"": {""0"": ""AlignLastValue"", ""1"": ""bkfilter"", ""2"": ""RegressionFilter"", ""3"": ""PowerTransformer"", ""4"": ""FFTDecomposition""}, ""transformation_params"": {""0"": {""rows"": 1, ""lag"": 1, ""method"": ""additive"", ""strength"": 1.0, ""first_value_only"": false, ""threshold"": 1, ""threshold_method"": ""mean"", ""mean_type"": ""arithmetic""}, ""1"": {}, ""2"": {""sigma"": 2, ""rolling_window"": 90, ""run_order"": ""season_first"", ""regression_params"": {""regression_model"": {""model"": ""ElasticNet"", ""model_params"": {""l1_ratio"": 0.5, ""fit_intercept"": true, ""selection"": ""cyclic"", ""max_iter"": 1000}}, ""datepart_method"": ""anchored_segment_fourier:us_school"", ""polynomial_degree"": null, ""transform_dict"": null, ""holiday_countries_used"": true, ""lags"": null, ""forward_lags"": null}, ""holiday_params"": null, ""trend_method"": ""rolling_mean""}, ""3"": {}, ""4"": {""n_harmonics"": 10, ""detrend"": ""linear""}}}'}, 'a28ec290170b13fd699d9f65cf8a8be5': {'Model': 'SeasonalNaive', 'ModelParameters': '{""method"": ""mean"", ""lag_1"": 64, ""lag_2"": 12}', 'TransformationParameters': '{""fillna"": ""ffill"", ""transformations"": {""0"": ""MinMaxScaler"", ""1"": ""DifferencedTransformer"", ""2"": ""ConvolutionFilter""}, ""transformation_params"": {""0"": {}, ""1"": {""lag"": 1, ""fill"": ""bfill""}, ""2"": {""weight"": [1.0, 0.5, 0.3333333333333333, 0.25, 0.2, 0.16666666666666666, 0.14285714285714285]}}}'}, '483bc03fb7d41bd6b09ed562ac44c517': {'Model': 'SeasonalityMotif', 'ModelParameters': '{""window"": 30, ""point_method"": ""weighted_mean"", ""distance_metric"": ""mqae"", ""k"": 15, ""datepart_method"": ""common_fourier"", ""independent"": true}', 'TransformationParameters': '{""fillna"": ""ffill"", ""transformations"": {""0"": null}, ""transformation_params"": {""0"": {}}}'}}, 'model_weights': {}, 'point_method': 'mean'}","{'fillna': 'linear', 'transformations': {'0': 'Constraint'}, 'transformation_params': {'0': {'constraint_method': 'quantile', 'constraint_direction': 'lower', 'constraint_regularization': 0.7, 'constraint_value': 0.5, 'bounds_only': False, 'fillna': 'linear'}}}",1.0,model.results,False,,,,,,
model_weights,129.0,0.001237165701346056,inverse_rank_from_validation_score,Score,170.86017951445433,Ensemble,"{'model_name': 'BestN', 'model_count': 5, 'model_metric': 'best_score_unique', 'models': {'b52c8876f9849485b32c9cd995d206f2': {'Model': 'SeasonalNaive', 'ModelParameters': '{""method"": ""lastvalue"", ""lag_1"": 64, ""lag_2"": 12}', 'TransformationParameters': '{""fillna"": ""ffill"", ""transformations"": {""0"": ""AlignLastValue"", ""1"": ""bkfilter"", ""2"": ""RegressionFilter"", ""3"": ""PowerTransformer"", ""4"": ""FFTDecomposition""}, ""transformation_params"": {""0"": {""rows"": 1, ""lag"": 1, ""method"": ""additive"", ""strength"": 1.0, ""first_value_only"": false, ""threshold"": 1, ""threshold_method"": ""mean"", ""mean_type"": ""arithmetic""}, ""1"": {}, ""2"": {""sigma"": 2, ""rolling_window"": 90, ""run_order"": ""season_first"", ""regression_params"": {""regression_model"": {""model"": ""ElasticNet"", ""model_params"": {""l1_ratio"": 0.5, ""fit_intercept"": true, ""selection"": ""cyclic"", ""max_iter"": 1000}}, ""datepart_method"": ""anchored_segment_fourier:us_school"", ""polynomial_degree"": null, ""transform_dict"": null, ""holiday_countries_used"": true, ""lags"": null, ""forward_lags"": null}, ""holiday_params"": null, ""trend_method"": ""rolling_mean""}, ""3"": {}, ""4"": {""n_harmonics"": 10, ""detrend"": ""linear""}}}'}, '483bc03fb7d41bd6b09ed562ac44c517': {'Model': 'SeasonalityMotif', 'ModelParameters': '{""window"": 30, ""point_method"": ""weighted_mean"", ""distance_metric"": ""mqae"", ""k"": 15, ""datepart_method"": ""common_fourier"", ""independent"": true}', 'TransformationParameters': '{""fillna"": ""ffill"", ""transformations"": {""0"": null}, ""transformation_params"": {""0"": {}}}'}, '759f4757070db9464a47d5b64481062e': {'Model': 'ARDL', 'ModelParameters': '{""lags"": 1, ""trend"": ""n"", ""order"": 1, ""causal"": false, ""regression_type"": ""holiday""}', 'TransformationParameters': '{""fillna"": ""fake_date"", ""transformations"": {""0"": ""IntermittentOccurrence""}, ""transformation_params"": {""0"": {""center"": ""mean""}}}'}, 'e89a3b30b5276cefef55356f531cb97d': {'Model': 'UnivariateMotif', 'ModelParameters': '{""window"": 10, ""point_method"": ""weighted_mean"", ""distance_metric"": ""canberra"", ""k"": 10, ""max_windows"": 10000}', 'TransformationParameters': '{""fillna"": ""ffill"", ""transformations"": {""0"": ""MinMaxScaler"", ""1"": ""AlignLastValue"", ""2"": ""ScipyFilter""}, ""transformation_params"": {""0"": {}, ""1"": {""rows"": 1, ""lag"": 1, ""method"": ""additive"", ""strength"": 1.0, ""first_value_only"": false, ""threshold"": 1, ""threshold_method"": ""max"", ""mean_type"": ""arithmetic""}, ""2"": {""method"": ""butter"", ""method_args"": {""N"": 4, ""btype"": ""highpass"", ""analog"": false, ""output"": ""sos"", ""Wn"": 0.011904761904761904}}}}'}, '23c85c773110afcdc5c3a31becf66854': {'Model': 'RRVAR', 'ModelParameters': '{""method"": ""als"", ""rank"": 16, ""maxiter"": 200}', 'TransformationParameters': '{""fillna"": ""nearest"", ""transformations"": {""0"": ""AlignLastValue"", ""1"": ""PowerTransformer""}, ""transformation_params"": {""0"": {""rows"": 1, ""lag"": 1, ""method"": ""additive"", ""strength"": 0.5, ""first_value_only"": false, ""threshold"": 10, ""threshold_method"": ""max"", ""mean_type"": ""arithmetic""}, ""1"": {}}}'}}, 'point_method': 'midhinge', 'model_weights': {}}","{'fillna': 'cubic', 'transformations': {'0': 'ScipyFilter', '1': 'DatepartRegression'}, 'transformation_params': {'0': {'method': 'butter', 'method_args': {'N': 1, 'btype': 'highpass', 'analog': False, 'output': 'sos', 'Wn': 0.024390243902439025}}, '1': {'regression_model': {'model': 'ElasticNet', 'model_params': {'l1_ratio': 0.5, 'fit_intercept': True, 'selection': 'cyclic', 'max_iter': 1000}}, 'datepart_method': ['weekdayofmonth', 'common_fourier'], 'polynomial_degree': None, 'transform_dict': None, 'holiday_countries_used': False, 'lags': None, 'forward_lags': None}}}",1.0,model.results,False,,,,,,
model_weights,130.0,0.0012276490421049325,inverse_rank_from_validation_score,Score,176.0143403066002,SeasonalityMotif,"{'window': 10, 'point_method': 'weighted_mean', 'distance_metric': 'mae', 'k': 15, 'datepart_method': 'common_fourier_rw_lag', 'independent': True}","{'fillna': 'ffill', 'transformations': {'0': 'ScipyFilter', '1': 'AlignLastValue', '2': 'MinMaxScaler', '3': 'RollingMean100thN', '4': 'STLFilter'}, 'transformation_params': {'0': {'method': 'butter', 'method_args': {'N': 4, 'btype': 'lowpass', 'analog': False, 'output': 'sos', 'Wn': 0.08333333333333333}}, '1': {'rows': 1, 'lag': 28, 'method': 'additive', 'strength': 0.2, 'first_value_only': False, 'threshold': 1, 'threshold_method': 'max', 'mean_type': 'arithmetic'}, '2': {}, '3': {}, '4': {'decomp_type': 'seasonal_decompose', 'part': 'trend'}}}",0.0,model.results,False,,,,,,
model_weights,131.0,0.0012182776753713069,inverse_rank_from_validation_score,Score,176.85080271783008,SeasonalityMotif,"{'window': 5, 'point_method': 'weighted_mean', 'distance_metric': 'mae', 'k': 10, 'datepart_method': 'common_fourier', 'independent': False}","{'fillna': 'nearest', 'transformations': {'0': 'AlignLastValue'}, 'transformation_params': {'0': {'rows': 1, 'lag': 1, 'method': 'multiplicative', 'strength': 1.0, 'first_value_only': False}}}",0.0,model.results,False,,,,,,
model_weights,132.0,0.0012090482990427364,inverse_rank_from_validation_score,Score,179.138938642847,RRVAR,"{'method': 'als', 'rank': 1, 'maxiter': 200}","{'fillna': 'nearest', 'transformations': {'0': 'AlignLastValue'}, 'transformation_params': {'0': {'rows': 1, 'lag': 1, 'method': 'additive', 'strength': 0.5, 'first_value_only': False, 'threshold': 10, 'threshold_method': 'max', 'mean_type': 'arithmetic'}}}",0.0,model.results,False,,,,,,
model_weights,133.0,0.0011999577103281294,inverse_rank_from_validation_score,Score,180.74968875046255,DMD,"{'rank': 2, 'alpha': 0.001, 'amplitude_threshold': None, 'eigenvalue_threshold': None}","{'fillna': 'ffill', 'transformations': {'0': 'HistoricValues', '1': 'AnomalyRemoval'}, 'transformation_params': {'0': {'window': 10}, '1': {'method': 'zscore', 'method_params': {'distribution': 'norm', 'alpha': 0.05}, 'fillna': 'ffill', 'transform_dict': {'fillna': None, 'transformations': {'0': 'ClipOutliers'}, 'transformation_params': {'0': {'method': 'clip', 'std_threshold': 6}}}, 'isolated_only': False}}}",0.0,model.results,False,,,,,,
model_weights,134.0,0.0011910028020420986,inverse_rank_from_validation_score,Score,181.2754543717549,Ensemble,"{'model_name': 'BestN', 'model_count': 5, 'model_metric': 'bestn_horizontal', 'models': {'b52c8876f9849485b32c9cd995d206f2': {'Model': 'SeasonalNaive', 'ModelParameters': '{""method"": ""lastvalue"", ""lag_1"": 64, ""lag_2"": 12}', 'TransformationParameters': '{""fillna"": ""ffill"", ""transformations"": {""0"": ""AlignLastValue"", ""1"": ""bkfilter"", ""2"": ""RegressionFilter"", ""3"": ""PowerTransformer"", ""4"": ""FFTDecomposition""}, ""transformation_params"": {""0"": {""rows"": 1, ""lag"": 1, ""method"": ""additive"", ""strength"": 1.0, ""first_value_only"": false, ""threshold"": 1, ""threshold_method"": ""mean"", ""mean_type"": ""arithmetic""}, ""1"": {}, ""2"": {""sigma"": 2, ""rolling_window"": 90, ""run_order"": ""season_first"", ""regression_params"": {""regression_model"": {""model"": ""ElasticNet"", ""model_params"": {""l1_ratio"": 0.5, ""fit_intercept"": true, ""selection"": ""cyclic"", ""max_iter"": 1000}}, ""datepart_method"": ""anchored_segment_fourier:us_school"", ""polynomial_degree"": null, ""transform_dict"": null, ""holiday_countries_used"": true, ""lags"": null, ""forward_lags"": null}, ""holiday_params"": null, ""trend_method"": ""rolling_mean""}, ""3"": {}, ""4"": {""n_harmonics"": 10, ""detrend"": ""linear""}}}'}, 'a28ec290170b13fd699d9f65cf8a8be5': {'Model': 'SeasonalNaive', 'ModelParameters': '{""method"": ""mean"", ""lag_1"": 64, ""lag_2"": 12}', 'TransformationParameters': '{""fillna"": ""ffill"", ""transformations"": {""0"": ""MinMaxScaler"", ""1"": ""DifferencedTransformer"", ""2"": ""ConvolutionFilter""}, ""transformation_params"": {""0"": {}, ""1"": {""lag"": 1, ""fill"": ""bfill""}, ""2"": {""weight"": [1.0, 0.5, 0.3333333333333333, 0.25, 0.2, 0.16666666666666666, 0.14285714285714285]}}}'}, '483bc03fb7d41bd6b09ed562ac44c517': {'Model': 'SeasonalityMotif', 'ModelParameters': '{""window"": 30, ""point_method"": ""weighted_mean"", ""distance_metric"": ""mqae"", ""k"": 15, ""datepart_method"": ""common_fourier"", ""independent"": true}', 'TransformationParameters': '{""fillna"": ""ffill"", ""transformations"": {""0"": null}, ""transformation_params"": {""0"": {}}}'}, 'd00109751cdbcbd8ed2960d92095ef47': {'Model': 'SeasonalityMotif', 'ModelParameters': '{""window"": 5, ""point_method"": ""weighted_mean"", ""distance_metric"": ""mqae"", ""k"": 15, ""datepart_method"": ""common_fourier"", ""independent"": true}', 'TransformationParameters': '{""fillna"": ""ffill"", ""transformations"": {""0"": ""RegressionFilter"", ""1"": ""PowerTransformer""}, ""transformation_params"": {""0"": {""sigma"": 2, ""rolling_window"": 90, ""run_order"": ""season_first"", ""regression_params"": {""regression_model"": {""model"": ""ElasticNet"", ""model_params"": {""l1_ratio"": 0.5, ""fit_intercept"": true, ""selection"": ""cyclic"", ""max_iter"": 1000}}, ""datepart_method"": ""anchored_segment_fourier:us_school"", ""polynomial_degree"": null, ""transform_dict"": null, ""holiday_countries_used"": true, ""lags"": null, ""forward_lags"": null}, ""holiday_params"": null, ""trend_method"": ""rolling_mean""}, ""1"": {}}}'}, '759f4757070db9464a47d5b64481062e': {'Model': 'ARDL', 'ModelParameters': '{""lags"": 1, ""trend"": ""n"", ""order"": 1, ""causal"": false, ""regression_type"": ""holiday""}', 'TransformationParameters': '{""fillna"": ""fake_date"", ""transformations"": {""0"": ""IntermittentOccurrence""}, ""transformation_params"": {""0"": {""center"": ""mean""}}}'}}, 'point_method': 'median', 'model_weights': {}}","{'fillna': 'cubic', 'transformations': {'0': 'ScipyFilter', '1': 'DatepartRegression'}, 'transformation_params': {'0': {'method': 'butter', 'method_args': {'N': 1, 'btype': 'highpass', 'analog': False, 'output': 'sos', 'Wn': 0.024390243902439025}}, '1': {'regression_model': {'model': 'ElasticNet', 'model_params': {'l1_ratio': 0.5, 'fit_intercept': True, 'selection': 'cyclic', 'max_iter': 1000}}, 'datepart_method': ['weekdayofmonth', 'common_fourier'], 'polynomial_degree': None, 'transform_dict': None, 'holiday_countries_used': False, 'lags': None, 'forward_lags': None}}}",1.0,model.results,False,,,,,,
model_weights,135.0,0.001182180559064009,inverse_rank_from_validation_score,Score,181.3416504941685,Ensemble,"{'model_name': 'BestN', 'model_count': 3, 'model_metric': 'best_score_unique', 'models': {'b52c8876f9849485b32c9cd995d206f2': {'Model': 'SeasonalNaive', 'ModelParameters': '{""method"": ""lastvalue"", ""lag_1"": 64, ""lag_2"": 12}', 'TransformationParameters': '{""fillna"": ""ffill"", ""transformations"": {""0"": ""AlignLastValue"", ""1"": ""bkfilter"", ""2"": ""RegressionFilter"", ""3"": ""PowerTransformer"", ""4"": ""FFTDecomposition""}, ""transformation_params"": {""0"": {""rows"": 1, ""lag"": 1, ""method"": ""additive"", ""strength"": 1.0, ""first_value_only"": false, ""threshold"": 1, ""threshold_method"": ""mean"", ""mean_type"": ""arithmetic""}, ""1"": {}, ""2"": {""sigma"": 2, ""rolling_window"": 90, ""run_order"": ""season_first"", ""regression_params"": {""regression_model"": {""model"": ""ElasticNet"", ""model_params"": {""l1_ratio"": 0.5, ""fit_intercept"": true, ""selection"": ""cyclic"", ""max_iter"": 1000}}, ""datepart_method"": ""anchored_segment_fourier:us_school"", ""polynomial_degree"": null, ""transform_dict"": null, ""holiday_countries_used"": true, ""lags"": null, ""forward_lags"": null}, ""holiday_params"": null, ""trend_method"": ""rolling_mean""}, ""3"": {}, ""4"": {""n_harmonics"": 10, ""detrend"": ""linear""}}}'}, '483bc03fb7d41bd6b09ed562ac44c517': {'Model': 'SeasonalityMotif', 'ModelParameters': '{""window"": 30, ""point_method"": ""weighted_mean"", ""distance_metric"": ""mqae"", ""k"": 15, ""datepart_method"": ""common_fourier"", ""independent"": true}', 'TransformationParameters': '{""fillna"": ""ffill"", ""transformations"": {""0"": null}, ""transformation_params"": {""0"": {}}}'}, '759f4757070db9464a47d5b64481062e': {'Model': 'ARDL', 'ModelParameters': '{""lags"": 1, ""trend"": ""n"", ""order"": 1, ""causal"": false, ""regression_type"": ""holiday""}', 'TransformationParameters': '{""fillna"": ""fake_date"", ""transformations"": {""0"": ""IntermittentOccurrence""}, ""transformation_params"": {""0"": {""center"": ""mean""}}}'}}, 'model_weights': {}, 'point_method': 'mean'}","{'fillna': 'cubic', 'transformations': {'0': 'ScipyFilter', '1': 'DatepartRegression'}, 'transformation_params': {'0': {'method': 'butter', 'method_args': {'N': 1, 'btype': 'highpass', 'analog': False, 'output': 'sos', 'Wn': 0.024390243902439025}}, '1': {'regression_model': {'model': 'ElasticNet', 'model_params': {'l1_ratio': 0.5, 'fit_intercept': True, 'selection': 'cyclic', 'max_iter': 1000}}, 'datepart_method': ['weekdayofmonth', 'common_fourier'], 'polynomial_degree': None, 'transform_dict': None, 'holiday_countries_used': False, 'lags': None, 'forward_lags': None}}}",1.0,model.results,False,,,,,,
model_weights,136.0,0.0011734880549532443,inverse_rank_from_validation_score,Score,184.07228278480554,FFT,"{'n_harmonics': 1000, 'detrend': 'linear'}","{'fillna': 'ffill', 'transformations': {'0': 'AlignLastValue', '1': 'bkfilter', '2': 'PowerTransformer', '3': 'FFTDecomposition'}, 'transformation_params': {'0': {'rows': 1, 'lag': 1, 'method': 'additive', 'strength': 0.9, 'first_value_only': False}, '1': {}, '2': {}, '3': {'n_harmonics': 10, 'detrend': 'linear'}}}",0.0,model.results,False,,,,,,
model_weights,137.0,0.0011649224487127097,inverse_rank_from_validation_score,Score,184.20082303954732,WindowRegression,"{'window_size': 28, 'input_dim': 'univariate', 'output_dim': '1step', 'normalize_window': False, 'max_windows': 500000, 'fourier_encoding_components': 2, 'scale': True, 'datepart_method': None, 'regression_type': 'User', 'regression_model': {'model': 'HistGradientBoost', 'model_params': {'loss': 'squared_error', 'learning_rate': 0.1, 'max_depth': None, 'min_samples_leaf': 20, 'max_iter': 100, 'l2_regularization': 0}}}","{'fillna': 'quadratic', 'transformations': {'0': 'DifferencedTransformer', '1': 'PositiveShift', '2': 'Round', '3': 'SeasonalDifference', '4': 'Detrend'}, 'transformation_params': {'0': {'lag': 1, 'fill': 'bfill'}, '1': {}, '2': {'decimals': 1, 'on_transform': False, 'on_inverse': True}, '3': {'lag_1': 7, 'method': 'LastValue'}, '4': {'model': 'Linear', 'phi': 1, 'window': None, 'transform_dict': None}}}",0.0,model.results,False,,,,,,
model_weights,138.0,0.0011564809816930522,inverse_rank_from_validation_score,Score,186.9698545508999,MetricMotif,"{'window': 10, 'point_method': 'midhinge', 'distance_metric': 'mae', 'k': 10, 'comparison_transformation': {'fillna': 'ffill', 'transformations': {'0': 'DifferencedTransformer'}, 'transformation_params': {'0': {'lag': 1, 'fill': 'zero'}}}, 'combination_transformation': {'fillna': 'ffill', 'transformations': {'0': 'RobustScaler'}, 'transformation_params': {'0': {}}}}","{'fillna': 'piecewise_polynomial', 'transformations': {'0': 'AlignLastValue', '1': 'bkfilter', '2': 'RegressionFilter', '3': 'CumSumTransformer', '4': 'FFTDecomposition', '5': 'DifferencedTransformer'}, 'transformation_params': {'0': {'rows': 1, 'lag': 1, 'method': 'additive', 'strength': 1.0, 'first_value_only': False, 'threshold': 1, 'threshold_method': 'mean', 'mean_type': 'arithmetic'}, '1': {}, '2': {'sigma': 2, 'rolling_window': 90, 'run_order': 'season_first', 'regression_params': {'regression_model': {'model': 'ElasticNet', 'model_params': {'l1_ratio': 0.5, 'fit_intercept': True, 'selection': 'cyclic', 'max_iter': 1000}}, 'datepart_method': 'anchored_segment_fourier:us_school', 'polynomial_degree': None, 'transform_dict': None, 'holiday_countries_used': True, 'lags': None, 'forward_lags': None}, 'holiday_params': None, 'trend_method': 'rolling_mean'}, '3': {}, '4': {'n_harmonics': 10, 'detrend': 'linear'}, '5': {'lag': 1, 'fill': 'bfill'}}}",0.0,model.results,False,,,,,,
model_weights,139.0,0.0011481609746305124,inverse_rank_from_validation_score,Score,192.0813677939275,WindowRegression,"{'window_size': 20, 'input_dim': 'univariate', 'output_dim': 'forecast_length', 'normalize_window': False, 'max_windows': 5000, 'fourier_encoding_components': None, 'scale': True, 'datepart_method': None, 'regression_type': None, 'regression_model': {'model': 'ElasticNet', 'model_params': {'l1_ratio': 0.5, 'fit_intercept': True, 'selection': 'cyclic', 'max_iter': 200}}}","{'fillna': 'median', 'transformations': {'0': 'ClipOutliers', '1': 'AlignLastDiff', '2': 'StandardScaler', '3': 'bkfilter', '4': 'StandardScaler'}, 'transformation_params': {'0': {'method': 'clip', 'std_threshold': 4.5, 'fillna': None}, '1': {'rows': 1, 'displacement_rows': 7, 'quantile': 1.0, 'decay_span': 4}, '2': {}, '3': {}, '4': {}}}",0.0,model.results,False,,,,,,
model_weights,140.0,0.001139959824811723,inverse_rank_from_validation_score,Score,196.28129400090995,DMD,"{'rank': 1, 'alpha': 0.001, 'amplitude_threshold': None, 'eigenvalue_threshold': None}","{'fillna': 'ffill', 'transformations': {'0': 'ClipOutliers'}, 'transformation_params': {'0': {'method': 'clip', 'std_threshold': 4, 'fillna': None}}}",0.0,model.results,False,,,,,,
model_weights,141.0,0.0011318750033591576,inverse_rank_from_validation_score,Score,197.9835616001218,SeasonalityMotif,"{'window': 10, 'point_method': 'midhinge', 'distance_metric': 'mae', 'k': 10, 'datepart_method': 'common_fourier_rw_lag', 'independent': False}","{'fillna': 'rolling_mean', 'transformations': {'0': 'SeasonalDifference'}, 'transformation_params': {'0': {'lag_1': 7, 'method': 'LastValue'}}}",0.0,model.results,False,,,,,,
model_weights,142.0,0.0011239040526312763,inverse_rank_from_validation_score,Score,198.63950703753792,SeasonalityMotif,"{'window': 30, 'point_method': 'weighted_mean', 'distance_metric': 'mqae', 'k': 10, 'datepart_method': 'simple_binarized', 'independent': False}","{'fillna': 'ffill', 'transformations': {'0': 'ScipyFilter', '1': 'AlignLastValue', '2': 'bkfilter', '3': 'RollingMean100thN', '4': 'AlignLastValue'}, 'transformation_params': {'0': {'method': 'butter', 'method_args': {'N': 4, 'btype': 'lowpass', 'analog': False, 'output': 'sos', 'Wn': 0.08333333333333333}}, '1': {'rows': 1, 'lag': 28, 'method': 'additive', 'strength': 0.2, 'first_value_only': False, 'threshold': 1, 'threshold_method': 'max', 'mean_type': 'arithmetic'}, '2': {}, '3': {}, '4': {'rows': 1, 'lag': 1, 'method': 'additive', 'strength': 1.0, 'first_value_only': False, 'threshold': None, 'threshold_method': 'mean', 'mean_type': 'arithmetic'}}}",0.0,model.results,False,,,,,,
model_weights,143.0,0.0011160445837317568,inverse_rank_from_validation_score,Score,201.7167496561043,MetricMotif,"{'window': 10, 'point_method': 'mean', 'distance_metric': 'chebyshev', 'k': 10, 'comparison_transformation': {'fillna': 'pchip', 'transformations': {'0': None}, 'transformation_params': {'0': {}}}, 'combination_transformation': {'fillna': 'ffill', 'transformations': {'0': 'DifferencedTransformer'}, 'transformation_params': {'0': {'lag': 1, 'fill': 'bfill'}}}}","{'fillna': 'ffill', 'transformations': {'0': 'AlignLastValue', '1': 'AlignLastValue'}, 'transformation_params': {'0': {'rows': 1, 'lag': 1, 'method': 'additive', 'strength': 1.0, 'first_value_only': False, 'threshold': 10, 'threshold_method': 'mean', 'mean_type': 'arithmetic'}, '1': {'rows': 7, 'lag': 1, 'method': 'additive', 'strength': 0.2, 'first_value_only': False, 'threshold': 3, 'threshold_method': 'mean', 'mean_type': 'arithmetic'}}}",0.0,model.results,False,,,,,,
model_weights,144.0,0.0011082942741225084,inverse_rank_from_validation_score,Score,202.47835694628967,AverageValueNaive,"{'method': 'Mean', 'window': None}","{'fillna': 'fake_date', 'transformations': {'0': 'DifferencedTransformer', '1': 'SinTrend'}, 'transformation_params': {'0': {}, '1': {}}}",0.0,model.results,False,,,,,,
model_weights,145.0,0.0011006508653354566,inverse_rank_from_validation_score,Score,205.0316098441947,FFT,"{'n_harmonics': 100, 'detrend': 'linear'}","{'fillna': 'ffill', 'transformations': {'0': 'AlignLastValue', '1': 'bkfilter', '2': 'RegressionFilter', '3': 'PowerTransformer'}, 'transformation_params': {'0': {'rows': 1, 'lag': 1, 'method': 'additive', 'strength': 1.0, 'first_value_only': False, 'threshold': 1, 'threshold_method': 'mean', 'mean_type': 'arithmetic'}, '1': {}, '2': {'sigma': 2, 'rolling_window': 90, 'run_order': 'season_first', 'regression_params': {'regression_model': {'model': 'ElasticNet', 'model_params': {'l1_ratio': 0.5, 'fit_intercept': True, 'selection': 'cyclic', 'max_iter': 1000}}, 'datepart_method': 'anchored_segment_fourier:us_school', 'polynomial_degree': None, 'transform_dict': None, 'holiday_countries_used': True, 'lags': None, 'forward_lags': None}, 'holiday_params': None, 'trend_method': 'rolling_mean'}, '3': {}}}",0.0,model.results,False,,,,,,
model_weights,146.0,0.0010931121607783644,inverse_rank_from_validation_score,Score,205.48594773428073,Ensemble,"{'model_name': 'BestN', 'model_count': 3, 'model_metric': 'best_score', 'models': {'b52c8876f9849485b32c9cd995d206f2': {'Model': 'SeasonalNaive', 'ModelParameters': '{""method"": ""lastvalue"", ""lag_1"": 64, ""lag_2"": 12}', 'TransformationParameters': '{""fillna"": ""ffill"", ""transformations"": {""0"": ""AlignLastValue"", ""1"": ""bkfilter"", ""2"": ""RegressionFilter"", ""3"": ""PowerTransformer"", ""4"": ""FFTDecomposition""}, ""transformation_params"": {""0"": {""rows"": 1, ""lag"": 1, ""method"": ""additive"", ""strength"": 1.0, ""first_value_only"": false, ""threshold"": 1, ""threshold_method"": ""mean"", ""mean_type"": ""arithmetic""}, ""1"": {}, ""2"": {""sigma"": 2, ""rolling_window"": 90, ""run_order"": ""season_first"", ""regression_params"": {""regression_model"": {""model"": ""ElasticNet"", ""model_params"": {""l1_ratio"": 0.5, ""fit_intercept"": true, ""selection"": ""cyclic"", ""max_iter"": 1000}}, ""datepart_method"": ""anchored_segment_fourier:us_school"", ""polynomial_degree"": null, ""transform_dict"": null, ""holiday_countries_used"": true, ""lags"": null, ""forward_lags"": null}, ""holiday_params"": null, ""trend_method"": ""rolling_mean""}, ""3"": {}, ""4"": {""n_harmonics"": 10, ""detrend"": ""linear""}}}'}, 'a28ec290170b13fd699d9f65cf8a8be5': {'Model': 'SeasonalNaive', 'ModelParameters': '{""method"": ""mean"", ""lag_1"": 64, ""lag_2"": 12}', 'TransformationParameters': '{""fillna"": ""ffill"", ""transformations"": {""0"": ""MinMaxScaler"", ""1"": ""DifferencedTransformer"", ""2"": ""ConvolutionFilter""}, ""transformation_params"": {""0"": {}, ""1"": {""lag"": 1, ""fill"": ""bfill""}, ""2"": {""weight"": [1.0, 0.5, 0.3333333333333333, 0.25, 0.2, 0.16666666666666666, 0.14285714285714285]}}}'}, '483bc03fb7d41bd6b09ed562ac44c517': {'Model': 'SeasonalityMotif', 'ModelParameters': '{""window"": 30, ""point_method"": ""weighted_mean"", ""distance_metric"": ""mqae"", ""k"": 15, ""datepart_method"": ""common_fourier"", ""independent"": true}', 'TransformationParameters': '{""fillna"": ""ffill"", ""transformations"": {""0"": null}, ""transformation_params"": {""0"": {}}}'}}, 'model_weights': {}, 'point_method': 'mean'}","{'fillna': 'cubic', 'transformations': {'0': 'ScipyFilter', '1': 'DatepartRegression'}, 'transformation_params': {'0': {'method': 'butter', 'method_args': {'N': 1, 'btype': 'highpass', 'analog': False, 'output': 'sos', 'Wn': 0.024390243902439025}}, '1': {'regression_model': {'model': 'ElasticNet', 'model_params': {'l1_ratio': 0.5, 'fit_intercept': True, 'selection': 'cyclic', 'max_iter': 1000}}, 'datepart_method': ['weekdayofmonth', 'common_fourier'], 'polynomial_degree': None, 'transform_dict': None, 'holiday_countries_used': False, 'lags': None, 'forward_lags': None}}}",1.0,model.results,False,,,,,,
model_weights,147.0,0.0010856760236302124,inverse_rank_from_validation_score,Score,210.6939994670158,FFT,"{'n_harmonics': 4, 'detrend': 'linear'}","{'fillna': 'time', 'transformations': {'0': 'AlignLastValue'}, 'transformation_params': {'0': {'rows': 1, 'lag': 1, 'method': 'additive', 'strength': 0.9, 'first_value_only': False}}}",0.0,model.results,False,,,,,,
model_weights,148.0,0.0010783403748219002,inverse_rank_from_validation_score,Score,213.07820805188948,ConstantNaive,{'constant': 1},"{'fillna': 'ffill', 'transformations': {'0': 'ScipyFilter', '1': 'QuantileTransformer', '2': 'AlignLastValue', '3': 'DifferencedTransformer', '4': 'FFTDecomposition', '5': 'AlignLastValue'}, 'transformation_params': {'0': {'method': 'butter', 'method_args': {'N': 5, 'btype': 'lowpass', 'analog': False, 'output': 'sos', 'Wn': 0.08333333333333333}}, '1': {'output_distribution': 'normal', 'n_quantiles': 103}, '2': {'rows': 1, 'lag': 1, 'method': 'multiplicative', 'strength': 1.0, 'first_value_only': False, 'threshold': 1, 'threshold_method': 'max', 'mean_type': 'arithmetic'}, '3': {'lag': 1, 'fill': 'bfill'}, '4': {'n_harmonics': 10, 'detrend': 'linear'}, '5': {'rows': 7, 'lag': 1, 'method': 'additive', 'strength': 0.9, 'first_value_only': False, 'threshold': 10, 'threshold_method': 'mean', 'mean_type': 'arithmetic'}}}",0.0,model.results,False,,,,,,
model_weights,149.0,0.0010711031910982632,inverse_rank_from_validation_score,Score,221.19123704256273,LastValueNaive,{},"{'fillna': 'rolling_mean_24', 'transformations': {'0': 'SeasonalDifference', '1': 'AlignLastValue', '2': 'bkfilter', '3': 'ClipOutliers'}, 'transformation_params': {'0': {'lag_1': 2, 'method': 'LastValue'}, '1': {'rows': 1, 'lag': 1, 'method': 'additive', 'strength': 0.2, 'first_value_only': False, 'threshold': None, 'threshold_method': 'mean', 'mean_type': 'arithmetic'}, '2': {}, '3': {'method': 'remove', 'std_threshold': 3, 'fillna': 'rolling_mean_24'}}}",0.0,model.results,False,,,,,,
model_weights,150.0,0.0010639625031576081,inverse_rank_from_validation_score,Score,223.23390092958152,SeasonalNaive,"{'method': 'lastvalue', 'lag_1': 2, 'lag_2': 28}","{'fillna': 'zero', 'transformations': {'0': 'CenterLastValue'}, 'transformation_params': {'0': {'rows': 2}}}",0.0,model.results,False,,,,,,
model_weights,151.0,0.0010569163938651735,inverse_rank_from_validation_score,Score,225.9676530068827,Ensemble,"{'model_name': 'BestN', 'model_count': 5, 'model_metric': 'mixed_metric', 'models': {'a28ec290170b13fd699d9f65cf8a8be5': {'Model': 'SeasonalNaive', 'ModelParameters': '{""method"": ""mean"", ""lag_1"": 64, ""lag_2"": 12}', 'TransformationParameters': '{""fillna"": ""ffill"", ""transformations"": {""0"": ""MinMaxScaler"", ""1"": ""DifferencedTransformer"", ""2"": ""ConvolutionFilter""}, ""transformation_params"": {""0"": {}, ""1"": {""lag"": 1, ""fill"": ""bfill""}, ""2"": {""weight"": [1.0, 0.5, 0.3333333333333333, 0.25, 0.2, 0.16666666666666666, 0.14285714285714285]}}}'}, 'b52c8876f9849485b32c9cd995d206f2': {'Model': 'SeasonalNaive', 'ModelParameters': '{""method"": ""lastvalue"", ""lag_1"": 64, ""lag_2"": 12}', 'TransformationParameters': '{""fillna"": ""ffill"", ""transformations"": {""0"": ""AlignLastValue"", ""1"": ""bkfilter"", ""2"": ""RegressionFilter"", ""3"": ""PowerTransformer"", ""4"": ""FFTDecomposition""}, ""transformation_params"": {""0"": {""rows"": 1, ""lag"": 1, ""method"": ""additive"", ""strength"": 1.0, ""first_value_only"": false, ""threshold"": 1, ""threshold_method"": ""mean"", ""mean_type"": ""arithmetic""}, ""1"": {}, ""2"": {""sigma"": 2, ""rolling_window"": 90, ""run_order"": ""season_first"", ""regression_params"": {""regression_model"": {""model"": ""ElasticNet"", ""model_params"": {""l1_ratio"": 0.5, ""fit_intercept"": true, ""selection"": ""cyclic"", ""max_iter"": 1000}}, ""datepart_method"": ""anchored_segment_fourier:us_school"", ""polynomial_degree"": null, ""transform_dict"": null, ""holiday_countries_used"": true, ""lags"": null, ""forward_lags"": null}, ""holiday_params"": null, ""trend_method"": ""rolling_mean""}, ""3"": {}, ""4"": {""n_harmonics"": 10, ""detrend"": ""linear""}}}'}, '3e349e3aaa1ceb062f73adbd8e0c389c': {'Model': 'SeasonalityMotif', 'ModelParameters': '{""window"": 30, ""point_method"": ""weighted_mean"", ""distance_metric"": ""mqae"", ""k"": 10, ""datepart_method"": ""simple_binarized"", ""independent"": false}', 'TransformationParameters': '{""fillna"": ""ffill"", ""transformations"": {""0"": ""ScipyFilter"", ""1"": ""AlignLastValue"", ""2"": ""bkfilter"", ""3"": ""RollingMean100thN"", ""4"": ""AlignLastValue""}, ""transformation_params"": {""0"": {""method"": ""butter"", ""method_args"": {""N"": 4, ""btype"": ""lowpass"", ""analog"": false, ""output"": ""sos"", ""Wn"": 0.08333333333333333}}, ""1"": {""rows"": 1, ""lag"": 28, ""method"": ""additive"", ""strength"": 0.2, ""first_value_only"": false, ""threshold"": 1, ""threshold_method"": ""max"", ""mean_type"": ""arithmetic""}, ""2"": {}, ""3"": {}, ""4"": {""rows"": 1, ""lag"": 1, ""method"": ""additive"", ""strength"": 1.0, ""first_value_only"": false, ""threshold"": null, ""threshold_method"": ""mean"", ""mean_type"": ""arithmetic""}}}'}, 'b45e6182d5f3b0168c3bd9fb67794936': {'Model': 'SectionalMotif', 'ModelParameters': '{""window"": 30, ""point_method"": ""midhinge"", ""distance_metric"": ""canberra"", ""include_differenced"": false, ""k"": 10, ""stride_size"": 1, ""regression_type"": null, ""comparison_transformation"": null, ""combination_transformation"": null}', 'TransformationParameters': '{""fillna"": ""quadratic"", ""transformations"": {""0"": ""AlignLastValue"", ""1"": ""MaxAbsScaler"", ""2"": ""RegressionFilter"", ""3"": ""PowerTransformer"", ""4"": ""FFTFilter""}, ""transformation_params"": {""0"": {""rows"": 1, ""lag"": 1, ""method"": ""additive"", ""strength"": 1.0, ""first_value_only"": false, ""threshold"": 1, ""threshold_method"": ""mean"", ""mean_type"": ""arithmetic""}, ""1"": {}, ""2"": {""sigma"": 2, ""rolling_window"": 90, ""run_order"": ""season_first"", ""regression_params"": {""regression_model"": {""model"": ""ElasticNet"", ""model_params"": {""l1_ratio"": 0.5, ""fit_intercept"": true, ""selection"": ""cyclic"", ""max_iter"": 1000}}, ""datepart_method"": ""anchored_segment_fourier:us_school"", ""polynomial_degree"": null, ""transform_dict"": null, ""holiday_countries_used"": true, ""lags"": null, ""forward_lags"": null}, ""holiday_params"": null, ""trend_method"": ""rolling_mean""}, ""3"": {}, ""4"": {""cutoff"": 0.1, ""reverse"": false, ""on_transform"": true, ""on_inverse"": true}}}'}, '759f4757070db9464a47d5b64481062e': {'Model': 'ARDL', 'ModelParameters': '{""lags"": 1, ""trend"": ""n"", ""order"": 1, ""causal"": false, ""regression_type"": ""holiday""}', 'TransformationParameters': '{""fillna"": ""fake_date"", ""transformations"": {""0"": ""IntermittentOccurrence""}, ""transformation_params"": {""0"": {""center"": ""mean""}}}'}}, 'point_method': 'kalman', 'model_weights': {}}","{'fillna': 'ffill', 'transformations': {'0': 'AlignLastValue', '1': 'SeasonalDifference', '2': 'AlignLastValue'}, 'transformation_params': {'0': {'rows': 1, 'lag': 1, 'method': 'additive', 'strength': 0.7, 'first_value_only': False, 'threshold': 1, 'threshold_method': 'max'}, '1': {'lag_1': 7, 'method': 20}, '2': {'rows': 1, 'lag': 28, 'method': 'multiplicative', 'strength': 1.0, 'first_value_only': False, 'threshold': None, 'threshold_method': 'mean'}}}",1.0,model.results,False,,,,,,
model_weights,152.0,0.0010499629965371132,inverse_rank_from_validation_score,Score,226.5238118580377,Ensemble,"{'model_name': 'BestN', 'model_count': 3, 'model_metric': 'horizontal', 'models': {'b52c8876f9849485b32c9cd995d206f2': {'Model': 'SeasonalNaive', 'ModelParameters': '{""method"": ""lastvalue"", ""lag_1"": 64, ""lag_2"": 12}', 'TransformationParameters': '{""fillna"": ""ffill"", ""transformations"": {""0"": ""AlignLastValue"", ""1"": ""bkfilter"", ""2"": ""RegressionFilter"", ""3"": ""PowerTransformer"", ""4"": ""FFTDecomposition""}, ""transformation_params"": {""0"": {""rows"": 1, ""lag"": 1, ""method"": ""additive"", ""strength"": 1.0, ""first_value_only"": false, ""threshold"": 1, ""threshold_method"": ""mean"", ""mean_type"": ""arithmetic""}, ""1"": {}, ""2"": {""sigma"": 2, ""rolling_window"": 90, ""run_order"": ""season_first"", ""regression_params"": {""regression_model"": {""model"": ""ElasticNet"", ""model_params"": {""l1_ratio"": 0.5, ""fit_intercept"": true, ""selection"": ""cyclic"", ""max_iter"": 1000}}, ""datepart_method"": ""anchored_segment_fourier:us_school"", ""polynomial_degree"": null, ""transform_dict"": null, ""holiday_countries_used"": true, ""lags"": null, ""forward_lags"": null}, ""holiday_params"": null, ""trend_method"": ""rolling_mean""}, ""3"": {}, ""4"": {""n_harmonics"": 10, ""detrend"": ""linear""}}}'}, 'b45e6182d5f3b0168c3bd9fb67794936': {'Model': 'SectionalMotif', 'ModelParameters': '{""window"": 30, ""point_method"": ""midhinge"", ""distance_metric"": ""canberra"", ""include_differenced"": false, ""k"": 10, ""stride_size"": 1, ""regression_type"": null, ""comparison_transformation"": null, ""combination_transformation"": null}', 'TransformationParameters': '{""fillna"": ""quadratic"", ""transformations"": {""0"": ""AlignLastValue"", ""1"": ""MaxAbsScaler"", ""2"": ""RegressionFilter"", ""3"": ""PowerTransformer"", ""4"": ""FFTFilter""}, ""transformation_params"": {""0"": {""rows"": 1, ""lag"": 1, ""method"": ""additive"", ""strength"": 1.0, ""first_value_only"": false, ""threshold"": 1, ""threshold_method"": ""mean"", ""mean_type"": ""arithmetic""}, ""1"": {}, ""2"": {""sigma"": 2, ""rolling_window"": 90, ""run_order"": ""season_first"", ""regression_params"": {""regression_model"": {""model"": ""ElasticNet"", ""model_params"": {""l1_ratio"": 0.5, ""fit_intercept"": true, ""selection"": ""cyclic"", ""max_iter"": 1000}}, ""datepart_method"": ""anchored_segment_fourier:us_school"", ""polynomial_degree"": null, ""transform_dict"": null, ""holiday_countries_used"": true, ""lags"": null, ""forward_lags"": null}, ""holiday_params"": null, ""trend_method"": ""rolling_mean""}, ""3"": {}, ""4"": {""cutoff"": 0.1, ""reverse"": false, ""on_transform"": true, ""on_inverse"": true}}}'}, 'e89a3b30b5276cefef55356f531cb97d': {'Model': 'UnivariateMotif', 'ModelParameters': '{""window"": 10, ""point_method"": ""weighted_mean"", ""distance_metric"": ""canberra"", ""k"": 10, ""max_windows"": 10000}', 'TransformationParameters': '{""fillna"": ""ffill"", ""transformations"": {""0"": ""MinMaxScaler"", ""1"": ""AlignLastValue"", ""2"": ""ScipyFilter""}, ""transformation_params"": {""0"": {}, ""1"": {""rows"": 1, ""lag"": 1, ""method"": ""additive"", ""strength"": 1.0, ""first_value_only"": false, ""threshold"": 1, ""threshold_method"": ""max"", ""mean_type"": ""arithmetic""}, ""2"": {""method"": ""butter"", ""method_args"": {""N"": 4, ""btype"": ""highpass"", ""analog"": false, ""output"": ""sos"", ""Wn"": 0.011904761904761904}}}}'}}, 'model_weights': {}, 'point_method': 'mean'}","{'fillna': 'ffill', 'transformations': {'0': 'AlignLastValue', '1': 'SeasonalDifference', '2': 'AlignLastValue'}, 'transformation_params': {'0': {'rows': 1, 'lag': 1, 'method': 'additive', 'strength': 0.7, 'first_value_only': False, 'threshold': 1, 'threshold_method': 'max'}, '1': {'lag_1': 7, 'method': 20}, '2': {'rows': 1, 'lag': 28, 'method': 'multiplicative', 'strength': 1.0, 'first_value_only': False, 'threshold': None, 'threshold_method': 'mean'}}}",1.0,model.results,False,,,,,,
model_weights,153.0,0.0010431004932917726,inverse_rank_from_validation_score,Score,226.53010608403855,Ensemble,"{'model_name': 'BestN', 'model_count': 3, 'model_metric': 'bestn_horizontal', 'models': {'b52c8876f9849485b32c9cd995d206f2': {'Model': 'SeasonalNaive', 'ModelParameters': '{""method"": ""lastvalue"", ""lag_1"": 64, ""lag_2"": 12}', 'TransformationParameters': '{""fillna"": ""ffill"", ""transformations"": {""0"": ""AlignLastValue"", ""1"": ""bkfilter"", ""2"": ""RegressionFilter"", ""3"": ""PowerTransformer"", ""4"": ""FFTDecomposition""}, ""transformation_params"": {""0"": {""rows"": 1, ""lag"": 1, ""method"": ""additive"", ""strength"": 1.0, ""first_value_only"": false, ""threshold"": 1, ""threshold_method"": ""mean"", ""mean_type"": ""arithmetic""}, ""1"": {}, ""2"": {""sigma"": 2, ""rolling_window"": 90, ""run_order"": ""season_first"", ""regression_params"": {""regression_model"": {""model"": ""ElasticNet"", ""model_params"": {""l1_ratio"": 0.5, ""fit_intercept"": true, ""selection"": ""cyclic"", ""max_iter"": 1000}}, ""datepart_method"": ""anchored_segment_fourier:us_school"", ""polynomial_degree"": null, ""transform_dict"": null, ""holiday_countries_used"": true, ""lags"": null, ""forward_lags"": null}, ""holiday_params"": null, ""trend_method"": ""rolling_mean""}, ""3"": {}, ""4"": {""n_harmonics"": 10, ""detrend"": ""linear""}}}'}, 'e89a3b30b5276cefef55356f531cb97d': {'Model': 'UnivariateMotif', 'ModelParameters': '{""window"": 10, ""point_method"": ""weighted_mean"", ""distance_metric"": ""canberra"", ""k"": 10, ""max_windows"": 10000}', 'TransformationParameters': '{""fillna"": ""ffill"", ""transformations"": {""0"": ""MinMaxScaler"", ""1"": ""AlignLastValue"", ""2"": ""ScipyFilter""}, ""transformation_params"": {""0"": {}, ""1"": {""rows"": 1, ""lag"": 1, ""method"": ""additive"", ""strength"": 1.0, ""first_value_only"": false, ""threshold"": 1, ""threshold_method"": ""max"", ""mean_type"": ""arithmetic""}, ""2"": {""method"": ""butter"", ""method_args"": {""N"": 4, ""btype"": ""highpass"", ""analog"": false, ""output"": ""sos"", ""Wn"": 0.011904761904761904}}}}'}, 'b45e6182d5f3b0168c3bd9fb67794936': {'Model': 'SectionalMotif', 'ModelParameters': '{""window"": 30, ""point_method"": ""midhinge"", ""distance_metric"": ""canberra"", ""include_differenced"": false, ""k"": 10, ""stride_size"": 1, ""regression_type"": null, ""comparison_transformation"": null, ""combination_transformation"": null}', 'TransformationParameters': '{""fillna"": ""quadratic"", ""transformations"": {""0"": ""AlignLastValue"", ""1"": ""MaxAbsScaler"", ""2"": ""RegressionFilter"", ""3"": ""PowerTransformer"", ""4"": ""FFTFilter""}, ""transformation_params"": {""0"": {""rows"": 1, ""lag"": 1, ""method"": ""additive"", ""strength"": 1.0, ""first_value_only"": false, ""threshold"": 1, ""threshold_method"": ""mean"", ""mean_type"": ""arithmetic""}, ""1"": {}, ""2"": {""sigma"": 2, ""rolling_window"": 90, ""run_order"": ""season_first"", ""regression_params"": {""regression_model"": {""model"": ""ElasticNet"", ""model_params"": {""l1_ratio"": 0.5, ""fit_intercept"": true, ""selection"": ""cyclic"", ""max_iter"": 1000}}, ""datepart_method"": ""anchored_segment_fourier:us_school"", ""polynomial_degree"": null, ""transform_dict"": null, ""holiday_countries_used"": true, ""lags"": null, ""forward_lags"": null}, ""holiday_params"": null, ""trend_method"": ""rolling_mean""}, ""3"": {}, ""4"": {""cutoff"": 0.1, ""reverse"": false, ""on_transform"": true, ""on_inverse"": true}}}'}}, 'model_weights': {'b52c8876f9849485b32c9cd995d206f2': 20.0, 'b45e6182d5f3b0168c3bd9fb67794936': 19.0, 'e89a3b30b5276cefef55356f531cb97d': 18.0}, 'point_method': 'mean'}","{'fillna': 'ffill', 'transformations': {'0': 'AlignLastValue', '1': 'SeasonalDifference', '2': 'AlignLastValue'}, 'transformation_params': {'0': {'rows': 1, 'lag': 1, 'method': 'additive', 'strength': 0.7, 'first_value_only': False, 'threshold': 1, 'threshold_method': 'max'}, '1': {'lag_1': 7, 'method': 20}, '2': {'rows': 1, 'lag': 28, 'method': 'multiplicative', 'strength': 1.0, 'first_value_only': False, 'threshold': None, 'threshold_method': 'mean'}}}",1.0,model.results,False,,,,,,
model_weights,154.0,0.0010363271134652028,inverse_rank_from_validation_score,Score,227.05179055526656,Ensemble,"{'model_name': 'BestN', 'model_count': 5, 'model_metric': 'mixed_metric', 'models': {'a28ec290170b13fd699d9f65cf8a8be5': {'Model': 'SeasonalNaive', 'ModelParameters': '{""method"": ""mean"", ""lag_1"": 64, ""lag_2"": 12}', 'TransformationParameters': '{""fillna"": ""ffill"", ""transformations"": {""0"": ""MinMaxScaler"", ""1"": ""DifferencedTransformer"", ""2"": ""ConvolutionFilter""}, ""transformation_params"": {""0"": {}, ""1"": {""lag"": 1, ""fill"": ""bfill""}, ""2"": {""weight"": [1.0, 0.5, 0.3333333333333333, 0.25, 0.2, 0.16666666666666666, 0.14285714285714285]}}}'}, 'b52c8876f9849485b32c9cd995d206f2': {'Model': 'SeasonalNaive', 'ModelParameters': '{""method"": ""lastvalue"", ""lag_1"": 64, ""lag_2"": 12}', 'TransformationParameters': '{""fillna"": ""ffill"", ""transformations"": {""0"": ""AlignLastValue"", ""1"": ""bkfilter"", ""2"": ""RegressionFilter"", ""3"": ""PowerTransformer"", ""4"": ""FFTDecomposition""}, ""transformation_params"": {""0"": {""rows"": 1, ""lag"": 1, ""method"": ""additive"", ""strength"": 1.0, ""first_value_only"": false, ""threshold"": 1, ""threshold_method"": ""mean"", ""mean_type"": ""arithmetic""}, ""1"": {}, ""2"": {""sigma"": 2, ""rolling_window"": 90, ""run_order"": ""season_first"", ""regression_params"": {""regression_model"": {""model"": ""ElasticNet"", ""model_params"": {""l1_ratio"": 0.5, ""fit_intercept"": true, ""selection"": ""cyclic"", ""max_iter"": 1000}}, ""datepart_method"": ""anchored_segment_fourier:us_school"", ""polynomial_degree"": null, ""transform_dict"": null, ""holiday_countries_used"": true, ""lags"": null, ""forward_lags"": null}, ""holiday_params"": null, ""trend_method"": ""rolling_mean""}, ""3"": {}, ""4"": {""n_harmonics"": 10, ""detrend"": ""linear""}}}'}, '3e349e3aaa1ceb062f73adbd8e0c389c': {'Model': 'SeasonalityMotif', 'ModelParameters': '{""window"": 30, ""point_method"": ""weighted_mean"", ""distance_metric"": ""mqae"", ""k"": 10, ""datepart_method"": ""simple_binarized"", ""independent"": false}', 'TransformationParameters': '{""fillna"": ""ffill"", ""transformations"": {""0"": ""ScipyFilter"", ""1"": ""AlignLastValue"", ""2"": ""bkfilter"", ""3"": ""RollingMean100thN"", ""4"": ""AlignLastValue""}, ""transformation_params"": {""0"": {""method"": ""butter"", ""method_args"": {""N"": 4, ""btype"": ""lowpass"", ""analog"": false, ""output"": ""sos"", ""Wn"": 0.08333333333333333}}, ""1"": {""rows"": 1, ""lag"": 28, ""method"": ""additive"", ""strength"": 0.2, ""first_value_only"": false, ""threshold"": 1, ""threshold_method"": ""max"", ""mean_type"": ""arithmetic""}, ""2"": {}, ""3"": {}, ""4"": {""rows"": 1, ""lag"": 1, ""method"": ""additive"", ""strength"": 1.0, ""first_value_only"": false, ""threshold"": null, ""threshold_method"": ""mean"", ""mean_type"": ""arithmetic""}}}'}, 'b45e6182d5f3b0168c3bd9fb67794936': {'Model': 'SectionalMotif', 'ModelParameters': '{""window"": 30, ""point_method"": ""midhinge"", ""distance_metric"": ""canberra"", ""include_differenced"": false, ""k"": 10, ""stride_size"": 1, ""regression_type"": null, ""comparison_transformation"": null, ""combination_transformation"": null}', 'TransformationParameters': '{""fillna"": ""quadratic"", ""transformations"": {""0"": ""AlignLastValue"", ""1"": ""MaxAbsScaler"", ""2"": ""RegressionFilter"", ""3"": ""PowerTransformer"", ""4"": ""FFTFilter""}, ""transformation_params"": {""0"": {""rows"": 1, ""lag"": 1, ""method"": ""additive"", ""strength"": 1.0, ""first_value_only"": false, ""threshold"": 1, ""threshold_method"": ""mean"", ""mean_type"": ""arithmetic""}, ""1"": {}, ""2"": {""sigma"": 2, ""rolling_window"": 90, ""run_order"": ""season_first"", ""regression_params"": {""regression_model"": {""model"": ""ElasticNet"", ""model_params"": {""l1_ratio"": 0.5, ""fit_intercept"": true, ""selection"": ""cyclic"", ""max_iter"": 1000}}, ""datepart_method"": ""anchored_segment_fourier:us_school"", ""polynomial_degree"": null, ""transform_dict"": null, ""holiday_countries_used"": true, ""lags"": null, ""forward_lags"": null}, ""holiday_params"": null, ""trend_method"": ""rolling_mean""}, ""3"": {}, ""4"": {""cutoff"": 0.1, ""reverse"": false, ""on_transform"": true, ""on_inverse"": true}}}'}, '759f4757070db9464a47d5b64481062e': {'Model': 'ARDL', 'ModelParameters': '{""lags"": 1, ""trend"": ""n"", ""order"": 1, ""causal"": false, ""regression_type"": ""holiday""}', 'TransformationParameters': '{""fillna"": ""fake_date"", ""transformations"": {""0"": ""IntermittentOccurrence""}, ""transformation_params"": {""0"": {""center"": ""mean""}}}'}}, 'point_method': 'median', 'model_weights': {}}","{'fillna': 'ffill', 'transformations': {'0': 'AlignLastValue', '1': 'SeasonalDifference', '2': 'AlignLastValue'}, 'transformation_params': {'0': {'rows': 1, 'lag': 1, 'method': 'additive', 'strength': 0.7, 'first_value_only': False, 'threshold': 1, 'threshold_method': 'max'}, '1': {'lag_1': 7, 'method': 20}, '2': {'rows': 1, 'lag': 28, 'method': 'multiplicative', 'strength': 1.0, 'first_value_only': False, 'threshold': None, 'threshold_method': 'mean'}}}",1.0,model.results,False,,,,,,
model_weights,155.0,0.0010296411320880078,inverse_rank_from_validation_score,Score,227.175816462091,Ensemble,"{'model_name': 'BestN', 'model_count': 3, 'model_metric': 'mixed_metric', 'models': {'a28ec290170b13fd699d9f65cf8a8be5': {'Model': 'SeasonalNaive', 'ModelParameters': '{""method"": ""mean"", ""lag_1"": 64, ""lag_2"": 12}', 'TransformationParameters': '{""fillna"": ""ffill"", ""transformations"": {""0"": ""MinMaxScaler"", ""1"": ""DifferencedTransformer"", ""2"": ""ConvolutionFilter""}, ""transformation_params"": {""0"": {}, ""1"": {""lag"": 1, ""fill"": ""bfill""}, ""2"": {""weight"": [1.0, 0.5, 0.3333333333333333, 0.25, 0.2, 0.16666666666666666, 0.14285714285714285]}}}'}, 'b52c8876f9849485b32c9cd995d206f2': {'Model': 'SeasonalNaive', 'ModelParameters': '{""method"": ""lastvalue"", ""lag_1"": 64, ""lag_2"": 12}', 'TransformationParameters': '{""fillna"": ""ffill"", ""transformations"": {""0"": ""AlignLastValue"", ""1"": ""bkfilter"", ""2"": ""RegressionFilter"", ""3"": ""PowerTransformer"", ""4"": ""FFTDecomposition""}, ""transformation_params"": {""0"": {""rows"": 1, ""lag"": 1, ""method"": ""additive"", ""strength"": 1.0, ""first_value_only"": false, ""threshold"": 1, ""threshold_method"": ""mean"", ""mean_type"": ""arithmetic""}, ""1"": {}, ""2"": {""sigma"": 2, ""rolling_window"": 90, ""run_order"": ""season_first"", ""regression_params"": {""regression_model"": {""model"": ""ElasticNet"", ""model_params"": {""l1_ratio"": 0.5, ""fit_intercept"": true, ""selection"": ""cyclic"", ""max_iter"": 1000}}, ""datepart_method"": ""anchored_segment_fourier:us_school"", ""polynomial_degree"": null, ""transform_dict"": null, ""holiday_countries_used"": true, ""lags"": null, ""forward_lags"": null}, ""holiday_params"": null, ""trend_method"": ""rolling_mean""}, ""3"": {}, ""4"": {""n_harmonics"": 10, ""detrend"": ""linear""}}}'}, '3e349e3aaa1ceb062f73adbd8e0c389c': {'Model': 'SeasonalityMotif', 'ModelParameters': '{""window"": 30, ""point_method"": ""weighted_mean"", ""distance_metric"": ""mqae"", ""k"": 10, ""datepart_method"": ""simple_binarized"", ""independent"": false}', 'TransformationParameters': '{""fillna"": ""ffill"", ""transformations"": {""0"": ""ScipyFilter"", ""1"": ""AlignLastValue"", ""2"": ""bkfilter"", ""3"": ""RollingMean100thN"", ""4"": ""AlignLastValue""}, ""transformation_params"": {""0"": {""method"": ""butter"", ""method_args"": {""N"": 4, ""btype"": ""lowpass"", ""analog"": false, ""output"": ""sos"", ""Wn"": 0.08333333333333333}}, ""1"": {""rows"": 1, ""lag"": 28, ""method"": ""additive"", ""strength"": 0.2, ""first_value_only"": false, ""threshold"": 1, ""threshold_method"": ""max"", ""mean_type"": ""arithmetic""}, ""2"": {}, ""3"": {}, ""4"": {""rows"": 1, ""lag"": 1, ""method"": ""additive"", ""strength"": 1.0, ""first_value_only"": false, ""threshold"": null, ""threshold_method"": ""mean"", ""mean_type"": ""arithmetic""}}}'}}, 'model_weights': {}, 'point_method': 'mean'}","{'fillna': 'ffill', 'transformations': {'0': 'AlignLastValue', '1': 'SeasonalDifference', '2': 'AlignLastValue'}, 'transformation_params': {'0': {'rows': 1, 'lag': 1, 'method': 'additive', 'strength': 0.7, 'first_value_only': False, 'threshold': 1, 'threshold_method': 'max'}, '1': {'lag_1': 7, 'method': 20}, '2': {'rows': 1, 'lag': 28, 'method': 'multiplicative', 'strength': 1.0, 'first_value_only': False, 'threshold': None, 'threshold_method': 'mean'}}}",1.0,model.results,False,,,,,,
model_weights,156.0,0.001023040868420777,inverse_rank_from_validation_score,Score,227.5318114268557,Ensemble,"{'model_name': 'BestN', 'model_count': 5, 'model_metric': 'best_score_unique', 'models': {'b52c8876f9849485b32c9cd995d206f2': {'Model': 'SeasonalNaive', 'ModelParameters': '{""method"": ""lastvalue"", ""lag_1"": 64, ""lag_2"": 12}', 'TransformationParameters': '{""fillna"": ""ffill"", ""transformations"": {""0"": ""AlignLastValue"", ""1"": ""bkfilter"", ""2"": ""RegressionFilter"", ""3"": ""PowerTransformer"", ""4"": ""FFTDecomposition""}, ""transformation_params"": {""0"": {""rows"": 1, ""lag"": 1, ""method"": ""additive"", ""strength"": 1.0, ""first_value_only"": false, ""threshold"": 1, ""threshold_method"": ""mean"", ""mean_type"": ""arithmetic""}, ""1"": {}, ""2"": {""sigma"": 2, ""rolling_window"": 90, ""run_order"": ""season_first"", ""regression_params"": {""regression_model"": {""model"": ""ElasticNet"", ""model_params"": {""l1_ratio"": 0.5, ""fit_intercept"": true, ""selection"": ""cyclic"", ""max_iter"": 1000}}, ""datepart_method"": ""anchored_segment_fourier:us_school"", ""polynomial_degree"": null, ""transform_dict"": null, ""holiday_countries_used"": true, ""lags"": null, ""forward_lags"": null}, ""holiday_params"": null, ""trend_method"": ""rolling_mean""}, ""3"": {}, ""4"": {""n_harmonics"": 10, ""detrend"": ""linear""}}}'}, '483bc03fb7d41bd6b09ed562ac44c517': {'Model': 'SeasonalityMotif', 'ModelParameters': '{""window"": 30, ""point_method"": ""weighted_mean"", ""distance_metric"": ""mqae"", ""k"": 15, ""datepart_method"": ""common_fourier"", ""independent"": true}', 'TransformationParameters': '{""fillna"": ""ffill"", ""transformations"": {""0"": null}, ""transformation_params"": {""0"": {}}}'}, '759f4757070db9464a47d5b64481062e': {'Model': 'ARDL', 'ModelParameters': '{""lags"": 1, ""trend"": ""n"", ""order"": 1, ""causal"": false, ""regression_type"": ""holiday""}', 'TransformationParameters': '{""fillna"": ""fake_date"", ""transformations"": {""0"": ""IntermittentOccurrence""}, ""transformation_params"": {""0"": {""center"": ""mean""}}}'}, 'e89a3b30b5276cefef55356f531cb97d': {'Model': 'UnivariateMotif', 'ModelParameters': '{""window"": 10, ""point_method"": ""weighted_mean"", ""distance_metric"": ""canberra"", ""k"": 10, ""max_windows"": 10000}', 'TransformationParameters': '{""fillna"": ""ffill"", ""transformations"": {""0"": ""MinMaxScaler"", ""1"": ""AlignLastValue"", ""2"": ""ScipyFilter""}, ""transformation_params"": {""0"": {}, ""1"": {""rows"": 1, ""lag"": 1, ""method"": ""additive"", ""strength"": 1.0, ""first_value_only"": false, ""threshold"": 1, ""threshold_method"": ""max"", ""mean_type"": ""arithmetic""}, ""2"": {""method"": ""butter"", ""method_args"": {""N"": 4, ""btype"": ""highpass"", ""analog"": false, ""output"": ""sos"", ""Wn"": 0.011904761904761904}}}}'}, '23c85c773110afcdc5c3a31becf66854': {'Model': 'RRVAR', 'ModelParameters': '{""method"": ""als"", ""rank"": 16, ""maxiter"": 200}', 'TransformationParameters': '{""fillna"": ""nearest"", ""transformations"": {""0"": ""AlignLastValue"", ""1"": ""PowerTransformer""}, ""transformation_params"": {""0"": {""rows"": 1, ""lag"": 1, ""method"": ""additive"", ""strength"": 0.5, ""first_value_only"": false, ""threshold"": 10, ""threshold_method"": ""max"", ""mean_type"": ""arithmetic""}, ""1"": {}}}'}}, 'point_method': 'midhinge', 'model_weights': {}}","{'fillna': 'ffill', 'transformations': {'0': 'AlignLastValue', '1': 'SeasonalDifference', '2': 'AlignLastValue'}, 'transformation_params': {'0': {'rows': 1, 'lag': 1, 'method': 'additive', 'strength': 0.7, 'first_value_only': False, 'threshold': 1, 'threshold_method': 'max'}, '1': {'lag_1': 7, 'method': 20}, '2': {'rows': 1, 'lag': 28, 'method': 'multiplicative', 'strength': 1.0, 'first_value_only': False, 'threshold': None, 'threshold_method': 'mean'}}}",1.0,model.results,False,,,,,,
model_weights,157.0,0.0010165246845454856,inverse_rank_from_validation_score,Score,227.6769958688163,Ensemble,"{'model_name': 'BestN', 'model_count': 5, 'model_metric': 'bestn_horizontal', 'models': {'b52c8876f9849485b32c9cd995d206f2': {'Model': 'SeasonalNaive', 'ModelParameters': '{""method"": ""lastvalue"", ""lag_1"": 64, ""lag_2"": 12}', 'TransformationParameters': '{""fillna"": ""ffill"", ""transformations"": {""0"": ""AlignLastValue"", ""1"": ""bkfilter"", ""2"": ""RegressionFilter"", ""3"": ""PowerTransformer"", ""4"": ""FFTDecomposition""}, ""transformation_params"": {""0"": {""rows"": 1, ""lag"": 1, ""method"": ""additive"", ""strength"": 1.0, ""first_value_only"": false, ""threshold"": 1, ""threshold_method"": ""mean"", ""mean_type"": ""arithmetic""}, ""1"": {}, ""2"": {""sigma"": 2, ""rolling_window"": 90, ""run_order"": ""season_first"", ""regression_params"": {""regression_model"": {""model"": ""ElasticNet"", ""model_params"": {""l1_ratio"": 0.5, ""fit_intercept"": true, ""selection"": ""cyclic"", ""max_iter"": 1000}}, ""datepart_method"": ""anchored_segment_fourier:us_school"", ""polynomial_degree"": null, ""transform_dict"": null, ""holiday_countries_used"": true, ""lags"": null, ""forward_lags"": null}, ""holiday_params"": null, ""trend_method"": ""rolling_mean""}, ""3"": {}, ""4"": {""n_harmonics"": 10, ""detrend"": ""linear""}}}'}, 'a28ec290170b13fd699d9f65cf8a8be5': {'Model': 'SeasonalNaive', 'ModelParameters': '{""method"": ""mean"", ""lag_1"": 64, ""lag_2"": 12}', 'TransformationParameters': '{""fillna"": ""ffill"", ""transformations"": {""0"": ""MinMaxScaler"", ""1"": ""DifferencedTransformer"", ""2"": ""ConvolutionFilter""}, ""transformation_params"": {""0"": {}, ""1"": {""lag"": 1, ""fill"": ""bfill""}, ""2"": {""weight"": [1.0, 0.5, 0.3333333333333333, 0.25, 0.2, 0.16666666666666666, 0.14285714285714285]}}}'}, '483bc03fb7d41bd6b09ed562ac44c517': {'Model': 'SeasonalityMotif', 'ModelParameters': '{""window"": 30, ""point_method"": ""weighted_mean"", ""distance_metric"": ""mqae"", ""k"": 15, ""datepart_method"": ""common_fourier"", ""independent"": true}', 'TransformationParameters': '{""fillna"": ""ffill"", ""transformations"": {""0"": null}, ""transformation_params"": {""0"": {}}}'}, 'd00109751cdbcbd8ed2960d92095ef47': {'Model': 'SeasonalityMotif', 'ModelParameters': '{""window"": 5, ""point_method"": ""weighted_mean"", ""distance_metric"": ""mqae"", ""k"": 15, ""datepart_method"": ""common_fourier"", ""independent"": true}', 'TransformationParameters': '{""fillna"": ""ffill"", ""transformations"": {""0"": ""RegressionFilter"", ""1"": ""PowerTransformer""}, ""transformation_params"": {""0"": {""sigma"": 2, ""rolling_window"": 90, ""run_order"": ""season_first"", ""regression_params"": {""regression_model"": {""model"": ""ElasticNet"", ""model_params"": {""l1_ratio"": 0.5, ""fit_intercept"": true, ""selection"": ""cyclic"", ""max_iter"": 1000}}, ""datepart_method"": ""anchored_segment_fourier:us_school"", ""polynomial_degree"": null, ""transform_dict"": null, ""holiday_countries_used"": true, ""lags"": null, ""forward_lags"": null}, ""holiday_params"": null, ""trend_method"": ""rolling_mean""}, ""1"": {}}}'}, '759f4757070db9464a47d5b64481062e': {'Model': 'ARDL', 'ModelParameters': '{""lags"": 1, ""trend"": ""n"", ""order"": 1, ""causal"": false, ""regression_type"": ""holiday""}', 'TransformationParameters': '{""fillna"": ""fake_date"", ""transformations"": {""0"": ""IntermittentOccurrence""}, ""transformation_params"": {""0"": {""center"": ""mean""}}}'}}, 'point_method': 'median', 'model_weights': {}}","{'fillna': 'ffill', 'transformations': {'0': 'AlignLastValue', '1': 'SeasonalDifference', '2': 'AlignLastValue'}, 'transformation_params': {'0': {'rows': 1, 'lag': 1, 'method': 'additive', 'strength': 0.7, 'first_value_only': False, 'threshold': 1, 'threshold_method': 'max'}, '1': {'lag_1': 7, 'method': 20}, '2': {'rows': 1, 'lag': 28, 'method': 'multiplicative', 'strength': 1.0, 'first_value_only': False, 'threshold': None, 'threshold_method': 'mean'}}}",1.0,model.results,False,,,,,,
model_weights,158.0,0.0010100909840103874,inverse_rank_from_validation_score,Score,227.88553180903588,Ensemble,"{'model_name': 'BestN', 'model_count': 3, 'model_metric': 'best_score_unique', 'models': {'b52c8876f9849485b32c9cd995d206f2': {'Model': 'SeasonalNaive', 'ModelParameters': '{""method"": ""lastvalue"", ""lag_1"": 64, ""lag_2"": 12}', 'TransformationParameters': '{""fillna"": ""ffill"", ""transformations"": {""0"": ""AlignLastValue"", ""1"": ""bkfilter"", ""2"": ""RegressionFilter"", ""3"": ""PowerTransformer"", ""4"": ""FFTDecomposition""}, ""transformation_params"": {""0"": {""rows"": 1, ""lag"": 1, ""method"": ""additive"", ""strength"": 1.0, ""first_value_only"": false, ""threshold"": 1, ""threshold_method"": ""mean"", ""mean_type"": ""arithmetic""}, ""1"": {}, ""2"": {""sigma"": 2, ""rolling_window"": 90, ""run_order"": ""season_first"", ""regression_params"": {""regression_model"": {""model"": ""ElasticNet"", ""model_params"": {""l1_ratio"": 0.5, ""fit_intercept"": true, ""selection"": ""cyclic"", ""max_iter"": 1000}}, ""datepart_method"": ""anchored_segment_fourier:us_school"", ""polynomial_degree"": null, ""transform_dict"": null, ""holiday_countries_used"": true, ""lags"": null, ""forward_lags"": null}, ""holiday_params"": null, ""trend_method"": ""rolling_mean""}, ""3"": {}, ""4"": {""n_harmonics"": 10, ""detrend"": ""linear""}}}'}, '483bc03fb7d41bd6b09ed562ac44c517': {'Model': 'SeasonalityMotif', 'ModelParameters': '{""window"": 30, ""point_method"": ""weighted_mean"", ""distance_metric"": ""mqae"", ""k"": 15, ""datepart_method"": ""common_fourier"", ""independent"": true}', 'TransformationParameters': '{""fillna"": ""ffill"", ""transformations"": {""0"": null}, ""transformation_params"": {""0"": {}}}'}, '759f4757070db9464a47d5b64481062e': {'Model': 'ARDL', 'ModelParameters': '{""lags"": 1, ""trend"": ""n"", ""order"": 1, ""causal"": false, ""regression_type"": ""holiday""}', 'TransformationParameters': '{""fillna"": ""fake_date"", ""transformations"": {""0"": ""IntermittentOccurrence""}, ""transformation_params"": {""0"": {""center"": ""mean""}}}'}}, 'model_weights': {}, 'point_method': 'mean'}","{'fillna': 'ffill', 'transformations': {'0': 'AlignLastValue', '1': 'SeasonalDifference', '2': 'AlignLastValue'}, 'transformation_params': {'0': {'rows': 1, 'lag': 1, 'method': 'additive', 'strength': 0.7, 'first_value_only': False, 'threshold': 1, 'threshold_method': 'max'}, '1': {'lag_1': 7, 'method': 20}, '2': {'rows': 1, 'lag': 28, 'method': 'multiplicative', 'strength': 1.0, 'first_value_only': False, 'threshold': None, 'threshold_method': 'mean'}}}",1.0,model.results,False,,,,,,
model_weights,159.0,0.0010037382105260455,inverse_rank_from_validation_score,Score,228.1055966687883,Ensemble,"{'model_name': 'BestN', 'model_count': 3, 'model_metric': 'best_score', 'models': {'b52c8876f9849485b32c9cd995d206f2': {'Model': 'SeasonalNaive', 'ModelParameters': '{""method"": ""lastvalue"", ""lag_1"": 64, ""lag_2"": 12}', 'TransformationParameters': '{""fillna"": ""ffill"", ""transformations"": {""0"": ""AlignLastValue"", ""1"": ""bkfilter"", ""2"": ""RegressionFilter"", ""3"": ""PowerTransformer"", ""4"": ""FFTDecomposition""}, ""transformation_params"": {""0"": {""rows"": 1, ""lag"": 1, ""method"": ""additive"", ""strength"": 1.0, ""first_value_only"": false, ""threshold"": 1, ""threshold_method"": ""mean"", ""mean_type"": ""arithmetic""}, ""1"": {}, ""2"": {""sigma"": 2, ""rolling_window"": 90, ""run_order"": ""season_first"", ""regression_params"": {""regression_model"": {""model"": ""ElasticNet"", ""model_params"": {""l1_ratio"": 0.5, ""fit_intercept"": true, ""selection"": ""cyclic"", ""max_iter"": 1000}}, ""datepart_method"": ""anchored_segment_fourier:us_school"", ""polynomial_degree"": null, ""transform_dict"": null, ""holiday_countries_used"": true, ""lags"": null, ""forward_lags"": null}, ""holiday_params"": null, ""trend_method"": ""rolling_mean""}, ""3"": {}, ""4"": {""n_harmonics"": 10, ""detrend"": ""linear""}}}'}, 'a28ec290170b13fd699d9f65cf8a8be5': {'Model': 'SeasonalNaive', 'ModelParameters': '{""method"": ""mean"", ""lag_1"": 64, ""lag_2"": 12}', 'TransformationParameters': '{""fillna"": ""ffill"", ""transformations"": {""0"": ""MinMaxScaler"", ""1"": ""DifferencedTransformer"", ""2"": ""ConvolutionFilter""}, ""transformation_params"": {""0"": {}, ""1"": {""lag"": 1, ""fill"": ""bfill""}, ""2"": {""weight"": [1.0, 0.5, 0.3333333333333333, 0.25, 0.2, 0.16666666666666666, 0.14285714285714285]}}}'}, '483bc03fb7d41bd6b09ed562ac44c517': {'Model': 'SeasonalityMotif', 'ModelParameters': '{""window"": 30, ""point_method"": ""weighted_mean"", ""distance_metric"": ""mqae"", ""k"": 15, ""datepart_method"": ""common_fourier"", ""independent"": true}', 'TransformationParameters': '{""fillna"": ""ffill"", ""transformations"": {""0"": null}, ""transformation_params"": {""0"": {}}}'}}, 'model_weights': {}, 'point_method': 'mean'}","{'fillna': 'ffill', 'transformations': {'0': 'AlignLastValue', '1': 'SeasonalDifference', '2': 'AlignLastValue'}, 'transformation_params': {'0': {'rows': 1, 'lag': 1, 'method': 'additive', 'strength': 0.7, 'first_value_only': False, 'threshold': 1, 'threshold_method': 'max'}, '1': {'lag_1': 7, 'method': 20}, '2': {'rows': 1, 'lag': 28, 'method': 'multiplicative', 'strength': 1.0, 'first_value_only': False, 'threshold': None, 'threshold_method': 'mean'}}}",1.0,model.results,False,,,,,,
model_weights,160.0,0.0009974648467102577,inverse_rank_from_validation_score,Score,229.0533499719624,AverageValueNaive,"{'method': 'Exp_Weighted_Mean', 'window': 2}","{'fillna': 'zero', 'transformations': {'0': 'DifferencedTransformer', '1': 'AlignLastValue', '2': 'EWMAFilter', '3': 'DifferencedTransformer', '4': 'CumSumTransformer'}, 'transformation_params': {'0': {'lag': 1, 'fill': 'zero'}, '1': {'rows': 1, 'lag': 1, 'method': 'additive', 'strength': 1.0, 'first_value_only': False, 'threshold': 1, 'threshold_method': 'max', 'mean_type': 'arithmetic'}, '2': {'span': 12}, '3': {'lag': 1, 'fill': 'bfill'}, '4': {}}}",0.0,model.results,False,,,,,,
model_weights,161.0,0.000991269412879759,inverse_rank_from_validation_score,Score,229.33127829734843,ETS,"{'damped_trend': False, 'trend': None, 'seasonal': 'additive', 'seasonal_periods': 28, 'method': None}","{'fillna': 'zero', 'transformations': {'0': 'MaxAbsScaler', '1': 'Slice'}, 'transformation_params': {'0': {}, '1': {'method': 100}}}",0.0,model.results,False,,,,,,
model_weights,162.0,0.000985150465886674,inverse_rank_from_validation_score,Score,236.8287758195849,SeasonalityMotif,"{'window': 30, 'point_method': 'trimmed_mean_20', 'distance_metric': 'mse', 'k': 15, 'datepart_method': 'expanded', 'independent': True}","{'fillna': 'time', 'transformations': {'0': 'ThetaTransformer', '1': 'MaxAbsScaler', '2': 'AlignLastValue', '3': 'ShiftFirstValue', '4': 'DifferencedTransformer'}, 'transformation_params': {'0': {'theta_values': [0, 1, 2]}, '1': {}, '2': {'rows': 168, 'lag': 1, 'method': 'additive', 'strength': 1.0, 'first_value_only': False, 'threshold': None, 'threshold_method': 'mean', 'mean_type': 'arithmetic'}, '3': {'rows': 7}, '4': {'lag': 7, 'fill': 'bfill'}}}",0.0,model.results,False,,,,,,
model_weights,163.0,0.0009791065979977988,inverse_rank_from_validation_score,Score,238.0435676123875,AverageValueNaive,"{'method': 'Mean', 'window': None}","{'fillna': 'mean', 'transformations': {'0': 'QuantileTransformer', '1': 'HPFilter', '2': 'ScipyFilter', '3': 'cffilter'}, 'transformation_params': {'0': {'output_distribution': 'uniform', 'n_quantiles': 100}, '1': {'part': 'trend', 'lamb': 6.25}, '2': {'method': 'savgol_filter', 'method_args': {'window_length': 91, 'polyorder': 2, 'deriv': 0, 'mode': 'interp'}}, '3': {}}}",0.0,model.results,False,,,,,,
model_weights,164.0,0.0009731364358148855,inverse_rank_from_validation_score,Score,239.5221000682199,UnivariateMotif,"{'window': 28, 'point_method': 'midhinge', 'distance_metric': 'jensenshannon', 'k': 5, 'max_windows': 10000}","{'fillna': 'ffill', 'transformations': {'0': 'AlignLastValue', '1': 'SeasonalDifference', '2': 'DifferencedTransformer'}, 'transformation_params': {'0': {'rows': 1, 'lag': 1, 'method': 'additive', 'strength': 1.0, 'first_value_only': False, 'threshold': 10, 'threshold_method': 'mean', 'mean_type': 'arithmetic'}, '1': {'lag_1': 7, 'method': 'LastValue'}, '2': {'lag': 1, 'fill': 'zero'}}}",0.0,model.results,False,,,,,,
model_weights,165.0,0.0009672386392341892,inverse_rank_from_validation_score,Score,242.2108781988572,GLM,"{'family': 'Binomial', 'constant': False, 'regression_type': 'datepart', 'changepoint_spacing': None}","{'fillna': 'ffill_mean_biased', 'transformations': {'0': 'ClipOutliers', '1': 'QuantileTransformer'}, 'transformation_params': {'0': {'method': 'clip', 'std_threshold': 4, 'fillna': None}, '1': {'output_distribution': 'uniform', 'n_quantiles': 103}}}",0.0,model.results,False,,,,,,
model_weights,166.0,0.0009614119004436218,inverse_rank_from_validation_score,Score,245.18728702609258,AverageValueNaive,"{'method': 'Median', 'window': None}","{'fillna': 'zero', 'transformations': {'0': 'bkfilter'}, 'transformation_params': {'0': {}}}",0.0,model.results,False,,,,,,
model_weights,167.0,0.0009556549429559355,inverse_rank_from_validation_score,Score,246.9308659023794,ARDL,"{'lags': 4, 'trend': 'n', 'order': 1, 'causal': False, 'regression_type': 'holiday'}","{'fillna': 'fake_date', 'transformations': {'0': 'IntermittentOccurrence'}, 'transformation_params': {'0': {'center': 'mean'}}}",0.0,model.results,False,,,,,,
model_weights,168.0,0.0009499665206764358,inverse_rank_from_validation_score,Score,247.82710739423473,GLS,"{'changepoint_spacing': None, 'changepoint_distance_end': None, 'constant': False}","{'fillna': 'ffill', 'transformations': {'0': 'AlignLastValue', '1': 'HistoricValues', '2': 'ClipOutliers', '3': 'FFTDecomposition'}, 'transformation_params': {'0': {'rows': 1, 'lag': 1, 'method': 'additive', 'strength': 1.0, 'first_value_only': False, 'threshold': None, 'threshold_method': 'mean', 'mean_type': 'arithmetic'}, '1': {'window': 100}, '2': {'method': 'clip', 'std_threshold': 1, 'fillna': None}, '3': {'n_harmonics': -0.5, 'detrend': None}}}",0.0,model.results,False,,,,,,
model_weights,169.0,0.0009443454170037942,inverse_rank_from_validation_score,Score,248.56431948626334,DMD,"{'rank': 2, 'alpha': 1, 'amplitude_threshold': None, 'eigenvalue_threshold': 1}","{'fillna': 'ffill', 'transformations': {'0': 'CenterSplit', '1': 'Round'}, 'transformation_params': {'0': {'fillna': 'ffill', 'center': 'median'}, '1': {'decimals': 0, 'on_transform': False, 'on_inverse': True}}}",0.0,model.results,False,,,,,,
model_weights,170.0,0.0009387904439625954,inverse_rank_from_validation_score,Score,251.02761634550671,SeasonalNaive,"{'method': 'lastvalue', 'lag_1': 2, 'lag_2': 1}","{'fillna': 'rolling_mean_24', 'transformations': {'0': 'SeasonalDifference', '1': 'QuantileTransformer', '2': 'Detrend'}, 'transformation_params': {'0': {'lag_1': 12, 'method': 'Median'}, '1': {'output_distribution': 'uniform', 'n_quantiles': 103}, '2': {'model': 'GLS'}}}",0.0,model.results,False,,,,,,
model_weights,171.0,0.0009333004413663229,inverse_rank_from_validation_score,Score,252.6480232107329,GLS,"{'changepoint_spacing': None, 'changepoint_distance_end': None, 'constant': False}","{'fillna': 'median', 'transformations': {'0': 'ClipOutliers', '1': 'QuantileTransformer', '2': 'RobustScaler', '3': 'Round', '4': 'MaxAbsScaler'}, 'transformation_params': {'0': {'method': 'clip', 'std_threshold': 3.5, 'fillna': None}, '1': {'output_distribution': 'uniform', 'n_quantiles': 103}, '2': {}, '3': {'model': 'middle', 'decimals': 2, 'on_transform': True, 'on_inverse': True}, '4': {}}}",0.0,model.results,False,,,,,,
model_weights,172.0,0.0009278742760095419,inverse_rank_from_validation_score,Score,256.20539049964634,WindowRegression,"{'window_size': 28, 'input_dim': 'univariate', 'output_dim': '1step', 'normalize_window': False, 'max_windows': 500000, 'fourier_encoding_components': 2, 'scale': True, 'datepart_method': None, 'regression_type': 'User', 'regression_model': {'model': 'HistGradientBoost', 'model_params': {'loss': 'squared_error', 'learning_rate': 0.1, 'max_depth': None, 'min_samples_leaf': 20, 'max_iter': 100, 'l2_regularization': 0}}}","{'fillna': 'ffill', 'transformations': {'0': 'AlignLastValue', '1': 'PositiveShift', '2': 'RegressionFilter', '3': 'SeasonalDifference', '4': 'Detrend'}, 'transformation_params': {'0': {'rows': 1, 'lag': 1, 'method': 'additive', 'strength': 1.0, 'first_value_only': False, 'threshold': 1, 'threshold_method': 'mean', 'mean_type': 'arithmetic'}, '1': {}, '2': {'sigma': 2, 'rolling_window': 90, 'run_order': 'season_first', 'regression_params': {'regression_model': {'model': 'ElasticNet', 'model_params': {'l1_ratio': 0.5, 'fit_intercept': True, 'selection': 'cyclic', 'max_iter': 1000}}, 'datepart_method': 'anchored_segment_fourier:us_school', 'polynomial_degree': None, 'transform_dict': None, 'holiday_countries_used': True, 'lags': None, 'forward_lags': None}, 'holiday_params': None, 'trend_method': 'rolling_mean'}, '3': {'lag_1': 7, 'method': 'LastValue'}, '4': {'model': 'Linear', 'phi': 1, 'window': None, 'transform_dict': None}}}",0.0,model.results,False,,,,,,
model_weights,173.0,0.0009225108408880995,inverse_rank_from_validation_score,Score,263.67806687526473,BasicLinearModel,"{'datepart_method': 'simple', 'changepoint_spacing': 180, 'changepoint_distance_end': 60, 'regression_type': None, 'lambda_': None, 'trend_phi': 0.97, 'holiday_countries_used': False}","{'fillna': 'ffill', 'transformations': {'0': 'bkfilter', '1': 'AlignLastValue'}, 'transformation_params': {'0': {}, '1': {'rows': 1, 'lag': 28, 'method': 'additive', 'strength': 1.0, 'first_value_only': False, 'threshold': None, 'threshold_method': 'max', 'mean_type': 'arithmetic'}}}",0.0,model.results,False,,,,,,
model_weights,174.0,0.0009172090544462139,inverse_rank_from_validation_score,Score,273.3856197632634,SeasonalityMotif,"{'window': 30, 'point_method': 'weighted_mean', 'distance_metric': 'mqae', 'k': 10, 'datepart_method': 'simple_binarized', 'independent': False}","{'fillna': 'ffill', 'transformations': {'0': 'RollingMeanTransformer', '1': 'MaxAbsScaler', '2': 'MinMaxScaler', '3': 'AlignLastValue', '4': 'G726Filter'}, 'transformation_params': {'0': {'fixed': True, 'window': 7, 'macro_micro': False, 'center': True, 'mean_type': 'arithmetic'}, '1': {}, '2': {}, '3': {'rows': 1, 'lag': 84, 'method': 'additive', 'strength': 0.5, 'first_value_only': False, 'threshold': 1, 'threshold_method': 'mean', 'mean_type': 'arithmetic'}, '4': {'quant_bits': 4, 'adaptation_rate': 0.9466376419175181, 'prediction_alpha': 0.7071615466616381, 'floor_step': 0.03246960028160195, 'dynamic_range': 1.6919106759022695, 'blend': 0.20504474493337405, 'noise_gate': 0.043945198507710226, 'fill_method': 'interpolate', 'on_transform': True, 'on_inverse': False, 'quantizer': 'nonuniform', 'use_adaptive_predictor': True, 'predictor_leak': 0.9998985598962995, 'bounds_only': False}}}",0.0,model.results,False,,,,,,
model_weights,175.0,0.0009119678598493784,inverse_rank_from_validation_score,Score,273.5981631519567,WindowRegression,"{'window_size': 10, 'input_dim': 'univariate', 'output_dim': 'forecast_length', 'normalize_window': False, 'max_windows': 5000, 'fourier_encoding_components': None, 'scale': True, 'datepart_method': None, 'regression_type': None, 'regression_model': {'model': 'LightGBM', 'model_params': {'objective': 'mape', 'learning_rate': 0.01, 'num_leaves': 2048, 'max_depth': -1, 'boosting_type': 'dart', 'n_estimators': 50, 'linear_tree': False, 'lambda_l1': 0.0, 'lambda_l2': 0.0, 'min_data_in_leaf': 30, 'feature_fraction': 0.5, 'max_bin': 255}}}","{'fillna': 'ffill', 'transformations': {'0': 'SeasonalDifference', '1': 'AlignLastValue', '2': 'DatepartRegression'}, 'transformation_params': {'0': {'lag_1': 12, 'method': 'Mean'}, '1': {'rows': 1, 'lag': 1, 'method': 'additive', 'strength': 1.0, 'first_value_only': False, 'threshold': 10, 'threshold_method': 'max', 'mean_type': 'arithmetic'}, '2': {'regression_model': {'model': 'DecisionTree', 'model_params': {'max_depth': 3, 'min_samples_split': 0.05}}, 'datepart_method': 'common_fourier', 'polynomial_degree': None, 'transform_dict': {'fillna': None, 'transformations': {'0': 'bkfilter'}, 'transformation_params': {'0': {}}}, 'holiday_countries_used': False, 'lags': None, 'forward_lags': None}}}",0.0,model.results,False,,,,,,
model_weights,176.0,0.0009067862242820524,inverse_rank_from_validation_score,Score,282.7863151839655,AverageValueNaive,"{'method': 'Mean', 'window': None}","{'fillna': 'ffill', 'transformations': {'0': 'AlignLastValue', '1': 'Log'}, 'transformation_params': {'0': {'rows': 168, 'lag': 1, 'method': 'multiplicative', 'strength': 1.0, 'first_value_only': False, 'threshold': 10, 'threshold_method': 'mean', 'mean_type': 'arithmetic'}, '1': {}}}",0.0,model.results,False,,,,,,
model_weights,177.0,0.0009016631382691594,inverse_rank_from_validation_score,Score,282.9057099794568,LastValueNaive,{},"{'fillna': 'rolling_mean_24', 'transformations': {'0': 'QuantileTransformer', '1': 'Detrend', '2': 'AlignLastValue'}, 'transformation_params': {'0': {'output_distribution': 'uniform', 'n_quantiles': 103}, '1': {'model': 'GLS', 'phi': 0.99, 'window': 10, 'transform_dict': None}, '2': {'rows': 1, 'lag': 7, 'method': 'additive', 'strength': 1.0, 'first_value_only': False, 'threshold': None, 'threshold_method': 'max', 'mean_type': 'arithmetic'}}}",0.0,model.results,False,,,,,,
model_weights,178.0,0.0008965976150204563,inverse_rank_from_validation_score,Score,284.74010276302096,SeasonalityMotif,"{'window': 15, 'point_method': 'midhinge', 'distance_metric': 'chebyshev', 'k': 1, 'datepart_method': 'common_fourier_rw_lag', 'independent': False}","{'fillna': 'zero', 'transformations': {'0': 'AlignLastValue', '1': 'CenterSplit', '2': 'AlignLastValue'}, 'transformation_params': {'0': {'rows': 1, 'lag': 1, 'method': 'additive', 'strength': 1.0, 'first_value_only': False, 'threshold': 1, 'threshold_method': 'max', 'mean_type': 'arithmetic'}, '1': {'fillna': 'linear', 'center': 'zero'}, '2': {'rows': 1, 'lag': 1, 'method': 'additive', 'strength': 1.0, 'first_value_only': False, 'threshold': 10, 'threshold_method': 'max', 'mean_type': 'arithmetic'}}}",0.0,model.results,False,,,,,,
model_weights,179.0,0.0008915886897968784,inverse_rank_from_validation_score,Score,294.8094789647246,Cassandra,"{'preprocessing_transformation': {'fillna': 'mean', 'transformations': {'0': 'SeasonalDifference'}, 'transformation_params': {'0': {'lag_1': 7, 'method': 'Mean'}}}, 'scaling': 'BaseScaler', 'past_impacts_intervention': None, 'seasonalities': ['dayofweek', 365.25], 'ar_lags': None, 'ar_interaction_seasonality': None, 'anomaly_detector_params': {'method': 'mad', 'method_params': {'distribution': 'chi2', 'alpha': 0.05}, 'fillna': 'ffill', 'transform_dict': None, 'isolated_only': True, 'on_inverse': False}, 'anomaly_intervention': 'remove', 'holiday_detector_params': {'threshold': 0.9, 'splash_threshold': None, 'use_dayofmonth_holidays': True, 'use_wkdom_holidays': True, 'use_wkdeom_holidays': False, 'use_lunar_holidays': False, 'use_lunar_weekday': False, 'use_islamic_holidays': True, 'use_hebrew_holidays': False, 'use_hindu_holidays': False, 'anomaly_detector_params': {'method': 'nonparametric', 'method_params': {'p': None, 'z_init': 2.0, 'z_limit': 12, 'z_step': 0.25, 'inverse': False, 'max_contamination': 0.25, 'mean_weight': 1, 'sd_weight': 25, 'anomaly_count_weight': 1.0}, 'fillna': 'rolling_mean_24', 'transform_dict': None, 'isolated_only': False, 'on_inverse': False}, 'remove_excess_anomalies': False, 'impact': None, 'regression_params': None, 'output': 'multivariate'}, 'holiday_countries_used': True, 'multivariate_feature': None, 'multivariate_transformation': None, 'regressor_transformation': {'fillna': 'akima', 'transformations': {'0': 'RollingMeanTransformer'}, 'transformation_params': {'0': {'fixed': True, 'window': 10, 'macro_micro': False, 'center': False, 'mean_type': 'arithmetic'}}}, 'regressors_used': True, 'linear_model': {'model': 'lstsq', 'lambda': None, 'recency_weighting': None}, 'randomwalk_n': None, 'trend_window': 15, 'trend_standin': None, 'trend_anomaly_detector_params': None, 'trend_transformation': {'fillna': 'ffill', 'transformations': {'0': 'bkfilter'}, 'transformation_params': {'0': {}}}, 'trend_model': {'Model': 'SectionalMotif', 'ModelParameters': {'window': 7, 'point_method': 'midhinge', 'distance_metric': 'jaccard', 'include_differenced': True, 'k': 10, 'stride_size': 5, 'regression_type': 'User', 'comparison_transformation': {'fillna': 'ffill', 'transformations': {'0': 'DifferencedTransformer', '1': 'AlignLastDiff'}, 'transformation_params': {'0': {'lag': 1, 'fill': 'bfill'}, '1': {'rows': 1, 'displacement_rows': 1, 'quantile': 1.0, 'decay_span': None}}}, 'combination_transformation': {'fillna': 'pchip', 'transformations': {'0': 'bkfilter', '1': 'FFTFilter'}, 'transformation_params': {'0': {}, '1': {'cutoff': 0.14, 'reverse': False, 'on_transform': True, 'on_inverse': False}}}}}, 'trend_phi': None, 'x_scaler': False}","{'fillna': 'mean', 'transformations': {'0': 'ClipOutliers', '1': 'Detrend', '2': 'ConvolutionFilter', '3': 'AlignLastValue'}, 'transformation_params': {'0': {'method': 'clip', 'std_threshold': 3.5, 'fillna': None}, '1': {'model': 'Linear', 'phi': 0.999, 'window': None, 'transform_dict': None}, '2': {'weight': [1.0, 0.5, 0.3333333333333333, 0.25, 0.2]}, '3': {'rows': 1, 'lag': 1, 'method': 'multiplicative', 'strength': 1.0, 'first_value_only': False, 'threshold': None, 'threshold_method': 'max', 'mean_type': 'arithmetic'}}}",0.0,model.results,False,,,,,,
model_weights,180.0,0.0008866354192980068,inverse_rank_from_validation_score,Score,296.5438163821224,LastValueNaive,{},"{'fillna': 'rolling_mean_24', 'transformations': {'0': 'ClipOutliers', '1': 'Detrend', '2': 'Log', '3': 'AlignLastValue'}, 'transformation_params': {'0': {'method': 'clip', 'std_threshold': 3, 'fillna': None}, '1': {'model': 'GLS', 'phi': 0.99, 'window': 10, 'transform_dict': None}, '2': {}, '3': {'rows': 1, 'lag': 7, 'method': 'additive', 'strength': 1.0, 'first_value_only': False, 'threshold': None, 'threshold_method': 'max', 'mean_type': 'arithmetic'}}}",0.0,model.results,False,,,,,,
model_weights,181.0,0.0008817368810698409,inverse_rank_from_validation_score,Score,298.06947527917487,SectionalMotif,"{'window': 10, 'point_method': 'midhinge', 'distance_metric': 'correlation', 'include_differenced': False, 'k': 5, 'stride_size': 5, 'regression_type': None, 'comparison_transformation': None, 'combination_transformation': None}","{'fillna': 'rolling_mean_24', 'transformations': {'0': 'ClipOutliers', '1': 'Detrend', '2': 'StandardScaler', '3': 'AlignLastValue'}, 'transformation_params': {'0': {'method': 'clip', 'std_threshold': 3.75, 'fillna': None}, '1': {'model': 'Linear', 'phi': 1, 'window': None, 'transform_dict': None}, '2': {}, '3': {'rows': 1, 'lag': 84, 'method': 'additive', 'strength': 1.0, 'first_value_only': False, 'threshold': 10, 'threshold_method': 'mean', 'mean_type': 'arithmetic'}}}",0.0,model.results,False,,,,,,
model_weights,182.0,0.0008768921729320946,inverse_rank_from_validation_score,Score,310.24150390290293,LastValueNaive,{},"{'fillna': 'rolling_mean', 'transformations': {'0': 'PositiveShift', '1': 'SinTrend', '2': 'bkfilter', '3': 'Slice'}, 'transformation_params': {'0': {}, '1': {}, '2': {}, '3': {'method': 0.3}}}",0.0,model.results,False,,,,,,
model_weights,183.0,0.000872100412424269,inverse_rank_from_validation_score,Score,310.8844424938528,LastValueNaive,{},"{'fillna': 'rolling_mean_24', 'transformations': {'0': 'PositiveShift', '1': 'SinTrend', '2': 'bkfilter'}, 'transformation_params': {'0': {}, '1': {}, '2': {}}}",0.0,model.results,False,,,,,,
model_weights,184.0,0.0008673607362697892,inverse_rank_from_validation_score,Score,314.06710396933073,LastValueNaive,{},"{'fillna': 'ffill', 'transformations': {'0': 'QuantileTransformer', '1': 'bkfilter'}, 'transformation_params': {'0': {'output_distribution': 'uniform', 'n_quantiles': 103}, '1': {}}}",0.0,model.results,False,,,,,,
model_weights,185.0,0.0008626722998575201,inverse_rank_from_validation_score,Score,316.29587869461267,GLM,"{'family': 'NegativeBinomial', 'constant': False, 'regression_type': 'datepart', 'changepoint_spacing': None}","{'fillna': 'ffill', 'transformations': {'0': 'AlignLastValue', '1': 'LevelShiftTransformer', '2': 'ConvolutionFilter', '3': 'bkfilter'}, 'transformation_params': {'0': {'rows': 1, 'lag': 1, 'method': 'additive', 'strength': 0.5, 'first_value_only': False, 'threshold': 1, 'threshold_method': 'max', 'mean_type': 'arithmetic'}, '1': {'window_size': 30, 'alpha': 2.5, 'grouping_forward_limit': 4, 'max_level_shifts': 5, 'alignment': 'rolling_diff_3nn', 'output': 'multivariate', 'remove_at_shift': True, 'shift_remove_window': 1, 'shift_fillna': 'mean', 'window_method': 'diff_overlap'}, '2': {'weight': [1.0, 0.5, 0.3333333333333333]}, '3': {}}}",0.0,model.results,False,,,,,,
model_weights,186.0,0.0008580342767400066,inverse_rank_from_validation_score,Score,316.5780302370818,FFT,"{'n_harmonics': 4, 'detrend': None}","{'fillna': 'rolling_mean', 'transformations': {'0': 'bkfilter', '1': 'AlignLastValue'}, 'transformation_params': {'0': {}, '1': {'rows': 1, 'lag': 1, 'method': 'additive', 'strength': 1.0, 'first_value_only': False, 'threshold': 1, 'threshold_method': 'max', 'mean_type': 'arithmetic'}}}",0.0,model.results,False,,,,,,
model_weights,187.0,0.000853445858147814,inverse_rank_from_validation_score,Score,317.58891664769044,UnivariateMotif,"{'window': 60, 'point_method': 'median', 'distance_metric': 'canberra', 'k': 5, 'max_windows': 10000}","{'fillna': 'mean', 'transformations': {'0': 'MinMaxScaler', '1': 'AlignLastValue', '2': 'SeasonalDifference', '3': 'KalmanSmoothing'}, 'transformation_params': {'0': {}, '1': {'rows': 1, 'lag': 1, 'method': 'additive', 'strength': 1.0, 'first_value_only': False, 'threshold': 1, 'threshold_method': 'max', 'mean_type': 'arithmetic'}, '2': {'lag_1': 60, 'method': 'LastValue'}, '3': {'model_name': 'AR(2)', 'state_transition': [[1, 1], [0.1, 0]], 'process_noise': [[1, 0], [0, 0]], 'observation_model': [[1, 0]], 'observation_noise': 1.0, 'em_iter': None, 'on_transform': True, 'on_inverse': False}}}",0.0,model.results,False,,,,,,
model_weights,188.0,0.0008489062525193681,inverse_rank_from_validation_score,Score,318.614204257398,ConstantNaive,{'constant': 0},"{'fillna': 'ffill', 'transformations': {'0': 'ScipyFilter', '1': 'AlignLastValue', '2': 'Slice', '3': 'HolidayTransformer', '4': 'AlignLastValue'}, 'transformation_params': {'0': {'method': 'butter', 'method_args': {'N': 5, 'btype': 'lowpass', 'analog': False, 'output': 'sos', 'Wn': 0.08333333333333333}}, '1': {'rows': 1, 'lag': 1, 'method': 'additive', 'strength': 0.7, 'first_value_only': False, 'threshold': None, 'threshold_method': 'mean', 'mean_type': 'arithmetic'}, '2': {'method': 0.2}, '3': {'threshold': 0.9, 'splash_threshold': None, 'use_dayofmonth_holidays': True, 'use_wkdom_holidays': True, 'use_wkdeom_holidays': False, 'use_lunar_holidays': False, 'use_lunar_weekday': False, 'use_islamic_holidays': True, 'use_hebrew_holidays': False, 'use_hindu_holidays': False, 'anomaly_detector_params': {'method': 'rolling_zscore', 'method_params': {'distribution': 'norm', 'alpha': 0.05, 'rolling_periods': 200, 'center': True}, 'fillna': 'ffill', 'transform_dict': {'transformations': {'0': 'DatepartRegression'}, 'transformation_params': {'0': {'datepart_method': 'simple_3', 'regression_model': {'model': 'DecisionTree', 'model_params': {'max_depth': None, 'min_samples_split': 0.1}}}}}, 'isolated_only': False, 'on_inverse': False}, 'remove_excess_anomalies': True, 'impact': 'median_value', 'regression_params': {}}, '4': {'rows': 7, 'lag': 1, 'method': 'additive', 'strength': 0.9, 'first_value_only': False, 'threshold': 10, 'threshold_method': 'mean', 'mean_type': 'arithmetic'}}}",0.0,model.results,False,,,,,,
model_weights,189.0,0.0008444146850457207,inverse_rank_from_validation_score,Score,322.1001686419512,ARDL,"{'lags': 2, 'trend': 't', 'order': 1, 'causal': False, 'regression_type': 'anchored_warped_fourier:us_school'}","{'fillna': 'ffill', 'transformations': {'0': 'AlignLastValue'}, 'transformation_params': {'0': {'rows': 168, 'lag': 1, 'method': 'additive', 'strength': 1.0, 'first_value_only': False, 'threshold': None, 'threshold_method': 'max', 'mean_type': 'arithmetic'}}}",0.0,model.results,False,,,,,,
model_weights,190.0,0.0008399703972296907,inverse_rank_from_validation_score,Score,322.4884492710291,SeasonalityMotif,"{'window': 5, 'point_method': 'weighted_mean', 'distance_metric': 'mae', 'k': 10, 'datepart_method': 'common_fourier_rw', 'independent': True}","{'fillna': 'ffill', 'transformations': {'0': 'ClipOutliers', '1': 'Detrend', '2': 'bkfilter', '3': 'AlignLastValue'}, 'transformation_params': {'0': {'method': 'clip', 'std_threshold': 4.5, 'fillna': None}, '1': {'model': 'GLS', 'phi': 1, 'window': None, 'transform_dict': {'fillna': None, 'transformations': {'0': 'EWMAFilter'}, 'transformation_params': {'0': {'span': 2}}}}, '2': {}, '3': {'rows': 1, 'lag': 7, 'method': 'additive', 'strength': 1.0, 'first_value_only': True, 'threshold': None, 'threshold_method': 'mean', 'mean_type': 'arithmetic'}}}",0.0,model.results,False,,,,,,
model_weights,191.0,0.0008355726464588546,inverse_rank_from_validation_score,Score,322.6218433671782,SeasonalNaive,"{'method': 'lastvalue', 'lag_1': 7, 'lag_2': 2}","{'fillna': 'mean', 'transformations': {'0': 'QuantileTransformer', '1': 'ClipOutliers'}, 'transformation_params': {'0': {'output_distribution': 'uniform', 'n_quantiles': 103}, '1': {'method': 'clip', 'std_threshold': 2, 'fillna': None}}}",0.0,model.results,False,,,,,,
model_weights,192.0,0.0008312207055918813,inverse_rank_from_validation_score,Score,330.5196911687074,SeasonalityMotif,"{'window': 30, 'point_method': 'weighted_mean', 'distance_metric': 'minkowski', 'k': 15, 'datepart_method': ['weekdayofmonth', 'common_fourier'], 'independent': True}","{'fillna': 'ffill', 'transformations': {'0': 'bkfilter'}, 'transformation_params': {'0': {}}}",0.0,model.results,False,,,,,,
model_weights,193.0,0.0008269138625577265,inverse_rank_from_validation_score,Score,334.5297506142878,AverageValueNaive,"{'method': 'Median', 'window': None}","{'fillna': 'zero', 'transformations': {'0': 'bkfilter', '1': 'AlignLastValue', '2': 'DifferencedTransformer', '3': 'CumSumTransformer'}, 'transformation_params': {'0': {}, '1': {'rows': 1, 'lag': 1, 'method': 'additive', 'strength': 1.0, 'first_value_only': False, 'threshold': 1, 'threshold_method': 'max', 'mean_type': 'arithmetic'}, '2': {'lag': 1, 'fill': 'bfill'}, '3': {}}}",0.0,model.results,False,,,,,,
model_weights,194.0,0.0008226514199672228,inverse_rank_from_validation_score,Score,342.6417402262167,LastValueNaive,{},"{'fillna': 'ffill', 'transformations': {'0': 'MaxAbsScaler', '1': 'bkfilter', '2': 'RegressionFilter', '3': 'CenterLastValue', '4': 'FFTDecomposition'}, 'transformation_params': {'0': {}, '1': {}, '2': {'sigma': 2, 'rolling_window': 90, 'run_order': 'season_first', 'regression_params': {'regression_model': {'model': 'ElasticNet', 'model_params': {'l1_ratio': 0.5, 'fit_intercept': True, 'selection': 'cyclic', 'max_iter': 1000}}, 'datepart_method': 'anchored_segment_fourier:us_school', 'polynomial_degree': None, 'transform_dict': None, 'holiday_countries_used': True, 'lags': None, 'forward_lags': None}, 'holiday_params': None, 'trend_method': 'rolling_mean'}, '3': {'rows': 2}, '4': {'n_harmonics': 10, 'detrend': 'linear'}}}",0.0,model.results,False,,,,,,
model_weights,195.0,0.0008184326947366217,inverse_rank_from_validation_score,Score,344.56418559150853,ConstantNaive,{'constant': 0},"{'fillna': 'rolling_mean_24', 'transformations': {'0': 'ShiftFirstValue', '1': 'bkfilter', '2': 'DifferencedTransformer', '3': 'EWMAFilter'}, 'transformation_params': {'0': {'rows': 7}, '1': {}, '2': {'lag': 1, 'fill': 'bfill'}, '3': {'span': 7}}}",0.0,model.results,False,,,,,,
model_weights,196.0,0.0008142570177226593,inverse_rank_from_validation_score,Score,344.5641942555098,ConstantNaive,{'constant': 0},"{'fillna': 'rolling_mean', 'transformations': {'0': 'bkfilter', '1': 'CenterLastValue', '2': 'AlignLastValue', '3': 'FIRFilter', '4': 'AlignLastValue'}, 'transformation_params': {'0': {}, '1': {'rows': 5}, '2': {'rows': 1, 'lag': 1, 'method': 'additive', 'strength': 1.0, 'first_value_only': False, 'threshold': None, 'threshold_method': 'max', 'mean_type': 'arithmetic'}, '3': {'numtaps': 7, 'cutoff_hz': 0.01, 'window': 'boxcar', 'sampling_frequency': 2, 'on_transform': True, 'on_inverse': False, 'bounds_only': False}, '4': {'rows': 4, 'lag': 7, 'method': 'additive', 'strength': 1.0, 'first_value_only': False, 'threshold': 3, 'threshold_method': 'max', 'mean_type': 'arithmetic'}}}",0.0,model.results,False,,,,,,
model_weights,197.0,0.0008101237333687371,inverse_rank_from_validation_score,Score,344.56658763319183,ConstantNaive,{'constant': 0},"{'fillna': 'rolling_mean', 'transformations': {'0': 'bkfilter', '1': 'CenterLastValue', '2': 'AlignLastValue', '3': 'StandardScaler', '4': 'STLFilter', '5': 'FastICA'}, 'transformation_params': {'0': {}, '1': {'rows': 5}, '2': {'rows': 1, 'lag': 1, 'method': 'additive', 'strength': 1.0, 'first_value_only': False, 'threshold': None, 'threshold_method': 'max', 'mean_type': 'arithmetic'}, '3': {}, '4': {'decomp_type': 'seasonal_decompose', 'part': 'trend'}, '5': {'algorithm': 'parallel', 'fun': 'exp', 'max_iter': 250, 'whiten': 'unit-variance'}}}",0.0,model.results,False,,,,,,
model_weights,198.0,0.0008060321993618244,inverse_rank_from_validation_score,Score,346.87023138183343,ConstantNaive,{'constant': 1},"{'fillna': 'ffill', 'transformations': {'0': 'ClipOutliers', '1': 'MinMaxScaler', '2': 'UpscaleDownscaleTransformer', '3': 'bkfilter', '4': 'AlignLastValue'}, 'transformation_params': {'0': {'method': 'clip', 'std_threshold': 3.5, 'fillna': None}, '1': {}, '2': {'mode': 'upscale', 'factor': 1, 'down_method': 'decimate', 'fill_method': 'ffill'}, '3': {}, '4': {'rows': 1, 'lag': 1, 'method': 'additive', 'strength': 1.0, 'first_value_only': False, 'threshold': 10, 'threshold_method': 'max', 'mean_type': 'arithmetic'}}}",0.0,model.results,False,,,,,,
model_weights,199.0,0.0008019817862997046,inverse_rank_from_validation_score,Score,348.63595603149884,ConstantNaive,{'constant': 0},"{'fillna': 'ffill', 'transformations': {'0': 'AlignLastValue', '1': 'bkfilter', '2': 'RobustScaler', '3': 'RobustScaler', '4': 'FFTDecomposition', '5': 'SeasonalDifference'}, 'transformation_params': {'0': {'rows': 1, 'lag': 1, 'method': 'additive', 'strength': 1.0, 'first_value_only': False, 'threshold': 1, 'threshold_method': 'mean', 'mean_type': 'arithmetic'}, '1': {}, '2': {}, '3': {}, '4': {'n_harmonics': 10, 'detrend': 'linear'}, '5': {'lag_1': 60, 'method': 20}}}",0.0,model.results,False,,,,,,
model_weights,200.0,0.0007979718773682062,inverse_rank_from_validation_score,Score,349.2632546257466,MetricMotif,"{'window': 10, 'point_method': 'midhinge', 'distance_metric': 'mae', 'k': 10, 'comparison_transformation': {'fillna': 'ffill', 'transformations': {'0': 'Log'}, 'transformation_params': {'0': {}}}, 'combination_transformation': {'fillna': 'seasonal_linear', 'transformations': {'0': 'Detrend'}, 'transformation_params': {'0': {'model': 'GLS', 'phi': 1, 'window': None, 'transform_dict': None}}}}","{'fillna': 'ffill', 'transformations': {'0': 'ClipOutliers', '1': 'Detrend', '2': 'DifferencedTransformer', '3': 'AlignLastValue'}, 'transformation_params': {'0': {'method': 'clip', 'std_threshold': 3, 'fillna': None}, '1': {'model': 'Linear', 'phi': 1, 'window': None, 'transform_dict': None}, '2': {'lag': 1, 'fill': 'bfill'}, '3': {'rows': 1, 'lag': 1, 'method': 'multiplicative', 'strength': 1.0, 'first_value_only': True, 'threshold': 1, 'threshold_method': 'max', 'mean_type': 'arithmetic'}}}",0.0,model.results,False,,,,,,
model_weights,201.0,0.0007940018680280658,inverse_rank_from_validation_score,Score,355.85549057147574,SeasonalNaive,"{'method': 'lastvalue', 'lag_1': 2, 'lag_2': 1}","{'fillna': 'ffill_mean_biased', 'transformations': {'0': 'PctChangeTransformer', '1': 'PositiveShift', '2': 'AlignLastValue', '3': 'HPFilter'}, 'transformation_params': {'0': {}, '1': {}, '2': {'rows': 1, 'lag': 1, 'method': 'additive', 'strength': 0.9, 'first_value_only': False, 'threshold': 10, 'threshold_method': 'mean', 'mean_type': 'arithmetic'}, '3': {'part': 'trend', 'lamb': 1600}}}",0.0,model.results,False,,,,,,
model_weights,202.0,0.0007900711657110952,inverse_rank_from_validation_score,Score,360.55776431630466,RRVAR,"{'method': 'als', 'rank': 2, 'maxiter': 200}","{'fillna': 'ffill', 'transformations': {'0': 'CointegrationTransformer', '1': 'AlignLastDiff', '2': 'EWMAFilter'}, 'transformation_params': {'0': {'n_components': 2, 'max_components': 5, 'shrinkage': 0.001, 'method': 'rrr', 'min_periods': 10}, '1': {'rows': 1, 'displacement_rows': 1, 'quantile': 1.0, 'decay_span': 3}, '2': {'span': 24}}}",0.0,model.results,False,,,,,,
model_weights,203.0,0.0007861791895253262,inverse_rank_from_validation_score,Score,366.1611117498758,AverageValueNaive,"{'method': 'Mean', 'window': None}","{'fillna': 'rolling_mean_24', 'transformations': {'0': 'SeasonalDifference', '1': 'Round', '2': 'Detrend'}, 'transformation_params': {'0': {'lag_1': 7, 'method': 'Mean'}, '1': {'model': 'middle', 'decimals': 2, 'on_transform': True, 'on_inverse': False}, '2': {'model': 'GLS'}}}",0.0,model.results,False,,,,,,
model_weights,204.0,0.0007823253699688295,inverse_rank_from_validation_score,Score,370.8134221046776,MetricMotif,"{'window': 10, 'point_method': 'mean', 'distance_metric': 'chebyshev', 'k': 3, 'comparison_transformation': {'fillna': 'rolling_mean_24', 'transformations': {'0': 'Detrend'}, 'transformation_params': {'0': {'model': 'Linear', 'phi': 1, 'window': None, 'transform_dict': None}}}, 'combination_transformation': {'fillna': 'ffill', 'transformations': {'0': 'DifferencedTransformer'}, 'transformation_params': {'0': {'lag': 1, 'fill': 'bfill'}}}}","{'fillna': 'ffill', 'transformations': {'0': 'AlignLastValue'}, 'transformation_params': {'0': {'rows': 1, 'lag': 1, 'method': 'additive', 'strength': 1.0, 'first_value_only': False, 'threshold': 10, 'threshold_method': 'mean', 'mean_type': 'arithmetic'}}}",0.0,model.results,False,,,,,,
model_weights,205.0,0.0007785091486519084,inverse_rank_from_validation_score,Score,378.2423986778319,SeasonalityMotif,"{'window': 30, 'point_method': 'weighted_mean', 'distance_metric': 'mqae', 'k': 10, 'datepart_method': 'simple_binarized', 'independent': False}","{'fillna': 'rolling_mean', 'transformations': {'0': 'AlignLastValue', '1': 'ChangepointDetector', '2': 'Slice'}, 'transformation_params': {'0': {'rows': 1, 'lag': 1, 'method': 'additive', 'strength': 0.2, 'first_value_only': False, 'threshold': 10, 'threshold_method': 'mean', 'mean_type': 'arithmetic'}, '1': {'method': 'ewma', 'method_params': {'lambda_param': 0.2, 'control_limit': 3.5, 'normalize': True, 'two_sided': True, 'adaptive': True, 'min_distance': 15}, 'aggregate_method': 'mean', 'min_segment_length': 5, 'probabilistic_output': False}, '2': {'method': 100}}}",0.0,model.results,False,,,,,,
model_weights,206.0,0.0007747299780273845,inverse_rank_from_validation_score,Score,380.6706968702642,AverageValueNaive,"{'method': 'Mean', 'window': None}","{'fillna': 'ffill', 'transformations': {'0': 'ClipOutliers', '1': 'bkfilter', '2': 'DifferencedTransformer', '3': 'PowerTransformer'}, 'transformation_params': {'0': {'method': 'clip', 'std_threshold': 3, 'fillna': None}, '1': {}, '2': {}, '3': {}}}",0.0,model.results,False,,,,,,
model_weights,207.0,0.0007709873211287015,inverse_rank_from_validation_score,Score,382.7645834859819,LastValueNaive,{},"{'fillna': 'ffill_mean_biased', 'transformations': {'0': 'ClipOutliers', '1': 'QuantileTransformer', '2': 'MinMaxScaler', '3': 'G726Filter'}, 'transformation_params': {'0': {'method': 'clip', 'std_threshold': 2, 'fillna': None}, '1': {'output_distribution': 'normal', 'n_quantiles': 103}, '2': {}, '3': {'quant_bits': 4, 'adaptation_rate': 0.9704347009489103, 'prediction_alpha': 0.7396357054157734, 'floor_step': 0.03032249565018825, 'dynamic_range': 1.9952625414528156, 'blend': 0.23405574975461396, 'noise_gate': 0.07844699857322655, 'fill_method': 'interpolate', 'on_transform': True, 'on_inverse': False, 'quantizer': 'uniform', 'use_adaptive_predictor': True, 'predictor_leak': 0.9996253617588102, 'bounds_only': False}}}",0.0,model.results,False,,,,,,
model_weights,208.0,0.0007672806513155828,inverse_rank_from_validation_score,Score,383.51838453647537,ARDL,"{'lags': 1, 'trend': 'c', 'order': 1, 'causal': False, 'regression_type': 'User'}","{'fillna': 'ffill', 'transformations': {'0': 'AlignLastValue'}, 'transformation_params': {'0': {'rows': 1, 'lag': 1, 'method': 'additive', 'strength': 1.0, 'first_value_only': False, 'threshold': 3, 'threshold_method': 'mean', 'mean_type': 'arithmetic'}}}",0.0,model.results,False,,,,,,
model_weights,209.0,0.0007636094520269914,inverse_rank_from_validation_score,Score,392.39881024103306,Cassandra,"{'preprocessing_transformation': {'fillna': 'ffill', 'transformations': {'0': 'bkfilter', '1': 'StandardScaler'}, 'transformation_params': {'0': {}, '1': {}}}, 'scaling': 'BaseScaler', 'past_impacts_intervention': None, 'seasonalities': ['dayofmonthofyear', 'weekend'], 'ar_lags': None, 'ar_interaction_seasonality': None, 'anomaly_detector_params': None, 'anomaly_intervention': None, 'holiday_detector_params': {'threshold': 0.9, 'splash_threshold': None, 'use_dayofmonth_holidays': True, 'use_wkdom_holidays': True, 'use_wkdeom_holidays': False, 'use_lunar_holidays': False, 'use_lunar_weekday': False, 'use_islamic_holidays': False, 'use_hebrew_holidays': False, 'use_hindu_holidays': False, 'anomaly_detector_params': {'method': 'rolling_zscore', 'method_params': {'distribution': 'chi2', 'alpha': 0.05, 'rolling_periods': 28, 'center': True}, 'fillna': 'rolling_mean_24', 'transform_dict': {'fillna': 'rolling_mean_24', 'transformations': {'0': 'SeasonalDifference'}, 'transformation_params': {'0': {'lag_1': 12, 'method': 'Mean'}}}, 'isolated_only': False, 'on_inverse': False}, 'remove_excess_anomalies': False, 'impact': None, 'regression_params': None, 'output': 'multivariate'}, 'holiday_countries_used': False, 'multivariate_feature': None, 'multivariate_transformation': None, 'regressor_transformation': None, 'regressors_used': False, 'linear_model': {'model': 'lstsq', 'lambda': None, 'recency_weighting': None}, 'randomwalk_n': 10, 'trend_window': 15, 'trend_standin': 'rolling_trend', 'trend_anomaly_detector_params': None, 'trend_transformation': {'fillna': 'ffill', 'transformations': {'0': 'AlignLastDiff', '1': 'HPFilter'}, 'transformation_params': {'0': {'rows': 1, 'displacement_rows': 1, 'quantile': 0.7, 'decay_span': 3}, '1': {'part': 'trend', 'lamb': 129600}}}, 'trend_model': {'Model': 'WindowRegression', 'ModelParameters': {'window_size': 12, 'input_dim': 'univariate', 'output_dim': '1step', 'normalize_window': False, 'max_windows': 8000, 'regression_type': None, 'regression_model': {'model': 'ExtraTrees', 'model_params': {'n_estimators': 100, 'min_samples_leaf': 1, 'max_depth': 20}}}}, 'trend_phi': None, 'x_scaler': False}","{'fillna': 'ffill', 'transformations': {'0': 'ClipOutliers', '1': 'bkfilter', '2': 'RegressionFilter', '3': 'PowerTransformer'}, 'transformation_params': {'0': {'method': 'clip', 'std_threshold': 3.5, 'fillna': None}, '1': {}, '2': {'sigma': 2, 'rolling_window': 90, 'run_order': 'season_first', 'regression_params': {'regression_model': {'model': 'ElasticNet', 'model_params': {'l1_ratio': 0.5, 'fit_intercept': True, 'selection': 'cyclic', 'max_iter': 1000}}, 'datepart_method': 'anchored_segment_fourier:us_school', 'polynomial_degree': None, 'transform_dict': None, 'holiday_countries_used': True, 'lags': None, 'forward_lags': None}, 'holiday_params': None, 'trend_method': 'rolling_mean'}, '3': {}}}",0.0,model.results,False,,,,,,
model_weights,210.0,0.0007599732165411488,inverse_rank_from_validation_score,Score,417.48891542710174,SeasonalityMotif,"{'window': 10, 'point_method': 'mean', 'distance_metric': 'mqae', 'k': 1, 'datepart_method': 'common_fourier', 'independent': False}","{'fillna': 'ffill', 'transformations': {'0': 'SinTrend', '1': 'MinMaxScaler', '2': 'IntermittentOccurrence', '3': 'STLFilter'}, 'transformation_params': {'0': {}, '1': {}, '2': {'center': 'mean'}, '3': {'decomp_type': 'seasonal_decompose', 'part': 'trend'}}}",0.0,model.results,False,,,,,,
model_weights,211.0,0.0007563714477423756,inverse_rank_from_validation_score,Score,419.30666511994247,ETS,"{'damped_trend': False, 'trend': None, 'seasonal': None, 'seasonal_periods': None, 'method': 'SLSQP'}","{'fillna': 'median', 'transformations': {'0': 'ChangepointDetector', '1': 'ThetaTransformer', '2': 'AlignLastValue'}, 'transformation_params': {'0': {'method': 'composite_fused_lasso', 'method_params': {'lambda_level': 0.1, 'lambda_slope': 2.0}, 'aggregate_method': 'mean', 'min_segment_length': 5, 'probabilistic_output': False}, '1': {'theta_values': [0, 1, 2]}, '2': {'rows': 1, 'lag': 7, 'method': 'additive', 'strength': 0.2, 'first_value_only': False, 'threshold': 10, 'threshold_method': 'mean', 'mean_type': 'arithmetic'}}}",0.0,model.results,False,,,,,,
model_weights,212.0,0.000752803657894534,inverse_rank_from_validation_score,Score,428.266129817734,SeasonalityMotif,"{'window': 5, 'point_method': 'trimmed_mean_20', 'distance_metric': 'minkowski', 'k': 10, 'datepart_method': 'simple_2', 'independent': False}","{'fillna': 'quadratic', 'transformations': {'0': 'ClipOutliers'}, 'transformation_params': {'0': {'method': 'clip', 'std_threshold': 3.5, 'fillna': None}}}",0.0,model.results,False,,,,,,
model_weights,213.0,0.0007492693684208508,inverse_rank_from_validation_score,Score,433.63622492779933,ETS,"{'damped_trend': False, 'trend': None, 'seasonal': 'multiplicative', 'seasonal_periods': 30, 'method': None}","{'fillna': 'zero', 'transformations': {'0': 'Round', '1': 'Slice', '2': 'SeasonalDifference', '3': 'bkfilter'}, 'transformation_params': {'0': {'decimals': 2, 'on_transform': True, 'on_inverse': True}, '1': {'method': 100}, '2': {'lag_1': 7, 'method': 'LastValue'}, '3': {}}}",0.0,model.results,False,,,,,,
model_weights,214.0,0.0007457681096899122,inverse_rank_from_validation_score,Score,434.7765047239578,LastValueNaive,{},"{'fillna': 'fake_date', 'transformations': {'0': 'SeasonalDifference', '1': 'SinTrend'}, 'transformation_params': {'0': {'lag_1': 7, 'method': 'LastValue'}, '1': {}}}",0.0,model.results,False,,,,,,
model_weights,215.0,0.0007422994208076335,inverse_rank_from_validation_score,Score,451.5889841114814,UnivariateMotif,"{'window': 60, 'point_method': 'median', 'distance_metric': 'canberra', 'k': 10, 'max_windows': 10000}","{'fillna': 'KNNImputer', 'transformations': {'0': 'QuantileTransformer', '1': 'SeasonalDifference', '2': 'MaxAbsScaler'}, 'transformation_params': {'0': {'output_distribution': 'uniform', 'n_quantiles': 100}, '1': {'lag_1': 7, 'method': 'Mean'}, '2': {}}}",0.0,model.results,False,,,,,,
model_weights,216.0,0.0007388628494150056,inverse_rank_from_validation_score,Score,451.8608473691717,DMD,"{'rank': 2, 'alpha': 1, 'amplitude_threshold': None, 'eigenvalue_threshold': 1}","{'fillna': 'ffill', 'transformations': {'0': 'SeasonalDifference', '1': 'AlignLastValue', '2': 'Round', '3': 'Round', '4': 'MinMaxScaler'}, 'transformation_params': {'0': {'lag_1': 7, 'method': 'LastValue'}, '1': {'rows': 1, 'lag': 1, 'method': 'additive', 'strength': 1.0, 'first_value_only': False}, '2': {'decimals': 0, 'on_transform': False, 'on_inverse': True}, '3': {'decimals': 0, 'on_transform': False, 'on_inverse': True}, '4': {}}}",0.0,model.results,False,,,,,,
model_weights,217.0,0.0007354579514914342,inverse_rank_from_validation_score,Score,460.2229896506254,DatepartRegression,"{'regression_model': {'model': 'RandomForest', 'model_params': {'n_estimators': 100, 'min_samples_leaf': 2, 'bootstrap': True}}, 'datepart_method': 'expanded', 'polynomial_degree': None, 'holiday_countries_used': False, 'lags': None, 'forward_lags': None, 'regression_type': None}","{'fillna': 'ffill', 'transformations': {'0': 'QuantileTransformer', '1': 'Detrend', '2': 'RobustScaler'}, 'transformation_params': {'0': {'output_distribution': 'normal', 'n_quantiles': 20}, '1': {'model': 'Linear', 'phi': 1, 'window': None}, '2': {}}}",0.0,model.results,False,,,,,,
model_weights,218.0,0.0007320842911634919,inverse_rank_from_validation_score,Score,460.52599713243563,ETS,"{'damped_trend': False, 'trend': None, 'seasonal': None, 'seasonal_periods': None, 'method': 'L-BFGS-B'}","{'fillna': 'ffill', 'transformations': {'0': 'PowerTransformer'}, 'transformation_params': {'0': {}}}",0.0,model.results,False,,,,,,
model_weights,219.0,0.0007287414405189096,inverse_rank_from_validation_score,Score,462.07121609236435,Cassandra,"{'preprocessing_transformation': {'fillna': 'ffill', 'transformations': {'0': 'SeasonalDifference', '1': 'SeasonalDifference'}, 'transformation_params': {'0': {'lag_1': 12, 'method': 'Median'}, '1': {'lag_1': 7, 'method': 'LastValue'}}}, 'scaling': 'BaseScaler', 'past_impacts_intervention': None, 'seasonalities': ['dayofmonthofyear', 'weekend'], 'ar_lags': None, 'ar_interaction_seasonality': None, 'anomaly_detector_params': {'method': 'zscore', 'method_params': {'distribution': 'norm', 'alpha': 0.05}, 'fillna': 'rolling_mean_24', 'transform_dict': {'transformations': {'0': 'DatepartRegression'}, 'transformation_params': {'0': {'datepart_method': 'simple_3', 'regression_model': {'model': 'DecisionTree', 'model_params': {'max_depth': None, 'min_samples_split': 0.1}}}}}}, 'anomaly_intervention': 'remove', 'holiday_detector_params': {'threshold': 0.8, 'splash_threshold': 0.85, 'use_dayofmonth_holidays': True, 'use_wkdom_holidays': True, 'use_wkdeom_holidays': False, 'use_lunar_holidays': False, 'use_lunar_weekday': False, 'use_islamic_holidays': False, 'use_hebrew_holidays': False, 'anomaly_detector_params': {'method': 'mad', 'method_params': {'distribution': 'norm', 'alpha': 0.05}, 'fillna': 'fake_date', 'transform_dict': {'fillna': None, 'transformations': {'0': 'EWMAFilter'}, 'transformation_params': {'0': {'span': 7}}}}, 'remove_excess_anomalies': False, 'impact': None, 'regression_params': None, 'output': 'multivariate'}, 'holiday_countries_used': False, 'multivariate_feature': None, 'multivariate_transformation': None, 'regressor_transformation': None, 'regressors_used': False, 'linear_model': {'model': 'lstsq', 'lambda': 1, 'recency_weighting': None}, 'randomwalk_n': 10, 'trend_window': 15, 'trend_standin': 'rolling_trend', 'trend_anomaly_detector_params': {'method': 'nonparametric', 'method_params': {'p': None, 'z_init': 1.5, 'z_limit': 12, 'z_step': 0.25, 'inverse': False, 'max_contamination': 0.25, 'mean_weight': 25, 'sd_weight': 25, 'anomaly_count_weight': 1.0}, 'fillna': 'ffill', 'transform_dict': {'fillna': 'time', 'transformations': {'0': 'MinMaxScaler'}, 'transformation_params': {'0': {}}}}, 'trend_transformation': {'fillna': 'ffill', 'transformations': {'0': 'AlignLastDiff', '1': 'HPFilter'}, 'transformation_params': {'0': {'rows': 1, 'displacement_rows': 1, 'quantile': 0.7, 'decay_span': 3}, '1': {'part': 'trend', 'lamb': 129600}}}, 'trend_model': {'Model': 'LastValueNaive', 'ModelParameters': {}}, 'trend_phi': None, 'x_scaler': False}","{'fillna': 'linear', 'transformations': {'0': 'Round'}, 'transformation_params': {'0': {'decimals': 0, 'on_transform': True, 'on_inverse': True}}}",0.0,model.results,False,,,,,,
model_weights,220.0,0.0007254289794256419,inverse_rank_from_validation_score,Score,463.4569836705493,SectionalMotif,"{'window': 30, 'point_method': 'median', 'distance_metric': 'chebyshev', 'include_differenced': True, 'k': 10, 'stride_size': 1, 'regression_type': None, 'comparison_transformation': {'fillna': 'zero', 'transformations': {'0': 'MinMaxScaler'}, 'transformation_params': {'0': {}}}, 'combination_transformation': None}","{'fillna': 'linear', 'transformations': {'0': 'ClipOutliers', '1': 'Detrend', '2': 'SeasonalDifference', '3': 'AlignLastValue'}, 'transformation_params': {'0': {'method': 'clip', 'std_threshold': 3, 'fillna': None}, '1': {'model': 'GLS', 'phi': 1, 'window': None, 'transform_dict': None}, '2': {'lag_1': 7, 'method': 5}, '3': {'rows': 1, 'lag': 7, 'method': 'additive', 'strength': 1.0, 'first_value_only': False, 'threshold': 1, 'threshold_method': 'mean', 'mean_type': 'arithmetic'}}}",0.0,model.results,False,,,,,,
model_weights,221.0,0.0007221464953558427,inverse_rank_from_validation_score,Score,464.1331266060078,ConstantNaive,{'constant': 0},"{'fillna': 'ffill', 'transformations': {'0': 'PowerTransformer', '1': 'QuantileTransformer', '2': 'SeasonalDifference'}, 'transformation_params': {'0': {}, '1': {'output_distribution': 'uniform', 'n_quantiles': 103}, '2': {'lag_1': 7, 'method': 'LastValue'}}}",0.0,model.results,False,,,,,,
model_weights,222.0,0.0007188935832146001,inverse_rank_from_validation_score,Score,469.8858879193189,SeasonalNaive,"{'method': 'lastvalue', 'lag_1': 364, 'lag_2': 28}","{'fillna': 'ffill', 'transformations': {'0': 'SeasonalDifference', '1': 'MaxAbsScaler', '2': 'Round'}, 'transformation_params': {'0': {'lag_1': 7, 'method': 'LastValue'}, '1': {}, '2': {'decimals': 0, 'on_transform': False, 'on_inverse': True}}}",0.0,model.results,False,,,,,,
model_weights,223.0,0.000715669845173279,inverse_rank_from_validation_score,Score,471.0138144047183,DatepartRegression,"{'regression_model': {'model': 'Adaboost', 'model_params': {'n_estimators': 50, 'loss': 'linear', 'estimator': None, 'learning_rate': 0.25, 'max_depth': 3}}, 'datepart_method': 'recurring', 'polynomial_degree': None, 'holiday_countries_used': False, 'lags': None, 'forward_lags': None, 'regression_type': 'User'}","{'fillna': 'ffill', 'transformations': {'0': 'ClipOutliers', '1': 'Detrend', '2': 'ScipyFilter', '3': 'AlignLastValue'}, 'transformation_params': {'0': {'method': 'clip', 'std_threshold': 4, 'fillna': None}, '1': {'model': 'GLS', 'phi': 1, 'window': None, 'transform_dict': {'fillna': None, 'transformations': {'0': 'AnomalyRemoval'}, 'transformation_params': {'0': {'method': 'zscore', 'transform_dict': {'transformations': {'0': 'DatepartRegression'}, 'transformation_params': {'0': {'datepart_method': 'simple_3', 'regression_model': {'model': 'ElasticNet', 'model_params': {}}}}}, 'method_params': {'distribution': 'uniform', 'alpha': 0.05}}}}}, '2': {'method': 'savgol_filter', 'method_args': {'window_length': 31, 'polyorder': 4, 'deriv': 0, 'mode': 'mirror'}}, '3': {'rows': 7, 'lag': 1, 'method': 'additive', 'strength': 1.0, 'first_value_only': False, 'threshold': 1, 'threshold_method': 'max', 'mean_type': 'arithmetic'}}}",0.0,model.results,False,,,,,,
model_weights,224.0,0.0007124748905073268,inverse_rank_from_validation_score,Score,473.89026275266855,ARDL,"{'lags': 3, 'trend': 'c', 'order': 0, 'causal': False, 'regression_type': 'simple_3'}","{'fillna': 'ffill', 'transformations': {'0': 'ClipOutliers', '1': 'Detrend'}, 'transformation_params': {'0': {'method': 'clip', 'std_threshold': 4.5, 'fillna': None}, '1': {'model': 'Linear', 'phi': 1, 'window': 90, 'transform_dict': {'fillna': None, 'transformations': {'0': 'ClipOutliers'}, 'transformation_params': {'0': {'method': 'clip', 'std_threshold': 4}}}}}}",0.0,model.results,False,,,,,,
model_weights,225.0,0.0007093083354384054,inverse_rank_from_validation_score,Score,476.48399197307106,UnivariateMotif,"{'window': 10, 'point_method': 'midhinge', 'distance_metric': 'sqeuclidean', 'k': 3, 'max_windows': 10000}","{'fillna': 'ffill', 'transformations': {'0': 'QuantileTransformer', '1': 'Slice', '2': 'HPFilter'}, 'transformation_params': {'0': {'output_distribution': 'normal', 'n_quantiles': 20}, '1': {'method': 0.2}, '2': {'part': 'trend', 'lamb': 129600}}}",0.0,model.results,False,,,,,,
model_weights,226.0,0.0007061698029807134,inverse_rank_from_validation_score,Score,476.73923983474737,ETS,"{'damped_trend': False, 'trend': 'additive', 'seasonal': None, 'seasonal_periods': None, 'method': None}","{'fillna': 'mean', 'transformations': {'0': 'ClipOutliers', '1': 'QuantileTransformer'}, 'transformation_params': {'0': {'method': 'clip', 'std_threshold': 3, 'fillna': None}, '1': {'output_distribution': 'uniform', 'n_quantiles': 103}}}",0.0,model.results,False,,,,,,
model_weights,227.0,0.0007030589227913711,inverse_rank_from_validation_score,Score,477.3400292668792,UnivariateMotif,"{'window': 14, 'point_method': 'median', 'distance_metric': 'minkowski', 'k': 5, 'max_windows': 10000}","{'fillna': 'ffill', 'transformations': {'0': 'QuantileTransformer', '1': 'SeasonalDifference'}, 'transformation_params': {'0': {'output_distribution': 'normal', 'n_quantiles': 20}, '1': {'lag_1': 7, 'method': 'LastValue'}}}",0.0,model.results,False,,,,,,
model_weights,228.0,0.0006999753310247422,inverse_rank_from_validation_score,Score,481.37138178362824,GLM,"{'family': 'Gamma', 'constant': False, 'regression_type': None, 'changepoint_spacing': None}","{'fillna': 'ffill', 'transformations': {'0': 'Slice', '1': 'QuantileTransformer', '2': 'LevelShiftTransformer', '3': 'ConvolutionFilter', '4': 'bkfilter'}, 'transformation_params': {'0': {'method': 100}, '1': {'output_distribution': 'uniform', 'n_quantiles': 20}, '2': {'window_size': 30, 'alpha': 2.5, 'grouping_forward_limit': 4, 'max_level_shifts': 5, 'alignment': 'rolling_diff_3nn', 'output': 'multivariate', 'remove_at_shift': True, 'shift_remove_window': 1, 'shift_fillna': 'mean', 'window_method': 'diff_overlap'}, '3': {'weight': [1.0, 0.5, 0.3333333333333333]}, '4': {}}}",0.0,model.results,False,,,,,,
model_weights,229.0,0.000696918670190573,inverse_rank_from_validation_score,Score,485.5137938420217,SeasonalityMotif,"{'window': 5, 'point_method': 'closest', 'distance_metric': 'mae', 'k': 5, 'datepart_method': 'common_fourier_rw_lag', 'independent': False}","{'fillna': 'quadratic', 'transformations': {'0': 'SeasonalDifference', '1': 'PositiveShift', '2': 'MeanPercentSplitter', '3': 'ScipyFilter', '4': 'StandardScaler'}, 'transformation_params': {'0': {'lag_1': 12, 'method': 20}, '1': {}, '2': {'window': 10, 'min_mean_threshold': 0.1}, '3': {'method': 'butter', 'method_args': {'N': 3, 'btype': 'lowpass', 'analog': False, 'output': 'sos', 'Wn': 0.14285714285714285}}, '4': {}}}",0.0,model.results,False,,,,,,
model_weights,230.0,0.0006938885890158314,inverse_rank_from_validation_score,Score,493.95062890934196,MetricMotif,"{'window': 10, 'point_method': 'mean', 'distance_metric': 'mse', 'k': 20, 'comparison_transformation': {'fillna': 'ffill', 'transformations': {'0': 'StandardScaler'}, 'transformation_params': {'0': {}}}, 'combination_transformation': {'fillna': 'ffill', 'transformations': {'0': 'MinMaxScaler'}, 'transformation_params': {'0': {}}}}","{'fillna': 'ffill', 'transformations': {'0': 'ClipOutliers'}, 'transformation_params': {'0': {'method': 'clip', 'std_threshold': 1, 'fillna': None}}}",0.0,model.results,False,,,,,,
model_weights,231.0,0.0006908847423101351,inverse_rank_from_validation_score,Score,493.95303306419703,MetricMotif,"{'window': 10, 'point_method': 'mean', 'distance_metric': 'mse', 'k': 20, 'comparison_transformation': {'fillna': 'ffill', 'transformations': {'0': 'StandardScaler'}, 'transformation_params': {'0': {}}}, 'combination_transformation': {'fillna': 'ffill', 'transformations': {'0': 'MinMaxScaler'}, 'transformation_params': {'0': {}}}}","{'fillna': 'ffill', 'transformations': {'0': 'ClipOutliers', '1': 'RobustScaler'}, 'transformation_params': {'0': {'method': 'clip', 'std_threshold': 1, 'fillna': None}, '1': {}}}",0.0,model.results,False,,,,,,
model_weights,232.0,0.0006879067908346604,inverse_rank_from_validation_score,Score,499.6041695531811,WindowRegression,"{'window_size': 20, 'input_dim': 'univariate', 'output_dim': 'forecast_length', 'normalize_window': False, 'max_windows': 5000000, 'fourier_encoding_components': None, 'scale': True, 'datepart_method': None, 'regression_type': 'User', 'regression_model': {'model': 'xgboost', 'model_params': {'booster': 'gbtree', 'objective': 'reg:squarederror', 'max_depth': 6, 'eta': 0.03, 'min_child_weight': 1, 'subsample': 1, 'colsample_bylevel': 1, 'reg_alpha': 0.05, 'reg_lambda': 1}}}","{'fillna': 'rolling_mean', 'transformations': {'0': 'AlignLastValue', '1': 'RobustScaler', '2': 'bkfilter', '3': 'Slice'}, 'transformation_params': {'0': {'rows': 84, 'lag': 28, 'method': 'additive', 'strength': 1.0, 'first_value_only': False, 'threshold': None, 'threshold_method': 'mean', 'mean_type': 'arithmetic'}, '1': {}, '2': {}, '3': {'method': 0.5}}}",0.0,model.results,False,,,,,,
model_weights,233.0,0.0006849544011744258,inverse_rank_from_validation_score,Score,518.0456971219481,GLM,"{'family': 'NegativeBinomial', 'constant': False, 'regression_type': None, 'changepoint_spacing': 60}","{'fillna': 'nearest', 'transformations': {'0': 'bkfilter', '1': 'FIRFilter', '2': 'AlignLastValue', '3': 'AlignLastValue', '4': 'PositiveShift', '5': 'FIRFilter'}, 'transformation_params': {'0': {}, '1': {'numtaps': 128, 'cutoff_hz': 0.01, 'window': 'hamming', 'sampling_frequency': 57, 'on_transform': True, 'on_inverse': False, 'bounds_only': False}, '2': {'rows': 1, 'lag': 1, 'method': 'additive', 'strength': 1.0, 'first_value_only': False, 'threshold': None, 'threshold_method': 'mean', 'mean_type': 'arithmetic'}, '3': {'rows': 1, 'lag': 1, 'method': 'additive', 'strength': 1.0, 'first_value_only': True, 'threshold': None, 'threshold_method': 'mean', 'mean_type': 'arithmetic'}, '4': {}, '5': {'numtaps': 64, 'cutoff_hz': 0.5, 'window': 'boxcar', 'sampling_frequency': 96, 'on_transform': True, 'on_inverse': False, 'bounds_only': False}}}",0.0,model.results,False,,,,,,
model_weights,234.0,0.0006820272456138514,inverse_rank_from_validation_score,Score,524.6406134562665,DMD,"{'rank': 10, 'alpha': 1, 'amplitude_threshold': None, 'eigenvalue_threshold': None}","{'fillna': 'ffill', 'transformations': {'0': 'HistoricValues', '1': 'AnomalyRemoval', '2': 'SeasonalDifference', '3': 'AnomalyRemoval', '4': 'FFTDecomposition'}, 'transformation_params': {'0': {'window': 10}, '1': {'method': 'zscore', 'method_params': {'distribution': 'norm', 'alpha': 0.05}, 'fillna': 'ffill', 'transform_dict': {'fillna': None, 'transformations': {'0': 'ClipOutliers'}, 'transformation_params': {'0': {'method': 'clip', 'std_threshold': 6}}}, 'isolated_only': False}, '2': {'lag_1': 7, 'method': 'Mean'}, '3': {'method': 'zscore', 'method_params': {'distribution': 'norm', 'alpha': 0.05}, 'fillna': 'fake_date', 'transform_dict': {'transformations': {'0': 'DifferencedTransformer'}, 'transformation_params': {'0': {}}}, 'isolated_only': False}, '4': {'n_harmonics': 10, 'detrend': 'linear'}}}",0.0,model.results,False,,,,,,
model_weights,235.0,0.0006791250020154946,inverse_rank_from_validation_score,Score,540.7000170620117,DMD,"{'rank': 1, 'alpha': 0.001, 'amplitude_threshold': None, 'eigenvalue_threshold': None}","{'fillna': 'pchip', 'transformations': {'0': 'Slice', '1': 'MaxAbsScaler', '2': 'RollingMeanTransformer', '3': 'Constraint'}, 'transformation_params': {'0': {'method': 0.5}, '1': {}, '2': {'fixed': True, 'window': 28, 'macro_micro': True, 'center': True, 'mean_type': 'arithmetic'}, '3': {'constraint_method': 'historic_growth', 'constraint_direction': 'lower', 'constraint_regularization': 1.0, 'constraint_value': {'threshold': 0.5, 'quantile': 0.99}, 'bounds_only': False, 'fillna': None}}}",0.0,model.results,False,,,,,,
model_weights,236.0,0.0006762473537018696,inverse_rank_from_validation_score,Score,544.1914322047384,BallTreeRegressionMotif,"{'window': 7, 'point_method': 'mean', 'distance_metric': 'cityblock', 'k': 10, 'sample_fraction': 50000000, 'comparison_transformation': None, 'combination_transformation': None, 'extend_df': True, 'mean_rolling_periods': None, 'macd_periods': None, 'std_rolling_periods': 5, 'max_rolling_periods': None, 'min_rolling_periods': None, 'quantile90_rolling_periods': None, 'quantile10_rolling_periods': 10, 'ewm_alpha': None, 'ewm_var_alpha': 0.8, 'additional_lag_periods': None, 'abs_energy': False, 'rolling_autocorr_periods': None, 'nonzero_last_n': None, 'datepart_method': None, 'polynomial_degree': None, 'regression_type': None, 'holiday': True, 'scale_full_X': False, 'series_hash': True, 'frac_slice': None}","{'fillna': 'mean', 'transformations': {'0': 'StandardScaler'}, 'transformation_params': {'0': {}}}",0.0,model.results,False,,,,,,
model_weights,237.0,0.0006733939893402583,inverse_rank_from_validation_score,Score,564.5317365776046,Ensemble,"{'model_name': 'BestN', 'model_count': 3, 'model_metric': 'best_score', 'models': {'b52c8876f9849485b32c9cd995d206f2': {'Model': 'SeasonalNaive', 'ModelParameters': '{""method"": ""lastvalue"", ""lag_1"": 64, ""lag_2"": 12}', 'TransformationParameters': '{""fillna"": ""ffill"", ""transformations"": {""0"": ""AlignLastValue"", ""1"": ""bkfilter"", ""2"": ""RegressionFilter"", ""3"": ""PowerTransformer"", ""4"": ""FFTDecomposition""}, ""transformation_params"": {""0"": {""rows"": 1, ""lag"": 1, ""method"": ""additive"", ""strength"": 1.0, ""first_value_only"": false, ""threshold"": 1, ""threshold_method"": ""mean"", ""mean_type"": ""arithmetic""}, ""1"": {}, ""2"": {""sigma"": 2, ""rolling_window"": 90, ""run_order"": ""season_first"", ""regression_params"": {""regression_model"": {""model"": ""ElasticNet"", ""model_params"": {""l1_ratio"": 0.5, ""fit_intercept"": true, ""selection"": ""cyclic"", ""max_iter"": 1000}}, ""datepart_method"": ""anchored_segment_fourier:us_school"", ""polynomial_degree"": null, ""transform_dict"": null, ""holiday_countries_used"": true, ""lags"": null, ""forward_lags"": null}, ""holiday_params"": null, ""trend_method"": ""rolling_mean""}, ""3"": {}, ""4"": {""n_harmonics"": 10, ""detrend"": ""linear""}}}'}, 'a28ec290170b13fd699d9f65cf8a8be5': {'Model': 'SeasonalNaive', 'ModelParameters': '{""method"": ""mean"", ""lag_1"": 64, ""lag_2"": 12}', 'TransformationParameters': '{""fillna"": ""ffill"", ""transformations"": {""0"": ""MinMaxScaler"", ""1"": ""DifferencedTransformer"", ""2"": ""ConvolutionFilter""}, ""transformation_params"": {""0"": {}, ""1"": {""lag"": 1, ""fill"": ""bfill""}, ""2"": {""weight"": [1.0, 0.5, 0.3333333333333333, 0.25, 0.2, 0.16666666666666666, 0.14285714285714285]}}}'}, '483bc03fb7d41bd6b09ed562ac44c517': {'Model': 'SeasonalityMotif', 'ModelParameters': '{""window"": 30, ""point_method"": ""weighted_mean"", ""distance_metric"": ""mqae"", ""k"": 15, ""datepart_method"": ""common_fourier"", ""independent"": true}', 'TransformationParameters': '{""fillna"": ""ffill"", ""transformations"": {""0"": null}, ""transformation_params"": {""0"": {}}}'}}, 'model_weights': {}, 'point_method': 'mean'}","{'fillna': 'zero', 'transformations': {'0': 'AnomalyRemoval', '1': 'EWMAFilter', '2': 'AlignLastValue'}, 'transformation_params': {'0': {'method': 'med_diff', 'method_params': {'distribution': 'norm', 'alpha': 0.05}, 'fillna': 'rolling_mean_24', 'transform_dict': {'fillna': None, 'transformations': {'0': 'EWMAFilter'}, 'transformation_params': {'0': {'span': 7}}}, 'isolated_only': False, 'on_inverse': False}, '1': {'span': 7}, '2': {'rows': 1, 'lag': 1, 'method': 'multiplicative', 'strength': 1.0, 'first_value_only': False, 'threshold': 1, 'threshold_method': 'max'}}}",1.0,model.results,False,,,,,,
model_weights,238.0,0.0006705646028304252,inverse_rank_from_validation_score,Score,566.8875008454797,Ensemble,"{'model_name': 'BestN', 'model_count': 3, 'model_metric': 'best_score_unique', 'models': {'b52c8876f9849485b32c9cd995d206f2': {'Model': 'SeasonalNaive', 'ModelParameters': '{""method"": ""lastvalue"", ""lag_1"": 64, ""lag_2"": 12}', 'TransformationParameters': '{""fillna"": ""ffill"", ""transformations"": {""0"": ""AlignLastValue"", ""1"": ""bkfilter"", ""2"": ""RegressionFilter"", ""3"": ""PowerTransformer"", ""4"": ""FFTDecomposition""}, ""transformation_params"": {""0"": {""rows"": 1, ""lag"": 1, ""method"": ""additive"", ""strength"": 1.0, ""first_value_only"": false, ""threshold"": 1, ""threshold_method"": ""mean"", ""mean_type"": ""arithmetic""}, ""1"": {}, ""2"": {""sigma"": 2, ""rolling_window"": 90, ""run_order"": ""season_first"", ""regression_params"": {""regression_model"": {""model"": ""ElasticNet"", ""model_params"": {""l1_ratio"": 0.5, ""fit_intercept"": true, ""selection"": ""cyclic"", ""max_iter"": 1000}}, ""datepart_method"": ""anchored_segment_fourier:us_school"", ""polynomial_degree"": null, ""transform_dict"": null, ""holiday_countries_used"": true, ""lags"": null, ""forward_lags"": null}, ""holiday_params"": null, ""trend_method"": ""rolling_mean""}, ""3"": {}, ""4"": {""n_harmonics"": 10, ""detrend"": ""linear""}}}'}, '483bc03fb7d41bd6b09ed562ac44c517': {'Model': 'SeasonalityMotif', 'ModelParameters': '{""window"": 30, ""point_method"": ""weighted_mean"", ""distance_metric"": ""mqae"", ""k"": 15, ""datepart_method"": ""common_fourier"", ""independent"": true}', 'TransformationParameters': '{""fillna"": ""ffill"", ""transformations"": {""0"": null}, ""transformation_params"": {""0"": {}}}'}, '759f4757070db9464a47d5b64481062e': {'Model': 'ARDL', 'ModelParameters': '{""lags"": 1, ""trend"": ""n"", ""order"": 1, ""causal"": false, ""regression_type"": ""holiday""}', 'TransformationParameters': '{""fillna"": ""fake_date"", ""transformations"": {""0"": ""IntermittentOccurrence""}, ""transformation_params"": {""0"": {""center"": ""mean""}}}'}}, 'model_weights': {}, 'point_method': 'mean'}","{'fillna': 'zero', 'transformations': {'0': 'AnomalyRemoval', '1': 'EWMAFilter', '2': 'AlignLastValue'}, 'transformation_params': {'0': {'method': 'med_diff', 'method_params': {'distribution': 'norm', 'alpha': 0.05}, 'fillna': 'rolling_mean_24', 'transform_dict': {'fillna': None, 'transformations': {'0': 'EWMAFilter'}, 'transformation_params': {'0': {'span': 7}}}, 'isolated_only': False, 'on_inverse': False}, '1': {'span': 7}, '2': {'rows': 1, 'lag': 1, 'method': 'multiplicative', 'strength': 1.0, 'first_value_only': False, 'threshold': 1, 'threshold_method': 'max'}}}",1.0,model.results,False,,,,,,
model_weights,239.0,0.0006677588931951515,inverse_rank_from_validation_score,Score,568.6348688271211,RRVAR,"{'method': 'dmd', 'rank': 4, 'maxiter': 200}","{'fillna': 'ffill', 'transformations': {'0': 'Constraint'}, 'transformation_params': {'0': {'constraint_method': 'last_window', 'constraint_direction': 'upper', 'constraint_regularization': 1.0, 'constraint_value': {'window': 10, 'threshold': 0.2}, 'bounds_only': False, 'fillna': 'ffill'}}}",0.0,model.results,False,,,,,,
model_weights,240.0,0.0006649765644735051,inverse_rank_from_validation_score,Score,587.7898107941586,Ensemble,"{'model_name': 'BestN', 'model_count': 5, 'model_metric': 'bestn_horizontal', 'models': {'b52c8876f9849485b32c9cd995d206f2': {'Model': 'SeasonalNaive', 'ModelParameters': '{""method"": ""lastvalue"", ""lag_1"": 64, ""lag_2"": 12}', 'TransformationParameters': '{""fillna"": ""ffill"", ""transformations"": {""0"": ""AlignLastValue"", ""1"": ""bkfilter"", ""2"": ""RegressionFilter"", ""3"": ""PowerTransformer"", ""4"": ""FFTDecomposition""}, ""transformation_params"": {""0"": {""rows"": 1, ""lag"": 1, ""method"": ""additive"", ""strength"": 1.0, ""first_value_only"": false, ""threshold"": 1, ""threshold_method"": ""mean"", ""mean_type"": ""arithmetic""}, ""1"": {}, ""2"": {""sigma"": 2, ""rolling_window"": 90, ""run_order"": ""season_first"", ""regression_params"": {""regression_model"": {""model"": ""ElasticNet"", ""model_params"": {""l1_ratio"": 0.5, ""fit_intercept"": true, ""selection"": ""cyclic"", ""max_iter"": 1000}}, ""datepart_method"": ""anchored_segment_fourier:us_school"", ""polynomial_degree"": null, ""transform_dict"": null, ""holiday_countries_used"": true, ""lags"": null, ""forward_lags"": null}, ""holiday_params"": null, ""trend_method"": ""rolling_mean""}, ""3"": {}, ""4"": {""n_harmonics"": 10, ""detrend"": ""linear""}}}'}, 'a28ec290170b13fd699d9f65cf8a8be5': {'Model': 'SeasonalNaive', 'ModelParameters': '{""method"": ""mean"", ""lag_1"": 64, ""lag_2"": 12}', 'TransformationParameters': '{""fillna"": ""ffill"", ""transformations"": {""0"": ""MinMaxScaler"", ""1"": ""DifferencedTransformer"", ""2"": ""ConvolutionFilter""}, ""transformation_params"": {""0"": {}, ""1"": {""lag"": 1, ""fill"": ""bfill""}, ""2"": {""weight"": [1.0, 0.5, 0.3333333333333333, 0.25, 0.2, 0.16666666666666666, 0.14285714285714285]}}}'}, '483bc03fb7d41bd6b09ed562ac44c517': {'Model': 'SeasonalityMotif', 'ModelParameters': '{""window"": 30, ""point_method"": ""weighted_mean"", ""distance_metric"": ""mqae"", ""k"": 15, ""datepart_method"": ""common_fourier"", ""independent"": true}', 'TransformationParameters': '{""fillna"": ""ffill"", ""transformations"": {""0"": null}, ""transformation_params"": {""0"": {}}}'}, 'd00109751cdbcbd8ed2960d92095ef47': {'Model': 'SeasonalityMotif', 'ModelParameters': '{""window"": 5, ""point_method"": ""weighted_mean"", ""distance_metric"": ""mqae"", ""k"": 15, ""datepart_method"": ""common_fourier"", ""independent"": true}', 'TransformationParameters': '{""fillna"": ""ffill"", ""transformations"": {""0"": ""RegressionFilter"", ""1"": ""PowerTransformer""}, ""transformation_params"": {""0"": {""sigma"": 2, ""rolling_window"": 90, ""run_order"": ""season_first"", ""regression_params"": {""regression_model"": {""model"": ""ElasticNet"", ""model_params"": {""l1_ratio"": 0.5, ""fit_intercept"": true, ""selection"": ""cyclic"", ""max_iter"": 1000}}, ""datepart_method"": ""anchored_segment_fourier:us_school"", ""polynomial_degree"": null, ""transform_dict"": null, ""holiday_countries_used"": true, ""lags"": null, ""forward_lags"": null}, ""holiday_params"": null, ""trend_method"": ""rolling_mean""}, ""1"": {}}}'}, '759f4757070db9464a47d5b64481062e': {'Model': 'ARDL', 'ModelParameters': '{""lags"": 1, ""trend"": ""n"", ""order"": 1, ""causal"": false, ""regression_type"": ""holiday""}', 'TransformationParameters': '{""fillna"": ""fake_date"", ""transformations"": {""0"": ""IntermittentOccurrence""}, ""transformation_params"": {""0"": {""center"": ""mean""}}}'}}, 'point_method': 'median', 'model_weights': {}}","{'fillna': 'zero', 'transformations': {'0': 'AnomalyRemoval', '1': 'EWMAFilter', '2': 'AlignLastValue'}, 'transformation_params': {'0': {'method': 'med_diff', 'method_params': {'distribution': 'norm', 'alpha': 0.05}, 'fillna': 'rolling_mean_24', 'transform_dict': {'fillna': None, 'transformations': {'0': 'EWMAFilter'}, 'transformation_params': {'0': {'span': 7}}}, 'isolated_only': False, 'on_inverse': False}, '1': {'span': 7}, '2': {'rows': 1, 'lag': 1, 'method': 'multiplicative', 'strength': 1.0, 'first_value_only': False, 'threshold': 1, 'threshold_method': 'max'}}}",1.0,model.results,False,,,,,,
model_weights,241.0,0.0006622173256167686,inverse_rank_from_validation_score,Score,589.5037591513764,Ensemble,"{'model_name': 'BestN', 'model_count': 5, 'model_metric': 'best_score_unique', 'models': {'b52c8876f9849485b32c9cd995d206f2': {'Model': 'SeasonalNaive', 'ModelParameters': '{""method"": ""lastvalue"", ""lag_1"": 64, ""lag_2"": 12}', 'TransformationParameters': '{""fillna"": ""ffill"", ""transformations"": {""0"": ""AlignLastValue"", ""1"": ""bkfilter"", ""2"": ""RegressionFilter"", ""3"": ""PowerTransformer"", ""4"": ""FFTDecomposition""}, ""transformation_params"": {""0"": {""rows"": 1, ""lag"": 1, ""method"": ""additive"", ""strength"": 1.0, ""first_value_only"": false, ""threshold"": 1, ""threshold_method"": ""mean"", ""mean_type"": ""arithmetic""}, ""1"": {}, ""2"": {""sigma"": 2, ""rolling_window"": 90, ""run_order"": ""season_first"", ""regression_params"": {""regression_model"": {""model"": ""ElasticNet"", ""model_params"": {""l1_ratio"": 0.5, ""fit_intercept"": true, ""selection"": ""cyclic"", ""max_iter"": 1000}}, ""datepart_method"": ""anchored_segment_fourier:us_school"", ""polynomial_degree"": null, ""transform_dict"": null, ""holiday_countries_used"": true, ""lags"": null, ""forward_lags"": null}, ""holiday_params"": null, ""trend_method"": ""rolling_mean""}, ""3"": {}, ""4"": {""n_harmonics"": 10, ""detrend"": ""linear""}}}'}, '483bc03fb7d41bd6b09ed562ac44c517': {'Model': 'SeasonalityMotif', 'ModelParameters': '{""window"": 30, ""point_method"": ""weighted_mean"", ""distance_metric"": ""mqae"", ""k"": 15, ""datepart_method"": ""common_fourier"", ""independent"": true}', 'TransformationParameters': '{""fillna"": ""ffill"", ""transformations"": {""0"": null}, ""transformation_params"": {""0"": {}}}'}, '759f4757070db9464a47d5b64481062e': {'Model': 'ARDL', 'ModelParameters': '{""lags"": 1, ""trend"": ""n"", ""order"": 1, ""causal"": false, ""regression_type"": ""holiday""}', 'TransformationParameters': '{""fillna"": ""fake_date"", ""transformations"": {""0"": ""IntermittentOccurrence""}, ""transformation_params"": {""0"": {""center"": ""mean""}}}'}, 'e89a3b30b5276cefef55356f531cb97d': {'Model': 'UnivariateMotif', 'ModelParameters': '{""window"": 10, ""point_method"": ""weighted_mean"", ""distance_metric"": ""canberra"", ""k"": 10, ""max_windows"": 10000}', 'TransformationParameters': '{""fillna"": ""ffill"", ""transformations"": {""0"": ""MinMaxScaler"", ""1"": ""AlignLastValue"", ""2"": ""ScipyFilter""}, ""transformation_params"": {""0"": {}, ""1"": {""rows"": 1, ""lag"": 1, ""method"": ""additive"", ""strength"": 1.0, ""first_value_only"": false, ""threshold"": 1, ""threshold_method"": ""max"", ""mean_type"": ""arithmetic""}, ""2"": {""method"": ""butter"", ""method_args"": {""N"": 4, ""btype"": ""highpass"", ""analog"": false, ""output"": ""sos"", ""Wn"": 0.011904761904761904}}}}'}, '23c85c773110afcdc5c3a31becf66854': {'Model': 'RRVAR', 'ModelParameters': '{""method"": ""als"", ""rank"": 16, ""maxiter"": 200}', 'TransformationParameters': '{""fillna"": ""nearest"", ""transformations"": {""0"": ""AlignLastValue"", ""1"": ""PowerTransformer""}, ""transformation_params"": {""0"": {""rows"": 1, ""lag"": 1, ""method"": ""additive"", ""strength"": 0.5, ""first_value_only"": false, ""threshold"": 10, ""threshold_method"": ""max"", ""mean_type"": ""arithmetic""}, ""1"": {}}}'}}, 'point_method': 'midhinge', 'model_weights': {}}","{'fillna': 'zero', 'transformations': {'0': 'AnomalyRemoval', '1': 'EWMAFilter', '2': 'AlignLastValue'}, 'transformation_params': {'0': {'method': 'med_diff', 'method_params': {'distribution': 'norm', 'alpha': 0.05}, 'fillna': 'rolling_mean_24', 'transform_dict': {'fillna': None, 'transformations': {'0': 'EWMAFilter'}, 'transformation_params': {'0': {'span': 7}}}, 'isolated_only': False, 'on_inverse': False}, '1': {'span': 7}, '2': {'rows': 1, 'lag': 1, 'method': 'multiplicative', 'strength': 1.0, 'first_value_only': False, 'threshold': 1, 'threshold_method': 'max'}}}",1.0,model.results,False,,,,,,
model_weights,242.0,0.0006594808903869472,inverse_rank_from_validation_score,Score,590.0437915843174,DMD,"{'rank': 1, 'alpha': 0.001, 'amplitude_threshold': None, 'eigenvalue_threshold': None}","{'fillna': 'pchip', 'transformations': {'0': 'Slice', '1': 'LocalLinearTrend', '2': 'RollingMeanTransformer', '3': 'Constraint'}, 'transformation_params': {'0': {'method': 0.5}, '1': {'rolling_window': 180, 'n_tails': 0.1, 'n_future': 90, 'method': 'mean', 'macro_micro': False}, '2': {'fixed': True, 'window': 28, 'macro_micro': True, 'center': True, 'mean_type': 'arithmetic'}, '3': {'constraint_method': 'historic_growth', 'constraint_direction': 'lower', 'constraint_regularization': 1.0, 'constraint_value': {'threshold': 0.5, 'quantile': 0.99}, 'bounds_only': False, 'fillna': None}}}",0.0,model.results,False,,,,,,
model_weights,243.0,0.0006567669772577829,inverse_rank_from_validation_score,Score,592.7827333155433,Ensemble,"{'model_name': 'BestN', 'model_count': 3, 'model_metric': 'mixed_metric', 'models': {'a28ec290170b13fd699d9f65cf8a8be5': {'Model': 'SeasonalNaive', 'ModelParameters': '{""method"": ""mean"", ""lag_1"": 64, ""lag_2"": 12}', 'TransformationParameters': '{""fillna"": ""ffill"", ""transformations"": {""0"": ""MinMaxScaler"", ""1"": ""DifferencedTransformer"", ""2"": ""ConvolutionFilter""}, ""transformation_params"": {""0"": {}, ""1"": {""lag"": 1, ""fill"": ""bfill""}, ""2"": {""weight"": [1.0, 0.5, 0.3333333333333333, 0.25, 0.2, 0.16666666666666666, 0.14285714285714285]}}}'}, 'b52c8876f9849485b32c9cd995d206f2': {'Model': 'SeasonalNaive', 'ModelParameters': '{""method"": ""lastvalue"", ""lag_1"": 64, ""lag_2"": 12}', 'TransformationParameters': '{""fillna"": ""ffill"", ""transformations"": {""0"": ""AlignLastValue"", ""1"": ""bkfilter"", ""2"": ""RegressionFilter"", ""3"": ""PowerTransformer"", ""4"": ""FFTDecomposition""}, ""transformation_params"": {""0"": {""rows"": 1, ""lag"": 1, ""method"": ""additive"", ""strength"": 1.0, ""first_value_only"": false, ""threshold"": 1, ""threshold_method"": ""mean"", ""mean_type"": ""arithmetic""}, ""1"": {}, ""2"": {""sigma"": 2, ""rolling_window"": 90, ""run_order"": ""season_first"", ""regression_params"": {""regression_model"": {""model"": ""ElasticNet"", ""model_params"": {""l1_ratio"": 0.5, ""fit_intercept"": true, ""selection"": ""cyclic"", ""max_iter"": 1000}}, ""datepart_method"": ""anchored_segment_fourier:us_school"", ""polynomial_degree"": null, ""transform_dict"": null, ""holiday_countries_used"": true, ""lags"": null, ""forward_lags"": null}, ""holiday_params"": null, ""trend_method"": ""rolling_mean""}, ""3"": {}, ""4"": {""n_harmonics"": 10, ""detrend"": ""linear""}}}'}, '3e349e3aaa1ceb062f73adbd8e0c389c': {'Model': 'SeasonalityMotif', 'ModelParameters': '{""window"": 30, ""point_method"": ""weighted_mean"", ""distance_metric"": ""mqae"", ""k"": 10, ""datepart_method"": ""simple_binarized"", ""independent"": false}', 'TransformationParameters': '{""fillna"": ""ffill"", ""transformations"": {""0"": ""ScipyFilter"", ""1"": ""AlignLastValue"", ""2"": ""bkfilter"", ""3"": ""RollingMean100thN"", ""4"": ""AlignLastValue""}, ""transformation_params"": {""0"": {""method"": ""butter"", ""method_args"": {""N"": 4, ""btype"": ""lowpass"", ""analog"": false, ""output"": ""sos"", ""Wn"": 0.08333333333333333}}, ""1"": {""rows"": 1, ""lag"": 28, ""method"": ""additive"", ""strength"": 0.2, ""first_value_only"": false, ""threshold"": 1, ""threshold_method"": ""max"", ""mean_type"": ""arithmetic""}, ""2"": {}, ""3"": {}, ""4"": {""rows"": 1, ""lag"": 1, ""method"": ""additive"", ""strength"": 1.0, ""first_value_only"": false, ""threshold"": null, ""threshold_method"": ""mean"", ""mean_type"": ""arithmetic""}}}'}}, 'model_weights': {}, 'point_method': 'mean'}","{'fillna': 'zero', 'transformations': {'0': 'AnomalyRemoval', '1': 'EWMAFilter', '2': 'AlignLastValue'}, 'transformation_params': {'0': {'method': 'med_diff', 'method_params': {'distribution': 'norm', 'alpha': 0.05}, 'fillna': 'rolling_mean_24', 'transform_dict': {'fillna': None, 'transformations': {'0': 'EWMAFilter'}, 'transformation_params': {'0': {'span': 7}}}, 'isolated_only': False, 'on_inverse': False}, '1': {'span': 7}, '2': {'rows': 1, 'lag': 1, 'method': 'multiplicative', 'strength': 1.0, 'first_value_only': False, 'threshold': 1, 'threshold_method': 'max'}}}",1.0,model.results,False,,,,,,
model_weights,244.0,0.0006540753093182018,inverse_rank_from_validation_score,Score,593.3796582461883,Ensemble,"{'model_name': 'BestN', 'model_count': 5, 'model_metric': 'mixed_metric', 'models': {'a28ec290170b13fd699d9f65cf8a8be5': {'Model': 'SeasonalNaive', 'ModelParameters': '{""method"": ""mean"", ""lag_1"": 64, ""lag_2"": 12}', 'TransformationParameters': '{""fillna"": ""ffill"", ""transformations"": {""0"": ""MinMaxScaler"", ""1"": ""DifferencedTransformer"", ""2"": ""ConvolutionFilter""}, ""transformation_params"": {""0"": {}, ""1"": {""lag"": 1, ""fill"": ""bfill""}, ""2"": {""weight"": [1.0, 0.5, 0.3333333333333333, 0.25, 0.2, 0.16666666666666666, 0.14285714285714285]}}}'}, 'b52c8876f9849485b32c9cd995d206f2': {'Model': 'SeasonalNaive', 'ModelParameters': '{""method"": ""lastvalue"", ""lag_1"": 64, ""lag_2"": 12}', 'TransformationParameters': '{""fillna"": ""ffill"", ""transformations"": {""0"": ""AlignLastValue"", ""1"": ""bkfilter"", ""2"": ""RegressionFilter"", ""3"": ""PowerTransformer"", ""4"": ""FFTDecomposition""}, ""transformation_params"": {""0"": {""rows"": 1, ""lag"": 1, ""method"": ""additive"", ""strength"": 1.0, ""first_value_only"": false, ""threshold"": 1, ""threshold_method"": ""mean"", ""mean_type"": ""arithmetic""}, ""1"": {}, ""2"": {""sigma"": 2, ""rolling_window"": 90, ""run_order"": ""season_first"", ""regression_params"": {""regression_model"": {""model"": ""ElasticNet"", ""model_params"": {""l1_ratio"": 0.5, ""fit_intercept"": true, ""selection"": ""cyclic"", ""max_iter"": 1000}}, ""datepart_method"": ""anchored_segment_fourier:us_school"", ""polynomial_degree"": null, ""transform_dict"": null, ""holiday_countries_used"": true, ""lags"": null, ""forward_lags"": null}, ""holiday_params"": null, ""trend_method"": ""rolling_mean""}, ""3"": {}, ""4"": {""n_harmonics"": 10, ""detrend"": ""linear""}}}'}, '3e349e3aaa1ceb062f73adbd8e0c389c': {'Model': 'SeasonalityMotif', 'ModelParameters': '{""window"": 30, ""point_method"": ""weighted_mean"", ""distance_metric"": ""mqae"", ""k"": 10, ""datepart_method"": ""simple_binarized"", ""independent"": false}', 'TransformationParameters': '{""fillna"": ""ffill"", ""transformations"": {""0"": ""ScipyFilter"", ""1"": ""AlignLastValue"", ""2"": ""bkfilter"", ""3"": ""RollingMean100thN"", ""4"": ""AlignLastValue""}, ""transformation_params"": {""0"": {""method"": ""butter"", ""method_args"": {""N"": 4, ""btype"": ""lowpass"", ""analog"": false, ""output"": ""sos"", ""Wn"": 0.08333333333333333}}, ""1"": {""rows"": 1, ""lag"": 28, ""method"": ""additive"", ""strength"": 0.2, ""first_value_only"": false, ""threshold"": 1, ""threshold_method"": ""max"", ""mean_type"": ""arithmetic""}, ""2"": {}, ""3"": {}, ""4"": {""rows"": 1, ""lag"": 1, ""method"": ""additive"", ""strength"": 1.0, ""first_value_only"": false, ""threshold"": null, ""threshold_method"": ""mean"", ""mean_type"": ""arithmetic""}}}'}, 'b45e6182d5f3b0168c3bd9fb67794936': {'Model': 'SectionalMotif', 'ModelParameters': '{""window"": 30, ""point_method"": ""midhinge"", ""distance_metric"": ""canberra"", ""include_differenced"": false, ""k"": 10, ""stride_size"": 1, ""regression_type"": null, ""comparison_transformation"": null, ""combination_transformation"": null}', 'TransformationParameters': '{""fillna"": ""quadratic"", ""transformations"": {""0"": ""AlignLastValue"", ""1"": ""MaxAbsScaler"", ""2"": ""RegressionFilter"", ""3"": ""PowerTransformer"", ""4"": ""FFTFilter""}, ""transformation_params"": {""0"": {""rows"": 1, ""lag"": 1, ""method"": ""additive"", ""strength"": 1.0, ""first_value_only"": false, ""threshold"": 1, ""threshold_method"": ""mean"", ""mean_type"": ""arithmetic""}, ""1"": {}, ""2"": {""sigma"": 2, ""rolling_window"": 90, ""run_order"": ""season_first"", ""regression_params"": {""regression_model"": {""model"": ""ElasticNet"", ""model_params"": {""l1_ratio"": 0.5, ""fit_intercept"": true, ""selection"": ""cyclic"", ""max_iter"": 1000}}, ""datepart_method"": ""anchored_segment_fourier:us_school"", ""polynomial_degree"": null, ""transform_dict"": null, ""holiday_countries_used"": true, ""lags"": null, ""forward_lags"": null}, ""holiday_params"": null, ""trend_method"": ""rolling_mean""}, ""3"": {}, ""4"": {""cutoff"": 0.1, ""reverse"": false, ""on_transform"": true, ""on_inverse"": true}}}'}, '759f4757070db9464a47d5b64481062e': {'Model': 'ARDL', 'ModelParameters': '{""lags"": 1, ""trend"": ""n"", ""order"": 1, ""causal"": false, ""regression_type"": ""holiday""}', 'TransformationParameters': '{""fillna"": ""fake_date"", ""transformations"": {""0"": ""IntermittentOccurrence""}, ""transformation_params"": {""0"": {""center"": ""mean""}}}'}}, 'point_method': 'median', 'model_weights': {}}","{'fillna': 'zero', 'transformations': {'0': 'AnomalyRemoval', '1': 'EWMAFilter', '2': 'AlignLastValue'}, 'transformation_params': {'0': {'method': 'med_diff', 'method_params': {'distribution': 'norm', 'alpha': 0.05}, 'fillna': 'rolling_mean_24', 'transform_dict': {'fillna': None, 'transformations': {'0': 'EWMAFilter'}, 'transformation_params': {'0': {'span': 7}}}, 'isolated_only': False, 'on_inverse': False}, '1': {'span': 7}, '2': {'rows': 1, 'lag': 1, 'method': 'multiplicative', 'strength': 1.0, 'first_value_only': False, 'threshold': 1, 'threshold_method': 'max'}}}",1.0,model.results,False,,,,,,
model_weights,245.0,0.0006514056141781275,inverse_rank_from_validation_score,Score,612.092611977345,ETS,"{'damped_trend': False, 'trend': None, 'seasonal': None, 'seasonal_periods': None, 'method': None}","{'fillna': 'ffill', 'transformations': {'0': 'IntermittentOccurrence', '1': 'bkfilter', '2': 'RegressionFilter', '3': 'bkfilter', '4': 'FFTDecomposition'}, 'transformation_params': {'0': {'center': 'median'}, '1': {}, '2': {'sigma': 2, 'rolling_window': 90, 'run_order': 'season_first', 'regression_params': {'regression_model': {'model': 'ElasticNet', 'model_params': {'l1_ratio': 0.5, 'fit_intercept': True, 'selection': 'cyclic', 'max_iter': 1000}}, 'datepart_method': 'anchored_segment_fourier:us_school', 'polynomial_degree': None, 'transform_dict': None, 'holiday_countries_used': True, 'lags': None, 'forward_lags': None}, 'holiday_params': None, 'trend_method': 'rolling_mean'}, '3': {}, '4': {'n_harmonics': 10, 'detrend': 'linear'}}}",0.0,model.results,False,,,,,,
model_weights,246.0,0.0006487576238765904,inverse_rank_from_validation_score,Score,623.298988997966,Ensemble,"{'model_name': 'BestN', 'model_count': 3, 'model_metric': 'bestn_horizontal', 'models': {'b52c8876f9849485b32c9cd995d206f2': {'Model': 'SeasonalNaive', 'ModelParameters': '{""method"": ""lastvalue"", ""lag_1"": 64, ""lag_2"": 12}', 'TransformationParameters': '{""fillna"": ""ffill"", ""transformations"": {""0"": ""AlignLastValue"", ""1"": ""bkfilter"", ""2"": ""RegressionFilter"", ""3"": ""PowerTransformer"", ""4"": ""FFTDecomposition""}, ""transformation_params"": {""0"": {""rows"": 1, ""lag"": 1, ""method"": ""additive"", ""strength"": 1.0, ""first_value_only"": false, ""threshold"": 1, ""threshold_method"": ""mean"", ""mean_type"": ""arithmetic""}, ""1"": {}, ""2"": {""sigma"": 2, ""rolling_window"": 90, ""run_order"": ""season_first"", ""regression_params"": {""regression_model"": {""model"": ""ElasticNet"", ""model_params"": {""l1_ratio"": 0.5, ""fit_intercept"": true, ""selection"": ""cyclic"", ""max_iter"": 1000}}, ""datepart_method"": ""anchored_segment_fourier:us_school"", ""polynomial_degree"": null, ""transform_dict"": null, ""holiday_countries_used"": true, ""lags"": null, ""forward_lags"": null}, ""holiday_params"": null, ""trend_method"": ""rolling_mean""}, ""3"": {}, ""4"": {""n_harmonics"": 10, ""detrend"": ""linear""}}}'}, 'e89a3b30b5276cefef55356f531cb97d': {'Model': 'UnivariateMotif', 'ModelParameters': '{""window"": 10, ""point_method"": ""weighted_mean"", ""distance_metric"": ""canberra"", ""k"": 10, ""max_windows"": 10000}', 'TransformationParameters': '{""fillna"": ""ffill"", ""transformations"": {""0"": ""MinMaxScaler"", ""1"": ""AlignLastValue"", ""2"": ""ScipyFilter""}, ""transformation_params"": {""0"": {}, ""1"": {""rows"": 1, ""lag"": 1, ""method"": ""additive"", ""strength"": 1.0, ""first_value_only"": false, ""threshold"": 1, ""threshold_method"": ""max"", ""mean_type"": ""arithmetic""}, ""2"": {""method"": ""butter"", ""method_args"": {""N"": 4, ""btype"": ""highpass"", ""analog"": false, ""output"": ""sos"", ""Wn"": 0.011904761904761904}}}}'}, 'b45e6182d5f3b0168c3bd9fb67794936': {'Model': 'SectionalMotif', 'ModelParameters': '{""window"": 30, ""point_method"": ""midhinge"", ""distance_metric"": ""canberra"", ""include_differenced"": false, ""k"": 10, ""stride_size"": 1, ""regression_type"": null, ""comparison_transformation"": null, ""combination_transformation"": null}', 'TransformationParameters': '{""fillna"": ""quadratic"", ""transformations"": {""0"": ""AlignLastValue"", ""1"": ""MaxAbsScaler"", ""2"": ""RegressionFilter"", ""3"": ""PowerTransformer"", ""4"": ""FFTFilter""}, ""transformation_params"": {""0"": {""rows"": 1, ""lag"": 1, ""method"": ""additive"", ""strength"": 1.0, ""first_value_only"": false, ""threshold"": 1, ""threshold_method"": ""mean"", ""mean_type"": ""arithmetic""}, ""1"": {}, ""2"": {""sigma"": 2, ""rolling_window"": 90, ""run_order"": ""season_first"", ""regression_params"": {""regression_model"": {""model"": ""ElasticNet"", ""model_params"": {""l1_ratio"": 0.5, ""fit_intercept"": true, ""selection"": ""cyclic"", ""max_iter"": 1000}}, ""datepart_method"": ""anchored_segment_fourier:us_school"", ""polynomial_degree"": null, ""transform_dict"": null, ""holiday_countries_used"": true, ""lags"": null, ""forward_lags"": null}, ""holiday_params"": null, ""trend_method"": ""rolling_mean""}, ""3"": {}, ""4"": {""cutoff"": 0.1, ""reverse"": false, ""on_transform"": true, ""on_inverse"": true}}}'}}, 'model_weights': {'b52c8876f9849485b32c9cd995d206f2': 20.0, 'b45e6182d5f3b0168c3bd9fb67794936': 19.0, 'e89a3b30b5276cefef55356f531cb97d': 18.0}, 'point_method': 'mean'}","{'fillna': 'zero', 'transformations': {'0': 'AnomalyRemoval', '1': 'EWMAFilter', '2': 'AlignLastValue'}, 'transformation_params': {'0': {'method': 'med_diff', 'method_params': {'distribution': 'norm', 'alpha': 0.05}, 'fillna': 'rolling_mean_24', 'transform_dict': {'fillna': None, 'transformations': {'0': 'EWMAFilter'}, 'transformation_params': {'0': {'span': 7}}}, 'isolated_only': False, 'on_inverse': False}, '1': {'span': 7}, '2': {'rows': 1, 'lag': 1, 'method': 'multiplicative', 'strength': 1.0, 'first_value_only': False, 'threshold': 1, 'threshold_method': 'max'}}}",1.0,model.results,False,,,,,,
model_weights,247.0,0.0006461310747920698,inverse_rank_from_validation_score,Score,623.660728520498,Ensemble,"{'model_name': 'BestN', 'model_count': 3, 'model_metric': 'horizontal', 'models': {'b52c8876f9849485b32c9cd995d206f2': {'Model': 'SeasonalNaive', 'ModelParameters': '{""method"": ""lastvalue"", ""lag_1"": 64, ""lag_2"": 12}', 'TransformationParameters': '{""fillna"": ""ffill"", ""transformations"": {""0"": ""AlignLastValue"", ""1"": ""bkfilter"", ""2"": ""RegressionFilter"", ""3"": ""PowerTransformer"", ""4"": ""FFTDecomposition""}, ""transformation_params"": {""0"": {""rows"": 1, ""lag"": 1, ""method"": ""additive"", ""strength"": 1.0, ""first_value_only"": false, ""threshold"": 1, ""threshold_method"": ""mean"", ""mean_type"": ""arithmetic""}, ""1"": {}, ""2"": {""sigma"": 2, ""rolling_window"": 90, ""run_order"": ""season_first"", ""regression_params"": {""regression_model"": {""model"": ""ElasticNet"", ""model_params"": {""l1_ratio"": 0.5, ""fit_intercept"": true, ""selection"": ""cyclic"", ""max_iter"": 1000}}, ""datepart_method"": ""anchored_segment_fourier:us_school"", ""polynomial_degree"": null, ""transform_dict"": null, ""holiday_countries_used"": true, ""lags"": null, ""forward_lags"": null}, ""holiday_params"": null, ""trend_method"": ""rolling_mean""}, ""3"": {}, ""4"": {""n_harmonics"": 10, ""detrend"": ""linear""}}}'}, 'b45e6182d5f3b0168c3bd9fb67794936': {'Model': 'SectionalMotif', 'ModelParameters': '{""window"": 30, ""point_method"": ""midhinge"", ""distance_metric"": ""canberra"", ""include_differenced"": false, ""k"": 10, ""stride_size"": 1, ""regression_type"": null, ""comparison_transformation"": null, ""combination_transformation"": null}', 'TransformationParameters': '{""fillna"": ""quadratic"", ""transformations"": {""0"": ""AlignLastValue"", ""1"": ""MaxAbsScaler"", ""2"": ""RegressionFilter"", ""3"": ""PowerTransformer"", ""4"": ""FFTFilter""}, ""transformation_params"": {""0"": {""rows"": 1, ""lag"": 1, ""method"": ""additive"", ""strength"": 1.0, ""first_value_only"": false, ""threshold"": 1, ""threshold_method"": ""mean"", ""mean_type"": ""arithmetic""}, ""1"": {}, ""2"": {""sigma"": 2, ""rolling_window"": 90, ""run_order"": ""season_first"", ""regression_params"": {""regression_model"": {""model"": ""ElasticNet"", ""model_params"": {""l1_ratio"": 0.5, ""fit_intercept"": true, ""selection"": ""cyclic"", ""max_iter"": 1000}}, ""datepart_method"": ""anchored_segment_fourier:us_school"", ""polynomial_degree"": null, ""transform_dict"": null, ""holiday_countries_used"": true, ""lags"": null, ""forward_lags"": null}, ""holiday_params"": null, ""trend_method"": ""rolling_mean""}, ""3"": {}, ""4"": {""cutoff"": 0.1, ""reverse"": false, ""on_transform"": true, ""on_inverse"": true}}}'}, 'e89a3b30b5276cefef55356f531cb97d': {'Model': 'UnivariateMotif', 'ModelParameters': '{""window"": 10, ""point_method"": ""weighted_mean"", ""distance_metric"": ""canberra"", ""k"": 10, ""max_windows"": 10000}', 'TransformationParameters': '{""fillna"": ""ffill"", ""transformations"": {""0"": ""MinMaxScaler"", ""1"": ""AlignLastValue"", ""2"": ""ScipyFilter""}, ""transformation_params"": {""0"": {}, ""1"": {""rows"": 1, ""lag"": 1, ""method"": ""additive"", ""strength"": 1.0, ""first_value_only"": false, ""threshold"": 1, ""threshold_method"": ""max"", ""mean_type"": ""arithmetic""}, ""2"": {""method"": ""butter"", ""method_args"": {""N"": 4, ""btype"": ""highpass"", ""analog"": false, ""output"": ""sos"", ""Wn"": 0.011904761904761904}}}}'}}, 'model_weights': {}, 'point_method': 'mean'}","{'fillna': 'zero', 'transformations': {'0': 'AnomalyRemoval', '1': 'EWMAFilter', '2': 'AlignLastValue'}, 'transformation_params': {'0': {'method': 'med_diff', 'method_params': {'distribution': 'norm', 'alpha': 0.05}, 'fillna': 'rolling_mean_24', 'transform_dict': {'fillna': None, 'transformations': {'0': 'EWMAFilter'}, 'transformation_params': {'0': {'span': 7}}}, 'isolated_only': False, 'on_inverse': False}, '1': {'span': 7}, '2': {'rows': 1, 'lag': 1, 'method': 'multiplicative', 'strength': 1.0, 'first_value_only': False, 'threshold': 1, 'threshold_method': 'max'}}}",1.0,model.results,False,,,,,,
model_weights,248.0,0.0006435257075550049,inverse_rank_from_validation_score,Score,624.5663791843879,ARDL,"{'lags': 1, 'trend': 'c', 'order': 0, 'causal': False, 'regression_type': ['recurring', 'anchored_warped_fourier:quarter_end']}","{'fillna': 'ffill', 'transformations': {'0': 'ClipOutliers'}, 'transformation_params': {'0': {'method': 'clip', 'std_threshold': 4.5, 'fillna': None}}}",0.0,model.results,False,,,,,,
model_weights,249.0,0.0006409412669624144,inverse_rank_from_validation_score,Score,629.0505592476147,SeasonalityMotif,"{'window': 30, 'point_method': 'weighted_mean', 'distance_metric': 'mqae', 'k': 10, 'datepart_method': 'simple_2', 'independent': False}","{'fillna': 'rolling_mean', 'transformations': {'0': 'SeasonalDifference', '1': 'bkfilter', '2': 'RegressionFilter', '3': 'FFTDecomposition'}, 'transformation_params': {'0': {'lag_1': 7, 'method': 'LastValue'}, '1': {}, '2': {'sigma': 2, 'rolling_window': 90, 'run_order': 'season_first', 'regression_params': {'regression_model': {'model': 'ElasticNet', 'model_params': {'l1_ratio': 0.5, 'fit_intercept': True, 'selection': 'cyclic', 'max_iter': 1000}}, 'datepart_method': 'anchored_segment_fourier:us_school', 'polynomial_degree': None, 'transform_dict': None, 'holiday_countries_used': True, 'lags': None, 'forward_lags': None}, 'holiday_params': None, 'trend_method': 'rolling_mean'}, '3': {'n_harmonics': 10, 'detrend': 'linear'}}}",0.0,model.results,False,,,,,,
model_weights,250.0,0.0006383775018945648,inverse_rank_from_validation_score,Score,655.7172903153951,Ensemble,"{'model_name': 'BestN', 'model_count': 5, 'model_metric': 'mixed_metric', 'models': {'a28ec290170b13fd699d9f65cf8a8be5': {'Model': 'SeasonalNaive', 'ModelParameters': '{""method"": ""mean"", ""lag_1"": 64, ""lag_2"": 12}', 'TransformationParameters': '{""fillna"": ""ffill"", ""transformations"": {""0"": ""MinMaxScaler"", ""1"": ""DifferencedTransformer"", ""2"": ""ConvolutionFilter""}, ""transformation_params"": {""0"": {}, ""1"": {""lag"": 1, ""fill"": ""bfill""}, ""2"": {""weight"": [1.0, 0.5, 0.3333333333333333, 0.25, 0.2, 0.16666666666666666, 0.14285714285714285]}}}'}, 'b52c8876f9849485b32c9cd995d206f2': {'Model': 'SeasonalNaive', 'ModelParameters': '{""method"": ""lastvalue"", ""lag_1"": 64, ""lag_2"": 12}', 'TransformationParameters': '{""fillna"": ""ffill"", ""transformations"": {""0"": ""AlignLastValue"", ""1"": ""bkfilter"", ""2"": ""RegressionFilter"", ""3"": ""PowerTransformer"", ""4"": ""FFTDecomposition""}, ""transformation_params"": {""0"": {""rows"": 1, ""lag"": 1, ""method"": ""additive"", ""strength"": 1.0, ""first_value_only"": false, ""threshold"": 1, ""threshold_method"": ""mean"", ""mean_type"": ""arithmetic""}, ""1"": {}, ""2"": {""sigma"": 2, ""rolling_window"": 90, ""run_order"": ""season_first"", ""regression_params"": {""regression_model"": {""model"": ""ElasticNet"", ""model_params"": {""l1_ratio"": 0.5, ""fit_intercept"": true, ""selection"": ""cyclic"", ""max_iter"": 1000}}, ""datepart_method"": ""anchored_segment_fourier:us_school"", ""polynomial_degree"": null, ""transform_dict"": null, ""holiday_countries_used"": true, ""lags"": null, ""forward_lags"": null}, ""holiday_params"": null, ""trend_method"": ""rolling_mean""}, ""3"": {}, ""4"": {""n_harmonics"": 10, ""detrend"": ""linear""}}}'}, '3e349e3aaa1ceb062f73adbd8e0c389c': {'Model': 'SeasonalityMotif', 'ModelParameters': '{""window"": 30, ""point_method"": ""weighted_mean"", ""distance_metric"": ""mqae"", ""k"": 10, ""datepart_method"": ""simple_binarized"", ""independent"": false}', 'TransformationParameters': '{""fillna"": ""ffill"", ""transformations"": {""0"": ""ScipyFilter"", ""1"": ""AlignLastValue"", ""2"": ""bkfilter"", ""3"": ""RollingMean100thN"", ""4"": ""AlignLastValue""}, ""transformation_params"": {""0"": {""method"": ""butter"", ""method_args"": {""N"": 4, ""btype"": ""lowpass"", ""analog"": false, ""output"": ""sos"", ""Wn"": 0.08333333333333333}}, ""1"": {""rows"": 1, ""lag"": 28, ""method"": ""additive"", ""strength"": 0.2, ""first_value_only"": false, ""threshold"": 1, ""threshold_method"": ""max"", ""mean_type"": ""arithmetic""}, ""2"": {}, ""3"": {}, ""4"": {""rows"": 1, ""lag"": 1, ""method"": ""additive"", ""strength"": 1.0, ""first_value_only"": false, ""threshold"": null, ""threshold_method"": ""mean"", ""mean_type"": ""arithmetic""}}}'}, 'b45e6182d5f3b0168c3bd9fb67794936': {'Model': 'SectionalMotif', 'ModelParameters': '{""window"": 30, ""point_method"": ""midhinge"", ""distance_metric"": ""canberra"", ""include_differenced"": false, ""k"": 10, ""stride_size"": 1, ""regression_type"": null, ""comparison_transformation"": null, ""combination_transformation"": null}', 'TransformationParameters': '{""fillna"": ""quadratic"", ""transformations"": {""0"": ""AlignLastValue"", ""1"": ""MaxAbsScaler"", ""2"": ""RegressionFilter"", ""3"": ""PowerTransformer"", ""4"": ""FFTFilter""}, ""transformation_params"": {""0"": {""rows"": 1, ""lag"": 1, ""method"": ""additive"", ""strength"": 1.0, ""first_value_only"": false, ""threshold"": 1, ""threshold_method"": ""mean"", ""mean_type"": ""arithmetic""}, ""1"": {}, ""2"": {""sigma"": 2, ""rolling_window"": 90, ""run_order"": ""season_first"", ""regression_params"": {""regression_model"": {""model"": ""ElasticNet"", ""model_params"": {""l1_ratio"": 0.5, ""fit_intercept"": true, ""selection"": ""cyclic"", ""max_iter"": 1000}}, ""datepart_method"": ""anchored_segment_fourier:us_school"", ""polynomial_degree"": null, ""transform_dict"": null, ""holiday_countries_used"": true, ""lags"": null, ""forward_lags"": null}, ""holiday_params"": null, ""trend_method"": ""rolling_mean""}, ""3"": {}, ""4"": {""cutoff"": 0.1, ""reverse"": false, ""on_transform"": true, ""on_inverse"": true}}}'}, '759f4757070db9464a47d5b64481062e': {'Model': 'ARDL', 'ModelParameters': '{""lags"": 1, ""trend"": ""n"", ""order"": 1, ""causal"": false, ""regression_type"": ""holiday""}', 'TransformationParameters': '{""fillna"": ""fake_date"", ""transformations"": {""0"": ""IntermittentOccurrence""}, ""transformation_params"": {""0"": {""center"": ""mean""}}}'}}, 'point_method': 'kalman', 'model_weights': {}}","{'fillna': 'zero', 'transformations': {'0': 'AnomalyRemoval', '1': 'EWMAFilter', '2': 'AlignLastValue'}, 'transformation_params': {'0': {'method': 'med_diff', 'method_params': {'distribution': 'norm', 'alpha': 0.05}, 'fillna': 'rolling_mean_24', 'transform_dict': {'fillna': None, 'transformations': {'0': 'EWMAFilter'}, 'transformation_params': {'0': {'span': 7}}}, 'isolated_only': False, 'on_inverse': False}, '1': {'span': 7}, '2': {'rows': 1, 'lag': 1, 'method': 'multiplicative', 'strength': 1.0, 'first_value_only': False, 'threshold': 1, 'threshold_method': 'max'}}}",1.0,model.results,False,,,,,,
model_weights,251.0,0.0006358341652336303,inverse_rank_from_validation_score,Score,666.6133025757844,SectionalMotif,"{'window': 5, 'point_method': 'midhinge', 'distance_metric': 'canberra', 'include_differenced': False, 'k': 10, 'stride_size': 1, 'regression_type': None, 'comparison_transformation': None, 'combination_transformation': None}","{'fillna': 'rolling_mean_24', 'transformations': {'0': 'QuantileTransformer', '1': 'QuantileTransformer', '2': 'RobustScaler'}, 'transformation_params': {'0': {'output_distribution': 'uniform', 'n_quantiles': 103}, '1': {'output_distribution': 'uniform', 'n_quantiles': 103}, '2': {}}}",0.0,model.results,False,,,,,,
model_weights,252.0,0.0006333110137842906,inverse_rank_from_validation_score,Score,701.8124047728043,SeasonalityMotif,"{'window': 30, 'point_method': 'weighted_mean', 'distance_metric': 'mqae', 'k': 15, 'datepart_method': 'common_fourier', 'independent': False}","{'fillna': 'ffill', 'transformations': {'0': 'RobustScaler', '1': 'bkfilter', '2': 'RegressionFilter', '3': 'FIRFilter', '4': 'FFTDecomposition'}, 'transformation_params': {'0': {}, '1': {}, '2': {'sigma': 2, 'rolling_window': 90, 'run_order': 'season_first', 'regression_params': {'regression_model': {'model': 'ElasticNet', 'model_params': {'l1_ratio': 0.5, 'fit_intercept': True, 'selection': 'cyclic', 'max_iter': 1000}}, 'datepart_method': 'anchored_segment_fourier:us_school', 'polynomial_degree': None, 'transform_dict': None, 'holiday_countries_used': True, 'lags': None, 'forward_lags': None}, 'holiday_params': None, 'trend_method': 'rolling_mean'}, '3': {'numtaps': 4, 'cutoff_hz': 0.5, 'window': 'boxcar', 'sampling_frequency': 2, 'on_transform': False, 'on_inverse': True, 'bounds_only': False}, '4': {'n_harmonics': 10, 'detrend': 'linear'}}}",0.0,model.results,False,,,,,,
model_weights,253.0,0.0006308078081962103,inverse_rank_from_validation_score,Score,735.4392856904831,DMD,"{'rank': 1, 'alpha': 0.001, 'amplitude_threshold': None, 'eigenvalue_threshold': None}","{'fillna': 'ffill', 'transformations': {'0': 'MaxAbsScaler', '1': 'SeasonalDifference', '2': 'RegressionFilter', '3': 'PowerTransformer', '4': 'FFTDecomposition'}, 'transformation_params': {'0': {}, '1': {'lag_1': 86, 'method': 'Median'}, '2': {'sigma': 2, 'rolling_window': 90, 'run_order': 'season_first', 'regression_params': {'regression_model': {'model': 'ElasticNet', 'model_params': {'l1_ratio': 0.5, 'fit_intercept': True, 'selection': 'cyclic', 'max_iter': 1000}}, 'datepart_method': 'anchored_segment_fourier:us_school', 'polynomial_degree': None, 'transform_dict': None, 'holiday_countries_used': True, 'lags': None, 'forward_lags': None}, 'holiday_params': None, 'trend_method': 'rolling_mean'}, '3': {}, '4': {'n_harmonics': 10, 'detrend': 'linear'}}}",0.0,model.results,False,,,,,,
model_weights,254.0,0.0006283243128883513,inverse_rank_from_validation_score,Score,752.6480275995701,ARDL,"{'lags': 1, 'trend': 'ct', 'order': 0, 'causal': False, 'regression_type': 'holiday'}","{'fillna': 'zero', 'transformations': {'0': 'ClipOutliers'}, 'transformation_params': {'0': {'method': 'clip', 'std_threshold': 2, 'fillna': None}}}",0.0,model.results,False,,,,,,
model_weights,255.0,0.0006258602959750636,inverse_rank_from_validation_score,Score,765.515305504052,GLS,"{'changepoint_spacing': 360, 'changepoint_distance_end': None, 'constant': True}","{'fillna': 'ffill', 'transformations': {'0': 'PowerTransformer', '1': 'QuantileTransformer', '2': 'MeanPercentSplitter'}, 'transformation_params': {'0': {}, '1': {'output_distribution': 'uniform', 'n_quantiles': 103}, '2': {'window': 24, 'min_mean_threshold': 1e-06}}}",0.0,model.results,False,,,,,,
model_weights,256.0,0.000623415529193911,inverse_rank_from_validation_score,Score,768.2810887857871,MetricMotif,"{'window': 10, 'point_method': 'median', 'distance_metric': 'wasserstein', 'k': 100, 'comparison_transformation': {'fillna': 'ffill_mean_biased', 'transformations': {'0': 'MinMaxScaler'}, 'transformation_params': {'0': {}}}, 'combination_transformation': {'fillna': 'zero', 'transformations': {'0': 'MinMaxScaler'}, 'transformation_params': {'0': {}}}}","{'fillna': 'rolling_mean_24', 'transformations': {'0': 'ClipOutliers', '1': 'Detrend'}, 'transformation_params': {'0': {'method': 'clip', 'std_threshold': 5, 'fillna': None}, '1': {'model': 'Linear', 'phi': 1, 'window': None, 'transform_dict': {'fillna': None, 'transformations': {'0': 'ClipOutliers'}, 'transformation_params': {'0': {'method': 'clip', 'std_threshold': 4}}}}}}",0.0,model.results,False,,,,,,
model_weights,257.0,0.0006209897878351799,inverse_rank_from_validation_score,Score,768.4151839781008,AverageValueNaive,"{'method': 'Exp_Weighted_Mean', 'window': 2}","{'fillna': 'ffill', 'transformations': {'0': 'FFTFilter', '1': 'AlignLastValue', '2': 'EWMAFilter', '3': 'CumSumTransformer'}, 'transformation_params': {'0': {'cutoff': 0.1, 'reverse': False, 'on_transform': True, 'on_inverse': False}, '1': {'rows': 1, 'lag': 1, 'method': 'additive', 'strength': 1.0, 'first_value_only': False, 'threshold': 1, 'threshold_method': 'max', 'mean_type': 'arithmetic'}, '2': {'span': 12}, '3': {}}}",0.0,model.results,False,,,,,,
model_weights,258.0,0.000618582850673028,inverse_rank_from_validation_score,Score,776.0464467206958,FFT,"{'n_harmonics': 2, 'detrend': 'linear'}","{'fillna': 'ffill', 'transformations': {'0': 'ShiftFirstValue', '1': 'PositiveShift'}, 'transformation_params': {'0': {'rows': 28}, '1': {}}}",0.0,model.results,False,,,,,,
model_weights,259.0,0.0006161944998982286,inverse_rank_from_validation_score,Score,776.3103010300439,SectionalMotif,"{'window': 5, 'point_method': 'midhinge', 'distance_metric': 'hamming', 'include_differenced': False, 'k': 10, 'stride_size': 1, 'regression_type': None, 'comparison_transformation': None, 'combination_transformation': {'fillna': 'ffill', 'transformations': {'0': 'RollingMeanTransformer', '1': 'SeasonalDifference'}, 'transformation_params': {'0': {'fixed': True, 'window': 10, 'macro_micro': False, 'center': True, 'mean_type': 'arithmetic'}, '1': {'lag_1': 7, 'method': 20}}}}","{'fillna': 'ffill', 'transformations': {'0': 'FFTFilter', '1': 'bkfilter', '2': 'LevelShiftTransformer', '3': 'StandardScaler', '4': 'FFTDecomposition'}, 'transformation_params': {'0': {'cutoff': 0.14, 'reverse': False, 'on_transform': True, 'on_inverse': False}, '1': {}, '2': {'window_size': 30, 'alpha': 2.0, 'grouping_forward_limit': 4, 'max_level_shifts': 10, 'alignment': 'last_value', 'output': 'multivariate', 'remove_at_shift': False, 'shift_remove_window': 2, 'shift_fillna': 'linear', 'window_method': 'diff_overlap'}, '3': {}, '4': {'n_harmonics': 10, 'detrend': 'linear'}}}",0.0,model.results,False,,,,,,
model_weights,260.0,0.0006138245210524663,inverse_rank_from_validation_score,Score,783.5692299796143,SeasonalNaive,"{'method': 'lastvalue', 'lag_1': 420, 'lag_2': 364}","{'fillna': 'fake_date', 'transformations': {'0': 'Log', '1': 'SeasonalDifference', '2': 'HistoricValues', '3': 'Constraint'}, 'transformation_params': {'0': {}, '1': {'lag_1': 7, 'method': 'Mean'}, '2': {'window': 100}, '3': {'constraint_method': 'slope', 'constraint_direction': 'upper', 'constraint_regularization': 0.7, 'constraint_value': {'slope': 0.1, 'window': 30, 'window_agg': 'max', 'threshold': 0.01}, 'bounds_only': False, 'fillna': None}}}",0.0,model.results,False,,,,,,
model_weights,261.0,0.0006114727029641426,inverse_rank_from_validation_score,Score,826.5309611597366,UnivariateMotif,"{'window': 10, 'point_method': 'weighted_mean', 'distance_metric': 'mahalanobis', 'k': 100, 'max_windows': 10000}","{'fillna': 'ffill_mean_biased', 'transformations': {'0': 'ClipOutliers', '1': 'Detrend'}, 'transformation_params': {'0': {'method': 'clip', 'std_threshold': 4, 'fillna': None}, '1': {'model': 'Linear', 'phi': 1, 'window': None, 'transform_dict': None}}}",0.0,model.results,False,,,,,,
model_weights,262.0,0.0006091388376856534,inverse_rank_from_validation_score,Score,829.0461955415756,Ensemble,"{'model_name': 'BestN', 'model_count': 5, 'model_metric': 'mixed_metric', 'models': {'a28ec290170b13fd699d9f65cf8a8be5': {'Model': 'SeasonalNaive', 'ModelParameters': '{""method"": ""mean"", ""lag_1"": 64, ""lag_2"": 12}', 'TransformationParameters': '{""fillna"": ""ffill"", ""transformations"": {""0"": ""MinMaxScaler"", ""1"": ""DifferencedTransformer"", ""2"": ""ConvolutionFilter""}, ""transformation_params"": {""0"": {}, ""1"": {""lag"": 1, ""fill"": ""bfill""}, ""2"": {""weight"": [1.0, 0.5, 0.3333333333333333, 0.25, 0.2, 0.16666666666666666, 0.14285714285714285]}}}'}, 'b52c8876f9849485b32c9cd995d206f2': {'Model': 'SeasonalNaive', 'ModelParameters': '{""method"": ""lastvalue"", ""lag_1"": 64, ""lag_2"": 12}', 'TransformationParameters': '{""fillna"": ""ffill"", ""transformations"": {""0"": ""AlignLastValue"", ""1"": ""bkfilter"", ""2"": ""RegressionFilter"", ""3"": ""PowerTransformer"", ""4"": ""FFTDecomposition""}, ""transformation_params"": {""0"": {""rows"": 1, ""lag"": 1, ""method"": ""additive"", ""strength"": 1.0, ""first_value_only"": false, ""threshold"": 1, ""threshold_method"": ""mean"", ""mean_type"": ""arithmetic""}, ""1"": {}, ""2"": {""sigma"": 2, ""rolling_window"": 90, ""run_order"": ""season_first"", ""regression_params"": {""regression_model"": {""model"": ""ElasticNet"", ""model_params"": {""l1_ratio"": 0.5, ""fit_intercept"": true, ""selection"": ""cyclic"", ""max_iter"": 1000}}, ""datepart_method"": ""anchored_segment_fourier:us_school"", ""polynomial_degree"": null, ""transform_dict"": null, ""holiday_countries_used"": true, ""lags"": null, ""forward_lags"": null}, ""holiday_params"": null, ""trend_method"": ""rolling_mean""}, ""3"": {}, ""4"": {""n_harmonics"": 10, ""detrend"": ""linear""}}}'}, '3e349e3aaa1ceb062f73adbd8e0c389c': {'Model': 'SeasonalityMotif', 'ModelParameters': '{""window"": 30, ""point_method"": ""weighted_mean"", ""distance_metric"": ""mqae"", ""k"": 10, ""datepart_method"": ""simple_binarized"", ""independent"": false}', 'TransformationParameters': '{""fillna"": ""ffill"", ""transformations"": {""0"": ""ScipyFilter"", ""1"": ""AlignLastValue"", ""2"": ""bkfilter"", ""3"": ""RollingMean100thN"", ""4"": ""AlignLastValue""}, ""transformation_params"": {""0"": {""method"": ""butter"", ""method_args"": {""N"": 4, ""btype"": ""lowpass"", ""analog"": false, ""output"": ""sos"", ""Wn"": 0.08333333333333333}}, ""1"": {""rows"": 1, ""lag"": 28, ""method"": ""additive"", ""strength"": 0.2, ""first_value_only"": false, ""threshold"": 1, ""threshold_method"": ""max"", ""mean_type"": ""arithmetic""}, ""2"": {}, ""3"": {}, ""4"": {""rows"": 1, ""lag"": 1, ""method"": ""additive"", ""strength"": 1.0, ""first_value_only"": false, ""threshold"": null, ""threshold_method"": ""mean"", ""mean_type"": ""arithmetic""}}}'}, 'b45e6182d5f3b0168c3bd9fb67794936': {'Model': 'SectionalMotif', 'ModelParameters': '{""window"": 30, ""point_method"": ""midhinge"", ""distance_metric"": ""canberra"", ""include_differenced"": false, ""k"": 10, ""stride_size"": 1, ""regression_type"": null, ""comparison_transformation"": null, ""combination_transformation"": null}', 'TransformationParameters': '{""fillna"": ""quadratic"", ""transformations"": {""0"": ""AlignLastValue"", ""1"": ""MaxAbsScaler"", ""2"": ""RegressionFilter"", ""3"": ""PowerTransformer"", ""4"": ""FFTFilter""}, ""transformation_params"": {""0"": {""rows"": 1, ""lag"": 1, ""method"": ""additive"", ""strength"": 1.0, ""first_value_only"": false, ""threshold"": 1, ""threshold_method"": ""mean"", ""mean_type"": ""arithmetic""}, ""1"": {}, ""2"": {""sigma"": 2, ""rolling_window"": 90, ""run_order"": ""season_first"", ""regression_params"": {""regression_model"": {""model"": ""ElasticNet"", ""model_params"": {""l1_ratio"": 0.5, ""fit_intercept"": true, ""selection"": ""cyclic"", ""max_iter"": 1000}}, ""datepart_method"": ""anchored_segment_fourier:us_school"", ""polynomial_degree"": null, ""transform_dict"": null, ""holiday_countries_used"": true, ""lags"": null, ""forward_lags"": null}, ""holiday_params"": null, ""trend_method"": ""rolling_mean""}, ""3"": {}, ""4"": {""cutoff"": 0.1, ""reverse"": false, ""on_transform"": true, ""on_inverse"": true}}}'}, '759f4757070db9464a47d5b64481062e': {'Model': 'ARDL', 'ModelParameters': '{""lags"": 1, ""trend"": ""n"", ""order"": 1, ""causal"": false, ""regression_type"": ""holiday""}', 'TransformationParameters': '{""fillna"": ""fake_date"", ""transformations"": {""0"": ""IntermittentOccurrence""}, ""transformation_params"": {""0"": {""center"": ""mean""}}}'}}, 'point_method': 'median', 'model_weights': {}}","{'fillna': 'median', 'transformations': {'0': 'DiffSmoother', '1': 'AlignLastValue', '2': 'HistoricValues'}, 'transformation_params': {'0': {'method': 'med_diff', 'method_params': {'distribution': 'norm', 'alpha': 0.05}, 'transform_dict': None, 'reverse_alignment': False, 'isolated_only': False, 'fillna': 'linear'}, '1': {'rows': 1, 'lag': 1, 'method': 'additive', 'strength': 1.0, 'first_value_only': False, 'threshold': None, 'threshold_method': 'mean'}, '2': {'window': 10}}}",1.0,model.results,False,,,,,,
model_weights,263.0,0.0006068227204320958,inverse_rank_from_validation_score,Score,829.0461955415756,Ensemble,"{'model_name': 'BestN', 'model_count': 5, 'model_metric': 'mixed_metric', 'models': {'a28ec290170b13fd699d9f65cf8a8be5': {'Model': 'SeasonalNaive', 'ModelParameters': '{""method"": ""mean"", ""lag_1"": 64, ""lag_2"": 12}', 'TransformationParameters': '{""fillna"": ""ffill"", ""transformations"": {""0"": ""MinMaxScaler"", ""1"": ""DifferencedTransformer"", ""2"": ""ConvolutionFilter""}, ""transformation_params"": {""0"": {}, ""1"": {""lag"": 1, ""fill"": ""bfill""}, ""2"": {""weight"": [1.0, 0.5, 0.3333333333333333, 0.25, 0.2, 0.16666666666666666, 0.14285714285714285]}}}'}, 'b52c8876f9849485b32c9cd995d206f2': {'Model': 'SeasonalNaive', 'ModelParameters': '{""method"": ""lastvalue"", ""lag_1"": 64, ""lag_2"": 12}', 'TransformationParameters': '{""fillna"": ""ffill"", ""transformations"": {""0"": ""AlignLastValue"", ""1"": ""bkfilter"", ""2"": ""RegressionFilter"", ""3"": ""PowerTransformer"", ""4"": ""FFTDecomposition""}, ""transformation_params"": {""0"": {""rows"": 1, ""lag"": 1, ""method"": ""additive"", ""strength"": 1.0, ""first_value_only"": false, ""threshold"": 1, ""threshold_method"": ""mean"", ""mean_type"": ""arithmetic""}, ""1"": {}, ""2"": {""sigma"": 2, ""rolling_window"": 90, ""run_order"": ""season_first"", ""regression_params"": {""regression_model"": {""model"": ""ElasticNet"", ""model_params"": {""l1_ratio"": 0.5, ""fit_intercept"": true, ""selection"": ""cyclic"", ""max_iter"": 1000}}, ""datepart_method"": ""anchored_segment_fourier:us_school"", ""polynomial_degree"": null, ""transform_dict"": null, ""holiday_countries_used"": true, ""lags"": null, ""forward_lags"": null}, ""holiday_params"": null, ""trend_method"": ""rolling_mean""}, ""3"": {}, ""4"": {""n_harmonics"": 10, ""detrend"": ""linear""}}}'}, '3e349e3aaa1ceb062f73adbd8e0c389c': {'Model': 'SeasonalityMotif', 'ModelParameters': '{""window"": 30, ""point_method"": ""weighted_mean"", ""distance_metric"": ""mqae"", ""k"": 10, ""datepart_method"": ""simple_binarized"", ""independent"": false}', 'TransformationParameters': '{""fillna"": ""ffill"", ""transformations"": {""0"": ""ScipyFilter"", ""1"": ""AlignLastValue"", ""2"": ""bkfilter"", ""3"": ""RollingMean100thN"", ""4"": ""AlignLastValue""}, ""transformation_params"": {""0"": {""method"": ""butter"", ""method_args"": {""N"": 4, ""btype"": ""lowpass"", ""analog"": false, ""output"": ""sos"", ""Wn"": 0.08333333333333333}}, ""1"": {""rows"": 1, ""lag"": 28, ""method"": ""additive"", ""strength"": 0.2, ""first_value_only"": false, ""threshold"": 1, ""threshold_method"": ""max"", ""mean_type"": ""arithmetic""}, ""2"": {}, ""3"": {}, ""4"": {""rows"": 1, ""lag"": 1, ""method"": ""additive"", ""strength"": 1.0, ""first_value_only"": false, ""threshold"": null, ""threshold_method"": ""mean"", ""mean_type"": ""arithmetic""}}}'}, 'b45e6182d5f3b0168c3bd9fb67794936': {'Model': 'SectionalMotif', 'ModelParameters': '{""window"": 30, ""point_method"": ""midhinge"", ""distance_metric"": ""canberra"", ""include_differenced"": false, ""k"": 10, ""stride_size"": 1, ""regression_type"": null, ""comparison_transformation"": null, ""combination_transformation"": null}', 'TransformationParameters': '{""fillna"": ""quadratic"", ""transformations"": {""0"": ""AlignLastValue"", ""1"": ""MaxAbsScaler"", ""2"": ""RegressionFilter"", ""3"": ""PowerTransformer"", ""4"": ""FFTFilter""}, ""transformation_params"": {""0"": {""rows"": 1, ""lag"": 1, ""method"": ""additive"", ""strength"": 1.0, ""first_value_only"": false, ""threshold"": 1, ""threshold_method"": ""mean"", ""mean_type"": ""arithmetic""}, ""1"": {}, ""2"": {""sigma"": 2, ""rolling_window"": 90, ""run_order"": ""season_first"", ""regression_params"": {""regression_model"": {""model"": ""ElasticNet"", ""model_params"": {""l1_ratio"": 0.5, ""fit_intercept"": true, ""selection"": ""cyclic"", ""max_iter"": 1000}}, ""datepart_method"": ""anchored_segment_fourier:us_school"", ""polynomial_degree"": null, ""transform_dict"": null, ""holiday_countries_used"": true, ""lags"": null, ""forward_lags"": null}, ""holiday_params"": null, ""trend_method"": ""rolling_mean""}, ""3"": {}, ""4"": {""cutoff"": 0.1, ""reverse"": false, ""on_transform"": true, ""on_inverse"": true}}}'}, '759f4757070db9464a47d5b64481062e': {'Model': 'ARDL', 'ModelParameters': '{""lags"": 1, ""trend"": ""n"", ""order"": 1, ""causal"": false, ""regression_type"": ""holiday""}', 'TransformationParameters': '{""fillna"": ""fake_date"", ""transformations"": {""0"": ""IntermittentOccurrence""}, ""transformation_params"": {""0"": {""center"": ""mean""}}}'}}, 'point_method': 'kalman', 'model_weights': {}}","{'fillna': 'median', 'transformations': {'0': 'DiffSmoother', '1': 'AlignLastValue', '2': 'HistoricValues'}, 'transformation_params': {'0': {'method': 'med_diff', 'method_params': {'distribution': 'norm', 'alpha': 0.05}, 'transform_dict': None, 'reverse_alignment': False, 'isolated_only': False, 'fillna': 'linear'}, '1': {'rows': 1, 'lag': 1, 'method': 'additive', 'strength': 1.0, 'first_value_only': False, 'threshold': None, 'threshold_method': 'mean'}, '2': {'window': 10}}}",1.0,model.results,False,,,,,,
model_weights,264.0,0.0006045241495213682,inverse_rank_from_validation_score,Score,829.0461955415756,Ensemble,"{'model_name': 'BestN', 'model_count': 3, 'model_metric': 'best_score_unique', 'models': {'b52c8876f9849485b32c9cd995d206f2': {'Model': 'SeasonalNaive', 'ModelParameters': '{""method"": ""lastvalue"", ""lag_1"": 64, ""lag_2"": 12}', 'TransformationParameters': '{""fillna"": ""ffill"", ""transformations"": {""0"": ""AlignLastValue"", ""1"": ""bkfilter"", ""2"": ""RegressionFilter"", ""3"": ""PowerTransformer"", ""4"": ""FFTDecomposition""}, ""transformation_params"": {""0"": {""rows"": 1, ""lag"": 1, ""method"": ""additive"", ""strength"": 1.0, ""first_value_only"": false, ""threshold"": 1, ""threshold_method"": ""mean"", ""mean_type"": ""arithmetic""}, ""1"": {}, ""2"": {""sigma"": 2, ""rolling_window"": 90, ""run_order"": ""season_first"", ""regression_params"": {""regression_model"": {""model"": ""ElasticNet"", ""model_params"": {""l1_ratio"": 0.5, ""fit_intercept"": true, ""selection"": ""cyclic"", ""max_iter"": 1000}}, ""datepart_method"": ""anchored_segment_fourier:us_school"", ""polynomial_degree"": null, ""transform_dict"": null, ""holiday_countries_used"": true, ""lags"": null, ""forward_lags"": null}, ""holiday_params"": null, ""trend_method"": ""rolling_mean""}, ""3"": {}, ""4"": {""n_harmonics"": 10, ""detrend"": ""linear""}}}'}, '483bc03fb7d41bd6b09ed562ac44c517': {'Model': 'SeasonalityMotif', 'ModelParameters': '{""window"": 30, ""point_method"": ""weighted_mean"", ""distance_metric"": ""mqae"", ""k"": 15, ""datepart_method"": ""common_fourier"", ""independent"": true}', 'TransformationParameters': '{""fillna"": ""ffill"", ""transformations"": {""0"": null}, ""transformation_params"": {""0"": {}}}'}, '759f4757070db9464a47d5b64481062e': {'Model': 'ARDL', 'ModelParameters': '{""lags"": 1, ""trend"": ""n"", ""order"": 1, ""causal"": false, ""regression_type"": ""holiday""}', 'TransformationParameters': '{""fillna"": ""fake_date"", ""transformations"": {""0"": ""IntermittentOccurrence""}, ""transformation_params"": {""0"": {""center"": ""mean""}}}'}}, 'model_weights': {}, 'point_method': 'mean'}","{'fillna': 'median', 'transformations': {'0': 'DiffSmoother', '1': 'AlignLastValue', '2': 'HistoricValues'}, 'transformation_params': {'0': {'method': 'med_diff', 'method_params': {'distribution': 'norm', 'alpha': 0.05}, 'transform_dict': None, 'reverse_alignment': False, 'isolated_only': False, 'fillna': 'linear'}, '1': {'rows': 1, 'lag': 1, 'method': 'additive', 'strength': 1.0, 'first_value_only': False, 'threshold': None, 'threshold_method': 'mean'}, '2': {'window': 10}}}",1.0,model.results,False,,,,,,
model_weights,265.0,0.0006022429263156272,inverse_rank_from_validation_score,Score,829.0461955415756,Ensemble,"{'model_name': 'BestN', 'model_count': 3, 'model_metric': 'horizontal', 'models': {'b52c8876f9849485b32c9cd995d206f2': {'Model': 'SeasonalNaive', 'ModelParameters': '{""method"": ""lastvalue"", ""lag_1"": 64, ""lag_2"": 12}', 'TransformationParameters': '{""fillna"": ""ffill"", ""transformations"": {""0"": ""AlignLastValue"", ""1"": ""bkfilter"", ""2"": ""RegressionFilter"", ""3"": ""PowerTransformer"", ""4"": ""FFTDecomposition""}, ""transformation_params"": {""0"": {""rows"": 1, ""lag"": 1, ""method"": ""additive"", ""strength"": 1.0, ""first_value_only"": false, ""threshold"": 1, ""threshold_method"": ""mean"", ""mean_type"": ""arithmetic""}, ""1"": {}, ""2"": {""sigma"": 2, ""rolling_window"": 90, ""run_order"": ""season_first"", ""regression_params"": {""regression_model"": {""model"": ""ElasticNet"", ""model_params"": {""l1_ratio"": 0.5, ""fit_intercept"": true, ""selection"": ""cyclic"", ""max_iter"": 1000}}, ""datepart_method"": ""anchored_segment_fourier:us_school"", ""polynomial_degree"": null, ""transform_dict"": null, ""holiday_countries_used"": true, ""lags"": null, ""forward_lags"": null}, ""holiday_params"": null, ""trend_method"": ""rolling_mean""}, ""3"": {}, ""4"": {""n_harmonics"": 10, ""detrend"": ""linear""}}}'}, 'b45e6182d5f3b0168c3bd9fb67794936': {'Model': 'SectionalMotif', 'ModelParameters': '{""window"": 30, ""point_method"": ""midhinge"", ""distance_metric"": ""canberra"", ""include_differenced"": false, ""k"": 10, ""stride_size"": 1, ""regression_type"": null, ""comparison_transformation"": null, ""combination_transformation"": null}', 'TransformationParameters': '{""fillna"": ""quadratic"", ""transformations"": {""0"": ""AlignLastValue"", ""1"": ""MaxAbsScaler"", ""2"": ""RegressionFilter"", ""3"": ""PowerTransformer"", ""4"": ""FFTFilter""}, ""transformation_params"": {""0"": {""rows"": 1, ""lag"": 1, ""method"": ""additive"", ""strength"": 1.0, ""first_value_only"": false, ""threshold"": 1, ""threshold_method"": ""mean"", ""mean_type"": ""arithmetic""}, ""1"": {}, ""2"": {""sigma"": 2, ""rolling_window"": 90, ""run_order"": ""season_first"", ""regression_params"": {""regression_model"": {""model"": ""ElasticNet"", ""model_params"": {""l1_ratio"": 0.5, ""fit_intercept"": true, ""selection"": ""cyclic"", ""max_iter"": 1000}}, ""datepart_method"": ""anchored_segment_fourier:us_school"", ""polynomial_degree"": null, ""transform_dict"": null, ""holiday_countries_used"": true, ""lags"": null, ""forward_lags"": null}, ""holiday_params"": null, ""trend_method"": ""rolling_mean""}, ""3"": {}, ""4"": {""cutoff"": 0.1, ""reverse"": false, ""on_transform"": true, ""on_inverse"": true}}}'}, 'e89a3b30b5276cefef55356f531cb97d': {'Model': 'UnivariateMotif', 'ModelParameters': '{""window"": 10, ""point_method"": ""weighted_mean"", ""distance_metric"": ""canberra"", ""k"": 10, ""max_windows"": 10000}', 'TransformationParameters': '{""fillna"": ""ffill"", ""transformations"": {""0"": ""MinMaxScaler"", ""1"": ""AlignLastValue"", ""2"": ""ScipyFilter""}, ""transformation_params"": {""0"": {}, ""1"": {""rows"": 1, ""lag"": 1, ""method"": ""additive"", ""strength"": 1.0, ""first_value_only"": false, ""threshold"": 1, ""threshold_method"": ""max"", ""mean_type"": ""arithmetic""}, ""2"": {""method"": ""butter"", ""method_args"": {""N"": 4, ""btype"": ""highpass"", ""analog"": false, ""output"": ""sos"", ""Wn"": 0.011904761904761904}}}}'}}, 'model_weights': {}, 'point_method': 'mean'}","{'fillna': 'median', 'transformations': {'0': 'DiffSmoother', '1': 'AlignLastValue', '2': 'HistoricValues'}, 'transformation_params': {'0': {'method': 'med_diff', 'method_params': {'distribution': 'norm', 'alpha': 0.05}, 'transform_dict': None, 'reverse_alignment': False, 'isolated_only': False, 'fillna': 'linear'}, '1': {'rows': 1, 'lag': 1, 'method': 'additive', 'strength': 1.0, 'first_value_only': False, 'threshold': None, 'threshold_method': 'mean'}, '2': {'window': 10}}}",1.0,model.results,False,,,,,,
model_weights,266.0,0.0005999788551640647,inverse_rank_from_validation_score,Score,829.0461955415756,Ensemble,"{'model_name': 'BestN', 'model_count': 3, 'model_metric': 'bestn_horizontal', 'models': {'b52c8876f9849485b32c9cd995d206f2': {'Model': 'SeasonalNaive', 'ModelParameters': '{""method"": ""lastvalue"", ""lag_1"": 64, ""lag_2"": 12}', 'TransformationParameters': '{""fillna"": ""ffill"", ""transformations"": {""0"": ""AlignLastValue"", ""1"": ""bkfilter"", ""2"": ""RegressionFilter"", ""3"": ""PowerTransformer"", ""4"": ""FFTDecomposition""}, ""transformation_params"": {""0"": {""rows"": 1, ""lag"": 1, ""method"": ""additive"", ""strength"": 1.0, ""first_value_only"": false, ""threshold"": 1, ""threshold_method"": ""mean"", ""mean_type"": ""arithmetic""}, ""1"": {}, ""2"": {""sigma"": 2, ""rolling_window"": 90, ""run_order"": ""season_first"", ""regression_params"": {""regression_model"": {""model"": ""ElasticNet"", ""model_params"": {""l1_ratio"": 0.5, ""fit_intercept"": true, ""selection"": ""cyclic"", ""max_iter"": 1000}}, ""datepart_method"": ""anchored_segment_fourier:us_school"", ""polynomial_degree"": null, ""transform_dict"": null, ""holiday_countries_used"": true, ""lags"": null, ""forward_lags"": null}, ""holiday_params"": null, ""trend_method"": ""rolling_mean""}, ""3"": {}, ""4"": {""n_harmonics"": 10, ""detrend"": ""linear""}}}'}, 'e89a3b30b5276cefef55356f531cb97d': {'Model': 'UnivariateMotif', 'ModelParameters': '{""window"": 10, ""point_method"": ""weighted_mean"", ""distance_metric"": ""canberra"", ""k"": 10, ""max_windows"": 10000}', 'TransformationParameters': '{""fillna"": ""ffill"", ""transformations"": {""0"": ""MinMaxScaler"", ""1"": ""AlignLastValue"", ""2"": ""ScipyFilter""}, ""transformation_params"": {""0"": {}, ""1"": {""rows"": 1, ""lag"": 1, ""method"": ""additive"", ""strength"": 1.0, ""first_value_only"": false, ""threshold"": 1, ""threshold_method"": ""max"", ""mean_type"": ""arithmetic""}, ""2"": {""method"": ""butter"", ""method_args"": {""N"": 4, ""btype"": ""highpass"", ""analog"": false, ""output"": ""sos"", ""Wn"": 0.011904761904761904}}}}'}, 'b45e6182d5f3b0168c3bd9fb67794936': {'Model': 'SectionalMotif', 'ModelParameters': '{""window"": 30, ""point_method"": ""midhinge"", ""distance_metric"": ""canberra"", ""include_differenced"": false, ""k"": 10, ""stride_size"": 1, ""regression_type"": null, ""comparison_transformation"": null, ""combination_transformation"": null}', 'TransformationParameters': '{""fillna"": ""quadratic"", ""transformations"": {""0"": ""AlignLastValue"", ""1"": ""MaxAbsScaler"", ""2"": ""RegressionFilter"", ""3"": ""PowerTransformer"", ""4"": ""FFTFilter""}, ""transformation_params"": {""0"": {""rows"": 1, ""lag"": 1, ""method"": ""additive"", ""strength"": 1.0, ""first_value_only"": false, ""threshold"": 1, ""threshold_method"": ""mean"", ""mean_type"": ""arithmetic""}, ""1"": {}, ""2"": {""sigma"": 2, ""rolling_window"": 90, ""run_order"": ""season_first"", ""regression_params"": {""regression_model"": {""model"": ""ElasticNet"", ""model_params"": {""l1_ratio"": 0.5, ""fit_intercept"": true, ""selection"": ""cyclic"", ""max_iter"": 1000}}, ""datepart_method"": ""anchored_segment_fourier:us_school"", ""polynomial_degree"": null, ""transform_dict"": null, ""holiday_countries_used"": true, ""lags"": null, ""forward_lags"": null}, ""holiday_params"": null, ""trend_method"": ""rolling_mean""}, ""3"": {}, ""4"": {""cutoff"": 0.1, ""reverse"": false, ""on_transform"": true, ""on_inverse"": true}}}'}}, 'model_weights': {'b52c8876f9849485b32c9cd995d206f2': 20.0, 'b45e6182d5f3b0168c3bd9fb67794936': 19.0, 'e89a3b30b5276cefef55356f531cb97d': 18.0}, 'point_method': 'mean'}","{'fillna': 'median', 'transformations': {'0': 'DiffSmoother', '1': 'AlignLastValue', '2': 'HistoricValues'}, 'transformation_params': {'0': {'method': 'med_diff', 'method_params': {'distribution': 'norm', 'alpha': 0.05}, 'transform_dict': None, 'reverse_alignment': False, 'isolated_only': False, 'fillna': 'linear'}, '1': {'rows': 1, 'lag': 1, 'method': 'additive', 'strength': 1.0, 'first_value_only': False, 'threshold': None, 'threshold_method': 'mean'}, '2': {'window': 10}}}",1.0,model.results,False,,,,,,
model_weights,267.0,0.0005977317433469709,inverse_rank_from_validation_score,Score,829.1835199320249,Ensemble,"{'model_name': 'BestN', 'model_count': 5, 'model_metric': 'bestn_horizontal', 'models': {'b52c8876f9849485b32c9cd995d206f2': {'Model': 'SeasonalNaive', 'ModelParameters': '{""method"": ""lastvalue"", ""lag_1"": 64, ""lag_2"": 12}', 'TransformationParameters': '{""fillna"": ""ffill"", ""transformations"": {""0"": ""AlignLastValue"", ""1"": ""bkfilter"", ""2"": ""RegressionFilter"", ""3"": ""PowerTransformer"", ""4"": ""FFTDecomposition""}, ""transformation_params"": {""0"": {""rows"": 1, ""lag"": 1, ""method"": ""additive"", ""strength"": 1.0, ""first_value_only"": false, ""threshold"": 1, ""threshold_method"": ""mean"", ""mean_type"": ""arithmetic""}, ""1"": {}, ""2"": {""sigma"": 2, ""rolling_window"": 90, ""run_order"": ""season_first"", ""regression_params"": {""regression_model"": {""model"": ""ElasticNet"", ""model_params"": {""l1_ratio"": 0.5, ""fit_intercept"": true, ""selection"": ""cyclic"", ""max_iter"": 1000}}, ""datepart_method"": ""anchored_segment_fourier:us_school"", ""polynomial_degree"": null, ""transform_dict"": null, ""holiday_countries_used"": true, ""lags"": null, ""forward_lags"": null}, ""holiday_params"": null, ""trend_method"": ""rolling_mean""}, ""3"": {}, ""4"": {""n_harmonics"": 10, ""detrend"": ""linear""}}}'}, 'a28ec290170b13fd699d9f65cf8a8be5': {'Model': 'SeasonalNaive', 'ModelParameters': '{""method"": ""mean"", ""lag_1"": 64, ""lag_2"": 12}', 'TransformationParameters': '{""fillna"": ""ffill"", ""transformations"": {""0"": ""MinMaxScaler"", ""1"": ""DifferencedTransformer"", ""2"": ""ConvolutionFilter""}, ""transformation_params"": {""0"": {}, ""1"": {""lag"": 1, ""fill"": ""bfill""}, ""2"": {""weight"": [1.0, 0.5, 0.3333333333333333, 0.25, 0.2, 0.16666666666666666, 0.14285714285714285]}}}'}, '483bc03fb7d41bd6b09ed562ac44c517': {'Model': 'SeasonalityMotif', 'ModelParameters': '{""window"": 30, ""point_method"": ""weighted_mean"", ""distance_metric"": ""mqae"", ""k"": 15, ""datepart_method"": ""common_fourier"", ""independent"": true}', 'TransformationParameters': '{""fillna"": ""ffill"", ""transformations"": {""0"": null}, ""transformation_params"": {""0"": {}}}'}, 'd00109751cdbcbd8ed2960d92095ef47': {'Model': 'SeasonalityMotif', 'ModelParameters': '{""window"": 5, ""point_method"": ""weighted_mean"", ""distance_metric"": ""mqae"", ""k"": 15, ""datepart_method"": ""common_fourier"", ""independent"": true}', 'TransformationParameters': '{""fillna"": ""ffill"", ""transformations"": {""0"": ""RegressionFilter"", ""1"": ""PowerTransformer""}, ""transformation_params"": {""0"": {""sigma"": 2, ""rolling_window"": 90, ""run_order"": ""season_first"", ""regression_params"": {""regression_model"": {""model"": ""ElasticNet"", ""model_params"": {""l1_ratio"": 0.5, ""fit_intercept"": true, ""selection"": ""cyclic"", ""max_iter"": 1000}}, ""datepart_method"": ""anchored_segment_fourier:us_school"", ""polynomial_degree"": null, ""transform_dict"": null, ""holiday_countries_used"": true, ""lags"": null, ""forward_lags"": null}, ""holiday_params"": null, ""trend_method"": ""rolling_mean""}, ""1"": {}}}'}, '759f4757070db9464a47d5b64481062e': {'Model': 'ARDL', 'ModelParameters': '{""lags"": 1, ""trend"": ""n"", ""order"": 1, ""causal"": false, ""regression_type"": ""holiday""}', 'TransformationParameters': '{""fillna"": ""fake_date"", ""transformations"": {""0"": ""IntermittentOccurrence""}, ""transformation_params"": {""0"": {""center"": ""mean""}}}'}}, 'point_method': 'median', 'model_weights': {}}","{'fillna': 'median', 'transformations': {'0': 'DiffSmoother', '1': 'AlignLastValue', '2': 'HistoricValues'}, 'transformation_params': {'0': {'method': 'med_diff', 'method_params': {'distribution': 'norm', 'alpha': 0.05}, 'transform_dict': None, 'reverse_alignment': False, 'isolated_only': False, 'fillna': 'linear'}, '1': {'rows': 1, 'lag': 1, 'method': 'additive', 'strength': 1.0, 'first_value_only': False, 'threshold': None, 'threshold_method': 'mean'}, '2': {'window': 10}}}",1.0,model.results,False,,,,,,
model_weights,268.0,0.0005955014010210493,inverse_rank_from_validation_score,Score,829.2521821272495,Ensemble,"{'model_name': 'BestN', 'model_count': 3, 'model_metric': 'mixed_metric', 'models': {'a28ec290170b13fd699d9f65cf8a8be5': {'Model': 'SeasonalNaive', 'ModelParameters': '{""method"": ""mean"", ""lag_1"": 64, ""lag_2"": 12}', 'TransformationParameters': '{""fillna"": ""ffill"", ""transformations"": {""0"": ""MinMaxScaler"", ""1"": ""DifferencedTransformer"", ""2"": ""ConvolutionFilter""}, ""transformation_params"": {""0"": {}, ""1"": {""lag"": 1, ""fill"": ""bfill""}, ""2"": {""weight"": [1.0, 0.5, 0.3333333333333333, 0.25, 0.2, 0.16666666666666666, 0.14285714285714285]}}}'}, 'b52c8876f9849485b32c9cd995d206f2': {'Model': 'SeasonalNaive', 'ModelParameters': '{""method"": ""lastvalue"", ""lag_1"": 64, ""lag_2"": 12}', 'TransformationParameters': '{""fillna"": ""ffill"", ""transformations"": {""0"": ""AlignLastValue"", ""1"": ""bkfilter"", ""2"": ""RegressionFilter"", ""3"": ""PowerTransformer"", ""4"": ""FFTDecomposition""}, ""transformation_params"": {""0"": {""rows"": 1, ""lag"": 1, ""method"": ""additive"", ""strength"": 1.0, ""first_value_only"": false, ""threshold"": 1, ""threshold_method"": ""mean"", ""mean_type"": ""arithmetic""}, ""1"": {}, ""2"": {""sigma"": 2, ""rolling_window"": 90, ""run_order"": ""season_first"", ""regression_params"": {""regression_model"": {""model"": ""ElasticNet"", ""model_params"": {""l1_ratio"": 0.5, ""fit_intercept"": true, ""selection"": ""cyclic"", ""max_iter"": 1000}}, ""datepart_method"": ""anchored_segment_fourier:us_school"", ""polynomial_degree"": null, ""transform_dict"": null, ""holiday_countries_used"": true, ""lags"": null, ""forward_lags"": null}, ""holiday_params"": null, ""trend_method"": ""rolling_mean""}, ""3"": {}, ""4"": {""n_harmonics"": 10, ""detrend"": ""linear""}}}'}, '3e349e3aaa1ceb062f73adbd8e0c389c': {'Model': 'SeasonalityMotif', 'ModelParameters': '{""window"": 30, ""point_method"": ""weighted_mean"", ""distance_metric"": ""mqae"", ""k"": 10, ""datepart_method"": ""simple_binarized"", ""independent"": false}', 'TransformationParameters': '{""fillna"": ""ffill"", ""transformations"": {""0"": ""ScipyFilter"", ""1"": ""AlignLastValue"", ""2"": ""bkfilter"", ""3"": ""RollingMean100thN"", ""4"": ""AlignLastValue""}, ""transformation_params"": {""0"": {""method"": ""butter"", ""method_args"": {""N"": 4, ""btype"": ""lowpass"", ""analog"": false, ""output"": ""sos"", ""Wn"": 0.08333333333333333}}, ""1"": {""rows"": 1, ""lag"": 28, ""method"": ""additive"", ""strength"": 0.2, ""first_value_only"": false, ""threshold"": 1, ""threshold_method"": ""max"", ""mean_type"": ""arithmetic""}, ""2"": {}, ""3"": {}, ""4"": {""rows"": 1, ""lag"": 1, ""method"": ""additive"", ""strength"": 1.0, ""first_value_only"": false, ""threshold"": null, ""threshold_method"": ""mean"", ""mean_type"": ""arithmetic""}}}'}}, 'model_weights': {}, 'point_method': 'mean'}","{'fillna': 'median', 'transformations': {'0': 'DiffSmoother', '1': 'AlignLastValue', '2': 'HistoricValues'}, 'transformation_params': {'0': {'method': 'med_diff', 'method_params': {'distribution': 'norm', 'alpha': 0.05}, 'transform_dict': None, 'reverse_alignment': False, 'isolated_only': False, 'fillna': 'linear'}, '1': {'rows': 1, 'lag': 1, 'method': 'additive', 'strength': 1.0, 'first_value_only': False, 'threshold': None, 'threshold_method': 'mean'}, '2': {'window': 10}}}",1.0,model.results,False,,,,,,
model_weights,269.0,0.0005932876411659524,inverse_rank_from_validation_score,Score,829.4581687129235,Ensemble,"{'model_name': 'BestN', 'model_count': 3, 'model_metric': 'best_score', 'models': {'b52c8876f9849485b32c9cd995d206f2': {'Model': 'SeasonalNaive', 'ModelParameters': '{""method"": ""lastvalue"", ""lag_1"": 64, ""lag_2"": 12}', 'TransformationParameters': '{""fillna"": ""ffill"", ""transformations"": {""0"": ""AlignLastValue"", ""1"": ""bkfilter"", ""2"": ""RegressionFilter"", ""3"": ""PowerTransformer"", ""4"": ""FFTDecomposition""}, ""transformation_params"": {""0"": {""rows"": 1, ""lag"": 1, ""method"": ""additive"", ""strength"": 1.0, ""first_value_only"": false, ""threshold"": 1, ""threshold_method"": ""mean"", ""mean_type"": ""arithmetic""}, ""1"": {}, ""2"": {""sigma"": 2, ""rolling_window"": 90, ""run_order"": ""season_first"", ""regression_params"": {""regression_model"": {""model"": ""ElasticNet"", ""model_params"": {""l1_ratio"": 0.5, ""fit_intercept"": true, ""selection"": ""cyclic"", ""max_iter"": 1000}}, ""datepart_method"": ""anchored_segment_fourier:us_school"", ""polynomial_degree"": null, ""transform_dict"": null, ""holiday_countries_used"": true, ""lags"": null, ""forward_lags"": null}, ""holiday_params"": null, ""trend_method"": ""rolling_mean""}, ""3"": {}, ""4"": {""n_harmonics"": 10, ""detrend"": ""linear""}}}'}, 'a28ec290170b13fd699d9f65cf8a8be5': {'Model': 'SeasonalNaive', 'ModelParameters': '{""method"": ""mean"", ""lag_1"": 64, ""lag_2"": 12}', 'TransformationParameters': '{""fillna"": ""ffill"", ""transformations"": {""0"": ""MinMaxScaler"", ""1"": ""DifferencedTransformer"", ""2"": ""ConvolutionFilter""}, ""transformation_params"": {""0"": {}, ""1"": {""lag"": 1, ""fill"": ""bfill""}, ""2"": {""weight"": [1.0, 0.5, 0.3333333333333333, 0.25, 0.2, 0.16666666666666666, 0.14285714285714285]}}}'}, '483bc03fb7d41bd6b09ed562ac44c517': {'Model': 'SeasonalityMotif', 'ModelParameters': '{""window"": 30, ""point_method"": ""weighted_mean"", ""distance_metric"": ""mqae"", ""k"": 15, ""datepart_method"": ""common_fourier"", ""independent"": true}', 'TransformationParameters': '{""fillna"": ""ffill"", ""transformations"": {""0"": null}, ""transformation_params"": {""0"": {}}}'}}, 'model_weights': {}, 'point_method': 'mean'}","{'fillna': 'median', 'transformations': {'0': 'DiffSmoother', '1': 'AlignLastValue', '2': 'HistoricValues'}, 'transformation_params': {'0': {'method': 'med_diff', 'method_params': {'distribution': 'norm', 'alpha': 0.05}, 'transform_dict': None, 'reverse_alignment': False, 'isolated_only': False, 'fillna': 'linear'}, '1': {'rows': 1, 'lag': 1, 'method': 'additive', 'strength': 1.0, 'first_value_only': False, 'threshold': None, 'threshold_method': 'mean'}, '2': {'window': 10}}}",1.0,model.results,False,,,,,,
model_weights,270.0,0.0005910902795320045,inverse_rank_from_validation_score,Score,829.8701418842712,Ensemble,"{'model_name': 'BestN', 'model_count': 5, 'model_metric': 'best_score_unique', 'models': {'b52c8876f9849485b32c9cd995d206f2': {'Model': 'SeasonalNaive', 'ModelParameters': '{""method"": ""lastvalue"", ""lag_1"": 64, ""lag_2"": 12}', 'TransformationParameters': '{""fillna"": ""ffill"", ""transformations"": {""0"": ""AlignLastValue"", ""1"": ""bkfilter"", ""2"": ""RegressionFilter"", ""3"": ""PowerTransformer"", ""4"": ""FFTDecomposition""}, ""transformation_params"": {""0"": {""rows"": 1, ""lag"": 1, ""method"": ""additive"", ""strength"": 1.0, ""first_value_only"": false, ""threshold"": 1, ""threshold_method"": ""mean"", ""mean_type"": ""arithmetic""}, ""1"": {}, ""2"": {""sigma"": 2, ""rolling_window"": 90, ""run_order"": ""season_first"", ""regression_params"": {""regression_model"": {""model"": ""ElasticNet"", ""model_params"": {""l1_ratio"": 0.5, ""fit_intercept"": true, ""selection"": ""cyclic"", ""max_iter"": 1000}}, ""datepart_method"": ""anchored_segment_fourier:us_school"", ""polynomial_degree"": null, ""transform_dict"": null, ""holiday_countries_used"": true, ""lags"": null, ""forward_lags"": null}, ""holiday_params"": null, ""trend_method"": ""rolling_mean""}, ""3"": {}, ""4"": {""n_harmonics"": 10, ""detrend"": ""linear""}}}'}, '483bc03fb7d41bd6b09ed562ac44c517': {'Model': 'SeasonalityMotif', 'ModelParameters': '{""window"": 30, ""point_method"": ""weighted_mean"", ""distance_metric"": ""mqae"", ""k"": 15, ""datepart_method"": ""common_fourier"", ""independent"": true}', 'TransformationParameters': '{""fillna"": ""ffill"", ""transformations"": {""0"": null}, ""transformation_params"": {""0"": {}}}'}, '759f4757070db9464a47d5b64481062e': {'Model': 'ARDL', 'ModelParameters': '{""lags"": 1, ""trend"": ""n"", ""order"": 1, ""causal"": false, ""regression_type"": ""holiday""}', 'TransformationParameters': '{""fillna"": ""fake_date"", ""transformations"": {""0"": ""IntermittentOccurrence""}, ""transformation_params"": {""0"": {""center"": ""mean""}}}'}, 'e89a3b30b5276cefef55356f531cb97d': {'Model': 'UnivariateMotif', 'ModelParameters': '{""window"": 10, ""point_method"": ""weighted_mean"", ""distance_metric"": ""canberra"", ""k"": 10, ""max_windows"": 10000}', 'TransformationParameters': '{""fillna"": ""ffill"", ""transformations"": {""0"": ""MinMaxScaler"", ""1"": ""AlignLastValue"", ""2"": ""ScipyFilter""}, ""transformation_params"": {""0"": {}, ""1"": {""rows"": 1, ""lag"": 1, ""method"": ""additive"", ""strength"": 1.0, ""first_value_only"": false, ""threshold"": 1, ""threshold_method"": ""max"", ""mean_type"": ""arithmetic""}, ""2"": {""method"": ""butter"", ""method_args"": {""N"": 4, ""btype"": ""highpass"", ""analog"": false, ""output"": ""sos"", ""Wn"": 0.011904761904761904}}}}'}, '23c85c773110afcdc5c3a31becf66854': {'Model': 'RRVAR', 'ModelParameters': '{""method"": ""als"", ""rank"": 16, ""maxiter"": 200}', 'TransformationParameters': '{""fillna"": ""nearest"", ""transformations"": {""0"": ""AlignLastValue"", ""1"": ""PowerTransformer""}, ""transformation_params"": {""0"": {""rows"": 1, ""lag"": 1, ""method"": ""additive"", ""strength"": 0.5, ""first_value_only"": false, ""threshold"": 10, ""threshold_method"": ""max"", ""mean_type"": ""arithmetic""}, ""1"": {}}}'}}, 'point_method': 'midhinge', 'model_weights': {}}","{'fillna': 'median', 'transformations': {'0': 'DiffSmoother', '1': 'AlignLastValue', '2': 'HistoricValues'}, 'transformation_params': {'0': {'method': 'med_diff', 'method_params': {'distribution': 'norm', 'alpha': 0.05}, 'transform_dict': None, 'reverse_alignment': False, 'isolated_only': False, 'fillna': 'linear'}, '1': {'rows': 1, 'lag': 1, 'method': 'additive', 'strength': 1.0, 'first_value_only': False, 'threshold': None, 'threshold_method': 'mean'}, '2': {'window': 10}}}",1.0,model.results,False,,,,,,
model_weights,271.0,0.0005889091345890819,inverse_rank_from_validation_score,Score,855.3419203432509,SectionalMotif,"{'window': 15, 'point_method': 'midhinge', 'distance_metric': 'correlation', 'include_differenced': False, 'k': 10, 'stride_size': 5, 'regression_type': 'common_fourier_rw', 'comparison_transformation': None, 'combination_transformation': None}","{'fillna': 'rolling_mean_24', 'transformations': {'0': 'MeanPercentSplitter', '1': 'Detrend', '2': 'StandardScaler'}, 'transformation_params': {'0': {'window': 'forecast_length', 'min_mean_threshold': 0.1}, '1': {'model': 'Linear', 'phi': 1, 'window': None, 'transform_dict': None}, '2': {}}}",0.0,model.results,False,,,,,,
model_weights,272.0,0.0005867440274766222,inverse_rank_from_validation_score,Score,856.3843765119684,GLS,"{'changepoint_spacing': None, 'changepoint_distance_end': 5040, 'constant': False}","{'fillna': 'linear', 'transformations': {'0': 'ClipOutliers', '1': 'Detrend'}, 'transformation_params': {'0': {'method': 'clip', 'std_threshold': 3.75, 'fillna': None}, '1': {'model': 'Linear', 'phi': 1, 'window': None, 'transform_dict': {'fillna': 'ffill', 'transformations': {'0': 'Round'}, 'transformation_params': {'0': {'decimals': 0, 'on_transform': True, 'on_inverse': True}}}}}}",0.0,model.results,False,,,,,,
model_weights,273.0,0.0005845947819547297,inverse_rank_from_validation_score,Score,877.2480590714677,ARDL,"{'lags': 1, 'trend': 'ct', 'order': 0, 'causal': False, 'regression_type': 'holiday'}","{'fillna': 'ffill', 'transformations': {'0': 'G726Filter'}, 'transformation_params': {'0': {'quant_bits': 3, 'adaptation_rate': 0.9464980178455116, 'prediction_alpha': 0.765070044459812, 'floor_step': 0.0053176902498599824, 'dynamic_range': 2.0200772746915603, 'blend': 0.0818223659136133, 'noise_gate': 0.030952282252885023, 'fill_method': 'interpolate', 'on_transform': True, 'on_inverse': False, 'quantizer': 'uniform', 'use_adaptive_predictor': True, 'predictor_leak': 0.9996668859176537, 'bounds_only': False}}}",0.0,model.results,False,,,,,,
model_weights,274.0,0.0005824612243563548,inverse_rank_from_validation_score,Score,931.2775317653774,MetricMotif,"{'window': 10, 'point_method': 'mean', 'distance_metric': 'wasserstein', 'k': 10, 'comparison_transformation': {'fillna': 'pchip', 'transformations': {'0': None}, 'transformation_params': {'0': {}}}, 'combination_transformation': {'fillna': 'ffill', 'transformations': {'0': 'SeasonalDifference'}, 'transformation_params': {'0': {'lag_1': 7, 'method': 'LastValue'}}}}","{'fillna': 'cubic', 'transformations': {'0': 'ClipOutliers', '1': 'Detrend', '2': 'Round', '3': 'AlignLastValue'}, 'transformation_params': {'0': {'method': 'clip', 'std_threshold': 4, 'fillna': None}, '1': {'model': 'Linear', 'phi': 1, 'window': None, 'transform_dict': None}, '2': {'decimals': -2, 'on_transform': True, 'on_inverse': True}, '3': {'rows': 7, 'lag': 1, 'method': 'additive', 'strength': 0.2, 'first_value_only': False, 'threshold': 3, 'threshold_method': 'mean', 'mean_type': 'arithmetic'}}}",0.0,model.results,False,,,,,,
model_weights,275.0,0.0005803431835405135,inverse_rank_from_validation_score,Score,966.4838467348443,ETS,"{'damped_trend': False, 'trend': 'multiplicative', 'seasonal': 'additive', 'seasonal_periods': 12, 'method': 'least_squares'}","{'fillna': 'rolling_mean', 'transformations': {'0': 'SeasonalDifference', '1': 'AlignLastValue', '2': 'G726Filter'}, 'transformation_params': {'0': {'lag_1': 12, 'method': 'LastValue'}, '1': {'rows': 1, 'lag': 1, 'method': 'additive', 'strength': 1.0, 'first_value_only': True, 'threshold': 1, 'threshold_method': 'max', 'mean_type': 'arithmetic'}, '2': {'quant_bits': 3, 'adaptation_rate': 0.9751204425299785, 'prediction_alpha': 0.9002778551057259, 'floor_step': 0.011035798662212456, 'dynamic_range': 1.0520230208688988, 'blend': 0.24471201234829865, 'noise_gate': 0.09104142642525936, 'fill_method': 'interpolate', 'on_transform': True, 'on_inverse': False, 'quantizer': 'nonuniform', 'use_adaptive_predictor': True, 'predictor_leak': 0.9995058618637545, 'bounds_only': False}}}",0.0,model.results,False,,,,,,
model_weights,276.0,0.0005782404908465261,inverse_rank_from_validation_score,Score,970.3245189040543,SectionalMotif,"{'window': 5, 'point_method': 'midhinge', 'distance_metric': 'canberra', 'include_differenced': False, 'k': 5, 'stride_size': 1, 'regression_type': None, 'comparison_transformation': None, 'combination_transformation': None}","{'fillna': 'rolling_mean_24', 'transformations': {'0': 'FFTFilter', '1': 'AlignLastValue', '2': 'LevelShiftTransformer', '3': 'StandardScaler'}, 'transformation_params': {'0': {'cutoff': 0.14, 'reverse': False, 'on_transform': True, 'on_inverse': False}, '1': {'rows': 1, 'lag': 1, 'method': 'multiplicative', 'strength': 1.0, 'first_value_only': False, 'threshold': 1, 'threshold_method': 'max', 'mean_type': 'arithmetic'}, '2': {'window_size': 30, 'alpha': 2.0, 'grouping_forward_limit': 4, 'max_level_shifts': 10, 'alignment': 'last_value', 'output': 'multivariate', 'remove_at_shift': False, 'shift_remove_window': 2, 'shift_fillna': 'linear', 'window_method': 'diff_overlap'}, '3': {}}}",0.0,model.results,False,,,,,,
model_weights,277.0,0.0005761529800492463,inverse_rank_from_validation_score,Score,1006.0751540356073,LastValueNaive,{},"{'fillna': 'ffill', 'transformations': {'0': 'SeasonalDifference', '1': 'ConvolutionFilter', '2': 'Detrend'}, 'transformation_params': {'0': {'lag_1': 12, 'method': 'LastValue'}, '1': {'weight': 0.8}, '2': {'model': 'Linear', 'phi': 0.999, 'window': None, 'transform_dict': {'fillna': None, 'transformations': {'0': 'EWMAFilter'}, 'transformation_params': {'0': {'span': 2}}}}}}",0.0,model.results,False,,,,,,
model_weights,278.0,0.0005740804873152562,inverse_rank_from_validation_score,Score,1029.19091407032,SeasonalNaive,"{'method': 'lastvalue', 'lag_1': 67, 'lag_2': None}","{'fillna': 'piecewise_polynomial', 'transformations': {'0': 'bkfilter'}, 'transformation_params': {'0': {}}}",0.0,model.results,False,,,,,,
model_weights,279.0,0.0005720228511600044,inverse_rank_from_validation_score,Score,1042.4868620247769,SectionalMotif,"{'window': 5, 'point_method': 'weighted_mean', 'distance_metric': 'hamming', 'include_differenced': False, 'k': 3, 'stride_size': 5, 'regression_type': 'User', 'comparison_transformation': None, 'combination_transformation': {'fillna': 'ffill', 'transformations': {'0': 'RollingMeanTransformer', '1': 'SeasonalDifference'}, 'transformation_params': {'0': {'fixed': True, 'window': 10, 'macro_micro': False, 'center': True, 'mean_type': 'arithmetic'}, '1': {'lag_1': 7, 'method': 20}}}}","{'fillna': 'ffill', 'transformations': {'0': 'FFTFilter', '1': 'AlignLastValue', '2': 'LevelShiftTransformer', '3': 'StandardScaler'}, 'transformation_params': {'0': {'cutoff': 0.14, 'reverse': False, 'on_transform': True, 'on_inverse': False}, '1': {'rows': 1, 'lag': 1, 'method': 'multiplicative', 'strength': 1.0, 'first_value_only': False, 'threshold': 1, 'threshold_method': 'max', 'mean_type': 'arithmetic'}, '2': {'window_size': 30, 'alpha': 2.0, 'grouping_forward_limit': 4, 'max_level_shifts': 10, 'alignment': 'last_value', 'output': 'multivariate', 'remove_at_shift': False, 'shift_remove_window': 2, 'shift_fillna': 'linear', 'window_method': 'diff_overlap'}, '3': {}}}",0.0,model.results,False,,,,,,
model_weights,280.0,0.0005699799124058614,inverse_rank_from_validation_score,Score,1117.342291525497,SectionalMotif,"{'window': 10, 'point_method': 'mean', 'distance_metric': 'yule', 'include_differenced': True, 'k': 1, 'stride_size': 5, 'regression_type': None, 'comparison_transformation': {'fillna': 'mean', 'transformations': {'0': 'FFTDecomposition'}, 'transformation_params': {'0': {'n_harmonics': 10, 'detrend': None}}}, 'combination_transformation': None}","{'fillna': 'ffill', 'transformations': {'0': 'AlignLastValue'}, 'transformation_params': {'0': {'rows': 1, 'lag': 7, 'method': 'additive', 'strength': 1.0, 'first_value_only': False, 'threshold': 3, 'threshold_method': 'mean', 'mean_type': 'arithmetic'}}}",0.0,model.results,False,,,,,,
model_weights,281.0,0.000567951514141072,inverse_rank_from_validation_score,Score,1127.308312396825,GLM,"{'family': 'Gaussian', 'constant': False, 'regression_type': ['weekdayofmonth', 'common_fourier'], 'changepoint_spacing': None}","{'fillna': 'zero', 'transformations': {'0': 'MaxAbsScaler', '1': 'QuantileTransformer', '2': 'Slice'}, 'transformation_params': {'0': {}, '1': {'output_distribution': 'uniform', 'n_quantiles': 100}, '2': {'method': 0.5}}}",0.0,model.results,False,,,,,,
model_weights,282.0,0.0005659375016795788,inverse_rank_from_validation_score,Score,1304.9401383937882,ConstantNaive,{'constant': -1},"{'fillna': 'zero', 'transformations': {'0': 'ClipOutliers', '1': 'Detrend', '2': 'DifferencedTransformer', '3': 'EWMAFilter'}, 'transformation_params': {'0': {'method': 'clip', 'std_threshold': 3.5, 'fillna': None}, '1': {'model': 'Linear', 'phi': 1, 'window': None, 'transform_dict': {'fillna': 'ffill', 'transformations': {'0': 'HPFilter'}, 'transformation_params': {'0': {'part': 'trend', 'lamb': 1600}}}}, '2': {'lag': 1, 'fill': 'bfill'}, '3': {'span': 7}}}",0.0,model.results,False,,,,,,
model_weights,283.0,0.0005639377225217004,inverse_rank_from_validation_score,Score,2212.2678616442054,GLS,"{'changepoint_spacing': 180, 'changepoint_distance_end': 5040, 'constant': True}","{'fillna': 'ffill', 'transformations': {'0': 'bkfilter', '1': 'Round', '2': 'ClipOutliers', '3': 'FFTDecomposition', '4': 'AlignLastValue'}, 'transformation_params': {'0': {}, '1': {'decimals': -1, 'on_transform': False, 'on_inverse': True}, '2': {'method': 'clip', 'std_threshold': 1, 'fillna': None}, '3': {'n_harmonics': -0.5, 'detrend': None}, '4': {'rows': 1, 'lag': 28, 'method': 'additive', 'strength': 1.0, 'first_value_only': False, 'threshold': 1, 'threshold_method': 'max', 'mean_type': 'arithmetic'}}}",0.0,model.results,False,,,,,,
model_weights,284.0,0.0005619520263156381,inverse_rank_from_validation_score,Score,2352.417769654498,BallTreeRegressionMotif,"{'window': 7, 'point_method': 'weighted_mean', 'distance_metric': 'euclidean', 'k': 3, 'sample_fraction': 50000000, 'comparison_transformation': None, 'combination_transformation': None, 'extend_df': True, 'mean_rolling_periods': 30, 'macd_periods': 4, 'std_rolling_periods': None, 'max_rolling_periods': 10, 'min_rolling_periods': 24, 'quantile90_rolling_periods': 90, 'quantile10_rolling_periods': None, 'ewm_alpha': 0.2, 'ewm_var_alpha': None, 'additional_lag_periods': None, 'abs_energy': False, 'rolling_autocorr_periods': None, 'nonzero_last_n': 14, 'datepart_method': 'simple_2_poly', 'polynomial_degree': None, 'regression_type': None, 'holiday': False, 'scale_full_X': False, 'series_hash': False, 'frac_slice': 0.2}","{'fillna': 'ffill', 'transformations': {'0': 'EWMAFilter', '1': 'ClipOutliers', '2': 'SeasonalDifference', '3': 'CumSumTransformer', '4': 'MaxAbsScaler'}, 'transformation_params': {'0': {'span': 3}, '1': {'method': 'clip', 'std_threshold': 4.5, 'fillna': None}, '2': {'lag_1': 12, 'method': 'Median'}, '3': {}, '4': {}}}",0.0,model.results,False,,,,,,
model_weights,285.0,0.0005599802648197938,inverse_rank_from_validation_score,Score,2750.306304260941,ETS,"{'damped_trend': False, 'trend': None, 'seasonal': 'multiplicative', 'seasonal_periods': 7, 'method': 'SLSQP'}","{'fillna': 'ffill', 'transformations': {'0': 'ClipOutliers', '1': 'QuantileTransformer'}, 'transformation_params': {'0': {'method': 'clip', 'std_threshold': 3, 'fillna': None}, '1': {'output_distribution': 'uniform', 'n_quantiles': 103}}}",0.0,model.results,False,,,,,,
model_weights,286.0,0.0005580222918658784,inverse_rank_from_validation_score,Score,3025.7548519376355,ARDL,"{'lags': 1, 'trend': 'c', 'order': 1, 'causal': False, 'regression_type': 'common_fourier_rw'}","{'fillna': 'akima', 'transformations': {'0': 'Log', '1': 'Slice', '2': 'ChangepointDetrend', '3': 'Slice'}, 'transformation_params': {'0': {}, '1': {'method': 0.5}, '2': {'model': 'Linear', 'changepoint_spacing': 5040, 'changepoint_distance_end': 520, 'datepart_method': 'common_fourier'}, '3': {'method': 0.5}}}",0.0,model.results,False,,,,,,
model_weights,287.0,0.0005560779633227917,inverse_rank_from_validation_score,Score,3500.4064484731052,SeasonalNaive,"{'method': 'lastvalue', 'lag_1': 364, 'lag_2': 30}","{'fillna': 'fake_date', 'transformations': {'0': 'SeasonalDifference', '1': 'MaxAbsScaler', '2': 'Round'}, 'transformation_params': {'0': {'lag_1': 7, 'method': 'LastValue'}, '1': {}, '2': {'decimals': 0, 'on_transform': False, 'on_inverse': True}}}",0.0,model.results,False,,,,,,
model_weights,288.0,0.0005541471370612542,inverse_rank_from_validation_score,Score,3661.9086958300513,RRVAR,"{'method': 'als', 'rank': 2, 'maxiter': 200}","{'fillna': 'fake_date', 'transformations': {'0': 'SeasonalDifference', '1': 'AlignLastDiff', '2': 'convolution_filter'}, 'transformation_params': {'0': {'lag_1': 364, 'method': 'LastValue'}, '1': {'rows': 1, 'displacement_rows': 1, 'quantile': 1.0, 'decay_span': 3}, '2': {}}}",0.0,model.results,False,,,,,,
model_weights,289.0,0.0005522296729191737,inverse_rank_from_validation_score,Score,3759.496051975423,WindowRegression,"{'window_size': 5, 'input_dim': 'univariate', 'output_dim': 'forecast_length', 'normalize_window': False, 'max_windows': 5000000, 'fourier_encoding_components': None, 'scale': True, 'datepart_method': None, 'regression_type': None, 'regression_model': {'model': 'BayesianRidge', 'model_params': {}}}","{'fillna': 'ffill_mean_biased', 'transformations': {'0': 'SeasonalDifference', '1': 'EWMAFilter', '2': 'Log', '3': 'bkfilter', '4': 'SeasonalDifference', '5': 'ReplaceConstant'}, 'transformation_params': {'0': {'lag_1': 364, 'method': 'LastValue'}, '1': {'span': 28}, '2': {}, '3': {}, '4': {'lag_1': 7, 'method': 'LastValue'}, '5': {'constant': 0, 'reintroduction_model': None, 'fillna': 'linear'}}}",0.0,model.results,False,,,,,,
model_weights,290.0,0.0005503254326677283,inverse_rank_from_validation_score,Score,4735.804297190836,UnivariateMotif,"{'window': 60, 'point_method': 'weighted_mean', 'distance_metric': 'correlation', 'k': 100, 'max_windows': 10000}","{'fillna': 'ffill', 'transformations': {'0': 'QuantileTransformer', '1': 'ScipyFilter'}, 'transformation_params': {'0': {'output_distribution': 'uniform', 'n_quantiles': 100}, '1': {'method': 'butter', 'method_args': {'N': 2, 'btype': 'highpass', 'analog': False, 'output': 'sos', 'Wn': 0.08333333333333333}}}}",0.0,model.results,False,,,,,,
model_weights,291.0,0.0005484342799781485,inverse_rank_from_validation_score,Score,6179.397733255785,DatepartRegression,"{'regression_model': {'model': 'ElasticNet', 'model_params': {'l1_ratio': 0.9, 'fit_intercept': True, 'selection': 'cyclic', 'max_iter': 1000}}, 'datepart_method': 'anchored_warped_fourier:us_school', 'polynomial_degree': None, 'holiday_countries_used': False, 'lags': None, 'forward_lags': None, 'regression_type': None}","{'fillna': 'rolling_mean_24', 'transformations': {'0': 'ScipyFilter', '1': 'QuantileTransformer', '2': 'Discretize', '3': 'DifferencedTransformer', '4': 'Detrend'}, 'transformation_params': {'0': {'method': 'savgol_filter', 'method_args': {'window_length': 7, 'polyorder': 4, 'deriv': 1, 'mode': 'interp'}}, '1': {'output_distribution': 'uniform', 'n_quantiles': 103}, '2': {'discretization': 'center', 'n_bins': 20}, '3': {'lag': 1, 'fill': 'zero'}, '4': {'model': 'Linear', 'phi': 1, 'window': None, 'transform_dict': None}}}",0.0,model.results,False,,,,,,
model_weights,292.0,0.0005465560803891822,inverse_rank_from_validation_score,Score,6478.817578308084,SectionalMotif,"{'window': 15, 'point_method': 'midhinge', 'distance_metric': 'nan_euclidean', 'include_differenced': True, 'k': 5, 'stride_size': 5, 'regression_type': None, 'comparison_transformation': {'fillna': 'zero', 'transformations': {'0': 'StandardScaler', '1': 'MinMaxScaler'}, 'transformation_params': {'0': {}, '1': {}}}, 'combination_transformation': None}","{'fillna': 'rolling_mean', 'transformations': {'0': 'ScipyFilter', '1': 'SeasonalDifference', '2': 'AnomalyRemoval'}, 'transformation_params': {'0': {'method': 'butter', 'method_args': {'N': 4, 'btype': 'highpass', 'analog': False, 'output': 'sos', 'Wn': 0.019230769230769232}}, '1': {'lag_1': 12, 'method': 'Mean'}, '2': {'method': 'zscore', 'method_params': {'distribution': 'norm', 'alpha': 0.08}, 'fillna': 'rolling_mean_24', 'transform_dict': {'transformations': {'0': 'DatepartRegression'}, 'transformation_params': {'0': {'datepart_method': 'simple_3', 'regression_model': {'model': 'FastRidge', 'model_params': {}}}}}, 'isolated_only': False, 'on_inverse': False}}}",0.0,model.results,False,,,,,,
model_weights,293.0,0.0005446907012752261,inverse_rank_from_validation_score,Score,6520.76706922609,SectionalMotif,"{'window': 10, 'point_method': 'midhinge', 'distance_metric': 'correlation', 'include_differenced': False, 'k': 5, 'stride_size': 5, 'regression_type': None, 'comparison_transformation': None, 'combination_transformation': None}","{'fillna': 'rolling_mean_24', 'transformations': {'0': 'ClipOutliers', '1': 'PositiveShift', '2': 'ScipyFilter'}, 'transformation_params': {'0': {'method': 'clip', 'std_threshold': 3.75, 'fillna': None}, '1': {}, '2': {'method': 'savgol_filter', 'method_args': {'window_length': 31, 'polyorder': 3, 'deriv': 1, 'mode': 'mirror'}}}}",0.0,model.results,False,,,,,,
model_weights,294.0,0.0005428380118151062,inverse_rank_from_validation_score,Score,8535.903207004463,SeasonalNaive,"{'method': 'median', 'lag_1': 24, 'lag_2': 364}","{'fillna': 'cubic', 'transformations': {'0': 'ClipOutliers', '1': 'Detrend', '2': 'FFTFilter'}, 'transformation_params': {'0': {'method': 'clip', 'std_threshold': 4, 'fillna': None}, '1': {'model': 'Linear', 'phi': 1, 'window': 10, 'transform_dict': {'fillna': None, 'transformations': {'0': 'ScipyFilter'}, 'transformation_params': {'0': {'method': 'savgol_filter', 'method_args': {'window_length': 31, 'polyorder': 3, 'deriv': 0, 'mode': 'interp'}}}}}, '2': {'cutoff': 0.8, 'reverse': False, 'on_transform': False, 'on_inverse': True}}}",0.0,model.results,False,,,,,,
model_weights,295.0,0.0005409978829614957,inverse_rank_from_validation_score,Score,13553.182553476576,BallTreeRegressionMotif,"{'window': 3, 'point_method': 'closest', 'distance_metric': 'euclidean', 'k': 10, 'sample_fraction': 5000000, 'comparison_transformation': None, 'combination_transformation': None, 'extend_df': True, 'mean_rolling_periods': None, 'macd_periods': None, 'std_rolling_periods': 10, 'max_rolling_periods': 2, 'min_rolling_periods': 60, 'quantile90_rolling_periods': 7, 'quantile10_rolling_periods': 10, 'ewm_alpha': None, 'ewm_var_alpha': None, 'additional_lag_periods': None, 'abs_energy': False, 'rolling_autocorr_periods': None, 'nonzero_last_n': None, 'datepart_method': 'simple', 'polynomial_degree': None, 'regression_type': None, 'holiday': False, 'scale_full_X': False, 'series_hash': False, 'frac_slice': None}","{'fillna': 'nearest', 'transformations': {'0': 'RollingMeanTransformer', '1': 'DifferencedTransformer', '2': 'MaxAbsScaler'}, 'transformation_params': {'0': {'fixed': True, 'window': 90, 'macro_micro': False, 'center': False, 'mean_type': 'arithmetic'}, '1': {'lag': 7, 'fill': 'bfill'}, '2': {}}}",0.0,model.results,False,,,,,,
feature_weights,,1.0,fixed_target,,,,,,,training_target,,Wh,1.0,True,,,
feature_weights,,0.6237580382690185,abs_pearson_correlation_on_training_set,,,,,,,future_regressor,,Temperature,0.5785138032554961,False,,,
feature_weights,,0.11319696338561697,abs_pearson_correlation_on_training_set,,,,,,,future_regressor,,RH,0.10498623149918136,False,,,
feature_weights,,0.26304499834536454,abs_pearson_correlation_on_training_set,,,,,,,future_regressor,,GloblRad,0.2439650522859978,False,,,
parameter_weights,,1.0,selected_in_best_model,,,Ensemble,,,1.0,best_model,,,,,ModelParameters,ModelParameters.model_name,BestN
parameter_weights,,1.0,selected_in_best_model,,,Ensemble,,,1.0,best_model,,,,,ModelParameters,ModelParameters.model_count,3
parameter_weights,,1.0,selected_in_best_model,,,Ensemble,,,1.0,best_model,,,,,ModelParameters,ModelParameters.model_metric,best_score
parameter_weights,,1.0,selected_in_best_model,,,Ensemble,,,1.0,best_model,,,,,ModelParameters,ModelParameters.models.b52c8876f9849485b32c9cd995d206f2.Model,SeasonalNaive
parameter_weights,,1.0,selected_in_best_model,,,Ensemble,,,1.0,best_model,,,,,ModelParameters,ModelParameters.models.b52c8876f9849485b32c9cd995d206f2.ModelParameters.method,lastvalue
parameter_weights,,1.0,selected_in_best_model,,,Ensemble,,,1.0,best_model,,,,,ModelParameters,ModelParameters.models.b52c8876f9849485b32c9cd995d206f2.ModelParameters.lag_1,64
parameter_weights,,1.0,selected_in_best_model,,,Ensemble,,,1.0,best_model,,,,,ModelParameters,ModelParameters.models.b52c8876f9849485b32c9cd995d206f2.ModelParameters.lag_2,12
parameter_weights,,1.0,selected_in_best_model,,,Ensemble,,,1.0,best_model,,,,,ModelParameters,ModelParameters.models.b52c8876f9849485b32c9cd995d206f2.TransformationParameters.fillna,ffill
parameter_weights,,1.0,selected_in_best_model,,,Ensemble,,,1.0,best_model,,,,,ModelParameters,ModelParameters.models.b52c8876f9849485b32c9cd995d206f2.TransformationParameters.transformations.0,AlignLastValue
parameter_weights,,1.0,selected_in_best_model,,,Ensemble,,,1.0,best_model,,,,,ModelParameters,ModelParameters.models.b52c8876f9849485b32c9cd995d206f2.TransformationParameters.transformations.1,bkfilter
parameter_weights,,1.0,selected_in_best_model,,,Ensemble,,,1.0,best_model,,,,,ModelParameters,ModelParameters.models.b52c8876f9849485b32c9cd995d206f2.TransformationParameters.transformations.2,RegressionFilter
parameter_weights,,1.0,selected_in_best_model,,,Ensemble,,,1.0,best_model,,,,,ModelParameters,ModelParameters.models.b52c8876f9849485b32c9cd995d206f2.TransformationParameters.transformations.3,PowerTransformer
parameter_weights,,1.0,selected_in_best_model,,,Ensemble,,,1.0,best_model,,,,,ModelParameters,ModelParameters.models.b52c8876f9849485b32c9cd995d206f2.TransformationParameters.transformations.4,FFTDecomposition
parameter_weights,,1.0,selected_in_best_model,,,Ensemble,,,1.0,best_model,,,,,ModelParameters,ModelParameters.models.b52c8876f9849485b32c9cd995d206f2.TransformationParameters.transformation_params.0.rows,1
parameter_weights,,1.0,selected_in_best_model,,,Ensemble,,,1.0,best_model,,,,,ModelParameters,ModelParameters.models.b52c8876f9849485b32c9cd995d206f2.TransformationParameters.transformation_params.0.lag,1
parameter_weights,,1.0,selected_in_best_model,,,Ensemble,,,1.0,best_model,,,,,ModelParameters,ModelParameters.models.b52c8876f9849485b32c9cd995d206f2.TransformationParameters.transformation_params.0.method,additive
parameter_weights,,1.0,selected_in_best_model,,,Ensemble,,,1.0,best_model,,,,,ModelParameters,ModelParameters.models.b52c8876f9849485b32c9cd995d206f2.TransformationParameters.transformation_params.0.strength,1.0
parameter_weights,,1.0,selected_in_best_model,,,Ensemble,,,1.0,best_model,,,,,ModelParameters,ModelParameters.models.b52c8876f9849485b32c9cd995d206f2.TransformationParameters.transformation_params.0.first_value_only,False
parameter_weights,,1.0,selected_in_best_model,,,Ensemble,,,1.0,best_model,,,,,ModelParameters,ModelParameters.models.b52c8876f9849485b32c9cd995d206f2.TransformationParameters.transformation_params.0.threshold,1
parameter_weights,,1.0,selected_in_best_model,,,Ensemble,,,1.0,best_model,,,,,ModelParameters,ModelParameters.models.b52c8876f9849485b32c9cd995d206f2.TransformationParameters.transformation_params.0.threshold_method,mean
parameter_weights,,1.0,selected_in_best_model,,,Ensemble,,,1.0,best_model,,,,,ModelParameters,ModelParameters.models.b52c8876f9849485b32c9cd995d206f2.TransformationParameters.transformation_params.0.mean_type,arithmetic
parameter_weights,,1.0,selected_in_best_model,,,Ensemble,,,1.0,best_model,,,,,ModelParameters,ModelParameters.models.b52c8876f9849485b32c9cd995d206f2.TransformationParameters.transformation_params.1,{}
parameter_weights,,1.0,selected_in_best_model,,,Ensemble,,,1.0,best_model,,,,,ModelParameters,ModelParameters.models.b52c8876f9849485b32c9cd995d206f2.TransformationParameters.transformation_params.2.sigma,2
parameter_weights,,1.0,selected_in_best_model,,,Ensemble,,,1.0,best_model,,,,,ModelParameters,ModelParameters.models.b52c8876f9849485b32c9cd995d206f2.TransformationParameters.transformation_params.2.rolling_window,90
parameter_weights,,1.0,selected_in_best_model,,,Ensemble,,,1.0,best_model,,,,,ModelParameters,ModelParameters.models.b52c8876f9849485b32c9cd995d206f2.TransformationParameters.transformation_params.2.run_order,season_first
parameter_weights,,1.0,selected_in_best_model,,,Ensemble,,,1.0,best_model,,,,,ModelParameters,ModelParameters.models.b52c8876f9849485b32c9cd995d206f2.TransformationParameters.transformation_params.2.regression_params.regression_model.model,ElasticNet
parameter_weights,,1.0,selected_in_best_model,,,Ensemble,,,1.0,best_model,,,,,ModelParameters,ModelParameters.models.b52c8876f9849485b32c9cd995d206f2.TransformationParameters.transformation_params.2.regression_params.regression_model.model_params.l1_ratio,0.5
parameter_weights,,1.0,selected_in_best_model,,,Ensemble,,,1.0,best_model,,,,,ModelParameters,ModelParameters.models.b52c8876f9849485b32c9cd995d206f2.TransformationParameters.transformation_params.2.regression_params.regression_model.model_params.fit_intercept,True
parameter_weights,,1.0,selected_in_best_model,,,Ensemble,,,1.0,best_model,,,,,ModelParameters,ModelParameters.models.b52c8876f9849485b32c9cd995d206f2.TransformationParameters.transformation_params.2.regression_params.regression_model.model_params.selection,cyclic
parameter_weights,,1.0,selected_in_best_model,,,Ensemble,,,1.0,best_model,,,,,ModelParameters,ModelParameters.models.b52c8876f9849485b32c9cd995d206f2.TransformationParameters.transformation_params.2.regression_params.regression_model.model_params.max_iter,1000
parameter_weights,,1.0,selected_in_best_model,,,Ensemble,,,1.0,best_model,,,,,ModelParameters,ModelParameters.models.b52c8876f9849485b32c9cd995d206f2.TransformationParameters.transformation_params.2.regression_params.datepart_method,anchored_segment_fourier:us_school
parameter_weights,,1.0,selected_in_best_model,,,Ensemble,,,1.0,best_model,,,,,ModelParameters,ModelParameters.models.b52c8876f9849485b32c9cd995d206f2.TransformationParameters.transformation_params.2.regression_params.polynomial_degree,
parameter_weights,,1.0,selected_in_best_model,,,Ensemble,,,1.0,best_model,,,,,ModelParameters,ModelParameters.models.b52c8876f9849485b32c9cd995d206f2.TransformationParameters.transformation_params.2.regression_params.transform_dict,
parameter_weights,,1.0,selected_in_best_model,,,Ensemble,,,1.0,best_model,,,,,ModelParameters,ModelParameters.models.b52c8876f9849485b32c9cd995d206f2.TransformationParameters.transformation_params.2.regression_params.holiday_countries_used,True
parameter_weights,,1.0,selected_in_best_model,,,Ensemble,,,1.0,best_model,,,,,ModelParameters,ModelParameters.models.b52c8876f9849485b32c9cd995d206f2.TransformationParameters.transformation_params.2.regression_params.lags,
parameter_weights,,1.0,selected_in_best_model,,,Ensemble,,,1.0,best_model,,,,,ModelParameters,ModelParameters.models.b52c8876f9849485b32c9cd995d206f2.TransformationParameters.transformation_params.2.regression_params.forward_lags,
parameter_weights,,1.0,selected_in_best_model,,,Ensemble,,,1.0,best_model,,,,,ModelParameters,ModelParameters.models.b52c8876f9849485b32c9cd995d206f2.TransformationParameters.transformation_params.2.holiday_params,
parameter_weights,,1.0,selected_in_best_model,,,Ensemble,,,1.0,best_model,,,,,ModelParameters,ModelParameters.models.b52c8876f9849485b32c9cd995d206f2.TransformationParameters.transformation_params.2.trend_method,rolling_mean
parameter_weights,,1.0,selected_in_best_model,,,Ensemble,,,1.0,best_model,,,,,ModelParameters,ModelParameters.models.b52c8876f9849485b32c9cd995d206f2.TransformationParameters.transformation_params.3,{}
parameter_weights,,1.0,selected_in_best_model,,,Ensemble,,,1.0,best_model,,,,,ModelParameters,ModelParameters.models.b52c8876f9849485b32c9cd995d206f2.TransformationParameters.transformation_params.4.n_harmonics,10
parameter_weights,,1.0,selected_in_best_model,,,Ensemble,,,1.0,best_model,,,,,ModelParameters,ModelParameters.models.b52c8876f9849485b32c9cd995d206f2.TransformationParameters.transformation_params.4.detrend,linear
parameter_weights,,1.0,selected_in_best_model,,,Ensemble,,,1.0,best_model,,,,,ModelParameters,ModelParameters.models.a28ec290170b13fd699d9f65cf8a8be5.Model,SeasonalNaive
parameter_weights,,1.0,selected_in_best_model,,,Ensemble,,,1.0,best_model,,,,,ModelParameters,ModelParameters.models.a28ec290170b13fd699d9f65cf8a8be5.ModelParameters.method,mean
parameter_weights,,1.0,selected_in_best_model,,,Ensemble,,,1.0,best_model,,,,,ModelParameters,ModelParameters.models.a28ec290170b13fd699d9f65cf8a8be5.ModelParameters.lag_1,64
parameter_weights,,1.0,selected_in_best_model,,,Ensemble,,,1.0,best_model,,,,,ModelParameters,ModelParameters.models.a28ec290170b13fd699d9f65cf8a8be5.ModelParameters.lag_2,12
parameter_weights,,1.0,selected_in_best_model,,,Ensemble,,,1.0,best_model,,,,,ModelParameters,ModelParameters.models.a28ec290170b13fd699d9f65cf8a8be5.TransformationParameters.fillna,ffill
parameter_weights,,1.0,selected_in_best_model,,,Ensemble,,,1.0,best_model,,,,,ModelParameters,ModelParameters.models.a28ec290170b13fd699d9f65cf8a8be5.TransformationParameters.transformations.0,MinMaxScaler
parameter_weights,,1.0,selected_in_best_model,,,Ensemble,,,1.0,best_model,,,,,ModelParameters,ModelParameters.models.a28ec290170b13fd699d9f65cf8a8be5.TransformationParameters.transformations.1,DifferencedTransformer
parameter_weights,,1.0,selected_in_best_model,,,Ensemble,,,1.0,best_model,,,,,ModelParameters,ModelParameters.models.a28ec290170b13fd699d9f65cf8a8be5.TransformationParameters.transformations.2,ConvolutionFilter
parameter_weights,,1.0,selected_in_best_model,,,Ensemble,,,1.0,best_model,,,,,ModelParameters,ModelParameters.models.a28ec290170b13fd699d9f65cf8a8be5.TransformationParameters.transformation_params.0,{}
parameter_weights,,1.0,selected_in_best_model,,,Ensemble,,,1.0,best_model,,,,,ModelParameters,ModelParameters.models.a28ec290170b13fd699d9f65cf8a8be5.TransformationParameters.transformation_params.1.lag,1
parameter_weights,,1.0,selected_in_best_model,,,Ensemble,,,1.0,best_model,,,,,ModelParameters,ModelParameters.models.a28ec290170b13fd699d9f65cf8a8be5.TransformationParameters.transformation_params.1.fill,bfill
parameter_weights,,1.0,selected_in_best_model,,,Ensemble,,,1.0,best_model,,,,,ModelParameters,ModelParameters.models.a28ec290170b13fd699d9f65cf8a8be5.TransformationParameters.transformation_params.2.weight[0],1.0
parameter_weights,,1.0,selected_in_best_model,,,Ensemble,,,1.0,best_model,,,,,ModelParameters,ModelParameters.models.a28ec290170b13fd699d9f65cf8a8be5.TransformationParameters.transformation_params.2.weight[1],0.5
parameter_weights,,1.0,selected_in_best_model,,,Ensemble,,,1.0,best_model,,,,,ModelParameters,ModelParameters.models.a28ec290170b13fd699d9f65cf8a8be5.TransformationParameters.transformation_params.2.weight[2],0.3333333333333333
parameter_weights,,1.0,selected_in_best_model,,,Ensemble,,,1.0,best_model,,,,,ModelParameters,ModelParameters.models.a28ec290170b13fd699d9f65cf8a8be5.TransformationParameters.transformation_params.2.weight[3],0.25
parameter_weights,,1.0,selected_in_best_model,,,Ensemble,,,1.0,best_model,,,,,ModelParameters,ModelParameters.models.a28ec290170b13fd699d9f65cf8a8be5.TransformationParameters.transformation_params.2.weight[4],0.2
parameter_weights,,1.0,selected_in_best_model,,,Ensemble,,,1.0,best_model,,,,,ModelParameters,ModelParameters.models.a28ec290170b13fd699d9f65cf8a8be5.TransformationParameters.transformation_params.2.weight[5],0.16666666666666666
parameter_weights,,1.0,selected_in_best_model,,,Ensemble,,,1.0,best_model,,,,,ModelParameters,ModelParameters.models.a28ec290170b13fd699d9f65cf8a8be5.TransformationParameters.transformation_params.2.weight[6],0.14285714285714285
parameter_weights,,1.0,selected_in_best_model,,,Ensemble,,,1.0,best_model,,,,,ModelParameters,ModelParameters.models.483bc03fb7d41bd6b09ed562ac44c517.Model,SeasonalityMotif
parameter_weights,,1.0,selected_in_best_model,,,Ensemble,,,1.0,best_model,,,,,ModelParameters,ModelParameters.models.483bc03fb7d41bd6b09ed562ac44c517.ModelParameters.window,30
parameter_weights,,1.0,selected_in_best_model,,,Ensemble,,,1.0,best_model,,,,,ModelParameters,ModelParameters.models.483bc03fb7d41bd6b09ed562ac44c517.ModelParameters.point_method,weighted_mean
parameter_weights,,1.0,selected_in_best_model,,,Ensemble,,,1.0,best_model,,,,,ModelParameters,ModelParameters.models.483bc03fb7d41bd6b09ed562ac44c517.ModelParameters.distance_metric,mqae
parameter_weights,,1.0,selected_in_best_model,,,Ensemble,,,1.0,best_model,,,,,ModelParameters,ModelParameters.models.483bc03fb7d41bd6b09ed562ac44c517.ModelParameters.k,15
parameter_weights,,1.0,selected_in_best_model,,,Ensemble,,,1.0,best_model,,,,,ModelParameters,ModelParameters.models.483bc03fb7d41bd6b09ed562ac44c517.ModelParameters.datepart_method,common_fourier
parameter_weights,,1.0,selected_in_best_model,,,Ensemble,,,1.0,best_model,,,,,ModelParameters,ModelParameters.models.483bc03fb7d41bd6b09ed562ac44c517.ModelParameters.independent,True
parameter_weights,,1.0,selected_in_best_model,,,Ensemble,,,1.0,best_model,,,,,ModelParameters,ModelParameters.models.483bc03fb7d41bd6b09ed562ac44c517.TransformationParameters.fillna,ffill
parameter_weights,,1.0,selected_in_best_model,,,Ensemble,,,1.0,best_model,,,,,ModelParameters,ModelParameters.models.483bc03fb7d41bd6b09ed562ac44c517.TransformationParameters.transformations.0,
parameter_weights,,1.0,selected_in_best_model,,,Ensemble,,,1.0,best_model,,,,,ModelParameters,ModelParameters.models.483bc03fb7d41bd6b09ed562ac44c517.TransformationParameters.transformation_params.0,{}
parameter_weights,,1.0,selected_in_best_model,,,Ensemble,,,1.0,best_model,,,,,ModelParameters,ModelParameters.model_weights,{}
parameter_weights,,1.0,selected_in_best_model,,,Ensemble,,,1.0,best_model,,,,,ModelParameters,ModelParameters.point_method,mean
parameter_weights,,1.0,selected_in_best_model,,,Ensemble,,,1.0,best_model,,,,,TransformationParameters,TransformationParameters,{}
