rank,ID,Model,ModelParameters,TransformationParameters,Ensemble,Runs,smape,mae,rmse,made,mage,custom,underestimate,mle,overestimate,imle,spl,containment,contour,maxe,oda,dwae,mqae,ewmae,uwmse,smoothness,mate,wasserstein,dwd,matse,smape_weighted,mae_weighted,rmse_weighted,made_weighted,mage_weighted,custom_weighted,mle_weighted,imle_weighted,spl_weighted,maxe_weighted,oda_weighted,dwae_weighted,mqae_weighted,ewmae_weighted,uwmse_weighted,smoothness_weighted,mate_weighted,wasserstein_weighted,dwd_weighted,matse_weighted,containment_weighted,contour_weighted,TotalRuntimeSeconds,Score,lowest_series_mape,lowest_series_mape_name,highest_series_mape,highest_series_mape_name
0,ce746f8cf775330304136278fd04d3dc,ARIMA,"{""p"": 0, ""d"": 2, ""q"": 0, ""regression_type"": null}","{""fillna"": ""mean"", ""transformations"": {""0"": ""DifferencedTransformer"", ""1"": ""DifferencedTransformer"", ""2"": ""Scaler"", ""3"": ""DifferencedTransformer""}, ""transformation_params"": {""0"": {""lag"": 1, ""fill"": ""zero""}, ""1"": {""lag"": 2, ""fill"": ""zero""}, ""2"": {}, ""3"": {""lag"": 1, ""fill"": ""bfill""}}}",0,1,192.3716611120206,5.261971648534139,5.36991855572481,1.176766590107005,5.261971648534139,0.0,-315.71829891204834,5.261971648534139,0.0,1.8117033945114398,714397.0813555397,1.0,0.55,6.628880023956299,0.8,4.989986760253569,5.0399236959569595,20.371622510906715,65.22311468650194,0.0835770704405671,315.71829891204834,321.0990230532545,19.641405373287895,0.9619942835121182,192.3716611120206,5.261971648534139,5.36991855572481,1.176766590107005,5.261971648534139,0.0,5.261971648534139,1.8117033945114398,714397.0813555397,6.628880023956299,0.8,4.989986760253569,5.0399236959569595,20.371622510906715,65.22311468650194,0.0835770704405671,315.71829891204834,321.0990230532545,19.641405373287895,0.9619942835121182,1.0,0.55,0.0424,11694595.153060973,78.74998370170337,Wh,78.74998370170337,Wh
1,398a1031a63bced79925a67aec182f08,ARIMA,"{""p"": 1, ""d"": 2, ""q"": 3, ""regression_type"": ""Holiday""}","{""fillna"": ""cubic"", ""transformations"": {""0"": ""DifferencedTransformer"", ""1"": ""DifferencedTransformer"", ""2"": ""DifferencedTransformer"", ""3"": ""DifferencedTransformer""}, ""transformation_params"": {""0"": {""lag"": 1, ""fill"": ""bfill""}, ""1"": {""lag"": 1, ""fill"": ""bfill""}, ""2"": {""lag"": 1, ""fill"": ""bfill""}, ""3"": {""lag"": 1, ""fill"": ""bfill""}}}",0,1,186.3616555312433,5.10131860536353,5.256940660912616,1.0610018529617533,5.10131860536353,0.0,-306.0791163218118,5.10131860536353,0.0,1.7720465293083527,237696.45627853737,1.0,0.55,6.628880023956299,0.8,4.858455182777342,4.850994427554937,20.192875006957618,62.68342082361598,0.05719011554588867,306.0791163218118,302.82944888043164,19.322484878302614,0.9326236750250876,186.3616555312433,5.10131860536353,5.256940660912616,1.0610018529617533,5.10131860536353,0.0,5.10131860536353,1.7720465293083527,237696.45627853737,6.628880023956299,0.8,4.858455182777342,4.850994427554937,20.192875006957618,62.68342082361598,0.05719011554588867,306.0791163218118,302.82944888043164,19.322484878302614,0.9326236750250876,1.0,0.55,0.7661,3891188.7447010158,76.34567114049091,Wh,76.34567114049091,Wh
2,ca1246a1122d0db4d92c4aa885de7a41,ARIMA,"{""p"": 1, ""d"": 0, ""q"": 1, ""regression_type"": null}","{""fillna"": ""ffill"", ""transformations"": {""0"": ""DifferencedTransformer"", ""1"": ""DifferencedTransformer"", ""2"": ""DifferencedTransformer"", ""3"": ""Scaler"", ""4"": ""DifferencedTransformer""}, ""transformation_params"": {""0"": {""lag"": 1, ""fill"": ""bfill""}, ""1"": {""lag"": 1, ""fill"": ""bfill""}, ""2"": {""lag"": 1, ""fill"": ""bfill""}, ""3"": {}, ""4"": {""lag"": 1, ""fill"": ""bfill""}}}",0,1,185.661838005714,5.086050274691191,5.247106313865906,1.0610018529617533,5.086050274691191,0.0,-305.16301648147146,5.086050274691191,0.0,1.7680237999492008,237257.95028807197,1.0,0.55,6.628880023956299,0.8,4.852856408024308,4.833031685587479,20.17514471081545,62.46499542467667,0.05361920199409969,305.16301648147146,301.12595925199753,19.292174941562415,0.9298323169930361,185.661838005714,5.086050274691191,5.247106313865906,1.0610018529617533,5.086050274691191,0.0,5.086050274691191,1.7680237999492008,237257.95028807197,6.628880023956299,0.8,4.852856408024308,4.833031685587479,20.17514471081545,62.46499542467667,0.05361920199409969,305.16301648147146,301.12595925199753,19.292174941562415,0.9298323169930361,1.0,0.55,0.1031,3884009.908107359,76.11716728834,Wh,76.11716728834,Wh
3,4975ae2a054cc1b48ce6396893a93190,ARIMA,"{""p"": 0, ""d"": 0, ""q"": 3, ""regression_type"": null}","{""fillna"": ""ffill"", ""transformations"": {""0"": ""DifferencedTransformer"", ""1"": ""DifferencedTransformer"", ""2"": ""DifferencedTransformer"", ""3"": ""DifferencedTransformer"", ""4"": ""Scaler""}, ""transformation_params"": {""0"": {""lag"": 1, ""fill"": ""bfill""}, ""1"": {""lag"": 7, ""fill"": ""bfill""}, ""2"": {""lag"": 1, ""fill"": ""bfill""}, ""3"": {""lag"": 1, ""fill"": ""zero""}, ""4"": {}}}",0,1,162.77825482429975,232.2501564154524,321.221985379168,24.838042999418295,232.2501564154524,0.0,0.0,4.647530354917996,13935.009384927145,232.2501564154524,183767.24322602936,1.0,0.45,750.7151011620878,0.2,451.546802503185,160.57635236924625,1479.5152642493738,354005.42119263083,0.40503224512716707,13935.009384927145,6797.833384578203,429.49871093907484,42.46000125802673,162.77825482429975,232.2501564154524,321.221985379168,24.838042999418295,232.2501564154524,0.0,4.647530354917996,232.2501564154524,183767.24322602936,750.7151011620878,0.2,451.546802503185,160.57635236924625,1479.5152642493738,354005.42119263083,0.40503224512716707,13935.009384927145,6797.833384578203,429.49871093907484,42.46000125802673,1.0,0.45,0.113,3010842.4136381582,3475.825651308861,Wh,3475.825651308861,Wh
4,43ae8b8ebb83c1e42c356ecdc3957550,WindowRegression,"{""window_size"": 16, ""input_dim"": ""univariate"", ""output_dim"": ""1step"", ""normalize_window"": false, ""max_windows"": 5000, ""fourier_encoding_components"": null, ""scale"": true, ""datepart_method"": null, ""regression_type"": null, ""regression_model"": {""model"": ""KNN"", ""model_params"": {""n_neighbors"": 5, ""weights"": ""uniform"", ""p"": 2, ""leaf_size"": 30}}}","{""fillna"": ""zero"", ""transformations"": {""0"": ""DifferencedTransformer"", ""1"": ""DifferencedTransformer"", ""2"": ""DifferencedTransformer"", ""3"": ""Scaler"", ""4"": ""DifferencedTransformer""}, ""transformation_params"": {""0"": {""lag"": 1, ""fill"": ""bfill""}, ""1"": {""lag"": 1, ""fill"": ""zero""}, ""2"": {""lag"": 1, ""fill"": ""bfill""}, ""3"": {}, ""4"": {""lag"": 1, ""fill"": ""zero""}}}",0,1,194.1527228595375,5.30024479230245,5.402844342958443,1.176766590107005,5.30024479230245,0.0,-318.014687538147,5.30024479230245,0.0,1.8175284708234578,165403.5894112595,1.0,0.55,6.628880023956299,0.8,4.9978725047675905,5.084950923919678,20.412878466368735,65.71980704083097,0.12325486206542244,318.014687538147,325.5113706121239,19.71850341840287,0.9689913842143634,194.1527228595375,5.30024479230245,5.402844342958443,1.176766590107005,5.30024479230245,0.0,5.30024479230245,1.8175284708234578,165403.5894112595,6.628880023956299,0.8,4.9978725047675905,5.084950923919678,20.412878466368735,65.71980704083097,0.12325486206542244,318.014687538147,325.5113706121239,19.71850341840287,0.9689913842143634,1.0,0.55,1.0924,2707790.9247983485,79.32277459631169,Wh,79.32277459631169,Wh
5,383a4217701ecd66eb042e500dc07144,DatepartRegression,"{""regression_model"": {""model"": ""RandomForest"", ""model_params"": {""n_estimators"": 100, ""min_samples_leaf"": 2, ""bootstrap"": true}}, ""datepart_method"": ""expanded"", ""polynomial_degree"": null, ""holiday_countries_used"": false, ""lags"": null, ""forward_lags"": null, ""regression_type"": null}","{""fillna"": ""ffill_mean_biased"", ""transformations"": {""0"": ""DifferencedTransformer"", ""1"": ""DifferencedTransformer"", ""2"": ""DifferencedTransformer"", ""3"": ""DifferencedTransformer""}, ""transformation_params"": {""0"": {""lag"": 1, ""fill"": ""bfill""}, ""1"": {""lag"": 7, ""fill"": ""bfill""}, ""2"": {""lag"": 2, ""fill"": ""bfill""}, ""3"": {""lag"": 1, ""fill"": ""bfill""}}}",0,1,183.549900465363,13918.929075564984,22883.02023221071,2171.5944053833164,13918.929075564984,0.0,0.0,7.704463375155513,835135.744533899,13918.929075564984,144840.39223961966,1.0,0.45,65635.1514392072,0.2,32236.284243000744,7439.5016064821675,99935.8837261869,2179753055.031827,4.281986406228502,835135.744533899,297839.16801871033,27599.61842640772,2544.6602714087685,183.549900465363,13918.929075564984,22883.02023221071,2171.5944053833164,13918.929075564984,0.0,7.704463375155513,13918.929075564984,144840.39223961966,65635.1514392072,0.2,32236.284243000744,7439.5016064821675,99935.8837261869,2179753055.031827,4.281986406228502,835135.744533899,297839.16801871033,27599.61842640772,2544.6602714087685,1.0,0.45,0.2702,2535391.460805607,208308.88325885602,Wh,208308.88325885602,Wh
6,79144a00eca91731754f0dce50c7da96,WindowRegression,"{""window_size"": 20, ""input_dim"": ""univariate"", ""output_dim"": ""forecast_length"", ""normalize_window"": false, ""max_windows"": 5000000, ""fourier_encoding_components"": null, ""scale"": false, ""datepart_method"": null, ""regression_type"": null, ""regression_model"": {""model"": ""ElasticNet"", ""model_params"": {""l1_ratio"": 0.1, ""fit_intercept"": true, ""selection"": ""cyclic"", ""max_iter"": 200}}}","{""fillna"": ""ffill"", ""transformations"": {""0"": ""Scaler"", ""1"": ""DifferencedTransformer"", ""2"": ""DifferencedTransformer"", ""3"": ""Scaler"", ""4"": ""DifferencedTransformer"", ""5"": ""DifferencedTransformer""}, ""transformation_params"": {""0"": {}, ""1"": {""lag"": 1, ""fill"": ""bfill""}, ""2"": {""lag"": 1, ""fill"": ""bfill""}, ""3"": {}, ""4"": {""lag"": 7, ""fill"": ""bfill""}, ""5"": {""lag"": 1, ""fill"": ""bfill""}}}",0,1,173.77463667114588,4.754954290257936,5.062346879396766,1.1915195217040087,4.754954290257936,0.0,-282.95607856509855,4.745909226983329,2.3411788503776023,1.671422347994646,136445.78979852246,1.0,0.5166666666666667,6.628880023956299,0.7833333333333333,4.5996922321099865,4.446293082736339,19.7673480506059,58.963545808775606,0.09763161628892074,280.61489971472093,256.7390479174734,17.435515991615926,0.8550341564746918,173.77463667114588,4.754954290257936,5.062346879396766,1.1915195217040087,4.754954290257936,0.0,4.745909226983329,1.671422347994646,136445.78979852246,6.628880023956299,0.7833333333333333,4.5996922321099865,4.446293082736339,19.7673480506059,58.963545808775606,0.09763161628892074,280.61489971472093,256.7390479174734,17.435515991615926,0.8550341564746918,1.0,0.5166666666666667,0.022,2233742.8704785476,71.1620278236335,Wh,71.1620278236335,Wh
7,62956b28cc3f134cf843af5842fc3a48,ARIMA,"{""p"": 7, ""d"": 2, ""q"": 0, ""regression_type"": null}","{""fillna"": ""rolling_mean"", ""transformations"": {""0"": ""Scaler"", ""1"": ""DifferencedTransformer"", ""2"": ""DifferencedTransformer"", ""3"": ""DifferencedTransformer""}, ""transformation_params"": {""0"": {}, ""1"": {""lag"": 2, ""fill"": ""zero""}, ""2"": {""lag"": 1, ""fill"": ""bfill""}, ""3"": {""lag"": 1, ""fill"": ""zero""}}}",0,1,190.40701505340323,5.35446333047494,5.417242418494331,1.5496963301635998,5.35446333047494,0.0,-305.6034423467647,5.183865912153211,15.664357481731674,2.010695450687528,17162.180086914694,0.9833333333333333,0.5666666666666667,6.628880023956299,0.7833333333333333,5.031199541830868,5.148811751215419,20.458136155699915,111.19486281967446,0.2622063210235435,289.939084865033,274.8230654051989,14.696960976439724,0.8834449671369765,190.40701505340323,5.35446333047494,5.417242418494331,1.5496963301635998,5.35446333047494,0.0,5.183865912153211,2.010695450687528,17162.180086914694,6.628880023956299,0.7833333333333333,5.031199541830868,5.148811751215419,20.458136155699915,111.19486281967446,0.2622063210235435,289.939084865033,274.8230654051989,14.696960976439724,0.8834449671369765,0.9833333333333333,0.5666666666666667,0.1218,281134.79441022506,80.13420219087183,Wh,80.13420219087183,Wh
8,e2f60e4aac640a820edc51c2793c699b,RollingRegression,"{""regression_model"": {""model"": ""Adaboost"", ""model_params"": {""n_estimators"": 50, ""loss"": ""exponential"", ""estimator"": null, ""learning_rate"": 0.8, ""max_depth"": 3}}, ""holiday"": false, ""mean_rolling_periods"": 12, ""macd_periods"": null, ""std_rolling_periods"": null, ""max_rolling_periods"": null, ""min_rolling_periods"": null, ""ewm_var_alpha"": null, ""quantile90_rolling_periods"": null, ""quantile10_rolling_periods"": null, ""ewm_alpha"": null, ""additional_lag_periods"": 11, ""abs_energy"": false, ""rolling_autocorr_periods"": null, ""nonzero_last_n"": null, ""add_date_part"": null, ""polynomial_degree"": null, ""x_transform"": null, ""regression_type"": null}","{""fillna"": ""ffill"", ""transformations"": {""0"": ""DifferencedTransformer"", ""1"": ""DifferencedTransformer"", ""2"": ""Scaler"", ""3"": ""DifferencedTransformer"", ""4"": ""Scaler"", ""5"": ""Scaler""}, ""transformation_params"": {""0"": {""lag"": 1, ""fill"": ""bfill""}, ""1"": {""lag"": 1, ""fill"": ""zero""}, ""2"": {}, ""3"": {""lag"": 1, ""fill"": ""bfill""}, ""4"": {}, ""5"": {}}}",0,1,185.44828762635655,5884.620107333516,8783.057559352015,741.0006610709536,5884.620107333516,0.0,0.0,7.355542509830275,353077.206440011,5884.620107333516,11981.92710970778,1.0,0.45,22396.30498465933,0.2,12365.35264316256,3678.212583650707,39683.34490387723,285904106.0931457,2.9620678942617507,353077.206440011,149709.5483955964,11650.304660268992,1075.826948910362,185.44828762635655,5884.620107333516,8783.057559352015,741.0006610709536,5884.620107333516,0.0,7.355542509830275,5884.620107333516,11981.92710970778,22396.30498465933,0.2,12365.35264316256,3678.212583650707,39683.34490387723,285904106.0931457,2.9620678942617507,353077.206440011,149709.5483955964,11650.304660268992,1075.826948910362,1.0,0.45,0.6142,262468.83945745043,88068.45959961157,Wh,88068.45959961157,Wh
9,e8dddaecc9009461362944ff461ae86f,ARIMA,"{""p"": 1, ""d"": 2, ""q"": 7, ""regression_type"": null}","{""fillna"": ""mean"", ""transformations"": {""0"": ""DifferencedTransformer"", ""1"": ""DifferencedTransformer"", ""2"": ""DifferencedTransformer"", ""3"": ""Scaler""}, ""transformation_params"": {""0"": {""lag"": 7, ""fill"": ""zero""}, ""1"": {""lag"": 1, ""fill"": ""bfill""}, ""2"": {""lag"": 1, ""fill"": ""bfill""}, ""3"": {}}}",0,1,185.10790875389455,308.80687139552145,398.47747114000265,30.0934019594264,308.80687139552145,0.0,0.0,5.345382994786439,18528.412283731286,308.80687139552145,11914.088352838593,0.95,0.45,909.5552051669792,0.2,558.0495124568466,226.76908471352945,1857.2852905516243,535536.6373898593,0.7503096791446903,18528.412283731286,10460.6269936427,581.4753243541238,56.4561090089701,185.10790875389455,308.80687139552145,398.47747114000265,30.0934019594264,308.80687139552145,0.0,5.345382994786439,308.80687139552145,11914.088352838593,909.5552051669792,0.2,558.0495124568466,226.76908471352945,1857.2852905516243,535536.6373898593,0.7503096791446903,18528.412283731286,10460.6269936427,581.4753243541238,56.4561090089701,0.95,0.45,0.5781,198424.71776038295,4621.563496288676,Wh,4621.563496288676,Wh
10,06ebf1060b9d7f240e0719d6aba34dc7,RollingRegression,"{""regression_model"": {""model"": ""ExtraTrees"", ""model_params"": {""n_estimators"": 100, ""min_samples_leaf"": 1, ""max_depth"": 10}}, ""holiday"": false, ""mean_rolling_periods"": null, ""macd_periods"": null, ""std_rolling_periods"": null, ""max_rolling_periods"": 420, ""min_rolling_periods"": 7, ""ewm_var_alpha"": null, ""quantile90_rolling_periods"": null, ""quantile10_rolling_periods"": null, ""ewm_alpha"": null, ""additional_lag_periods"": 363, ""abs_energy"": false, ""rolling_autocorr_periods"": null, ""nonzero_last_n"": null, ""add_date_part"": ""simple_binarized"", ""polynomial_degree"": null, ""x_transform"": null, ""regression_type"": null}","{""fillna"": ""ffill"", ""transformations"": {""0"": ""DifferencedTransformer"", ""1"": ""DifferencedTransformer"", ""2"": ""DifferencedTransformer"", ""3"": ""Scaler""}, ""transformation_params"": {""0"": {""lag"": 1, ""fill"": ""zero""}, ""1"": {""lag"": 1, ""fill"": ""bfill""}, ""2"": {""lag"": 1, ""fill"": ""zero""}, ""3"": {}}}",0,1,161.4119001073664,479.02257374032604,724.6938269105108,61.976690618825025,479.02257374032604,0.0,-0.978270160788294,4.967324258112541,28740.37615425877,479.0188689553707,11574.94605078779,1.0,0.45,1871.6377169195787,0.21666666666666667,1020.40327423358,293.0802037895658,3259.9902282563194,1969768.7820008157,0.9487998844500982,28739.39788409798,11919.752761603562,922.7975883215862,87.56900240294391,161.4119001073664,479.02257374032604,724.6938269105108,61.976690618825025,479.02257374032604,0.0,4.967324258112541,479.0188689553707,11574.94605078779,1871.6377169195787,0.21666666666666667,1020.40327423358,293.0802037895658,3259.9902282563194,1969768.7820008157,0.9487998844500982,28739.39788409798,11919.752761603562,922.7975883215862,87.56900240294391,1.0,0.45,2.1241,195023.6392892015,7168.989571676507,Wh,7168.989571676507,Wh
11,82da09a5afe33a77d6fe8e1c8e172775,ARIMA,"{""p"": 1, ""d"": 0, ""q"": 1, ""regression_type"": null}","{""fillna"": ""zero"", ""transformations"": {""0"": ""DifferencedTransformer"", ""1"": ""DifferencedTransformer"", ""2"": ""Scaler"", ""3"": ""Scaler"", ""4"": ""DifferencedTransformer""}, ""transformation_params"": {""0"": {""lag"": 1, ""fill"": ""one""}, ""1"": {""lag"": 1, ""fill"": ""bfill""}, ""2"": {}, ""3"": {}, ""4"": {""lag"": 1, ""fill"": ""bfill""}}}",0,1,125.15973367430946,37.38830670695352,48.89917283534463,3.574210175109086,37.38830670695352,0.0,0.0,3.1128717335665548,2243.2984024172115,37.38830670695352,11243.743064019012,1.0,0.45,104.32341176171771,0.2,68.65474808341992,27.76234536328594,227.22904049480567,7627.456649849753,0.053791737971499186,2243.2984024172115,1208.381182424716,43.132678537115325,6.835334685299327,125.15973367430946,37.38830670695352,48.89917283534463,3.574210175109086,37.38830670695352,0.0,3.1128717335665548,37.38830670695352,11243.743064019012,104.32341176171771,0.2,68.65474808341992,27.76234536328594,227.22904049480567,7627.456649849753,0.053791737971499186,2243.2984024172115,1208.381182424716,43.132678537115325,6.835334685299327,1.0,0.45,0.3634,184547.0111495421,559.5485381657458,Wh,559.5485381657458,Wh
12,1c5d8b743bdc54c837fcab33f5f010cf,ARIMA,"{""p"": 4, ""d"": 0, ""q"": 1, ""regression_type"": null}","{""fillna"": ""cubic"", ""transformations"": {""0"": ""Scaler"", ""1"": ""DifferencedTransformer"", ""2"": ""DifferencedTransformer"", ""3"": ""DifferencedTransformer""}, ""transformation_params"": {""0"": {}, ""1"": {""lag"": 1, ""fill"": ""bfill""}, ""2"": {""lag"": 1, ""fill"": ""zero""}, ""3"": {""lag"": 1, ""fill"": ""zero""}}}",0,1,114.68249485559113,22.625585264208162,28.057953562629773,2.0423823223909836,22.625585264208162,0.0,0.0,2.805607741871868,1357.5351158524898,22.625585264208162,10437.897726019339,1.0,0.45,55.747488376955864,0.2,39.30655422850885,17.762254788299153,130.93969800997084,2385.558197063684,0.025304541799594436,1357.5351158524898,807.3761551537876,13.713643054591397,4.136412192822756,114.68249485559113,22.625585264208162,28.057953562629773,2.0423823223909836,22.625585264208162,0.0,2.805607741871868,22.625585264208162,10437.897726019339,55.747488376955864,0.2,39.30655422850885,17.762254788299153,130.93969800997084,2385.558197063684,0.025304541799594436,1357.5351158524898,807.3761551537876,13.713643054591397,4.136412192822756,1.0,0.45,0.1032,171186.05912593813,338.61156802208353,Wh,338.61156802208353,Wh
13,7ff04600ee6d23a557e87c705f35b966,ARIMA,"{""p"": 1, ""d"": 0, ""q"": 1, ""regression_type"": null}","{""fillna"": ""mean"", ""transformations"": {""0"": ""DifferencedTransformer"", ""1"": ""DifferencedTransformer"", ""2"": ""DifferencedTransformer"", ""3"": ""Scaler""}, ""transformation_params"": {""0"": {""lag"": 1, ""fill"": ""bfill""}, ""1"": {""lag"": 1, ""fill"": ""bfill""}, ""2"": {""lag"": 1, ""fill"": ""bfill""}, ""3"": {}}}",0,1,150.49541150069706,4.159289390515518,4.561666420853898,1.0769069514137584,4.159289390515518,0.0,-245.85167599994958,4.141362966245826,3.7056874309814996,1.550231579383376,10398.355421858187,1.0,0.55,6.628880023956299,0.8,3.85293319002277,3.820212061961339,18.828326678243158,49.03403579709607,0.027796994245567225,242.14598856896808,195.10908114435804,19.307673817343805,0.7378193078495917,150.49541150069706,4.159289390515518,4.561666420853898,1.0769069514137584,4.159289390515518,0.0,4.141362966245826,1.550231579383376,10398.355421858187,6.628880023956299,0.8,3.85293319002277,3.820212061961339,18.828326678243158,49.03403579709607,0.027796994245567225,242.14598856896808,195.10908114435804,19.307673817343805,0.7378193078495917,1.0,0.55,0.1125,170372.92434465396,62.2473843630478,Wh,62.2473843630478,Wh
14,b28e0fdc501ebcfabb4c3efc39c6733f,ARIMA,"{""p"": 1, ""d"": 0, ""q"": 3, ""regression_type"": null}","{""fillna"": ""ffill"", ""transformations"": {""0"": ""Scaler"", ""1"": ""Scaler"", ""2"": ""DifferencedTransformer"", ""3"": ""DifferencedTransformer"", ""4"": ""DifferencedTransformer""}, ""transformation_params"": {""0"": {}, ""1"": {}, ""2"": {""lag"": 1, ""fill"": ""bfill""}, ""3"": {""lag"": 1, ""fill"": ""bfill""}, ""4"": {""lag"": 7, ""fill"": ""bfill""}}}",0,1,183.8500623702649,1015.6788948580254,1351.9677093228058,97.6065607266885,1015.6788948580254,0.0,0.0,6.153700856340858,60940.733691481524,1015.6788948580254,8817.879809624723,1.0,0.45,2950.1003405032957,0.2,1897.8166468034378,739.9157375891872,6267.640722327775,5932086.713322733,0.9617188233249054,60940.733691481524,31735.623840298882,1984.7227896044603,185.6865365303739,183.8500623702649,1015.6788948580254,1351.9677093228058,97.6065607266885,1015.6788948580254,0.0,6.153700856340858,1015.6788948580254,8817.879809624723,2950.1003405032957,0.2,1897.8166468034378,739.9157375891872,6267.640722327775,5932086.713322733,0.9617188233249054,60940.733691481524,31735.623840298882,1984.7227896044603,185.6865365303739,1.0,0.45,0.2284,155324.81952433896,15200.518314939123,Wh,15200.518314939123,Wh
15,d7f25438786c2cd51ab96ea7f8facb04,ARIMA,"{""p"": 7, ""d"": 0, ""q"": 3, ""regression_type"": null}","{""fillna"": ""rolling_mean_24"", ""transformations"": {""0"": ""Scaler"", ""1"": ""DifferencedTransformer"", ""2"": ""DifferencedTransformer"", ""3"": ""DifferencedTransformer"", ""4"": ""Scaler""}, ""transformation_params"": {""0"": {}, ""1"": {""lag"": 7, ""fill"": ""zero""}, ""2"": {""lag"": 1, ""fill"": ""bfill""}, ""3"": {""lag"": 1, ""fill"": ""bfill""}, ""4"": {}}}",0,1,155.07320329087466,37.90256905827255,38.001110723896005,2.1544640737170586,37.90256905827255,0.0,0.0,3.658610430392254,2274.154143496353,37.90256905827255,8766.619075506394,0.95,0.48333333333333334,43.30810816016695,0.2,49.021433122928045,37.1330293806362,155.8840527650265,4701.013126881583,0.4853069306887185,2274.154143496353,2204.052958212986,44.387973349372054,6.929352189618686,155.07320329087466,37.90256905827255,38.001110723896005,2.1544640737170586,37.90256905827255,0.0,3.658610430392254,37.90256905827255,8766.619075506394,43.30810816016695,0.2,49.021433122928045,37.1330293806362,155.8840527650265,4701.013126881583,0.4853069306887185,2274.154143496353,2204.052958212986,44.387973349372054,6.929352189618686,0.95,0.48333333333333334,2.2294,143990.2570866648,567.2449216679364,Wh,567.2449216679364,Wh
16,255f0500bc21591ec5e40a6b469eee8b,WindowRegression,"{""window_size"": 20, ""input_dim"": ""univariate"", ""output_dim"": ""forecast_length"", ""normalize_window"": false, ""max_windows"": 5000000, ""fourier_encoding_components"": null, ""scale"": false, ""datepart_method"": null, ""regression_type"": null, ""regression_model"": {""model"": ""ElasticNet"", ""model_params"": {""l1_ratio"": 0.1, ""fit_intercept"": true, ""selection"": ""cyclic"", ""max_iter"": 200}}}","{""fillna"": ""linear"", ""transformations"": {""0"": ""DifferencedTransformer"", ""1"": ""Scaler"", ""2"": ""Scaler"", ""3"": ""DifferencedTransformer"", ""4"": ""DifferencedTransformer""}, ""transformation_params"": {""0"": {""lag"": 1, ""fill"": ""zero""}, ""1"": {}, ""2"": {}, ""3"": {""lag"": 1, ""fill"": ""zero""}, ""4"": {""lag"": 1, ""fill"": ""zero""}}}",0,1,163.12557486113533,4.500683861531568,4.823425469186121,1.098402156704005,4.500683861531568,0.0,-264.43166170097356,4.471960255343778,5.609369990920525,1.6511097201880944,7591.152752762692,1.0,0.55,6.628880023956299,0.7833333333333333,4.257344768638702,4.1700308060619795,19.387218778016436,54.06062541015691,0.13501314142722334,258.82229171005304,220.9926271080331,16.484649191221436,0.7886320366243277,163.12557486113533,4.500683861531568,4.823425469186121,1.098402156704005,4.500683861531568,0.0,4.471960255343778,1.6511097201880944,7591.152752762692,6.628880023956299,0.7833333333333333,4.257344768638702,4.1700308060619795,19.387218778016436,54.06062541015691,0.13501314142722334,258.82229171005304,220.9926271080331,16.484649191221436,0.7886320366243277,1.0,0.55,0.0178,124432.78949869257,67.35664963927844,Wh,67.35664963927844,Wh
17,5dc395439d34f6c586f5436b6b118bf4,ARIMA,"{""p"": 1, ""d"": 1, ""q"": 7, ""regression_type"": null}","{""fillna"": ""ffill"", ""transformations"": {""0"": ""DifferencedTransformer"", ""1"": ""DifferencedTransformer"", ""2"": ""DifferencedTransformer"", ""3"": ""Scaler""}, ""transformation_params"": {""0"": {""lag"": 2, ""fill"": ""bfill""}, ""1"": {""lag"": 1, ""fill"": ""bfill""}, ""2"": {""lag"": 1, ""fill"": ""zero""}, ""3"": {}}}",0,1,151.63269655761889,79.69815617879256,106.3077132032088,8.181721211107225,79.69815617879256,0.0,0.0,3.9024909408548325,4781.889370727554,79.69815617879256,7216.959646301476,0.9833333333333333,0.45,245.03740410861712,0.2,149.26573950715607,56.89781156133919,492.92434420939566,38371.68340929778,0.2379884595418099,4781.889370727554,2525.814323147302,126.66000669614624,14.57042640505535,151.63269655761889,79.69815617879256,106.3077132032088,8.181721211107225,79.69815617879256,0.0,3.9024909408548325,79.69815617879256,7216.959646301476,245.03740410861712,0.2,149.26573950715607,56.89781156133919,492.92434420939566,38371.68340929778,0.2379884595418099,4781.889370727554,2525.814323147302,126.66000669614624,14.57042640505535,0.9833333333333333,0.45,0.9128,119106.13457443265,1192.752245611991,Wh,1192.752245611991,Wh
18,dfb635e2ec4b748686564b890a17f903,WindowRegression,"{""window_size"": 10, ""input_dim"": ""univariate"", ""output_dim"": ""1step"", ""normalize_window"": false, ""max_windows"": 5000000, ""fourier_encoding_components"": null, ""scale"": true, ""datepart_method"": null, ""regression_type"": null, ""regression_model"": {""model"": ""HistGradientBoost"", ""model_params"": {""loss"": ""squared_error"", ""learning_rate"": 0.01, ""max_depth"": 20, ""min_samples_leaf"": 20, ""max_iter"": 250, ""l2_regularization"": 0}}}","{""fillna"": ""cubic"", ""transformations"": {""0"": ""DifferencedTransformer"", ""1"": ""DifferencedTransformer"", ""2"": ""DifferencedTransformer""}, ""transformation_params"": {""0"": {""lag"": 1, ""fill"": ""bfill""}, ""1"": {""lag"": 1, ""fill"": ""zero""}, ""2"": {""lag"": 1, ""fill"": ""zero""}}}",0,1,158.77472844421138,586.1470661622044,861.0184088926386,70.05217960201483,586.1470661622044,0.0,-0.23785795490397632,5.061403545044805,35168.58611177736,586.1466582367914,6631.08725789123,1.0,0.4666666666666667,2113.4662092218036,0.2,1212.006318050436,376.38465936396017,3909.056068742972,2653983.583024752,0.929157267054442,35168.348253822456,15273.064965531086,1134.7638092757297,107.15802694149608,158.77472844421138,586.1470661622044,861.0184088926386,70.05217960201483,586.1470661622044,0.0,5.061403545044805,586.1466582367914,6631.08725789123,2113.4662092218036,0.2,1212.006318050436,376.38465936396017,3909.056068742972,2653983.583024752,0.929157267054442,35168.348253822456,15273.064965531086,1134.7638092757297,107.15802694149608,1.0,0.4666666666666667,0.8064,115211.19080519646,8772.200800423103,Wh,8772.200800423103,Wh
19,35a8f374b3a266cc7f1aa312fa8f575c,WindowRegression,"{""window_size"": 20, ""input_dim"": ""univariate"", ""output_dim"": ""forecast_length"", ""normalize_window"": false, ""max_windows"": 5000000, ""fourier_encoding_components"": null, ""scale"": false, ""datepart_method"": null, ""regression_type"": null, ""regression_model"": {""model"": ""ElasticNet"", ""model_params"": {""l1_ratio"": 0.1, ""fit_intercept"": true, ""selection"": ""cyclic"", ""max_iter"": 200}}}","{""fillna"": ""mean"", ""transformations"": {""0"": ""DifferencedTransformer"", ""1"": ""DifferencedTransformer"", ""2"": ""DifferencedTransformer""}, ""transformation_params"": {""0"": {""lag"": 1, ""fill"": ""zero""}, ""1"": {""lag"": 1, ""fill"": ""zero""}, ""2"": {""lag"": 2, ""fill"": ""bfill""}}}",0,1,135.58167499760984,48.915686007943876,63.000317979219524,4.427072811776205,48.915686007943876,0.0,-0.023738936783465725,3.396244603986744,2934.917421539849,48.91568138482358,5770.486167068156,1.0,0.45,132.0502024092526,0.2,88.352321043531,36.89387153785759,293.29777566099585,12494.55385942514,0.4308236109756063,2934.8936826030654,1626.5879008317027,65.55216566177998,8.94262687689983,135.58167499760984,48.915686007943876,63.000317979219524,4.427072811776205,48.915686007943876,0.0,3.396244603986744,48.91568138482358,5770.486167068156,132.0502024092526,0.2,88.352321043531,36.89387153785759,293.29777566099585,12494.55385942514,0.4308236109756063,2934.8936826030654,1626.5879008317027,65.55216566177998,8.94262687689983,1.0,0.45,0.0184,95078.62556048678,732.0657983697663,Wh,732.0657983697663,Wh
20,cef7575229ea7f17dc74586bf445982d,DatepartRegression,"{""regression_model"": {""model"": ""RadiusNeighbors"", ""model_params"": {""radius"": 10.0, ""weights"": ""distance"", ""algorithm"": ""ball_tree"", ""leaf_size"": 50, ""p"": 1, ""metric"": ""minkowski""}}, ""datepart_method"": ""simple_binarized"", ""polynomial_degree"": null, ""holiday_countries_used"": false, ""lags"": null, ""forward_lags"": null, ""regression_type"": null}","{""fillna"": ""fake_date"", ""transformations"": {""0"": ""Scaler"", ""1"": ""Scaler""}, ""transformation_params"": {""0"": {}, ""1"": {}}}",0,4,64.55548094967912,2872.9983818524474,4440.678448465896,103.14388952971285,2872.9983818524474,0.0,-6.511804891731176,2.5840399483317658,689513.0998396956,2872.995009350872,1284.7234781175168,0.5375,0.5,46794.25251085118,0.15416666666666667,2348.2459903029453,1708.559268278485,19846.921386379287,79859104.98154923,0.9468322912745583,172376.647008701,18139.49907194051,1521.8222580094773,370.3055953949999,64.55548094967912,2872.9983818524474,4440.678448465896,103.14388952971285,2872.9983818524474,0.0,2.5840399483317658,2872.995009350872,1284.7234781175168,46794.25251085118,0.15416666666666667,2348.2459903029453,1708.559268278485,19846.921386379287,79859104.98154923,0.9468322912745583,172376.647008701,18139.49907194051,1521.8222580094773,370.3055953949999,0.5375,0.5,0.1137,53403.40154471581,171872.39470075906,Wh,171872.39470075906,Wh
21,f8bcfd6de0cb20b53b217ba53bbca351,ARIMA,"{""p"": 1, ""d"": 3, ""q"": 0, ""regression_type"": null}","{""fillna"": ""cubic"", ""transformations"": {""0"": ""Scaler"", ""1"": ""Scaler""}, ""transformation_params"": {""0"": {}, ""1"": {}}}",0,1,185.0902163783082,5.071798668292904,5.238849337838701,1.0610018529617533,5.071798668292904,0.0,-304.30792009757425,5.071798668292904,0.0,1.7639001825297578,789.7526968531425,1.0,0.55,6.628880023956299,0.8,4.847730001763444,4.816265089824789,20.158677536186214,62.27617084104296,0.051453137857902335,304.30792009757425,299.5321880895257,19.263883355687813,0.9272268366138638,185.0902163783082,5.071798668292904,5.238849337838701,1.0610018529617533,5.071798668292904,0.0,5.071798668292904,1.7639001825297578,789.7526968531425,6.628880023956299,0.8,4.847730001763444,4.816265089824789,20.158677536186214,62.27617084104296,0.051453137857902335,304.30792009757425,299.5321880895257,19.263883355687813,0.9272268366138638,1.0,0.55,0.0238,13118.643910831603,75.90387959951316,Wh,75.90387959951316,Wh
22,f671d8fd60c59554710956ff35db7d41,WindowRegression,"{""window_size"": 20, ""input_dim"": ""univariate"", ""output_dim"": ""1step"", ""normalize_window"": false, ""max_windows"": 50000, ""fourier_encoding_components"": 2, ""scale"": true, ""datepart_method"": null, ""regression_type"": null, ""regression_model"": {""model"": ""RANSAC"", ""model_params"": {}}}","{""fillna"": ""cubic"", ""transformations"": {""0"": ""Scaler"", ""1"": ""Scaler"", ""2"": ""DifferencedTransformer"", ""3"": ""DifferencedTransformer"", ""4"": ""Scaler""}, ""transformation_params"": {""0"": {}, ""1"": {}, ""2"": {""lag"": 1, ""fill"": ""zero""}, ""3"": {""lag"": 1, ""fill"": ""bfill""}, ""4"": {}}}",0,1,161.13840734259037,468.7714096520072,638.4306744553568,46.09460050194011,468.7714096520072,0.0,-8.27375225425238,5.110351031394499,28118.01082686618,468.7130937344289,392.6643172906686,1.0,0.48333333333333334,1375.2452278261017,0.18333333333333332,897.1685060032653,338.2510693915232,2944.2919678513745,1309741.124971755,1.139443001196443,28109.737074611927,13899.357890621137,937.8240757751822,85.65042466651077,161.13840734259037,468.7714096520072,638.4306744553568,46.09460050194011,468.7714096520072,0.0,5.110351031394499,468.7130937344289,392.6643172906686,1375.2452278261017,0.18333333333333332,897.1685060032653,338.2510693915232,2944.2919678513745,1309741.124971755,1.139443001196443,28109.737074611927,13899.357890621137,937.8240757751822,85.65042466651077,1.0,0.48333333333333334,0.3159,11602.360765941152,7015.571982453371,Wh,7015.571982453371,Wh
23,dc173f5654f29f535d43323172847f3d,ARIMA,"{""p"": 2, ""d"": 1, ""q"": 7, ""regression_type"": ""Holiday""}","{""fillna"": ""ffill"", ""transformations"": {""0"": ""DifferencedTransformer"", ""1"": ""Scaler"", ""2"": ""DifferencedTransformer""}, ""transformation_params"": {""0"": {""lag"": 1, ""fill"": ""bfill""}, ""1"": {}, ""2"": {""lag"": 2, ""fill"": ""bfill""}}}",0,1,158.24386245338792,110.00488273026642,140.84541919758135,9.76662054904122,110.00488273026642,0.0,0.0,4.1854215581638465,6600.292963815985,110.00488273026642,561.6909047157167,1.0,0.45,295.19030680705873,0.2,197.31964712197544,83.39784981990069,656.1978974120059,62444.845801862095,0.13223584389331602,6600.292963815985,3699.2157488144844,186.8234249696191,20.111105762878314,158.24386245338792,110.00488273026642,140.84541919758135,9.76662054904122,110.00488273026642,0.0,4.1854215581638465,110.00488273026642,561.6909047157167,295.19030680705873,0.2,197.31964712197544,83.39784981990069,656.1978974120059,62444.845801862095,0.13223584389331602,6600.292963815985,3699.2157488144844,186.8234249696191,20.111105762878314,1.0,0.45,2.7104,10469.965445670994,1646.3187756873501,Wh,1646.3187756873501,Wh
24,38662a0463074b7f5ff99c74251adace,ARIMA,"{""p"": 3, ""d"": 1, ""q"": 4, ""regression_type"": null}","{""fillna"": ""rolling_mean"", ""transformations"": {""0"": ""Scaler"", ""1"": ""DifferencedTransformer"", ""2"": ""DifferencedTransformer""}, ""transformation_params"": {""0"": {}, ""1"": {""lag"": 1, ""fill"": ""bfill""}, ""2"": {""lag"": 7, ""fill"": ""bfill""}}}",0,1,161.9088378264996,177.62149878427417,235.31186689728602,16.89831367277004,177.62149878427417,0.0,0.0,4.501618658874445,10657.28992705645,177.62149878427417,505.8297132059333,1.0,0.45,510.7414967684592,0.2,330.2912626428704,130.04700037204157,1091.66307316365,178966.72317240038,0.24005654375487478,10657.28992705645,5601.322677565831,321.05259508420727,32.47278356334873,161.9088378264996,177.62149878427417,235.31186689728602,16.89831367277004,177.62149878427417,0.0,4.501618658874445,177.62149878427417,505.8297132059333,510.7414967684592,0.2,330.2912626428704,130.04700037204157,1091.66307316365,178966.72317240038,0.24005654375487478,10657.28992705645,5601.322677565831,321.05259508420727,32.47278356334873,1.0,0.45,2.0699,10295.32327940733,2658.260262240363,Wh,2658.260262240363,Wh
25,df7014358193e669ee1fc99e83f8b6e6,ARIMA,"{""p"": 2, ""d"": 1, ""q"": 1, ""regression_type"": null}","{""fillna"": ""akima"", ""transformations"": {""0"": ""Scaler"", ""1"": ""DifferencedTransformer"", ""2"": ""Scaler"", ""3"": ""DifferencedTransformer""}, ""transformation_params"": {""0"": {}, ""1"": {""lag"": 1, ""fill"": ""bfill""}, ""2"": {}, ""3"": {""lag"": 2, ""fill"": ""bfill""}}}",0,1,139.65085843975496,47.298392256443115,58.80595460379879,3.9461608438895297,47.298392256443115,0.0,0.0,3.4713513550250577,2837.903535386587,47.298392256443115,584.2975988435785,1.0,0.45,117.68022608207535,0.2,82.2546673910909,37.021495502428614,274.45360573156535,10530.787898760882,0.04800486380465719,2837.903535386587,1678.7852843006544,62.34159390051263,8.647097705797703,139.65085843975496,47.298392256443115,58.80595460379879,3.9461608438895297,47.298392256443115,0.0,3.4713513550250577,47.298392256443115,584.2975988435785,117.68022608207535,0.2,82.2546673910909,37.021495502428614,274.45360573156535,10530.787898760882,0.04800486380465719,2837.903535386587,1678.7852843006544,62.34159390051263,8.647097705797703,1.0,0.45,0.0561,10161.639154190145,707.8615903126911,Wh,707.8615903126911,Wh
26,beecfbd494ea6f3d669b6509198e6598,RollingRegression,"{""regression_model"": {""model"": ""DecisionTree"", ""model_params"": {""max_depth"": null, ""min_samples_split"": 1.0}}, ""holiday"": false, ""mean_rolling_periods"": 7, ""macd_periods"": 2, ""std_rolling_periods"": 30, ""max_rolling_periods"": null, ""min_rolling_periods"": null, ""ewm_var_alpha"": null, ""quantile90_rolling_periods"": null, ""quantile10_rolling_periods"": null, ""ewm_alpha"": null, ""additional_lag_periods"": 90, ""abs_energy"": false, ""rolling_autocorr_periods"": 2, ""nonzero_last_n"": null, ""add_date_part"": ""simple_binarized"", ""polynomial_degree"": null, ""x_transform"": null, ""regression_type"": null}","{""fillna"": ""ffill"", ""transformations"": {""0"": ""DifferencedTransformer"", ""1"": ""Scaler"", ""2"": ""DifferencedTransformer"", ""3"": ""Scaler""}, ""transformation_params"": {""0"": {""lag"": 1, ""fill"": ""bfill""}, ""1"": {}, ""2"": {""lag"": 1, ""fill"": ""zero""}, ""3"": {}}}",0,1,167.08090976385114,263.9751930992625,351.8590691395614,25.425516500952224,263.9751930992625,0.0,0.0,4.835368303279079,15838.511585955752,263.9751930992625,435.0984722838922,1.0,0.45,768.4711389120995,0.2,493.99607953238575,192.04334894826064,1630.8286504568916,402081.43260984437,0.3532354595466104,15838.511585955752,8226.33986808734,492.47768851052473,48.25997624317123,167.08090976385114,263.9751930992625,351.8590691395614,25.425516500952224,263.9751930992625,0.0,4.835368303279079,263.9751930992625,435.0984722838922,768.4711389120995,0.2,493.99607953238575,192.04334894826064,1630.8286504568916,402081.43260984437,0.3532354595466104,15838.511585955752,8226.33986808734,492.47768851052473,48.25997624317123,1.0,0.45,5.7002,10068.55127387264,3950.6184264622525,Wh,3950.6184264622525,Wh
27,8393d0e93f41f4f7c3347329bc99e1d0,ARIMA,"{""p"": 1, ""d"": 1, ""q"": 1, ""regression_type"": null}","{""fillna"": ""rolling_mean"", ""transformations"": {""0"": ""Scaler"", ""1"": ""Scaler"", ""2"": ""DifferencedTransformer"", ""3"": ""DifferencedTransformer""}, ""transformation_params"": {""0"": {}, ""1"": {}, ""2"": {""lag"": 1, ""fill"": ""bfill""}, ""3"": {""lag"": 7, ""fill"": ""bfill""}}}",0,1,158.17084246670174,131.4174159626659,172.11537539834262,12.205329258942417,131.4174159626659,0.0,0.0,4.267711809993725,7885.044957759955,131.4174159626659,480.41394709187887,1.0,0.45,368.8988294914433,0.2,241.4568822901495,97.39337364724544,799.7556480796479,94828.00483829586,0.1727174026593115,7885.044957759955,4235.282821724475,229.33052948872594,24.025747638765253,158.17084246670174,131.4174159626659,172.11537539834262,12.205329258942417,131.4174159626659,0.0,4.267711809993725,131.4174159626659,480.41394709187887,368.8988294914433,0.2,241.4568822901495,97.39337364724544,799.7556480796479,94828.00483829586,0.1727174026593115,7885.044957759955,4235.282821724475,229.33052948872594,24.025747638765253,1.0,0.45,0.0801,9377.467337597102,1966.775964682921,Wh,1966.775964682921,Wh
28,2ebf905bb16ecd876318abc1e37540f0,ARIMA,"{""p"": 1, ""d"": 2, ""q"": 3, ""regression_type"": null}","{""fillna"": ""ffill"", ""transformations"": {""0"": ""Scaler"", ""1"": ""Scaler"", ""2"": ""DifferencedTransformer"", ""3"": ""DifferencedTransformer""}, ""transformation_params"": {""0"": {}, ""1"": {}, ""2"": {""lag"": 1, ""fill"": ""bfill""}, ""3"": {""lag"": 2, ""fill"": ""zero""}}}",0,1,157.43133109846445,176.22041436492336,245.14150140062927,19.15829422162091,176.22041436492336,0.0,0.0,4.381163190266104,10573.224861895402,176.22041436492336,413.6943300659001,1.0,0.45,578.8086387590042,0.2,344.66186803512795,120.82595404867865,1127.700507292793,207971.654591936,0.33312072901298023,10573.224861895402,5109.717820662671,318.2712314217648,32.216637142926864,157.43133109846445,176.22041436492336,245.14150140062927,19.15829422162091,176.22041436492336,0.0,4.381163190266104,176.22041436492336,413.6943300659001,578.8086387590042,0.2,344.66186803512795,120.82595404867865,1127.700507292793,207971.654591936,0.33312072901298023,10573.224861895402,5109.717820662671,318.2712314217648,32.216637142926864,1.0,0.45,0.3609,8810.169719027213,2637.291814943745,Wh,2637.291814943745,Wh
29,ac932c69d65929f2a35bd312b05aa122,DatepartRegression,"{""regression_model"": {""model"": ""RandomForest"", ""model_params"": {""n_estimators"": 100, ""min_samples_leaf"": 2, ""bootstrap"": true}}, ""datepart_method"": ""expanded"", ""polynomial_degree"": null, ""holiday_countries_used"": false, ""lags"": null, ""forward_lags"": null, ""regression_type"": null}","{""fillna"": ""rolling_mean"", ""transformations"": {""0"": ""DifferencedTransformer"", ""1"": ""DifferencedTransformer"", ""2"": ""Scaler""}, ""transformation_params"": {""0"": {""lag"": 1, ""fill"": ""bfill""}, ""1"": {""lag"": 7, ""fill"": ""bfill""}, ""2"": {}}}",0,1,143.79495329315813,81.03369455200733,106.82187493821823,7.5828786486434145,81.03369455200733,0.0,0.0,3.755847048769789,4862.02167312044,81.03369455200733,421.71086621745525,1.0,0.4666666666666667,227.0786946799717,0.2,149.96056059206268,59.82438823383524,495.63625191636623,36301.32611148075,0.26534097989083133,4862.02167312044,2572.386240104314,130.94074864905625,14.814589689515765,143.79495329315813,81.03369455200733,106.82187493821823,7.5828786486434145,81.03369455200733,0.0,3.755847048769789,81.03369455200733,421.71086621745525,227.0786946799717,0.2,149.96056059206268,59.82438823383524,495.63625191636623,36301.32611148075,0.26534097989083133,4862.02167312044,2572.386240104314,130.94074864905625,14.814589689515765,1.0,0.4666666666666667,0.2345,7873.918471030162,1212.7397393023002,Wh,1212.7397393023002,Wh
30,cc979376806486e1082f7fe4b18cf21d,DatepartRegression,"{""regression_model"": {""model"": ""RandomForest"", ""model_params"": {""n_estimators"": 100, ""min_samples_leaf"": 2, ""bootstrap"": true}}, ""datepart_method"": ""expanded"", ""polynomial_degree"": null, ""holiday_countries_used"": false, ""lags"": null, ""forward_lags"": null, ""regression_type"": null}","{""fillna"": ""ffill_mean_biased"", ""transformations"": {""0"": ""Scaler"", ""1"": ""DifferencedTransformer"", ""2"": ""DifferencedTransformer"", ""3"": ""Scaler""}, ""transformation_params"": {""0"": {}, ""1"": {""lag"": 1, ""fill"": ""bfill""}, ""2"": {""lag"": 7, ""fill"": ""bfill""}, ""3"": {}}}",0,1,143.79495329315816,81.03369455200733,106.82187493821823,7.582878648643415,81.03369455200733,0.0,0.0,3.755847048769789,4862.02167312044,81.03369455200733,421.71086621745525,1.0,0.4666666666666667,227.0786946799717,0.2,149.96056059206268,59.82438823383524,495.63625191636623,36301.32611148075,0.26534097989083133,4862.02167312044,2572.386240104314,130.94074864905625,14.814589689515765,143.79495329315816,81.03369455200733,106.82187493821823,7.582878648643415,81.03369455200733,0.0,3.755847048769789,81.03369455200733,421.71086621745525,227.0786946799717,0.2,149.96056059206268,59.82438823383524,495.63625191636623,36301.32611148075,0.26534097989083133,4862.02167312044,2572.386240104314,130.94074864905625,14.814589689515765,1.0,0.4666666666666667,0.2206,7873.918467805166,1212.7397393023002,Wh,1212.7397393023002,Wh
31,42de74db525a99e0cd548121793c2e0c,ARIMA,"{""p"": 4, ""d"": 2, ""q"": 5, ""regression_type"": null}","{""fillna"": ""ffill"", ""transformations"": {""0"": ""DifferencedTransformer"", ""1"": ""Scaler"", ""2"": ""DifferencedTransformer"", ""3"": ""Scaler""}, ""transformation_params"": {""0"": {""lag"": 1, ""fill"": ""bfill""}, ""1"": {}, ""2"": {""lag"": 1, ""fill"": ""zero""}, ""3"": {}}}",0,1,141.4921595315512,81.077016963429,111.14956715620012,8.586869344243137,81.077016963429,0.0,0.0,3.6962708145250227,4864.62101780574,81.077016963429,420.69581844822306,1.0,0.45,256.5291495100103,0.2,156.23740065486825,56.690213541895666,512.8412334145879,41943.344812345305,0.23772087813719886,4864.62101780574,2411.38728858448,129.4887520406668,14.82250989793179,141.4921595315512,81.077016963429,111.14956715620012,8.586869344243137,81.077016963429,0.0,3.6962708145250227,81.077016963429,420.69581844822306,256.5291495100103,0.2,156.23740065486825,56.690213541895666,512.8412334145879,41943.344812345305,0.23772087813719886,4864.62101780574,2411.38728858448,129.4887520406668,14.82250989793179,1.0,0.45,2.089,7871.164616844694,1213.3880968802673,Wh,1213.3880968802673,Wh
32,7e2e8122056630d1524055f8d69eb433,DatepartRegression,"{""regression_model"": {""model"": ""RandomForest"", ""model_params"": {""n_estimators"": 100, ""min_samples_leaf"": 2, ""bootstrap"": true}}, ""datepart_method"": ""expanded"", ""polynomial_degree"": null, ""holiday_countries_used"": false, ""lags"": null, ""forward_lags"": null, ""regression_type"": null}","{""fillna"": ""nearest"", ""transformations"": {""0"": ""Scaler"", ""1"": ""DifferencedTransformer"", ""2"": ""DifferencedTransformer"", ""3"": ""Scaler""}, ""transformation_params"": {""0"": {}, ""1"": {""lag"": 1, ""fill"": ""zero""}, ""2"": {""lag"": 1, ""fill"": ""bfill""}, ""3"": {}}}",0,1,178.53600295332086,4.920579228770606,5.137860241112953,1.094104928271615,4.920579228770606,0.0,-295.23475372623636,4.920579228770606,0.0,1.7271737615698988,417.2105123274548,1.0,0.55,6.628880023956299,0.8,4.74067749608947,4.641145951574775,19.97213283648313,60.2385886443057,0.0651722658361584,295.23475372623636,283.1261482402154,18.963689985229017,0.8995808806694067,178.53600295332086,4.920579228770606,5.137860241112953,1.094104928271615,4.920579228770606,0.0,4.920579228770606,1.7271737615698988,417.2105123274548,6.628880023956299,0.8,4.74067749608947,4.641145951574775,19.97213283648313,60.2385886443057,0.0651722658361584,295.23475372623636,283.1261482402154,18.963689985229017,0.8995808806694067,1.0,0.55,2.142,7013.950606044035,73.64074912425127,Wh,73.64074912425127,Wh
33,d422a1a8472f9f1818bd7f0c56c2c651,DatepartRegression,"{""regression_model"": {""model"": ""RandomForest"", ""model_params"": {""n_estimators"": 100, ""min_samples_leaf"": 2, ""bootstrap"": true}}, ""datepart_method"": ""expanded"", ""polynomial_degree"": null, ""holiday_countries_used"": false, ""lags"": null, ""forward_lags"": null, ""regression_type"": null}","{""fillna"": ""rolling_mean_24"", ""transformations"": {""0"": ""DifferencedTransformer"", ""1"": ""DifferencedTransformer"", ""2"": ""Scaler""}, ""transformation_params"": {""0"": {""lag"": 1, ""fill"": ""zero""}, ""1"": {""lag"": 1, ""fill"": ""bfill""}, ""2"": {}}}",0,1,178.53600295332086,4.920579228770606,5.137860241112953,1.094104928271615,4.920579228770606,0.0,-295.23475372623636,4.920579228770606,0.0,1.7271737615698988,417.2105123274548,1.0,0.55,6.628880023956299,0.8,4.74067749608947,4.641145951574775,19.97213283648313,60.2385886443057,0.0651722658361584,295.23475372623636,283.1261482402154,18.963689985229017,0.8995808806694067,178.53600295332086,4.920579228770606,5.137860241112953,1.094104928271615,4.920579228770606,0.0,4.920579228770606,1.7271737615698988,417.2105123274548,6.628880023956299,0.8,4.74067749608947,4.641145951574775,19.97213283648313,60.2385886443057,0.0651722658361584,295.23475372623636,283.1261482402154,18.963689985229017,0.8995808806694067,1.0,0.55,0.2756,7013.95017301289,73.64074912425127,Wh,73.64074912425127,Wh
34,d997508d5dc02eef787f519b72eb024f,DatepartRegression,"{""regression_model"": {""model"": ""RandomForest"", ""model_params"": {""n_estimators"": 100, ""min_samples_leaf"": 2, ""bootstrap"": true}}, ""datepart_method"": ""expanded"", ""polynomial_degree"": null, ""holiday_countries_used"": false, ""lags"": null, ""forward_lags"": null, ""regression_type"": null}","{""fillna"": ""fake_date"", ""transformations"": {""0"": ""Scaler"", ""1"": ""Scaler"", ""2"": ""DifferencedTransformer"", ""3"": ""DifferencedTransformer""}, ""transformation_params"": {""0"": {}, ""1"": {}, ""2"": {""lag"": 1, ""fill"": ""zero""}, ""3"": {""lag"": 1, ""fill"": ""bfill""}}}",0,1,178.53600295332086,4.920579228770606,5.137860241112953,1.094104928271615,4.920579228770606,0.0,-295.23475372623636,4.920579228770606,0.0,1.7271737615698988,417.2105123274548,1.0,0.55,6.628880023956299,0.8,4.74067749608947,4.641145951574775,19.97213283648313,60.2385886443057,0.0651722658361584,295.23475372623636,283.1261482402154,18.963689985229017,0.8995808806694067,178.53600295332086,4.920579228770606,5.137860241112953,1.094104928271615,4.920579228770606,0.0,4.920579228770606,1.7271737615698988,417.2105123274548,6.628880023956299,0.8,4.74067749608947,4.641145951574775,19.97213283648313,60.2385886443057,0.0651722658361584,295.23475372623636,283.1261482402154,18.963689985229017,0.8995808806694067,1.0,0.55,0.2373,7013.95016412675,73.64074912425127,Wh,73.64074912425127,Wh
35,333bbfecc55ec9fdfadbcabc0a916bfd,ARIMA,"{""p"": 1, ""d"": 0, ""q"": 2, ""regression_type"": null}","{""fillna"": ""pchip"", ""transformations"": {""0"": ""Scaler"", ""1"": ""DifferencedTransformer"", ""2"": ""DifferencedTransformer""}, ""transformation_params"": {""0"": {}, ""1"": {""lag"": 7, ""fill"": ""zero""}, ""2"": {""lag"": 1, ""fill"": ""bfill""}}}",0,1,151.7470502640285,34.29236028523738,34.29808053166706,2.2016617403184933,34.29236028523738,0.0,0.0,3.563509727537914,2057.541617114243,34.29236028523738,389.0695725418618,0.9333333333333333,0.4166666666666667,35.91180216063952,0.2,43.55462062135108,34.105234671673806,134.44251822713275,3997.341573611525,0.6231442514511399,2057.541617114243,2082.470434563061,47.06713848152459,6.269333391738498,151.7470502640285,34.29236028523738,34.29808053166706,2.2016617403184933,34.29236028523738,0.0,3.563509727537914,34.29236028523738,389.0695725418618,35.91180216063952,0.2,43.55462062135108,34.105234671673806,134.44251822713275,3997.341573611525,0.6231442514511399,2057.541617114243,2082.470434563061,47.06713848152459,6.269333391738498,0.9333333333333333,0.4166666666666667,0.1359,6816.294576614916,513.2150064525121,Wh,513.2150064525121,Wh
36,ffe6ef5d8a12e8d90afd7412956f0881,ARIMA,"{""p"": 0, ""d"": 1, ""q"": 3, ""regression_type"": null}","{""fillna"": ""fake_date"", ""transformations"": {""0"": ""DifferencedTransformer"", ""1"": ""Scaler"", ""2"": ""Scaler"", ""3"": ""DifferencedTransformer"", ""4"": ""Scaler""}, ""transformation_params"": {""0"": {""lag"": 2, ""fill"": ""zero""}, ""1"": {}, ""2"": {}, ""3"": {""lag"": 2, ""fill"": ""bfill""}, ""4"": {}}}",0,1,111.7131384530775,15.248153294377179,16.530127811613433,1.437912347900701,15.248153294377179,0.0,0.0,2.7088243550932605,914.8891976626307,15.248153294377179,395.3972971276662,0.9666666666666667,0.45,27.90660585994968,0.2,22.75807565630458,13.390367768058493,76.06288847832712,798.1491974484426,0.11585502258152339,914.8891976626307,707.8286994739863,5.942609875936209,2.787669201409258,111.7131384530775,15.248153294377179,16.530127811613433,1.437912347900701,15.248153294377179,0.0,2.7088243550932605,15.248153294377179,395.3972971276662,27.90660585994968,0.2,22.75807565630458,13.390367768058493,76.06288847832712,798.1491974484426,0.11585502258152339,914.8891976626307,707.8286994739863,5.942609875936209,2.787669201409258,0.9666666666666667,0.45,0.2244,6707.978312507885,228.20188013513715,Wh,228.20188013513715,Wh
37,7e9131fb384494977da9c3c8498cfc20,ARIMA,"{""p"": 4, ""d"": 0, ""q"": 3, ""regression_type"": null}","{""fillna"": ""rolling_mean"", ""transformations"": {""0"": ""DifferencedTransformer"", ""1"": ""Scaler"", ""2"": ""DifferencedTransformer""}, ""transformation_params"": {""0"": {""lag"": 1, ""fill"": ""zero""}, ""1"": {}, ""2"": {""lag"": 1, ""fill"": ""zero""}}}",0,1,32.40576265206964,2.1094501243180948,2.4788456756536523,1.018474127122116,2.1094501243180948,0.0,-0.1798820765245166,1.0246727594439269,126.38712538256118,2.1092818176904573,400.6980504871278,1.0,0.43333333333333335,4.1972306793292145,0.18333333333333332,3.8580139904111954,1.8109752494636393,11.067493378074374,15.396251538908123,0.0062149002567548125,126.20724330603666,87.18404668455725,27.253073003878537,0.3845537208853784,32.40576265206964,2.1094501243180948,2.4788456756536523,1.018474127122116,2.1094501243180948,0.0,1.0246727594439269,2.1092818176904573,400.6980504871278,4.1972306793292145,0.18333333333333332,3.8580139904111954,1.8109752494636393,11.067493378074374,15.396251538908123,0.0062149002567548125,126.20724330603666,87.18404668455725,27.253073003878537,0.3845537208853784,1.0,0.43333333333333335,0.8129,6605.53916637438,31.569756358509267,Wh,31.569756358509267,Wh
38,fa46eeb2eeee01b23017613b0e68920b,ARIMA,"{""p"": 1, ""d"": 0, ""q"": 4, ""regression_type"": null}","{""fillna"": ""ffill_mean_biased"", ""transformations"": {""0"": ""DifferencedTransformer"", ""1"": ""Scaler"", ""2"": ""DifferencedTransformer""}, ""transformation_params"": {""0"": {""lag"": 1, ""fill"": ""bfill""}, ""1"": {}, ""2"": {""lag"": 1, ""fill"": ""zero""}}}",0,1,69.71105548568008,6.467194994188859,7.429507414382448,1.0874295023631702,6.467194994188859,0.0,0.0,1.844783777563269,388.03169965133156,6.467194994188859,393.0010902293112,1.0,0.45,12.561784230731153,0.2,10.501609514472701,5.556218680735504,34.19154980980266,147.4844137505775,0.008451152240336936,388.03169965133156,267.5221374149378,18.71529870914854,1.1823333591128349,69.71105548568008,6.467194994188859,7.429507414382448,1.0874295023631702,6.467194994188859,0.0,1.844783777563269,6.467194994188859,393.0010902293112,12.561784230731153,0.2,10.501609514472701,5.556218680735504,34.19154980980266,147.4844137505775,0.008451152240336936,388.03169965133156,267.5221374149378,18.71529870914854,1.1823333591128349,1.0,0.45,0.4672,6551.542617473017,96.78719962886666,Wh,96.78719962886666,Wh
39,a51607745425fd2b9dd50f4c77473f7b,ARIMA,"{""p"": 1, ""d"": 0, ""q"": 4, ""regression_type"": null}","{""fillna"": ""cubic"", ""transformations"": {""0"": ""Scaler"", ""1"": ""Scaler"", ""2"": ""Scaler"", ""3"": ""Scaler"", ""4"": ""DifferencedTransformer"", ""5"": ""DifferencedTransformer""}, ""transformation_params"": {""0"": {}, ""1"": {}, ""2"": {}, ""3"": {}, ""4"": {""lag"": 1, ""fill"": ""bfill""}, ""5"": {""lag"": 1, ""fill"": ""bfill""}}}",0,1,69.71105548568008,6.467194994188859,7.429507414382448,1.0874295023631702,6.467194994188859,0.0,0.0,1.844783777563269,388.03169965133156,6.467194994188859,393.0010902293112,1.0,0.45,12.561784230731153,0.2,10.501609514472701,5.556218680735504,34.19154980980266,147.4844137505775,0.008451152240336936,388.03169965133156,267.5221374149378,18.71529870914854,1.1823333591128349,69.71105548568008,6.467194994188859,7.429507414382448,1.0874295023631702,6.467194994188859,0.0,1.844783777563269,6.467194994188859,393.0010902293112,12.561784230731153,0.2,10.501609514472701,5.556218680735504,34.19154980980266,147.4844137505775,0.008451152240336936,388.03169965133156,267.5221374149378,18.71529870914854,1.1823333591128349,1.0,0.45,0.2867,6551.54257559447,96.78719962886666,Wh,96.78719962886666,Wh
40,1a1223f88f4db55381a7bf7d076ece57,ARIMA,"{""p"": 1, ""d"": 0, ""q"": 1, ""regression_type"": null}","{""fillna"": ""ffill_mean_biased"", ""transformations"": {""0"": ""Scaler"", ""1"": ""DifferencedTransformer"", ""2"": ""DifferencedTransformer""}, ""transformation_params"": {""0"": {}, ""1"": {""lag"": 1, ""fill"": ""zero""}, ""2"": {""lag"": 1, ""fill"": ""zero""}}}",0,1,29.222706556804976,1.8427335474192752,2.1502530459048153,1.0068303292106007,1.8427335474192752,0.0,-0.02335454498168854,0.9509029950954814,110.54065830017483,1.8427290716814355,397.64237870846813,1.0,0.45,3.542208178669613,0.2,3.440447966307527,1.5883950128387594,9.459593109206212,11.245069099223995,0.0021992702443197803,110.51730375519313,79.31164426446229,27.896282482175927,0.336746443928122,29.222706556804976,1.8427335474192752,2.1502530459048153,1.0068303292106007,1.8427335474192752,0.0,0.9509029950954814,1.8427290716814355,397.64237870846813,3.542208178669613,0.2,3.440447966307527,1.5883950128387594,9.459593109206212,11.245069099223995,0.0021992702443197803,110.51730375519313,79.31164426446229,27.896282482175927,0.336746443928122,1.0,0.45,0.0975,6550.357886679554,27.578110738448324,Wh,27.578110738448324,Wh
41,b6ce76df3a63cf8a8ac0032d55ded4ed,ARIMA,"{""p"": 7, ""d"": 1, ""q"": 2, ""regression_type"": null}","{""fillna"": ""fake_date"", ""transformations"": {""0"": ""DifferencedTransformer"", ""1"": ""Scaler"", ""2"": ""Scaler"", ""3"": ""DifferencedTransformer"", ""4"": ""Scaler""}, ""transformation_params"": {""0"": {""lag"": 1, ""fill"": ""zero""}, ""1"": {}, ""2"": {}, ""3"": {""lag"": 1, ""fill"": ""zero""}, ""4"": {}}}",0,1,27.27990123143447,1.716732776680694,1.9580683406140926,1.0726647613584999,1.716732776680694,0.0,-5.131220003540916,0.9570952670890371,97.87274659730072,1.6909706641655147,397.56389253303166,1.0,0.43333333333333335,3.6834242152792207,0.4,3.1045238272350737,1.4609988141046109,6.01753138712191,8.400401445391164,0.029917514794561246,92.7415265937598,105.54987415225423,24.13617444491139,0.28258361563083717,27.27990123143447,1.716732776680694,1.9580683406140926,1.0726647613584999,1.716732776680694,0.0,0.9570952670890371,1.6909706641655147,397.56389253303166,3.6834242152792207,0.4,3.1045238272350737,1.4609988141046109,6.01753138712191,8.400401445391164,0.029917514794561246,92.7415265937598,105.54987415225423,24.13617444491139,0.28258361563083717,1.0,0.43333333333333335,0.4288,6546.468897298758,25.692399582093174,Wh,25.692399582093174,Wh
42,092b893a2d38137e5ad87b53e8b3d623,ARIMA,"{""p"": 1, ""d"": 0, ""q"": 1, ""regression_type"": null}","{""fillna"": ""median"", ""transformations"": {""0"": ""DifferencedTransformer"", ""1"": ""Scaler"", ""2"": ""DifferencedTransformer""}, ""transformation_params"": {""0"": {""lag"": 1, ""fill"": ""bfill""}, ""1"": {}, ""2"": {""lag"": 1, ""fill"": ""bfill""}}}",0,1,61.4891005012814,5.21963614882804,5.978159584448329,1.0567483247865301,5.21963614882804,0.0,0.0,1.6812155696820184,313.1781689296824,5.21963614882804,389.95593522030674,1.0,0.45,10.07321882807194,0.2,8.518997385865157,4.502063591386939,27.436804158631155,94.51857875361137,0.0014510341615541294,313.1781689296824,217.94177693907568,21.1966368667872,0.9542545024134796,61.4891005012814,5.21963614882804,5.978159584448329,1.0567483247865301,5.21963614882804,0.0,1.6812155696820184,5.21963614882804,389.95593522030674,10.07321882807194,0.2,8.518997385865157,4.502063591386939,27.436804158631155,94.51857875361137,0.0014510341615541294,313.1781689296824,217.94177693907568,21.1966368667872,0.9542545024134796,1.0,0.45,0.048,6482.840056697617,78.1163961161854,Wh,78.1163961161854,Wh
43,964333ddfbddd88adb83b08742e25e6f,ARIMA,"{""p"": 1, ""d"": 0, ""q"": 1, ""regression_type"": null}","{""fillna"": ""rolling_mean"", ""transformations"": {""0"": ""DifferencedTransformer"", ""1"": ""DifferencedTransformer""}, ""transformation_params"": {""0"": {""lag"": 1, ""fill"": ""bfill""}, ""1"": {""lag"": 1, ""fill"": ""bfill""}}}",0,1,61.4891005012814,5.21963614882804,5.978159584448329,1.0567483247865301,5.21963614882804,0.0,0.0,1.6812155696820184,313.1781689296824,5.21963614882804,389.95593522030674,1.0,0.45,10.07321882807194,0.2,8.518997385865157,4.502063591386939,27.436804158631155,94.51857875361137,0.0014510341615541294,313.1781689296824,217.94177693907568,21.1966368667872,0.9542545024134796,61.4891005012814,5.21963614882804,5.978159584448329,1.0567483247865301,5.21963614882804,0.0,1.6812155696820184,5.21963614882804,389.95593522030674,10.07321882807194,0.2,8.518997385865157,4.502063591386939,27.436804158631155,94.51857875361137,0.0014510341615541294,313.1781689296824,217.94177693907568,21.1966368667872,0.9542545024134796,1.0,0.45,0.0451,6482.8400560247765,78.1163961161854,Wh,78.1163961161854,Wh
44,25df74d6d7e128ec1d2be558eb441ab7,RollingRegression,"{""regression_model"": {""model"": ""Adaboost"", ""model_params"": {""n_estimators"": 500, ""loss"": ""linear"", ""estimator"": null, ""learning_rate"": 1, ""max_depth"": 2}}, ""holiday"": false, ""mean_rolling_periods"": 12, ""macd_periods"": 96, ""std_rolling_periods"": 30, ""max_rolling_periods"": null, ""min_rolling_periods"": null, ""ewm_var_alpha"": null, ""quantile90_rolling_periods"": null, ""quantile10_rolling_periods"": null, ""ewm_alpha"": null, ""additional_lag_periods"": 2, ""abs_energy"": false, ""rolling_autocorr_periods"": null, ""nonzero_last_n"": null, ""add_date_part"": null, ""polynomial_degree"": null, ""x_transform"": null, ""regression_type"": null}","{""fillna"": ""ffill_mean_biased"", ""transformations"": {""0"": ""DifferencedTransformer"", ""1"": ""Scaler"", ""2"": ""DifferencedTransformer"", ""3"": ""Scaler"", ""4"": ""Scaler""}, ""transformation_params"": {""0"": {""lag"": 1, ""fill"": ""bfill""}, ""1"": {}, ""2"": {""lag"": 1, ""fill"": ""zero""}, ""3"": {}, ""4"": {}}}",0,1,139.67193680350076,6.8847739609227405,8.341882690831035,2.2340815524242896,6.8847739609227405,0.0,-155.36041927337646,3.5702904064444443,257.72601838198796,5.220625575782693,383.44942081391025,1.0,0.4166666666666667,21.206782353388803,0.7333333333333333,8.887240663669715,5.16133342796077,24.3526762290168,145.93238539683352,0.2749246174198316,102.36559910861152,274.433345427916,30.396104379744614,0.31190818368817547,139.67193680350076,6.8847739609227405,8.341882690831035,2.2340815524242896,6.8847739609227405,0.0,3.5702904064444443,5.220625575782693,383.44942081391025,21.206782353388803,0.7333333333333333,8.887240663669715,5.16133342796077,24.3526762290168,145.93238539683352,0.2749246174198316,102.36559910861152,274.433345427916,30.396104379744614,0.31190818368817547,1.0,0.4166666666666667,0.4287,6454.364685825444,103.0366321649823,Wh,103.0366321649823,Wh
45,c6ebd7284366d1246a7a998cb667ebfa,DatepartRegression,"{""regression_model"": {""model"": ""ElasticNet"", ""model_params"": {""l1_ratio"": 0.5, ""fit_intercept"": true, ""selection"": ""random"", ""max_iter"": 1000}}, ""datepart_method"": [""dayofweek"", [365.25, 14]], ""polynomial_degree"": null, ""holiday_countries_used"": false, ""lags"": null, ""forward_lags"": null, ""regression_type"": null}","{""fillna"": ""time"", ""transformations"": {""0"": ""DifferencedTransformer"", ""1"": ""Scaler"", ""2"": ""Scaler"", ""3"": ""DifferencedTransformer""}, ""transformation_params"": {""0"": {""lag"": 1, ""fill"": ""bfill""}, ""1"": {}, ""2"": {}, ""3"": {""lag"": 7, ""fill"": ""bfill""}}}",0,1,180.56770270615056,4.94145121773084,5.180716675607306,1.065282276255368,4.94145121773084,0.0,-296.41151428222656,4.94141680448075,0.07555878162384033,1.715396110449481,380.5638575496328,1.0,0.5666666666666667,6.628880023956299,0.8166666666666667,4.804099731384886,4.662915147987067,20.007268403775665,61.00267344306046,0.054818026513045966,296.3359555006027,284.69664771298636,18.73222946442155,0.9029362446618782,180.56770270615056,4.94145121773084,5.180716675607306,1.065282276255368,4.94145121773084,0.0,4.94141680448075,1.715396110449481,380.5638575496328,6.628880023956299,0.8166666666666667,4.804099731384886,4.662915147987067,20.007268403775665,61.00267344306046,0.054818026513045966,296.3359555006027,284.69664771298636,18.73222946442155,0.9029362446618782,1.0,0.5666666666666667,0.0973,6415.893102729416,73.95311659793357,Wh,73.95311659793357,Wh
46,7819c3a8f0c9ef9a79be52fc6fe481fd,ARIMA,"{""p"": 1, ""d"": 1, ""q"": 1, ""regression_type"": null}","{""fillna"": ""pchip"", ""transformations"": {""0"": ""DifferencedTransformer"", ""1"": ""DifferencedTransformer"", ""2"": ""Scaler""}, ""transformation_params"": {""0"": {""lag"": 1, ""fill"": ""bfill""}, ""1"": {""lag"": 1, ""fill"": ""bfill""}, ""2"": {}}}",0,1,150.63328792113273,4.163283584249436,4.5648447842582405,1.0788180366402016,4.163283584249436,0.0,-246.10845911273003,4.145485738486808,3.6885559422361345,1.5511153704802443,381.21301767649464,1.0,0.55,6.628880023956299,0.8,3.859498462305918,3.824164312790501,18.83542069064576,49.09156360360885,0.027891576390643717,242.4199031704939,195.5209265986037,19.30310961141753,0.7386539261841842,150.63328792113273,4.163283584249436,4.5648447842582405,1.0788180366402016,4.163283584249436,0.0,4.145485738486808,1.5511153704802443,381.21301767649464,6.628880023956299,0.8,3.859498462305918,3.824164312790501,18.83542069064576,49.09156360360885,0.027891576390643717,242.4199031704939,195.5209265986037,19.30310961141753,0.7386539261841842,1.0,0.55,0.1759,6396.414275916459,62.307160947274575,Wh,62.307160947274575,Wh
47,f571a0a04d5d17526b4585e0d08dc3ee,RollingRegression,"{""regression_model"": {""model"": ""BayesianRidge"", ""model_params"": {}}, ""holiday"": false, ""mean_rolling_periods"": 12, ""macd_periods"": 8, ""std_rolling_periods"": null, ""max_rolling_periods"": null, ""min_rolling_periods"": 364, ""ewm_var_alpha"": null, ""quantile90_rolling_periods"": null, ""quantile10_rolling_periods"": null, ""ewm_alpha"": null, ""additional_lag_periods"": 90, ""abs_energy"": false, ""rolling_autocorr_periods"": null, ""nonzero_last_n"": null, ""add_date_part"": ""simple"", ""polynomial_degree"": null, ""x_transform"": null, ""regression_type"": null}","{""fillna"": ""linear"", ""transformations"": {""0"": ""Scaler"", ""1"": ""DifferencedTransformer"", ""2"": ""DifferencedTransformer"", ""3"": ""Scaler""}, ""transformation_params"": {""0"": {}, ""1"": {""lag"": 2, ""fill"": ""zero""}, ""2"": {""lag"": 1, ""fill"": ""bfill""}, ""3"": {}}}",0,1,131.67580420917633,25.656556368153858,28.563123236501276,1.8760622402285152,25.656556368153858,0.0,0.0,3.1510944747147964,1539.3933820892314,25.656556368153858,343.26818673135125,0.9833333333333333,0.45,48.7299797204258,0.2,39.400830959254996,22.103387044855864,132.14595356699087,2297.3356847213686,0.1520998844915789,1539.3933820892314,1124.282743692281,19.379289062292376,4.690534691049907,131.67580420917633,25.656556368153858,28.563123236501276,1.8760622402285152,25.656556368153858,0.0,3.1510944747147964,25.656556368153858,343.26818673135125,48.7299797204258,0.2,39.400830959254996,22.103387044855864,132.14595356699087,2297.3356847213686,0.1520998844915789,1539.3933820892314,1124.282743692281,19.379289062292376,4.690534691049907,0.9833333333333333,0.45,0.3546,5974.671072062741,383.9726875755404,Wh,383.9726875755404,Wh
48,43773451abf07a8d0bf81f943bbe5e2e,DatepartRegression,"{""regression_model"": {""model"": ""ElasticNet"", ""model_params"": {""l1_ratio"": 0.5, ""fit_intercept"": true, ""selection"": ""cyclic"", ""max_iter"": 1000}}, ""datepart_method"": [""constant"", ""year"", ""hour""], ""polynomial_degree"": null, ""holiday_countries_used"": false, ""lags"": null, ""forward_lags"": null, ""regression_type"": null}","{""fillna"": ""fake_date"", ""transformations"": {""0"": ""Scaler"", ""1"": ""DifferencedTransformer"", ""2"": ""DifferencedTransformer"", ""3"": ""Scaler"", ""4"": ""Scaler"", ""5"": ""Scaler""}, ""transformation_params"": {""0"": {}, ""1"": {""lag"": 7, ""fill"": ""bfill""}, ""2"": {""lag"": 1, ""fill"": ""bfill""}, ""3"": {}, ""4"": {}, ""5"": {}}}",0,1,138.41885115772362,22.92151186224073,26.232631091515522,2.93667053660853,22.92151186224073,0.0,-42.73124631121755,3.367923493474125,1332.5594654232264,22.475266324958397,338.4033977453436,0.9333333333333333,0.5,37.67877738177776,0.36666666666666664,30.077375353864035,20.514077093013945,59.16770244185056,2763.2666297026544,0.5022397852150497,1289.8282191120088,1791.6323556719228,72.50105760874486,3.930109144050684,138.41885115772362,22.92151186224073,26.232631091515522,2.93667053660853,22.92151186224073,0.0,3.367923493474125,22.475266324958397,338.4033977453436,37.67877738177776,0.36666666666666664,30.077375353864035,20.514077093013945,59.16770244185056,2763.2666297026544,0.5022397852150497,1289.8282191120088,1791.6323556719228,72.50105760874486,3.930109144050684,0.9333333333333333,0.5,0.1134,5883.90358186919,343.04036702149614,Wh,343.04036702149614,Wh
49,3a36c69f9824ccea5b6e9674afbb0ae5,WindowRegression,"{""window_size"": 5, ""input_dim"": ""univariate"", ""output_dim"": ""1step"", ""normalize_window"": false, ""max_windows"": 5000000, ""fourier_encoding_components"": null, ""scale"": true, ""datepart_method"": null, ""regression_type"": null, ""regression_model"": {""model"": ""KNN"", ""model_params"": {""n_neighbors"": 5, ""weights"": ""uniform"", ""p"": 2, ""leaf_size"": 30}}}","{""fillna"": ""ffill_mean_biased"", ""transformations"": {""0"": ""Scaler"", ""1"": ""DifferencedTransformer"", ""2"": ""DifferencedTransformer"", ""3"": ""Scaler""}, ""transformation_params"": {""0"": {}, ""1"": {""lag"": 1, ""fill"": ""zero""}, ""2"": {""lag"": 1, ""fill"": ""zero""}, ""3"": {}}}",0,1,137.28566727508073,77.57223595331112,102.00419216392595,7.135815012730322,77.57223595331112,0.0,-0.4641569033265114,3.5829560658415622,4653.870000295341,77.5712558886253,300.14059111198895,1.0,0.4666666666666667,211.66961605846882,0.2,143.1518459981921,58.03852260784775,472.68264883570765,32514.39348261502,0.3319994162740152,4653.4058433920145,2459.1705912469183,124.99314697610268,14.178936842213464,137.28566727508073,77.57223595331112,102.00419216392595,7.135815012730322,77.57223595331112,0.0,3.5829560658415622,77.5712558886253,300.14059111198895,211.66961605846882,0.2,143.1518459981921,58.03852260784775,472.68264883570765,32514.39348261502,0.3319994162740152,4653.4058433920145,2459.1705912469183,124.99314697610268,14.178936842213464,1.0,0.4666666666666667,1.0244,5841.077977502502,1160.9359998603775,Wh,1160.9359998603775,Wh
50,9274318a14a7d99ffba9c7d719068fa3,ARIMA,"{""p"": 4, ""d"": 0, ""q"": 1, ""regression_type"": null}","{""fillna"": ""fake_date"", ""transformations"": {""0"": ""DifferencedTransformer"", ""1"": ""DifferencedTransformer"", ""2"": ""Scaler""}, ""transformation_params"": {""0"": {""lag"": 1, ""fill"": ""zero""}, ""1"": {""lag"": 2, ""fill"": ""bfill""}, ""2"": {}}}",0,1,100.16526364641253,13.528353217255894,15.600290954925997,1.3234785934030524,13.528353217255894,0.0,-0.1813010521043701,2.4603756717653615,811.5198919832493,13.528108473347565,322.72046163508963,1.0,0.43333333333333335,26.436692435115773,0.18333333333333332,21.74755386962621,11.554665213440733,72.10074083486064,663.2151029981611,0.021693954698586915,811.338590931145,552.0921998416924,4.535057456270625,2.472150297141846,100.16526364641253,13.528353217255894,15.600290954925997,1.3234785934030524,13.528353217255894,0.0,2.4603756717653615,13.528108473347565,322.72046163508963,26.436692435115773,0.18333333333333332,21.74755386962621,11.554665213440733,72.10074083486064,663.2151029981611,0.021693954698586915,811.338590931145,552.0921998416924,4.535057456270625,2.472150297141846,1.0,0.43333333333333335,0.0958,5495.423454753233,202.4635757333606,Wh,202.4635757333606,Wh
51,32f881cb9d15715a1edb8487bdac02d4,ARIMA,"{""p"": 1, ""d"": 0, ""q"": 1, ""regression_type"": null}","{""fillna"": ""rolling_mean"", ""transformations"": {""0"": ""Scaler"", ""1"": ""Scaler"", ""2"": ""DifferencedTransformer"", ""3"": ""DifferencedTransformer""}, ""transformation_params"": {""0"": {}, ""1"": {}, ""2"": {""lag"": 2, ""fill"": ""bfill""}, ""3"": {""lag"": 1, ""fill"": ""zero""}}}",0,1,92.56088336673243,9.450516806478635,9.58915407710511,1.2363307621266852,9.450516806478635,0.0,0.0,2.3340865228758054,567.0310083887181,9.450516806478635,325.7668264271661,0.9833333333333333,0.45,12.093979472997798,0.2,12.90574232497732,9.075765043777894,40.807155015895965,266.3166232790804,0.10586127100733575,567.0310083887181,520.2201368431257,16.39078693565197,1.727744608164181,92.56088336673243,9.450516806478635,9.58915407710511,1.2363307621266852,9.450516806478635,0.0,2.3340865228758054,9.450516806478635,325.7668264271661,12.093979472997798,0.2,12.90574232497732,9.075765043777894,40.807155015895965,266.3166232790804,0.10586127100733575,567.0310083887181,520.2201368431257,16.39078693565197,1.727744608164181,0.9833333333333333,0.45,0.06,5494.706424057542,141.43520607721075,Wh,141.43520607721075,Wh
52,2318883c5e2f40b3eb0cd7ca17f4c239,WindowRegression,"{""window_size"": 20, ""input_dim"": ""univariate"", ""output_dim"": ""forecast_length"", ""normalize_window"": false, ""max_windows"": 5000000, ""fourier_encoding_components"": null, ""scale"": false, ""datepart_method"": null, ""regression_type"": null, ""regression_model"": {""model"": ""ElasticNet"", ""model_params"": {""l1_ratio"": 0.1, ""fit_intercept"": true, ""selection"": ""cyclic"", ""max_iter"": 200}}}","{""fillna"": ""ffill"", ""transformations"": {""0"": ""Scaler"", ""1"": ""DifferencedTransformer"", ""2"": ""DifferencedTransformer"", ""3"": ""Scaler""}, ""transformation_params"": {""0"": {}, ""1"": {""lag"": 1, ""fill"": ""zero""}, ""2"": {""lag"": 1, ""fill"": ""bfill""}, ""3"": {}}}",0,1,86.07075552980952,9.512068880309146,10.853658139165399,1.2967821081548632,9.512068880309146,0.0,0.0,2.1784328276483507,570.7241328185487,9.512068880309146,301.5396940997838,1.0,0.48333333333333334,18.236467140856323,0.2,15.197323231660809,8.201649923249628,50.011471678622534,313.8791844211885,0.3994438969393117,570.7241328185487,397.6719930953061,5.036112030717849,1.7389975656330343,86.07075552980952,9.512068880309146,10.853658139165399,1.2967821081548632,9.512068880309146,0.0,2.1784328276483507,9.512068880309146,301.5396940997838,18.236467140856323,0.2,15.197323231660809,8.201649923249628,50.011471678622534,313.8791844211885,0.3994438969393117,570.7241328185487,397.6719930953061,5.036112030717849,1.7389975656330343,1.0,0.48333333333333334,0.0235,5097.195572948714,142.35638641316126,Wh,142.35638641316126,Wh
53,febc29653e1785368219aaf427914dfb,WindowRegression,"{""window_size"": 20, ""input_dim"": ""univariate"", ""output_dim"": ""forecast_length"", ""normalize_window"": false, ""max_windows"": 5000000, ""fourier_encoding_components"": null, ""scale"": false, ""datepart_method"": null, ""regression_type"": null, ""regression_model"": {""model"": ""RANSAC"", ""model_params"": {}}}","{""fillna"": ""ffill"", ""transformations"": {""0"": ""DifferencedTransformer"", ""1"": ""Scaler"", ""2"": ""DifferencedTransformer""}, ""transformation_params"": {""0"": {""lag"": 1, ""fill"": ""bfill""}, ""1"": {}, ""2"": {""lag"": 1, ""fill"": ""bfill""}}}",0,1,147.02536501829917,44.943020944347595,50.76601443756941,9.567927336493094,44.943020944347595,0.0,-0.291982122251806,3.5807985107773206,2696.289274538604,44.9424242017767,276.9431328114777,0.9833333333333333,0.5333333333333333,82.7774267527887,0.21666666666666667,69.90286674624157,38.94899480587798,232.7855597935714,6798.901018784768,2.1980954892358864,2695.997292416352,1923.1126000242068,304.1435951289737,8.214709101771692,147.02536501829917,44.943020944347595,50.76601443756941,9.567927336493094,44.943020944347595,0.0,3.5807985107773206,44.9424242017767,276.9431328114777,82.7774267527887,0.21666666666666667,69.90286674624157,38.94899480587798,232.7855597935714,6798.901018784768,2.1980954892358864,2695.997292416352,1923.1126000242068,304.1435951289737,8.214709101771692,0.9833333333333333,0.5333333333333333,0.1564,5095.546045064809,672.6114094245721,Wh,672.6114094245721,Wh
54,6dd422209055541c56e123dcec0fabdb,WindowRegression,"{""window_size"": 10, ""input_dim"": ""univariate"", ""output_dim"": ""1step"", ""normalize_window"": false, ""max_windows"": 5000000, ""fourier_encoding_components"": null, ""scale"": true, ""datepart_method"": null, ""regression_type"": null, ""regression_model"": {""model"": ""HistGradientBoost"", ""model_params"": {""loss"": ""squared_error"", ""learning_rate"": 0.01, ""max_depth"": 20, ""min_samples_leaf"": 20, ""max_iter"": 250, ""l2_regularization"": 0}}}","{""fillna"": ""seasonal_linear_window_3"", ""transformations"": {""0"": ""DifferencedTransformer"", ""1"": ""DifferencedTransformer""}, ""transformation_params"": {""0"": {""lag"": 1, ""fill"": ""bfill""}, ""1"": {""lag"": 1, ""fill"": ""zero""}}}",0,1,130.03947434196448,43.47781411464983,55.5239603818654,3.500937217687923,43.47781411464983,0.0,-0.44030484125033453,3.254642899232548,2608.2285420377393,43.47655661373726,276.6133349832215,1.0,0.43333333333333335,102.55114796039818,0.18333333333333332,77.89798621195983,33.98504571754721,257.3050086501004,8903.906917635206,0.33258260418860247,2607.7882371964893,1459.4649140724175,56.18672062157279,7.945935935414452,130.03947434196448,43.47781411464983,55.5239603818654,3.500937217687923,43.47781411464983,0.0,3.254642899232548,43.47655661373726,276.6133349832215,102.55114796039818,0.18333333333333332,77.89798621195983,33.98504571754721,257.3050086501004,8903.906917635206,0.33258260418860247,2607.7882371964893,1459.4649140724175,56.18672062157279,7.945935935414452,1.0,0.43333333333333335,0.8916,5082.903765565051,650.6833144698099,Wh,650.6833144698099,Wh
55,99f2f5be439678f89b3bdd98deef3a5e,WindowRegression,"{""window_size"": 10, ""input_dim"": ""univariate"", ""output_dim"": ""1step"", ""normalize_window"": false, ""max_windows"": 5000000, ""fourier_encoding_components"": null, ""scale"": true, ""datepart_method"": null, ""regression_type"": null, ""regression_model"": {""model"": ""HistGradientBoost"", ""model_params"": {""loss"": ""squared_error"", ""learning_rate"": 0.01, ""max_depth"": 20, ""min_samples_leaf"": 20, ""max_iter"": 250, ""l2_regularization"": 0}}}","{""fillna"": ""cubic"", ""transformations"": {""0"": ""DifferencedTransformer"", ""1"": ""Scaler"", ""2"": ""Scaler"", ""3"": ""DifferencedTransformer""}, ""transformation_params"": {""0"": {""lag"": 1, ""fill"": ""bfill""}, ""1"": {}, ""2"": {}, ""3"": {""lag"": 1, ""fill"": ""zero""}}}",0,1,130.03947434196448,43.47781411464983,55.5239603818654,3.500937217687923,43.47781411464983,0.0,-0.44030484125033453,3.254642899232548,2608.2285420377393,43.47655661373726,276.6133349832215,1.0,0.43333333333333335,102.55114796039818,0.18333333333333332,77.89798621195983,33.98504571754721,257.3050086501004,8903.906917635206,0.33258260418860247,2607.7882371964893,1459.4649140724175,56.18672062157279,7.945935935414452,130.03947434196448,43.47781411464983,55.5239603818654,3.500937217687923,43.47781411464983,0.0,3.254642899232548,43.47655661373726,276.6133349832215,102.55114796039818,0.18333333333333332,77.89798621195983,33.98504571754721,257.3050086501004,8903.906917635206,0.33258260418860247,2607.7882371964893,1459.4649140724175,56.18672062157279,7.945935935414452,1.0,0.43333333333333335,0.7713,5082.903737653753,650.6833144698099,Wh,650.6833144698099,Wh
56,22f103d464adf5092ce10c063d85aebe,WindowRegression,"{""window_size"": 20, ""input_dim"": ""univariate"", ""output_dim"": ""forecast_length"", ""normalize_window"": false, ""max_windows"": 5000000, ""fourier_encoding_components"": null, ""scale"": false, ""datepart_method"": null, ""regression_type"": null, ""regression_model"": {""model"": ""ElasticNet"", ""model_params"": {""l1_ratio"": 0.1, ""fit_intercept"": true, ""selection"": ""cyclic"", ""max_iter"": 200}}}","{""fillna"": ""ffill_mean_biased"", ""transformations"": {""0"": ""Scaler"", ""1"": ""DifferencedTransformer"", ""2"": ""DifferencedTransformer""}, ""transformation_params"": {""0"": {}, ""1"": {""lag"": 1, ""fill"": ""zero""}, ""2"": {""lag"": 2, ""fill"": ""bfill""}}}",0,1,119.7723809654088,21.57987551330611,24.801802233514127,1.6790876236833343,21.57987551330611,0.0,0.0,2.8895551919982454,1294.7925307983667,21.57987551330611,239.25861845035087,1.0,0.4666666666666667,42.18999977378863,0.2,34.43713311050328,18.428200502545177,114.69849307132345,1679.2276546743262,0.3849197214208711,1294.7925307983667,886.9954468451424,12.700267700913155,3.9452354116135884,119.7723809654088,21.57987551330611,24.801802233514127,1.6790876236833343,21.57987551330611,0.0,2.8895551919982454,21.57987551330611,239.25861845035087,42.18999977378863,0.2,34.43713311050328,18.428200502545177,114.69849307132345,1679.2276546743262,0.3849197214208711,1294.7925307983667,886.9954468451424,12.700267700913155,3.9452354116135884,1.0,0.4666666666666667,0.0129,4224.917744249884,322.96161181922383,Wh,322.96161181922383,Wh
57,81b39fe7c565ca96a226ba87b11921a0,WindowRegression,"{""window_size"": 20, ""input_dim"": ""univariate"", ""output_dim"": ""forecast_length"", ""normalize_window"": false, ""max_windows"": 5000000, ""fourier_encoding_components"": null, ""scale"": false, ""datepart_method"": null, ""regression_type"": null, ""regression_model"": {""model"": ""ElasticNet"", ""model_params"": {""l1_ratio"": 0.1, ""fit_intercept"": true, ""selection"": ""cyclic"", ""max_iter"": 200}}}","{""fillna"": ""cubic"", ""transformations"": {""0"": ""DifferencedTransformer"", ""1"": ""Scaler"", ""2"": ""DifferencedTransformer"", ""3"": ""Scaler""}, ""transformation_params"": {""0"": {""lag"": 1, ""fill"": ""bfill""}, ""1"": {}, ""2"": {""lag"": 2, ""fill"": ""zero""}, ""3"": {}}}",0,1,120.23272682137481,21.810402097011686,25.059010107338437,1.6844927203458846,21.810402097011686,0.0,0.0,2.9006605269636543,1308.6241258207012,21.810402097011686,236.35749748078445,1.0,0.4666666666666667,42.501573916229184,0.2,34.79056988232886,18.636068405393967,115.8743057463828,1713.5440585480399,0.3739898744821483,1308.6241258207012,896.9870971800515,12.689892668774633,3.9873803091035094,120.23272682137481,21.810402097011686,25.059010107338437,1.6844927203458846,21.810402097011686,0.0,2.9006605269636543,21.810402097011686,236.35749748078445,42.501573916229184,0.2,34.79056988232886,18.636068405393967,115.8743057463828,1713.5440585480399,0.3739898744821483,1308.6241258207012,896.9870971800515,12.689892668774633,3.9873803091035094,1.0,0.4666666666666667,0.0156,4180.070729851113,326.41164270539946,Wh,326.41164270539946,Wh
58,effb598ffd54824cba6c5d8c23ec64a5,ARIMA,"{""p"": 2, ""d"": 3, ""q"": 3, ""regression_type"": null}","{""fillna"": ""ffill_mean_biased"", ""transformations"": {""0"": ""Scaler"", ""1"": ""Scaler"", ""2"": ""DifferencedTransformer""}, ""transformation_params"": {""0"": {}, ""1"": {}, ""2"": {""lag"": 7, ""fill"": ""bfill""}}}",0,1,176.6618919821908,126.650408006373,150.41007495322145,10.244514813580158,126.650408006373,0.0,0.0,4.6349820623220745,7599.02448038238,126.650408006373,103.06430000972868,0.85,0.45,308.31697585618207,0.2,209.11858812890992,101.11560033703152,705.1519978289558,71480.017488798,0.5979820271748809,7599.02448038238,4976.988015907317,219.86730048904118,23.154242676421326,176.6618919821908,126.650408006373,150.41007495322145,10.244514813580158,126.650408006373,0.0,4.6349820623220745,126.650408006373,103.06430000972868,308.31697585618207,0.2,209.11858812890992,101.11560033703152,705.1519978289558,71480.017488798,0.5979820271748809,7599.02448038238,4976.988015907317,219.86730048904118,23.154242676421326,0.85,0.45,0.2741,3112.451690709533,1895.4335432602338,Wh,1895.4335432602338,Wh
59,ebe206cc0071c09455e76761a5e5553d,WindowRegression,"{""window_size"": 20, ""input_dim"": ""univariate"", ""output_dim"": ""1step"", ""normalize_window"": false, ""max_windows"": 50000, ""fourier_encoding_components"": null, ""scale"": true, ""datepart_method"": null, ""regression_type"": null, ""regression_model"": {""model"": ""RANSAC"", ""model_params"": {}}}","{""fillna"": ""zero"", ""transformations"": {""0"": ""Scaler"", ""1"": ""Scaler""}, ""transformation_params"": {""0"": {}, ""1"": {}}}",0,3,59.90112065385258,79.00281085441081,237.97543386219363,56.69989974114037,79.00281085441081,0.0,-216.51287756794565,2.1060513854987093,14003.993076226,78.25766825620798,67.7201916112776,0.5499999999999999,0.5277777777777778,3520.2495836648623,0.5666666666666667,221.22914580213717,9.348917448960746,591.6446947761777,145290.47677360105,2.2912333342324795,4620.1787277101585,595.6935517323749,494.4136510626297,11.023061654137207,59.90112065385258,79.00281085441081,237.97543386219363,56.69989974114037,79.00281085441081,0.0,2.1060513854987093,78.25766825620798,67.7201916112776,3520.2495836648623,0.5666666666666667,221.22914580213717,9.348917448960746,591.6446947761777,145290.47677360105,2.2912333342324795,4620.1787277101585,595.6935517323749,494.4136510626297,11.023061654137207,0.5499999999999999,0.5277777777777778,0.24163333333333334,2502.9495606985834,3522.9791297934516,Wh,3522.9791297934516,Wh
60,c5683442c7dc30604c72b44b835afffc,ARIMA,"{""p"": 1, ""d"": 1, ""q"": 1, ""regression_type"": null}","{""fillna"": ""ffill_mean_biased"", ""transformations"": {""0"": ""Scaler"", ""1"": ""DifferencedTransformer""}, ""transformation_params"": {""0"": {}, ""1"": {""lag"": 7, ""fill"": ""bfill""}}}",0,1,154.18825497420028,36.79964984696313,36.826523016312024,2.1497577400358514,36.79964984696313,0.0,0.0,3.631603319044323,2207.9789908177877,36.79964984696313,45.95850057666018,0.8333333333333334,0.45,39.05572118690046,0.2,47.1634235767599,36.47913725684794,147.8664655374986,4446.77686352234,0.4594109501196444,2207.9789908177877,2184.277274324474,41.500008457287784,6.72771636804391,154.18825497420028,36.79964984696313,36.826523016312024,2.1497577400358514,36.79964984696313,0.0,3.631603319044323,36.79964984696313,45.95850057666018,39.05572118690046,0.2,47.1634235767599,36.47913725684794,147.8664655374986,4446.77686352234,0.4594109501196444,2207.9789908177877,2184.277274324474,41.500008457287784,6.72771636804391,0.8333333333333334,0.45,0.041,1225.3623212226132,550.7387761171317,Wh,550.7387761171317,Wh
61,34e40b3d327eb99df9802ff7ae10b4e5,ARIMA,"{""p"": 0, ""d"": 2, ""q"": 3, ""regression_type"": ""Holiday""}","{""fillna"": ""cubic"", ""transformations"": {""0"": ""Scaler"", ""1"": ""DifferencedTransformer""}, ""transformation_params"": {""0"": {}, ""1"": {""lag"": 1, ""fill"": ""bfill""}}}",0,1,110.96017306205799,26.094255693341402,34.6258070351674,2.71227048781697,26.094255693341402,0.0,-2.0355147926756425,2.747657291979672,1563.6198268078085,26.086430630974387,45.81939413973089,1.0,0.45,74.51086024904389,0.21666666666666667,48.68508471226746,19.178075500362052,160.48888839858216,3850.594721556166,0.1354052322191263,1561.5843120151328,811.9798609761453,24.68461128555261,4.758150498584971,110.96017306205799,26.094255693341402,34.6258070351674,2.71227048781697,26.094255693341402,0.0,2.747657291979672,26.086430630974387,45.81939413973089,74.51086024904389,0.21666666666666667,48.68508471226746,19.178075500362052,160.48888839858216,3850.594721556166,0.1354052322191263,1561.5843120151328,811.9798609761453,24.68461128555261,4.758150498584971,1.0,0.45,0.34,1112.6461794844997,390.5232387808796,Wh,390.5232387808796,Wh
62,a1a41e413e837c562c53c56b482bed0b,ARIMA,"{""p"": 1, ""d"": 0, ""q"": 1, ""regression_type"": null}","{""fillna"": ""rolling_mean"", ""transformations"": {""0"": ""Scaler"", ""1"": ""DifferencedTransformer"", ""2"": ""Scaler""}, ""transformation_params"": {""0"": {}, ""1"": {""lag"": 7, ""fill"": ""bfill""}, ""2"": {}}}",0,1,154.33848423087636,36.93435288657921,36.95335778099835,2.15999500070957,36.93435288657921,0.0,0.0,3.6353642062248794,2216.061173194753,36.93435288657921,38.09135797026719,0.8333333333333334,0.45,38.50674436806633,0.2,47.24374666321241,36.67938485780609,147.57830173764063,4455.261725937915,0.4603333133478516,2216.061173194753,2202.01124827348,41.76741428554067,6.752342793790328,154.33848423087636,36.93435288657921,36.95335778099835,2.15999500070957,36.93435288657921,0.0,3.6353642062248794,36.93435288657921,38.09135797026719,38.50674436806633,0.2,47.24374666321241,36.67938485780609,147.57830173764063,4455.261725937915,0.4603333133478516,2216.061173194753,2202.01124827348,41.76741428554067,6.752342793790328,0.8333333333333334,0.45,0.0516,1098.0644188033261,552.7547242983218,Wh,552.7547242983218,Wh
63,2029277661b0505cde65a9796bc1ebe9,RollingRegression,"{""regression_model"": {""model"": ""HistGradientBoost"", ""model_params"": {""loss"": ""squared_error"", ""learning_rate"": 1, ""max_depth"": null, ""min_samples_leaf"": 20, ""max_iter"": 100, ""l2_regularization"": 0}}, ""holiday"": true, ""mean_rolling_periods"": 12, ""macd_periods"": 4, ""std_rolling_periods"": null, ""max_rolling_periods"": null, ""min_rolling_periods"": null, ""ewm_var_alpha"": null, ""quantile90_rolling_periods"": null, ""quantile10_rolling_periods"": null, ""ewm_alpha"": null, ""additional_lag_periods"": 59, ""abs_energy"": true, ""rolling_autocorr_periods"": 7, ""nonzero_last_n"": null, ""add_date_part"": null, ""polynomial_degree"": null, ""x_transform"": null, ""regression_type"": null}","{""fillna"": ""piecewise_polynomial"", ""transformations"": {""0"": ""Scaler"", ""1"": ""Scaler"", ""2"": ""Scaler"", ""3"": ""Scaler"", ""4"": ""DifferencedTransformer""}, ""transformation_params"": {""0"": {}, ""1"": {}, ""2"": {}, ""3"": {}, ""4"": {""lag"": 7, ""fill"": ""bfill""}}}",0,1,155.7287233383539,38.50343264947288,38.56719541293147,3.072374785695887,38.50343264947288,0.0,0.0,3.6748322341282105,2310.2059589683727,38.50343264947288,35.40567632970228,0.8333333333333334,0.5166666666666667,43.834726382438184,0.2,49.31934882095958,37.825811362303924,151.66014859234798,4726.301557616473,0.9051451173426998,2310.2059589683727,2317.8121333598983,87.13276607502142,7.039202142927785,155.7287233383539,38.50343264947288,38.56719541293147,3.072374785695887,38.50343264947288,0.0,3.6748322341282105,38.50343264947288,35.40567632970228,43.834726382438184,0.2,49.31934882095958,37.825811362303924,151.66014859234798,4726.301557616473,0.9051451173426998,2310.2059589683727,2317.8121333598983,87.13276607502142,7.039202142927785,0.8333333333333334,0.5166666666666667,12.7983,1070.8132296860701,576.2373680691165,Wh,576.2373680691165,Wh
64,48bbfde2db050637e0fd333debeda07f,RollingRegression,"{""regression_model"": {""model"": ""RANSAC"", ""model_params"": {}}, ""holiday"": false, ""mean_rolling_periods"": 12, ""macd_periods"": 96, ""std_rolling_periods"": 30, ""max_rolling_periods"": null, ""min_rolling_periods"": null, ""ewm_var_alpha"": null, ""quantile90_rolling_periods"": null, ""quantile10_rolling_periods"": null, ""ewm_alpha"": 0.5, ""additional_lag_periods"": 2, ""abs_energy"": false, ""rolling_autocorr_periods"": 7, ""nonzero_last_n"": null, ""add_date_part"": null, ""polynomial_degree"": null, ""x_transform"": null, ""regression_type"": null}","{""fillna"": ""ffill"", ""transformations"": {""0"": ""Scaler"", ""1"": ""Scaler"", ""2"": ""Scaler"", ""3"": ""DifferencedTransformer"", ""4"": ""Scaler"", ""5"": ""Scaler""}, ""transformation_params"": {""0"": {}, ""1"": {}, ""2"": {}, ""3"": {""lag"": 7, ""fill"": ""zero""}, ""4"": {}, ""5"": {}}}",0,1,155.7845969056172,38.49553588203402,38.51446468039781,2.191125198920825,38.49553588203402,0.0,0.0,3.6757099851963124,2309.732152922041,38.49553588203402,30.069547624841164,0.7333333333333333,0.5333333333333333,40.19162432401466,0.2,49.15030174857796,38.236587919882666,153.05944315723974,4728.8790765968415,0.53085320665247,2309.732152922041,2302.4373158344883,49.46521767656466,7.037758454964068,155.7845969056172,38.49553588203402,38.51446468039781,2.191125198920825,38.49553588203402,0.0,3.6757099851963124,38.49553588203402,30.069547624841164,40.19162432401466,0.2,49.15030174857796,38.236587919882666,153.05944315723974,4728.8790765968415,0.53085320665247,2309.732152922041,2302.4373158344883,49.46521767656466,7.037758454964068,0.7333333333333333,0.5333333333333333,4.6267,983.0031641929594,576.1191860741072,Wh,576.1191860741072,Wh
65,e8375d44435eddf318b538381413e75c,ARIMA,"{""p"": 1, ""d"": 0, ""q"": 4, ""regression_type"": null}","{""fillna"": ""zero"", ""transformations"": {""0"": ""Scaler"", ""1"": ""Scaler"", ""2"": ""DifferencedTransformer""}, ""transformation_params"": {""0"": {}, ""1"": {}, ""2"": {""lag"": 7, ""fill"": ""zero""}}}",0,1,153.34233629338232,35.871481658660635,35.8795507946389,2.1356880981686115,35.871481658660635,0.0,0.0,3.6072247533731505,2152.288899519638,35.871481658660635,29.366817852815977,0.75,0.5666666666666667,37.05166034563508,0.2,45.72712647689628,35.69580913834371,142.1889162228862,4259.893840572973,0.46599381665495104,2152.288899519638,2156.1676065565644,39.66332046122032,6.558028549308982,153.34233629338232,35.871481658660635,35.8795507946389,2.1356880981686115,35.871481658660635,0.0,3.6072247533731505,35.871481658660635,29.366817852815977,37.05166034563508,0.2,45.72712647689628,35.69580913834371,142.1889162228862,4259.893840572973,0.46599381665495104,2152.288899519638,2156.1676065565644,39.66332046122032,6.558028549308982,0.75,0.5666666666666667,0.1301,944.3558686805718,536.8479316612094,Wh,536.8479316612094,Wh
66,108b5d9465704c677654ef0f2c2d9325,DatepartRegression,"{""regression_model"": {""model"": ""RandomForest"", ""model_params"": {""n_estimators"": 100, ""min_samples_leaf"": 2, ""bootstrap"": true}}, ""datepart_method"": ""expanded"", ""polynomial_degree"": null, ""holiday_countries_used"": false, ""lags"": null, ""forward_lags"": null, ""regression_type"": null}","{""fillna"": ""ffill"", ""transformations"": {""0"": ""DifferencedTransformer""}, ""transformation_params"": {""0"": {""lag"": 7, ""fill"": ""bfill""}}}",0,1,146.05023292848657,29.611756035936665,29.746461170266684,2.2654285088478594,29.611756035936665,0.0,0.0,3.4170544994483607,1776.7053621562,29.611756035936665,32.9850392158154,0.85,0.5666666666666667,34.49868180418772,0.2,37.02880600540865,28.89140010060979,109.73004573137315,3259.3757561719185,0.5946168153107294,1776.7053621562,1887.1232372409868,51.580841317409934,5.413624765397996,146.05023292848657,29.611756035936665,29.746461170266684,2.2654285088478594,29.611756035936665,0.0,3.4170544994483607,29.611756035936665,32.9850392158154,34.49868180418772,0.2,37.02880600540865,28.89140010060979,109.73004573137315,3259.3757561719185,0.5946168153107294,1776.7053621562,1887.1232372409868,51.580841317409934,5.413624765397996,0.85,0.5666666666666667,0.4387,939.1582387816306,443.1656916772724,Wh,443.1656916772724,Wh
67,95c4de86f257c29796d8bab84da2f5f9,DatepartRegression,"{""regression_model"": {""model"": ""Adaboost"", ""model_params"": {""n_estimators"": 50, ""loss"": ""linear"", ""estimator"": null, ""learning_rate"": 1, ""max_depth"": 3}}, ""datepart_method"": [""dayofweek"", [365.25, 24]], ""polynomial_degree"": null, ""holiday_countries_used"": false, ""lags"": null, ""forward_lags"": 2, ""regression_type"": null}","{""fillna"": ""akima"", ""transformations"": {""0"": ""DifferencedTransformer"", ""1"": ""Scaler""}, ""transformation_params"": {""0"": {""lag"": 7, ""fill"": ""zero""}, ""1"": {}}}",0,1,152.49702233150325,35.02443907658097,35.0488790741514,2.425508726139066,35.02443907658097,0.0,0.0,3.583535230571545,2101.466344594858,35.02443907658097,29.197196449060872,0.75,0.48333333333333334,38.10076945579756,0.2,44.432248020241985,34.67686866536013,136.49739892386214,4111.482480265036,0.5550353911122898,2101.466344594858,2140.4447810895454,55.91544064255324,6.403172123566174,152.49702233150325,35.02443907658097,35.0488790741514,2.425508726139066,35.02443907658097,0.0,3.583535230571545,35.02443907658097,29.197196449060872,38.10076945579756,0.2,44.432248020241985,34.67686866536013,136.49739892386214,4111.482480265036,0.5550353911122898,2101.466344594858,2140.4447810895454,55.91544064255324,6.403172123566174,0.75,0.48333333333333334,0.327,933.2082430847024,524.1712024827075,Wh,524.1712024827075,Wh
68,63dc944427c7a8f27d2f41d69fc1a794,DatepartRegression,"{""regression_model"": {""model"": ""ElasticNet"", ""model_params"": {""l1_ratio"": 0.1, ""fit_intercept"": true, ""selection"": ""cyclic"", ""max_iter"": 1000}}, ""datepart_method"": ""anchored_warped_fourier:us_school"", ""polynomial_degree"": null, ""holiday_countries_used"": true, ""lags"": null, ""forward_lags"": null, ""regression_type"": null}","{""fillna"": ""linear"", ""transformations"": {""0"": ""Scaler"", ""1"": ""DifferencedTransformer""}, ""transformation_params"": {""0"": {}, ""1"": {""lag"": 7, ""fill"": ""zero""}}}",0,1,151.6704860106967,34.220415527746084,34.22602644936186,2.1278108518260637,34.220415527746084,0.0,0.0,3.56147189512216,2053.224931664765,34.220415527746084,28.40549624347162,0.75,0.5666666666666667,35.76648934558034,0.2,43.46039168609805,34.031877027714955,134.16637908661536,3975.8832131124564,0.45918311982219573,2053.224931664765,2078.0209531545484,40.40758615525485,6.256180442604959,151.6704860106967,34.220415527746084,34.22602644936186,2.1278108518260637,34.220415527746084,0.0,3.56147189512216,34.220415527746084,28.40549624347162,35.76648934558034,0.2,43.46039168609805,34.031877027714955,134.16637908661536,3975.8832131124564,0.45918311982219573,2053.224931664765,2078.0209531545484,40.40758615525485,6.256180442604959,0.75,0.5666666666666667,1.0781,911.6001104260143,512.1382905638127,Wh,512.1382905638127,Wh
69,503421807fb85cf654d7c2962bec969b,RollingRegression,"{""regression_model"": {""model"": ""DecisionTree"", ""model_params"": {""max_depth"": null, ""min_samples_split"": 1.0}}, ""holiday"": false, ""mean_rolling_periods"": 7, ""macd_periods"": 12, ""std_rolling_periods"": null, ""max_rolling_periods"": null, ""min_rolling_periods"": null, ""ewm_var_alpha"": null, ""quantile90_rolling_periods"": null, ""quantile10_rolling_periods"": null, ""ewm_alpha"": null, ""additional_lag_periods"": 90, ""abs_energy"": false, ""rolling_autocorr_periods"": 2, ""nonzero_last_n"": null, ""add_date_part"": ""simple_binarized"", ""polynomial_degree"": null, ""x_transform"": null, ""regression_type"": null}","{""fillna"": ""ffill"", ""transformations"": {""0"": ""Scaler"", ""1"": ""Scaler"", ""2"": ""DifferencedTransformer"", ""3"": ""Scaler"", ""4"": ""Scaler""}, ""transformation_params"": {""0"": {}, ""1"": {}, ""2"": {""lag"": 7, ""fill"": ""zero""}, ""3"": {}, ""4"": {}}}",0,1,148.83690764938663,31.72257814831768,31.768203128102968,2.1462361047842005,31.72257814831768,0.0,0.0,3.4867071654246766,1903.3546888990609,31.72257814831768,27.758224317681275,0.75,0.5666666666666667,35.25886016366371,0.2,39.94288939944862,31.256974691141046,120.86835229803772,3567.2374393487357,0.45918311982219573,1903.3546888990609,1975.5435602616924,45.04101666415981,5.799525515392951,148.83690764938663,31.72257814831768,31.768203128102968,2.1462361047842005,31.72257814831768,0.0,3.4867071654246766,31.72257814831768,27.758224317681275,35.25886016366371,0.2,39.94288939944862,31.256974691141046,120.86835229803772,3567.2374393487357,0.45918311982219573,1903.3546888990609,1975.5435602616924,45.04101666415981,5.799525515392951,0.75,0.5666666666666667,5.0855,875.3600073805994,474.75598103079005,Wh,474.75598103079005,Wh
70,6f2e35140f50be218b1595832313015c,ARIMA,"{""p"": 2, ""d"": 2, ""q"": 1, ""regression_type"": ""Holiday""}","{""fillna"": ""rolling_mean"", ""transformations"": {""0"": ""DifferencedTransformer""}, ""transformation_params"": {""0"": {""lag"": 1, ""fill"": ""bfill""}}}",0,1,149.94858652363448,4.158414472388802,4.542880169634114,1.1071805956509302,4.158414472388802,0.0,-248.25907391548202,4.153791059345213,1.2457944278461177,1.5502767424970751,30.26696283161527,1.0,0.5333333333333333,6.628880023956299,0.8,3.840815998515845,3.8228662402578166,18.800905161067313,50.16839381742538,0.0760223395871733,247.01327948763588,204.19399234018437,19.449555719645787,0.7526499529407502,149.94858652363448,4.158414472388802,4.542880169634114,1.1071805956509302,4.158414472388802,0.0,4.153791059345213,1.5502767424970751,30.26696283161527,6.628880023956299,0.8,3.840815998515845,3.8228662402578166,18.800905161067313,50.16839381742538,0.0760223395871733,247.01327948763588,204.19399234018437,19.449555719645787,0.7526499529407502,1.0,0.5333333333333333,0.4563,651.0259326120658,62.23429045209174,Wh,62.23429045209174,Wh
71,60a67aaa1d4cfe5317bed2401f7601e6,ARIMA,"{""p"": 0, ""d"": 2, ""q"": 3, ""regression_type"": null}","{""fillna"": ""rolling_mean"", ""transformations"": {""0"": ""Scaler"", ""1"": ""Scaler"", ""2"": ""Scaler"", ""3"": ""DifferencedTransformer""}, ""transformation_params"": {""0"": {}, ""1"": {}, ""2"": {}, ""3"": {""lag"": 2, ""fill"": ""bfill""}}}",0,1,66.25367415622115,5.3670583911413665,5.411464942678073,1.1898088921085095,5.3670583911413665,0.0,0.0,1.845298712676715,322.023503468482,5.3670583911413665,32.50962464109038,0.9666666666666667,0.6,7.285598137082095,0.2,7.275452102657817,5.167084220859736,21.06351022262239,110.20751189163494,0.10607271477811428,322.023503468482,328.9025220364615,16.92027803729506,0.9812062543119274,66.25367415622115,5.3670583911413665,5.411464942678073,1.1898088921085095,5.3670583911413665,0.0,1.845298712676715,5.3670583911413665,32.50962464109038,7.285598137082095,0.2,7.275452102657817,5.167084220859736,21.06351022262239,110.20751189163494,0.10607271477811428,322.023503468482,328.9025220364615,16.92027803729506,0.9812062543119274,0.9666666666666667,0.6,0.2033,634.8953783514469,80.3226982316058,Wh,80.3226982316058,Wh
72,d97bbe22ff3169b26027b8d9388e5fd7,ARIMA,"{""p"": 0, ""d"": 2, ""q"": 7, ""regression_type"": null}","{""fillna"": ""ffill"", ""transformations"": {""0"": ""Scaler"", ""1"": ""Scaler"", ""2"": ""DifferencedTransformer""}, ""transformation_params"": {""0"": {}, ""1"": {}, ""2"": {""lag"": 1, ""fill"": ""bfill""}}}",0,1,81.1108907547541,2.6379027702897084,3.0846258042313632,1.0240532784615926,2.6379027702897084,0.0,-156.93565127912885,2.6326727402538213,1.3385149382536454,1.1886084191167086,29.66975945283501,1.0,0.55,5.7993998527526855,0.8,2.6991314769920214,2.17784403057147,14.177354528715563,26.75021751530917,0.008036161751351984,155.5971363408752,103.55289335465696,22.90827228002018,0.47410478330391587,81.1108907547541,2.6379027702897084,3.0846258042313632,1.0240532784615926,2.6379027702897084,0.0,2.6326727402538213,1.1886084191167086,29.66975945283501,5.7993998527526855,0.8,2.6991314769920214,2.17784403057147,14.177354528715563,26.75021751530917,0.008036161751351984,155.5971363408752,103.55289335465696,22.90827228002018,0.47410478330391587,1.0,0.55,1.2779,574.285907789276,39.478509965910355,Wh,39.478509965910355,Wh
73,a731dfa8111a22126d0e30b55ec89381,ARIMA,"{""p"": 0, ""d"": 2, ""q"": 3, ""regression_type"": null}","{""fillna"": ""cubic"", ""transformations"": {""0"": ""DifferencedTransformer"", ""1"": ""Scaler""}, ""transformation_params"": {""0"": {""lag"": 1, ""fill"": ""bfill""}, ""1"": {}}}",0,1,74.86732448660973,8.565310049669705,11.018189019413198,1.2494230250970864,8.565310049669705,0.0,-0.07673386655082393,1.907328780946401,513.8418691136314,8.565263356250055,25.579984868859707,1.0,0.45,22.696243601807783,0.2,15.576159185675655,6.497952269901036,51.216076250893444,376.2715224464531,0.010996797512916531,513.7651352470806,285.92079666463343,14.554487488957665,1.565443386964419,74.86732448660973,8.565310049669705,11.018189019413198,1.2494230250970864,8.565310049669705,0.0,1.907328780946401,8.565263356250055,25.579984868859707,22.696243601807783,0.2,15.576159185675655,6.497952269901036,51.216076250893444,376.2715224464531,0.010996797512916531,513.7651352470806,285.92079666463343,14.554487488957665,1.565443386964419,1.0,0.45,0.1127,565.9498296140006,128.18731682057432,Wh,128.18731682057432,Wh
74,70c1ef1d54a2b60564107304e74d66bf,ARIMA,"{""p"": 1, ""d"": 2, ""q"": 2, ""regression_type"": null}","{""fillna"": ""cubic"", ""transformations"": {""0"": ""Scaler"", ""1"": ""Scaler"", ""2"": ""DifferencedTransformer""}, ""transformation_params"": {""0"": {}, ""1"": {}, ""2"": {""lag"": 1, ""fill"": ""bfill""}}}",0,1,73.1151476647582,8.350770000829094,10.88904803394256,1.2517287287423502,8.350770000829094,0.0,-0.089453917410518,1.8619528289464087,500.9567461323352,8.350713965908724,25.69454824858216,1.0,0.45,22.769637176206082,0.2,15.403183090304076,6.246138757245358,50.538052212683006,371.87778344000645,0.012012971428940094,500.86729221492465,271.7766464016623,14.9812235161623,1.5261436336421477,73.1151476647582,8.350770000829094,10.88904803394256,1.2517287287423502,8.350770000829094,0.0,1.8619528289464087,8.350713965908724,25.69454824858216,22.769637176206082,0.2,15.403183090304076,6.246138757245358,50.538052212683006,371.87778344000645,0.012012971428940094,500.86729221492465,271.7766464016623,14.9812235161623,1.5261436336421477,1.0,0.45,0.126,564.739832567318,124.97653833713886,Wh,124.97653833713886,Wh
75,9a0176dcf749be7ee1916e7784a089b1,ARIMA,"{""p"": 1, ""d"": 2, ""q"": 3, ""regression_type"": null}","{""fillna"": ""rolling_mean_24"", ""transformations"": {""0"": ""Scaler"", ""1"": ""DifferencedTransformer""}, ""transformation_params"": {""0"": {}, ""1"": {""lag"": 1, ""fill"": ""bfill""}}}",0,1,11.020232735660867,0.5999592231956997,0.6967645139887473,1.0041550654136833,0.5999592231956997,0.0,-13.245375163335193,0.4941132033424491,22.75217822840679,0.5508151702142536,31.852134277154217,1.0,0.4666666666666667,1.3890036263329142,0.8,1.5883466591433106,0.49927920817311694,2.2173977401487677,1.1530310747686274,0.005552160665729861,9.506803065071596,9.522691917635559,28.04295977647492,0.02896724781106868,11.020232735660867,0.5999592231956997,0.6967645139887473,1.0041550654136833,0.5999592231956997,0.0,0.4941132033424491,0.5508151702142536,31.852134277154217,1.3890036263329142,0.8,1.5883466591433106,0.49927920817311694,2.2173977401487677,1.1530310747686274,0.005552160665729861,9.506803065071596,9.522691917635559,28.04295977647492,0.02896724781106868,1.0,0.4666666666666667,0.7043,535.8747528638663,8.97891174717937,Wh,8.97891174717937,Wh
76,52525374223165459f02c5ebabc35f00,DatepartRegression,"{""regression_model"": {""model"": ""ElasticNet"", ""model_params"": {""l1_ratio"": 0.5, ""fit_intercept"": true, ""selection"": ""cyclic"", ""max_iter"": 1000}}, ""datepart_method"": ""common_fourier"", ""polynomial_degree"": null, ""holiday_countries_used"": false, ""lags"": null, ""forward_lags"": null, ""regression_type"": null}","{""fillna"": ""ffill_mean_biased"", ""transformations"": {""0"": ""Scaler"", ""1"": ""Scaler"", ""2"": ""DifferencedTransformer""}, ""transformation_params"": {""0"": {}, ""1"": {}, ""2"": {""lag"": 2, ""fill"": ""bfill""}}}",0,1,95.19782112190798,10.028369494527578,10.22932095212382,1.2422046278761518,10.028369494527578,0.0,0.0,2.3829499543860084,601.7021696716547,10.028369494527578,16.930591082400422,0.95,0.45,13.359386034309864,0.2,13.810413824677484,9.548056812116913,44.100662821737984,298.5174434478905,0.10428290234390611,601.7021696716547,540.8987370152876,15.281728620716816,1.8333877054184304,95.19782112190798,10.028369494527578,10.22932095212382,1.2422046278761518,10.028369494527578,0.0,2.3829499543860084,10.028369494527578,16.930591082400422,13.359386034309864,0.2,13.810413824677484,9.548056812116913,44.100662821737984,298.5174434478905,0.10428290234390611,601.7021696716547,540.8987370152876,15.281728620716816,1.8333877054184304,0.95,0.45,0.0994,446.87128365277374,150.0832742929558,Wh,150.0832742929558,Wh
77,3c4bc43618482729d770e51cb0272f9e,ARIMA,"{""p"": 3, ""d"": 2, ""q"": 0, ""regression_type"": null}","{""fillna"": ""rolling_mean"", ""transformations"": {""0"": ""Scaler"", ""1"": ""Scaler""}, ""transformation_params"": {""0"": {}, ""1"": {}}}",0,1,88.32938700445334,10.01956508790702,11.432648407812541,1.1992831278318985,10.01956508790702,0.0,0.0,2.2260252490599415,601.1739052744213,10.01956508790702,16.2687913302354,1.0,0.45,19.187678452360135,0.2,15.983721310789328,8.629684470416064,52.73533692772508,352.3278458425205,0.03870025928392849,601.1739052744213,418.4800990436899,11.77003455819252,1.8317780827514114,88.32938700445334,10.01956508790702,11.432648407812541,1.1992831278318985,10.01956508790702,0.0,2.2260252490599415,10.01956508790702,16.2687913302354,19.187678452360135,0.2,15.983721310789328,8.629684470416064,52.73533692772508,352.3278458425205,0.03870025928392849,601.1739052744213,418.4800990436899,11.77003455819252,1.8317780827514114,1.0,0.45,0.0509,434.21745821336214,149.95150868793488,Wh,149.95150868793488,Wh
78,9b0703adfbd647f6cadcd464ef6128d6,ARIMA,"{""p"": 1, ""d"": 0, ""q"": 2, ""regression_type"": ""Holiday""}","{""fillna"": ""cubic"", ""transformations"": {""0"": ""Scaler"", ""1"": ""Scaler"", ""2"": ""DifferencedTransformer""}, ""transformation_params"": {""0"": {}, ""1"": {}, ""2"": {""lag"": 2, ""fill"": ""bfill""}}}",0,1,78.26872673642653,6.96538815528732,7.000253159373789,1.1987654178651117,6.96538815528732,0.0,0.0,2.071233140833845,417.9232893172392,6.96538815528732,16.325040637892055,0.95,0.5666666666666667,8.13278980788929,0.2,9.381452651749735,6.793068243825907,28.16867014998708,152.9333235775196,0.10834808317528388,417.9232893172392,409.802815578839,19.984073968390998,1.2734130921621494,78.26872673642653,6.96538815528732,7.000253159373789,1.1987654178651117,6.96538815528732,0.0,2.071233140833845,6.96538815528732,16.325040637892055,8.13278980788929,0.2,9.381452651749735,6.793068243825907,28.16867014998708,152.9333235775196,0.10834808317528388,417.9232893172392,409.802815578839,19.984073968390998,1.2734130921621494,0.95,0.5666666666666667,0.3272,394.3600212156711,104.24309371900931,Wh,104.24309371900931,Wh
79,46b0d0a5f249fe1cde93f8ff054dd44a,WindowRegression,"{""window_size"": 10, ""input_dim"": ""univariate"", ""output_dim"": ""1step"", ""normalize_window"": false, ""max_windows"": 5000000, ""fourier_encoding_components"": null, ""scale"": true, ""datepart_method"": ""common_fourier"", ""regression_type"": null, ""regression_model"": {""model"": ""RANSAC"", ""model_params"": {}}}","{""fillna"": ""nearest"", ""transformations"": {""0"": ""Scaler"", ""1"": ""DifferencedTransformer"", ""2"": ""DifferencedTransformer"", ""3"": ""DifferencedTransformer""}, ""transformation_params"": {""0"": {}, ""1"": {""lag"": 1, ""fill"": ""zero""}, ""2"": {""lag"": 1, ""fill"": ""bfill""}, ""3"": {""lag"": 1, ""fill"": ""bfill""}}}",0,1,200.0,5.469857501983642,5.517936185884677,1.2110858774861002,5.469857501983642,0.0,-328.19145011901855,5.469857501983642,0.0,1.8608350944478635,10.858491240524012,0.0,0.55,6.628880023956299,0.8,5.146938763790466,5.284495288250493,20.585089684773262,116.60715657259374,0.10229773036938852,328.19145011901855,345.5841636081096,20.054090112861402,1.0,200.0,5.469857501983642,5.517936185884677,1.2110858774861002,5.469857501983642,0.0,5.469857501983642,1.8608350944478635,10.858491240524012,6.628880023956299,0.8,5.146938763790466,5.284495288250493,20.585089684773262,116.60715657259374,0.10229773036938852,328.19145011901855,345.5841636081096,20.054090112861402,1.0,0.0,0.55,0.513,383.4291174273945,81.86117636187737,Wh,81.86117636187737,Wh
80,9e182b2af7d8401a8fa91dc8bdd2b637,DatepartRegression,"{""regression_model"": {""model"": ""DecisionTree"", ""model_params"": {""max_depth"": 3, ""min_samples_split"": 2}}, ""datepart_method"": ""recurring"", ""polynomial_degree"": null, ""holiday_countries_used"": false, ""lags"": null, ""forward_lags"": null, ""regression_type"": null}","{""fillna"": ""mean"", ""transformations"": {""2"": ""DifferencedTransformer""}, ""transformation_params"": {""2"": {}}}",0,1,30.192240995382,6.439497080684941,17.50186249583413,3.2119957465064823,6.439497080684941,0.0,-10.849501804565088,0.8927821850577441,375.52032303653135,6.401708506193539,15.339435346723112,1.0,0.5833333333333334,72.0442391721062,0.6333333333333333,24.69728529704134,0.4995464015549999,55.67402917818063,1981.9312775913183,0.23045551368663725,364.6708212319663,48.25177852947124,23.54432435981855,1.1111527161957402,30.192240995382,6.439497080684941,17.50186249583413,3.2119957465064823,6.439497080684941,0.0,0.8927821850577441,6.401708506193539,15.339435346723112,72.0442391721062,0.6333333333333333,24.69728529704134,0.4995464015549999,55.67402917818063,1981.9312775913183,0.23045551368663725,364.6708212319663,48.25177852947124,23.54432435981855,1.1111527161957402,1.0,0.5833333333333334,0.1066,376.5149233703953,96.37267625574808,Wh,96.37267625574808,Wh
81,36d4f50db38da72d256ef839e354acd6,ARIMA,"{""p"": 1, ""d"": 0, ""q"": 0, ""regression_type"": ""Holiday""}","{""fillna"": ""ffill"", ""transformations"": {""0"": ""DifferencedTransformer"", ""1"": ""Scaler"", ""2"": ""Scaler""}, ""transformation_params"": {""0"": {""lag"": 2, ""fill"": ""bfill""}, ""1"": {}, ""2"": {}}}",0,1,69.3556995680253,5.769002200012409,5.82953259311736,1.2187614096525692,5.769002200012409,0.0,0.0,1.9045718862927634,346.14013200074453,5.769002200012409,16.03123697950441,0.9666666666666667,0.43333333333333335,7.459404265984089,0.2,7.797712793816678,5.540618719850005,21.701113135647503,109.52223317925603,0.1672126920799602,346.14013200074453,360.35176569967206,18.74668410350936,1.0546896693232468,69.3556995680253,5.769002200012409,5.82953259311736,1.2187614096525692,5.769002200012409,0.0,1.9045718862927634,5.769002200012409,16.03123697950441,7.459404265984089,0.2,7.797712793816678,5.540618719850005,21.701113135647503,109.52223317925603,0.1672126920799602,346.14013200074453,360.35176569967206,18.74668410350936,1.0546896693232468,0.9666666666666667,0.43333333333333335,0.2829,371.5399990306663,86.33813702752043,Wh,86.33813702752043,Wh
82,853789b3db765ea4d9ea41e31632852b,ARIMA,"{""p"": 1, ""d"": 0, ""q"": 4, ""regression_type"": null}","{""fillna"": ""fake_date"", ""transformations"": {""0"": ""DifferencedTransformer"", ""1"": ""Scaler"", ""2"": ""Scaler"", ""3"": ""Scaler"", ""4"": ""Scaler""}, ""transformation_params"": {""0"": {""lag"": 2, ""fill"": ""zero""}, ""1"": {}, ""2"": {}, ""3"": {}, ""4"": {}}}",0,1,75.36333298388996,6.548110558784874,6.58761932480848,1.1883351345934405,6.548110558784874,0.0,0.0,2.0166733445965304,392.88663352709244,6.548110558784874,14.71909732321648,0.95,0.43333333333333335,7.698993161069582,0.2,8.876339420421317,6.377610536955201,26.69687895002576,137.52292221368225,0.10859309913703338,392.88663352709244,382.40103849956745,19.983082815592038,1.1971263522697262,75.36333298388996,6.548110558784874,6.58761932480848,1.1883351345934405,6.548110558784874,0.0,2.0166733445965304,6.548110558784874,14.71909732321648,7.698993161069582,0.2,8.876339420421317,6.377610536955201,26.69687895002576,137.52292221368225,0.10859309913703338,392.88663352709244,382.40103849956745,19.983082815592038,1.1971263522697262,0.95,0.43333333333333335,0.1645,361.8243702468453,97.998171450603,Wh,97.998171450603,Wh
83,65d59faa60bb700a6525ff6e7ffc473c,RollingRegression,"{""regression_model"": {""model"": ""Adaboost"", ""model_params"": {""n_estimators"": 500, ""loss"": ""linear"", ""estimator"": null, ""learning_rate"": 1, ""max_depth"": 2}}, ""holiday"": false, ""mean_rolling_periods"": 7, ""macd_periods"": null, ""std_rolling_periods"": null, ""max_rolling_periods"": 28, ""min_rolling_periods"": 7, ""ewm_var_alpha"": null, ""quantile90_rolling_periods"": null, ""quantile10_rolling_periods"": null, ""ewm_alpha"": 0.5, ""additional_lag_periods"": 90, ""abs_energy"": false, ""rolling_autocorr_periods"": null, ""nonzero_last_n"": null, ""add_date_part"": ""expanded"", ""polynomial_degree"": null, ""x_transform"": null, ""regression_type"": null}","{""fillna"": ""rolling_mean_24"", ""transformations"": {""0"": ""DifferencedTransformer"", ""1"": ""Scaler""}, ""transformation_params"": {""0"": {""lag"": 2, ""fill"": ""bfill""}, ""1"": {}}}",0,1,59.85902538068497,4.722050669151077,4.8793159697112545,1.216956506739729,4.722050669151077,0.0,0.0,1.7197401635146996,283.32304014906464,4.722050669151077,16.03285579696295,0.9666666666666667,0.5666666666666667,7.537701265042106,0.2,6.4211716245205945,4.382209185029155,15.864005096494326,94.02313925830234,0.12142820669445469,283.32304014906464,322.87632824323447,15.529030455357999,0.8632858657540213,59.85902538068497,4.722050669151077,4.8793159697112545,1.216956506739729,4.722050669151077,0.0,1.7197401635146996,4.722050669151077,16.03285579696295,7.537701265042106,0.2,6.4211716245205945,4.382209185029155,15.864005096494326,94.02313925830234,0.12142820669445469,283.32304014906464,322.87632824323447,15.529030455357999,0.8632858657540213,0.9666666666666667,0.5666666666666667,0.7468,354.8549845233342,70.66959650720594,Wh,70.66959650720594,Wh
84,2f6c90ca3083d18313d0c57d6c04706b,DatepartRegression,"{""regression_model"": {""model"": ""ElasticNet"", ""model_params"": {""l1_ratio"": 0.1, ""fit_intercept"": true, ""selection"": ""cyclic"", ""max_iter"": 2000}}, ""datepart_method"": ""recurring"", ""polynomial_degree"": null, ""holiday_countries_used"": false, ""lags"": null, ""forward_lags"": 3, ""regression_type"": null}","{""fillna"": ""ffill"", ""transformations"": {""0"": ""Scaler"", ""1"": ""DifferencedTransformer"", ""2"": ""Scaler""}, ""transformation_params"": {""0"": {}, ""1"": {""lag"": 2, ""fill"": ""bfill""}, ""2"": {}}}",0,1,55.34561976818652,4.32660430604592,4.60686495780255,1.1894145787320882,4.32660430604592,0.0,0.0,1.6263664127225177,259.5962583627552,4.32660430604592,15.965103969057308,0.9666666666666667,0.6166666666666667,7.3936208977829665,0.2,5.958831654647368,3.9062866043737707,14.861691690762878,94.30665726242168,0.16403613112968352,259.5962583627552,300.47278985002396,12.252220311926465,0.7909903145514993,55.34561976818652,4.32660430604592,4.60686495780255,1.1894145787320882,4.32660430604592,0.0,1.6263664127225177,4.32660430604592,15.965103969057308,7.3936208977829665,0.2,5.958831654647368,3.9062866043737707,14.861691690762878,94.30665726242168,0.16403613112968352,259.5962583627552,300.47278985002396,12.252220311926465,0.7909903145514993,0.9666666666666667,0.6166666666666667,0.2061,346.9793919798445,64.75139764003714,Wh,64.75139764003714,Wh
85,9b119e68f14e5a483baeb6181da1d0fa,ARIMA,"{""p"": 4, ""d"": 3, ""q"": 1, ""regression_type"": null}","{""fillna"": ""cubic"", ""transformations"": {""0"": ""Scaler"", ""1"": ""Scaler""}, ""transformation_params"": {""0"": {}, ""1"": {}}}",0,1,72.15913110952029,6.431246782998508,6.903406592989673,1.1224396428232124,6.431246782998508,0.0,0.0,1.9225750331879081,385.87480697991043,6.431246782998508,13.725212847988955,1.0,0.4166666666666667,9.293823937245685,0.2,9.633088247218941,5.963906917491467,30.072700778669695,110.6386871303572,0.020945416653805796,385.87480697991043,312.4189412782001,18.69799590054854,1.1757613028614031,72.15913110952029,6.431246782998508,6.903406592989673,1.1224396428232124,6.431246782998508,0.0,1.9225750331879081,6.431246782998508,13.725212847988955,9.293823937245685,0.2,9.633088247218941,5.963906917491467,30.072700778669695,110.6386871303572,0.020945416653805796,385.87480697991043,312.4189412782001,18.69799590054854,1.1757613028614031,1.0,0.4166666666666667,0.284,343.03043764666114,96.24920337300804,Wh,96.24920337300804,Wh
86,5f46583be696c90885ff76466ab982f1,DatepartRegression,"{""regression_model"": {""model"": ""RandomForest"", ""model_params"": {""n_estimators"": 100, ""min_samples_leaf"": 2, ""bootstrap"": true}}, ""datepart_method"": ""expanded"", ""polynomial_degree"": null, ""holiday_countries_used"": false, ""lags"": null, ""forward_lags"": null, ""regression_type"": null}","{""fillna"": ""ffill"", ""transformations"": {""0"": ""Scaler"", ""1"": ""DifferencedTransformer""}, ""transformation_params"": {""0"": {}, ""1"": {""lag"": 1, ""fill"": ""bfill""}}}",0,1,57.58222748955457,4.805203070901154,5.643873964114367,1.1569266211586124,4.805203070901154,0.0,-0.023725283940633446,1.5790693686087804,288.2884589701286,4.805198453055856,15.127442250522302,1.0,0.36666666666666664,9.819507709096351,0.21666666666666667,8.079400327846848,4.068610645141625,25.917322579041446,85.9003874880624,0.24799319007913107,288.264733686188,191.59912551577008,18.22722803468935,0.8783432157713092,57.58222748955457,4.805203070901154,5.643873964114367,1.1569266211586124,4.805203070901154,0.0,1.5790693686087804,4.805198453055856,15.127442250522302,9.819507709096351,0.21666666666666667,8.079400327846848,4.068610645141625,25.917322579041446,85.9003874880624,0.24799319007913107,288.264733686188,191.59912551577008,18.22722803468935,0.8783432157713092,1.0,0.36666666666666664,1.8907,340.3797049364655,71.91404454302919,Wh,71.91404454302919,Wh
87,68a5c4c1aca344935710be3420d04cdd,DatepartRegression,"{""regression_model"": {""model"": ""RandomForest"", ""model_params"": {""n_estimators"": 100, ""min_samples_leaf"": 2, ""bootstrap"": true}}, ""datepart_method"": ""expanded"", ""polynomial_degree"": null, ""holiday_countries_used"": false, ""lags"": null, ""forward_lags"": null, ""regression_type"": null}","{""fillna"": ""cubic"", ""transformations"": {""0"": ""Scaler"", ""1"": ""DifferencedTransformer""}, ""transformation_params"": {""0"": {}, ""1"": {""lag"": 1, ""fill"": ""bfill""}}}",0,1,57.58222748955457,4.805203070901154,5.643873964114367,1.1569266211586124,4.805203070901154,0.0,-0.023725283940633446,1.5790693686087804,288.2884589701286,4.805198453055856,15.127442250522302,1.0,0.36666666666666664,9.819507709096351,0.21666666666666667,8.079400327846848,4.068610645141625,25.917322579041446,85.9003874880624,0.24799319007913107,288.264733686188,191.59912551577008,18.22722803468935,0.8783432157713092,57.58222748955457,4.805203070901154,5.643873964114367,1.1569266211586124,4.805203070901154,0.0,1.5790693686087804,4.805198453055856,15.127442250522302,9.819507709096351,0.21666666666666667,8.079400327846848,4.068610645141625,25.917322579041446,85.9003874880624,0.24799319007913107,288.264733686188,191.59912551577008,18.22722803468935,0.8783432157713092,1.0,0.36666666666666664,0.3035,340.37933668366173,71.91404454302919,Wh,71.91404454302919,Wh
88,f08601e73a0a40e19bf4331648dc4067,DatepartRegression,"{""regression_model"": {""model"": ""RandomForest"", ""model_params"": {""n_estimators"": 100, ""min_samples_leaf"": 2, ""bootstrap"": true}}, ""datepart_method"": ""expanded"", ""polynomial_degree"": null, ""holiday_countries_used"": false, ""lags"": null, ""forward_lags"": null, ""regression_type"": null}","{""fillna"": ""ffill"", ""transformations"": {""0"": ""DifferencedTransformer"", ""1"": ""Scaler"", ""2"": ""Scaler"", ""3"": ""Scaler"", ""4"": ""Scaler""}, ""transformation_params"": {""0"": {""lag"": 1, ""fill"": ""bfill""}, ""1"": {}, ""2"": {}, ""3"": {}, ""4"": {}}}",0,1,57.58222748955457,4.805203070901154,5.643873964114366,1.1569266211586129,4.805203070901154,0.0,-0.023725283940633446,1.5790693686087804,288.28845897012854,4.805198453055856,15.127442250522302,1.0,0.36666666666666664,9.81950770909635,0.21666666666666667,8.079400327846848,4.068610645141625,25.917322579041446,85.90038748806239,0.24799319007913107,288.2647336861879,191.59912551577008,18.22722803468935,0.878343215771309,57.58222748955457,4.805203070901154,5.643873964114366,1.1569266211586129,4.805203070901154,0.0,1.5790693686087804,4.805198453055856,15.127442250522302,9.81950770909635,0.21666666666666667,8.079400327846848,4.068610645141625,25.917322579041446,85.90038748806239,0.24799319007913107,288.2647336861879,191.59912551577008,18.22722803468935,0.878343215771309,1.0,0.36666666666666664,0.2431,340.3793226700092,71.91404454302919,Wh,71.91404454302919,Wh
89,eb2dcc4b059026ba0a8876c6fe5ea3ff,DatepartRegression,"{""regression_model"": {""model"": ""RandomForest"", ""model_params"": {""n_estimators"": 100, ""min_samples_leaf"": 2, ""bootstrap"": true}}, ""datepart_method"": ""expanded"", ""polynomial_degree"": null, ""holiday_countries_used"": false, ""lags"": null, ""forward_lags"": null, ""regression_type"": null}","{""fillna"": ""akima"", ""transformations"": {""0"": ""DifferencedTransformer"", ""1"": ""Scaler"", ""2"": ""Scaler""}, ""transformation_params"": {""0"": {""lag"": 1, ""fill"": ""bfill""}, ""1"": {}, ""2"": {}}}",0,1,57.58222748955457,4.805203070901153,5.643873964114366,1.1569266211586129,4.805203070901153,0.0,-0.023725283940633446,1.5790693686087804,288.28845897012854,4.805198453055855,15.127442250522302,1.0,0.36666666666666664,9.81950770909635,0.21666666666666667,8.079400327846848,4.068610645141625,25.917322579041446,85.90038748806239,0.24799319007913107,288.26473368618787,191.59912551577008,18.227228034689347,0.8783432157713089,57.58222748955457,4.805203070901153,5.643873964114366,1.1569266211586129,4.805203070901153,0.0,1.5790693686087804,4.805198453055855,15.127442250522302,9.81950770909635,0.21666666666666667,8.079400327846848,4.068610645141625,25.917322579041446,85.90038748806239,0.24799319007913107,288.26473368618787,191.59912551577008,18.227228034689347,0.8783432157713089,1.0,0.36666666666666664,0.2287,340.3793193290059,71.91404454302919,Wh,71.91404454302919,Wh
90,771db4278efdd289142766fdaf05c317,DatepartRegression,"{""regression_model"": {""model"": ""RandomForest"", ""model_params"": {""n_estimators"": 100, ""min_samples_leaf"": 2, ""bootstrap"": true}}, ""datepart_method"": ""expanded"", ""polynomial_degree"": null, ""holiday_countries_used"": false, ""lags"": null, ""forward_lags"": null, ""regression_type"": null}","{""fillna"": ""cubic"", ""transformations"": {""0"": ""DifferencedTransformer"", ""1"": ""Scaler""}, ""transformation_params"": {""0"": {""lag"": 1, ""fill"": ""bfill""}, ""1"": {}}}",0,1,57.58222748955457,4.805203070901154,5.643873964114366,1.1569266211586129,4.805203070901154,0.0,-0.023725283940633446,1.5790693686087804,288.28845897012854,4.805198453055856,15.127442250522302,1.0,0.36666666666666664,9.81950770909635,0.21666666666666667,8.079400327846848,4.068610645141625,25.917322579041446,85.90038748806239,0.24799319007913107,288.2647336861879,191.59912551577008,18.22722803468935,0.878343215771309,57.58222748955457,4.805203070901154,5.643873964114366,1.1569266211586129,4.805203070901154,0.0,1.5790693686087804,4.805198453055856,15.127442250522302,9.81950770909635,0.21666666666666667,8.079400327846848,4.068610645141625,25.917322579041446,85.90038748806239,0.24799319007913107,288.2647336861879,191.59912551577008,18.22722803468935,0.878343215771309,1.0,0.36666666666666664,0.2206,340.3793174496916,71.91404454302919,Wh,71.91404454302919,Wh
91,55463a1f398b28025ac00244182088a5,RollingRegression,"{""regression_model"": {""model"": ""Adaboost"", ""model_params"": {""n_estimators"": 500, ""loss"": ""linear"", ""estimator"": null, ""learning_rate"": 1, ""max_depth"": 2}}, ""holiday"": false, ""mean_rolling_periods"": null, ""macd_periods"": null, ""std_rolling_periods"": null, ""max_rolling_periods"": null, ""min_rolling_periods"": null, ""ewm_var_alpha"": null, ""quantile90_rolling_periods"": null, ""quantile10_rolling_periods"": null, ""ewm_alpha"": 0.5, ""additional_lag_periods"": 11, ""abs_energy"": false, ""rolling_autocorr_periods"": null, ""nonzero_last_n"": null, ""add_date_part"": null, ""polynomial_degree"": null, ""x_transform"": null, ""regression_type"": null}","{""fillna"": ""ffill_mean_biased"", ""transformations"": {""0"": ""DifferencedTransformer"", ""1"": ""Scaler""}, ""transformation_params"": {""0"": {""lag"": 1, ""fill"": ""bfill""}, ""1"": {}}}",0,1,91.9901513079928,2.9244543298135217,3.3371676471457343,1.0215935800877591,2.9244543298135217,0.0,-173.9797021769282,2.9181891443348964,1.4875576118830773,1.2681612058144411,13.841258316181866,1.0,0.55,5.7993998527526855,0.8,2.867783440595896,2.499331205626747,15.20392050697347,29.9175455608925,0.002760227863686345,172.49214456504512,119.4379913054213,22.334522293973613,0.5255839069009595,91.9901513079928,2.9244543298135217,3.3371676471457343,1.0215935800877591,2.9244543298135217,0.0,2.9181891443348964,1.2681612058144411,13.841258316181866,5.7993998527526855,0.8,2.867783440595896,2.499331205626747,15.20392050697347,29.9175455608925,0.002760227863686345,172.49214456504512,119.4379913054213,22.334522293973613,0.5255839069009595,1.0,0.55,0.3341,326.0846005670357,43.76700335763821,Wh,43.76700335763821,Wh
92,4d8ed26584b740e4571a3a681663ab51,RollingRegression,"{""regression_model"": {""model"": ""Adaboost"", ""model_params"": {""n_estimators"": 500, ""loss"": ""linear"", ""estimator"": null, ""learning_rate"": 1, ""max_depth"": 2}}, ""holiday"": false, ""mean_rolling_periods"": 12, ""macd_periods"": null, ""std_rolling_periods"": null, ""max_rolling_periods"": null, ""min_rolling_periods"": null, ""ewm_var_alpha"": null, ""quantile90_rolling_periods"": null, ""quantile10_rolling_periods"": null, ""ewm_alpha"": null, ""additional_lag_periods"": 11, ""abs_energy"": false, ""rolling_autocorr_periods"": null, ""nonzero_last_n"": null, ""add_date_part"": null, ""polynomial_degree"": null, ""x_transform"": null, ""regression_type"": null}","{""fillna"": ""rolling_mean"", ""transformations"": {""0"": ""DifferencedTransformer"", ""1"": ""Scaler""}, ""transformation_params"": {""0"": {""lag"": 1, ""fill"": ""bfill""}, ""1"": {}}}",0,1,76.62805884446333,2.582385166675454,2.990639290465221,1.0226671414239326,2.582385166675454,0.0,-153.12879203733007,2.5744914834600006,1.814317963197161,1.1786438733293982,13.91521125194151,1.0,0.55,5.489409923553467,0.8,2.6954656726568467,2.1540664734502886,13.709865170646202,25.511142910334744,0.09215211614109878,151.31447407413293,101.35700600307815,23.031873091684737,0.461055502875711,76.62805884446333,2.582385166675454,2.990639290465221,1.0226671414239326,2.582385166675454,0.0,2.5744914834600006,1.1786438733293982,13.91521125194151,5.489409923553467,0.8,2.6954656726568467,2.1540664734502886,13.709865170646202,25.511142910334744,0.09215211614109878,151.31447407413293,101.35700600307815,23.031873091684737,0.461055502875711,1.0,0.55,0.6679,312.3014320900504,38.64764072681095,Wh,38.64764072681095,Wh
93,872241d40863bbdfad6461ee2bc4f415,RollingRegression,"{""regression_model"": {""model"": ""ExtraTrees"", ""model_params"": {""n_estimators"": 100, ""min_samples_leaf"": 1, ""max_depth"": 10}}, ""holiday"": false, ""mean_rolling_periods"": null, ""macd_periods"": null, ""std_rolling_periods"": null, ""max_rolling_periods"": 420, ""min_rolling_periods"": 7, ""ewm_var_alpha"": null, ""quantile90_rolling_periods"": null, ""quantile10_rolling_periods"": null, ""ewm_alpha"": null, ""additional_lag_periods"": 363, ""abs_energy"": false, ""rolling_autocorr_periods"": null, ""nonzero_last_n"": null, ""add_date_part"": ""simple_binarized"", ""polynomial_degree"": null, ""x_transform"": null, ""regression_type"": null}","{""fillna"": ""ffill"", ""transformations"": {""0"": ""Scaler"", ""1"": ""DifferencedTransformer""}, ""transformation_params"": {""0"": {}, ""1"": {""lag"": 1, ""fill"": ""one""}}}",0,1,95.33967686732828,3.0444511357557587,3.424137169217239,1.0415184919749907,3.0444511357557587,0.0,-181.3629992659988,3.0394484099092853,1.304068879346703,1.303455989592274,12.549856783971626,1.0,0.5666666666666667,5.7993998527526855,0.8166666666666667,2.961638084327537,2.6450141168662227,15.478852880293115,31.00645314821189,0.13053565188411242,180.05893038665212,129.28329931017277,20.975055001993383,0.5486399183200957,95.33967686732828,3.0444511357557587,3.424137169217239,1.0415184919749907,3.0444511357557587,0.0,3.0394484099092853,1.303455989592274,12.549856783971626,5.7993998527526855,0.8166666666666667,2.961638084327537,2.6450141168662227,15.478852880293115,31.00645314821189,0.13053565188411242,180.05893038665212,129.28329931017277,20.975055001993383,0.5486399183200957,1.0,0.5666666666666667,2.0695,308.5543661796072,45.562859957291316,Wh,45.562859957291316,Wh
94,e72c01ba2ce113d83b1783dd69eb15e9,DatepartRegression,"{""regression_model"": {""model"": ""ElasticNet"", ""model_params"": {""l1_ratio"": 0.5, ""fit_intercept"": true, ""selection"": ""cyclic"", ""max_iter"": 1000}}, ""datepart_method"": [""db2_365.25_12_0.5"", ""morlet_7_7_1""], ""polynomial_degree"": null, ""holiday_countries_used"": false, ""lags"": null, ""forward_lags"": null, ""regression_type"": null}","{""fillna"": ""time"", ""transformations"": {""0"": ""Scaler"", ""1"": ""DifferencedTransformer""}, ""transformation_params"": {""0"": {}, ""1"": {""lag"": 1, ""fill"": ""bfill""}}}",0,1,42.49908055772842,3.0162267843882242,3.4774091562695566,1.0224570190809463,3.0162267843882242,0.0,-0.04292798042297363,1.2715981583461187,180.93067908287048,3.0162118534349265,14.831686105324943,1.0,0.45,5.851852655410767,0.2,5.154621205717114,2.6131407373091755,15.76523623490492,31.00920398808171,0.0,180.8877511024475,126.56914154200882,25.568016813357282,0.5511653366864024,42.49908055772842,3.0162267843882242,3.4774091562695566,1.0224570190809463,3.0162267843882242,0.0,1.2715981583461187,3.0162118534349265,14.831686105324943,5.851852655410767,0.2,5.154621205717114,2.6131407373091755,15.76523623490492,31.00920398808171,0.0,180.8877511024475,126.56914154200882,25.568016813357282,0.5511653366864024,1.0,0.45,0.1196,305.7100618331457,45.140457983536166,Wh,45.140457983536166,Wh
95,88cb45952eb027cc7cf89191d2d0dd47,ARIMA,"{""p"": 0, ""d"": 2, ""q"": 3, ""regression_type"": null}","{""fillna"": ""ffill"", ""transformations"": {""0"": ""DifferencedTransformer""}, ""transformation_params"": {""0"": {""lag"": 1, ""fill"": ""zero""}}}",0,1,29.85702719470613,1.9776091984578206,2.57013983411613,1.005062896043871,1.9776091984578206,0.0,-5.688262007348446,0.9486391765888786,112.9682899001208,1.9613077629207623,15.917161059597891,1.0,0.5,5.695163289729194,0.21666666666666667,3.9561995862328088,1.4768948537426398,11.769159626545894,20.119854014365544,0.006737916383384448,107.28002789277235,50.22050177039449,26.506847351944263,0.3268824579490638,29.85702719470613,1.9776091984578206,2.57013983411613,1.005062896043871,1.9776091984578206,0.0,0.9486391765888786,1.9613077629207623,15.917161059597891,5.695163289729194,0.21666666666666667,3.9561995862328088,1.4768948537426398,11.769159626545894,20.119854014365544,0.006737916383384448,107.28002789277235,50.22050177039449,26.506847351944263,0.3268824579490638,1.0,0.5,0.2466,304.1878739849829,29.596642199749706,Wh,29.596642199749706,Wh
96,6c822a808728ecefd0fb3c8b357257a1,ARIMA,"{""p"": 0, ""d"": 2, ""q"": 3, ""regression_type"": null}","{""fillna"": ""rolling_mean"", ""transformations"": {""0"": ""DifferencedTransformer"", ""1"": ""Scaler""}, ""transformation_params"": {""0"": {""lag"": 1, ""fill"": ""zero""}, ""1"": {}}}",0,1,29.85702719470613,1.9776091984578206,2.57013983411613,1.005062896043871,1.9776091984578206,0.0,-5.688262007348446,0.9486391765888786,112.9682899001208,1.9613077629207623,15.917161059597891,1.0,0.5,5.695163289729194,0.21666666666666667,3.9561995862328088,1.4768948537426398,11.769159626545894,20.119854014365544,0.006737916383384448,107.28002789277235,50.22050177039449,26.506847351944263,0.3268824579490638,29.85702719470613,1.9776091984578206,2.57013983411613,1.005062896043871,1.9776091984578206,0.0,0.9486391765888786,1.9613077629207623,15.917161059597891,5.695163289729194,0.21666666666666667,3.9561995862328088,1.4768948537426398,11.769159626545894,20.119854014365544,0.006737916383384448,107.28002789277235,50.22050177039449,26.506847351944263,0.3268824579490638,1.0,0.5,0.2326,304.1878707367853,29.596642199749706,Wh,29.596642199749706,Wh
97,8c59b0b78fcd8c80cce0d629506f63fe,WindowRegression,"{""window_size"": 20, ""input_dim"": ""univariate"", ""output_dim"": ""forecast_length"", ""normalize_window"": false, ""max_windows"": 5000000, ""fourier_encoding_components"": null, ""scale"": false, ""datepart_method"": null, ""regression_type"": null, ""regression_model"": {""model"": ""ElasticNet"", ""model_params"": {""l1_ratio"": 0.1, ""fit_intercept"": true, ""selection"": ""cyclic"", ""max_iter"": 200}}}","{""fillna"": ""rolling_mean"", ""transformations"": {""0"": ""DifferencedTransformer"", ""1"": ""Scaler""}, ""transformation_params"": {""0"": {""lag"": 2, ""fill"": ""bfill""}, ""1"": {}}}",0,1,71.51688538139099,6.032207061750927,6.06827388651596,1.323389063405369,6.032207061750927,0.0,0.0,1.946055282052168,361.9324237050556,6.032207061750927,11.577649032322364,0.9333333333333333,0.5333333333333333,7.70127508650879,0.2,8.105559132386087,5.84894610805267,23.34005197612544,124.0839200219439,0.3756166929439391,361.9324237050556,370.15987356160514,7.401172724494506,1.1028088134952965,71.51688538139099,6.032207061750927,6.06827388651596,1.323389063405369,6.032207061750927,0.0,1.946055282052168,6.032207061750927,11.577649032322364,7.70127508650879,0.2,8.105559132386087,5.84894610805267,23.34005197612544,124.0839200219439,0.3756166929439391,361.9324237050556,370.15987356160514,7.401172724494506,1.1028088134952965,0.9333333333333333,0.5333333333333333,0.0113,302.67720587631896,90.27722677497118,Wh,90.27722677497118,Wh
98,812bee471ee276399cdebba75ac90792,RollingRegression,"{""regression_model"": {""model"": ""RadiusNeighbors"", ""model_params"": {""radius"": 1.0, ""weights"": ""uniform"", ""algorithm"": ""auto"", ""leaf_size"": 20, ""p"": 2, ""metric"": ""euclidean""}}, ""holiday"": true, ""mean_rolling_periods"": 7, ""macd_periods"": 24, ""std_rolling_periods"": 30, ""max_rolling_periods"": null, ""min_rolling_periods"": 7, ""ewm_var_alpha"": null, ""quantile90_rolling_periods"": null, ""quantile10_rolling_periods"": null, ""ewm_alpha"": null, ""additional_lag_periods"": 23, ""abs_energy"": false, ""rolling_autocorr_periods"": null, ""nonzero_last_n"": null, ""add_date_part"": ""simple"", ""polynomial_degree"": null, ""x_transform"": ""Nystroem"", ""regression_type"": null}","{""fillna"": ""ffill"", ""transformations"": {""0"": ""DifferencedTransformer"", ""1"": ""Scaler""}, ""transformation_params"": {""0"": {""lag"": 1, ""fill"": ""bfill""}, ""1"": {}}}",0,1,39.68397329934671,2.7772964495102874,3.282906958337389,1.0388835905702085,2.7772964495102874,0.0,-0.8743751195816127,1.1933050719466969,165.76341185103564,2.7752789722940916,14.789980998449426,1.0,0.43333333333333335,5.586995234118961,0.21666666666666667,4.898118760034711,2.365632387114158,14.898313476210818,27.90470247832908,0.019010062223952424,164.88903673145404,108.27864865829653,24.73252737808524,0.5024172222392054,39.68397329934671,2.7772964495102874,3.282906958337389,1.0388835905702085,2.7772964495102874,0.0,1.1933050719466969,2.7752789722940916,14.789980998449426,5.586995234118961,0.21666666666666667,4.898118760034711,2.365632387114158,14.898313476210818,27.90470247832908,0.019010062223952424,164.88903673145404,108.27864865829653,24.73252737808524,0.5024172222392054,1.0,0.43333333333333335,19.6725,300.7160427791099,41.564657649697104,Wh,41.564657649697104,Wh
99,4bc96b4db69735c19c5e4f42d3b92bc8,ARIMA,"{""p"": 5, ""d"": 2, ""q"": 0, ""regression_type"": null}","{""fillna"": ""rolling_mean"", ""transformations"": {""0"": ""Scaler"", ""1"": ""Scaler""}, ""transformation_params"": {""0"": {}, ""1"": {}}}",0,1,76.5287713788621,7.623648132043241,8.737158850529578,1.1304396543411153,7.623648132043241,0.0,-0.20546468228801285,1.9859840999665894,457.2134232403065,7.623338139356139,9.9440614719369,1.0,0.43333333333333335,14.744451928493735,0.18333333333333332,12.291688070248938,6.552840734598938,40.26113558428579,204.86040133893385,0.029624983902946246,457.00795855801846,315.4639046320978,16.11280052207877,1.392504156925126,76.5287713788621,7.623648132043241,8.737158850529578,1.1304396543411153,7.623648132043241,0.0,1.9859840999665894,7.623338139356139,9.9440614719369,14.744451928493735,0.18333333333333332,12.291688070248938,6.552840734598938,40.26113558428579,204.86040133893385,0.029624983902946246,457.00795855801846,315.4639046320978,16.11280052207877,1.392504156925126,1.0,0.43333333333333335,0.0797,297.79104834556546,114.09452696560487,Wh,114.09452696560487,Wh
100,6563c206cf8b1d4951860555c554e4ad,RollingRegression,"{""regression_model"": {""model"": ""Adaboost"", ""model_params"": {""n_estimators"": 500, ""loss"": ""linear"", ""estimator"": null, ""learning_rate"": 1, ""max_depth"": 2}}, ""holiday"": false, ""mean_rolling_periods"": 12, ""macd_periods"": 2, ""std_rolling_periods"": null, ""max_rolling_periods"": null, ""min_rolling_periods"": null, ""ewm_var_alpha"": null, ""quantile90_rolling_periods"": null, ""quantile10_rolling_periods"": null, ""ewm_alpha"": null, ""additional_lag_periods"": 11, ""abs_energy"": false, ""rolling_autocorr_periods"": null, ""nonzero_last_n"": null, ""add_date_part"": null, ""polynomial_degree"": null, ""x_transform"": null, ""regression_type"": null}","{""fillna"": ""ffill"", ""transformations"": {""0"": ""DifferencedTransformer"", ""1"": ""Scaler"", ""2"": ""Scaler"", ""3"": ""Scaler""}, ""transformation_params"": {""0"": {""lag"": 1, ""fill"": ""zero""}, ""1"": {}, ""2"": {}, ""3"": {}}}",0,1,57.42140706568321,2.1426918878630588,2.4912008960927605,1.034997157211994,2.1426918878630588,0.0,-126.4364222491503,2.133359052908579,2.125091022633222,1.0608030973571707,12.689885135729629,1.0,0.5666666666666667,4.864003264938068,0.8,2.48379175455815,1.7718111895803208,11.368308367102935,18.616588757434666,0.05920871699919831,124.31133122651707,82.65860596353137,23.90642998541776,0.3787768730155389,57.42140706568321,2.1426918878630588,2.4912008960927605,1.034997157211994,2.1426918878630588,0.0,2.133359052908579,1.0608030973571707,12.689885135729629,4.864003264938068,0.8,2.48379175455815,1.7718111895803208,11.368308367102935,18.616588757434666,0.05920871699919831,124.31133122651707,82.65860596353137,23.90642998541776,0.3787768730155389,1.0,0.5666666666666667,0.464,273.2170982256356,32.06724827071123,Wh,32.06724827071123,Wh
101,331b5412026122ea521ecca8c87d3697,ARIMA,"{""p"": 1, ""d"": 1, ""q"": 1, ""regression_type"": null}","{""fillna"": ""rolling_mean"", ""transformations"": {""0"": ""Scaler"", ""1"": ""DifferencedTransformer""}, ""transformation_params"": {""0"": {}, ""1"": {""lag"": 1, ""fill"": ""bfill""}}}",0,1,20.159371387436586,1.1753482053635487,1.421109763055328,1.0019463421188135,1.1753482053635487,0.0,-0.42888636141822545,0.697996368155927,70.0920059603947,1.1751424652219649,14.610272460356795,1.0,0.45,2.379495322528766,0.2,2.572246935398222,0.988765141023255,5.889810045717997,4.595166880300025,0.0005185341039514714,69.66311959897646,50.89536321663968,29.247977660822894,0.21226366370517316,20.159371387436586,1.1753482053635487,1.421109763055328,1.0019463421188135,1.1753482053635487,0.0,0.697996368155927,1.1751424652219649,14.610272460356795,2.379495322528766,0.2,2.572246935398222,0.988765141023255,5.889810045717997,4.595166880300025,0.0005185341039514714,69.66311959897646,50.89536321663968,29.247977660822894,0.21226366370517316,1.0,0.45,0.0659,266.80254016109285,17.590108460958817,Wh,17.590108460958817,Wh
102,3b2b660974fc6a31a937d8de7ac979d2,ARIMA,"{""p"": 1, ""d"": 0, ""q"": 1, ""regression_type"": ""Holiday""}","{""fillna"": ""quadratic"", ""transformations"": {""0"": ""Scaler"", ""1"": ""DifferencedTransformer"", ""2"": ""Scaler"", ""3"": ""Scaler""}, ""transformation_params"": {""0"": {}, ""1"": {""lag"": 1, ""fill"": ""bfill""}, ""2"": {}, ""3"": {}}}",0,1,27.783620123670776,1.2841594602776154,1.525956009180385,1.0740637915515214,1.2841594602776154,0.0,-75.54665681567843,1.279768030942187,1.502910800978504,0.7617631236778836,14.014331474402038,1.0,0.55,3.268798470509551,0.8,2.100710823136207,1.0518971959076366,6.167610505343384,8.229716772944624,0.10483043093083885,74.04374601469993,60.569450663371505,25.721018568165395,0.2256114410897907,27.783620123670776,1.2841594602776154,1.525956009180385,1.0740637915515214,1.2841594602776154,0.0,1.279768030942187,0.7617631236778836,14.014331474402038,3.268798470509551,0.8,2.100710823136207,1.0518971959076366,6.167610505343384,8.229716772944624,0.10483043093083885,74.04374601469993,60.569450663371505,25.721018568165395,0.2256114410897907,1.0,0.55,0.3129,263.92435255069074,19.218563557905554,Wh,19.218563557905554,Wh
103,3f293c4f971794b545eee06003bd8fdd,ARIMA,"{""p"": 4, ""d"": 0, ""q"": 1, ""regression_type"": ""Holiday""}","{""fillna"": ""ffill"", ""transformations"": {""0"": ""DifferencedTransformer"", ""1"": ""Scaler""}, ""transformation_params"": {""0"": {""lag"": 1, ""fill"": ""bfill""}, ""1"": {}}}",0,1,26.557801598749094,1.2374602324194364,1.4762453101251962,1.0740899197698137,1.2374602324194364,0.0,-72.513482504106,1.232288892597623,1.7341314410601862,0.7423102527659028,14.077650363302748,1.0,0.6166666666666667,3.1855146696058743,0.8,2.068979006594879,1.010487872194668,5.933478578697811,7.890465961088394,0.10513815611487541,70.7793510630458,57.87465441645565,25.633627634404142,0.21566482319200478,26.557801598749094,1.2374602324194364,1.4762453101251962,1.0740899197698137,1.2374602324194364,0.0,1.232288892597623,0.7423102527659028,14.077650363302748,3.1855146696058743,0.8,2.068979006594879,1.010487872194668,5.933478578697811,7.890465961088394,0.10513815611487541,70.7793510630458,57.87465441645565,25.633627634404142,0.21566482319200478,1.0,0.6166666666666667,0.4014,263.564179113631,18.519668984093432,Wh,18.519668984093432,Wh
104,85f60980077b2015c2ab3d1cf3bcb26a,ARIMA,"{""p"": 0, ""d"": 0, ""q"": 1, ""regression_type"": ""Holiday""}","{""fillna"": ""pchip"", ""transformations"": {""0"": ""DifferencedTransformer""}, ""transformation_params"": {""0"": {""lag"": 1, ""fill"": ""bfill""}}}",0,1,28.67785511806301,1.3064433126167694,1.5682705767056426,1.0828986140615136,1.3064433126167694,0.0,-76.6702573521189,1.3008479189158266,1.7163414048872747,0.7679860005793085,13.917037910033248,1.0,0.55,3.420635705479458,0.8,2.1068591886674666,1.0568803482824387,6.407705487907112,8.707183346403653,0.1115583280900929,74.95391594723161,59.287782836014934,25.68366312765464,0.22838473068097778,28.67785511806301,1.3064433126167694,1.5682705767056426,1.0828986140615136,1.3064433126167694,0.0,1.3008479189158266,0.7679860005793085,13.917037910033248,3.420635705479458,0.8,2.1068591886674666,1.0568803482824387,6.407705487907112,8.707183346403653,0.1115583280900929,74.95391594723161,59.287782836014934,25.68366312765464,0.22838473068097778,1.0,0.55,0.2776,263.28048347233414,19.55206079539227,Wh,19.55206079539227,Wh
105,62da0539819ff6e8a2e95e4ab5452ad6,ARIMA,"{""p"": 1, ""d"": 0, ""q"": 4, ""regression_type"": null}","{""fillna"": ""nearest"", ""transformations"": {""0"": ""Scaler"", ""1"": ""DifferencedTransformer""}, ""transformation_params"": {""0"": {}, ""1"": {""lag"": 1, ""fill"": ""bfill""}}}",0,1,17.548261239119668,0.999468403268241,1.2131726166709675,1.0082851188832243,0.999468403268241,0.0,-1.2476768822003192,0.6285971003211434,58.72042731389414,0.9980990095340728,14.622407336525717,1.0,0.45,2.1312590587048437,0.2,2.3539721710765225,0.8323351861964939,4.825691667427708,3.2958701209291257,0.00560695508160468,57.47275043169382,42.73723428542621,28.909755986432877,0.17511958465356528,17.548261239119668,0.999468403268241,1.2131726166709675,1.0082851188832243,0.999468403268241,0.0,0.6285971003211434,0.9980990095340728,14.622407336525717,2.1312590587048437,0.2,2.3539721710765225,0.8323351861964939,4.825691667427708,3.2958701209291257,0.00560695508160468,57.47275043169382,42.73723428542621,28.909755986432877,0.17511958465356528,1.0,0.45,0.1188,263.21381123011935,14.957914204966821,Wh,14.957914204966821,Wh
106,1b1665bdf6cd032701dc7f63a11aaadb,ARIMA,"{""p"": 1, ""d"": 0, ""q"": 5, ""regression_type"": null}","{""fillna"": ""ffill"", ""transformations"": {""0"": ""Scaler"", ""1"": ""Scaler"", ""2"": ""DifferencedTransformer""}, ""transformation_params"": {""0"": {}, ""1"": {}, ""2"": {""lag"": 1, ""fill"": ""bfill""}}}",0,1,17.461291817933194,0.9937452050139012,1.205474101183188,1.0083638311449594,0.9937452050139012,0.0,-1.3603975763575225,0.6268423100585636,58.26431472447655,0.9922077487626588,14.621435239669685,1.0,0.43333333333333335,2.120867171572473,0.2,2.346660342953436,0.8274356665701547,4.792408743407782,3.25980839316431,0.005742218507520842,56.90391714811902,42.212204857500296,28.888822378107186,0.17338634850933146,17.461291817933194,0.9937452050139012,1.205474101183188,1.0083638311449594,0.9937452050139012,0.0,0.6268423100585636,0.9922077487626588,14.621435239669685,2.120867171572473,0.2,2.346660342953436,0.8274356665701547,4.792408743407782,3.25980839316431,0.005742218507520842,56.90391714811902,42.212204857500296,28.888822378107186,0.17338634850933146,1.0,0.43333333333333335,0.2096,263.06724091598477,14.872261563836297,Wh,14.872261563836297,Wh
107,4b62c0f95d2f0c6351e6258a061e330f,ARIMA,"{""p"": 4, ""d"": 0, ""q"": 2, ""regression_type"": null}","{""fillna"": ""akima"", ""transformations"": {""0"": ""DifferencedTransformer"", ""1"": ""Scaler""}, ""transformation_params"": {""0"": {""lag"": 1, ""fill"": ""bfill""}, ""1"": {}}}",0,1,15.776814044973634,0.8850521621667937,1.0629396139948921,1.0045635538154363,0.8850521621667937,0.0,-3.3083797178421435,0.5899202782777279,49.79475001216548,0.8788786920126467,14.596861158837443,1.0,0.48333333333333334,1.9322035114285816,0.8,1.7543939514617113,0.7328550580596596,4.184585907362086,2.4961179324893,0.003516974495512517,46.486370294323336,32.51079206177658,29.39267484574027,0.14164406256611822,15.776814044973634,0.8850521621667937,1.0629396139948921,1.0045635538154363,0.8850521621667937,0.0,0.5899202782777279,0.8788786920126467,14.596861158837443,1.9322035114285816,0.8,1.7543939514617113,0.7328550580596596,4.184585907362086,2.4961179324893,0.003516974495512517,46.486370294323336,32.51079206177658,29.39267484574027,0.14164406256611822,1.0,0.48333333333333334,0.225,260.16481604834246,13.245575613317587,Wh,13.245575613317587,Wh
108,180362d69eafad1351755524b17ff3b9,ARIMA,"{""p"": 3, ""d"": 0, ""q"": 2, ""regression_type"": null}","{""fillna"": ""rolling_mean"", ""transformations"": {""0"": ""Scaler"", ""1"": ""DifferencedTransformer""}, ""transformation_params"": {""0"": {}, ""1"": {""lag"": 1, ""fill"": ""bfill""}}}",0,1,15.778218625883387,0.8851438367366865,1.063200203952977,1.004371916519055,0.8851438367366865,0.0,-3.2956645573303343,0.5898694535804709,49.81296564687085,0.8790038172921063,14.593307636406976,1.0,0.4666666666666667,1.9325729546235593,0.8,1.7544902020497282,0.7328977116866636,4.18565450191827,2.4938076921048635,0.0033317439539611395,46.51730108954052,32.548748314202605,29.409312478373202,0.1417383087605452,15.778218625883387,0.8851438367366865,1.063200203952977,1.004371916519055,0.8851438367366865,0.0,0.5898694535804709,0.8790038172921063,14.593307636406976,1.9325729546235593,0.8,1.7544902020497282,0.7328977116866636,4.18565450191827,2.4938076921048635,0.0033317439539611395,46.51730108954052,32.548748314202605,29.409312478373202,0.1417383087605452,1.0,0.4666666666666667,0.151,260.1099410165498,13.246947603014059,Wh,13.246947603014059,Wh
109,85a60e1958cb2d009bac39edeb1817d7,ARIMA,"{""p"": 1, ""d"": 0, ""q"": 2, ""regression_type"": null}","{""fillna"": ""ffill"", ""transformations"": {""0"": ""DifferencedTransformer"", ""1"": ""Scaler""}, ""transformation_params"": {""0"": {""lag"": 1, ""fill"": ""bfill""}, ""1"": {}}}",0,1,15.428057762537154,0.8629966843009669,1.0351297851836878,1.003061639138043,0.8629966843009669,0.0,-3.743918398096019,0.5818450457315838,48.035882659962,0.8552453017355506,14.570932357652651,1.0,0.55,1.8938514998825573,0.8,1.7402160312060864,0.7136754354063025,4.061312843428333,2.354315496611622,0.00179085908617121,44.29196426186598,30.398878600113694,29.503677267239222,0.134957703029142,15.428057762537154,0.8629966843009669,1.0351297851836878,1.003061639138043,0.8629966843009669,0.0,0.5818450457315838,0.8552453017355506,14.570932357652651,1.8938514998825573,0.8,1.7402160312060864,0.7136754354063025,4.061312843428333,2.354315496611622,0.00179085908617121,44.29196426186598,30.398878600113694,29.503677267239222,0.134957703029142,1.0,0.55,0.0844,259.22950697235314,12.915496198512875,Wh,12.915496198512875,Wh
110,c2377c43bb7e86fa8f35c579a32f621f,ARIMA,"{""p"": 1, ""d"": 0, ""q"": 2, ""regression_type"": null}","{""fillna"": ""cubic"", ""transformations"": {""0"": ""DifferencedTransformer"", ""1"": ""Scaler""}, ""transformation_params"": {""0"": {""lag"": 1, ""fill"": ""bfill""}, ""1"": {}}}",0,1,15.428057762537154,0.8629966843009669,1.0351297851836878,1.003061639138043,0.8629966843009669,0.0,-3.743918398096019,0.5818450457315838,48.035882659962,0.8552453017355506,14.570932357652651,1.0,0.55,1.8938514998825573,0.8,1.7402160312060864,0.7136754354063025,4.061312843428333,2.354315496611622,0.00179085908617121,44.29196426186598,30.398878600113694,29.503677267239222,0.134957703029142,15.428057762537154,0.8629966843009669,1.0351297851836878,1.003061639138043,0.8629966843009669,0.0,0.5818450457315838,0.8552453017355506,14.570932357652651,1.8938514998825573,0.8,1.7402160312060864,0.7136754354063025,4.061312843428333,2.354315496611622,0.00179085908617121,44.29196426186598,30.398878600113694,29.503677267239222,0.134957703029142,1.0,0.55,0.0839,259.2295068563461,12.915496198512875,Wh,12.915496198512875,Wh
111,0112739d2a61fe38f15cbeacc6fd1f18,ARIMA,"{""p"": 1, ""d"": 0, ""q"": 1, ""regression_type"": null}","{""fillna"": ""nearest"", ""transformations"": {""0"": ""Scaler"", ""1"": ""DifferencedTransformer""}, ""transformation_params"": {""0"": {}, ""1"": {""lag"": 1, ""fill"": ""bfill""}}}",0,1,15.304319089812441,0.8552076943645605,1.0257064830559446,1.001835466020309,0.8552076943645605,0.0,-3.866360854380998,0.5787281164157159,47.44610080749263,0.8469404560946546,14.548939298950387,1.0,0.55,1.8806303923655063,0.8,1.7353793799631798,0.7068450543295428,4.018639110268385,2.3010439753954124,0.0014719801205039461,43.57973995311163,29.751371305995583,29.480112724606883,0.13278755414654295,15.304319089812441,0.8552076943645605,1.0257064830559446,1.001835466020309,0.8552076943645605,0.0,0.5787281164157159,0.8469404560946546,14.548939298950387,1.8806303923655063,0.8,1.7353793799631798,0.7068450543295428,4.018639110268385,2.3010439753954124,0.0014719801205039461,43.57973995311163,29.751371305995583,29.480112724606883,0.13278755414654295,1.0,0.55,0.0597,258.69167022222445,12.79892718759553,Wh,12.79892718759553,Wh
112,c9c6a5a688313c685c01032aac7a85b8,ARIMA,"{""p"": 1, ""d"": 0, ""q"": 1, ""regression_type"": null}","{""fillna"": ""ffill"", ""transformations"": {""0"": ""Scaler"", ""1"": ""Scaler"", ""2"": ""DifferencedTransformer""}, ""transformation_params"": {""0"": {}, ""1"": {}, ""2"": {""lag"": 1, ""fill"": ""bfill""}}}",0,1,15.304319089812441,0.8552076943645605,1.0257064830559446,1.001835466020309,0.8552076943645605,0.0,-3.866360854380998,0.5787281164157159,47.44610080749263,0.8469404560946546,14.548939298950387,1.0,0.55,1.8806303923655063,0.8,1.7353793799631798,0.7068450543295428,4.018639110268385,2.3010439753954124,0.0014719801205039461,43.57973995311163,29.751371305995583,29.480112724606883,0.13278755414654295,15.304319089812441,0.8552076943645605,1.0257064830559446,1.001835466020309,0.8552076943645605,0.0,0.5787281164157159,0.8469404560946546,14.548939298950387,1.8806303923655063,0.8,1.7353793799631798,0.7068450543295428,4.018639110268385,2.3010439753954124,0.0014719801205039461,43.57973995311163,29.751371305995583,29.480112724606883,0.13278755414654295,1.0,0.55,0.0563,258.69166943337643,12.79892718759553,Wh,12.79892718759553,Wh
113,71306a3f6f7030807ab8ec47a3bb7323,ARIMA,"{""p"": 1, ""d"": 0, ""q"": 1, ""regression_type"": null}","{""fillna"": ""quadratic"", ""transformations"": {""0"": ""Scaler"", ""1"": ""Scaler"", ""2"": ""Scaler"", ""3"": ""DifferencedTransformer"", ""4"": ""Scaler""}, ""transformation_params"": {""0"": {}, ""1"": {}, ""2"": {}, ""3"": {""lag"": 1, ""fill"": ""bfill""}, ""4"": {}}}",0,1,15.304319089812441,0.8552076943645605,1.0257064830559446,1.001835466020309,0.8552076943645605,0.0,-3.866360854380998,0.5787281164157159,47.44610080749263,0.8469404560946546,14.548939298950387,1.0,0.55,1.8806303923655063,0.8,1.7353793799631798,0.7068450543295428,4.018639110268385,2.3010439753954124,0.0014719801205039461,43.57973995311163,29.751371305995583,29.480112724606883,0.13278755414654295,15.304319089812441,0.8552076943645605,1.0257064830559446,1.001835466020309,0.8552076943645605,0.0,0.5787281164157159,0.8469404560946546,14.548939298950387,1.8806303923655063,0.8,1.7353793799631798,0.7068450543295428,4.018639110268385,2.3010439753954124,0.0014719801205039461,43.57973995311163,29.751371305995583,29.480112724606883,0.13278755414654295,1.0,0.55,0.0552,258.6916691781609,12.79892718759553,Wh,12.79892718759553,Wh
114,d18989e5415a89cb3fcdd484d42a6a17,ARIMA,"{""p"": 1, ""d"": 0, ""q"": 1, ""regression_type"": null}","{""fillna"": ""zero"", ""transformations"": {""0"": ""Scaler"", ""1"": ""DifferencedTransformer""}, ""transformation_params"": {""0"": {}, ""1"": {""lag"": 1, ""fill"": ""bfill""}}}",0,1,15.304319089812441,0.8552076943645605,1.0257064830559446,1.001835466020309,0.8552076943645605,0.0,-3.866360854380998,0.5787281164157159,47.44610080749263,0.8469404560946546,14.548939298950387,1.0,0.55,1.8806303923655063,0.8,1.7353793799631798,0.7068450543295428,4.018639110268385,2.3010439753954124,0.0014719801205039461,43.57973995311163,29.751371305995583,29.480112724606883,0.13278755414654295,15.304319089812441,0.8552076943645605,1.0257064830559446,1.001835466020309,0.8552076943645605,0.0,0.5787281164157159,0.8469404560946546,14.548939298950387,1.8806303923655063,0.8,1.7353793799631798,0.7068450543295428,4.018639110268385,2.3010439753954124,0.0014719801205039461,43.57973995311163,29.751371305995583,29.480112724606883,0.13278755414654295,1.0,0.55,0.05,258.69166797168754,12.79892718759553,Wh,12.79892718759553,Wh
115,72cc4c80ff66409c724e7086479e68df,DatepartRegression,"{""regression_model"": {""model"": ""ElasticNet"", ""model_params"": {""l1_ratio"": 0.5, ""fit_intercept"": true, ""selection"": ""random"", ""max_iter"": 1000}}, ""datepart_method"": [""dayofweek"", [365.25, 14]], ""polynomial_degree"": null, ""holiday_countries_used"": false, ""lags"": null, ""forward_lags"": null, ""regression_type"": null}","{""fillna"": ""linear"", ""transformations"": {""0"": ""Scaler"", ""1"": ""Scaler"", ""2"": ""Scaler"", ""3"": ""DifferencedTransformer"", ""4"": ""Scaler"", ""5"": ""Scaler""}, ""transformation_params"": {""0"": {}, ""1"": {}, ""2"": {}, ""3"": {""lag"": 1, ""fill"": ""zero""}, ""4"": {}, ""5"": {}}}",0,1,28.727298256908945,1.8056730476518472,2.1179933119890206,1.0091708465103666,1.8056730476518472,0.0,-0.08864077553153038,0.9353852224727651,108.2517420835793,1.8056187573670475,13.329320856649018,1.0,0.45,3.5071781538426876,0.2,3.3999407131860626,1.5512383410743638,9.313907065000443,10.927733755920627,0.0,108.16310130804777,76.84453803302442,27.974173257945612,0.32957318439838224,28.727298256908945,1.8056730476518472,2.1179933119890206,1.0091708465103666,1.8056730476518472,0.0,0.9353852224727651,1.8056187573670475,13.329320856649018,3.5071781538426876,0.2,3.3999407131860626,1.5512383410743638,9.313907065000443,10.927733755920627,0.0,108.16310130804777,76.84453803302442,27.974173257945612,0.32957318439838224,1.0,0.45,0.1161,258.5867371751129,27.02346811632873,Wh,27.02346811632873,Wh
116,712a3cd27ed602d35bdf10f0d5fa0ca1,DatepartRegression,"{""regression_model"": {""model"": ""Adaboost"", ""model_params"": {""n_estimators"": 50, ""loss"": ""linear"", ""estimator"": null, ""learning_rate"": 0.5, ""max_depth"": 3}}, ""datepart_method"": [""dayofweek"", [365.25, 14]], ""polynomial_degree"": null, ""holiday_countries_used"": false, ""lags"": null, ""forward_lags"": null, ""regression_type"": null}","{""fillna"": ""linear"", ""transformations"": {""0"": ""Scaler"", ""1"": ""DifferencedTransformer""}, ""transformation_params"": {""0"": {}, ""1"": {""lag"": 1, ""fill"": ""bfill""}}}",0,1,11.4451912370462,0.6176638127319102,0.7390245337068924,0.9932897894441158,0.6176638127319102,0.0,-23.716284349490827,0.5608536883353542,13.343544414423771,0.5071831112603817,14.305176075654451,1.0,0.5833333333333334,1.6104581748117734,0.8,1.6342784939118973,0.4961934213836314,2.2563005102670286,1.3631509486403366,0.030209899632598423,10.37273993506706,13.382349833135082,26.744543678929908,0.031605759172901635,11.4451912370462,0.6176638127319102,0.7390245337068924,0.9932897894441158,0.6176638127319102,0.0,0.5608536883353542,0.5071831112603817,14.305176075654451,1.6104581748117734,0.8,1.6342784939118973,0.4961934213836314,2.2563005102670286,1.3631509486403366,0.030209899632598423,10.37273993506706,13.382349833135082,26.744543678929908,0.031605759172901635,1.0,0.5833333333333334,0.2351,249.25302581590597,9.243876332803907,Wh,9.243876332803907,Wh
117,5e821e74b9b97346f39dae9a70bca3ed,RollingRegression,"{""regression_model"": {""model"": ""ExtraTrees"", ""model_params"": {""n_estimators"": 100, ""min_samples_leaf"": 1, ""max_depth"": 10}}, ""holiday"": false, ""mean_rolling_periods"": null, ""macd_periods"": null, ""std_rolling_periods"": null, ""max_rolling_periods"": 12, ""min_rolling_periods"": 7, ""ewm_var_alpha"": null, ""quantile90_rolling_periods"": null, ""quantile10_rolling_periods"": null, ""ewm_alpha"": null, ""additional_lag_periods"": 363, ""abs_energy"": true, ""rolling_autocorr_periods"": null, ""nonzero_last_n"": null, ""add_date_part"": ""expanded"", ""polynomial_degree"": null, ""x_transform"": null, ""regression_type"": null}","{""fillna"": ""rolling_mean"", ""transformations"": {""0"": ""Scaler"", ""1"": ""Scaler"", ""2"": ""Scaler"", ""3"": ""DifferencedTransformer""}, ""transformation_params"": {""0"": {}, ""1"": {}, ""2"": {}, ""3"": {""lag"": 1, ""fill"": ""zero""}}}",0,1,21.651896196092615,1.2780160825587716,1.4692307625332135,1.091039552663067,1.2780160825587716,0.0,-0.26925166803454914,0.7653551126373809,76.41171328549176,1.2777864857137584,13.239978527830202,1.0,0.5,2.566555939514405,0.2,2.632244714567025,1.1000389723453805,6.058765786896626,4.940028338696741,0.1845673621533651,76.1424616174572,60.94522009453458,21.769402357496265,0.23200623169751727,21.651896196092615,1.2780160825587716,1.4692307625332135,1.091039552663067,1.2780160825587716,0.0,0.7653551126373809,1.2777864857137584,13.239978527830202,2.566555939514405,0.2,2.632244714567025,1.1000389723453805,6.058765786896626,4.940028338696741,0.1845673621533651,76.1424616174572,60.94522009453458,21.769402357496265,0.23200623169751727,1.0,0.5,2.4449,246.3350542226357,19.126622565527327,Wh,19.126622565527327,Wh
118,26b390e07db57c3f01a31c73ca60ec29,RollingRegression,"{""regression_model"": {""model"": ""RadiusNeighbors"", ""model_params"": {""radius"": 1.0, ""weights"": ""uniform"", ""algorithm"": ""auto"", ""leaf_size"": 20, ""p"": 2, ""metric"": ""euclidean""}}, ""holiday"": true, ""mean_rolling_periods"": 7, ""macd_periods"": null, ""std_rolling_periods"": null, ""max_rolling_periods"": null, ""min_rolling_periods"": 7, ""ewm_var_alpha"": null, ""quantile90_rolling_periods"": null, ""quantile10_rolling_periods"": null, ""ewm_alpha"": 0.05, ""additional_lag_periods"": 11, ""abs_energy"": false, ""rolling_autocorr_periods"": null, ""nonzero_last_n"": null, ""add_date_part"": null, ""polynomial_degree"": null, ""x_transform"": null, ""regression_type"": null}","{""fillna"": ""pchip"", ""transformations"": {""0"": ""Scaler"", ""1"": ""Scaler"", ""2"": ""Scaler"", ""3"": ""Scaler"", ""4"": ""DifferencedTransformer""}, ""transformation_params"": {""0"": {}, ""1"": {}, ""2"": {}, ""3"": {}, ""4"": {""lag"": 1, ""fill"": ""zero""}}}",0,1,27.557409624173562,1.3008373687356278,1.5090334264995464,1.079962490523463,1.3008373687356278,0.0,-77.5793223350163,1.2998540158876088,0.47091978912137655,0.7733121320425469,12.827412732128451,1.0,0.45,2.9409483495192443,0.8,2.1440915818018085,1.0916855104689158,5.908727684887327,9.17974869200698,0.15286297142112373,77.10840254589492,69.42689781412662,23.02887572971831,0.23494945562394015,27.557409624173562,1.3008373687356278,1.5090334264995464,1.079962490523463,1.3008373687356278,0.0,1.2998540158876088,0.7733121320425469,12.827412732128451,2.9409483495192443,0.8,2.1440915818018085,1.0916855104689158,5.908727684887327,9.17974869200698,0.15286297142112373,77.10840254589492,69.42689781412662,23.02887572971831,0.23494945562394015,1.0,0.45,12.164,244.4380915942735,19.468162967969434,Wh,19.468162967969434,Wh
119,fead31a19d8d0f6c4b4800d772e2fb2c,ARIMA,"{""p"": 4, ""d"": 0, ""q"": 1, ""regression_type"": null}","{""fillna"": ""ffill"", ""transformations"": {""0"": ""Scaler"", ""1"": ""DifferencedTransformer""}, ""transformation_params"": {""0"": {}, ""1"": {""lag"": 1, ""fill"": ""zero""}}}",0,1,14.57262673720041,0.8095249069172149,0.9638743799839928,1.0050681203890435,0.8095249069172149,0.0,-5.113305612324637,0.5640455300994507,43.45818880270826,0.7966209207513261,13.282892422021797,1.0,0.5333333333333333,1.789200567328149,0.8,1.7062337981801539,0.6692263331652107,3.736843223851746,2.0737148808626964,0.00533755495167504,38.344883190383634,24.732319476683237,29.14860879132215,0.11683693519888429,14.57262673720041,0.8095249069172149,0.9638743799839928,1.0050681203890435,0.8095249069172149,0.0,0.5640455300994507,0.7966209207513261,13.282892422021797,1.789200567328149,0.8,1.7062337981801539,0.6692263331652107,3.736843223851746,2.0737148808626964,0.00533755495167504,38.344883190383634,24.732319476683237,29.14860879132215,0.11683693519888429,1.0,0.5333333333333333,0.1537,236.8830355855569,12.115244528847448,Wh,12.115244528847448,Wh
120,453afba72e6df0f029325687a8d70dce,ARIMA,"{""p"": 0, ""d"": 0, ""q"": 1, ""regression_type"": null}","{""fillna"": ""ffill"", ""transformations"": {""0"": null}, ""transformation_params"": {""0"": {}}}",0,1,197.81847821472005,5.417426224894678,5.471227365751197,1.1966908708419215,5.417426224894678,0.0,-325.04557349368065,5.417426224894678,0.0,1.8517201448836003,1.7811224739500682,1.0,0.55,6.628880023956299,0.8,5.046981170986317,5.222811432851711,20.53265840768429,79.92460744752734,0.05296551116935281,325.04557349368065,339.33912454308586,19.95000612844434,0.9904145076777684,197.81847821472005,5.417426224894678,5.471227365751197,1.1966908708419215,5.417426224894678,0.0,5.417426224894678,1.8517201448836003,1.7811224739500682,6.628880023956299,0.8,5.046981170986317,5.222811432851711,20.53265840768429,79.92460744752734,0.05296551116935281,325.04557349368065,339.33912454308586,19.95000612844434,0.9904145076777684,1.0,0.55,0.0411,232.65781320585694,81.07649668437176,Wh,81.07649668437176,Wh
121,eef00b22a3126418f955cdc6da2466c1,ARIMA,"{""p"": 0, ""d"": 0, ""q"": 2, ""regression_type"": null}","{""fillna"": ""cubic"", ""transformations"": {""0"": ""Scaler"", ""1"": ""Scaler""}, ""transformation_params"": {""0"": {}, ""1"": {}}}",0,1,196.93084852803204,5.3951873363280125,5.4539948079710685,1.176766590107005,5.3951873363280125,0.0,-323.7112401796808,5.3951873363280125,0.0,1.8471125091783422,1.6451448974690774,1.0,0.55,6.628880023956299,0.8,5.030359102592522,5.196648034537986,20.51004124436108,74.34853962228914,0.06930657112554102,323.7112401796808,336.70914027920236,19.905858584086456,0.9863487914212481,196.93084852803204,5.3951873363280125,5.4539948079710685,1.176766590107005,5.3951873363280125,0.0,5.3951873363280125,1.8471125091783422,1.6451448974690774,6.628880023956299,0.8,5.030359102592522,5.196648034537986,20.51004124436108,74.34853962228914,0.06930657112554102,323.7112401796808,336.70914027920236,19.905858584086456,0.9863487914212481,1.0,0.55,0.4299,229.54552454414616,80.7436723688594,Wh,80.7436723688594,Wh
122,1b1494886ea3c030d656cfa3f6b5346d,ARIMA,"{""p"": 1, ""d"": 0, ""q"": 2, ""regression_type"": ""Holiday""}","{""fillna"": ""zero"", ""transformations"": {""0"": ""Scaler"", ""1"": ""DifferencedTransformer""}, ""transformation_params"": {""0"": {}, ""1"": {""lag"": 1, ""fill"": ""zero""}}}",0,1,11.293545128103508,0.6107026955388413,0.7154049079837231,1.0262776815343382,0.6107026955388413,0.0,-26.40118803491347,0.5698925754132593,10.240973697417015,0.4893653650431514,13.11126884647457,1.0,0.55,1.379289599319546,0.8,1.625046118569495,0.5114663020976622,2.2141036309747135,1.7585104643836231,0.04586345826080794,16.160214337496456,19.035179021666494,27.558698063870207,0.0492402051657225,11.293545128103508,0.6107026955388413,0.7154049079837231,1.0262776815343382,0.6107026955388413,0.0,0.5698925754132593,0.4893653650431514,13.11126884647457,1.379289599319546,0.8,1.625046118569495,0.5114663020976622,2.2141036309747135,1.7585104643836231,0.04586345826080794,16.160214337496456,19.035179021666494,27.558698063870207,0.0492402051657225,1.0,0.55,0.3715,229.52757409027288,9.13969715775029,Wh,9.13969715775029,Wh
123,fbcc21272756e825bcc5a52aa256b113,ARIMA,"{""p"": 0, ""d"": 0, ""q"": 4, ""regression_type"": null}","{""fillna"": ""cubic"", ""transformations"": {""0"": ""Scaler"", ""1"": ""Scaler""}, ""transformation_params"": {""0"": {}, ""1"": {}}}",0,1,194.6712040298519,5.345182683825622,5.41065652697972,1.1750790168527174,5.345182683825622,0.0,-320.7109610295373,5.345182683825622,0.0,1.8378890366583462,1.5368084926735706,1.0,0.55,6.628880023956299,0.8,5.014199796872036,5.137893343392692,20.457661724317855,71.05602298560066,0.038370346629710866,320.7109610295373,330.87027385762434,19.806591815073595,0.977206934894957,194.6712040298519,5.345182683825622,5.41065652697972,1.1750790168527174,5.345182683825622,0.0,5.345182683825622,1.8378890366583462,1.5368084926735706,6.628880023956299,0.8,5.014199796872036,5.137893343392692,20.457661724317855,71.05602298560066,0.038370346629710866,320.7109610295373,330.87027385762434,19.806591815073595,0.977206934894957,1.0,0.55,0.1068,225.56545472558219,79.9953092394857,Wh,79.9953092394857,Wh
124,cbbf382414e3cc367bf6a8084fa5817e,ARIMA,"{""p"": 0, ""d"": 0, ""q"": 3, ""regression_type"": null}","{""fillna"": ""rolling_mean"", ""transformations"": {""0"": ""Scaler"", ""1"": ""Scaler""}, ""transformation_params"": {""0"": {}, ""1"": {}}}",0,1,193.39363616845847,5.298982113142251,5.38694044327774,1.176766590107005,5.298982113142251,0.0,-317.93892678853507,5.298982113142251,0.0,1.8244321605331175,1.6008158847022305,1.0,0.55,6.628880023956299,0.8,4.998238742868879,5.083465419025327,20.410197557063732,66.53570314645094,0.06391815841208802,317.93892678853507,325.43013263424194,19.714876721601662,0.9687605410599045,193.39363616845847,5.298982113142251,5.38694044327774,1.176766590107005,5.298982113142251,0.0,5.298982113142251,1.8244321605331175,1.6008158847022305,6.628880023956299,0.8,4.998238742868879,5.083465419025327,20.410197557063732,66.53570314645094,0.06391815841208802,317.93892678853507,325.43013263424194,19.714876721601662,0.9687605410599045,1.0,0.55,0.1578,225.2551402502635,79.30387750413259,Wh,79.30387750413259,Wh
125,cab96efdefef122e96873c30aebd268e,ARIMA,"{""p"": 0, ""d"": 0, ""q"": 3, ""regression_type"": null}","{""fillna"": ""cubic"", ""transformations"": {""0"": ""Scaler"", ""1"": ""Scaler""}, ""transformation_params"": {""0"": {}, ""1"": {}}}",0,1,193.39363616845847,5.298982113142251,5.38694044327774,1.176766590107005,5.298982113142251,0.0,-317.93892678853507,5.298982113142251,0.0,1.8244321605331175,1.6008158847022305,1.0,0.55,6.628880023956299,0.8,4.998238742868879,5.083465419025327,20.410197557063732,66.53570314645094,0.06391815841208802,317.93892678853507,325.43013263424194,19.714876721601662,0.9687605410599045,193.39363616845847,5.298982113142251,5.38694044327774,1.176766590107005,5.298982113142251,0.0,5.298982113142251,1.8244321605331175,1.6008158847022305,6.628880023956299,0.8,4.998238742868879,5.083465419025327,20.410197557063732,66.53570314645094,0.06391815841208802,317.93892678853507,325.43013263424194,19.714876721601662,0.9687605410599045,1.0,0.55,0.0994,225.25512670063918,79.30387750413259,Wh,79.30387750413259,Wh
126,e9e179df3ce1c3cb7e8cea8659cf3962,ARIMA,"{""p"": 0, ""d"": 0, ""q"": 3, ""regression_type"": null}","{""fillna"": ""cubic"", ""transformations"": {""0"": ""Scaler""}, ""transformation_params"": {""0"": {}}}",0,1,193.39363616845847,5.298982113142251,5.38694044327774,1.176766590107005,5.298982113142251,0.0,-317.93892678853507,5.298982113142251,0.0,1.8244321605331175,1.6008158847022305,1.0,0.55,6.628880023956299,0.8,4.998238742868879,5.083465419025327,20.410197557063732,66.53570314645094,0.06391815841208802,317.93892678853507,325.43013263424194,19.714876721601662,0.9687605410599045,193.39363616845847,5.298982113142251,5.38694044327774,1.176766590107005,5.298982113142251,0.0,5.298982113142251,1.8244321605331175,1.6008158847022305,6.628880023956299,0.8,4.998238742868879,5.083465419025327,20.410197557063732,66.53570314645094,0.06391815841208802,317.93892678853507,325.43013263424194,19.714876721601662,0.9687605410599045,1.0,0.55,0.0741,225.25512083068207,79.30387750413259,Wh,79.30387750413259,Wh
127,8af694bb2f47fecc0a28fad9d4122bd1,WindowRegression,"{""window_size"": 10, ""input_dim"": ""univariate"", ""output_dim"": ""1step"", ""normalize_window"": false, ""max_windows"": 5000000, ""fourier_encoding_components"": null, ""scale"": true, ""datepart_method"": [""db2_365.25_12_0.5"", ""morlet_7_7_1""], ""regression_type"": null, ""regression_model"": {""model"": ""KNN"", ""model_params"": {""n_neighbors"": 5, ""weights"": ""uniform"", ""p"": 2, ""leaf_size"": 10}}}","{""fillna"": ""zero"", ""transformations"": {""0"": ""Scaler"", ""1"": ""Scaler"", ""2"": ""DifferencedTransformer""}, ""transformation_params"": {""0"": {}, ""1"": {}, ""2"": {""lag"": 1, ""fill"": ""bfill""}}}",0,1,35.76261518076314,2.387536314944737,2.826822971770458,1.3601728428769977,2.387536314944737,0.0,-10.64521910250187,1.162345764389627,132.60695979418233,2.3306570505799344,9.319125046794058,1.0,0.45,5.163402533624321,0.18333333333333332,4.305946222203495,1.9814010046276391,12.865002661237732,20.94268409093445,0.47834025734814456,121.96174069168046,66.6571888952202,6.947606399222246,0.371617665991759,35.76261518076314,2.387536314944737,2.826822971770458,1.3601728428769977,2.387536314944737,0.0,1.162345764389627,2.3306570505799344,9.319125046794058,5.163402533624321,0.18333333333333332,4.305946222203495,1.9814010046276391,12.865002661237732,20.94268409093445,0.47834025734814456,121.96174069168046,66.6571888952202,6.947606399222246,0.371617665991759,1.0,0.45,0.5695,203.9953564746092,35.73155813971374,Wh,35.73155813971374,Wh
128,7c5dd973d10fa96fb77d0ccb83ee2cde,WindowRegression,"{""window_size"": 10, ""input_dim"": ""univariate"", ""output_dim"": ""1step"", ""normalize_window"": false, ""max_windows"": 5000000, ""fourier_encoding_components"": null, ""scale"": true, ""datepart_method"": null, ""regression_type"": null, ""regression_model"": {""model"": ""HistGradientBoost"", ""model_params"": {""loss"": ""squared_error"", ""learning_rate"": 0.01, ""max_depth"": 20, ""min_samples_leaf"": 20, ""max_iter"": 250, ""l2_regularization"": 0}}}","{""fillna"": ""cubic"", ""transformations"": {""0"": ""Scaler"", ""1"": ""DifferencedTransformer""}, ""transformation_params"": {""0"": {}, ""1"": {""lag"": 1, ""fill"": ""bfill""}}}",0,1,50.42169509414268,1.9532965434231484,2.276985846788893,1.204041028082243,1.9532965434231484,0.0,-114.53454122129304,1.941258959173139,2.663251384095868,1.0110341019111309,8.539605972215643,1.0,0.5666666666666667,4.416651783796917,0.8,2.373276826888691,1.5989681959834283,10.363177502587401,15.59282044836599,0.5342364965108817,111.87128983719717,73.42809053257317,8.76860945233306,0.3408720422077634,50.42169509414268,1.9532965434231484,2.276985846788893,1.204041028082243,1.9532965434231484,0.0,1.941258959173139,1.0110341019111309,8.539605972215643,4.416651783796917,0.8,2.373276826888691,1.5989681959834283,10.363177502587401,15.59282044836599,0.5342364965108817,111.87128983719717,73.42809053257317,8.76860945233306,0.3408720422077634,1.0,0.5666666666666667,0.7948,198.06274858923575,29.232782164840753,Wh,29.232782164840753,Wh
129,d999e125e3c53977da3977a4006fe362,WindowRegression,"{""window_size"": 10, ""input_dim"": ""univariate"", ""output_dim"": ""1step"", ""normalize_window"": false, ""max_windows"": 5000000, ""fourier_encoding_components"": null, ""scale"": true, ""datepart_method"": null, ""regression_type"": null, ""regression_model"": {""model"": ""HistGradientBoost"", ""model_params"": {""loss"": ""squared_error"", ""learning_rate"": 0.01, ""max_depth"": 20, ""min_samples_leaf"": 20, ""max_iter"": 250, ""l2_regularization"": 0}}}","{""fillna"": ""rolling_mean"", ""transformations"": {""0"": ""DifferencedTransformer"", ""1"": ""Scaler""}, ""transformation_params"": {""0"": {""lag"": 1, ""fill"": ""bfill""}, ""1"": {}}}",0,1,50.42169509414268,1.9532965434231484,2.276985846788893,1.204041028082243,1.9532965434231484,0.0,-114.53454122129304,1.941258959173139,2.663251384095868,1.0110341019111309,8.539605972215643,1.0,0.5666666666666667,4.416651783796917,0.8,2.373276826888691,1.5989681959834283,10.363177502587401,15.59282044836599,0.5342364965108817,111.87128983719717,73.42809053257317,8.76860945233306,0.3408720422077634,50.42169509414268,1.9532965434231484,2.276985846788893,1.204041028082243,1.9532965434231484,0.0,1.941258959173139,1.0110341019111309,8.539605972215643,4.416651783796917,0.8,2.373276826888691,1.5989681959834283,10.363177502587401,15.59282044836599,0.5342364965108817,111.87128983719717,73.42809053257317,8.76860945233306,0.3408720422077634,1.0,0.5666666666666667,0.744,198.0627368029187,29.232782164840753,Wh,29.232782164840753,Wh
130,9be301c4d18e2d1fc751f96d08c7103b,WindowRegression,"{""window_size"": 10, ""input_dim"": ""univariate"", ""output_dim"": ""1step"", ""normalize_window"": false, ""max_windows"": 5000000, ""fourier_encoding_components"": null, ""scale"": true, ""datepart_method"": null, ""regression_type"": null, ""regression_model"": {""model"": ""BayesianRidge"", ""model_params"": {}}}","{""fillna"": ""cubic"", ""transformations"": {""0"": ""Scaler"", ""1"": ""Scaler""}, ""transformation_params"": {""0"": {}, ""1"": {}}}",0,4,38.84559238158136,6.035309922104565,13.007942605141851,5.252839949756705,6.035309922104565,0.0,-170.98483461474808,1.478352630924168,1277.4895466903472,5.556564298435716,3.18170722745469,0.5499999999999999,0.475,205.162823633275,0.5083333333333333,9.36599143546166,2.217060491770198,38.71941707942956,314.2454043869383,1.0779567489220352,276.62617801889985,44.36086570630403,70.88470982380116,0.6190439201703215,38.84559238158136,6.035309922104565,13.007942605141851,5.252839949756705,6.035309922104565,0.0,1.478352630924168,5.556564298435716,3.18170722745469,205.162823633275,0.5083333333333333,9.36599143546166,2.217060491770198,38.71941707942956,314.2454043869383,1.0779567489220352,276.62617801889985,44.36086570630403,70.88470982380116,0.6190439201703215,0.5499999999999999,0.475,0.163525,164.6279511410513,318.4691133330556,Wh,318.4691133330556,Wh
131,b92f642ee26804f6ed54d433dbfef292,WindowRegression,"{""window_size"": 20, ""input_dim"": ""univariate"", ""output_dim"": ""forecast_length"", ""normalize_window"": false, ""max_windows"": 50000, ""fourier_encoding_components"": 2, ""scale"": true, ""datepart_method"": null, ""regression_type"": null, ""regression_model"": {""model"": ""RadiusNeighbors"", ""model_params"": {""radius"": 2.0, ""weights"": ""uniform"", ""algorithm"": ""auto"", ""leaf_size"": 20, ""p"": 1, ""metric"": ""euclidean""}}}","{""fillna"": ""ffill"", ""transformations"": {""0"": ""Scaler"", ""1"": ""Scaler"", ""2"": ""DifferencedTransformer""}, ""transformation_params"": {""0"": {}, ""1"": {}, ""2"": {""lag"": 1, ""fill"": ""bfill""}}}",0,1,12.51014991772141,0.687791555931714,0.8444507632126491,1.0313970361641778,0.687791555931714,0.0,-4.717326623969711,0.4941530623133984,36.55016673193313,0.6768389270514349,9.010312744094053,1.0,0.4666666666666667,1.7194629687583074,0.7333333333333333,1.6802029799042384,0.534209533434763,2.769829024664621,1.4648845483728943,0.15942164149339863,31.83284010796342,26.317344815522215,22.687738943223195,0.09699472699980224,12.51014991772141,0.687791555931714,0.8444507632126491,1.0313970361641778,0.687791555931714,0.0,0.4941530623133984,0.6768389270514349,9.010312744094053,1.7194629687583074,0.7333333333333333,1.6802029799042384,0.534209533434763,2.769829024664621,1.4648845483728943,0.15942164149339863,31.83284010796342,26.317344815522215,22.687738943223195,0.09699472699980224,1.0,0.4666666666666667,0.0151,164.3002717771137,10.2933990218059,Wh,10.2933990218059,Wh
132,e4732ee28bed10044173381fbcbd2424,WindowRegression,"{""window_size"": 20, ""input_dim"": ""univariate"", ""output_dim"": ""forecast_length"", ""normalize_window"": false, ""max_windows"": 5000000, ""fourier_encoding_components"": null, ""scale"": false, ""datepart_method"": null, ""regression_type"": null, ""regression_model"": {""model"": ""ElasticNet"", ""model_params"": {""l1_ratio"": 0.1, ""fit_intercept"": true, ""selection"": ""cyclic"", ""max_iter"": 200}}}","{""fillna"": ""linear"", ""transformations"": {""0"": ""DifferencedTransformer"", ""1"": ""Scaler""}, ""transformation_params"": {""0"": {""lag"": 1, ""fill"": ""bfill""}, ""1"": {}}}",0,1,11.918121270624823,0.6519652410225822,0.7947919918752034,1.0935426697216415,0.6519652410225822,0.0,-5.409411037067988,0.4814783770986182,33.70850342428695,0.6365604918254604,8.997988250323521,1.0,0.6166666666666667,1.8312368067789242,0.7666666666666667,1.6356866386530453,0.5104938527679891,2.640461988210286,1.2629747867605476,0.30063937409062425,28.299092387218955,23.74057786421959,16.526746627153706,0.08622739067991045,11.918121270624823,0.6519652410225822,0.7947919918752034,1.0935426697216415,0.6519652410225822,0.0,0.4814783770986182,0.6365604918254604,8.997988250323521,1.8312368067789242,0.7666666666666667,1.6356866386530453,0.5104938527679891,2.640461988210286,1.2629747867605476,0.30063937409062425,28.299092387218955,23.74057786421959,16.526746627153706,0.08622739067991045,1.0,0.6166666666666667,0.0137,163.24651529965507,9.757227049847028,Wh,9.757227049847028,Wh
133,9fbb89fc75e4d7b6bc17fc43358353fe,WindowRegression,"{""window_size"": 20, ""input_dim"": ""univariate"", ""output_dim"": ""forecast_length"", ""normalize_window"": false, ""max_windows"": 5000000, ""fourier_encoding_components"": null, ""scale"": false, ""datepart_method"": null, ""regression_type"": null, ""regression_model"": {""model"": ""ElasticNet"", ""model_params"": {""l1_ratio"": 0.1, ""fit_intercept"": true, ""selection"": ""cyclic"", ""max_iter"": 200}}}","{""fillna"": ""time"", ""transformations"": {""0"": ""DifferencedTransformer""}, ""transformation_params"": {""0"": {""lag"": 1, ""fill"": ""zero""}}}",0,1,12.0566931389804,0.6603360217934043,0.80430427818434,1.1006606565910428,0.6603360217934043,0.0,-5.304706587944303,0.485856963096866,34.31545471965997,0.6452575743067297,8.664389061311388,1.0,0.5833333333333334,1.8323904714929018,0.7833333333333333,1.6322723309236173,0.5172485249868732,2.675386813946527,1.2923861604049107,0.3016843093639865,29.01074813171566,24.451343884072624,16.467875342049787,0.0883958071460878,12.0566931389804,0.6603360217934043,0.80430427818434,1.1006606565910428,0.6603360217934043,0.0,0.485856963096866,0.6452575743067297,8.664389061311388,1.8323904714929018,0.7833333333333333,1.6322723309236173,0.5172485249868732,2.675386813946527,1.2923861604049107,0.3016843093639865,29.01074813171566,24.451343884072624,16.467875342049787,0.0883958071460878,1.0,0.5833333333333334,0.0098,157.98010136512235,9.882503066766734,Wh,9.882503066766734,Wh
134,168e890fa583c337c544cfe2b6fc60a1,WindowRegression,"{""window_size"": 20, ""input_dim"": ""univariate"", ""output_dim"": ""forecast_length"", ""normalize_window"": false, ""max_windows"": 5000000, ""fourier_encoding_components"": null, ""scale"": false, ""datepart_method"": null, ""regression_type"": null, ""regression_model"": {""model"": ""ElasticNet"", ""model_params"": {""l1_ratio"": 0.1, ""fit_intercept"": true, ""selection"": ""cyclic"", ""max_iter"": 200}}}","{""fillna"": ""cubic"", ""transformations"": {""0"": ""Scaler"", ""1"": ""Scaler"", ""2"": ""DifferencedTransformer""}, ""transformation_params"": {""0"": {}, ""1"": {}, ""2"": {""lag"": 1, ""fill"": ""zero""}}}",0,1,12.0566931389804,0.6603360217934043,0.80430427818434,1.1006606565910428,0.6603360217934043,0.0,-5.304706587944303,0.485856963096866,34.31545471965997,0.6452575743067297,8.664389061311388,1.0,0.5833333333333334,1.8323904714929018,0.7833333333333333,1.6322723309236173,0.5172485249868732,2.675386813946527,1.2923861604049107,0.3016843093639865,29.01074813171566,24.451343884072624,16.467875342049787,0.0883958071460878,12.0566931389804,0.6603360217934043,0.80430427818434,1.1006606565910428,0.6603360217934043,0.0,0.485856963096866,0.6452575743067297,8.664389061311388,1.8323904714929018,0.7833333333333333,1.6322723309236173,0.5172485249868732,2.675386813946527,1.2923861604049107,0.3016843093639865,29.01074813171566,24.451343884072624,16.467875342049787,0.0883958071460878,1.0,0.5833333333333334,0.0097,157.98010134192094,9.882503066766734,Wh,9.882503066766734,Wh
135,9b77569f15693fc93643084e27e7111a,ARIMA,"{""p"": 1, ""d"": 2, ""q"": 2, ""regression_type"": null}","{""fillna"": ""rolling_mean"", ""transformations"": {""0"": ""Scaler"", ""1"": ""Scaler""}, ""transformation_params"": {""0"": {}, ""1"": {}}}",0,4,30.343958500765567,4.2383215668936085,4.887024962785574,0.6711439608066835,4.2383215668936085,0.0,-63.065937605634375,1.0686306492453947,954.1312384488316,4.161196520629929,1.4871429205375035,0.9958333333333333,0.5208333333333334,31.056841766144565,0.6833333333333333,3.448094390776977,3.5755391988391287,21.92915267150354,54.64028874711607,0.012663466350982366,239.59964831531576,49.02621236669578,16.765917514907162,0.5203431767818957,30.343958500765567,4.2383215668936085,4.887024962785574,0.6711439608066835,4.2383215668936085,0.0,1.0686306492453947,4.161196520629929,1.4871429205375035,31.056841766144565,0.6833333333333333,3.448094390776977,3.5755391988391287,21.92915267150354,54.64028874711607,0.012663466350982366,239.59964831531576,49.02621236669578,16.765917514907162,0.5203431767818957,0.9958333333333333,0.5208333333333334,0.32975,88.97243207682834,224.74207620002193,Wh,224.74207620002193,Wh
136,6eb0ecd970d0dba2e31ddeb5dbe9fa52,ARIMA,"{""p"": 1, ""d"": 2, ""q"": 2, ""regression_type"": null}","{""fillna"": ""cubic"", ""transformations"": {""0"": ""Scaler"", ""1"": ""Scaler""}, ""transformation_params"": {""0"": {}, ""1"": {}}}",0,4,30.343958500765567,4.2383215668936085,4.887024962785574,0.6711439608066835,4.2383215668936085,0.0,-63.065937605634375,1.0686306492453947,954.1312384488316,4.161196520629929,1.4871429205375035,0.9958333333333333,0.5208333333333334,31.056841766144565,0.6833333333333333,3.448094390776977,3.5755391988391287,21.92915267150354,54.64028874711607,0.012663466350982366,239.59964831531576,49.02621236669578,16.765917514907162,0.5203431767818957,30.343958500765567,4.2383215668936085,4.887024962785574,0.6711439608066835,4.2383215668936085,0.0,1.0686306492453947,4.161196520629929,1.4871429205375035,31.056841766144565,0.6833333333333333,3.448094390776977,3.5755391988391287,21.92915267150354,54.64028874711607,0.012663466350982366,239.59964831531576,49.02621236669578,16.765917514907162,0.5203431767818957,0.9958333333333333,0.5208333333333334,0.190475,88.97239976306243,224.74207620002193,Wh,224.74207620002193,Wh
137,12bc1852d9b1a7fb53213c6cb381fcd2,ARIMA,"{""p"": 0, ""d"": 2, ""q"": 4, ""regression_type"": null}","{""fillna"": ""cubic"", ""transformations"": {""0"": ""Scaler"", ""1"": ""Scaler""}, ""transformation_params"": {""0"": {}, ""1"": {}}}",0,4,30.398602759884973,4.249654345948119,4.888711785418828,0.6693393548734152,4.249654345948119,0.0,-66.8325176735498,1.0745426052940634,953.0845253539986,4.167205091348433,1.4000079621523374,0.9958333333333333,0.5166666666666667,31.02626221666415,0.6916666666666667,3.4456148136160087,3.591995789134629,21.944993520812027,54.691229743694315,0.00969085687788494,240.2501942108717,49.78205488607648,16.72182787619947,0.5215560359031266,30.398602759884973,4.249654345948119,4.888711785418828,0.6693393548734152,4.249654345948119,0.0,1.0745426052940634,4.167205091348433,1.4000079621523374,31.02626221666415,0.6916666666666667,3.4456148136160087,3.591995789134629,21.944993520812027,54.691229743694315,0.00969085687788494,240.2501942108717,49.78205488607648,16.72182787619947,0.5215560359031266,0.9958333333333333,0.5166666666666667,0.1742,87.660050094494,225.5772153971789,Wh,225.5772153971789,Wh
138,6d882679e23f9d385988defb652c9f80,ARIMA,"{""p"": 1, ""d"": 2, ""q"": 4, ""regression_type"": null}","{""fillna"": ""rolling_mean"", ""transformations"": {""0"": ""Scaler"", ""1"": ""Scaler""}, ""transformation_params"": {""0"": {}, ""1"": {}}}",0,4,29.886181224477923,4.102949799365978,4.726575281693209,0.6769076046114183,4.102949799365978,0.0,-61.628722916166346,1.0547956537671195,923.0792289316682,4.02895631837546,1.426532384799887,0.9958333333333333,0.4791666666666667,30.046273936643196,0.6916666666666667,3.3640639738908344,3.463296890179197,21.183827617540935,50.75186918395171,0.09886999986755282,231.22292472047255,47.35530932815106,15.410512239897033,0.5022207096318418,29.886181224477923,4.102949799365978,4.726575281693209,0.6769076046114183,4.102949799365978,0.0,1.0547956537671195,4.02895631837546,1.426532384799887,30.046273936643196,0.6916666666666667,3.3640639738908344,3.463296890179197,21.183827617540935,50.75186918395171,0.09886999986755282,231.22292472047255,47.35530932815106,15.410512239897033,0.5022207096318418,0.9958333333333333,0.4791666666666667,0.2414,86.29318193612504,217.04480266670512,Wh,217.04480266670512,Wh
139,e14968d052617a04608cc62efb0441d4,ARIMA,"{""p"": 1, ""d"": 2, ""q"": 4, ""regression_type"": null}","{""fillna"": ""cubic"", ""transformations"": {""0"": ""Scaler"", ""1"": ""Scaler""}, ""transformation_params"": {""0"": {}, ""1"": {}}}",0,4,29.886181224477923,4.102949799365978,4.726575281693209,0.6769076046114183,4.102949799365978,0.0,-61.628722916166346,1.0547956537671195,923.0792289316682,4.02895631837546,1.426532384799887,0.9958333333333333,0.4791666666666667,30.046273936643196,0.6916666666666667,3.3640639738908344,3.463296890179197,21.183827617540935,50.75186918395171,0.09886999986755282,231.22292472047255,47.35530932815106,15.410512239897033,0.5022207096318418,29.886181224477923,4.102949799365978,4.726575281693209,0.6769076046114183,4.102949799365978,0.0,1.0547956537671195,4.02895631837546,1.426532384799887,30.046273936643196,0.6916666666666667,3.3640639738908344,3.463296890179197,21.183827617540935,50.75186918395171,0.09886999986755282,231.22292472047255,47.35530932815106,15.410512239897033,0.5022207096318418,0.9958333333333333,0.4791666666666667,0.2371,86.29318093846433,217.04480266670512,Wh,217.04480266670512,Wh
140,ab6b7c79131fc564acbbb6ab1aedbf6e,ARIMA,"{""p"": 0, ""d"": 2, ""q"": 3, ""regression_type"": null}","{""fillna"": ""rolling_mean"", ""transformations"": {""0"": ""Scaler"", ""1"": ""Scaler""}, ""transformation_params"": {""0"": {}, ""1"": {}}}",0,4,29.499888069712625,3.933741640180231,4.524192282271811,0.6690761580213194,3.933741640180231,0.0,-60.74177888875172,1.0484563913761304,883.3562147545038,3.859885563461922,1.3572111769473567,0.9958333333333333,0.5208333333333334,28.642521456181754,0.6833333333333333,3.264495902025831,3.322444294403052,20.229607776323252,45.803292852407026,0.009269605351966498,221.9669859223079,46.09053237386355,16.94693139363604,0.48311108194320596,29.499888069712625,3.933741640180231,4.524192282271811,0.6690761580213194,3.933741640180231,0.0,1.0484563913761304,3.859885563461922,1.3572111769473567,28.642521456181754,0.6833333333333333,3.264495902025831,3.322444294403052,20.229607776323252,45.803292852407026,0.009269605351966498,221.9669859223079,46.09053237386355,16.94693139363604,0.48311108194320596,0.9958333333333333,0.5208333333333334,0.153025,83.18865125711338,206.54695829230846,Wh,206.54695829230846,Wh
141,19d5bdec656b01476bfab50d520ff5fc,ARIMA,"{""p"": 0, ""d"": 2, ""q"": 3, ""regression_type"": null}","{""fillna"": ""rolling_mean_24"", ""transformations"": {""0"": ""Scaler"", ""1"": ""Scaler""}, ""transformation_params"": {""0"": {}, ""1"": {}}}",0,4,29.499888069712625,3.933741640180231,4.524192282271811,0.6690761580213194,3.933741640180231,0.0,-60.74177888875172,1.0484563913761304,883.3562147545038,3.859885563461922,1.3572111769473567,0.9958333333333333,0.5208333333333334,28.642521456181754,0.6833333333333333,3.264495902025831,3.322444294403052,20.229607776323252,45.803292852407026,0.009269605351966498,221.9669859223079,46.09053237386355,16.94693139363604,0.48311108194320596,29.499888069712625,3.933741640180231,4.524192282271811,0.6690761580213194,3.933741640180231,0.0,1.0484563913761304,3.859885563461922,1.3572111769473567,28.642521456181754,0.6833333333333333,3.264495902025831,3.322444294403052,20.229607776323252,45.803292852407026,0.009269605351966498,221.9669859223079,46.09053237386355,16.94693139363604,0.48311108194320596,0.9958333333333333,0.5208333333333334,0.15284999999999999,83.1886512165109,206.54695829230846,Wh,206.54695829230846,Wh
142,b2cfa8001e434539065bf233ad36cb3e,ARIMA,"{""p"": 0, ""d"": 2, ""q"": 3, ""regression_type"": null}","{""fillna"": ""cubic"", ""transformations"": {""0"": ""Scaler"", ""1"": ""Scaler""}, ""transformation_params"": {""0"": {}, ""1"": {}}}",0,4,29.499888069712625,3.933741640180231,4.524192282271811,0.6690761580213194,3.933741640180231,0.0,-60.74177888875172,1.0484563913761304,883.3562147545038,3.859885563461922,1.3572111769473567,0.9958333333333333,0.5208333333333334,28.642521456181754,0.6833333333333333,3.264495902025831,3.322444294403052,20.229607776323252,45.803292852407026,0.009269605351966498,221.9669859223079,46.09053237386355,16.94693139363604,0.48311108194320596,29.499888069712625,3.933741640180231,4.524192282271811,0.6690761580213194,3.933741640180231,0.0,1.0484563913761304,3.859885563461922,1.3572111769473567,28.642521456181754,0.6833333333333333,3.264495902025831,3.322444294403052,20.229607776323252,45.803292852407026,0.009269605351966498,221.9669859223079,46.09053237386355,16.94693139363604,0.48311108194320596,0.9958333333333333,0.5208333333333334,0.146925,83.18864984182727,206.54695829230846,Wh,206.54695829230846,Wh
143,71c0213cefa20fe948058e2ebb27aa1e,ARIMA,"{""p"": 0, ""d"": 2, ""q"": 2, ""regression_type"": null}","{""fillna"": ""zero"", ""transformations"": {""0"": ""Scaler"", ""1"": ""Scaler""}, ""transformation_params"": {""0"": {}, ""1"": {}}}",0,4,26.664344424257834,3.3198784647713335,3.85517129214454,0.6672634757793637,3.3198784647713335,0.0,-43.13404719135774,0.9458373533676719,753.6367843537622,3.275286197985445,1.7943801286587375,0.9958333333333333,0.525,24.78688446649693,0.6791666666666667,2.935782064976645,2.7771028506385926,17.028164527168542,32.68089357560912,0.008667681219732846,186.31650438714354,39.21670738297623,17.33598854099662,0.40723313733499533,26.664344424257834,3.3198784647713335,3.85517129214454,0.6672634757793637,3.3198784647713335,0.0,0.9458373533676719,3.275286197985445,1.7943801286587375,24.78688446649693,0.6791666666666667,2.935782064976645,2.7771028506385926,17.028164527168542,32.68089357560912,0.008667681219732846,186.31650438714354,39.21670738297623,17.33598854099662,0.40723313733499533,0.9958333333333333,0.525,0.0992,82.34489016456598,172.9656328279455,Wh,172.9656328279455,Wh
144,70d3aee58c7c13d4c476d7d044f72dc6,ARIMA,"{""p"": 1, ""d"": 0, ""q"": 0, ""regression_type"": null}","{""fillna"": ""rolling_mean"", ""transformations"": {""0"": ""Scaler"", ""1"": ""Scaler""}, ""transformation_params"": {""0"": {}, ""1"": {}}}",0,1,34.64753142839048,1.527414980755881,1.7232838926130354,1.0041722429061293,1.527414980755881,0.0,-89.53189160553104,1.5177507942399402,2.1130072398218145,0.8791776091755977,2.3257751359737604,1.0,0.55,3.1323673988617466,0.8,2.19120492796811,1.3088623594785858,7.520707783938787,8.368273271006741,0.0010839131977898472,87.41888436570923,64.19797126454576,25.14591262838025,0.2663655141960791,34.64753142839048,1.527414980755881,1.7232838926130354,1.0041722429061293,1.527414980755881,0.0,1.5177507942399402,0.8791776091755977,2.3257751359737604,3.1323673988617466,0.8,2.19120492796811,1.3088623594785858,7.520707783938787,8.368273271006741,0.0010839131977898472,87.41888436570923,64.19797126454576,25.14591262838025,0.2663655141960791,1.0,0.55,0.193,79.86464134798004,22.859094057219302,Wh,22.859094057219302,Wh
145,c8fddbfeacf8e713d0a1f3e07ed22176,ARIMA,"{""p"": 1, ""d"": 0, ""q"": 0, ""regression_type"": null}","{""fillna"": ""ffill_mean_biased"", ""transformations"": {""0"": ""Scaler""}, ""transformation_params"": {""0"": {}}}",0,1,34.64753142839048,1.527414980755881,1.7232838926130354,1.0041722429061293,1.527414980755881,0.0,-89.53189160553104,1.5177507942399402,2.1130072398218145,0.8791776091755977,2.3257751359737604,1.0,0.55,3.1323673988617466,0.8,2.19120492796811,1.3088623594785858,7.520707783938787,8.368273271006741,0.0010839131977898472,87.41888436570923,64.19797126454576,25.14591262838025,0.2663655141960791,34.64753142839048,1.527414980755881,1.7232838926130354,1.0041722429061293,1.527414980755881,0.0,1.5177507942399402,0.8791776091755977,2.3257751359737604,3.1323673988617466,0.8,2.19120492796811,1.3088623594785858,7.520707783938787,8.368273271006741,0.0010839131977898472,87.41888436570923,64.19797126454576,25.14591262838025,0.2663655141960791,1.0,0.55,0.0491,79.86460796114885,22.859094057219302,Wh,22.859094057219302,Wh
146,f94d0e1e488eb38699b001a9d6c1b3c4,ARIMA,"{""p"": 1, ""d"": 0, ""q"": 0, ""regression_type"": null}","{""fillna"": ""ffill"", ""transformations"": {""0"": ""Scaler"", ""1"": ""Scaler""}, ""transformation_params"": {""0"": {}, ""1"": {}}}",0,1,34.64753142839048,1.527414980755881,1.7232838926130354,1.0041722429061293,1.527414980755881,0.0,-89.53189160553104,1.5177507942399402,2.1130072398218145,0.8791776091755977,2.3257751359737604,1.0,0.55,3.1323673988617466,0.8,2.19120492796811,1.3088623594785858,7.520707783938787,8.368273271006741,0.0010839131977898472,87.41888436570923,64.19797126454576,25.14591262838025,0.2663655141960791,34.64753142839048,1.527414980755881,1.7232838926130354,1.0041722429061293,1.527414980755881,0.0,1.5177507942399402,0.8791776091755977,2.3257751359737604,3.1323673988617466,0.8,2.19120492796811,1.3088623594785858,7.520707783938787,8.368273271006741,0.0010839131977898472,87.41888436570923,64.19797126454576,25.14591262838025,0.2663655141960791,1.0,0.55,0.0337,79.86460438813147,22.859094057219302,Wh,22.859094057219302,Wh
147,1cf502c994e9530b947b3f71338bd70f,ARIMA,"{""p"": 1, ""d"": 0, ""q"": 0, ""regression_type"": null}","{""fillna"": ""ffill"", ""transformations"": {""0"": ""Scaler""}, ""transformation_params"": {""0"": {}}}",0,1,34.64753142839048,1.527414980755881,1.7232838926130354,1.0041722429061293,1.527414980755881,0.0,-89.53189160553104,1.5177507942399402,2.1130072398218145,0.8791776091755977,2.3257751359737604,1.0,0.55,3.1323673988617466,0.8,2.19120492796811,1.3088623594785858,7.520707783938787,8.368273271006741,0.0010839131977898472,87.41888436570923,64.19797126454576,25.14591262838025,0.2663655141960791,34.64753142839048,1.527414980755881,1.7232838926130354,1.0041722429061293,1.527414980755881,0.0,1.5177507942399402,0.8791776091755977,2.3257751359737604,3.1323673988617466,0.8,2.19120492796811,1.3088623594785858,7.520707783938787,8.368273271006741,0.0010839131977898472,87.41888436570923,64.19797126454576,25.14591262838025,0.2663655141960791,1.0,0.55,0.03,79.86460352967924,22.859094057219302,Wh,22.859094057219302,Wh
148,a956865733533fa82862a88f1b1f0189,ARIMA,"{""p"": 1, ""d"": 0, ""q"": 0, ""regression_type"": null}","{""fillna"": ""ffill"", ""transformations"": {""0"": ""Scaler"", ""1"": ""Scaler"", ""2"": ""Scaler""}, ""transformation_params"": {""0"": {}, ""1"": {}, ""2"": {}}}",0,1,34.64753142839048,1.527414980755881,1.7232838926130354,1.0041722429061293,1.527414980755881,0.0,-89.53189160553104,1.5177507942399402,2.1130072398218145,0.8791776091755977,2.3257751359737604,1.0,0.55,3.1323673988617466,0.8,2.19120492796811,1.3088623594785858,7.520707783938787,8.368273271006741,0.0010839131977898472,87.41888436570923,64.19797126454576,25.14591262838025,0.2663655141960791,34.64753142839048,1.527414980755881,1.7232838926130354,1.0041722429061293,1.527414980755881,0.0,1.5177507942399402,0.8791776091755977,2.3257751359737604,3.1323673988617466,0.8,2.19120492796811,1.3088623594785858,7.520707783938787,8.368273271006741,0.0010839131977898472,87.41888436570923,64.19797126454576,25.14591262838025,0.2663655141960791,1.0,0.55,0.0292,79.86460334406796,22.859094057219302,Wh,22.859094057219302,Wh
149,4e2456ec01078225a7c5c6f51dd4be0a,WindowRegression,"{""window_size"": 10, ""input_dim"": ""univariate"", ""output_dim"": ""forecast_length"", ""normalize_window"": true, ""max_windows"": 5000000, ""fourier_encoding_components"": null, ""scale"": true, ""datepart_method"": null, ""regression_type"": null, ""regression_model"": {""model"": ""HistGradientBoost"", ""model_params"": {""loss"": ""squared_error"", ""learning_rate"": 0.01, ""max_depth"": 5, ""min_samples_leaf"": 20, ""max_iter"": 100, ""l2_regularization"": 0}}}","{""fillna"": ""cubic"", ""transformations"": {""0"": ""Scaler"", ""1"": ""Scaler"", ""2"": ""Scaler"", ""3"": ""Scaler""}, ""transformation_params"": {""0"": {}, ""1"": {}, ""2"": {}, ""3"": {}}}",0,1,30.08352626105413,1.8871684608114276,1.9997525820198219,1.08371872265705,1.8871684608114276,0.0,0.0,1.032444161169188,113.23010764868566,1.8871684608114276,2.1943154890572942,0.11666666666666667,0.5833333333333334,3.5192788303185187,0.2,3.2408049639668253,1.7043215127234765,7.861077973070944,10.057646264110499,0.38020755894417274,113.23010764868566,106.45641800534491,12.849633906446561,0.3450123627767353,30.08352626105413,1.8871684608114276,1.9997525820198219,1.08371872265705,1.8871684608114276,0.0,1.032444161169188,1.8871684608114276,2.1943154890572942,3.5192788303185187,0.2,3.2408049639668253,1.7043215127234765,7.861077973070944,10.057646264110499,0.38020755894417274,113.23010764868566,106.45641800534491,12.849633906446561,0.3450123627767353,0.11666666666666667,0.5833333333333334,4.2593,77.60762181264113,28.243117876294342,Wh,28.243117876294342,Wh
150,47253ebc2edf9f3efc9a20d324eab1c6,WindowRegression,"{""window_size"": 10, ""input_dim"": ""univariate"", ""output_dim"": ""1step"", ""normalize_window"": false, ""max_windows"": 5000, ""fourier_encoding_components"": 2, ""scale"": false, ""datepart_method"": ""simple"", ""regression_type"": null, ""regression_model"": {""model"": ""Ridge"", ""model_params"": {""alpha"": 1e-05}}}","{""fillna"": ""cubic"", ""transformations"": {""0"": ""Scaler"", ""1"": ""Scaler""}, ""transformation_params"": {""0"": {}, ""1"": {}}}",0,1,28.38173880095462,1.7976651345083827,2.0818932112453714,2.2632592316458453,1.7976651345083827,0.0,-2.7989166846232996,0.9629857401085746,105.06099138587967,1.7853591495288086,2.2724402011421,0.2833333333333333,0.5833333333333334,4.027412119380548,0.35,3.267589615572699,1.4962545437920822,7.475904520483875,9.534510271523839,1.063525894258936,102.26207470125638,94.64035807311262,35.79483662271477,0.3115927446134598,28.38173880095462,1.7976651345083827,2.0818932112453714,2.2632592316458453,1.7976651345083827,0.0,0.9629857401085746,1.7853591495288086,2.2724402011421,4.027412119380548,0.35,3.267589615572699,1.4962545437920822,7.475904520483875,9.534510271523839,1.063525894258936,102.26207470125638,94.64035807311262,35.79483662271477,0.3115927446134598,0.2833333333333333,0.5833333333333334,0.3073,77.46006442296903,26.90362272915182,Wh,26.90362272915182,Wh
151,d303b6c4cbcec7d8d8fb38b7f5d5947e,ARIMA,"{""p"": 0, ""d"": 1, ""q"": 0, ""regression_type"": null}","{""fillna"": ""ffill_mean_biased"", ""transformations"": {""0"": ""Scaler"", ""1"": ""Scaler"", ""2"": ""Scaler""}, ""transformation_params"": {""0"": {}, ""1"": {}, ""2"": {}}}",0,1,16.736410080957775,0.9465989271799723,1.1453810530113555,1.0008226854541085,0.9465989271799723,0.0,-1.8412890434265137,0.609561157946383,54.954646587371826,0.9442775173622591,3.2386637572346024,1.0,0.55,2.0418200492858887,0.0,2.3642050168584383,0.7859189183104272,4.535676241106666,2.8599163967511094,0.0,53.11335754394531,39.2054653881062,29.795540512451545,0.16183650587083778,16.736410080957775,0.9465989271799723,1.1453810530113555,1.0008226854541085,0.9465989271799723,0.0,0.609561157946383,0.9442775173622591,3.2386637572346024,2.0418200492858887,0.0,2.3642050168584383,0.7859189183104272,4.535676241106666,2.8599163967511094,0.0,53.11335754394531,39.2054653881062,29.795540512451545,0.16183650587083778,1.0,0.55,0.0219,75.67287511822235,14.166676498197988,Wh,14.166676498197988,Wh
152,6ed56c0419e4726de285f100f537b064,ARIMA,"{""p"": 0, ""d"": 2, ""q"": 7, ""regression_type"": null}","{""fillna"": ""zero"", ""transformations"": {""0"": ""Scaler""}, ""transformation_params"": {""0"": {}}}",0,4,26.468381922545166,3.07433949038231,3.478401711639906,0.6738663376887084,3.07433949038231,0.0,-63.91829364847759,0.9855799587602314,673.9231840432768,2.9987528573025317,0.8916089605866102,0.9958333333333333,0.5083333333333334,21.670551246634258,0.7000000000000001,2.737449663871483,2.6260977816974687,15.334415076891483,24.953544361854394,0.058511623185963584,169.3260142674593,38.14371979242698,16.716417466774324,0.3689562196395482,26.468381922545166,3.07433949038231,3.478401711639906,0.6738663376887084,3.07433949038231,0.0,0.9855799587602314,2.9987528573025317,0.8916089605866102,21.670551246634258,0.7000000000000001,2.737449663871483,2.6260977816974687,15.334415076891483,24.953544361854394,0.058511623185963584,169.3260142674593,38.14371979242698,16.716417466774324,0.3689562196395482,0.9958333333333333,0.5083333333333334,0.383175,64.67284895169024,156.43280276535714,Wh,156.43280276535714,Wh
153,d97e51c3dde8b4c95a4c25173d2772f9,ARIMA,"{""p"": 0, ""d"": 2, ""q"": 7, ""regression_type"": null}","{""fillna"": ""cubic"", ""transformations"": {""0"": ""Scaler"", ""1"": ""Scaler""}, ""transformation_params"": {""0"": {}, ""1"": {}}}",0,4,26.468381922545166,3.07433949038231,3.478401711639906,0.6738663376887084,3.07433949038231,0.0,-63.91829364847759,0.9855799587602314,673.9231840432768,2.9987528573025317,0.8916089605866102,0.9958333333333333,0.5083333333333334,21.670551246634258,0.7000000000000001,2.737449663871483,2.6260977816974687,15.334415076891483,24.953544361854394,0.058511623185963584,169.3260142674593,38.14371979242698,16.716417466774324,0.3689562196395482,26.468381922545166,3.07433949038231,3.478401711639906,0.6738663376887084,3.07433949038231,0.0,0.9855799587602314,2.9987528573025317,0.8916089605866102,21.670551246634258,0.7000000000000001,2.737449663871483,2.6260977816974687,15.334415076891483,24.953544361854394,0.058511623185963584,169.3260142674593,38.14371979242698,16.716417466774324,0.3689562196395482,0.9958333333333333,0.5083333333333334,0.382575,64.67284881248176,156.43280276535714,Wh,156.43280276535714,Wh
154,f20934050884ff23c820e2358aa6f7fd,ARIMA,"{""p"": 0, ""d"": 2, ""q"": 7, ""regression_type"": null}","{""fillna"": ""rolling_mean"", ""transformations"": {""0"": ""Scaler"", ""1"": ""Scaler""}, ""transformation_params"": {""0"": {}, ""1"": {}}}",0,4,26.468381922545166,3.07433949038231,3.478401711639906,0.6738663376887084,3.07433949038231,0.0,-63.91829364847759,0.9855799587602314,673.9231840432768,2.9987528573025317,0.8916089605866102,0.9958333333333333,0.5083333333333334,21.670551246634258,0.7000000000000001,2.737449663871483,2.6260977816974687,15.334415076891483,24.953544361854394,0.058511623185963584,169.3260142674593,38.14371979242698,16.716417466774324,0.3689562196395482,26.468381922545166,3.07433949038231,3.478401711639906,0.6738663376887084,3.07433949038231,0.0,0.9855799587602314,2.9987528573025317,0.8916089605866102,21.670551246634258,0.7000000000000001,2.737449663871483,2.6260977816974687,15.334415076891483,24.953544361854394,0.058511623185963584,169.3260142674593,38.14371979242698,16.716417466774324,0.3689562196395482,0.9958333333333333,0.5083333333333334,0.376425,64.67284738559496,156.43280276535714,Wh,156.43280276535714,Wh
155,a4633b7e792c6cc413932ea13c63b4dd,WindowRegression,"{""window_size"": 12, ""input_dim"": ""univariate"", ""output_dim"": ""forecast_length"", ""normalize_window"": true, ""max_windows"": 5000000, ""fourier_encoding_components"": null, ""scale"": true, ""datepart_method"": null, ""regression_type"": null, ""regression_model"": {""model"": ""HistGradientBoost"", ""model_params"": {""loss"": ""squared_error"", ""learning_rate"": 1, ""max_depth"": null, ""min_samples_leaf"": 30, ""max_iter"": 100, ""l2_regularization"": 0}}}","{""fillna"": ""cubic"", ""transformations"": {""0"": ""Scaler"", ""1"": ""Scaler"", ""2"": ""Scaler""}, ""transformation_params"": {""0"": {}, ""1"": {}, ""2"": {}}}",0,1,24.850908855703594,1.5412461954245424,1.8044834513705512,2.035095308453054,1.5412461954245424,0.0,-1.9586975429607945,0.8718545822535574,90.51607418251176,1.5310060522984226,1.7601695346620043,0.35,0.4666666666666667,3.625806701338287,0.4,2.912988283396949,1.2535243510956284,6.501657347800059,7.523809832186263,0.9319486412934754,88.55737663955097,79.69944945111706,27.325171091768393,0.2698345024144768,24.850908855703594,1.5412461954245424,1.8044834513705512,2.035095308453054,1.5412461954245424,0.0,0.8718545822535574,1.5310060522984226,1.7601695346620043,3.625806701338287,0.4,2.912988283396949,1.2535243510956284,6.501657347800059,7.523809832186263,0.9319486412934754,88.55737663955097,79.69944945111706,27.325171091768393,0.2698345024144768,0.35,0.4666666666666667,3.6062,63.80973299190166,23.06609021806621,Wh,23.06609021806621,Wh
156,c9be3dbac5566acf1def0a86040cb0e8,WindowRegression,"{""window_size"": 20, ""input_dim"": ""univariate"", ""output_dim"": ""forecast_length"", ""normalize_window"": false, ""max_windows"": 50000, ""fourier_encoding_components"": 2, ""scale"": true, ""datepart_method"": null, ""regression_type"": null, ""regression_model"": {""model"": ""KNN"", ""model_params"": {""n_neighbors"": 10, ""weights"": ""uniform"", ""p"": 2, ""leaf_size"": 10}}}","{""fillna"": ""cubic"", ""transformations"": {""0"": ""Scaler"", ""1"": ""Scaler""}, ""transformation_params"": {""0"": {}, ""1"": {}}}",0,1,24.493540194620632,1.4822166919708253,1.6556215125497173,1.2597319536639182,1.4822166919708253,0.0,-0.13516616821289062,0.8600784684511754,88.79783535003662,1.4820769065660968,1.6158010846184214,0.31666666666666665,0.4666666666666667,2.931365966796875,0.23333333333333334,2.8303782324281865,1.2801952736050475,6.371822671500959,7.061654556685609,0.39546679777269267,88.66266918182373,81.37256816446809,10.48146733233296,0.2701553289997964,24.493540194620632,1.4822166919708253,1.6556215125497173,1.2597319536639182,1.4822166919708253,0.0,0.8600784684511754,1.4820769065660968,1.6158010846184214,2.931365966796875,0.23333333333333334,2.8303782324281865,1.2801952736050475,6.371822671500959,7.061654556685609,0.39546679777269267,88.66266918182373,81.37256816446809,10.48146733233296,0.2701553289997964,0.31666666666666665,0.4666666666666667,0.2293,60.2203388434959,22.18266234247231,Wh,22.18266234247231,Wh
157,6772cc584c0fdc1f0ef8f7f7c0acc326,DatepartRegression,"{""regression_model"": {""model"": ""RadiusNeighbors"", ""model_params"": {""radius"": 1.0, ""weights"": ""uniform"", ""algorithm"": ""auto"", ""leaf_size"": 20, ""p"": 2, ""metric"": ""minkowski""}}, ""datepart_method"": ""anchored_warped_fourier:us_school"", ""polynomial_degree"": null, ""holiday_countries_used"": false, ""lags"": 1, ""forward_lags"": null, ""regression_type"": null}","{""fillna"": ""rolling_mean_24"", ""transformations"": {""0"": ""Scaler""}, ""transformation_params"": {""0"": {}}}",0,1,25.51061388382207,1.574005126953125,1.9237733088610598,1.0173505883514276,1.574005126953125,0.0,-4.443507671356201,0.8518100017121405,89.9967999458313,1.5633799048774242,1.3275971541798812,0.6,0.5,3.257751941680908,0.25,3.1316146178684536,1.2990890577727674,8.504550056210565,9.105897818835949,0.006535351378372079,85.5532922744751,48.366957593763665,27.733003331043758,0.2606810513907331,25.51061388382207,1.574005126953125,1.9237733088610598,1.0173505883514276,1.574005126953125,0.0,0.8518100017121405,1.5633799048774242,1.3275971541798812,3.257751941680908,0.25,3.1316146178684536,1.2990890577727674,8.504550056210565,9.105897818835949,0.006535351378372079,85.5532922744751,48.366957593763665,27.733003331043758,0.2606810513907331,0.6,0.5,3.3277,57.43468450264317,23.556356129073116,Wh,23.556356129073116,Wh
158,9808613f4634d0fda398bc4fd5b416cb,DatepartRegression,"{""regression_model"": {""model"": ""RadiusNeighbors"", ""model_params"": {""radius"": 1.0, ""weights"": ""uniform"", ""algorithm"": ""auto"", ""leaf_size"": 20, ""p"": 2, ""metric"": ""minkowski""}}, ""datepart_method"": ""anchored_warped_fourier:us_school"", ""polynomial_degree"": null, ""holiday_countries_used"": false, ""lags"": 1, ""forward_lags"": null, ""regression_type"": null}","{""fillna"": ""rolling_mean_24"", ""transformations"": {""0"": ""Scaler"", ""1"": ""Scaler""}, ""transformation_params"": {""0"": {}, ""1"": {}}}",0,1,25.51061388382207,1.574005126953125,1.9237733088610598,1.0173505883514276,1.574005126953125,0.0,-4.443507671356201,0.8518100017121405,89.9967999458313,1.5633799048774242,1.3275971541798812,0.6,0.5,3.257751941680908,0.25,3.1316146178684536,1.2990890577727674,8.504550056210565,9.105897818835949,0.006535351378372079,85.5532922744751,48.366957593763665,27.733003331043758,0.2606810513907331,25.51061388382207,1.574005126953125,1.9237733088610598,1.0173505883514276,1.574005126953125,0.0,0.8518100017121405,1.5633799048774242,1.3275971541798812,3.257751941680908,0.25,3.1316146178684536,1.2990890577727674,8.504550056210565,9.105897818835949,0.006535351378372079,85.5532922744751,48.366957593763665,27.733003331043758,0.2606810513907331,0.6,0.5,1.7041,57.43430780452562,23.556356129073116,Wh,23.556356129073116,Wh
159,f39a7fa486e14198b028f16bb29bcc3c,DatepartRegression,"{""regression_model"": {""model"": ""ElasticNet"", ""model_params"": {""l1_ratio"": 0.5, ""fit_intercept"": true, ""selection"": ""cyclic"", ""max_iter"": 1000}}, ""datepart_method"": ""common_fourier_rw"", ""polynomial_degree"": null, ""holiday_countries_used"": false, ""lags"": null, ""forward_lags"": null, ""regression_type"": null}","{""fillna"": ""akima"", ""transformations"": {""0"": ""Scaler"", ""1"": ""Scaler""}, ""transformation_params"": {""0"": {}, ""1"": {}}}",0,1,25.862664502312885,1.5702430725097656,1.7303011201099383,1.0160263039047168,1.5702430725097656,0.0,0.0,0.9000023326928358,94.21458435058594,1.5702430725097656,1.0611213139488336,0.65,0.5666666666666667,2.7268404960632324,0.2,2.937584610366407,1.3987319516200645,7.122357153165414,7.033689988543281,0.011543631219308468,94.21458435058594,80.67347600701233,28.500561720116238,0.28707202554002864,25.862664502312885,1.5702430725097656,1.7303011201099383,1.0160263039047168,1.5702430725097656,0.0,0.9000023326928358,1.5702430725097656,1.0611213139488336,2.7268404960632324,0.2,2.937584610366407,1.3987319516200645,7.122357153165414,7.033689988543281,0.011543631219308468,94.21458435058594,80.67347600701233,28.500561720116238,0.28707202554002864,0.65,0.5666666666666667,0.0928,52.8911613192215,23.500053711293653,Wh,23.500053711293653,Wh
160,f37ae150a7d840f5880aeb3155996da0,ARIMA,"{""p"": 3, ""d"": 2, ""q"": 1, ""regression_type"": null}","{""fillna"": ""rolling_mean"", ""transformations"": {""0"": ""Scaler"", ""1"": ""Scaler""}, ""transformation_params"": {""0"": {}, ""1"": {}}}",0,1,18.379329023501914,1.0544808521514955,1.2682987267468382,1.0133212533000324,1.0544808521514955,0.0,-2.180665300433591,0.6583855243642696,61.088185828656144,1.0514383618812568,1.6832556142702344,1.0,0.45,2.1849967744721646,0.25,2.3807800817463836,0.8822198506755751,5.215566284986972,3.7199553903979354,0.010017156719280055,58.907520528222555,40.95271677430361,28.642503286394412,0.17949133198582642,18.379329023501914,1.0544808521514955,1.2682987267468382,1.0133212533000324,1.0544808521514955,0.0,0.6583855243642696,1.0514383618812568,1.6832556142702344,2.1849967744721646,0.25,2.3807800817463836,0.8822198506755751,5.215566284986972,3.7199553903979354,0.010017156719280055,58.907520528222555,40.95271677430361,28.642503286394412,0.17949133198582642,1.0,0.45,0.1499,52.518394380684185,15.781223364025845,Wh,15.781223364025845,Wh
161,7ff05e295fd3e9e9e20f92f990561fdd,DatepartRegression,"{""regression_model"": {""model"": ""ElasticNet"", ""model_params"": {""l1_ratio"": 0.1, ""fit_intercept"": true, ""selection"": ""cyclic"", ""max_iter"": 2000}}, ""datepart_method"": ""recurring"", ""polynomial_degree"": null, ""holiday_countries_used"": false, ""lags"": null, ""forward_lags"": 3, ""regression_type"": null}","{""fillna"": ""ffill"", ""transformations"": {""0"": ""Scaler""}, ""transformation_params"": {""0"": {}}}",0,1,19.333934222512784,1.2239074298646302,1.8413189355060793,1.1005504313549388,1.2239074298646302,0.0,-10.58456112165004,0.6953203651487035,62.849884670227766,1.1851808852880883,1.395751192601996,0.8166666666666667,0.5,4.737011471996084,0.6166666666666667,2.9296722948389564,0.697717604537805,7.634254508775314,10.874250337888983,0.08827120934822595,52.265323548577726,16.16547175417408,25.56592417777598,0.15925254460353466,19.333934222512784,1.2239074298646302,1.8413189355060793,1.1005504313549388,1.2239074298646302,0.0,0.6953203651487035,1.1851808852880883,1.395751192601996,4.737011471996084,0.6166666666666667,2.9296722948389564,0.697717604537805,7.634254508775314,10.874250337888983,0.08827120934822595,52.265323548577726,16.16547175417408,25.56592417777598,0.15925254460353466,0.8166666666666667,0.5,0.0949,51.405455016491544,18.3168395027524,Wh,18.3168395027524,Wh
162,68ca643f18a27aadc4b3f9e1e28984c1,DatepartRegression,"{""regression_model"": {""model"": ""ElasticNet"", ""model_params"": {""l1_ratio"": 0.1, ""fit_intercept"": true, ""selection"": ""random"", ""max_iter"": 2000}}, ""datepart_method"": [""dayofweek"", 365.25], ""polynomial_degree"": null, ""holiday_countries_used"": false, ""lags"": null, ""forward_lags"": null, ""regression_type"": null}","{""fillna"": ""ffill"", ""transformations"": {""0"": ""Scaler"", ""1"": ""Scaler""}, ""transformation_params"": {""0"": {}, ""1"": {}}}",0,1,24.84599149751617,1.4987674434526574,1.6879253288013911,1.010188911033347,1.4987674434526574,0.0,0.0,0.8610819969729111,89.92604660715945,1.4987674434526574,1.0418047935860528,0.6833333333333333,0.45,2.6923006409461294,0.2,2.8873510116803587,1.3187265691986942,7.026894105737926,6.53843710298723,0.007613714929786244,89.92604660715945,73.61620582854023,28.60872492160392,0.2740048425227037,24.84599149751617,1.4987674434526574,1.6879253288013911,1.010188911033347,1.4987674434526574,0.0,0.8610819969729111,1.4987674434526574,1.0418047935860528,2.6923006409461294,0.2,2.8873510116803587,1.3187265691986942,7.026894105737926,6.53843710298723,0.007613714929786244,89.92604660715945,73.61620582854023,28.60872492160392,0.2740048425227037,0.6833333333333333,0.45,0.3764,51.19814785740032,22.430358737759484,Wh,22.430358737759484,Wh
163,4597814533265222b338e51fe9353b43,DatepartRegression,"{""regression_model"": {""model"": ""ElasticNet"", ""model_params"": {""l1_ratio"": 0.1, ""fit_intercept"": true, ""selection"": ""cyclic"", ""max_iter"": 1000}}, ""datepart_method"": ""anchored_warped_fourier:us_school"", ""polynomial_degree"": null, ""holiday_countries_used"": true, ""lags"": null, ""forward_lags"": null, ""regression_type"": null}","{""fillna"": ""linear"", ""transformations"": {}, ""transformation_params"": {}}",0,1,23.863045851538985,1.4349765295345518,1.6754113245755187,0.9977581900985858,1.4349765295345518,0.0,0.0,0.8147930161845215,86.0985917720731,1.4349765295345518,1.0524076802746212,0.7,0.5833333333333334,2.798968017101288,0.2,2.8667854194915847,1.2315716296670696,7.199238488732831,6.643662888793155,0.03173701802361597,86.0985917720731,64.36780747323063,28.709809637326487,0.26234258004237915,23.863045851538985,1.4349765295345518,1.6754113245755187,0.9977581900985858,1.4349765295345518,0.0,0.8147930161845215,1.4349765295345518,1.0524076802746212,2.798968017101288,0.2,2.8667854194915847,1.2315716296670696,7.199238488732831,6.643662888793155,0.03173701802361597,86.0985917720731,64.36780747323063,28.709809637326487,0.26234258004237915,0.7,0.5833333333333334,1.3132,50.1481574166149,21.47567221207913,Wh,21.47567221207913,Wh
164,3eb752049a8dcfd1e1df8887a8a3b909,DatepartRegression,"{""regression_model"": {""model"": ""Adaboost"", ""model_params"": {""n_estimators"": 50, ""loss"": ""linear"", ""estimator"": ""ElasticNet"", ""learning_rate"": 1}}, ""datepart_method"": [""month"", ""is_month_end"", ""day""], ""polynomial_degree"": null, ""holiday_countries_used"": false, ""lags"": null, ""forward_lags"": null, ""regression_type"": null}","{""fillna"": ""ffill"", ""transformations"": {""0"": ""Scaler"", ""1"": ""Scaler""}, ""transformation_params"": {""0"": {}, ""1"": {}}}",0,1,23.049595202160326,1.3711797714233398,1.5519061263650455,1.009440126506211,1.3711797714233398,0.0,0.0,0.8108516882559582,82.27078628540039,1.3711797714233398,0.9577032674288167,0.7166666666666667,0.5666666666666667,2.5277771949768066,0.2,2.730622334983366,1.1996686505336387,6.338911551234704,5.491151768674826,0.008202826431588718,82.27078628540039,68.62077136774658,28.86583884347221,0.25067924912597483,23.049595202160326,1.3711797714233398,1.5519061263650455,1.009440126506211,1.3711797714233398,0.0,0.8108516882559582,1.3711797714233398,0.9577032674288167,2.5277771949768066,0.2,2.730622334983366,1.1996686505336387,6.338911551234704,5.491151768674826,0.008202826431588718,82.27078628540039,68.62077136774658,28.86583884347221,0.25067924912597483,0.7166666666666667,0.5666666666666667,0.1276,47.212396574358195,20.52089822296442,Wh,20.52089822296442,Wh
165,ef3efd507c8cecee694c23a00c475d70,ARIMA,"{""p"": 7, ""d"": 2, ""q"": 2, ""regression_type"": ""Holiday""}","{""fillna"": ""ffill"", ""transformations"": {""0"": ""Scaler"", ""1"": ""Scaler""}, ""transformation_params"": {""0"": {}, ""1"": {}}}",0,1,16.092391745903168,0.9034960253873039,1.0570547794262999,1.0773845925181256,0.9034960253873039,0.0,-6.171962492344013,0.6215295540371053,48.03779903089421,0.8829350143350084,1.474452060498142,1.0,0.48333333333333334,1.9166109811735277,0.8,1.7656460196853192,0.7543314604766718,4.194512657771334,3.863484585304495,0.14284028477536026,41.865836538550205,25.6024072664357,23.727344949230297,0.12756528704013334,16.092391745903168,0.9034960253873039,1.0570547794262999,1.0773845925181256,0.9034960253873039,0.0,0.6215295540371053,0.8829350143350084,1.474452060498142,1.9166109811735277,0.8,1.7656460196853192,0.7543314604766718,4.194512657771334,3.863484585304495,0.14284028477536026,41.865836538550205,25.6024072664357,23.727344949230297,0.12756528704013334,1.0,0.48333333333333334,0.7356,45.60613001047043,13.521604072805058,Wh,13.521604072805058,Wh
166,9b7cabe5372b3180387ad88b9e444fed,ARIMA,"{""p"": 4, ""d"": 1, ""q"": 0, ""regression_type"": ""Holiday""}","{""fillna"": ""ffill"", ""transformations"": {""0"": null}, ""transformation_params"": {""0"": {}}}",0,1,15.552194065902789,0.8703070801993372,1.029469380525049,1.0771764438942697,0.8703070801993372,0.0,-5.101461405133569,0.5981523187226069,47.116963406826656,0.8540077346232041,1.5063125357492302,1.0,0.5833333333333334,1.9017091439493585,0.8,1.7486063228624604,0.720889140521155,3.982278385131754,3.4410479339877442,0.15795708641926604,42.01550200169309,28.031368782288574,23.67033601288674,0.12802131800342811,15.552194065902789,0.8703070801993372,1.029469380525049,1.0771764438942697,0.8703070801993372,0.0,0.5981523187226069,0.8540077346232041,1.5063125357492302,1.9017091439493585,0.8,1.7486063228624604,0.720889140521155,3.982278385131754,3.4410479339877442,0.15795708641926604,42.01550200169309,28.031368782288574,23.67033601288674,0.12802131800342811,1.0,0.5833333333333334,0.3657,45.460186521977754,13.024902633268187,Wh,13.024902633268187,Wh
167,fd24b978bebf1ed02eb4893121ab411f,ARIMA,"{""p"": 7, ""d"": 2, ""q"": 3, ""regression_type"": null}","{""fillna"": ""cubic"", ""transformations"": {""0"": ""Scaler"", ""1"": ""Scaler""}, ""transformation_params"": {""0"": {}, ""1"": {}}}",0,1,16.148785886142583,0.9086649268513232,1.0835230874776578,1.0525487268256162,0.9086649268513232,0.0,-4.414068475380384,0.6075440951918172,50.10582713569901,0.8985836357753876,1.4351391469211559,1.0,0.45,1.9714769154522243,0.75,1.8099875842296804,0.7522390455012661,4.338015415925319,2.7025706911733343,0.1339686377303225,45.69175866031863,29.68292784738279,24.58295742803056,0.13922287933993563,16.148785886142583,0.9086649268513232,1.0835230874776578,1.0525487268256162,0.9086649268513232,0.0,0.6075440951918172,0.8985836357753876,1.4351391469211559,1.9714769154522243,0.75,1.8099875842296804,0.7522390455012661,4.338015415925319,2.7025706911733343,0.1339686377303225,45.69175866031863,29.68292784738279,24.58295742803056,0.13922287933993563,1.0,0.45,0.9407,45.175284997181706,13.598961180223268,Wh,13.598961180223268,Wh
168,0eefc1e152322712282c818ec346de87,ARIMA,"{""p"": 4, ""d"": 0, ""q"": 0, ""regression_type"": null}","{""fillna"": ""nearest"", ""transformations"": {""0"": ""Scaler""}, ""transformation_params"": {""0"": {}}}",0,1,10.680629232376162,0.5795665177768511,0.7071751224498867,1.0110526408223222,0.5795665177768511,0.0,-7.392100174920136,0.4464241399546804,27.381890891690936,0.5583206146550271,1.4892810435387918,1.0,0.5,1.438729314431276,0.8,1.5667927206728383,0.4545479681283743,2.263510531698668,1.1465466960889379,0.011107276809258404,19.9897907167708,13.747901668566616,28.203916818760337,0.060908931995399346,10.680629232376162,0.5795665177768511,0.7071751224498867,1.0110526408223222,0.5795665177768511,0.0,0.4464241399546804,0.5583206146550271,1.4892810435387918,1.438729314431276,0.8,1.5667927206728383,0.4545479681283743,2.263510531698668,1.1465466960889379,0.011107276809258404,19.9897907167708,13.747901668566616,28.203916818760337,0.060908931995399346,1.0,0.5,0.1022,38.56698793879167,8.673717168676587,Wh,8.673717168676587,Wh
169,575665e59d9e7bd99ff1cee98f17887f,ARIMA,"{""p"": 7, ""d"": 0, ""q"": 1, ""regression_type"": null}","{""fillna"": ""zero"", ""transformations"": {""0"": ""Scaler""}, ""transformation_params"": {""0"": {}}}",0,1,11.114357089156034,0.6044268925140307,0.7204028101097072,1.0188823198340313,0.6044268925140307,0.0,-9.198363640476844,0.47301043509688173,27.067249910364993,0.5739771157512467,1.2869911396305471,1.0,0.55,1.4089404871063351,0.8,1.5827879965277114,0.49088735477097495,2.380278547104317,1.4985391208342689,0.019389669862563342,17.86888626988815,11.005502003787704,27.810301101276007,0.054446531935576026,11.114357089156034,0.6044268925140307,0.7204028101097072,1.0188823198340313,0.6044268925140307,0.0,0.47301043509688173,0.5739771157512467,1.2869911396305471,1.4089404871063351,0.8,1.5827879965277114,0.49088735477097495,2.380278547104317,1.4985391208342689,0.019389669862563342,17.86888626988815,11.005502003787704,27.810301101276007,0.054446531935576026,1.0,0.55,0.2629,35.73717498068374,9.045774305456582,Wh,9.045774305456582,Wh
170,ab82336d3903eb21bc393945bc6b63a4,ARIMA,"{""p"": 1, ""d"": 2, ""q"": 7, ""regression_type"": null}","{""fillna"": ""cubic"", ""transformations"": {""0"": ""Scaler"", ""1"": ""Scaler""}, ""transformation_params"": {""0"": {}, ""1"": {}}}",0,4,11.846561033159116,0.810840087205932,0.9977327563026038,0.6941150345545741,0.810840087205932,0.0,-76.29774273836863,0.6195218001475774,118.30387819105505,0.7206632131505681,1.123053303851659,0.9958333333333333,0.5083333333333334,6.13999269062213,0.7083333333333334,1.5174285870614304,0.6361702368071076,3.712839325497267,1.1465403842066162,0.23018450958486475,29.985052643253574,10.878055649853152,14.029857963725464,0.0699920066445066,11.846561033159116,0.810840087205932,0.9977327563026038,0.6941150345545741,0.810840087205932,0.0,0.6195218001475774,0.7206632131505681,1.123053303851659,6.13999269062213,0.7083333333333334,1.5174285870614304,0.6361702368071076,3.712839325497267,1.1465403842066162,0.23018450958486475,29.985052643253574,10.878055649853152,14.029857963725464,0.0699920066445066,0.9958333333333333,0.5083333333333334,0.471125,35.720494824601346,20.396676561508272,Wh,20.396676561508272,Wh
171,af9f49d245ad099b75ba0c94da9b7e11,ARIMA,"{""p"": 1, ""d"": 2, ""q"": 7, ""regression_type"": null}","{""fillna"": ""rolling_mean"", ""transformations"": {""0"": ""Scaler"", ""1"": ""Scaler""}, ""transformation_params"": {""0"": {}, ""1"": {}}}",0,4,11.846561033159116,0.810840087205932,0.9977327563026038,0.6941150345545741,0.810840087205932,0.0,-76.29774273836863,0.6195218001475774,118.30387819105505,0.7206632131505681,1.123053303851659,0.9958333333333333,0.5083333333333334,6.13999269062213,0.7083333333333334,1.5174285870614304,0.6361702368071076,3.712839325497267,1.1465403842066162,0.23018450958486475,29.985052643253574,10.878055649853152,14.029857963725464,0.0699920066445066,11.846561033159116,0.810840087205932,0.9977327563026038,0.6941150345545741,0.810840087205932,0.0,0.6195218001475774,0.7206632131505681,1.123053303851659,6.13999269062213,0.7083333333333334,1.5174285870614304,0.6361702368071076,3.712839325497267,1.1465403842066162,0.23018450958486475,29.985052643253574,10.878055649853152,14.029857963725464,0.0699920066445066,0.9958333333333333,0.5083333333333334,0.471,35.72049479559958,20.396676561508272,Wh,20.396676561508272,Wh
172,a8ae3f837ada26e33ee41ee1d2dd5bc8,WindowRegression,"{""window_size"": 5, ""input_dim"": ""univariate"", ""output_dim"": ""forecast_length"", ""normalize_window"": false, ""max_windows"": 5000000, ""fourier_encoding_components"": null, ""scale"": true, ""datepart_method"": null, ""regression_type"": null, ""regression_model"": {""model"": ""ElasticNet"", ""model_params"": {""l1_ratio"": 0.5, ""fit_intercept"": true, ""selection"": ""cyclic"", ""max_iter"": 200}}}","{""fillna"": ""cubic"", ""transformations"": {""0"": ""Scaler"", ""1"": ""Scaler""}, ""transformation_params"": {""0"": {}, ""1"": {}}}",0,3,17.064214725957772,1.1043281490658392,1.2713800694113584,0.7893779519143872,1.1043281490658392,0.0,-1.3548542548903457,0.6990632566751388,197.42421257696074,1.1030408191865975,0.6784946305961451,0.6055555555555556,0.4666666666666666,2.857850690077975,0.4166666666666667,1.9959428461628441,0.9153919175459092,4.321502474802917,2.6869578180501374,0.23708344339488482,65.35645277402347,46.52360988526954,14.237872672178616,0.17965697450442128,17.064214725957772,1.1043281490658392,1.2713800694113584,0.7893779519143872,1.1043281490658392,0.0,0.6990632566751388,1.1030408191865975,0.6784946305961451,2.857850690077975,0.4166666666666667,1.9959428461628441,0.9153919175459092,4.321502474802917,2.6869578180501374,0.23708344339488482,65.35645277402347,46.52360988526954,14.237872672178616,0.17965697450442128,0.6055555555555556,0.4666666666666666,0.010666666666666666,35.368979513701646,18.31740261997754,Wh,18.31740261997754,Wh
173,2ccdfc06b5c03964643a7bc324fa1563,WindowRegression,"{""window_size"": 10, ""input_dim"": ""univariate"", ""output_dim"": ""forecast_length"", ""normalize_window"": false, ""max_windows"": 50000, ""fourier_encoding_components"": null, ""scale"": true, ""datepart_method"": null, ""regression_type"": null, ""regression_model"": {""model"": ""HistGradientBoost"", ""model_params"": {""loss"": ""squared_error"", ""learning_rate"": 0.1, ""max_depth"": 20, ""min_samples_leaf"": 20, ""max_iter"": 100, ""l2_regularization"": 0}}}","{""fillna"": ""fake_date"", ""transformations"": {""0"": ""Scaler"", ""1"": ""Scaler""}, ""transformation_params"": {""0"": {}, ""1"": {}}}",0,3,15.533060859161397,0.9994259578931133,1.1898944725390779,0.8952799893030052,0.9994259578931133,0.0,-3.601865687543235,0.6426588296185125,176.29480673321717,0.9961773307133935,0.6404520751366736,0.6833333333333332,0.5166666666666667,2.8412658409274245,0.5333333333333333,1.8650928704082723,0.8101148050006631,3.767141269903022,2.872931515264696,0.3469255996236365,57.56431368189131,43.705431384759784,10.418519778497012,0.15862853807436547,15.533060859161397,0.9994259578931133,1.1898944725390779,0.8952799893030052,0.9994259578931133,0.0,0.6426588296185125,0.9961773307133935,0.6404520751366736,2.8412658409274245,0.5333333333333333,1.8650928704082723,0.8101148050006631,3.767141269903022,2.872931515264696,0.3469255996236365,57.56431368189131,43.705431384759784,10.418519778497012,0.15862853807436547,0.6833333333333332,0.5166666666666667,9.166533333333332,32.70629046971693,16.6200532254004,Wh,16.6200532254004,Wh
174,e9b49ed60190b1111d5ce915161f835f,WindowRegression,"{""window_size"": 20, ""input_dim"": ""univariate"", ""output_dim"": ""forecast_length"", ""normalize_window"": false, ""max_windows"": 5000000, ""fourier_encoding_components"": null, ""scale"": true, ""datepart_method"": null, ""regression_type"": null, ""regression_model"": {""model"": ""HistGradientBoost"", ""model_params"": {""loss"": ""squared_error"", ""learning_rate"": 1, ""max_depth"": 20, ""min_samples_leaf"": 20, ""max_iter"": 250, ""l2_regularization"": 0}}}","{""fillna"": ""cubic"", ""transformations"": {""0"": ""Scaler"", ""1"": ""Scaler""}, ""transformation_params"": {""0"": {}, ""1"": {}}}",0,3,15.547492036435486,0.9969871986280286,1.1997138391639541,1.1583872664689805,0.9969871986280286,0.0,-28.521350097877473,0.6859331144375661,150.9363456551677,0.946999864647131,0.631382786483571,0.6611111111111111,0.5277777777777778,3.1033655616932165,0.5444444444444444,1.854935940928091,0.7865364237052814,3.752301671560806,3.277605868855661,0.7156852743327148,40.80499851909675,29.836136548418036,9.135200312188468,0.1112002570012464,15.547492036435486,0.9969871986280286,1.1997138391639541,1.1583872664689805,0.9969871986280286,0.0,0.6859331144375661,0.946999864647131,0.631382786483571,3.1033655616932165,0.5444444444444444,1.854935940928091,0.7865364237052814,3.752301671560806,3.277605868855661,0.7156852743327148,40.80499851909675,29.836136548418036,9.135200312188468,0.1112002570012464,0.6611111111111111,0.5277777777777778,22.894366666666667,32.4854543575871,17.678678309591213,Wh,17.678678309591213,Wh
175,005fbcdd45b8ef13843b94c4ba24c368,ARIMA,"{""p"": 4, ""d"": 0, ""q"": 12, ""regression_type"": null}","{""fillna"": ""ffill"", ""transformations"": {""0"": ""Scaler""}, ""transformation_params"": {""0"": {}}}",0,1,13.258637817636359,0.7292335738128378,0.8798396096059,0.992405916414116,0.7292335738128378,0.0,-5.643875475461668,0.5228559274457643,38.1101389533086,0.7129818904922262,0.88424845782627,1.0,0.55,1.6936274911962181,0.8166666666666667,1.6517746666091189,0.5923544575136196,3.3212166550379547,1.6244147327344127,0.08968638805073423,32.46626347784693,19.69202606113666,24.230673502131836,0.09892476926523541,13.258637817636359,0.7292335738128378,0.8798396096059,0.992405916414116,0.7292335738128378,0.0,0.5228559274457643,0.7129818904922262,0.88424845782627,1.6936274911962181,0.8166666666666667,1.6517746666091189,0.5923544575136196,3.3212166550379547,1.6244147327344127,0.08968638805073423,32.46626347784693,19.69202606113666,24.230673502131836,0.09892476926523541,1.0,0.55,5.2005,32.128504451546306,10.913614874472714,Wh,10.913614874472714,Wh
176,db0e41fb25290810d4a0fb21211c4c5d,ARIMA,"{""p"": 4, ""d"": 0, ""q"": 12, ""regression_type"": null}","{""fillna"": ""cubic"", ""transformations"": {}, ""transformation_params"": {}}",0,1,13.258637817636359,0.7292335738128378,0.8798396096059,0.992405916414116,0.7292335738128378,0.0,-5.643875475461668,0.5228559274457643,38.1101389533086,0.7129818904922262,0.88424845782627,1.0,0.55,1.6936274911962181,0.8166666666666667,1.6517746666091189,0.5923544575136196,3.3212166550379547,1.6244147327344127,0.08968638805073423,32.46626347784693,19.69202606113666,24.230673502131836,0.09892476926523541,13.258637817636359,0.7292335738128378,0.8798396096059,0.992405916414116,0.7292335738128378,0.0,0.5228559274457643,0.7129818904922262,0.88424845782627,1.6936274911962181,0.8166666666666667,1.6517746666091189,0.5923544575136196,3.3212166550379547,1.6244147327344127,0.08968638805073423,32.46626347784693,19.69202606113666,24.230673502131836,0.09892476926523541,1.0,0.55,2.9318,32.12797808112299,10.913614874472714,Wh,10.913614874472714,Wh
177,3fb120517f0006626d15b349f2b23176,RollingRegression,"{""regression_model"": {""model"": ""PoissonRegresssion"", ""model_params"": {}}, ""holiday"": false, ""mean_rolling_periods"": 12, ""macd_periods"": null, ""std_rolling_periods"": null, ""max_rolling_periods"": null, ""min_rolling_periods"": null, ""ewm_var_alpha"": null, ""quantile90_rolling_periods"": null, ""quantile10_rolling_periods"": null, ""ewm_alpha"": 0.5, ""additional_lag_periods"": 11, ""abs_energy"": false, ""rolling_autocorr_periods"": null, ""nonzero_last_n"": null, ""add_date_part"": null, ""polynomial_degree"": null, ""x_transform"": null, ""regression_type"": null}","{""fillna"": ""cubic"", ""transformations"": {""0"": ""Scaler"", ""1"": ""Scaler""}, ""transformation_params"": {""0"": {}, ""1"": {}}}",0,4,15.458363859782766,1.018047229397609,1.2122566322462964,0.6607814052571519,1.018047229397609,0.0,-25.980103300656637,0.6733492470968303,218.35123175476954,0.98867719054567,0.5553697839178983,0.8875,0.5125,3.7801616336621686,0.4833333333333333,1.8337718142923332,0.8306198698083187,4.441460285654197,2.2808583435748266,0.03833162520281008,50.556815567084186,32.21965114397983,18.44254751666348,0.13926406894838847,15.458363859782766,1.018047229397609,1.2122566322462964,0.6607814052571519,1.018047229397609,0.0,0.6733492470968303,0.98867719054567,0.5553697839178983,3.7801616336621686,0.4833333333333333,1.8337718142923332,0.8306198698083187,4.441460285654197,2.2808583435748266,0.03833162520281008,50.556815567084186,32.21965114397983,18.44254751666348,0.13926406894838847,0.8875,0.5125,0.36812500000000004,31.29536135492036,19.036844753015476,Wh,19.036844753015476,Wh
178,2ca09738e5e51cee232a12b0e8e72c6f,WindowRegression,"{""window_size"": 28, ""input_dim"": ""univariate"", ""output_dim"": ""1step"", ""normalize_window"": false, ""max_windows"": 5000000, ""fourier_encoding_components"": null, ""scale"": true, ""datepart_method"": null, ""regression_type"": null, ""regression_model"": {""model"": ""ElasticNet"", ""model_params"": {""l1_ratio"": 0.1, ""fit_intercept"": true, ""selection"": ""random"", ""max_iter"": 1000}}}","{""fillna"": ""cubic"", ""transformations"": {""0"": ""Scaler"", ""1"": ""Scaler"", ""2"": ""Scaler""}, ""transformation_params"": {""0"": {}, ""1"": {}, ""2"": {}}}",0,3,15.249418753533194,0.965988858651535,1.139176853555931,0.7283628320855504,0.965988858651535,0.0,-5.06979160743911,0.6315048394331072,168.80820294983718,0.9621695547220733,0.5985265856785114,0.7000000000000001,0.5388888888888889,2.692301919720663,0.49444444444444446,1.8601040875088592,0.7903457646167708,4.304575298297607,2.208403299386695,0.04572021214279109,54.57947044746603,31.751016737076352,19.462340290463285,0.14979769780363736,15.249418753533194,0.965988858651535,1.139176853555931,0.7283628320855504,0.965988858651535,0.0,0.6315048394331072,0.9621695547220733,0.5985265856785114,2.692301919720663,0.49444444444444446,1.8601040875088592,0.7903457646167708,4.304575298297607,2.208403299386695,0.04572021214279109,54.57947044746603,31.751016737076352,19.462340290463285,0.14979769780363736,0.7000000000000001,0.5388888888888889,0.16749999999999998,31.291421197593607,15.854250806791065,Wh,15.854250806791065,Wh
179,3853e866cb4eaa0ed5ce2d4553fe6ba0,ARIMA,"{""p"": 0, ""d"": 1, ""q"": 7, ""regression_type"": null}","{""fillna"": ""cubic"", ""transformations"": {""0"": ""Scaler"", ""1"": ""Scaler""}, ""transformation_params"": {""0"": {}, ""1"": {}}}",0,1,14.238771900322702,0.7888777610880379,0.9303842505391998,1.0154918475755261,0.7888777610880379,0.0,-6.156463029964147,0.5609757435106132,41.17620263531812,0.7716583535229927,0.7495374121082012,1.0,0.5166666666666667,1.7359490810979965,0.8,1.6929333114135816,0.6543418349413085,3.5819421585834603,1.985625886027286,0.01733728897291194,35.019739605353976,21.352550347381378,28.303017403134486,0.10670521609461207,14.238771900322702,0.7888777610880379,0.9303842505391998,1.0154918475755261,0.7888777610880379,0.0,0.5609757435106132,0.7716583535229927,0.7495374121082012,1.7359490810979965,0.8,1.6929333114135816,0.6543418349413085,3.5819421585834603,1.985625886027286,0.01733728897291194,35.019739605353976,21.352550347381378,28.303017403134486,0.10670521609461207,1.0,0.5166666666666667,0.1604,31.192882024169787,11.80624202823775,Wh,11.80624202823775,Wh
180,4f25efcbee731a4f3058189c8462cab1,ARIMA,"{""p"": 4, ""d"": 1, ""q"": 2, ""regression_type"": ""Holiday""}","{""fillna"": ""cubic"", ""transformations"": {""0"": ""Scaler"", ""1"": ""Scaler""}, ""transformation_params"": {""0"": {}, ""1"": {}}}",0,1,14.06115918203437,0.7779278921041454,0.9131772069999878,1.062404684305605,0.7779278921041454,0.0,-7.390082698188261,0.5646220492145869,39.28559082806047,0.7523268588617373,0.7519221571644958,1.0,0.5833333333333334,1.7220096310182296,0.8,1.6913500630319347,0.6439337572654847,3.4440272052769907,2.7910390332708555,0.13757995541644952,31.895508129872212,18.661455980335525,24.581411817105362,0.09718567658695958,14.06115918203437,0.7779278921041454,0.9131772069999878,1.062404684305605,0.7779278921041454,0.0,0.5646220492145869,0.7523268588617373,0.7519221571644958,1.7220096310182296,0.8,1.6913500630319347,0.6439337572654847,3.4440272052769907,2.7910390332708555,0.13757995541644952,31.895508129872212,18.661455980335525,24.581411817105362,0.09718567658695958,1.0,0.5833333333333334,0.5096,30.94944922736894,11.642367712370325,Wh,11.642367712370325,Wh
181,57688371b4613c6223a0ac18313186b5,WindowRegression,"{""window_size"": 5, ""input_dim"": ""univariate"", ""output_dim"": ""forecast_length"", ""normalize_window"": false, ""max_windows"": 50000, ""fourier_encoding_components"": null, ""scale"": true, ""datepart_method"": null, ""regression_type"": null, ""regression_model"": {""model"": ""KNN"", ""model_params"": {""n_neighbors"": 5, ""weights"": ""uniform"", ""p"": 2, ""leaf_size"": 30}}}","{""fillna"": ""zero"", ""transformations"": {""0"": ""Scaler"", ""1"": ""Scaler""}, ""transformation_params"": {""0"": {}, ""1"": {}}}",0,3,14.989321868623184,0.9643675062391494,1.1564478439903707,0.8963844419536695,0.9643675062391494,0.0,-3.719034194946289,0.6244445011155791,169.8671169281006,0.9613152107895676,0.5803704980869422,0.6722222222222222,0.5,3.1448793411254883,0.5,1.83240404881524,0.7802119753719156,3.8646662438589843,1.9419505241648538,0.4362496234957212,55.382694244384766,36.74664997655419,8.02396518952413,0.15071947501315072,14.989321868623184,0.9643675062391494,1.1564478439903707,0.8963844419536695,0.9643675062391494,0.0,0.6244445011155791,0.9613152107895676,0.5803704980869422,3.1448793411254883,0.5,1.83240404881524,0.7802119753719156,3.8646662438589843,1.9419505241648538,0.4362496234957212,55.382694244384766,36.74664997655419,8.02396518952413,0.15071947501315072,0.6722222222222222,0.5,0.13383333333333333,30.925522334545338,15.628419527620677,Wh,15.628419527620677,Wh
182,3bd2eee2e345618eb7d4a8c7ce93d550,DatepartRegression,"{""regression_model"": {""model"": ""DecisionTree"", ""model_params"": {""max_depth"": null, ""min_samples_split"": 1.0}}, ""datepart_method"": ""anchored_warped_fourier:us_school"", ""polynomial_degree"": null, ""holiday_countries_used"": false, ""lags"": 2, ""forward_lags"": null, ""regression_type"": null}","{""fillna"": ""cubic"", ""transformations"": {""0"": ""Scaler"", ""1"": ""Scaler"", ""2"": ""Scaler""}, ""transformation_params"": {""0"": {}, ""1"": {}, ""2"": {}}}",0,4,14.88154769739986,0.9818302528504056,1.1977230590841046,0.6724042026301589,0.9818302528504056,0.0,-26.86482131628468,0.6490660800491729,208.77443936781262,0.9555355918867788,0.5705249462618407,0.9083333333333333,0.5125,3.929810085374376,0.5875,1.7841707677743313,0.769996969070029,4.5266087955049255,2.5461575316764766,0.020031901242826982,45.47740451288198,24.072751580433057,18.9599443889481,0.12473778378211474,14.88154769739986,0.9818302528504056,1.1977230590841046,0.6724042026301589,0.9818302528504056,0.0,0.6490660800491729,0.9555355918867788,0.5705249462618407,3.929810085374376,0.5875,1.7841707677743313,0.769996969070029,4.5266087955049255,2.5461575316764766,0.020031901242826982,45.47740451288198,24.072751580433057,18.9599443889481,0.12473778378211474,0.9083333333333333,0.5125,2.0011,30.7798289481294,18.65099425633224,Wh,18.65099425633224,Wh
183,9eb1c0d8bab97906dff767c14bc58e41,ARIMA,"{""p"": 7, ""d"": 1, ""q"": 3, ""regression_type"": null}","{""fillna"": ""ffill"", ""transformations"": {""0"": ""Scaler"", ""1"": ""Scaler""}, ""transformation_params"": {""0"": {}, ""1"": {}}}",0,1,14.035640101133957,0.7765802945029224,0.9171189283459948,1.0697657804107392,0.7765802945029224,0.0,-6.70015402339777,0.557196715824522,39.89466364677757,0.7560945925444206,0.7369940372737812,1.0,0.5333333333333333,1.7913785189337554,0.8,1.6874095231291406,0.6380882060180764,3.5051179708094704,2.0953748559670236,0.217197681697059,33.194509623379794,19.569893526451466,19.49276436186691,0.10114373671630328,14.035640101133957,0.7765802945029224,0.9171189283459948,1.0697657804107392,0.7765802945029224,0.0,0.557196715824522,0.7560945925444206,0.7369940372737812,1.7913785189337554,0.8,1.6874095231291406,0.6380882060180764,3.5051179708094704,2.0953748559670236,0.217197681697059,33.194509623379794,19.569893526451466,19.49276436186691,0.10114373671630328,1.0,0.5333333333333333,2.6605,30.705844171922585,11.622199741841193,Wh,11.622199741841193,Wh
184,8ae9a8b60d91cfe344c449cb58efa578,ARIMA,"{""p"": 1, ""d"": 1, ""q"": 3, ""regression_type"": null}","{""fillna"": ""cubic"", ""transformations"": {""0"": ""Scaler""}, ""transformation_params"": {""0"": {}}}",0,1,13.857947173815543,0.7656179845343752,0.9051590466358517,1.0060605216007306,0.7656179845343752,0.0,-6.733993267031591,0.5509058287189482,39.20308580503092,0.7456200907130246,0.7475628765328391,1.0,0.6,1.6975022489550744,0.8,1.6789404099102505,0.6338008927281304,3.459732066561818,1.925829196915346,0.013602581904876525,32.46909253799933,18.92328037529336,28.710710594377108,0.0989333894171357,13.857947173815543,0.7656179845343752,0.9051590466358517,1.0060605216007306,0.7656179845343752,0.0,0.5509058287189482,0.7456200907130246,0.7475628765328391,1.6975022489550744,0.8,1.6789404099102505,0.6338008927281304,3.459732066561818,1.925829196915346,0.013602581904876525,32.46909253799933,18.92328037529336,28.710710594377108,0.0989333894171357,1.0,0.6,0.1461,30.624733720179332,11.458139235814597,Wh,11.458139235814597,Wh
185,a35d0d4021b083b1c5d9bef1a4815afe,ARIMA,"{""p"": 2, ""d"": 1, ""q"": 1, ""regression_type"": null}","{""fillna"": ""cubic"", ""transformations"": {""0"": ""Scaler""}, ""transformation_params"": {""0"": {}}}",0,1,13.940029091109531,0.7706155920666831,0.9117321257484956,1.0069929978397318,0.7706155920666831,0.0,-6.498680032190106,0.5523046403640707,39.738255491810875,0.7516616253036659,0.7399609864965613,1.0,0.55,1.7082706255032027,0.8,1.682007136615633,0.6377413635494497,3.4933959995161885,1.9069130197634623,0.004278014439313048,33.23957545962077,19.629761286003415,29.147276489513246,0.10128105240878896,13.940029091109531,0.7706155920666831,0.9117321257484956,1.0069929978397318,0.7706155920666831,0.0,0.5523046403640707,0.7516616253036659,0.7399609864965613,1.7082706255032027,0.8,1.682007136615633,0.6377413635494497,3.4933959995161885,1.9069130197634623,0.004278014439313048,33.23957545962077,19.629761286003415,29.147276489513246,0.10128105240878896,1.0,0.55,0.0701,30.62261036250332,11.532932780516875,Wh,11.532932780516875,Wh
186,794ef4a2d63898656cb345582e8a4178,ARIMA,"{""p"": 1, ""d"": 1, ""q"": 4, ""regression_type"": null}","{""fillna"": ""rolling_mean"", ""transformations"": {""0"": ""Scaler"", ""1"": ""Scaler""}, ""transformation_params"": {""0"": {}, ""1"": {}}}",0,1,13.793341310593634,0.7616680284051178,0.8986283172812817,1.0117564780032553,0.7616680284051178,0.0,-7.005180255387371,0.5506679315942345,38.694901448919694,0.7403623375177036,0.747943703810531,1.0,0.5833333333333334,1.685060550771448,0.8,1.6765579446259886,0.6313139287364737,3.4257112853845277,1.9523463523061169,0.0077812920765478,31.689721193532314,18.26103997847513,28.985068207959575,0.0965586433834277,13.793341310593634,0.7616680284051178,0.8986283172812817,1.0117564780032553,0.7616680284051178,0.0,0.5506679315942345,0.7403623375177036,0.747943703810531,1.685060550771448,0.8,1.6765579446259886,0.6313139287364737,3.4257112853845277,1.9523463523061169,0.0077812920765478,31.689721193532314,18.26103997847513,28.985068207959575,0.0965586433834277,1.0,0.5833333333333334,0.1378,30.530217620159142,11.399024705828841,Wh,11.399024705828841,Wh
187,3b56816f0e48ee0b5f3d66eeaf1478fb,ARIMA,"{""p"": 2, ""d"": 1, ""q"": 3, ""regression_type"": null}","{""fillna"": ""cubic"", ""transformations"": {""0"": ""Scaler"", ""1"": ""Scaler""}, ""transformation_params"": {""0"": {}, ""1"": {}}}",0,1,13.74385840107399,0.7586338971180121,0.8943794485125643,1.027919637804065,0.7586338971180121,0.0,-7.208921963528111,0.5503905475992745,38.309111863552616,0.7360820035208671,0.7487579115835777,1.0,0.4166666666666667,1.6753098614407058,0.8,1.6748620695261653,0.6292981721612673,3.4000643246889637,2.049474326633029,0.034290373370461404,31.100189900024496,17.81397693197144,27.53154476363514,0.09476234036184068,13.74385840107399,0.7586338971180121,0.8943794485125643,1.027919637804065,0.7586338971180121,0.0,0.5503905475992745,0.7360820035208671,0.7487579115835777,1.6753098614407058,0.8,1.6748620695261653,0.6292981721612673,3.4000643246889637,2.049474326633029,0.034290373370461404,31.100189900024496,17.81397693197144,27.53154476363514,0.09476234036184068,1.0,0.4166666666666667,0.157,30.474772224889726,11.353616291384997,Wh,11.353616291384997,Wh
188,7d12f4451844fb9a7b36bd29873ec9f1,ARIMA,"{""p"": 1, ""d"": 1, ""q"": 1, ""regression_type"": null}","{""fillna"": ""ffill_mean_biased"", ""transformations"": {""0"": ""Scaler""}, ""transformation_params"": {""0"": {}}}",0,1,13.830910027622197,0.7639608322729555,0.9021772455720959,1.0097776040776403,0.7639608322729555,0.0,-6.844662427370009,0.5508913339889686,38.992987509007314,0.7434202524231027,0.7396750514574159,1.0,0.55,1.6916453373239095,0.8,1.6779487840635487,0.6328461087660505,3.4447998952173733,1.9191606593074437,0.005239569460769913,32.148325081637296,18.650349452141967,29.115953458696875,0.09795601034085048,13.830910027622197,0.7639608322729555,0.9021772455720959,1.0097776040776403,0.7639608322729555,0.0,0.5508913339889686,0.7434202524231027,0.7396750514574159,1.6916453373239095,0.8,1.6779487840635487,0.6328461087660505,3.4447998952173733,1.9191606593074437,0.005239569460769913,32.148325081637296,18.650349452141967,29.115953458696875,0.09795601034085048,1.0,0.55,0.052,30.4536250347808,11.433338510479182,Wh,11.433338510479182,Wh
189,ab44c542e6f73de1319effd311768f2e,ARIMA,"{""p"": 1, ""d"": 1, ""q"": 1, ""regression_type"": null}","{""fillna"": ""ffill_mean_biased"", ""transformations"": {""0"": ""Scaler"", ""1"": ""Scaler""}, ""transformation_params"": {""0"": {}, ""1"": {}}}",0,1,13.830910027622197,0.7639608322729555,0.9021772455720959,1.0097776040776403,0.7639608322729555,0.0,-6.844662427370009,0.5508913339889686,38.992987509007314,0.7434202524231027,0.7396750514574159,1.0,0.55,1.6916453373239095,0.8,1.6779487840635487,0.6328461087660505,3.4447998952173733,1.9191606593074437,0.005239569460769913,32.148325081637296,18.650349452141967,29.115953458696875,0.09795601034085048,13.830910027622197,0.7639608322729555,0.9021772455720959,1.0097776040776403,0.7639608322729555,0.0,0.5508913339889686,0.7434202524231027,0.7396750514574159,1.6916453373239095,0.8,1.6779487840635487,0.6328461087660505,3.4447998952173733,1.9191606593074437,0.005239569460769913,32.148325081637296,18.650349452141967,29.115953458696875,0.09795601034085048,1.0,0.55,0.0468,30.4536238283074,11.433338510479182,Wh,11.433338510479182,Wh
190,a4abe21e3cf0bb6c46dc53516360b6c3,ARIMA,"{""p"": 1, ""d"": 0, ""q"": 3, ""regression_type"": ""Holiday""}","{""fillna"": ""cubic"", ""transformations"": {""0"": ""Scaler"", ""1"": ""Scaler""}, ""transformation_params"": {""0"": {}, ""1"": {}}}",0,1,13.658194917061873,0.7536637376341616,0.8869687184516359,1.0742776512255472,0.7536637376341616,0.0,-8.070957349388475,0.5555395948783525,37.14886690866122,0.7240060014606527,0.7436075450435241,1.0,0.55,1.679929007626435,0.8,1.6795708291006821,0.6230679980353332,3.2754493060475673,2.8658898108924595,0.15770725364338142,29.07790955927273,16.860594937458288,24.00077973741147,0.08860044814917523,13.658194917061873,0.7536637376341616,0.8869687184516359,1.0742776512255472,0.7536637376341616,0.0,0.5555395948783525,0.7240060014606527,0.7436075450435241,1.679929007626435,0.8,1.6795708291006821,0.6230679980353332,3.2754493060475673,2.8658898108924595,0.15770725364338142,29.07790955927273,16.860594937458288,24.00077973741147,0.08860044814917523,1.0,0.55,0.6888,30.263143280450112,11.27923353060803,Wh,11.27923353060803,Wh
191,9f2c37406df00c8c7fe6f4256fca9323,ARIMA,"{""p"": 1, ""d"": 0, ""q"": 3, ""regression_type"": null}","{""fillna"": ""rolling_mean"", ""transformations"": {""0"": ""Scaler""}, ""transformation_params"": {""0"": {}}}",0,1,13.624754874963264,0.7514739413365606,0.8889135684192574,1.0070637334757853,0.7514739413365606,0.0,-6.8661917825599295,0.5441943939405033,38.2222446976337,0.7308039563653268,0.740016277091029,1.0,0.55,1.6743536290230931,0.8,1.6706552582866252,0.621463365872425,3.370154890322634,1.8251767842253386,0.0045575287693084806,31.356052915073775,18.212785100134838,29.086092206493163,0.09554195547660523,13.624754874963264,0.7514739413365606,0.8889135684192574,1.0070637334757853,0.7514739413365606,0.0,0.5441943939405033,0.7308039563653268,0.740016277091029,1.6743536290230931,0.8,1.6706552582866252,0.621463365872425,3.370154890322634,1.8251767842253386,0.0045575287693084806,31.356052915073775,18.212785100134838,29.086092206493163,0.09554195547660523,1.0,0.55,0.1516,30.181476972831952,11.246461323864164,Wh,11.246461323864164,Wh
192,9589c2c7ff323bafd419f4aacc381e47,ARIMA,"{""p"": 1, ""d"": 0, ""q"": 1, ""regression_type"": ""Holiday""}","{""fillna"": ""rolling_mean"", ""transformations"": {""0"": ""Scaler"", ""1"": ""Scaler""}, ""transformation_params"": {""0"": {}, ""1"": {}}}",0,1,13.367137445010927,0.7359555202372839,0.8649822162545289,1.065298207375537,0.7359555202372839,0.0,-8.468584946117002,0.5478841914136633,35.68874626812005,0.7047614754553586,0.7621099138644261,1.0,0.55,1.6414528848111862,0.8,1.6680334321399004,0.6091512396933934,3.1713319906600557,2.771856215274959,0.13424152931101896,27.220161322003047,15.843004709580196,24.675341890742526,0.0829398855824296,13.367137445010927,0.7359555202372839,0.8649822162545289,1.065298207375537,0.7359555202372839,0.0,0.5478841914136633,0.7047614754553586,0.7621099138644261,1.6414528848111862,0.8,1.6680334321399004,0.6091512396933934,3.1713319906600557,2.771856215274959,0.13424152931101896,27.220161322003047,15.843004709580196,24.675341890742526,0.0829398855824296,1.0,0.55,0.4779,30.156039942336946,11.014214650892322,Wh,11.014214650892322,Wh
193,093bcb5be270fa7d8c953fbb61d09f33,ARIMA,"{""p"": 1, ""d"": 0, ""q"": 1, ""regression_type"": ""Holiday""}","{""fillna"": ""pchip"", ""transformations"": {""0"": ""Scaler"", ""1"": ""Scaler""}, ""transformation_params"": {""0"": {}, ""1"": {}}}",0,1,13.367137445010927,0.7359555202372839,0.8649822162545289,1.065298207375537,0.7359555202372839,0.0,-8.468584946117002,0.5478841914136633,35.68874626812005,0.7047614754553586,0.7621099138644261,1.0,0.55,1.6414528848111862,0.8,1.6680334321399004,0.6091512396933934,3.1713319906600557,2.771856215274959,0.13424152931101896,27.220161322003047,15.843004709580196,24.675341890742526,0.0829398855824296,13.367137445010927,0.7359555202372839,0.8649822162545289,1.065298207375537,0.7359555202372839,0.0,0.5478841914136633,0.7047614754553586,0.7621099138644261,1.6414528848111862,0.8,1.6680334321399004,0.6091512396933934,3.1713319906600557,2.771856215274959,0.13424152931101896,27.220161322003047,15.843004709580196,24.675341890742526,0.0829398855824296,1.0,0.55,0.4365,30.156030336952572,11.014214650892322,Wh,11.014214650892322,Wh
194,e43bf34e5ad78bd50b2be1100b2bef8e,ARIMA,"{""p"": 1, ""d"": 0, ""q"": 1, ""regression_type"": ""Holiday""}","{""fillna"": ""cubic"", ""transformations"": {""0"": ""Scaler"", ""1"": ""Scaler""}, ""transformation_params"": {""0"": {}, ""1"": {}}}",0,1,13.367137445010927,0.7359555202372839,0.8649822162545289,1.065298207375537,0.7359555202372839,0.0,-8.468584946117002,0.5478841914136633,35.68874626812005,0.7047614754553586,0.7621099138644261,1.0,0.55,1.6414528848111862,0.8,1.6680334321399004,0.6091512396933934,3.1713319906600557,2.771856215274959,0.13424152931101896,27.220161322003047,15.843004709580196,24.675341890742526,0.0829398855824296,13.367137445010927,0.7359555202372839,0.8649822162545289,1.065298207375537,0.7359555202372839,0.0,0.5478841914136633,0.7047614754553586,0.7621099138644261,1.6414528848111862,0.8,1.6680334321399004,0.6091512396933934,3.1713319906600557,2.771856215274959,0.13424152931101896,27.220161322003047,15.843004709580196,24.675341890742526,0.0829398855824296,1.0,0.55,0.3323,30.156006161081763,11.014214650892322,Wh,11.014214650892322,Wh
195,d96177954004c647f0e7630d01d55b1e,ARIMA,"{""p"": 1, ""d"": 0, ""q"": 4, ""regression_type"": ""Holiday""}","{""fillna"": ""nearest"", ""transformations"": {""0"": ""Scaler"", ""1"": ""Scaler""}, ""transformation_params"": {""0"": {}, ""1"": {}}}",0,1,13.569684314092285,0.7482959264980334,0.8804948865067255,1.072768014012058,0.7482959264980334,0.0,-8.27052645997025,0.5536614169301434,36.627229129911754,0.7176865948937677,0.7433440713557447,1.0,0.5666666666666667,1.668018566617965,0.8,1.6765375083754115,0.6188680043546222,3.240771545038205,2.8643366442136418,0.15535674437978625,28.35670266994151,16.473904784225336,24.07233955588663,0.08640292932572728,13.569684314092285,0.7482959264980334,0.8804948865067255,1.072768014012058,0.7482959264980334,0.0,0.5536614169301434,0.7176865948937677,0.7433440713557447,1.668018566617965,0.8,1.6765375083754115,0.6188680043546222,3.240771545038205,2.8643366442136418,0.15535674437978625,28.35670266994151,16.473904784225336,24.07233955588663,0.08640292932572728,1.0,0.5666666666666667,0.5397,30.13401551533806,11.198899566892798,Wh,11.198899566892798,Wh
196,916a6cfb504ad148cb51b45cc54f01f4,ARIMA,"{""p"": 4, ""d"": 0, ""q"": 2, ""regression_type"": null}","{""fillna"": ""ffill"", ""transformations"": {""0"": ""Scaler"", ""1"": ""Scaler""}, ""transformation_params"": {""0"": {}, ""1"": {}}}",0,1,13.510875558606278,0.7446002626220429,0.8806976385843401,1.0054076643602976,0.7446002626220429,0.0,-7.134267937393071,0.5417528444012427,37.541747819929505,0.7226796472957411,0.7465117711267024,1.0,0.5666666666666667,1.6611506023505553,0.8,1.6665170845696173,0.6158145225017095,3.3259878762064323,1.8535111684050491,0.021152435959145763,30.407479882536435,17.465019690944008,28.345559478418178,0.09265165156346751,13.510875558606278,0.7446002626220429,0.8806976385843401,1.0054076643602976,0.7446002626220429,0.0,0.5417528444012427,0.7226796472957411,0.7465117711267024,1.6611506023505553,0.8,1.6665170845696173,0.6158145225017095,3.3259878762064323,1.8535111684050491,0.021152435959145763,30.407479882536435,17.465019690944008,28.345559478418178,0.09265165156346751,1.0,0.5666666666666667,0.2514,30.125493087627103,11.143590741714636,Wh,11.143590741714636,Wh
197,77d66ecd4521754ac59cc2f14c4701ac,ARIMA,"{""p"": 1, ""d"": 0, ""q"": 2, ""regression_type"": ""Holiday""}","{""fillna"": ""ffill"", ""transformations"": {""0"": ""Scaler"", ""1"": ""Scaler"", ""2"": ""Scaler""}, ""transformation_params"": {""0"": {}, ""1"": {}, ""2"": {}}}",0,1,13.506422132116795,0.7443693285520783,0.874614184009764,1.06712933054814,0.7443693285520783,0.0,-8.299495846094299,0.5516715153836707,36.36266386703039,0.7139764592338909,0.7459687368001368,1.0,0.55,1.6581334224449904,0.8,1.6730931361922665,0.6160212948965034,3.2227185892947436,2.788833428665682,0.13970316857323,28.063168020936093,16.28814783307068,24.55964816436311,0.08550852866751706,13.506422132116795,0.7443693285520783,0.874614184009764,1.06712933054814,0.7443693285520783,0.0,0.5516715153836707,0.7139764592338909,0.7459687368001368,1.6581334224449904,0.8,1.6730931361922665,0.6160212948965034,3.2227185892947436,2.788833428665682,0.13970316857323,28.063168020936093,16.28814783307068,24.55964816436311,0.08550852866751706,1.0,0.55,0.4736,30.08350057219684,11.140134612442075,Wh,11.140134612442075,Wh
198,09022c08a57dff69b742a52cc92eea61,ARIMA,"{""p"": 1, ""d"": 0, ""q"": 2, ""regression_type"": ""Holiday""}","{""fillna"": ""ffill_mean_biased"", ""transformations"": {""0"": ""Scaler""}, ""transformation_params"": {""0"": {}}}",0,1,13.506422132116795,0.7443693285520783,0.874614184009764,1.06712933054814,0.7443693285520783,0.0,-8.299495846094299,0.5516715153836707,36.36266386703039,0.7139764592338909,0.7459687368001368,1.0,0.55,1.6581334224449904,0.8,1.6730931361922665,0.6160212948965034,3.2227185892947436,2.788833428665682,0.13970316857323,28.063168020936093,16.28814783307068,24.55964816436311,0.08550852866751706,13.506422132116795,0.7443693285520783,0.874614184009764,1.06712933054814,0.7443693285520783,0.0,0.5516715153836707,0.7139764592338909,0.7459687368001368,1.6581334224449904,0.8,1.6730931361922665,0.6160212948965034,3.2227185892947436,2.788833428665682,0.13970316857323,28.063168020936093,16.28814783307068,24.55964816436311,0.08550852866751706,1.0,0.55,0.451,30.083495328677834,11.140134612442075,Wh,11.140134612442075,Wh
199,694f1420828fa4d1d41e3a47e4cf75fb,ARIMA,"{""p"": 1, ""d"": 0, ""q"": 2, ""regression_type"": ""Holiday""}","{""fillna"": ""cubic"", ""transformations"": {""0"": ""Scaler"", ""1"": ""Scaler""}, ""transformation_params"": {""0"": {}, ""1"": {}}}",0,1,13.506422132116795,0.7443693285520783,0.874614184009764,1.06712933054814,0.7443693285520783,0.0,-8.299495846094299,0.5516715153836707,36.36266386703039,0.7139764592338909,0.7459687368001368,1.0,0.55,1.6581334224449904,0.8,1.6730931361922665,0.6160212948965034,3.2227185892947436,2.788833428665682,0.13970316857323,28.063168020936093,16.28814783307068,24.55964816436311,0.08550852866751706,13.506422132116795,0.7443693285520783,0.874614184009764,1.06712933054814,0.7443693285520783,0.0,0.5516715153836707,0.7139764592338909,0.7459687368001368,1.6581334224449904,0.8,1.6730931361922665,0.6160212948965034,3.2227185892947436,2.788833428665682,0.13970316857323,28.063168020936093,16.28814783307068,24.55964816436311,0.08550852866751706,1.0,0.55,0.4042,30.08348447041724,11.140134612442075,Wh,11.140134612442075,Wh
200,2f85ff957a9c1bcee4cd43580c489e55,ARIMA,"{""p"": 4, ""d"": 0, ""q"": 1, ""regression_type"": null}","{""fillna"": ""ffill"", ""transformations"": {""0"": ""Scaler"", ""1"": ""Scaler""}, ""transformation_params"": {""0"": {}, ""1"": {}}}",0,1,13.554599525322567,0.7472303975627177,0.8837039550766275,1.0064146762649904,0.7472303975627177,0.0,-7.026267291095702,0.5427211323034772,37.80755656266736,0.7258042588866263,0.739274249719218,1.0,0.5333333333333333,1.665386874827579,0.8,1.6681514474252979,0.6180617910125153,3.342670737017064,1.8083600598402738,0.005002890937514631,30.78128927157166,17.74593608291222,29.007713502510732,0.09379064951390059,13.554599525322567,0.7472303975627177,0.8837039550766275,1.0064146762649904,0.7472303975627177,0.0,0.5427211323034772,0.7258042588866263,0.739274249719218,1.665386874827579,0.8,1.6681514474252979,0.6180617910125153,3.342670737017064,1.8083600598402738,0.005002890937514631,30.78128927157166,17.74593608291222,29.007713502510732,0.09379064951390059,1.0,0.5333333333333333,0.2021,30.069313498656022,11.18295299935225,Wh,11.18295299935225,Wh
201,a4e35c6ece243187bded069e380bc4a8,ARIMA,"{""p"": 1, ""d"": 0, ""q"": 1, ""regression_type"": null}","{""fillna"": ""rolling_mean"", ""transformations"": {""0"": ""Scaler"", ""1"": ""Scaler""}, ""transformation_params"": {""0"": {}, ""1"": {}}}",0,1,13.401955478001385,0.7380268875713881,0.8714938935216575,1.0128882619129906,0.7380268875713881,0.0,-7.374119509242907,0.5399458103394597,36.907493745040384,0.7148608989094172,0.7526095185291666,1.0,0.55,1.6445463019521824,0.8,1.662661973383329,0.6109956978391236,3.2748396029868214,1.8543828291376256,0.006240617612501566,29.533374235797474,16.901853168084596,29.03509443303291,0.08998824992268142,13.401955478001385,0.7380268875713881,0.8714938935216575,1.0128882619129906,0.7380268875713881,0.0,0.5399458103394597,0.7148608989094172,0.7526095185291666,1.6445463019521824,0.8,1.662661973383329,0.6109956978391236,3.2748396029868214,1.8543828291376256,0.006240617612501566,29.533374235797474,16.901853168084596,29.03509443303291,0.08998824992268142,1.0,0.55,0.1848,30.0680745949628,11.045214465162774,Wh,11.045214465162774,Wh
202,2c4a625bdd20e8af8c9c0cff1380813c,ARIMA,"{""p"": 1, ""d"": 0, ""q"": 1, ""regression_type"": null}","{""fillna"": ""ffill_mean_biased"", ""transformations"": {""0"": ""Scaler""}, ""transformation_params"": {""0"": {}}}",0,1,13.401955478001385,0.7380268875713881,0.8714938935216575,1.0128882619129906,0.7380268875713881,0.0,-7.374119509242907,0.5399458103394597,36.907493745040384,0.7148608989094172,0.7526095185291666,1.0,0.55,1.6445463019521824,0.8,1.662661973383329,0.6109956978391236,3.2748396029868214,1.8543828291376256,0.006240617612501566,29.533374235797474,16.901853168084596,29.03509443303291,0.08998824992268142,13.401955478001385,0.7380268875713881,0.8714938935216575,1.0128882619129906,0.7380268875713881,0.0,0.5399458103394597,0.7148608989094172,0.7526095185291666,1.6445463019521824,0.8,1.662661973383329,0.6109956978391236,3.2748396029868214,1.8543828291376256,0.006240617612501566,29.533374235797474,16.901853168084596,29.03509443303291,0.08998824992268142,1.0,0.55,0.1598,30.068068794609918,11.045214465162774,Wh,11.045214465162774,Wh
203,af08141d126a5c8bb21600cc952497f4,ARIMA,"{""p"": 1, ""d"": 0, ""q"": 1, ""regression_type"": null}","{""fillna"": ""rolling_mean"", ""transformations"": {""0"": ""Scaler""}, ""transformation_params"": {""0"": {}}}",0,1,13.401955478001385,0.7380268875713881,0.8714938935216575,1.0128882619129906,0.7380268875713881,0.0,-7.374119509242907,0.5399458103394597,36.907493745040384,0.7148608989094172,0.7526095185291666,1.0,0.55,1.6445463019521824,0.8,1.662661973383329,0.6109956978391236,3.2748396029868214,1.8543828291376256,0.006240617612501566,29.533374235797474,16.901853168084596,29.03509443303291,0.08998824992268142,13.401955478001385,0.7380268875713881,0.8714938935216575,1.0128882619129906,0.7380268875713881,0.0,0.5399458103394597,0.7148608989094172,0.7526095185291666,1.6445463019521824,0.8,1.662661973383329,0.6109956978391236,3.2748396029868214,1.8543828291376256,0.006240617612501566,29.533374235797474,16.901853168084596,29.03509443303291,0.08998824992268142,1.0,0.55,0.0881,30.06805215919785,11.045214465162774,Wh,11.045214465162774,Wh
204,a4fa538be0bcd28f12d270b2862e0afe,ARIMA,"{""p"": 1, ""d"": 0, ""q"": 1, ""regression_type"": null}","{""fillna"": ""ffill"", ""transformations"": {""0"": ""Scaler"", ""1"": ""Scaler""}, ""transformation_params"": {""0"": {}, ""1"": {}}}",0,1,13.401955478001385,0.7380268875713881,0.8714938935216575,1.0128882619129906,0.7380268875713881,0.0,-7.374119509242907,0.5399458103394597,36.907493745040384,0.7148608989094172,0.7526095185291666,1.0,0.55,1.6445463019521824,0.8,1.662661973383329,0.6109956978391236,3.2748396029868214,1.8543828291376256,0.006240617612501566,29.533374235797474,16.901853168084596,29.03509443303291,0.08998824992268142,13.401955478001385,0.7380268875713881,0.8714938935216575,1.0128882619129906,0.7380268875713881,0.0,0.5399458103394597,0.7148608989094172,0.7526095185291666,1.6445463019521824,0.8,1.662661973383329,0.6109956978391236,3.2748396029868214,1.8543828291376256,0.006240617612501566,29.533374235797474,16.901853168084596,29.03509443303291,0.08998824992268142,1.0,0.55,0.085,30.068051439954097,11.045214465162774,Wh,11.045214465162774,Wh
205,be3fdb6a65139fba8d7ab7e08dfc10de,ARIMA,"{""p"": 1, ""d"": 0, ""q"": 1, ""regression_type"": null}","{""fillna"": ""cubic"", ""transformations"": {""0"": ""Scaler"", ""1"": ""Scaler""}, ""transformation_params"": {""0"": {}, ""1"": {}}}",0,1,13.401955478001385,0.7380268875713881,0.8714938935216575,1.0128882619129906,0.7380268875713881,0.0,-7.374119509242907,0.5399458103394597,36.907493745040384,0.7148608989094172,0.7526095185291666,1.0,0.55,1.6445463019521824,0.8,1.662661973383329,0.6109956978391236,3.2748396029868214,1.8543828291376256,0.006240617612501566,29.533374235797474,16.901853168084596,29.03509443303291,0.08998824992268142,13.401955478001385,0.7380268875713881,0.8714938935216575,1.0128882619129906,0.7380268875713881,0.0,0.5399458103394597,0.7148608989094172,0.7526095185291666,1.6445463019521824,0.8,1.662661973383329,0.6109956978391236,3.2748396029868214,1.8543828291376256,0.006240617612501566,29.533374235797474,16.901853168084596,29.03509443303291,0.08998824992268142,1.0,0.55,0.0811,30.068050535099047,11.045214465162774,Wh,11.045214465162774,Wh
206,c5fd8f621b6606dae2fb1b73bde7bfbb,ARIMA,"{""p"": 1, ""d"": 0, ""q"": 1, ""regression_type"": null}","{""fillna"": ""ffill_mean_biased"", ""transformations"": {""0"": ""Scaler"", ""1"": ""Scaler""}, ""transformation_params"": {""0"": {}, ""1"": {}}}",0,1,13.401955478001385,0.7380268875713881,0.8714938935216575,1.0128882619129906,0.7380268875713881,0.0,-7.374119509242907,0.5399458103394597,36.907493745040384,0.7148608989094172,0.7526095185291666,1.0,0.55,1.6445463019521824,0.8,1.662661973383329,0.6109956978391236,3.2748396029868214,1.8543828291376256,0.006240617612501566,29.533374235797474,16.901853168084596,29.03509443303291,0.08998824992268142,13.401955478001385,0.7380268875713881,0.8714938935216575,1.0128882619129906,0.7380268875713881,0.0,0.5399458103394597,0.7148608989094172,0.7526095185291666,1.6445463019521824,0.8,1.662661973383329,0.6109956978391236,3.2748396029868214,1.8543828291376256,0.006240617612501566,29.533374235797474,16.901853168084596,29.03509443303291,0.08998824992268142,1.0,0.55,0.0803,30.068050349487752,11.045214465162774,Wh,11.045214465162774,Wh
207,d5b7c89890ecbfa5dde8e834dccee366,ARIMA,"{""p"": 1, ""d"": 0, ""q"": 1, ""regression_type"": null}","{""fillna"": ""cubic"", ""transformations"": {""0"": ""Scaler"", ""1"": ""Scaler"", ""2"": ""Scaler""}, ""transformation_params"": {""0"": {}, ""1"": {}, ""2"": {}}}",0,1,13.401955478001385,0.7380268875713881,0.8714938935216575,1.0128882619129906,0.7380268875713881,0.0,-7.374119509242907,0.5399458103394597,36.907493745040384,0.7148608989094172,0.7526095185291666,1.0,0.55,1.6445463019521824,0.8,1.662661973383329,0.6109956978391236,3.2748396029868214,1.8543828291376256,0.006240617612501566,29.533374235797474,16.901853168084596,29.03509443303291,0.08998824992268142,13.401955478001385,0.7380268875713881,0.8714938935216575,1.0128882619129906,0.7380268875713881,0.0,0.5399458103394597,0.7148608989094172,0.7526095185291666,1.6445463019521824,0.8,1.662661973383329,0.6109956978391236,3.2748396029868214,1.8543828291376256,0.006240617612501566,29.533374235797474,16.901853168084596,29.03509443303291,0.08998824992268142,1.0,0.55,0.0788,30.06805000146658,11.045214465162774,Wh,11.045214465162774,Wh
208,1fab247496b405e67f016d422c4c10d4,ARIMA,"{""p"": 1, ""d"": 0, ""q"": 1, ""regression_type"": null}","{""fillna"": ""zero"", ""transformations"": {""0"": ""Scaler"", ""1"": ""Scaler"", ""2"": ""Scaler"", ""3"": ""Scaler""}, ""transformation_params"": {""0"": {}, ""1"": {}, ""2"": {}, ""3"": {}}}",0,1,13.401955478001385,0.7380268875713881,0.8714938935216575,1.0128882619129906,0.7380268875713881,0.0,-7.374119509242907,0.5399458103394597,36.907493745040384,0.7148608989094172,0.7526095185291666,1.0,0.55,1.6445463019521824,0.8,1.662661973383329,0.6109956978391236,3.2748396029868214,1.8543828291376256,0.006240617612501566,29.533374235797474,16.901853168084596,29.03509443303291,0.08998824992268142,13.401955478001385,0.7380268875713881,0.8714938935216575,1.0128882619129906,0.7380268875713881,0.0,0.5399458103394597,0.7148608989094172,0.7526095185291666,1.6445463019521824,0.8,1.662661973383329,0.6109956978391236,3.2748396029868214,1.8543828291376256,0.006240617612501566,29.533374235797474,16.901853168084596,29.03509443303291,0.08998824992268142,1.0,0.55,0.0782,30.06804986225811,11.045214465162774,Wh,11.045214465162774,Wh
209,e3cd5f41816d73267a3d39ffe2991226,ARIMA,"{""p"": 1, ""d"": 0, ""q"": 1, ""regression_type"": null}","{""fillna"": ""seasonal_linear"", ""transformations"": {""0"": ""Scaler"", ""1"": ""Scaler""}, ""transformation_params"": {""0"": {}, ""1"": {}}}",0,1,13.401955478001385,0.7380268875713881,0.8714938935216575,1.0128882619129906,0.7380268875713881,0.0,-7.374119509242907,0.5399458103394597,36.907493745040384,0.7148608989094172,0.7526095185291666,1.0,0.55,1.6445463019521824,0.8,1.662661973383329,0.6109956978391236,3.2748396029868214,1.8543828291376256,0.006240617612501566,29.533374235797474,16.901853168084596,29.03509443303291,0.08998824992268142,13.401955478001385,0.7380268875713881,0.8714938935216575,1.0128882619129906,0.7380268875713881,0.0,0.5399458103394597,0.7148608989094172,0.7526095185291666,1.6445463019521824,0.8,1.662661973383329,0.6109956978391236,3.2748396029868214,1.8543828291376256,0.006240617612501566,29.533374235797474,16.901853168084596,29.03509443303291,0.08998824992268142,1.0,0.55,0.0764,30.068049444632702,11.045214465162774,Wh,11.045214465162774,Wh
210,b9967a2d316e5f484c2a3d318cf0d064,ARIMA,"{""p"": 1, ""d"": 0, ""q"": 4, ""regression_type"": null}","{""fillna"": ""rolling_mean"", ""transformations"": {""0"": ""Scaler""}, ""transformation_params"": {""0"": {}}}",0,1,13.536276426367001,0.746123535545825,0.8820193866466816,1.0067817562281578,0.746123535545825,0.0,-7.0913435278284505,0.5425337834159812,37.676068604921056,0.7244028188116839,0.7398367531264867,1.0,0.5666666666666667,1.6623932170593694,0.8,1.667475570697776,0.6172919158058061,3.3337175265666183,1.8161022416620236,0.005564837087658247,30.584725077092607,17.595876193665795,28.99322246194144,0.09319171802312663,13.536276426367001,0.746123535545825,0.8820193866466816,1.0067817562281578,0.746123535545825,0.0,0.5425337834159812,0.7244028188116839,0.7398367531264867,1.6623932170593694,0.8,1.667475570697776,0.6172919158058061,3.3337175265666183,1.8161022416620236,0.005564837087658247,30.584725077092607,17.595876193665795,28.99322246194144,0.09319171802312663,1.0,0.5666666666666667,0.3089,30.050058790467407,11.166387846285602,Wh,11.166387846285602,Wh
211,bda81fb507f7dbf21fe12301ba845a82,ARIMA,"{""p"": 1, ""d"": 0, ""q"": 4, ""regression_type"": null}","{""fillna"": ""rolling_mean"", ""transformations"": {""0"": ""Scaler"", ""1"": ""Scaler""}, ""transformation_params"": {""0"": {}, ""1"": {}}}",0,1,13.536276426367001,0.746123535545825,0.8820193866466816,1.0067817562281578,0.746123535545825,0.0,-7.0913435278284505,0.5425337834159812,37.676068604921056,0.7244028188116839,0.7398367531264867,1.0,0.5666666666666667,1.6623932170593694,0.8,1.667475570697776,0.6172919158058061,3.3337175265666183,1.8161022416620236,0.005564837087658247,30.584725077092607,17.595876193665795,28.99322246194144,0.09319171802312663,13.536276426367001,0.746123535545825,0.8820193866466816,1.0067817562281578,0.746123535545825,0.0,0.5425337834159812,0.7244028188116839,0.7398367531264867,1.6623932170593694,0.8,1.667475570697776,0.6172919158058061,3.3337175265666183,1.8161022416620236,0.005564837087658247,30.584725077092607,17.595876193665795,28.99322246194144,0.09319171802312663,1.0,0.5666666666666667,0.2138,30.050036725925043,11.166387846285602,Wh,11.166387846285602,Wh
212,ce5300cf0bf6743872677983f2a982ad,ARIMA,"{""p"": 1, ""d"": 0, ""q"": 4, ""regression_type"": null}","{""fillna"": ""cubic"", ""transformations"": {""0"": ""Scaler"", ""1"": ""Scaler""}, ""transformation_params"": {""0"": {}, ""1"": {}}}",0,1,13.536276426367001,0.746123535545825,0.8820193866466816,1.0067817562281578,0.746123535545825,0.0,-7.0913435278284505,0.5425337834159812,37.676068604921056,0.7244028188116839,0.7398367531264867,1.0,0.5666666666666667,1.6623932170593694,0.8,1.667475570697776,0.6172919158058061,3.3337175265666183,1.8161022416620236,0.005564837087658247,30.584725077092607,17.595876193665795,28.99322246194144,0.09319171802312663,13.536276426367001,0.746123535545825,0.8820193866466816,1.0067817562281578,0.746123535545825,0.0,0.5425337834159812,0.7244028188116839,0.7398367531264867,1.6623932170593694,0.8,1.667475570697776,0.6172919158058061,3.3337175265666183,1.8161022416620236,0.005564837087658247,30.584725077092607,17.595876193665795,28.99322246194144,0.09319171802312663,1.0,0.5666666666666667,0.2045,30.050034568193773,11.166387846285602,Wh,11.166387846285602,Wh
213,eef62d8d6ded0bce945b277e93120289,ARIMA,"{""p"": 1, ""d"": 0, ""q"": 4, ""regression_type"": null}","{""fillna"": ""pchip"", ""transformations"": {""0"": ""Scaler""}, ""transformation_params"": {""0"": {}}}",0,1,13.536276426367001,0.746123535545825,0.8820193866466816,1.0067817562281578,0.746123535545825,0.0,-7.0913435278284505,0.5425337834159812,37.676068604921056,0.7244028188116839,0.7398367531264867,1.0,0.5666666666666667,1.6623932170593694,0.8,1.667475570697776,0.6172919158058061,3.3337175265666183,1.8161022416620236,0.005564837087658247,30.584725077092607,17.595876193665795,28.99322246194144,0.09319171802312663,13.536276426367001,0.746123535545825,0.8820193866466816,1.0067817562281578,0.746123535545825,0.0,0.5425337834159812,0.7244028188116839,0.7398367531264867,1.6623932170593694,0.8,1.667475570697776,0.6172919158058061,3.3337175265666183,1.8161022416620236,0.005564837087658247,30.584725077092607,17.595876193665795,28.99322246194144,0.09319171802312663,1.0,0.5666666666666667,0.1968,30.050032781685086,11.166387846285602,Wh,11.166387846285602,Wh
214,f46c2aaf460e9288c3e397f31d5124b3,ARIMA,"{""p"": 1, ""d"": 0, ""q"": 2, ""regression_type"": null}","{""fillna"": ""ffill"", ""transformations"": {""0"": ""Scaler"", ""1"": ""Scaler"", ""2"": ""Scaler""}, ""transformation_params"": {""0"": {}, ""1"": {}, ""2"": {}}}",0,1,13.510264339897436,0.7445532812943421,0.879456766998501,1.0107063234158136,0.7445532812943421,0.0,-7.179894374083449,0.5423744908036987,37.49330250357708,0.7223776983898087,0.7417139585994849,1.0,0.55,1.6578118123544678,0.8,1.6665006859677975,0.6162718220465988,3.3192499428739084,1.8463210834801196,0.005607663803419514,30.31340812949363,17.41093740975171,29.057836509180795,0.09236501474520582,13.510264339897436,0.7445532812943421,0.879456766998501,1.0107063234158136,0.7445532812943421,0.0,0.5423744908036987,0.7223776983898087,0.7417139585994849,1.6578118123544678,0.8,1.6665006859677975,0.6162718220465988,3.3192499428739084,1.8463210834801196,0.005607663803419514,30.31340812949363,17.41093740975171,29.057836509180795,0.09236501474520582,1.0,0.55,0.6334,30.041905569643518,11.142887625271246,Wh,11.142887625271246,Wh
215,14fee50e80ef1bd5c4164ebd7c950694,ARIMA,"{""p"": 1, ""d"": 0, ""q"": 2, ""regression_type"": null}","{""fillna"": ""rolling_mean"", ""transformations"": {""0"": ""Scaler"", ""1"": ""Scaler""}, ""transformation_params"": {""0"": {}, ""1"": {}}}",0,1,13.510264339897436,0.7445532812943421,0.879456766998501,1.0107063234158136,0.7445532812943421,0.0,-7.179894374083449,0.5423744908036987,37.49330250357708,0.7223776983898087,0.7417139585994849,1.0,0.55,1.6578118123544678,0.8,1.6665006859677975,0.6162718220465988,3.3192499428739084,1.8463210834801196,0.005607663803419514,30.31340812949363,17.41093740975171,29.057836509180795,0.09236501474520582,13.510264339897436,0.7445532812943421,0.879456766998501,1.0107063234158136,0.7445532812943421,0.0,0.5423744908036987,0.7223776983898087,0.7417139585994849,1.6578118123544678,0.8,1.6665006859677975,0.6162718220465988,3.3192499428739084,1.8463210834801196,0.005607663803419514,30.31340812949363,17.41093740975171,29.057836509180795,0.09236501474520582,1.0,0.55,0.1086,30.041783808635824,11.142887625271246,Wh,11.142887625271246,Wh
216,3a6e1e88b47564202beafad81bdc1f93,RollingRegression,"{""regression_model"": {""model"": ""RadiusNeighbors"", ""model_params"": {""radius"": 1.0, ""weights"": ""uniform"", ""algorithm"": ""auto"", ""leaf_size"": 20, ""p"": 2, ""metric"": ""euclidean""}}, ""holiday"": true, ""mean_rolling_periods"": 7, ""macd_periods"": 12, ""std_rolling_periods"": null, ""max_rolling_periods"": 10, ""min_rolling_periods"": 7, ""ewm_var_alpha"": null, ""quantile90_rolling_periods"": null, ""quantile10_rolling_periods"": null, ""ewm_alpha"": 0.05, ""additional_lag_periods"": 90, ""abs_energy"": false, ""rolling_autocorr_periods"": null, ""nonzero_last_n"": null, ""add_date_part"": null, ""polynomial_degree"": null, ""x_transform"": ""Nystroem"", ""regression_type"": null}","{""fillna"": ""ffill"", ""transformations"": {""0"": ""Scaler"", ""1"": ""Scaler"", ""2"": ""Scaler"", ""3"": ""Scaler""}, ""transformation_params"": {""0"": {}, ""1"": {}, ""2"": {}, ""3"": {}}}",0,2,13.824920386896283,0.8176640692827171,0.9582553594890735,0.8155840537298857,0.8176640692827171,0.0,-6.55445343795581,0.5712588627106951,91.56523487597022,0.8081456281165578,0.6598245723251648,0.9666666666666667,0.5,2.379361847468785,0.525,1.7574047232553878,0.663868997998528,3.5554356473996567,1.7285998645493466,0.05987475108496981,42.50539071900721,26.10620000142883,21.550044401140003,0.12204209221251633,13.824920386896283,0.8176640692827171,0.9582553594890735,0.8155840537298857,0.8176640692827171,0.0,0.5712588627106951,0.8081456281165578,0.6598245723251648,2.379361847468785,0.525,1.7574047232553878,0.663868997998528,3.5554356473996567,1.7285998645493466,0.05987475108496981,42.50539071900721,26.10620000142883,21.550044401140003,0.12204209221251633,0.9666666666666667,0.5,11.95665,29.69624981311155,12.51794734537567,Wh,12.51794734537567,Wh
217,5a77d5e85455bb0502fcf93563f7492c,RollingRegression,"{""regression_model"": {""model"": ""HistGradientBoost"", ""model_params"": {""loss"": ""squared_error"", ""learning_rate"": 0.1, ""max_depth"": null, ""min_samples_leaf"": 20, ""max_iter"": 100, ""l2_regularization"": 0}}, ""holiday"": false, ""mean_rolling_periods"": 5, ""macd_periods"": 2, ""std_rolling_periods"": null, ""max_rolling_periods"": null, ""min_rolling_periods"": null, ""ewm_var_alpha"": null, ""quantile90_rolling_periods"": null, ""quantile10_rolling_periods"": null, ""ewm_alpha"": null, ""additional_lag_periods"": 11, ""abs_energy"": false, ""rolling_autocorr_periods"": null, ""nonzero_last_n"": null, ""add_date_part"": null, ""polynomial_degree"": null, ""x_transform"": null, ""regression_type"": null}","{""fillna"": ""rolling_mean"", ""transformations"": {""0"": ""Scaler"", ""1"": ""Scaler""}, ""transformation_params"": {""0"": {}, ""1"": {}}}",0,4,14.041884416267632,0.9337887489039071,1.141706705254263,0.7717638618163477,0.9337887489039071,0.0,-19.59225294423677,0.6198145243773954,204.5170467927009,0.915546581969506,0.5296539287393687,0.9375,0.5125,4.267657245908465,0.55,1.6910576262851222,0.7340219212019452,3.9568828937757887,1.8966176915880921,0.31819424174554917,46.23119846211604,23.87198197890121,10.156382818133519,0.12102610579744293,14.041884416267632,0.9337887489039071,1.141706705254263,0.7717638618163477,0.9337887489039071,0.0,0.6198145243773954,0.915546581969506,0.5296539287393687,4.267657245908465,0.55,1.6910576262851222,0.7340219212019452,3.9568828937757887,1.8966176915880921,0.31819424174554917,46.23119846211604,23.87198197890121,10.156382818133519,0.12102610579744293,0.9375,0.5125,0.64665,29.014175639795894,18.71524791041131,Wh,18.71524791041131,Wh
218,f35b128a207ce709972c167568d19770,RollingRegression,"{""regression_model"": {""model"": ""ExtraTrees"", ""model_params"": {""n_estimators"": 100, ""min_samples_leaf"": 1, ""max_depth"": 10}}, ""holiday"": false, ""mean_rolling_periods"": null, ""macd_periods"": null, ""std_rolling_periods"": null, ""max_rolling_periods"": 420, ""min_rolling_periods"": 7, ""ewm_var_alpha"": null, ""quantile90_rolling_periods"": null, ""quantile10_rolling_periods"": null, ""ewm_alpha"": null, ""additional_lag_periods"": 363, ""abs_energy"": false, ""rolling_autocorr_periods"": null, ""nonzero_last_n"": null, ""add_date_part"": ""expanded"", ""polynomial_degree"": null, ""x_transform"": null, ""regression_type"": null}","{""fillna"": ""ffill_mean_biased"", ""transformations"": {}, ""transformation_params"": {}}",0,4,13.785416806043445,0.91720090043082,1.1672154745201915,0.953577346942885,0.91720090043082,0.0,-41.127473013231835,0.6355140725649209,179.00074309016497,0.8669027158725064,0.538535285175571,0.9333333333333333,0.4791666666666667,4.806540489196777,0.5708333333333333,1.7093360581522234,0.6915220864613331,4.014380987329599,1.9811769340099126,0.647232671764947,34.46831751923328,16.597851707027285,7.174922378350671,0.09205151249242999,13.785416806043445,0.91720090043082,1.1672154745201915,0.953577346942885,0.91720090043082,0.0,0.6355140725649209,0.8669027158725064,0.538535285175571,4.806540489196777,0.5708333333333333,1.7093360581522234,0.6915220864613331,4.014380987329599,1.9811769340099126,0.647232671764947,34.46831751923328,16.597851707027285,7.174922378350671,0.09205151249242999,0.9333333333333333,0.4791666666666667,2.9141,28.926011026847405,15.97279455485133,Wh,15.97279455485133,Wh
219,801e417ee2fb0977fa662844a97ea315,RollingRegression,"{""regression_model"": {""model"": ""Adaboost"", ""model_params"": {""n_estimators"": 500, ""loss"": ""linear"", ""estimator"": null, ""learning_rate"": 1, ""max_depth"": 2}}, ""holiday"": true, ""mean_rolling_periods"": 12, ""macd_periods"": 4, ""std_rolling_periods"": null, ""max_rolling_periods"": null, ""min_rolling_periods"": null, ""ewm_var_alpha"": null, ""quantile90_rolling_periods"": null, ""quantile10_rolling_periods"": null, ""ewm_alpha"": null, ""additional_lag_periods"": 59, ""abs_energy"": false, ""rolling_autocorr_periods"": null, ""nonzero_last_n"": null, ""add_date_part"": null, ""polynomial_degree"": null, ""x_transform"": null, ""regression_type"": null}","{""fillna"": ""ffill"", ""transformations"": {""0"": ""Scaler"", ""1"": ""Scaler"", ""2"": ""Scaler""}, ""transformation_params"": {""0"": {}, ""1"": {}, ""2"": {}}}",0,3,13.690212309108949,0.8634992054976077,1.01298998975229,0.7426079751580515,0.8634992054976077,0.0,-10.896730794057707,0.5915064070409003,144.53312619551167,0.8527981654946882,0.5710053733702619,0.9666666666666667,0.5,2.5532475618215704,0.6666666666666666,1.6478082121568658,0.7068781121269111,3.6285972074695376,1.7821933474798417,0.07733462475613344,44.54546513381799,24.645913631522983,19.16788281568121,0.12067892284113184,13.690212309108949,0.8634992054976077,1.01298998975229,0.7426079751580515,0.8634992054976077,0.0,0.5915064070409003,0.8527981654946882,0.5710053733702619,2.5532475618215704,0.6666666666666666,1.6478082121568658,0.7068781121269111,3.6285972074695376,1.7821933474798417,0.07733462475613344,44.54546513381799,24.645913631522983,19.16788281568121,0.12067892284113184,0.9666666666666667,0.5,7.274633333333333,28.565029295706527,15.84542144540339,Wh,15.84542144540339,Wh
220,1ce2ac787bbd71971a6e7f348cfba5a5,RollingRegression,"{""regression_model"": {""model"": ""Adaboost"", ""model_params"": {""n_estimators"": 500, ""loss"": ""linear"", ""estimator"": null, ""learning_rate"": 1, ""max_depth"": 2}}, ""holiday"": false, ""mean_rolling_periods"": 12, ""macd_periods"": 2, ""std_rolling_periods"": null, ""max_rolling_periods"": null, ""min_rolling_periods"": null, ""ewm_var_alpha"": null, ""quantile90_rolling_periods"": null, ""quantile10_rolling_periods"": null, ""ewm_alpha"": null, ""additional_lag_periods"": 11, ""abs_energy"": false, ""rolling_autocorr_periods"": null, ""nonzero_last_n"": null, ""add_date_part"": null, ""polynomial_degree"": null, ""x_transform"": null, ""regression_type"": null}","{""fillna"": ""cubic"", ""transformations"": {""0"": ""Scaler"", ""1"": ""Scaler""}, ""transformation_params"": {""0"": {}, ""1"": {}}}",0,4,13.66994791459629,0.9169658860257128,1.082579503323629,0.7765384897126678,0.9169658860257128,0.0,-29.59443760279269,0.6332129042796607,190.47737504337837,0.8864223945683484,0.5224841103408768,0.9583333333333333,0.5041666666666667,3.5230286802564352,0.6541666666666667,1.6026685769646214,0.7368610886595022,3.8179711802740313,1.6013319248817097,0.4680712593788331,40.220734360146416,19.98938378264659,15.345372968334836,0.10364070562725092,13.66994791459629,0.9169658860257128,1.082579503323629,0.7765384897126678,0.9169658860257128,0.0,0.6332129042796607,0.8864223945683484,0.5224841103408768,3.5230286802564352,0.6541666666666667,1.6026685769646214,0.7368610886595022,3.8179711802740313,1.6013319248817097,0.4680712593788331,40.220734360146416,19.98938378264659,15.345372968334836,0.10364070562725092,0.9583333333333333,0.5041666666666667,0.76845,28.257000046710044,18.01769845171563,Wh,18.01769845171563,Wh
221,5de6b94f7aeed67f9e24e26686eed60f,RollingRegression,"{""regression_model"": {""model"": ""DecisionTree"", ""model_params"": {""max_depth"": null, ""min_samples_split"": 1.0}}, ""holiday"": false, ""mean_rolling_periods"": 7, ""macd_periods"": 12, ""std_rolling_periods"": null, ""max_rolling_periods"": null, ""min_rolling_periods"": null, ""ewm_var_alpha"": null, ""quantile90_rolling_periods"": null, ""quantile10_rolling_periods"": null, ""ewm_alpha"": null, ""additional_lag_periods"": 363, ""abs_energy"": false, ""rolling_autocorr_periods"": 2, ""nonzero_last_n"": null, ""add_date_part"": ""simple_binarized"", ""polynomial_degree"": null, ""x_transform"": null, ""regression_type"": null}","{""fillna"": ""ffill"", ""transformations"": {""0"": ""Scaler"", ""1"": ""Scaler""}, ""transformation_params"": {""0"": {}, ""1"": {}}}",0,4,13.259595853033193,0.8664089915865945,1.056782457633807,0.7044627929864904,0.8664089915865945,0.0,-29.162036100630356,0.599848675926465,178.77612188015232,0.8358264558940461,0.5245026275042023,0.925,0.5625,3.7914708761068487,0.5,1.7275446286258145,0.6812352052769562,3.722577617911336,1.9295345314182601,0.3210880674143739,38.880377438151356,23.88059384495524,17.51217417737738,0.10633583117883477,13.259595853033193,0.8664089915865945,1.056782457633807,0.7044627929864904,0.8664089915865945,0.0,0.599848675926465,0.8358264558940461,0.5245026275042023,3.7914708761068487,0.5,1.7275446286258145,0.6812352052769562,3.722577617911336,1.9295345314182601,0.3210880674143739,38.880377438151356,23.88059384495524,17.51217417737738,0.10633583117883477,0.925,0.5625,3.3004,27.648111255154724,16.03616689689195,Wh,16.03616689689195,Wh
222,97050230d9b359ab818b2c118f8e9aa3,RollingRegression,"{""regression_model"": {""model"": ""DecisionTree"", ""model_params"": {""max_depth"": 3, ""min_samples_split"": 1.0}}, ""holiday"": false, ""mean_rolling_periods"": 7, ""macd_periods"": 28, ""std_rolling_periods"": 7, ""max_rolling_periods"": null, ""min_rolling_periods"": null, ""ewm_var_alpha"": null, ""quantile90_rolling_periods"": null, ""quantile10_rolling_periods"": null, ""ewm_alpha"": null, ""additional_lag_periods"": 11, ""abs_energy"": true, ""rolling_autocorr_periods"": null, ""nonzero_last_n"": null, ""add_date_part"": null, ""polynomial_degree"": null, ""x_transform"": null, ""regression_type"": null}","{""fillna"": ""zero"", ""transformations"": {""0"": ""Scaler"", ""1"": ""Scaler""}, ""transformation_params"": {""0"": {}, ""1"": {}}}",0,4,13.259595853033193,0.8664089915865945,1.056782457633807,0.7044627929864904,0.8664089915865945,0.0,-29.162036100630356,0.599848675926465,178.77612188015232,0.8358264558940461,0.5245026275042023,0.925,0.5625,3.7914708761068487,0.5,1.7275446286258145,0.6812352052769562,3.722577617911336,1.9295345314182601,0.3210880674143739,38.880377438151356,23.88059384495524,17.51217417737738,0.10633583117883477,13.259595853033193,0.8664089915865945,1.056782457633807,0.7044627929864904,0.8664089915865945,0.0,0.599848675926465,0.8358264558940461,0.5245026275042023,3.7914708761068487,0.5,1.7275446286258145,0.6812352052769562,3.722577617911336,1.9295345314182601,0.3210880674143739,38.880377438151356,23.88059384495524,17.51217417737738,0.10633583117883477,0.925,0.5625,0.545325,27.647472038866095,16.03616689689195,Wh,16.03616689689195,Wh
223,df1740b78f8f27f000dd00cde5b522c4,ARIMA,"{""p"": 1, ""d"": 2, ""q"": 3, ""regression_type"": ""Holiday""}","{""fillna"": ""cubic"", ""transformations"": {""0"": ""Scaler""}, ""transformation_params"": {""0"": {}}}",0,1,10.916782134444027,0.5944099000362467,0.7029591408729516,1.068137118561278,0.5944099000362467,0.0,-11.8949691916233,0.4841081577525668,23.769624810551505,0.5484065212545074,0.7765056277318686,1.0,0.38333333333333336,1.319677060123806,0.8,1.5865464316619888,0.4894305646181009,2.2087325766162493,2.0951044378297183,0.17898841131789547,11.874655618928205,9.050362363436681,22.924371181245995,0.03618209924305421,10.916782134444027,0.5944099000362467,0.7029591408729516,1.068137118561278,0.5944099000362467,0.0,0.4841081577525668,0.5484065212545074,0.7765056277318686,1.319677060123806,0.8,1.5865464316619888,0.4894305646181009,2.2087325766162493,2.0951044378297183,0.17898841131789547,11.874655618928205,9.050362363436681,22.924371181245995,0.03618209924305421,1.0,0.38333333333333336,0.4051,27.100048553515276,8.895861298117342,Wh,8.895861298117342,Wh
224,2430a811d7485c01eb21d18dd9beed39,ARIMA,"{""p"": 0, ""d"": 2, ""q"": 2, ""regression_type"": ""Holiday""}","{""fillna"": ""median"", ""transformations"": {""0"": ""Scaler""}, ""transformation_params"": {""0"": {}}}",0,1,10.807622834502626,0.5884315062284068,0.6989817249359881,1.0642549902933895,0.5884315062284068,0.0,-12.304849383411579,0.48236641559646215,23.001040990292836,0.5402003165248124,0.7678309415636652,1.0,0.55,1.3264423296834966,0.8,1.5854418652519011,0.48195147158189144,2.1593855290373174,2.3173727658174115,0.1323445325899616,10.696191606881262,8.711379953451251,24.303423917853028,0.032591317058998,10.807622834502626,0.5884315062284068,0.6989817249359881,1.0642549902933895,0.5884315062284068,0.0,0.48236641559646215,0.5402003165248124,0.7678309415636652,1.3264423296834966,0.8,1.5854418652519011,0.48195147158189144,2.1593855290373174,2.3173727658174115,0.1323445325899616,10.696191606881262,8.711379953451251,24.303423917853028,0.032591317058998,1.0,0.55,0.3943,26.820900346786875,8.806389433505355,Wh,8.806389433505355,Wh
225,a97f57fd7c516e967374420cc05976a3,DatepartRegression,"{""regression_model"": {""model"": ""Adaboost"", ""model_params"": {""n_estimators"": 50, ""loss"": ""linear"", ""estimator"": null, ""learning_rate"": 0.25, ""max_depth"": 3}}, ""datepart_method"": ""expanded"", ""polynomial_degree"": null, ""holiday_countries_used"": false, ""lags"": 2, ""forward_lags"": null, ""regression_type"": null}","{""fillna"": ""time"", ""transformations"": {""0"": ""Scaler"", ""1"": ""Scaler"", ""2"": ""Scaler"", ""3"": ""Scaler""}, ""transformation_params"": {""0"": {}, ""1"": {}, ""2"": {}, ""3"": {}}}",0,4,12.523929200465565,0.8217443400862414,1.0268428791100677,0.7117526368114582,0.8217443400862414,0.0,-38.692717413216215,0.5907387363030887,158.52592420748172,0.7792163695646783,0.5174692216530962,0.9666666666666667,0.475,4.806540489196777,0.6166666666666667,1.5772072181184127,0.6328651094876624,3.4338130292560525,1.420522204255794,0.245040841795433,29.95830169856638,16.283529265219475,16.05227044089415,0.08166428370615209,12.523929200465565,0.8217443400862414,1.0268428791100677,0.7117526368114582,0.8217443400862414,0.0,0.5907387363030887,0.7792163695646783,0.5174692216530962,4.806540489196777,0.6166666666666667,1.5772072181184127,0.6328651094876624,3.4338130292560525,1.420522204255794,0.245040841795433,29.95830169856638,16.283529265219475,16.05227044089415,0.08166428370615209,0.9666666666666667,0.475,0.187775,26.550777226934464,14.296222698674132,Wh,14.296222698674132,Wh
226,1a568e3757c6c8c5d795b88d42baba94,ARIMA,"{""p"": 1, ""d"": 2, ""q"": 3, ""regression_type"": null}","{""fillna"": ""cubic"", ""transformations"": {""0"": ""Scaler"", ""1"": ""Scaler""}, ""transformation_params"": {""0"": {}, ""1"": {}}}",0,1,10.748570437460584,0.5842137260914628,0.681786994153557,1.0403122822379236,0.5842137260914628,0.0,-11.857062053807997,0.4774382906963147,23.195761511679773,0.5414300058992108,0.7516462602166416,1.0,0.4,1.2665726286598122,0.8,1.5748125893254161,0.4870550772335649,2.20257702500553,1.2402251882987445,0.12817453460457762,11.33869945787178,8.528086270708,24.9545716006917,0.034549039756397684,10.748570437460584,0.5842137260914628,0.681786994153557,1.0403122822379236,0.5842137260914628,0.0,0.4774382906963147,0.5414300058992108,0.7516462602166416,1.2665726286598122,0.8,1.5748125893254161,0.4870550772335649,2.20257702500553,1.2402251882987445,0.12817453460457762,11.33869945787178,8.528086270708,24.9545716006917,0.034549039756397684,1.0,0.4,0.2828,26.421062373994484,8.743266684234323,Wh,8.743266684234323,Wh
227,017ee61616d4071b94e28f4d4c6699da,ARIMA,"{""p"": 1, ""d"": 2, ""q"": 3, ""regression_type"": null}","{""fillna"": ""rolling_mean_24"", ""transformations"": {""0"": ""Scaler""}, ""transformation_params"": {""0"": {}}}",0,1,10.748570437460584,0.5842137260914628,0.681786994153557,1.0403122822379236,0.5842137260914628,0.0,-11.857062053807997,0.4774382906963147,23.195761511679773,0.5414300058992108,0.7516462602166416,1.0,0.4,1.2665726286598122,0.8,1.5748125893254161,0.4870550772335649,2.20257702500553,1.2402251882987445,0.12817453460457762,11.33869945787178,8.528086270708,24.9545716006917,0.034549039756397684,10.748570437460584,0.5842137260914628,0.681786994153557,1.0403122822379236,0.5842137260914628,0.0,0.4774382906963147,0.5414300058992108,0.7516462602166416,1.2665726286598122,0.8,1.5748125893254161,0.4870550772335649,2.20257702500553,1.2402251882987445,0.12817453460457762,11.33869945787178,8.528086270708,24.9545716006917,0.034549039756397684,1.0,0.4,0.2493,26.42105460152162,8.743266684234323,Wh,8.743266684234323,Wh
228,115a6e20c43bee9d4568dde45e331422,ARIMA,"{""p"": 1, ""d"": 2, ""q"": 3, ""regression_type"": null}","{""fillna"": ""rolling_mean"", ""transformations"": {""0"": ""Scaler"", ""1"": ""Scaler""}, ""transformation_params"": {""0"": {}, ""1"": {}}}",0,1,10.748570437460584,0.5842137260914628,0.681786994153557,1.0403122822379236,0.5842137260914628,0.0,-11.857062053807997,0.4774382906963147,23.195761511679773,0.5414300058992108,0.7516462602166416,1.0,0.4,1.2665726286598122,0.8,1.5748125893254161,0.4870550772335649,2.20257702500553,1.2402251882987445,0.12817453460457762,11.33869945787178,8.528086270708,24.9545716006917,0.034549039756397684,10.748570437460584,0.5842137260914628,0.681786994153557,1.0403122822379236,0.5842137260914628,0.0,0.4774382906963147,0.5414300058992108,0.7516462602166416,1.2665726286598122,0.8,1.5748125893254161,0.4870550772335649,2.20257702500553,1.2402251882987445,0.12817453460457762,11.33869945787178,8.528086270708,24.9545716006917,0.034549039756397684,1.0,0.4,0.2491,26.4210545551188,8.743266684234323,Wh,8.743266684234323,Wh
229,a4f1227fdfd2c3812c363169165f8a8e,WindowRegression,"{""window_size"": 20, ""input_dim"": ""univariate"", ""output_dim"": ""forecast_length"", ""normalize_window"": false, ""max_windows"": 5000000, ""fourier_encoding_components"": null, ""scale"": false, ""datepart_method"": null, ""regression_type"": null, ""regression_model"": {""model"": ""ElasticNet"", ""model_params"": {""l1_ratio"": 0.1, ""fit_intercept"": true, ""selection"": ""cyclic"", ""max_iter"": 200}}}","{""fillna"": ""cubic"", ""transformations"": {""0"": ""Scaler"", ""1"": ""Scaler"", ""2"": ""Scaler""}, ""transformation_params"": {""0"": {}, ""1"": {}, ""2"": {}}}",0,3,12.89161506950341,0.8400424668741745,1.0186480346832443,0.9132221497128848,0.8400424668741745,0.0,-14.333050166513466,0.5731899048641972,136.87459387083797,0.8211272952916309,0.47136317066397787,0.7555555555555555,0.48333333333333334,3.0113886889814907,0.5444444444444444,1.7023024143732208,0.6645748989071266,3.1958158536485413,1.73900037912998,0.46215977450946283,40.84718123477483,26.46817301508419,9.071893858937338,0.10849363777778796,12.89161506950341,0.8400424668741745,1.0186480346832443,0.9132221497128848,0.8400424668741745,0.0,0.5731899048641972,0.8211272952916309,0.47136317066397787,3.0113886889814907,0.5444444444444444,1.7023024143732208,0.6645748989071266,3.1958158536485413,1.73900037912998,0.46215977450946283,40.84718123477483,26.46817301508419,9.071893858937338,0.10849363777778796,0.7555555555555555,0.48333333333333334,0.010166666666666666,26.26368718937108,14.961872233003973,Wh,14.961872233003973,Wh
230,b28b294f6db3c7ee5072b8c946e6f718,WindowRegression,"{""window_size"": 20, ""input_dim"": ""univariate"", ""output_dim"": ""forecast_length"", ""normalize_window"": false, ""max_windows"": 5000000, ""fourier_encoding_components"": null, ""scale"": false, ""datepart_method"": null, ""regression_type"": null, ""regression_model"": {""model"": ""ElasticNet"", ""model_params"": {""l1_ratio"": 0.1, ""fit_intercept"": true, ""selection"": ""cyclic"", ""max_iter"": 200}}}","{""fillna"": ""fake_date"", ""transformations"": {""0"": ""Scaler"", ""1"": ""Scaler"", ""2"": ""Scaler"", ""3"": ""Scaler""}, ""transformation_params"": {""0"": {}, ""1"": {}, ""2"": {}, ""3"": {}}}",0,3,12.89161506950341,0.8400424668741745,1.0186480346832443,0.9132221497128848,0.8400424668741745,0.0,-14.333050166513466,0.5731899048641972,136.87459387083797,0.8211272952916309,0.47136317066397787,0.7555555555555555,0.48333333333333334,3.0113886889814907,0.5444444444444444,1.7023024143732208,0.6645748989071266,3.1958158536485413,1.73900037912998,0.46215977450946283,40.84718123477483,26.46817301508419,9.071893858937338,0.10849363777778796,12.89161506950341,0.8400424668741745,1.0186480346832443,0.9132221497128848,0.8400424668741745,0.0,0.5731899048641972,0.8211272952916309,0.47136317066397787,3.0113886889814907,0.5444444444444444,1.7023024143732208,0.6645748989071266,3.1958158536485413,1.73900037912998,0.46215977450946283,40.84718123477483,26.46817301508419,9.071893858937338,0.10849363777778796,0.7555555555555555,0.48333333333333334,0.009800000000000001,26.263687104299233,14.961872233003973,Wh,14.961872233003973,Wh
231,05d114eb52cea76c02f9435e57e442b2,WindowRegression,"{""window_size"": 20, ""input_dim"": ""univariate"", ""output_dim"": ""forecast_length"", ""normalize_window"": false, ""max_windows"": 5000000, ""fourier_encoding_components"": null, ""scale"": false, ""datepart_method"": null, ""regression_type"": null, ""regression_model"": {""model"": ""ElasticNet"", ""model_params"": {""l1_ratio"": 0.1, ""fit_intercept"": true, ""selection"": ""cyclic"", ""max_iter"": 200}}}","{""fillna"": ""cubic"", ""transformations"": {""0"": ""Scaler"", ""1"": ""Scaler""}, ""transformation_params"": {""0"": {}, ""1"": {}}}",0,3,12.89161506950341,0.8400424668741745,1.0186480346832443,0.9132221497128848,0.8400424668741745,0.0,-14.333050166513466,0.5731899048641972,136.87459387083797,0.8211272952916309,0.47136317066397787,0.7555555555555555,0.48333333333333334,3.0113886889814907,0.5444444444444444,1.7023024143732208,0.6645748989071266,3.1958158536485413,1.73900037912998,0.46215977450946283,40.84718123477483,26.46817301508419,9.071893858937338,0.10849363777778796,12.89161506950341,0.8400424668741745,1.0186480346832443,0.9132221497128848,0.8400424668741745,0.0,0.5731899048641972,0.8211272952916309,0.47136317066397787,3.0113886889814907,0.5444444444444444,1.7023024143732208,0.6645748989071266,3.1958158536485413,1.73900037912998,0.46215977450946283,40.84718123477483,26.46817301508419,9.071893858937338,0.10849363777778796,0.7555555555555555,0.48333333333333334,0.009466666666666667,26.263687026961197,14.961872233003973,Wh,14.961872233003973,Wh
232,6ed92f5cbefb671920ca7fb69abeab1a,WindowRegression,"{""window_size"": 20, ""input_dim"": ""univariate"", ""output_dim"": ""forecast_length"", ""normalize_window"": false, ""max_windows"": 5000000, ""fourier_encoding_components"": null, ""scale"": false, ""datepart_method"": null, ""regression_type"": null, ""regression_model"": {""model"": ""ElasticNet"", ""model_params"": {""l1_ratio"": 0.1, ""fit_intercept"": true, ""selection"": ""cyclic"", ""max_iter"": 200}}}","{""fillna"": ""fake_date"", ""transformations"": {""0"": ""Scaler"", ""1"": ""Scaler"", ""2"": ""Scaler""}, ""transformation_params"": {""0"": {}, ""1"": {}, ""2"": {}}}",0,3,12.89161506950341,0.8400424668741745,1.0186480346832443,0.9132221497128848,0.8400424668741745,0.0,-14.333050166513466,0.5731899048641972,136.87459387083797,0.8211272952916309,0.47136317066397787,0.7555555555555555,0.48333333333333334,3.0113886889814907,0.5444444444444444,1.7023024143732208,0.6645748989071266,3.1958158536485413,1.73900037912998,0.46215977450946283,40.84718123477483,26.46817301508419,9.071893858937338,0.10849363777778796,12.89161506950341,0.8400424668741745,1.0186480346832443,0.9132221497128848,0.8400424668741745,0.0,0.5731899048641972,0.8211272952916309,0.47136317066397787,3.0113886889814907,0.5444444444444444,1.7023024143732208,0.6645748989071266,3.1958158536485413,1.73900037912998,0.46215977450946283,40.84718123477483,26.46817301508419,9.071893858937338,0.10849363777778796,0.7555555555555555,0.48333333333333334,0.009300000000000001,26.263686988292175,14.961872233003973,Wh,14.961872233003973,Wh
233,f0aeeaff497978a010c6010e8cca9e7f,RollingRegression,"{""regression_model"": {""model"": ""Adaboost"", ""model_params"": {""n_estimators"": 500, ""loss"": ""linear"", ""estimator"": null, ""learning_rate"": 1, ""max_depth"": 2}}, ""holiday"": false, ""mean_rolling_periods"": 7, ""macd_periods"": null, ""std_rolling_periods"": null, ""max_rolling_periods"": null, ""min_rolling_periods"": null, ""ewm_var_alpha"": null, ""quantile90_rolling_periods"": null, ""quantile10_rolling_periods"": null, ""ewm_alpha"": 0.5, ""additional_lag_periods"": 11, ""abs_energy"": false, ""rolling_autocorr_periods"": null, ""nonzero_last_n"": null, ""add_date_part"": ""expanded"", ""polynomial_degree"": null, ""x_transform"": null, ""regression_type"": null}","{""fillna"": ""ffill_mean_biased"", ""transformations"": {""0"": ""Scaler"", ""1"": ""Scaler""}, ""transformation_params"": {""0"": {}, ""1"": {}}}",0,4,12.19095242105628,0.7983238153702492,0.9645974870997809,0.7341860836987477,0.7983238153702492,0.0,-45.74066278070479,0.5948648271178771,145.85705290815503,0.7451527183162664,0.5144820818860285,0.9708333333333333,0.5208333333333334,3.3489485184351606,0.6,1.5547106155048038,0.6309499071076496,3.234002535522537,1.4306973206827343,0.3134759721633231,25.3704500095809,14.925788403373483,13.150666651230393,0.06951577851846433,12.19095242105628,0.7983238153702492,0.9645974870997809,0.7341860836987477,0.7983238153702492,0.0,0.5948648271178771,0.7451527183162664,0.5144820818860285,3.3489485184351606,0.6,1.5547106155048038,0.6309499071076496,3.234002535522537,1.4306973206827343,0.3134759721633231,25.3704500095809,14.925788403373483,13.150666651230393,0.06951577851846433,0.9708333333333333,0.5208333333333334,0.8072,25.87238970263146,14.802931412009828,Wh,14.802931412009828,Wh
234,420e121f2bb82cf04913eb1a6ea88bc4,RollingRegression,"{""regression_model"": {""model"": ""Adaboost"", ""model_params"": {""n_estimators"": 500, ""loss"": ""linear"", ""estimator"": null, ""learning_rate"": 1, ""max_depth"": 2}}, ""holiday"": false, ""mean_rolling_periods"": 12, ""macd_periods"": null, ""std_rolling_periods"": null, ""max_rolling_periods"": null, ""min_rolling_periods"": null, ""ewm_var_alpha"": null, ""quantile90_rolling_periods"": null, ""quantile10_rolling_periods"": null, ""ewm_alpha"": null, ""additional_lag_periods"": 11, ""abs_energy"": false, ""rolling_autocorr_periods"": null, ""nonzero_last_n"": null, ""add_date_part"": null, ""polynomial_degree"": null, ""x_transform"": null, ""regression_type"": null}","{""fillna"": ""rolling_mean"", ""transformations"": {""0"": ""Scaler"", ""1"": ""Scaler""}, ""transformation_params"": {""0"": {}, ""1"": {}}}",0,4,10.454887807128182,0.6969814660767043,0.8686031833244848,0.7448836620827591,0.6969814660767043,0.0,-41.384949129259326,0.5162577806076829,125.89060272914973,0.6584771352226233,0.5059035098640539,0.9875,0.5458333333333334,3.5230286802564352,0.7708333333333334,1.4125610616338329,0.5361589946421588,2.9370879899619022,0.9366706381450295,0.4303961522891041,21.126413399972602,8.33518009289139,16.74458652250176,0.05039577760994497,10.454887807128182,0.6969814660767043,0.8686031833244848,0.7448836620827591,0.6969814660767043,0.0,0.5162577806076829,0.6584771352226233,0.5059035098640539,3.5230286802564352,0.7708333333333334,1.4125610616338329,0.5361589946421588,2.9370879899619022,0.9366706381450295,0.4303961522891041,21.126413399972602,8.33518009289139,16.74458652250176,0.05039577760994497,0.9875,0.5458333333333334,0.46985,23.44698392122896,14.568495507317575,Wh,14.568495507317575,Wh
235,31950577405d278b844d15e9c951850b,RollingRegression,"{""regression_model"": {""model"": ""Adaboost"", ""model_params"": {""n_estimators"": 500, ""loss"": ""linear"", ""estimator"": null, ""learning_rate"": 1, ""max_depth"": 2}}, ""holiday"": false, ""mean_rolling_periods"": 12, ""macd_periods"": null, ""std_rolling_periods"": null, ""max_rolling_periods"": null, ""min_rolling_periods"": null, ""ewm_var_alpha"": null, ""quantile90_rolling_periods"": null, ""quantile10_rolling_periods"": null, ""ewm_alpha"": null, ""additional_lag_periods"": 11, ""abs_energy"": false, ""rolling_autocorr_periods"": null, ""nonzero_last_n"": null, ""add_date_part"": null, ""polynomial_degree"": null, ""x_transform"": null, ""regression_type"": null}","{""fillna"": ""ffill"", ""transformations"": {""0"": ""Scaler"", ""1"": ""Scaler"", ""2"": ""Scaler""}, ""transformation_params"": {""0"": {}, ""1"": {}, ""2"": {}}}",0,4,10.454887807128182,0.6969814660767043,0.8686031833244848,0.7448836620827591,0.6969814660767043,0.0,-41.384949129259326,0.5162577806076829,125.89060272914973,0.6584771352226233,0.5059035098640539,0.9875,0.5458333333333334,3.5230286802564352,0.7708333333333334,1.4125610616338329,0.5361589946421588,2.9370879899619022,0.9366706381450295,0.4303961522891041,21.126413399972602,8.33518009289139,16.74458652250176,0.05039577760994497,10.454887807128182,0.6969814660767043,0.8686031833244848,0.7448836620827591,0.6969814660767043,0.0,0.5162577806076829,0.6584771352226233,0.5059035098640539,3.5230286802564352,0.7708333333333334,1.4125610616338329,0.5361589946421588,2.9370879899619022,0.9366706381450295,0.4303961522891041,21.126413399972602,8.33518009289139,16.74458652250176,0.05039577760994497,0.9875,0.5458333333333334,0.43865,23.446976682388563,14.568495507317575,Wh,14.568495507317575,Wh
236,fda6f2211baea2cc674372d11442d16e,DatepartRegression,"{""regression_model"": {""model"": ""RandomForest"", ""model_params"": {""n_estimators"": 100, ""min_samples_leaf"": 2, ""bootstrap"": true}}, ""datepart_method"": ""expanded"", ""polynomial_degree"": null, ""holiday_countries_used"": false, ""lags"": null, ""forward_lags"": null, ""regression_type"": null}","{""fillna"": ""ffill"", ""transformations"": {}, ""transformation_params"": {}}",0,4,10.080167792599998,0.6463155100216024,0.8404339781054007,0.7125933961254509,0.6463155100216024,0.0,-43.03997677500048,0.49408855648283134,112.07574563018409,0.6022907886300558,0.5070059473107943,0.9833333333333333,0.45,4.010746652262551,0.6708333333333334,1.462964594748115,0.4784134181971642,2.673920124950239,1.1338649450439182,0.2143448800466229,17.2589422137959,9.002178273965233,14.717605540954406,0.04769012876135866,10.080167792599998,0.6463155100216024,0.8404339781054007,0.7125933961254509,0.6463155100216024,0.0,0.49408855648283134,0.6022907886300558,0.5070059473107943,4.010746652262551,0.6708333333333334,1.462964594748115,0.4784134181971642,2.673920124950239,1.1338649450439182,0.2143448800466229,17.2589422137959,9.002178273965233,14.717605540954406,0.04769012876135866,0.9833333333333333,0.45,0.424275,22.814841006204826,11.60716485580274,Wh,11.60716485580274,Wh
237,58fcf097f56e37bb345256cb875e3ccf,DatepartRegression,"{""regression_model"": {""model"": ""RandomForest"", ""model_params"": {""n_estimators"": 100, ""min_samples_leaf"": 2, ""bootstrap"": true}}, ""datepart_method"": ""expanded"", ""polynomial_degree"": null, ""holiday_countries_used"": false, ""lags"": null, ""forward_lags"": null, ""regression_type"": null}","{""fillna"": ""rolling_mean_24"", ""transformations"": {""0"": ""Scaler""}, ""transformation_params"": {""0"": {}}}",0,4,10.080167792599998,0.6463155100216025,0.8404339781054008,0.7125933961254509,0.6463155100216025,0.0,-43.03997677500046,0.49408855648283134,112.07574563018412,0.6022907886300559,0.5070059473107943,0.9833333333333333,0.45,4.010746652262551,0.6708333333333334,1.462964594748115,0.4784134181971642,2.673920124950239,1.133864945043918,0.2143448800466229,17.258942213795912,9.00217827396523,14.717605540954398,0.04769012876135868,10.080167792599998,0.6463155100216025,0.8404339781054008,0.7125933961254509,0.6463155100216025,0.0,0.49408855648283134,0.6022907886300559,0.5070059473107943,4.010746652262551,0.6708333333333334,1.462964594748115,0.4784134181971642,2.673920124950239,1.133864945043918,0.2143448800466229,17.258942213795912,9.00217827396523,14.717605540954398,0.04769012876135868,0.9833333333333333,0.45,0.3196,22.814816720127315,11.60716485580274,Wh,11.60716485580274,Wh
238,641b66d3baabdf12c7bffd5735c323d0,DatepartRegression,"{""regression_model"": {""model"": ""RandomForest"", ""model_params"": {""n_estimators"": 100, ""min_samples_leaf"": 2, ""bootstrap"": true}}, ""datepart_method"": ""expanded"", ""polynomial_degree"": null, ""holiday_countries_used"": false, ""lags"": null, ""forward_lags"": null, ""regression_type"": null}","{""fillna"": ""ffill"", ""transformations"": {""0"": null}, ""transformation_params"": {""0"": {}}}",0,4,10.080167792599998,0.6463155100216024,0.8404339781054007,0.7125933961254509,0.6463155100216024,0.0,-43.03997677500048,0.49408855648283134,112.07574563018409,0.6022907886300558,0.5070059473107943,0.9833333333333333,0.45,4.010746652262552,0.6708333333333334,1.462964594748115,0.4784134181971642,2.6739201249502393,1.133864945043918,0.2143448800466229,17.2589422137959,9.002178273965237,14.7176055409544,0.047690128761358655,10.080167792599998,0.6463155100216024,0.8404339781054007,0.7125933961254509,0.6463155100216024,0.0,0.49408855648283134,0.6022907886300558,0.5070059473107943,4.010746652262552,0.6708333333333334,1.462964594748115,0.4784134181971642,2.6739201249502393,1.133864945043918,0.2143448800466229,17.2589422137959,9.002178273965237,14.7176055409544,0.047690128761358655,0.9833333333333333,0.45,0.229575,22.814795833056582,11.607164855802742,Wh,11.607164855802742,Wh
239,f06fbd1aee6bada03029191d1817a5d4,DatepartRegression,"{""regression_model"": {""model"": ""RandomForest"", ""model_params"": {""n_estimators"": 100, ""min_samples_leaf"": 2, ""bootstrap"": true}}, ""datepart_method"": ""expanded"", ""polynomial_degree"": null, ""holiday_countries_used"": false, ""lags"": null, ""forward_lags"": null, ""regression_type"": null}","{""fillna"": ""ffill"", ""transformations"": {""0"": ""Scaler""}, ""transformation_params"": {""0"": {}}}",0,4,10.080167792600001,0.6463155100216025,0.8404339781054009,0.7125933961254507,0.6463155100216025,0.0,-43.03997677500044,0.49408855648283145,112.07574563018416,0.602290788630056,0.5070059473107943,0.9833333333333333,0.45,4.010746652262551,0.6708333333333334,1.462964594748115,0.4784134181971643,2.67392012495024,1.1338649450439187,0.2143448800466229,17.258942213795926,9.002178273965256,14.717605540954407,0.047690128761358724,10.080167792600001,0.6463155100216025,0.8404339781054009,0.7125933961254507,0.6463155100216025,0.0,0.49408855648283145,0.602290788630056,0.5070059473107943,4.010746652262551,0.6708333333333334,1.462964594748115,0.4784134181971643,2.67392012495024,1.1338649450439187,0.2143448800466229,17.258942213795926,9.002178273965256,14.717605540954407,0.047690128761358724,0.9833333333333333,0.45,0.221275,22.814793907339432,11.607164855802742,Wh,11.607164855802742,Wh
240,bc6453f8b253fa68b52b02641d0a2fcd,DatepartRegression,"{""regression_model"": {""model"": ""RandomForest"", ""model_params"": {""n_estimators"": 100, ""min_samples_leaf"": 2, ""bootstrap"": true}}, ""datepart_method"": ""expanded"", ""polynomial_degree"": null, ""holiday_countries_used"": false, ""lags"": null, ""forward_lags"": null, ""regression_type"": null}","{""fillna"": ""quadratic"", ""transformations"": {""0"": ""Scaler"", ""1"": ""Scaler"", ""2"": ""Scaler""}, ""transformation_params"": {""0"": {}, ""1"": {}, ""2"": {}}}",0,4,10.080167792599998,0.6463155100216024,0.8404339781054007,0.7125933961254509,0.6463155100216024,0.0,-43.03997677500048,0.49408855648283134,112.07574563018409,0.6022907886300558,0.5070059473107943,0.9833333333333333,0.45,4.010746652262551,0.6708333333333334,1.4629645947481147,0.4784134181971642,2.673920124950239,1.1338649450439178,0.2143448800466229,17.258942213795898,9.002178273965232,14.717605540954402,0.047690128761358655,10.080167792599998,0.6463155100216024,0.8404339781054007,0.7125933961254509,0.6463155100216024,0.0,0.49408855648283134,0.6022907886300558,0.5070059473107943,4.010746652262551,0.6708333333333334,1.4629645947481147,0.4784134181971642,2.673920124950239,1.1338649450439178,0.2143448800466229,17.258942213795898,9.002178273965232,14.717605540954402,0.047690128761358655,0.9833333333333333,0.45,0.216875,22.81479288647732,11.607164855802742,Wh,11.607164855802742,Wh
241,e1d235c3dd62aa7f4775d4734bf670b1,DatepartRegression,"{""regression_model"": {""model"": ""RandomForest"", ""model_params"": {""n_estimators"": 100, ""min_samples_leaf"": 2, ""bootstrap"": true}}, ""datepart_method"": ""expanded"", ""polynomial_degree"": null, ""holiday_countries_used"": false, ""lags"": null, ""forward_lags"": null, ""regression_type"": null}","{""fillna"": ""cubic"", ""transformations"": {""0"": ""Scaler"", ""1"": ""Scaler""}, ""transformation_params"": {""0"": {}, ""1"": {}}}",0,4,10.080167792599996,0.6463155100216024,0.8404339781054007,0.7125933961254507,0.6463155100216024,0.0,-43.03997677500047,0.49408855648283134,112.07574563018409,0.6022907886300558,0.5070059473107943,0.9833333333333333,0.45,4.010746652262552,0.6708333333333334,1.462964594748115,0.47841341819716415,2.6739201249502385,1.1338649450439184,0.2143448800466229,17.2589422137959,9.002178273965233,14.717605540954398,0.047690128761358655,10.080167792599996,0.6463155100216024,0.8404339781054007,0.7125933961254507,0.6463155100216024,0.0,0.49408855648283134,0.6022907886300558,0.5070059473107943,4.010746652262552,0.6708333333333334,1.462964594748115,0.47841341819716415,2.6739201249502385,1.1338649450439184,0.2143448800466229,17.2589422137959,9.002178273965233,14.717605540954398,0.047690128761358655,0.9833333333333333,0.45,0.216275,22.81479274726885,11.607164855802738,Wh,11.607164855802738,Wh
242,8749368320c831d7f203af1276ffa7a5,DatepartRegression,"{""regression_model"": {""model"": ""RandomForest"", ""model_params"": {""n_estimators"": 100, ""min_samples_leaf"": 2, ""bootstrap"": true}}, ""datepart_method"": ""expanded"", ""polynomial_degree"": null, ""holiday_countries_used"": false, ""lags"": null, ""forward_lags"": null, ""regression_type"": null}","{""fillna"": ""ffill"", ""transformations"": {""0"": ""Scaler"", ""1"": ""Scaler""}, ""transformation_params"": {""0"": {}, ""1"": {}}}",0,4,10.080167792600003,0.6463155100216026,0.840433978105401,0.7125933961254509,0.6463155100216026,0.0,-43.03997677500047,0.49408855648283156,112.07574563018416,0.6022907886300561,0.5070059473107943,0.9833333333333333,0.45,4.01074665226255,0.6708333333333334,1.4629645947481151,0.47841341819716454,2.6739201249502402,1.1338649450439184,0.2143448800466229,17.258942213795926,9.002178273965264,14.717605540954402,0.047690128761358724,10.080167792600003,0.6463155100216026,0.840433978105401,0.7125933961254509,0.6463155100216026,0.0,0.49408855648283156,0.6022907886300561,0.5070059473107943,4.01074665226255,0.6708333333333334,1.4629645947481151,0.47841341819716454,2.6739201249502402,1.1338649450439184,0.2143448800466229,17.258942213795926,9.002178273965264,14.717605540954402,0.047690128761358724,0.9833333333333333,0.45,0.215625,22.814792596459682,11.607164855802743,Wh,11.607164855802743,Wh
243,e902a608024e07bb793dc77b70bf8c89,DatepartRegression,"{""regression_model"": {""model"": ""RandomForest"", ""model_params"": {""n_estimators"": 100, ""min_samples_leaf"": 2, ""bootstrap"": true}}, ""datepart_method"": ""expanded"", ""polynomial_degree"": null, ""holiday_countries_used"": false, ""lags"": null, ""forward_lags"": null, ""regression_type"": null}","{""fillna"": ""rolling_mean"", ""transformations"": {""0"": ""Scaler"", ""1"": ""Scaler""}, ""transformation_params"": {""0"": {}, ""1"": {}}}",0,4,10.080167792600001,0.6463155100216026,0.840433978105401,0.7125933961254507,0.6463155100216026,0.0,-43.03997677500045,0.49408855648283156,112.07574563018417,0.6022907886300561,0.5070059473107943,0.9833333333333333,0.45,4.010746652262552,0.6708333333333334,1.4629645947481151,0.47841341819716443,2.6739201249502402,1.1338649450439187,0.2143448800466229,17.25894221379593,9.002178273965255,14.717605540954407,0.04769012876135874,10.080167792600001,0.6463155100216026,0.840433978105401,0.7125933961254507,0.6463155100216026,0.0,0.49408855648283156,0.6022907886300561,0.5070059473107943,4.010746652262552,0.6708333333333334,1.4629645947481151,0.47841341819716443,2.6739201249502402,1.1338649450439187,0.2143448800466229,17.25894221379593,9.002178273965255,14.717605540954407,0.04769012876135874,0.9833333333333333,0.45,0.2082,22.814790873754877,11.607164855802742,Wh,11.607164855802742,Wh
244,1c2e660ca8b944ff7135576c4faf32c6,WindowRegression,"{""window_size"": 10, ""input_dim"": ""univariate"", ""output_dim"": ""1step"", ""normalize_window"": false, ""max_windows"": 5000000, ""fourier_encoding_components"": null, ""scale"": true, ""datepart_method"": null, ""regression_type"": null, ""regression_model"": {""model"": ""HistGradientBoost"", ""model_params"": {""loss"": ""squared_error"", ""learning_rate"": 0.01, ""max_depth"": 20, ""min_samples_leaf"": 20, ""max_iter"": 250, ""l2_regularization"": 0}}}","{""fillna"": ""cubic"", ""transformations"": {""0"": ""Scaler"", ""1"": ""Scaler""}, ""transformation_params"": {""0"": {}, ""1"": {}}}",0,4,10.405412966931694,0.6694129439789424,0.8642429471916474,0.6690098604146564,0.6694129439789424,0.0,-34.09624677733319,0.4965805124706424,126.56285977761297,0.6364165447851722,0.38248170286178984,0.8458333333333333,0.4875,3.879734791242159,0.65,1.4730933854889061,0.4986000584120707,2.868522980470334,1.012927358735281,0.03321780825705452,23.116653250069948,12.636460992071997,18.16819922027003,0.06316266992671736,10.405412966931694,0.6694129439789424,0.8642429471916474,0.6690098604146564,0.6694129439789424,0.0,0.4965805124706424,0.6364165447851722,0.38248170286178984,3.879734791242159,0.65,1.4730933854889061,0.4986000584120707,2.868522980470334,1.012927358735281,0.03321780825705452,23.116653250069948,12.636460992071997,18.16819922027003,0.06316266992671736,0.8458333333333333,0.4875,0.737075,21.267296993951675,11.750957650665105,Wh,11.750957650665105,Wh
245,af4a6f154dee2915867bba6d4d776080,WindowRegression,"{""window_size"": 10, ""input_dim"": ""univariate"", ""output_dim"": ""1step"", ""normalize_window"": false, ""max_windows"": 5000000, ""fourier_encoding_components"": null, ""scale"": true, ""datepart_method"": null, ""regression_type"": null, ""regression_model"": {""model"": ""HistGradientBoost"", ""model_params"": {""loss"": ""squared_error"", ""learning_rate"": 0.01, ""max_depth"": 20, ""min_samples_leaf"": 20, ""max_iter"": 250, ""l2_regularization"": 0}}}","{""fillna"": ""ffill_mean_biased"", ""transformations"": {""0"": ""Scaler"", ""1"": ""Scaler"", ""2"": ""Scaler"", ""3"": ""Scaler""}, ""transformation_params"": {""0"": {}, ""1"": {}, ""2"": {}, ""3"": {}}}",0,4,10.405412966931694,0.6694129439789424,0.8642429471916474,0.6690098604146564,0.6694129439789424,0.0,-34.09624677733319,0.4965805124706424,126.56285977761297,0.6364165447851722,0.38248170286178984,0.8458333333333333,0.4875,3.879734791242159,0.65,1.4730933854889061,0.4986000584120707,2.868522980470334,1.012927358735281,0.03321780825705452,23.116653250069948,12.636460992071997,18.16819922027003,0.06316266992671736,10.405412966931694,0.6694129439789424,0.8642429471916474,0.6690098604146564,0.6694129439789424,0.0,0.4965805124706424,0.6364165447851722,0.38248170286178984,3.879734791242159,0.65,1.4730933854889061,0.4986000584120707,2.868522980470334,1.012927358735281,0.03321780825705452,23.116653250069948,12.636460992071997,18.16819922027003,0.06316266992671736,0.8458333333333333,0.4875,0.69235,21.26728661712037,11.750957650665105,Wh,11.750957650665105,Wh
